user_id,cluster_id
A36XQ1OK9UUSB0,0
A22K8OBJPM3FL5,0
A3U648J0AHF50K,0
A198JGOF1W0D69,0
A2AO270D2JMUK9,0
AIVJDP9TGEGZN,0
A1CCBLW6NH70ID,0
A1VRWURI5XLNU5,0
A2U6X0GHPCODVV,0
AOZB4GES5J7FK,0
ADHS2PU94QURO,0
A3URVWPFJOHT72,0
A1EUNXD1YH4P25,0
A2BDT8C8FGPNF4,0
A2LCJASTNJO98K,0
A1I3GL5GLBEQ7X,0
A1WE2JDDCUG2L0,0
A2PZJYHC2342W,0
A18PDUB7HSEP10,0
ABZLC33PJO47S,0
AVPDFPMZK4Q65,0
A30I0LXKTAP4F,0
AA4O1ZUMQ6IGG,0
A3HS9IAJG1X3WK,0
ASKH6TPNTTAFS,0
AD8DLOGHAXL,0
A1OEV2NKRD59M4,0
A2P0SF8FSBIOKM,0
A3II7EVHKX41Z9,0
A2TCXL888UE26K,0
ANTGMXTKB7SQS,0
A2YHXGPCTENZY3,0
ACMRDAKUXXN5D,0
APP45XD85ARYL,0
A18N2RPPBF5MF9,0
A5ITGZTKFCN65,0
A2HPF56C5C13I1,0
A39FKRQK3E8VZQ,0
ABQ255D6JXBNV,0
A46YT26BA97R0,0
A234GO3KZYKKTE,0
AECYGE0VCQ8HB,0
A49UG6ANGV6M1,0
AGZ8HQO485IL8,0
A1Y5UABA87I2JI,0
AYE6O5A7WOXR0,0
A321UWX6A3K66B,0
A2T70SN2VZHOR4,0
ABMZGK7Z5I9N0,0
AHNHLGKIZ2N3B,0
A2X9SQSKV4WKT0,0
A3OXHLG6DIBRW8,0
A2UREP3Z9EU6V5,0
A20Y4QKFFH7A2X,0
A2V1E7EAKW3CWB,0
AHVLDNLA5IRQ1,0
A1UZ2MQ5FBH7GA,0
A3TLPFNP3V2BWK,0
A2V0I904FH7ABY,0
A2LX285KLNY8M3,0
A2B3QTNPR6EFDO,0
A3J7BP60ZB6HW3,0
A1TUUSQODOPXOE,0
A25SPTJVZ8DT1Z,0
A3EVTPOJDS5OQ9,0
A1A23QM5WA9F0H,0
A3AD2Z84TP6P2S,0
A3QDY9I0CNMD2W,0
A2HGQNXVQ8DPA8,0
A1CBFIXDW95M5X,0
ATYQBGM6Q5UMD,0
A2T463WX091RTX,0
ALMK0YBTI72RL,0
A1IAFOBW8ZR469,0
A4UMQLZ0O489D,0
AIMV33HXTEZOI,0
A25D7KKZFL2PH0,0
A2OZDMW87K5XSO,0
ABKHKGA3OVZ05,0
A3OZR4QXMILU6E,0
A7LVTP7N6Q9Q1,0
A3KYYFT538CZ0O,0
A2211XQCAX9TD4,0
A352L9PCDDK7NE,0
ANWZYGU6HFYM9,0
A3N176NMT960UW,0
A7ED6BJO320TG,0
A2MG95DI29NJTJ,0
A2RBMWT2ZB95JY,0
AOVROBZ8BNTP7,0
A16EQGG2OZD7AE,0
AC1SOWF86U4IJ,0
A390KWCJRLHPOD,0
A38IFC31823UST,0
A2I76U2KSA7QWL,0
A3I28B9NJBGB5O,0
A34VCCL1YO6D0I,0
A1RVSPTDB45J2M,0
A7NZKPZBCYBV9,0
A20DHSLIR6QPO0,0
AINUV6DVXMKEM,0
AEJAGHLC675A7,0
A3KKMR2NISUND4,0
A2VN72NFU33MO8,0
APFBMDI5TJ8MQ,0
A2LYF3DJN9X5JN,0
A3QBHMMDRSC5VY,0
A3EJDV2RTFROU4,0
A17MR3U4MPW65C,0
A3ASKO4R2SZE3D,0
A1ZG9WMHNMGY62,0
A1TFOXCKW4JHIB,0
ASOD8X0ZOI3SU,0
ATW2I5S6S2PFA,0
A189TQGLN9IERW,0
A3EZEP0FX5BC1P,0
A1SA2FGQE2INBK,0
A1FA8AAON1UIV9,0
A2SKHEHJ4TM1LE,0
A3F29V1XQ72M3M,0
A2IPDJISO5T6AX,0
A1DIK3X5W8SX51,0
A601TLJMZ9CZN,0
A1LDJW4JY58DGO,0
A2WV8Y608V90IJ,0
A6ILK3FXYH595,0
ABUPXRSDJLOCP,0
AVGNO39FVLP3F,0
A28GOYAWYITYYJ,0
A3OHJS5Q9C4IYS,0
AZ1RAP7SF84I3,0
A3U4LQGN5AE9DO,0
A27T9BZ9WP57BY,0
A21AOHWYUQ3QEY,0
A3JRQ6I2XZ710D,0
A3PUCC1JC9NZTF,0
A3CJGCQI6RKRNJ,0
A3MWYUFGO2EQE6,0
ARNWCLQZFQECA,0
ANPBKESJ39FU8,0
A1435P5AMCPB3X,0
APBICPEUMXUVO,0
AJ6SPK7Y38RKW,0
AFFQ5K0IT2H0L,0
A1VJ0V58N0698J,0
A38O4PIHV41EWX,0
A3AAL5TGOW29X3,0
A1BJUDYO6TJ6S9,0
A5PC0I3U0OP6O,0
A96K1ZGW56S2I,0
A1L4BY5GG3U3LX,0
A33N08AT51YRK0,0
A1HCMIM33ZPNWR,0
A1M1B4JA1SX1U9,0
A1ZYDU26TKRNAW,0
A1JETHCL85UIBW,0
A3UJQN65YXBL50,0
A2FG90RW53W8WS,0
A20CQ20J30DJZT,0
A1QCZTQ1QBG892,0
A1OH6EB0V4L138,0
ARXU3FESTWMJJ,0
AXYGT3CBHC1WA,0
AL72LHELK6SZT,0
A12SQEAX4EOM13,0
A231WM2Z2JL0U3,0
A2P2FU0YG5IEYI,0
AELOCQI4CMQYQ,0
AKNI5ROMW5FWD,0
A38R4BGASLLTE1,0
A3FTWBJH7BFDJQ,0
A1M5LJSCJ19S6F,0
A28IAZZI0SNRMW,0
A3VP5SXUTKJFRW,0
AVXOTIX8WM0T7,0
A3RNAIFV56WG5E,0
A1Y249FQCV6MNN,0
A3H9OYPMFA0EJJ,0
AKEF85M7R9RGK,0
A34SHL7JJVHLNJ,0
A1KJEDEL6B3E8G,0
A19HP1ACNFQDT,0
AG0FO4LWC3ALI,0
A1GEV4XRR3YJ0F,0
AQ9GVQAH3ZU0,0
A3A36VG147MKYA,0
A2TYHWXZPE415M,0
A1CIU572HUUE5A,0
AVOFGZ70P39BH,0
AMMJH39YLUV8B,0
ABP3SLO2TYSD5,0
A11HV501OX9MNV,0
A1OPERQ94O8SNS,0
A1L65N1MS8WRGZ,0
AQM9CPBRYW3PL,0
A2J11LO19PHVDC,0
A2I85TDI7XF3C3,0
A32PP5VY9GEJ43,0
A3RYW3OSMMU6SF,0
A155E6PQ1EO3NO,0
A2ZL75KJU11RLO,0
A1FIGM5NXX9J3Q,0
A2BLITJITO97N5,0
ABDZCVPQVRPX5,0
A2Q8J8IL6V9M5T,0
A3S0Z7UOTUIP9R,0
AOI57C0MJUT6J,0
A1VMCMYWVQ6YBG,0
A2QAOP52OEB5EV,0
AE0BMVEVVU6DQ,0
A2GDMNWEJ3F8SO,0
A1AUYEJD621EHQ,0
A2E3CXT3CJDCUC,0
A38HCBJDXTSWKK,0
AHABEDNSQKM6H,0
A2DE1BPU8QCNSD,0
A60GRZWE1VPHV,0
A1WMHFPD9YLVFV,0
A1RMT8M3X6SYFN,0
AJX0Q5B0QEP57,0
A2WYV6E1ZFMLL5,0
A2BXDDRQGI34PW,0
A2WQNHK82VTJWT,0
A2Q90UILXT8BNI,0
A2P533MRZ7JB2Y,0
ASFUUFA3EKP6T,0
A2T04VAIXSKJH2,0
A1F8ABPW3WRF6T,0
A3EXWV8FNSSFL6,0
AQRN2I355LZ3F,0
AHXGALGGZ9ND4,0
A12RHMNTCAV5Z7,0
A1UP5CIELABXA7,0
A28LI4KXSRSVLY,0
A35HJZ1AACVMKK,0
A1QKJJM2T4E21H,0
A3ODFEO61GKCAH,0
A1KT19TDP9VE63,0
A11Y89064TEGQ8,0
A1O7E72EQTCHHB,0
A11D3W4CFYZNHM,0
A2E4JRA6MHBR4F,0
A1QTIQP307ERN3,0
A2HW2SL0WG09OR,0
AF0QD2FT1ZFVH,0
A243PC8288DLU0,0
AYLC085ZL5X5O,0
A3NU7HS5TUSU74,0
AMLMUYLI6FAQ0,0
A1YDFJVQ8GUHTP,0
AV27WAAYOTH0U,0
A3RK99YGKXWTDT,0
AIUXWEHCJRALM,0
A2KHUQBX39VZC3,0
A2HG4AFBEP9084,0
A39KOJG83K8F1U,0
A3QC533RQ1X3ZV,0
A255MXZ2359C3Y,0
A3BSE70YMG6FM0,0
A5RIO7FOCJVAL,0
A24P7YUPH9L5XU,0
AWMFKTA75KJQB,0
A2SKR9O60ZE62D,0
A24ECQCIUKA2Y3,0
A29SZ81DMZAYC5,0
A2KWADO4SA275J,0
A2FE2YG8W9G8UW,0
A3HKNAA3578FSZ,0
A1GDAIVRFY8832,0
AX8SWWB9837TA,0
AJYDC7UP4K4KE,0
A2M8GFU93TXKCN,0
A2R9J5LULVKF6T,0
AUCF61BNJ5ZX7,0
A38LHIAC52T0UH,0
A1CHRL0JWA2OO8,0
AQE2B2QSZG0HY,0
A30H2335OM7RD6,0
AIR5HDNUI9WCU,0
A2Y4QQTCIP2E0E,0
A3JLI2G1CCUKIM,0
A338WMJ8QUF79,0
A3J5VAB9PZN1T3,0
A29Q4R53TBNAYR,0
A1A14CF173OQJ4,0
AMKNPIDFLRFMP,0
A3KA40XY9YRJR2,0
A1PA728IKLN8SI,0
A3OFJES10PZGEH,0
A2TJT33BAEDZVW,0
AOM6Y2A4J0WOG,0
A1TEQLH0UOWNOK,0
A3FJXFLTQZU978,0
ADMO37GU8F7DB,0
A3IS6HB3B4M2YF,0
A39VTD9COHHY34,0
AM004PHO6F3FZ,0
A3AVNLTWWNIEO9,0
A2AP059CCLBWPU,0
A1GJ913L9IZR7G,0
A2MAXHANV8EETT,0
A2JSFCLWWRXIJ4,0
A22JNORZI4KPAP,0
A9E7XZEMW0K9V,0
A2YHABRZJVRSYF,0
A1VDWRJEBBIGWH,0
A3GMRYV7VAYK5Q,0
A2YC0ADOK1SNMK,0
AOAVP3C5WIVNH,0
AU4H7OG5UFDWO,0
A3PIVKCLKIAHHT,0
A1F234IKW8X91O,0
A3IBOQ8R44YG9L,0
AK9MBNYNX20W5,0
A3LBZLI0FOL2YP,0
A3SRZ0L60PNCVE,0
A24QURRFX7F7YV,0
A3O1BQ499WT7IZ,0
A2CYA3J5K1ZYJ6,0
A1CGUQU1YQNJFX,0
A3D296RVX0JVKB,0
A1QKBG5JZ0CDPG,0
A1IQ0A8IBIVF7R,0
A1K22IFHM99SVT,0
A66UH98TFR04V,0
A3SGQEPU02VKV,0
AN752U9MHN5P5,0
A2YIHYJLTKN8YJ,0
A1Y7B873VOTAHM,0
A3U78DTRGJZFCL,0
A2MOJANFPX353G,0
A1BWD4UA5QTBOI,0
A35BXS8M3HZZV4,0
ADAAXJNRTTX0D,0
A1YMI27NURH2YC,0
A3C1MJ6AYAJ1PP,0
A2YY8ZX8R5HYMF,0
A3KZXERLMGYHP8,0
AXK9O1OC2I2PD,0
A1LYZ1VWGLCI1X,0
A23A3FEXAMBOIJ,0
A1TAW91SQSU2AH,0
A2I5M1X863QB8L,0
AJA31UYVQP4UI,0
A1Z54EM24Y40LL,0
A2B40QQALLN0I2,0
A3A276HARIYM4Y,0
A238V1XTSK9NFE,0
A2YRX8J4WM5BRX,0
A3TJP0AW9HHY2,0
A1C8V13RD60LTR,0
A3TTE29M158WP5,0
A3H78NCT3DJMY2,0
A2Y06YSBK1YYWT,0
AOHNLSWSOLK8N,0
A3D6ITN1HM1FQG,0
A1LXQEATSZ228H,0
A3OL52S5I0UQDD,0
A1LL87239YH1NM,0
AGHBU1UWQBW2Z,0
A1N2D7LLBAY25B,0
A1MYPJEG8ST7F5,0
AGQ45LLYE4LQO,0
A1L3U9ZRIBJEHJ,0
A3MI3QBXP5I7FA,0
A2X0T8HIOCL0AM,0
A2R9DK7JEEQD2D,0
A2R0SHL1G7GV38,0
AL5V0IGIPIBEJ,0
A2LO26RUD8RCXH,0
A1XPRBIGV1SR9,0
AW0SOAPEY2I7,0
AXDM1069BD601,0
A38T55CCT4B3E6,0
A3KANLQLC9LHU3,0
A3CWLHT8Y2BZB6,0
A1CMJDOKUWCE1S,0
A10AW7H143CP9M,0
A3ERWBVZHT86CB,0
A1IANEBSMVGHS9,0
A1TRLPG01CL8V9,0
A39KGML5OYIU00,0
A2WYNTUJ91DLZW,0
A32UT0N3BGO8KN,0
A1OL8IISTUIYBC,0
A2RQKWQP4W3I2M,0
A1MH5BLELS53AS,0
A1DIZO95XRBLPO,0
A3W112102BC6BG,0
A3N4TZ3SX3XW12,0
A2JT5X557H8JWX,0
AYB4ELCS5AM8P,0
A1D07L5D2CF59L,0
A2YBMSUMVETP0K,0
A38K8WFKSUTNJ2,0
A53GY0OZJZFZE,0
A3NUG06RC4F8EV,0
A1AQ8JT2A3UWMY,0
A3VK2YVHWSVQHB,0
A7RV1KU5O0II9,0
AG3XKSY6YWH95,0
A8M0HF1XBZLH7,0
A1SCWY8O0IL2HU,0
A2AZTRF410E765,0
A3TPNC3TKGCCEI,0
A1XD710QD1HCI1,0
A2MY9VXHZYAHUZ,0
A264DG2U0C0BYH,0
A3A0KPQ1458501,0
A3GAU6X29L9VTL,0
A2TXTO6FBY2EB4,0
A1V4VVBQBFXRHC,0
AEW6F162PSLDH,0
A12C1TVFHW1JX2,0
A1M4NJYP0WNL8Q,0
A3GVTK181RD96Y,0
AVMWJGOUXWY2D,0
A12S3E4HK8330R,0
A1KZDMCI54UXIY,0
A2QAS68TU5KOZT,0
A2U6LD5AY97MJR,0
A17INQNCZ1HMHL,0
A3EQ61ES6HQ090,0
A2W3JMA1P62IXL,0
A2SU3YFX8T4UJ7,0
A2BZJFF352W2OD,0
A3UTY0UCKWXRY9,0
A301OOJQXCXXO5,0
A1S1KROAK7QNGT,0
A3DWCCNBLNKWAQ,0
A1Y423LYVSNQCK,0
A13KJO7XGQGBD0,0
A3HCPK54FATFO4,0
A1HO6RWO0CRWBB,0
A1SEHRRSCQTQ42,0
A28LUBH5ZQBPIP,0
A2FKY5R4NSHJ93,0
A1QFMC6B2O1QMG,0
A3UOID9VI8CC0C,0
A2KFWHHUFVKFXZ,0
A1NVD0TKNS1GT5,0
AMKXRFHOQZCIQ,0
A2MZRCGX947V40,0
A2OMVGNP2F5O6T,0
A34HJQ50HKYUQ3,0
A1XT816XMPYPZ9,0
A28ZNQA9A9VZNQ,0
AVQLDV5MMCDVM,0
A1IICMPYFNPG01,0
AJ6WCVOY4HP06,0
A1CXVAOCM2IN5Q,0
A3L3ZJJK5O77G4,0
A39Z1MT92AMF5E,0
A2R2ZMVX4ENQTU,0
A32R3RWA8KQ6C6,0
A3GCSH7EUZRSQM,0
A8Y4678B5ULS9,0
A3A1B23YB8VB8X,0
AQU3SRNE1MAZX,0
A344VCIOO3EG21,0
A35WP5LHJSZ4HC,0
AVCLMVDU3FMSH,0
A22R9L5DAVYYWR,0
A3IF2RRR8R84BV,0
A2SEEDV7NNPIBG,0
AN81JUYW2SL24,0
A13OMZX5UHL36K,0
A10P8UG177H2XR,0
A393ITXMCJFQFF,0
A3V3JVJ9NJYBBI,0
A8PLLO3D3VCTH,0
A32BART9O61O3E,0
A3J4DJ03W3UF8O,0
AV8NTE7E9QGJX,0
A7IKOAH6M8WAC,0
A11A8GWG0IXBZH,0
A2FSW50DBYKTAG,0
A2T049UQONS0OY,0
A3TUZOJZM9008Y,0
A2OB0IK83HTU18,0
A249UW8K5A9JPB,0
A2GBHZL855WFH3,0
A31U2QT7SAL7K,0
A3ESX9NVYHRQD9,0
A2EXIALPK106OW,0
A18U8ASOYBRF53,0
A1UJJMFTG7WCX7,0
A268WAQS5WNMGJ,0
A3VYPS07YQR9KN,0
A2Q2NQODHFA2C9,0
A1VK452U9ILPCZ,0
A243HY69GIAHFI,0
AYWIO6OYAGFGQ,0
A76DRAEKZTT62,0
A23XSCX5MNVTA3,0
A12NAEUGYXUIRD,0
A37YBFELWPSCLB,0
A2RWLVFGTWL41S,0
A3LGDXKOVO627U,0
A9B2MKOXU1GSD,0
A1NVD27K83L3BO,0
A1HI8X9113YNFB,0
A1AU6042JEI734,0
A2CKQA93KUJUH2,0
A2KE3HCVYS1GH1,0
A2ZRD6US50VB2E,0
AQSW6WDVCJGB8,0
A39F7XOVXQ0LZK,0
A3IBHBAQY6K9OA,0
A2NAD5DJUIU877,0
A38986T7SECVKX,0
A26FYKG5LAHRUH,0
A1LWYVLGA3N2R4,0
AVV7UXTHR0NWS,0
A26X7W5UM5QFT4,0
A2KAU5BF41AKHN,0
A2GQEXMQQHPEUB,0
A3L60UJZQ0O0R5,0
A3NCIN6TNL0MGA,0
A39239F78V03U4,0
A2YIMB2LF7HH1C,0
A1DJ72M95U7GPD,0
A1U1Y59XC65U2F,0
AW37W6PEWFCD7,0
A32B969NDCPVWQ,0
A1PN2U0AWXGVML,0
A8HZL68EGLI18,0
A102ZABPUPNYCT,0
AV5QKR5O2XE1I,0
A3S7SV04I6BQ6E,0
AS8C336DDLSO4,0
A2396ASCFP9L7F,0
A720S06Y6KV49,0
AGEJE3WH26UBR,0
A2J9NEE5C5D2AU,0
A2XCALYSPH9WUV,0
A3E4EN8NV92TUE,0
A23EMFB4JBX0P9,0
A1OZ926T4SI75C,0
AFX6DK3RMHQGO,0
AJV2QY96IVPVM,0
A2ULPJ9UDZCGQ2,0
A1U9EJYPPU0VA4,0
A343CF9RXZ7DNG,0
A1JT0IN757D4J2,0
A284KBVQ4OSZR,0
A3GQKB1KF0CRPE,0
ADP9OKUYOSYCW,0
AY8Q1X7G96HV5,0
A18VP6LYBOEW6X,0
A3A15L96IYUO6V,0
A1B3GNO9C8YX0N,0
A3SNB53I64J9N5,0
A1554THSW3S7WZ,0
ASIUDXST0XPH,0
ARA94YWRAIAWG,0
A1P3WH08J6VEXF,0
ATWGAAUYYLACR,0
AG62RJJIAYSOZ,0
A32AKKZRP848H8,0
A3F67ZFU5YMIDD,0
A6ZPLVAUQ6695,0
A954QD0JVPDYF,0
A1CIUI32P2UOED,0
A1UQFK8TIKD5YY,0
AM9Z8Y09D2KHG,0
A1FT3XZ2GWQAC3,0
A1GX2E4VJH1NAD,0
A2PN8S9QT7INHE,0
A17U12E2LNDSYL,0
A2TL5R8RQGN4DL,0
AYRAJKPKSORP4,0
A3JAH5WW61N2EK,0
AC5OU76YOTP4F,0
A33V7Z377X9KBV,0
A18HHON17J3LH0,0
A15UNI5A23UA4J,0
A28YEO2J0XTA41,0
A1AOM32TWI2BN9,0
A2H1ZKAQN0B49Z,0
A3WFZDDG0JPK5,0
A2DTXMVW1EQEW2,0
A1M26RAR1R86S4,0
A337XUY8HSGC33,0
A14PHG6QJ1DTG,0
AOUB4XH2J80FN,0
A2JIQ6SZ1PQ6P9,0
A1IMK99FD7RPOL,0
A1DARGMU0J830E,0
A3OKFXYJYS3NF5,0
A3BSPXD2A2UQ2T,0
A1MJMYLRTZ76ZX,0
A5V6ZDQQAARJL,0
A2YSY26ZVMNNV2,0
A2U3HFFK3XQZOG,0
A2QBZTG2TIZDER,0
AWWBZZXN32I6H,0
A3UBI8XEO26P2C,0
A2UQIQUOAB47OT,0
A1XN1D2FGCQC8E,0
A13JB1PC2F89MY,0
A3CMO216CWOF5N,0
A9AZJGWMDJ7SR,0
A3DQWFWINN3V5A,0
ASL99TDING270,0
ACBBEVVSNJ32F,0
A1HZIKS8JFCM9U,0
A9TQQPUD6IW4R,0
A181R0DUML7VOY,0
A1M4WV5THDIYYF,0
A33O7L1ZGWEYTL,0
A3RKNRLZ2D6D08,0
A1QWYAWB1DRSQF,0
A1LX9GSMN66L7E,0
A2J6DDH3DPUY8B,0
ADQ0T89TVMRJU,0
A2ZY199QQQY3FB,0
A2MMTMB7CKROY0,0
A1GFH98ATO6D5I,0
A25X6171VCSJQH,0
A75IYBN6J0SQ5,0
A37A27YO5I79IZ,0
A1F81SAQBP04IW,0
A37Z65SZVT0TVB,0
A1TG615MWIBJT2,0
AAZ084UMH8VZ2,0
A240M3IVP8HR0L,0
A27181AF6YYMRF,0
AT2J7H5TRZM8Z,0
A33UIQMVOBGFS8,0
A38VIVDARCVC1,0
A1Z0NIO16UXTH,0
AJ4R2PH6G98ND,0
A1MD9AEU9C4WJN,0
AU8DH6AOA1YOJ,0
AZ1UEOB5EIU5O,0
A6NBOKCU9JHHC,0
A7T67XA3U5J8B,0
A12HW0ECID12WF,0
A2K5NFUOAFUBD2,0
AEWYZOB8G3MBQ,0
ANYDIV59WSQ6Q,0
A25C1PGDWZ5G3V,0
A16OL0K4WZL53E,0
AOOU4GVVQHK5O,0
A3132X0691CH4V,0
AI7FG0JAGX77B,0
A3NYY0MCW3F36,0
A3OQGX7T9GL0LD,0
A2AG8VKBKJY40R,0
A1MMEARDASNIA0,0
A230OZ6DNS1SWC,0
A3JATWQWZ0OKXR,0
A449KVVGC9J7I,0
A3MFEMJQQJDWMS,0
A2QVJHFRB94AI1,0
A3CMO6EORUNEYQ,0
A57Q87B0TC9IJ,0
A2NVQZ4Y7Y0J1R,0
A2LOZRM8IWNT7Z,0
AIEOH19T22OQC,0
A2IFZ00ICAERE4,0
A149C701MLJDJC,0
A209QRVZ99UQDC,0
A32VHSD0V87NOU,0
A2H2VSTCFJMMTP,0
A2HT87FB90NI27,0
A1C4YDZGWGH9FX,0
A3GXH7PS56WLMI,0
A2IGYAKJZAIK7M,0
ADGRGGF9V645P,0
A32SVEX626XG20,0
A3GB92BPDHSAOA,0
AE55ZYNOXOERC,0
A2OD0GJGVMA07I,0
A2PNCASV102XS4,0
AQ7322MXNS3G0,0
A2AFT2VCH2S01B,0
A1ZR6RT42KHUIF,0
AROAG742G5QQV,0
AMEG6A5W3QJCZ,0
A29VR9CPO02WV3,0
A3CK1XNRHTN402,0
A14ME4FQBNFYWH,0
AEH6EQL2LG02J,0
A3D6OHGHXN95AS,0
A3OCHH22N0W1AR,0
A57QS8CXFWMV5,0
ANVS33BKKSZCI,0
A1NOWEOLKMRRXM,0
A3W57Y5J12YY41,0
ADIEPB0AZ4RHE,0
A2L9O39O92M77C,0
AKYSM32DSG2TK,0
A1XYXUV7IFHC4A,0
AI0NMYA3LKXW1,0
AT2BYFEVLVITT,0
AV1GL5WEA5MRW,0
AZOTUFIYPVNDT,0
A39FOHN4RAHGB6,0
A2S4OCXPJ9SA01,0
A450WKBT9ZIM,0
A1D9U33OHQTO18,0
AW2HM4QASXSA6,0
A3SHAOQ7FI3JLN,0
A2QJJR9P3IYVO9,0
A3DXZIHCHTFM85,0
A3VW47C62Q0RML,0
A1KH2YVJA0B6MB,0
A1K69BBLY0NVOW,0
A3V8S5VKPG1B79,0
AFTMJLMVGC26P,0
A1MSEO4MD7ZT33,0
A1D7WKS43Y6AVY,0
A1NYJPZ6687EUD,0
A1U489SYAGQ2FM,0
A2CRF098PBFCLK,0
ATOFTVML8LX4D,0
A3HSJ2H5Q075JP,0
A2Y739CRM15WDL,0
A34PNHKNM05TXD,0
A1VKA5J3NF7OU9,0
ADOD2HZ0YM7HC,0
A3UBYYUZQHN7RR,0
A1T9YSDAYS097M,0
A1JXTW4HW1DZN2,0
AQ6XS10RR7CE0,0
AGL7YKS3NTP4K,0
A3POK7TFSW520G,0
A2DLK5KEQU4TX9,0
A3ORB4W3GI1YFG,0
A22QLK442U2GP0,0
A2NYK9KWFMJV4Y,0
A1EH2S92FHWZRP,0
A19MDKEDNOK76X,0
A1ZWZP8X1F8WVB,0
A3823WQPK4LXLL,0
A30LT7I4GHR1H2,0
A3I05EBYT0I4XR,0
A3DL67RLSWPJ15,0
A4QBJJ9YC59WE,0
A2TCCKKIPJCM0L,0
A3M44M02O018YG,0
A1VQ61UT9WKCV2,0
A2598DC654IRTQ,0
A2ML7WMTUSADPA,0
A3M6L86GPYG0A9,0
AZQ8HGO3Z4T,0
A1XU87EET0N0NL,0
AZ7EFFHA5K82P,0
A3UGCKULLHJ01E,0
A11ED8O95W2103,0
A3HC7NWLKCPX4X,0
A3K2H4VS98DWWI,0
A1VBFJXCQ3AK30,0
AJXSHZAEW0142,0
A34N351EUCEMHO,0
A3ORYMCHM9Q0VM,0
AYMD77ITD15PT,0
AEOAMS0G96E8B,0
A1MA3OY6Z3DGO9,0
ATELSGYOHCL3E,0
A2JXAZZI9PHK9Z,0
A2EPAYUAQ8P78W,0
A2089FS2PJ9OZB,0
A31UHOIFMFSCN1,0
A2PZKHQ3CDLU8Y,0
AHYETNMIB00GK,0
A2N07D07YVB08S,0
A3U5VP06Q1W4DB,0
AHT97H27XFI1I,0
A2YBYKUXJM5LW4,0
A1FGL6IPRPCR9J,0
A1E71PU53N45Y0,0
A2CMDNV9KR1OCF,0
A28B1DZ3CLMCYI,0
A21AX7U9UNIV75,0
A3097DNGRCNJEV,0
A291XTI6NO7DEG,0
A20DHT8BPBOCP8,0
A26624KSJ3FBMZ,0
A1ISUNUWG0K02V,0
A1K6G765GJLOZE,0
A32RMUE2HOPW69,0
A27LEONMJN31DW,0
A1MWYPWY444AHF,0
A1X8YM80GSTO66,0
ADD6H83G26BIW,0
A5JLAU2ARJ0BO,0
AEELSV9OP31KG,0
APEVVQVOJH12B,0
A3RLSF1NC70JRK,0
A2GR90IHQAO1HL,0
A2TVJ0YDW3QO63,0
A10C84Y38RT22P,0
AO5PXGAR6RSYV,0
A384UZZIZDHSNJ,0
A38ON1MOZNBCGE,0
A2DF62DP20RIXF,0
AXEBO3BWCTWCK,0
A19D2SBM4FLBT7,0
A1I6TR7R336BXH,0
A2LUW64R1VY53N,0
A1WLP6S3L9V3VL,0
A1YDI2SNP4CISY,0
A2H5N8YQ50U3CJ,0
A3TMH3ESKQN3L4,0
A106FBN3SVKSQL,0
A1FISS9YFJCXVG,0
A1QPV43SWY9CGI,0
A23GFTVIETX7DS,0
A2FOF0GY8A3U3,0
A18D1RLW38LVLW,0
A8TZ88OM8YOLW,0
A3Q0D8U4I1FCRM,0
A1GYN77I2M4LQN,0
A18DON5KI1ERFX,0
AI02Y5Q8Z5X8I,0
A15VJ6S6HLGYBT,0
A1JJOV69MAU2J2,0
A33H0WC9MI8OVW,0
A10K1AI4CC0588,0
A2BGZ52M908MJY,0
ARQ945F4OIWVI,0
ACCUPJZUVRNT1,0
A1GYR0Q9BRCNQ4,0
A2USR6TZWUFN7B,0
A3TNM3C9ENUCFW,0
A2X8KN82L07RSK,0
A3O4F0C47C2FEY,0
A2XUTJJ678UBQ5,0
A31XREIO9ZOYH4,0
A2M0ZILSGJQS4,0
A1GNSLNCXXG2HE,0
A3M6QI4WNREEEV,0
A2EVQ8S7FMLGL,0
AAM84K1RZPF1B,0
A28CDVITG60706,0
A2Z6K5LQUZU08X,0
A3AAP038P5FGSN,0
A3C3VITIMY0DJJ,0
A2ATP6ZTCPX1QX,0
AQMD0WGJVD4RJ,0
AS269J1OGZT1V,0
A36NE7OSWUC5KS,0
A1TAFEUKHIFV6L,0
A3IB1W0SVED0Z3,0
A1UIISX5YBC7ML,0
A1EGD8EGNINP52,0
A12A8LU93A132U,0
A1EMDSTJDUE6B0,0
ADNV4SOGOMZXP,0
A88XPSZ26G6TG,0
A87W2NKSYDMD6,0
A1U5NWJOYH2QQH,0
A1OEIH3SU8TSJC,0
ALUV2YKWZENKK,0
A1PWQRQY0K6GWP,0
A17INU4IPI2F8M,0
A3CSEHN7WKCTZ5,0
A2S67FYOJ408L0,0
A969VLBBX8LQ7,0
A3ILBM48JP35BG,0
A1D03FD9LVW44O,0
A18U05IGMK1FVV,0
A2OBHC9ED59WO1,0
A36VJLLJTI7TIA,0
A1DRM3JV6T5O6P,0
A1MJWOYNJSZPPJ,0
A27Y4OEC9MD9PA,0
AXT8ASWG8JZQM,0
A21IOH964XF1AI,0
AUIRGT6DWUVD,0
A1P3LH0J7QS8DO,0
A2G0O4Y8QE10AE,0
A2GDYTF1TU1GJT,0
A1ZEUALB9OHGNE,0
A8CIFOCCN9G1P,0
A2JAB206O2PG9J,0
A3S87ZOPB3UM9N,0
A20GHPA3NAOCSA,0
AOCH3ON3BIM7O,0
A2J2JNUHJSJXEQ,0
A1U1CQ51DLZX67,0
A2L3ZOXJL8OR9G,0
A1JSO7PPEA0W72,0
A1LYN3ZK230TGE,0
AW68KVDV7BBRS,0
AS9YSOCMP1D9D,0
A2NGUYX6A691YS,0
A1EU2HO4Y1SKHQ,0
AXU2CNLS5EGPP,0
A3TB9HNQR54B5V,0
A20HM81911V9KD,0
A2Q6I453ZNXBE2,0
AEH644IG7XZUI,0
A2PNSW5ZWFISHU,0
AEZ3CR6BKIROJ,0
A3BY5KCNQZXV5U,0
A1OG22AV0FS7F1,0
A2QKEU7GJSD6FN,0
AHECJ57PPSS96,0
A2D333TODX15EN,0
ASYWPMAIO0HGD,0
A1RFYCSNNOJ0VW,0
A2DCWFE9TAMT6P,0
A1TEKCBCU3ZBXE,0
A24LLNKVW5NX8U,0
A2M9SJDWEJR7JN,0
ADDWD385E3MD5,0
A2O1L50DB0VQYB,0
A2QXRKY45PAGU9,0
A1CWMO3LQQ7P0P,0
A2JA7C0WEMB1M7,0
A115J29WONV2JZ,0
AI3FJ2DZ7IQYM,0
A2CYDCJKZ7F0IO,0
A34NP9Q7KBGH63,0
AXCWZ8HUF332W,0
AGG9653C0BX5Y,0
A1CNN84Q3V84AC,0
A2V5OS0QGHIUDS,0
A3UZ17HANZ9F1E,0
A451H9FVEZTWR,0
A1I4CSPYVVDOR3,0
AIU13IFGH0EVF,0
A2CC2CRU24E44X,0
A3A48XEYWLWH7T,0
A3KKYNEYUICKX2,0
A1M542G46C8C7N,0
A1GCKBZ5B7XHPC,0
A3HGKWTC8QAI60,0
A1G18MU8RQQ4GY,0
AOB4X41HYDG3L,0
A1PPD5TOR6VVYV,0
A23ZO1BVFFLGHO,0
A18H2E8QLI8XGZ,0
A2ZM9BGE3K3SY2,0
A1L7I7J1A2GBL6,0
A3W46MLZN82PTZ,0
A39V7MMKAIL55K,0
A2J8IE3Q5LLB96,0
A1W0XQLEYWGQC5,0
A2SKVCKORF8J9Y,0
A2CA374K5ZZWI7,0
A3TU618RIP1SGL,0
A1OKXYEBH75140,0
AAXG160ES9P7G,0
A1P6EK8AZ4MHTA,0
A382YHBEX6MPS9,0
A3INN916E4VION,0
AE0O1VWSOQTD1,0
A3O06V8NAPKJO9,0
A1PJPFFTRMO8M3,0
AEE2GJR0VF6R7,0
AZD7C4ZW00YKH,0
AKYNDGWD3TPAG,0
A1YCDZ4K4G0CN3,0
A4QC76NMWE5OC,0
A34V0V1CGJPKIU,0
A1EXGL6L0QQ0M5,0
A3NVZTGPORNPRW,0
A33R77IXUMAGL6,0
A11L90R7RWJA8H,0
A2QGQ5KO0RRENL,0
A36WEPNLF8S8P3,0
A1GR9JZSPOYPJC,0
A1Q29INJ9IN570,0
AM4ZQJ0IORVWG,0
AV0D9NPLN8BIL,0
APLAYRDGF11H2,0
A3IJMGVOWPBCPJ,0
A1WGEIDK19JKH3,0
A2UEW04N38LVB,0
A182YOL7ZA0PGK,0
A155YL0Y0GKUW5,0
AIU93YMNWEKI7,0
A3759SJ9AA9QVU,0
A1R8R7XKJJ3Q3T,0
A18VHVC7JXA7H7,0
A1QRUMZRWUEWEK,0
A14Y070B40ZGMR,0
AQT7VQSW7UOM2,0
A3KKOBGO2ZQY3P,0
A3MV1KKHX51FYT,0
ALDT4Z7SZY2GQ,0
A37Q5MOP4E2YLZ,0
A3VEROAVSRAMG2,0
AF0JI4JIVNBYP,0
A3IXXABPCLE3UX,0
AMLICZAK25GMM,0
A3C4JNSTXZEMTL,0
A38Q2EI3LM24VT,0
A37F1PDYYBKLGD,0
A33ENNU5G60VIH,0
AFISR38PWJE3R,0
A1DS1VQA47ACCC,0
AR1SVEHMOGP44,0
A1907DLJNSAAQC,0
A1L2OPQR7TTEY9,0
A197KHD1GQ96ZH,0
A36T60KRYUZ6OC,0
A2A1LYCNNE9WES,0
A3PLX6PTM2ERKL,0
ASGCTZMBO161A,0
A3NO2DP8NTQ3E7,0
A1V3TRGWOMA8LC,0
A2EHRDDOVUN7PN,0
A11KZ906QD08C5,0
A1UVYL2G0XYX8W,0
A3HXSYE3AEP812,0
AR3ECVXFV9VRJ,0
A3CVMCBTBQ7R79,0
A1PSVZBM894R5H,0
AKT8TGIT6VVZ5,0
A1I002WK1LELAO,0
A3UZLX3C5FLLUH,0
A2HC3SUL6QC33I,0
A1QXPDCEU0ZUE,0
A2DZZZ8D81Q8X,0
A152ZT3Y3Q4VQQ,0
A1Z93YS0KD9M9N,0
A3J5E2VJRG6KO6,0
A3U0GO1FYQ87FE,0
AUUV3XDYB16X5,0
A1XDHHQ549Q2JI,0
ACRHIAZZ8WFDF,0
A2SEJZ4E8N675N,0
A1Y7D7F0FM6GWK,0
A2NSNH8RW55F32,0
A2V8Q6IQ602H4O,0
A3BAVQ0GF8FI0R,0
AVB1BHAHK1YH0,0
AF55QHQTEOPF3,0
AN7ZTHQEJLJW,0
A3IIYC4PF1DTG9,0
ACNP2GG9P4WV9,0
AS0NL4FNH6XGS,0
AFEB0MKOWW2N7,0
AHKOPVTQ3IEBL,0
A2VW4FYZILSXF2,0
AUQQWQ5GTVKTQ,0
AFP6C8GPJ4SBQ,0
A3QYIBMXQVLVE7,0
AQL2WVOAADPE2,0
AZBELVP7XNQ2W,0
A3HJGWV3E5U502,0
AIPY9QIUPKZJ9,0
A1PPDBGCKM9AM0,0
AIVLKALMERRFT,0
A28X0LT2100RL1,0
A260ZC4PRM3Z7V,0
A2NMQWBDWT3SQF,0
A1HH1DPK1ASVDN,0
A37BPVPTAM7JWP,0
A149RNR5RH19YY,0
A2TH825DJHB3P1,0
A28TVBEH7FWGPC,0
A1IU7S4HCK1XK0,0
A22EUYXY2KQEKH,0
A1E00WMEXK151D,0
A19RE9LBQIX90B,0
A3H1NI0FSDFMWX,0
AE6DDIKFMC2RY,0
A3IMYCI2PGALH3,0
A204ETWOV23HO4,0
A27R1GTG9L16K3,0
A2IFGGXG3YV3Y6,0
A12N7MLCZZ797E,0
A23Q32B7VTOXE9,0
A20F5RFH0WVFNF,0
AHIK7BUXFRMT8,0
A38WNTZ2E1SNFW,0
A1GFB47CXP4LKR,0
A1MRESWHA86B5B,0
A1XPNKJWTITV0W,0
A2CX7KMO48MCW0,0
A2B7BUH8834Y6M,0
AXDCA2CU2BNSG,0
A2FD03H5CQG76E,0
A15225S9RRISLK,0
A33UD2JQGUVLAO,0
AJZ0V9Q3ZVYWV,0
A320DLHQTRFL5L,0
ASZL6B12IBU69,0
AURW67ORPANXK,0
A3W371ZI5K5C8K,0
A36GB0BMOGXTM0,0
A24QH83RNAKZGR,0
A3QQ1Q4A02OWJT,0
AJ0PG46QD33RD,0
A3VAX5C42A9QW4,0
A20KJABXJLXG9G,0
A1ABVP0DV1ZN89,0
A2XUW6VTPD0ILX,0
A13QGI4AZOB64K,0
A3ISID2L2BJF5N,0
A2VCRXCLV08SDH,0
A11ZI425LVTVH7,0
AH5NDKZ3YK0AE,0
A17P5N52BH91E1,0
A31GRJW986YY2E,0
A2I9LWY5PN73YI,0
AZTAC5WZ4QDRN,0
A16JV9KHNCJQGF,0
A8TIL945EHW1U,0
A3A2SZ8VFI6M00,0
A3L61G6N7AT8N2,0
AD50TWQOM8W4G,0
A3J891E9B6FIIP,0
A3Q1J68QY1MZQ9,0
A3MMQ88H2WCYVJ,0
A3PUCUV4ORFEAJ,0
A3GM64N13BILUP,0
A2PYS280Q1UH7V,0
A2ZB6BETR6IC27,0
AC8PYR6RJY04M,0
ANQ122AO9P5BI,0
A2IPC51HL9UUYF,0
AWXRPZ7F3D1UH,0
A37187ZFJZKUPY,0
A3J979TOP4933X,0
A2LVL416FFXCSI,0
A1US87X5YUEQ7A,0
A3D819E3ZQPNLA,0
AOMD90U7TEAP6,0
AQQVPOL6VPVVN,0
A36XMNKPKOG69I,0
AFWMVMPB2WVP9,0
A1H4Z4OSMNDCFC,0
A1VGFVLWGGR4YX,0
A11NRU3W8RS375,0
AEUV9916W7NQM,0
A3CRQJ402U1G0J,0
A1TP3ZYYNA6KNE,0
A39B4ZJFZRGX1I,0
A1NKE9ESVFDJ8M,0
A17HMM1M7T9PJ1,0
A2F0TTEP4W354Y,0
A1M6X8CH3J2K4J,0
A25HBO5V8S8SEA,0
A2HZSCP2YBACIN,0
A1I3AJXVJ8PDS4,0
A2YSEA25OUUR6X,0
A3U760Q06JVW92,0
A34P7YFJQPS07T,0
A13LRIL8P0TYK0,0
AFUXQ0EI1UC22,0
A305KK5LXBJOK3,0
A5NXA10HTO42S,0
A9Y70VN7AHQMT,0
A2PK64OVZA1U8Z,0
A1L21TBR5TJ21T,0
A3CL82UITQJLWS,0
AIUWBR79VSZ8J,0
A2MSQT2P5PH6O3,0
APOGXH3A74CM3,0
A1PAGHECG401K1,0
ACDUPC4QGE99F,0
A1MH0S2LR24DGH,0
A1R9QOPV6HVEKF,0
ACISLJANCZZ6L,0
A1KD8NJPZ01R37,0
A1TBH7Z4RK7PRK,0
A22MRNZZGWJXBC,0
A2WER6C7Y0T4D2,0
A3CM3MI6Y5G12R,0
AHY2KG32696ES,0
A38Q75AJQ69TDO,0
AZMY6E8B52L2T,0
A29G75YOG3SOW2,0
A1AHSLKOKA3MC3,0
A3K7A4GPMV3C22,0
A3JU0IKY1GJG76,0
A2QZ7Z48X4I4TA,0
A3B0PPZOUA6U9I,0
A1B0RBLA5N0J74,0
A15U38AWJ3JDN5,0
AC5AGZTLM3QO,0
A601IGAG8FWGW,0
A2Z7FGJ2UCQV7T,0
A2CLD5FSSXMYBT,0
A2CF6Z5T5AF6NC,0
A3H3P7EN3GFW6W,0
A1BIUX1OVAE5N8,0
A33BVOFXW2WA8M,0
A1KLBWKUQHSQVW,0
ARJ1P9IS56IE4,0
A2RB7KPCTJEP4Z,0
A34T45LDD85VZ7,0
A18EUQFB1I3CGA,0
A15N5D547HXVXL,0
A2DCXXNQCZERQ8,0
A1ORUSHRRG0VWN,0
A1NSF87AMGGXF5,0
A1JR6JQRZTIBQX,0
A3CCYAQRHUTPIQ,0
AR61QCJ7Y19XG,0
A3H1CE8T6GDVWV,0
A3CTI2ARGG2T7X,0
A3LX5EDHM91M9J,0
A2MCZGSS6UJHDS,0
ANUPOX03HUN1C,0
A3B7ZAWRSGO0TX,0
A24R30PNVRG4VG,0
ASKH5LEPX8O39,0
AF4ILCVBB6V7A,0
A1OO1DO6DNG0IP,0
A3PDU0KJO6QKYW,0
A200RY2ELZL2Q3,0
A329TQLDBZDAAF,0
A2N2GPFRRUPP1J,0
AGDKPD4DZD1L0,0
A3S8HHQBEEGN7P,0
AT4UTUQP51RZG,0
A1665GGGDM0ZPO,0
AQBKBWMXB8VI4,0
A2II4B6CJ4O47Q,0
A2XCE6WWTX57R4,0
A21QMWC2TEC3N4,0
A2RL9JHYNEJ1QR,0
A1KNHTFGH5X84I,0
ABAW1TNE54PJ8,0
AB6KW0XLW1MR7,0
A2K3XAK8BP8LA,0
A3UWDEBSKQFM7V,0
AAEEXHRP4QBQ1,0
A1NELB08S5MHGT,0
A2M9ME0N2S3R39,0
A16GBXDS51J019,0
A1AB2F8XOU928I,0
AN4ALUMJTDX3Z,0
A1VY688L9N9QXD,0
APXV4GM2BKZX1,0
ADTODK0KIOYLP,0
AMIU8UVMZJLER,0
ALRBBAELSG0X6,0
A3EU0497R9UFX2,0
A22VIIBDPVRNPZ,0
A1522TN5FVJL0Y,0
A2SHQJP6PNQTLD,0
A1IF5UP2PK2T4U,0
A2K5FK58JSWXJ9,0
A98EMXHC6883S,0
A2HONG3KI05QIX,0
A1P38QD8R0S590,0
AMBP7V5ME7K13,0
A1SL5FHOMDDY15,0
A2B0HYERQR96HI,0
AT4AV7XIQDKQP,0
A37I377QOTELM1,0
A3UPYGJKZ0XTU4,0
AAJIGWE242MSN,0
A3GJF1RYLXMQOD,0
A3J3GRH2JJ8KO2,0
AS035WUAUHUOF,0
A2MPQHYMT258ZV,0
A3TPM2VJA0X1Y2,0
AU7O296O6PXZM,0
A3JRAKUG0TB81C,0
AGX7PLR4MIZHR,0
APWY5SPO12LJQ,0
A2PRAB4P64SXLK,0
A1F2QYMDONSF7I,0
A3GFQHHVMEAIO,0
A3PTG5V447NJNW,0
A3UO7TPKCH3D4,0
AD3PVF4GNKD4I,0
A1R377IPZOKLMM,0
AGVB3UZIPFHEF,0
A2XW3HYL9YSJGW,0
AFKEI3OEU5U85,0
A2HQYNDVHRWZWL,0
ADWCBZ7G4O7AV,0
A2G4OJFE2Q4HJO,0
A9U1BQILTMSMM,0
A382XPXKY11IIN,0
A3ONE2VJCDI5GZ,0
A1CA960UP1AYXE,0
A2VV0TJNJT9D3O,0
AH8NYD41MAT61,0
A258SMAC3H58CO,0
A1LC6X68UIRTSN,0
A24QX6M2GAHF0T,0
A1NOM79RDZRLHM,0
A2LZHJH0LL0FM6,0
A11KX4PSKOL7VL,0
A2V5UR27QR2L7W,0
A1SAQB40R8C44A,0
A2MWNYW5IB8Y0N,0
A2WROWUBLQ9GZZ,0
A3Q00YPS9TU3Z0,0
A6VPK7X53QNAQ,0
A329L3HF2QK7E,0
A2YRMTUDRXBMYR,0
A36J60Z5VCWBQZ,0
A1IBKN1GXYJ3K4,0
A1LR13XK9SU73G,0
A2IYAZCZSLHDI3,0
AVAM30BI2NOOR,0
A21519P9B7ACHJ,0
A2UE2PMAZZL34K,0
A3A95AGMVFVNAH,0
A94O1XOG5H69F,0
A3GR935UY6LX03,0
A390CDHLS6NHWP,0
A3UCD1OMXG96OR,0
A188SIPN9JC3HE,0
A2STLT852H9K75,0
A3GQSZ2RVVXDCZ,0
A1QMJF9VR808JM,0
A31PDR78F1MNDI,0
A2DLY1BLDQRWGX,0
A3NEAETOSXDBOM,0
AO4ZALF33HP0,0
AJ6H9ZV7TJUUT,0
A26D3NDNGDLIC4,0
AA8ORMR10LFCQ,0
A2R7LGGF0XYJGK,0
A3H9RTXHQ5H4UT,0
A1KXYKTOZEWDTL,0
A2Y7BPLIRE7SHD,0
A1EAY9UVLFSBYL,0
AO35VK4BB2YZR,0
A32QUS5HTNB6GO,0
AY62TN9VGKI2Z,0
A3UXW18DP4WSD6,0
A37JNUJSVAJKYN,0
A1GY1HIA0XKF2G,0
AUX8P4Q9RG6IN,0
A6VXZ1EEPRTLV,0
A1NZLRAZJGD99W,0
A2LRJOFOXNCIU6,0
A1MYL1VV9LMDVF,0
A3QMJMTLJC34QC,0
AMG7EQW81MG58,0
A1H2V4OF8BZ4FC,0
A282XABZ9J36WT,0
APQQK1V695AUE,0
AXALKJR9F4USW,0
AK73Y669AMPVS,0
A352GZK70MPY2R,0
A2R9M9ALI356JU,0
A1J87C2DKBO441,0
A1EARN5PUVIF1S,0
A3MOYH4ZADV478,0
A2ZYC0DMBEHKM9,0
ABAXZYRBJ7KUT,0
AXVORKGHPNFN5,0
A3B4132NC4T9V5,0
A335QXPTV1RIV1,0
AAVSIY28BPKGV,0
A2W3KBMFRUDU4J,0
A3F5JV08JUY06C,0
A15EJW1B60SVCA,0
A2ZL2WDFMDCJB7,0
A2M5GKAGV88LWD,0
A3Q6EL2PFKJK76,0
A1SDPA1J98UP4L,0
A18A2Q0UNZU1LQ,0
A2X2VP3OBZ6VFE,0
AXGSXTSBRGDMZ,0
AROWZGGO4VTJU,0
AIU8YRECU4HZ4,0
A1IT7KPZW9DY05,0
AWKQGHK4122WI,0
A34N0OYW8076L6,0
A1CQRJFY5EEMDZ,0
A1VFIY34F94XHY,0
A3KHS6CXBTP1DM,0
A328Z8A4GQWOQI,0
AZRJH4JFB59VC,0
A1NEHV50RHWYE7,0
A1HHME9SRDVXWB,0
A1WO5XDNFM80Y8,0
A2PUDX7VRQN5M5,0
ACSNZDXNUXSDB,0
AWB00UIW85BNV,0
ANTGGAQYPSWHF,0
A355B9HM87SFHE,0
A1LTZ8LRRWIE9N,0
A139TU0DN7WHEG,0
A2M4NHKCBDV4OD,0
A2GW1F1LPHQOZA,0
AJJB4D6Y3T7AC,0
A3A0ULRM4SEHG3,0
A1E8PWW106DRBE,0
A370ZOS3HOG1JH,0
A2BH53SGUYGXQE,0
A3S84AU8UJ9P9D,0
AB1Y8Z50EPV46,0
A2R0PC25CYTJUW,0
A2VA0ZJFWZK4Q1,0
A2KFAJY4JA7JQ1,0
A14XUCN5OC998O,0
A24XFCZJKMAONS,0
A3I8OURC83NM6V,0
A3GAGDH0FHEREP,0
A1FR0HJ5QMXV8O,0
A29XK5H3AA5S01,0
A13RLDI2F7OQOH,0
A1I9B4PSCDDWOO,0
AW05BRCRWPZWA,0
AGOL1UIZVLC75,0
A39Q5JH09VUMR5,0
A2X70YC7WIRT23,0
A1C47EO3P9UKXJ,0
A16T3JEEDK4JLI,0
A1FRPICT2SH2LH,0
A2U9UL88VXBMJ4,0
AJZPEEL1HULPU,0
A14SPNJ9UVG42,0
A2JFOHC9W629IE,0
A2VBJ937PKSBG8,0
A1EN4XAKX9LK4A,0
AJJV9Z17KV6GR,0
ASQIJSJUYE00F,0
A6DUQDX4B2KVI,0
A1F1A0QQP2XVH5,0
A1X696GX2VPV5C,0
ALDA72MNSJVOK,0
AGDEKOVH67W44,0
A1J0GICFWG7G5A,0
A3CZV7DEX2ARGE,0
A1RGEORG34AQAY,0
A1FYX3RHM6B6EX,0
A2D82GLVKG2EIW,0
A2IMLPUXYQJTSY,0
A1C8K8UTDSXRXS,0
A1LCVSECISPGSO,0
AZ0TA88HQ76QK,0
AW003H7Z3OCHA,0
A3HOQ9C7UMZQCS,0
AP6SQ9NLF1QYZ,0
A33PWO1CNL1KAP,0
A3RBVD0DCH8CUZ,0
APZA8SXX9DMT8,0
A2C27IQUH9N1Z,0
AYQ6GWCSVVYW8,0
A2ZYFIRTB2V11J,0
A14JBDSWKPKTZA,0
A3BQ16UFNMAPW,0
A2ZAIKFQ0LQ0WV,0
A3FGOOWBV8SUCA,0
A30LET3M8GQNMZ,0
A23SB6VGGB9E8U,0
A29UH663BZ88D9,0
A212MDP6K4VJS5,0
A9AVOPGTAWJ1K,0
A2OLQ18EOBZPE6,0
A1RN6WJRZDOTZL,0
A1DE6049MCZ3CE,0
A2TXTCIOBK1NMQ,0
A3E11WHSG52T0M,0
A1B29I661YGZEU,0
A246IM7MP7YZ8K,0
A1XX37HBK45UG8,0
A3SL7UWG7Z4H4T,0
A1KT8699WEJXS8,0
A3OHUH3RWUWO91,0
A2IY49V4ARN4HC,0
A2HRWONDPECN9L,0
A1MLNJK9HDCQLV,0
A277GN3987433U,0
A88AV20XJ5X60,0
AE1A7BHJQ9LW2,0
A2DU3ID6V8TCW6,0
A3PDNV30IFOUBT,0
A37PHA4BWQ4XB9,0
AT8TIN5JKHO2V,0
AJSEA417DJA2U,0
A12U739X0STRAO,0
A2E7E9EWADK4S6,0
A22LE2JAII1U84,0
A2SWSQTATYKT0C,0
A1ZCJ4VQPKV3W4,0
A2DXENZNO2JT4F,0
A23PCEL26412R1,0
A17QAS8K17V9EC,0
A31LD9CUER3EGH,0
A1F9Z42CFF9IAY,0
A3U38OLADLTYTW,0
ATQI6GADZOH0X,0
A58N07M0ZCYMB,0
A1C92FV1I5FM4T,0
A2ZG7SSHO1VKI4,0
A1OFU9LH1ZHQ3M,0
AZOK5STV85FBJ,0
A25TM6Q7ROIR0Y,0
A3VYKXHQDICC6,0
A1D75IF0B4H4L,0
A2VCW0573Q0GW0,0
A1N0GWQ9B9POKD,0
A1KGKPWWG61U42,0
AUFX5ZHXKCQ8V,0
A1HTUOY4NOVZSK,0
A2690TEJA2N778,0
A312JTRQVEA4G7,0
A2ZODK2UVATV0N,0
A41JUIFTT1J4B,0
AMZCZBK1EF1PV,0
A3Q0XALDVB66VQ,0
A2R5SM2C87PDOQ,0
A31C4P50CH9ET4,0
A2TAAKL8DQDMSA,0
A25QY9B9W2FQCF,0
AY4B9XKR85TTK,0
A3QJ8RQEQHRU2B,0
AM1OWOLQ092EZ,0
A1PLW9IUWONJUS,0
A1E9RGETV1X5LK,0
A3SZOSH24K83K6,0
A3SMN4GQEQBCJ5,0
A138B0GK83O33R,0
A2MPKE7P1DFYTK,0
A2IZHXL66QBRNW,0
A1GRYKT7TUE9CE,0
ALUNVOQRXOZIA,0
A208OZ5XMMPKGS,0
AWBUA3QUM6DRY,0
A2K17Y2WL5SA84,0
AGZ0B2TQOAIA3,0
A3B7TD1VKB2K8N,0
A3IQEPONXLFJ9A,0
A3HE9I4GQ4OXYE,0
A3PZB8KZU22LG1,0
A3FTRN2V98QBCP,0
A304GUEPCPYM3Z,0
A3DMK9OFGHKA8U,0
ASWHZ0TTPT0P0,0
AL5BBGTUH8AL6,0
A1JWSDDIH5Z7DV,0
A1Z45DENVX2PQ1,0
A19W821ER7GWHZ,0
A2QJW1H9XD1U3B,0
A1N5U7RRKEJS9T,0
A2NQ5LLFYUKUFL,0
A2Q89DEW2Y91A7,0
ANS1JBFLGILMF,0
AJP44QXY4JBOZ,0
A3LMTN315ZHD6O,0
A3K649G2P9C8PY,0
A3CG6YLYZJXQG4,0
A1XEL9W3JBAT4P,0
A392YS0W837HFU,0
A2WZRBFLJESCSH,0
A3KTWUXXB8KKC7,0
AI0JF9AJC1GD0,0
AP0ZL2WX8J0JD,0
A3U9RATIL4DAB2,0
ATC3ZSRYRONK,0
A9QBZ7DXWWXNX,0
AAC2WU7ESKOC2,0
A6VPIOPMDJ8H7,0
ABLYG410FOSK,0
A2BH04B9G9LOYA,0
A2UFC4VCQXX4F,0
AUJUHU8L50OMU,0
A2CKNYM4Y87MYC,0
A1F0J7IHM0KX5G,0
A3G91OD8ODO80V,0
A3SY619VFSOOZY,0
ADH8L5MBPXQGK,0
AZSH7IFNZR62F,0
A265S153QJNV70,0
A3LZL8USSPDQ17,0
AIHIEVDST65Q1,0
A29S1MTFU2DJMW,0
A33PZPS7NFLWKR,0
A31BD4RXCON7QO,0
AER2EZOUZSKYB,0
A2SW560X584UEF,0
A1RPTVW5VEOSI,0
A3O72DJ2MQ8930,0
A14GSTIN77TLSR,0
A1OQS6JOD52Z84,0
A3SO2AGQXXL8LC,0
A7RJ19XG5PDRU,0
A197BQFMF77D24,0
A178RW5ZI68YR3,0
A2MWHD94CP06QL,0
A3S5XXLY0HSRAR,0
AMVW02HD7K4C1,0
AGCWHENEQYV5N,0
A2PWNYM29NJ2J4,0
A1J1ORDE07JZ46,0
A2QY6S1O0Y0Z65,0
A11617B1NW474D,0
A1CLCC5UY1S149,0
AOK5FZT22IF3W,0
A37GFV0AL784BL,0
A2BE471PVBBG6Z,0
AQ4CDTEJMPTOS,0
A211RZCTZCNLZK,0
A2MFRJZCVA0QWY,0
A2265X68RLA8AD,0
A3HNADBFO4LTG,0
A15KFU3ZSAOUG0,0
A1WAYVM44HACOO,0
A3LTNIGTIUUEN9,0
A3K2BEZXDWOC3L,0
A2JLDER5UES1Q3,0
AN30G4IKL1BMZ,0
A2WL4FEGN510I7,0
A1MU2MRUV1541F,0
A3M6B1VZZXGKSL,0
A1WVS59FQETT75,0
A1HMI0JPCWQY4E,0
A2LVYHHNQVX8M8,0
A1BSER3P7ZCIB6,0
A7JGEKN140F4S,0
A1KCI96DKAK1JA,0
A111XJY4XSDIY9,0
A20GQIUFA2LJ9C,0
A1JUJGHMNIUSWR,0
A3LM1NSW9FM8IO,0
A19R7EJI4CNE1X,0
A3V6Z4RCDGRC44,0
A3O55EWFNKSPV3,0
A1LSNQQ37FA5J9,0
A3T24RSN7D0TQG,0
A2XYGJ7FAK0QR7,0
A27F7B3PXZ0RVE,0
A13DD17X1AZFGJ,0
A2P5U7BDKKT7FW,0
A311NAIRZC7EGO,0
A3CIV9WPFHNX0K,0
A2DN7RUNX06BZ1,0
A1K7AEP8WWSKHX,0
A14VXKTBKGZ9SD,0
AX802DK9MMMYD,0
A2L6ARD2XWNC9P,0
A3HTOR3A84JAM0,0
A1N3GNCJWXQ1ZP,0
A10MVOFKTZVNN4,0
A1PRYEYET17MPW,0
A3TWFM69THKQBK,0
A2S3CS0WLR616U,0
A36K2N527TXXJN,0
A19MNLXNDBHI54,0
A10G67NY7XQQIQ,0
A3DCWVLM3XWU2Z,0
A2WVD0V1MKJ638,0
A24ILKC00ROWQM,0
A32TSY95CFGCL2,0
A3OZZ0IQTIPZNW,0
A1KNSBM4VIPXED,0
A3DWO9ZI48DJL1,0
A3N0U283FPLHGD,0
A1UK24C5XO8UKI,0
A91K91GJRE6OU,0
ALMIFFHNE45JX,0
AKDTRP9QVHTCI,0
A2M7NKO97UIVAH,0
A100WHX0JSGXDB,0
A3PP444YA0Z0KA,0
AVPY9B8NYUMJG,0
AJ86CFI74O5JI,0
APTTY8AYIJRXG,0
A37OTRJO1NM63H,0
ACH1HJAM7UIZR,0
A1JDP8UAE7HVW7,0
A3JX1D26WFEXOS,0
A1D0KL9ZD7SU56,0
A2NICY8I08AZL2,0
A2EMM9HWOSY2Q5,0
A23SRAOAAD81FF,0
A1LIAYBBNHUCB4,0
A1AQ8LQW5QQSTD,0
A2MNB77YGJ3CN0,0
A1OKPC1K12YZEP,0
ASY25YMTIC2A9,0
AL8JMMSDHTQLJ,0
A1MDAPKTOTWIKC,0
A259MPG6SOL02P,0
AJO24K1MUFCKM,0
A3BO1VM9CSCWW1,0
A2XWJK6POTDSP7,0
A3KVVY6CI2QA77,0
A23O5LZQT3VANF,0
A3LVHU3WNR5XF3,0
A3LV8JJF1KK7O8,0
A1W3D42N13EYZ7,0
A3NHUQ33CFH3VM,0
A3DKWGWZSZC7PN,0
A105GWGM7PDAI2,0
A1WVMDRJU19AFD,0
AIBSG1S4OFJH6,0
A1AMCR6ISCN2Z6,0
A3R9KRIO25CKZV,0
A3Q4E2FTXYOQEW,0
A1MZ2BJHUSTW0W,0
A3TO0B7DNASJX7,0
A386NVAVQV5WUO,0
A35MUY1T5C335X,0
A22G6CZZXS4MZ8,0
A2GNATC9V28GJS,0
A5I75Q8VR91XE,0
A3PZ4AXTY9J1DZ,0
A1TNK82XJQ0XPK,0
A2FNQOFEMCUKW6,0
AQDNQLKMG7HBX,0
A32TEHZX11HR1A,0
AZZ1KF8RAO1BR,0
A3J8BLQ2HLK4WZ,0
A2RYI0YNOEB1LM,0
A1179AOJ8WJL5U,0
A1WBEIH7Z37LN9,0
A3LZEFHIYZ1FGA,0
A2ICY670PVUTAD,0
AQ1F4Z6CCQMVQ,0
A578ANR1FGHT8,0
A2L8545I1KHY19,0
A37KEW14MD925E,0
A3E9VBNS25Z9FI,0
A1H8EOX4LE3PNQ,0
A3I88OJ7DVC4RN,0
A213UFMBOI3IUF,0
ACD8ZMA7CXVF1,0
A1BAT4NZAP6B07,0
A10ARISO1UMIUN,0
A1UNJ46NSB352E,0
A2KNQ0P1G1ZIE6,0
A1GWQIOSUI37T4,0
AQ6WXOXDZIYCS,0
A32QOZWIKQDNZX,0
AHNDWVX0WCDXG,0
A1CRUBEW267K0W,0
AU9TU640Z88PY,0
A3U04KS55VJLSR,0
A15DKJQPGXVLQ3,0
A2BB4DGBRVGKWW,0
A1AC0ZLC6SVXSD,0
AQSNJ8HQ3WHMS,0
A2SXJZGMY90RZN,0
AE5HGZPR0FLGF,0
ADX6KUX4WWSJD,0
A38Y6WG21NAEMB,0
A1U2SXPJT1WQIX,0
A2JCLEDQTNXMPT,0
A1C7E59Y13WKBL,0
A1X3T9VBU5GQX4,0
AB10W5FUXWAJ,0
A2E2I580OO3HET,0
AP6X4IJR5H92P,0
A2PVD9N0YBE1E3,0
A1M9126YPQPS3L,0
A3GAEVQR5F9Q9J,0
A33O0L7DTMBKUK,0
A319CJUZ04SQL7,0
A1IJT5YXUFPYAH,0
A24HNXH032I6ST,0
AEQ1DS61RJLXS,0
A1ERWR5A8OVLDH,0
A325DQLHV6GUOT,0
A30UM9C69L5W5G,0
A244ASJUKMUGSI,0
A3FTI86WAVJOLG,0
AXUY77QFQ14FY,0
A3VONQL7YW8UPM,0
A1OW73WWCZL9M8,0
A1YQLAR46BS347,0
A1IF3VUAXBTX00,0
A1AS0WT5Q7WE9M,0
A1ZC0H05U51M3C,0
A1K77RMH56CQVC,0
A3NLCKSEDQ6546,0
AL5KR6BEIDL1G,0
A1XFVNFGS78TX1,0
A3QZ6BFXJK88RK,0
A1GF4BH6WPBZ4Y,0
A20535WAMJUP3U,0
A1PL7QILVQV3IF,0
A2V5K7WIPS4XOG,0
A36QDG8RP3T5AM,0
AA797LFUG2ZGS,0
A2TNTY0JVQGGBJ,0
A2LIZECHRMJAEI,0
AYOUAFWNVE76F,0
A3JMQ363OSCWU2,0
A1BJQJZUQI20FC,0
A15ZZDKRKP7L4R,0
A3EKNB6HM09LN8,0
A2MYRMQWSWGR29,0
A24KM9R4RYUAG4,0
A305FHDAKFC9LQ,0
A1L0D739FY7T6G,0
A298COFUERZQWL,0
A326CJOIAVMKIR,0
A8O2E6UBLWWFM,0
A1BVIANDXCX7RW,0
A3085YHTXL9NRA,0
A3C0H04U0QRNGO,0
ATDE9JYCPI0L1,0
A2OMWV3WTOJ27N,0
A2G2QNKDL1Y6AC,0
A3EPOKANU798QW,0
AH9QYOWBYWRXJ,0
A19E3ZCQH6TJBD,0
A2BCDZO1XQLDH,0
A1A87C7E8W4W66,0
A2IC2FBX0GPV1H,0
A18RZ493P29JW5,0
A233BX8N5692C6,0
A3C85GXT2Q6IG1,0
A38QEATH3NODFM,0
ASWYSSKL9LL9X,0
A1Y3ECGECWDCAZ,0
A1XHC34F2MFZ4I,0
A1TX3VNWII1TOJ,0
A3RUY1Y0ZPNUJ4,0
A1HSAYB9K98OGX,0
AS6OC9WIHIQU0,0
A196K5YM49XXAE,0
AFCD2VYPAWKNG,0
A36GTKCSONG3YQ,0
A2SL5IW096Z2BL,0
A22B72SJ9IDUQW,0
ALKWNPN0QCSP7,0
A3I1BJIFFM4S21,0
A1B75TZD1XLC0A,0
A3A4XDZBCJKIS9,0
A1M31HB05OCA8X,0
A17HKNU77UWH4Y,0
A3J01CV4XJ5V0A,0
A305XJYZOLQ4M2,0
A8EDTKSPOMRWK,0
A2FF7EUEB7NB74,0
ACC1SLND21RI6,0
A2QDZ4P82VRC00,0
A2JXT7KS8OU2L,0
A21VUD32OENHJE,0
A2QVSQFCJRDRX5,0
A1F5L6NPU5SWP1,0
A3E2P9J7SMPEXK,0
A357HQZDY3YE58,0
A1ME5FUV8TPAK8,0
A30J7WQV0ZNRXG,0
A2NX6MFZP8TM6S,0
A2JVIA9P648H6Y,0
A2UNPQIED8UO2O,0
A1XLCQVGWBU6UX,0
AVUAK0N5NI9X2,0
A1GEGWTL027WIL,0
AN9TLUKFAJHP8,0
A1VXOAVRGKGEAK,0
AAXR90I3IASEE,0
A38X9XX2ZRR0ON,0
A1F9YNY2KTBO5H,0
ADBVNJLWZ4IT0,0
A200J986WKWH08,0
A2LZ3HGE6UMSQF,0
A3NSPDT7PQAUA5,0
A1H2KQF6MKA1DJ,0
AH9KZ2GSWIRQZ,0
A1DQEJN9C8AM5K,0
AQWZYNDSUOVC5,0
AS21S3XF7XEG1,0
AF6SGHBCX3PUF,0
A3LGT6UZL99IW1,0
A2EDFATBY4VNTS,0
AHTGES9QI0TT1,0
A2XQD6IU77PC5F,0
A7LUFZI7XDT9Z,0
A2Q5RORSLPNHIN,0
A3TRPVAGT3NWBS,0
AVJT1MBYL5QZJ,0
A1GNYV0RA0EQSS,0
A37ZW5VNQTIO5S,0
A2R6F8XP2DL6RC,0
A38SHOPZADNOLN,0
A14EO36F2S1A90,0
A1XP2TMQOYBPE3,0
A3BA8YMGPWARPM,0
A1MJS1YRKNMU04,0
A1ER9BE147BD5E,0
A2AQC0GK90K9WX,0
A1AOK8IY4F9OKZ,0
A3JJBH0X3FTT5E,0
A2OH11RXZJDOEV,0
A38K3YPGRNGXGW,0
A6HIYEJGCE1MA,0
ADXAE3X1HES4M,0
A2RU2K55M9S25C,0
A1OXZ8PYU1A2J0,0
AUITG1DJ3QUGK,0
AATOKZ7EFZARA,0
A2TLLMXNKFCHJ7,0
A1HO7J528F9WC,0
A2O5TLE802NTA8,0
A1IWR4YH4ZA9BM,0
AW8UBYMNJ894V,0
A2W7FH5YOZ6KWD,0
A24820RRYFYLCO,0
ARVIOWMXTTQ50,0
A35HK0ZU7MWA4X,0
A304AY9M0FAI3Y,0
A1B1W7XEX2DRD5,0
A33GO0KKMW20BK,0
A1RHQFEIREK0KU,0
A3BHLQE9PAJI0,0
A1FP2LA6M2OJX0,0
A2NFWBJGGT9BM5,0
A127P8A5QQ05KN,0
AAFI4N3QKPBOD,0
A2GHFM7D00AMGW,0
A2SEHOBX4M0OZ0,0
A1X3DA7C61WZLQ,0
A2DGF0LAMJQHQF,0
AJTYN2L8T5FER,0
A2KVMXLAVXYXBE,0
A20EQ98GMJSGG8,0
A2PEAJVDLTBHL2,0
AB2U893HHHG74,0
A9ELHLPXF7JKD,0
A2U889P9EBQD3,0
A13RCE7C3EU2EP,1
A1GWYS0HGHQKB7,1
A202Y9F2VN8KY2,1
A1MZ1T2CO2J2Q3,1
A3SDQ1BJ9RTQ2B,1
A3IGETH1M17L0W,1
A1NPKJKOQ7KOE6,1
A16IFD5H3B2SSJ,1
A3U454B540HWZS,1
A3NXN2XK3S4HN1,1
AJDNE10BS99IC,1
A10BH1JDT6SNGA,1
A3M5APXHTREGU4,1
A1IGVPJTW1ED3W,1
A3P1V5EP4RJDKS,1
A3NWP4CG5S2PDE,1
A1MML2MUXAA8AM,1
ABU4LUKJU2QOY,1
AAAI5A49L3MKG,1
A2MOD50IHEDH3G,1
AJMZSJU3VIJVW,1
A29WPOE56CCG1X,1
AY99XJF8S74Q5,1
A2XXO4NDGULP0M,1
A439RDKQQIYR3,1
A2X435VE2DGZFG,1
A3A57GX8FJ4QNQ,1
A28X7NZ02016FO,1
AQG17YFAR1ANR,1
AID6E0HC9H6CP,1
AB2PV7PVCSMT2,1
A20Q8IOS2PWZKI,1
A25DV2T1HW6WTR,1
A26HC0DYVSVNUS,1
A2N607UFKAA5MM,1
A3QX0ERX4D03TF,1
APRO0FN36AK1V,1
A2V0SRJJJ3PD91,1
A3O7Z9L168UHBP,1
A2013X1OLSB1O9,1
A3VD9J3FIVJTF2,1
AHZ0OA3U26THX,1
A3K6GPH3ONDHFT,1
A19Y5TZ03B0Z7C,1
AGQZW9MI41AFR,1
AGL95K4GLGZ4J,1
A3EGCYJ41MWIFD,1
AE8LM3YURTAF4,1
AD20KMDUDP5EF,1
AGSC327PXS3W6,1
A1R19YYR5OR26T,1
A3W2UTN0BC4ZKD,1
A4IL0CLL27Q33,1
A29XOCWBBZCUI0,1
A3QJVGI8XV8UVV,1
A1B4RFR5BLLQI5,1
AL6R8X23EGQNG,1
A21WV6SJFB21AM,1
A327GK6XKAKQZG,1
A2Q7VY0358PA3W,1
A3NZEQJJZEZROW,1
A3VZH0PWLQ9BB1,1
A1K1I1LQE8DFFN,1
A3K7PWRX8GXJZP,1
A18MVVNA2U9YNU,1
A4U8NV8P13RH9,1
A1N4UL33MD8BOY,1
A1YV5G4GL5N6XV,1
A4KNTF8EEFAKK,1
A1UEW6E8MAN95V,1
A2V504B39HC7IQ,1
A3JI2LW8IB9YOV,1
A3V8K9BG9DSC11,1
AV4OIRMTG6QXC,1
A1435OKJPDTTGP,1
AS28WVBBZ3G99,1
AAW7X3GRD8GY9,1
AV5UHOOAXF5FN,1
A1P3DDFL423B3C,1
A39CUQBMV62S5O,1
A3HOU7C1FRGTXI,1
A20CC4CZ7EL7D7,1
A2MYK96VGMBV0S,1
A2KZKZSOJDBBIQ,1
A3EV8JA23IUP7O,1
A1W476YCP7DZ2S,1
A3ULKL4TS05ZGX,1
A1VQHH85U7PX0,1
A337UU54VPYJLP,1
A1LXHQM4NSC1T4,1
A2HZLT6N4OLB4J,1
A2PYL7WLGVIBT7,1
A1W0QK53EN02H5,1
A291IOKN3QEQNQ,1
A3APKVUOTQ20KQ,1
A1KAERT0MPBZOO,1
A3766V4YCREN0D,1
A2M2LMZMDFI35Y,1
A1VUHTQ6GC4LH,1
A677O9VC9P6L9,1
A1ZNLNA7BEZJCP,1
AY6A8KPYCE6B0,1
A1ZGFGTX5BQ8WY,1
A30CV4T4I9Y89P,1
A28Y587UOB6VCS,1
A3SG4FNILRZH5S,1
A2D77G2B5FTSKM,1
A37FULV9NLQYXU,1
A3TAS1AG6FMBQW,1
ADZ84438N4VXR,1
A20NL7QAHXDCU5,1
ARX6W8UN2PYJ1,1
A1SF0589DRG9AD,1
A31GHUVQ0N2NXH,1
A18E7XYFB86Q84,1
AIT3KLQ2691DL,1
A1BQLUMAXH49VN,1
A1F4P9AXMQ4XZU,1
A2DG4I40CMY9QH,1
A32JA9FA6O0XST,1
AFYDSCHAXBASF,1
A12T2YJDP004C2,1
A3HZ83EUW587RM,1
A31OQEN2R4QZKE,1
A1HTXF6132KVZY,1
A29WUMT65XEQE9,1
A1CXH0ECJCO3US,1
A2TE3USS8JS1UO,1
A2LKEE1EP7KLD2,1
A25PJ0QJ61SC80,1
A3V1MV24OOGX36,1
A100WO06OQR8BQ,1
AUX0AAT25O9O0,1
A2EQ0QDOSGH6AC,1
AHE4RU04NVDHR,1
A5PS42VT6YVQZ,1
AC09OIFJYTUQK,1
A2RRYDCPJ4T8OV,1
A3GHITPT5SRXBH,1
A2I5LVVQ7WXEH6,1
A131XK438X81X9,1
A3T5U8741AEXWU,1
A3JQDX6UB87982,1
A12OILS0DDD1K9,1
A1PG70NH85K859,1
A4HRLWU9GJCEF,1
AP7IT6ZJMDVUA,1
A1P7GKSA09Z20U,1
A3L5VIXGTCW2X9,1
AMT7TEOP9X8JS,1
A3UMZ8DDGIC0DO,1
A3NKRADYHW2CIP,1
A1PLDDS2NHUD76,1
A16C19G0I2DE8S,1
A2NHID60GOWHD0,1
ALTD3G36MJTGO,1
A1JTQ5TNBCTWPV,1
A20YJDWDMWZ9NS,1
A31YMI20E4F0RI,1
A28CAQRAIZ1UWU,1
A2S2PG1LKF4YCX,1
AKP9TEMA1T01X,1
A3R3W0GZUR17TK,1
A3QMZJARX8M858,1
A26W5C2OC26ZXI,1
A3ANRNLZ2LVM8J,1
A1BAOU9WXR429D,1
A143LJ4G2OPP7T,1
A1OG5AUTRLC040,1
A2FB4H1WFR1GDL,1
A3DJ8DG0WPNXQA,1
AZP2U25R0TN4E,1
A140KFMVPOLASZ,1
AMBFK6N4JS5Z2,1
AEGLY4IPD9UWP,1
A3V5YGSE1SBERA,1
A3HNMDZLMAX9H9,1
A1885J18PY8I7S,1
A39F5L16R1ATFS,1
A1TDHAKEDTJL2J,1
A3K67UNIBXO76V,1
A2QMPB2I0Z5K6W,1
A280Z5W5NYT9B9,1
A1FPVTPIJF9IIQ,1
AOJBKPV6ELTE9,1
A3TYJTG8HXTWKY,1
A2O26XU8WGOQSC,1
A4O7NPE5C5DS9,1
A1NS37O7XRA5KG,1
A2UE0QBDSPVE6O,1
A3MW8B6I2LXVWR,1
A1WWW237KEJDJY,1
A1F8FFYPYZ9XJ,1
AOYZWX4I1LA44,1
ADS4GVLF8HIFU,1
A2Y6PGW144PYBN,1
A369ZU3YLFRDIC,1
A3J7XPPQH4W2O3,1
A34DUTUH6VLRWB,1
AB0WO69IUZAYV,1
A3GGZJZZFQ7S5D,1
A1K2Q0OI20VB24,1
A3OIGJHNDIU7OV,1
A27BPKU7ZJ3NOO,1
A810PNCBZXIYJ,1
A2BAKWNFT9N7L5,1
A1BMQC79FGKV00,1
A2P7N9VW82JOKE,1
A2XW6VPIR979KN,1
A1OX19PDA486CD,1
A16AF8BFMCVOWW,1
A2IXAPF182DWBL,1
A8L8U91R992XJ,1
A1NAR74A45O0AV,1
A1J9LVA298D5OF,1
A1F81UOEZWZ01A,1
A3LTB2C1YPJXT5,1
AZ9QAIBGTLTLB,1
A3B6PCNC86UB86,1
A6S1IS2P44QEE,1
AQ28L0J970DVW,1
AGOPJZFEL0Q1E,1
A2J0SM6KGZKSS8,1
A2859C020TGTJV,1
A1W2DP25RTN59X,1
A2XEO2W78WS34Z,1
A8QA95BMLXCSU,1
A2CRIC1BKMLACP,1
A1UB3T4KB2SJ1E,1
APXN17MQLCH7O,1
A2YAXL6USA6MJO,1
ABUHPSLHCHE8,1
A28ORIA0YWRKEK,1
AARTRGFVZ9LXG,1
AMHDZ16XSYASU,1
A13REZ5NPV6L,1
AS730BK4JQF0V,1
AGJEFBYEYM9LA,1
A1720HQJ5FZ87L,1
A13A9XV81EQF30,1
A1NUAX0GYD3076,1
ASRMT0X0G4UU2,1
A387QAUJHI23S8,1
A3V8P0O224OBDB,1
A2YOI67EI4N4D,1
A20HOZHZ2URRLW,1
A3SJSUSBFQ1V81,1
A2DOKI3HUPALWE,1
A2RULKDI00UF1F,1
A36KQQ89928GK2,1
A7958QGR5LEDZ,1
AGL4FKIL9IYXA,1
A2C00NNG1ZQQG2,1
AJJQ188TFNITV,1
A70WOSKH59VRE,1
A3I5S0G8FMWV03,1
A1LUE84R341L1Q,1
A2VZ43530IHTJU,1
A2IF9ZFPVR0E15,1
AM3R8PW5WQ7UB,1
A31PXV9XPENREQ,1
A3UL00RH3B9MMC,1
AMFXT0836BF87,1
ANI8BTQMGG1R2,1
A29GWIJL72GXXZ,1
AUL0JCNC6QZ2L,1
A3VDWR7HE54SB2,1
A2TPCUVV4A98H3,1
A171OFMZU7XP72,1
A23MY68C1MAZVN,1
A2KPCPTR2Z3KA7,1
A3JUJ6UQVE5B92,1
A2TI9BIKPB7TZJ,1
A1KAE1LOY4TBSV,1
A32B6XWNR55SRL,1
A18EQZ8EIR31YU,1
A10CRW7XRJBJ2G,1
A1R0Z1BJGWRH8E,1
A12SBVZP1QK9GM,1
ANC58RQKSQ5DG,1
A1F041LBLQNOZW,1
A2G88IFSSK591Y,1
A32BQI4PD4MC1K,1
AHKLKGLLMS5R5,1
A3SIVSBFGWO03,1
A25UHHZKAFJ563,1
AWNWOMUT9HS2D,1
A2LZSPR192KEX6,1
A1WPDGKWL4ANIS,1
AR6E0WAEOCUKI,1
A29EGA8RIDPUJ1,1
AFN973QGO8L9J,1
A1V21SKYOEGN2D,1
A18AW14NE61NOT,1
A29KEBGOFM7WP3,1
A35B9KQC3483CR,1
A3S5AME3Q5SFDD,1
AJ2RVTE5ZN68V,1
A3A2QISZ44247F,1
A2HRHF83I3NDGT,1
A2YFWEBG4CGKP0,1
AGXS84QRM01ZE,1
A3ERS94QZJJ9EP,1
A3DUWI8P66G61C,1
A33E61AGL43KTS,1
A30UV3IIH7IJF,1
A1WGFWCQ8IQCWV,1
A1NJLUKL3K8BDK,1
A2V91VHCO48UO4,1
A1QNOY9QHX1YS9,1
AEMTCO56SDFS3,1
A1X9YWCDW70VCP,1
A3963R7EPE3A7E,1
A3QRPQFQLHDF2X,1
AQCZRP5A2QHBR,1
AQBAN131RIXIZ,1
AQN56XCI2R7L5,1
A2X117IF5LX1B5,1
A13WREJ05GMRA6,1
A1HBLNE8QYSG3Z,1
AZI2LSICN77KW,1
AWBZAHKAN64CO,1
A14RFF9JUIM34U,1
A38ZQZ8N7EDWQA,1
A3VFSX2M29WGA0,1
A3OSY1QRGCQRAI,1
A1J5BGM658BIUS,1
A1FMZGVDOLOP9W,1
A1FZZV7MKUE0MK,1
ALC8I6BZ0QDJE,1
A2VSI9JA8Q1OPM,1
A2XWP890G6ARFW,1
A1EB93IMG9QWBB,1
A7696ALS0LKSV,1
A1MEY9ETHMVX4Q,1
A1JQ7K37IVD50C,1
A3CDH6GBMQ8SF6,1
A23M2D8GZPCWCV,1
A3M42KV16HOLX3,1
A1SNYIW6EDDE4R,1
A2BHAEL2Q4HR4A,1
A3MIIKWIS9MBET,1
A1WLV9I6MMMDM5,1
A3KE44SZHUFBP1,1
A1URTX250HLGUF,1
A253X5E4L0DM0W,1
A3TRSUX9JYKNCJ,1
AK66HX2T0YN6,1
A2OZ5ERO1D2YOX,1
A4BLZ3ZNJ0YV2,1
A3CJABT03EG9FE,1
AN9FFU7XP6TL5,1
A2TUOJ0NZ5T01H,1
A3DVGMO8DCK8AX,1
ABDX7H5LA2IB0,1
A34G4GSIYY4JJ3,1
A2YA6QX577CK8Q,1
A1V427MUP6WWFE,1
A7KEXYO4RMXBP,1
A2FGU9ML27G3Q2,1
A3ANBGDAJX55HD,1
ARXYNHFIXEYO2,1
A2XR40GPJM6I6L,1
A36890902KUCK5,1
A26UGCSD0QA6FC,1
A2HSRVGCSNHW97,1
A1AW01QS0NVVDV,1
A2OXGLRMYMXCHY,1
AQ3Z6LHWZ5W7E,1
A2UFAKH7Y8VH5N,1
A141NV31GSC2CQ,1
AY5VJCY3K4DD8,1
A38CQJJOWSL8A7,1
A3DVCKQY3WN6ZU,1
A1FJU0BFGSBF3K,1
AG3ICATDLQ3EQ,1
A2HPFRNPZZ405N,1
ABOTQXNUBA1MM,1
ADCR5CY3S9AQW,1
A4J4J2V4KH7LY,1
A3EU21JSI4F2QH,1
A1KUKFI8NWFT57,1
A2AA9EL5OTG0T5,1
A119VL7KR5EIR6,1
A3NGOG8Z78AZSD,1
A3V1A3C9DTLPME,1
AB33ZRXEBG41L,1
A6EFPNEQVKUUJ,1
A32V1A0ER6VKTX,1
A3K7QTMDO872EC,1
AVBG4AB5XVKNB,1
AT4KBG3R728L8,1
A3I87TP2N3GXK6,1
A1Z4FT2OMHIYFU,1
A2BCB516A8HV6K,1
A3CX02IGUE2FV9,1
A3BOV3A8GZJ0AT,1
AEBC5HHLPWMLC,1
A3SCHXMAJDLLUU,1
A3N8O68DOEQ2FE,1
A2GBQVP43UVKTA,1
A1FV6SJ6Z27O1E,1
A14QLW52ATB8W5,1
A19KVCG1JDOGAB,1
A1EKSHKY9G1K18,1
A3KKULCHWGLL5Q,1
A36N2I7T8KSQEF,1
AAYB56GHHGB6R,1
AE5UGQ696VKHE,1
A1134O4T95NOR2,1
A3A8EWK181RGFU,1
A1S5QVS3YLY6FK,1
A1D8JPKIZ9SZYL,1
A3UWM2JGOASDI4,1
A35YJ7SBI8ZTME,1
A27PF7CJPO7AH,1
A3KHL3O4K6WMXN,1
AHXU85QHWB8JM,1
A2ZT5LYQVJQJAU,1
A2AXDNZG8JIVAW,1
A1KJRNFAO7K5S5,1
A1P8W0HATB9U86,1
A1TFS18UUUKO1F,1
A38155DKJODLWZ,1
A3KEH9CD2SPUEB,1
A22TJPZOUI9DE1,1
A1VQA08VWB9ALB,1
A22VA25WNAMON7,1
AF9TX1AH6OR65,1
A3GFK87L3P68AH,1
A32IJ34W2PUHT7,1
A13CEEFTSM9ZAZ,1
A24CLCP2DPE9ML,1
A310FK6D7P891I,1
A2CGLTQSOX2UYM,1
A2B201HPHQVX3V,1
A2TAY3SZ3TF5EI,1
A20IGHP5BJ4OD5,1
A1DE7W7O9L1UYX,1
AQHYPU9OIL1IL,1
A3RHCLAFMG8W8,1
A1ULAF163Z7PM7,1
A2AAB4Y69I91Y0,1
ADWUJZ8865J2A,1
A1WWZXNOXBCIMN,1
A1QV9FV8OBTHZ4,1
A2XD50D7HKTTZE,1
AEQ1H8QRESMPD,1
A2XWZHQ52BND8R,1
AEQKUNN8X67EN,1
A3SA3SI8HXUTWM,1
A3BSR1TPMAXW3T,1
A2CNZUBFWM361Q,1
A113JL355TBC33,1
A10VE1GY2DIMOZ,1
A4APIXYMVZGU4,1
A26SDXLH2076YY,1
AAR7CEPXYJA0T,1
A1R3GN9MEJFXM3,1
A12TAFRBBG9EI6,1
A3U7I2H2SLL8C8,1
ACT1EPHFS9E7V,1
A105TOJ6LTVMBG,1
A2T48324YQHU56,1
A3I1GZ3Z7AXSNZ,1
A1V5UCC82BEETQ,1
A2H4B42VDSFV2V,1
A3UP19I6HSILR9,1
A27C68294LPSDE,1
A2IP0Z4VPCAXZ1,1
A1EN0HIRFDGC8T,1
A24B12OG6NW0WH,1
A30RMQZADGBG6V,1
A1VNONWPXHI3LT,1
A1OA1WF8AOR39T,1
APZ51EQUCB79F,1
A1PRF8YIK73VH5,1
A2MGM6AJYYLSAG,1
AA6956HVSVG1T,1
A2019UPX8SO317,1
A21GNL0UCLB2SI,1
A3VHEYLZ0R7LCU,1
AVWRG73FEVBQV,1
A6Z5D6RNFVHEP,1
A441R59DABT6E,1
A2UZOEYWC4H6R4,1
A1HN2ZEPOV8JOG,1
A3GZZ7O20BZQ94,1
A1YMC7H5U3TQOU,1
A4BW957GKIJUM,1
A2ZD6GWOWGMC11,1
A2865Q3GBNDKFV,1
A3U9ECP0UKZYO0,1
A2P1G7ONLUBJ7O,1
A10UQI8QS0Z2N3,1
A1LPDIAKNVQNQ2,1
ANUZ58K6OIJN2,1
A14LG64GIVZIGS,1
A2I3RZM3UC2Z3G,1
A18Q0YU1FMO7TE,1
A3RNIG506NCWWO,1
A1PGGWY26N3SP4,1
A8IVR2DGBOR3Q,1
A1LZUJF8AQ796R,1
A6H2C3IPC0J9Q,1
A3R8M455KMAQ5K,1
A1SIX968W2WNZM,1
A2E2BMXO5WCNNJ,1
A3HYTLSRSV68HF,1
A102EC3XGCBZ81,1
A6CXO60VYUKL9,1
AZQ9DYG38GVBR,1
A2S462MQ984OD2,1
A33H8NZQ7UVSC7,1
A2QV5G2WEWP15M,1
A3M8D93CGFP9JU,1
A8AIHHQ300K0Q,1
A22WODWOZKCO40,1
A32S5XUIJ6NEX0,1
A1EDBC5HQQY98Q,1
A1W8308SYXBSAL,1
APSGIVBQKFLRY,1
AFFAPZZMQI5GW,1
A16TTF45LJY6IJ,1
A1CPPZT5ZNIM57,1
A3RVAT0EUNM2MI,1
A3SKD7PP6S0II4,1
A2AD9V438DGUYU,1
AO91OW1SZKSJK,1
A22ZZQG4FOCNCM,1
A5KVTBI8FA961,1
A72KEKIG7WATK,1
A33MZ69QV2G5F3,1
A7YKQRCRPPCMU,1
A1IWMPKH1ELQQP,1
A37NYCRAA80CP8,1
A20S66SKYXULG2,1
AXNQ3UXQ3P5HE,1
A2JOPUWVV0XQJ3,1
A2YW6XOID7GV6G,1
AZAC8O310IK4E,1
A1DA35S1UET846,1
A1YLL71R2M75LC,1
A3LISZ01VY6PI7,1
A8LEFDO3AKIJP,1
A179LO7TV9N1BT,1
A3OW28ME7CP7BV,1
A8E0SNQFWA5TB,1
A1BM3CYLFRE4X5,1
A1PHOPS0I4ADML,1
AAFIE0FF7B95V,1
A10CY1HLD2P2Y0,1
A3EML7WV7A5QZW,1
A15KZO444F3B95,1
A3P47HE94ZHGP7,1
A2PLSZ90SNG3FV,1
A1KUEYKLNP6CIW,1
A2AOZQ3WTNVVOK,1
AKYDGCKCY7H9F,1
A175DL6WO56TUX,1
AFW5OSWR85WRY,1
A2ZT9UP11DGS0O,1
A3J2YU2D9BH2J7,1
A2H9S6PTI94ELV,1
AYEXT1RVLWRXW,1
A3TNOAG3UIFQDI,1
A19KWXOS9L6WIO,1
A1RUOPLRT1W7P7,1
AAWBS2IBQ0VAU,1
A2HYEGYQXWXCJX,1
A1Q98ZMHZXOYWI,1
A2IUAT0NF7OVTC,1
A17VA7VAEI0PQK,1
A2QAH6UNUXCSP1,1
A1BBAECLOD0XFN,1
A3ONGNBZHTJ12H,1
A24X8P2TG2AR02,1
A2EQVLY0BKQINM,1
A36Z96ASIRAB1E,1
A1GHIZOF6W4VON,1
A1XP5DDWIHLH0Q,1
A2CS5VHXSF8ABK,1
A3G8YKV4Q0138F,1
AWLUBRTNZP5FL,1
AJK49DENMS2BT,1
AU9BPT3Y3K6J4,2
A3PH8X6N66K228,2
A3014KJFHAIMGP,2
A22BPC7LRSGSYQ,2
A29PAGCYHOJN4A,2
A16HZ3PVXRYR4A,2
A3OBZ4F27KV8NO,2
A2IQTGLZ3PIWAM,2
A1KGMLV9UME4EX,2
A35GCX48AVAQPB,2
A3A5TZ3IHOOYM9,2
A2UKE398XW8Z6J,2
A1RYHZGUQ705BR,2
A2V8WQ7E1OD7XL,2
A3SZ4CWC3X19SI,2
A2CGLPWEC9NL0E,2
A2YDG1XB9J2N35,2
A3T9GMK9ZYEAJ4,2
A32UKJ89I78SH5,2
A2U0ZD08F7EJ87,2
A1C7AR562HE0TF,2
A2DVQ6P0I1UUYH,2
A2IKX7H2PLHULP,2
A2AK9QCWJ7PJHV,2
A2CQC1UQ7E2YPU,2
A13WNGIMC3PSXM,2
A25K6D8IF14MW2,2
A34BFOXOM87TCY,2
A380W12QEPG2BO,2
A1LAAZUR8YFRW8,2
A1TYWW54WOSKCF,2
A33SG2UA24DJ9P,2
A5104FF4P1R9A,2
AU7L8ZYYMSNRQ,2
AQQA2GTK78VI2,2
AWN8Q7FYS4G09,2
A75XLNYQN0QRW,2
A16DPGQQ5MFJ8G,2
A1E7VTRDMI4XMV,2
A1PMOO5BRBUCJP,2
A3LWII71ZQZQ5G,2
AEFMWTH14ZFWT,2
A1CM4HI4S5P0WO,2
A1FNBZLJI88MQJ,2
A1Z6TERCYMMECJ,2
A1OO2SELSSU128,2
A11JDD2KZVUOT6,2
A28A0A6EDMP5P8,2
A2KIJBT9HRIOM8,2
AKAYUX1M0PZWB,2
A19RRN85DY4SB2,2
A1WMEVP3FN3F8J,2
A1JFNZ4UAMEZN3,2
A1BD4T41QJZBHB,2
A29Y0RIJ23SDQW,2
A1RHVVY6U02LN2,2
A3D5PYW78GKDWV,2
A1K1YV2K1958SE,2
AYMBN5CC7IUK7,2
A381YC9NE1K8R8,2
A2OTT4J4JLCL1G,2
A1RYOQDUVY5B0,2
A2SJ2SD6WIG56,2
A32D4R7O5KQWBC,2
A1XLLEHKFY3TN2,2
A2BK7LBCEWRREY,2
A3JTWZNUVOL2K1,2
AZGNX5BBS3UMW,2
A2BZNMPV1FDG9T,2
A3IPDGNMA9GXJ6,2
A4SVJ7V6HZF9U,2
A1B6O7SAIYG2N0,2
A2OZ96KRM10ST1,2
A344UAY8CWTXOI,2
ACH055GTTIGC9,2
A1WKVJZ5V4L08N,2
A1FPU7R5Q7HIDS,2
A1DF5D8N00SQR0,2
A1579YT6JXUHUF,2
A2QO4JQX6MTS75,2
A1TDXHM6S7HOET,2
AOLQ22OA3HHHK,2
A20ORTSQTEQX0Y,2
A2MHHD7Q2ZCZLQ,2
A1STE8GFJV0JBM,2
AMC5Y9SMC96Z1,2
A13LR4L955N2NI,2
A34DXV6MS7G9CL,2
A1EGEU2T7ZQQL8,2
A3M1BNMWE8A633,2
A1KL1YVYYMQE2E,2
A1CZ8JTF1JCI72,2
A1F958T2GSWCEK,2
A2XTK6CZTWSCKH,2
A2ECC8ZVI96BNV,2
ATGYH0TKHY9A1,2
A893NEHDW6NOL,2
AFXTKAO0CB354,2
A1U8YBMDRO6YA5,2
A1LVDHMAHS387Q,2
A3SOURAY5OD6Z5,2
A110PC8C5Y7MQD,2
A12AYONFLIYMSZ,2
A30OCGX9SUDKUE,2
A3KJ12S3O5ESRW,2
A1YY6103EIE3H4,2
A551XNTLYOHAS,2
A1WJBY269CG7AC,2
ABYBC49OP1MZN,2
A2YXS8NCIO205E,2
A3RR3PDK3FX6CO,2
A1DVKQE6BFL98Q,2
A1GYV9PJ0U8ERX,2
AQDJP0D7EALAD,2
A34WISS43CVLDP,2
A1L34X2F3YTD7E,2
A3ORP2IZ7D19VP,2
A104F83PVACKQF,2
AT6EUQERXGR8Z,2
A3DWLI9VIYXI16,2
A25KZDHFZKWC4V,2
A3UQR3IEAL6G6A,2
A2OPFKDHSH8T31,2
AWYSI7X29SQ9D,2
A38UKFBS0Y3KZY,2
AVSVOKDI0AGR7,2
A14344GE7UZNTJ,2
A2QCJ9VR3SEIR0,2
A1CLS326NEN86Y,2
A2A9X58G2GTBLP,2
A3G5OZD8J9L7NW,2
A2YQHMDUS67VDC,2
ARR335JD5JNJ3,2
A28DUP3ZYFS6NH,2
ABQEDHBG91BBR,2
A35PIJ9XIK1QDG,2
A16F3IAR2659FN,2
A2V69WVX5K1CHO,2
A3JO38KMWIUHX8,2
A12ENBT314RFXR,2
A3JHBKWQWS36YL,2
AST7UNIXVOAVA,2
A1MO77HMZ0QYLL,2
A2462LPFBLFKT6,2
A3NESHNWS733JS,2
AHMV0VLLZSM18,2
A228B35PGJ9S8I,2
A27K80SBJQQQDS,2
A1PEITQQFYXYLM,2
A20G957N2TEVQX,2
A1E6U796EWSWXL,2
A5V1EF2BNERO9,2
A2ZOBJMDF6EZTH,2
A1XKCHZELFYG6D,2
AT7MEX6AWQF8P,2
A2EGVV7O4CEOIT,2
A3DH74L21G9QFJ,2
AI19J9P1TH9UD,2
A33GR4CDLG08T1,2
A2ZY49IDE6TY5I,2
A2YL9FWBDJR4KL,2
A2XTPC8OBW4BLB,2
A3KDRLIBWILPMJ,2
A2IBK009X2XXDH,2
A1AMOQQ6GCKDNQ,2
A2R4W72HCKFQHZ,2
A1O8B339CM5VAU,2
A19SXS5PEC80UQ,2
AM3N5LZ7BETCB,2
A2H629SI5VJGRM,2
A2B1OJ22IYM3NR,2
A3NR9E16US91MM,2
A337NTGIG1VMB5,2
A19B3LR2VGAP88,2
A25E8V5JMW43RY,2
AF9WWJL5J3NIU,2
A35SXNALXC54WU,2
A3HKEH7RU4OS0,2
A2HDTOF8222KN3,2
A1X6TD4D3D9YUP,2
A16EE2RD5VLYE6,2
A2GKUSRRPCOV17,2
A3L3EEJYMUPM02,2
A296QHS9BLVFLH,2
A3PGAICBV5O6QR,2
A37LCWTTQMBMFX,2
AFNG8O2DXRCUV,2
A3MN5FMEN5Y4R9,2
A1UWVLJM65EEFX,2
A2JFF23K5FUHE3,2
A20JYIHL1W1U54,2
A3SFQQB23IZVVL,2
A3A5VMQMYTLXV9,2
A2CX79FL19TP46,2
A1CGJPFN8KPTDH,2
A1XJOSJN6FHFO0,2
A1JTSRG8SU4VFO,2
A3PJTNFMKC508C,2
A1V8ZZOQ50N74V,2
A3QCXIDIO5DF00,2
A3W4D8XOGLWUN5,2
A3890NYX72ZQ,2
A1GSJ4TMAE2MYC,2
A1IL8I2ZD6QVVC,2
A23GNFDESFFY6C,2
A3PAJ1KIMSH7FS,2
A1HUCUAIH6U5W2,2
A38SK72V6NORUP,2
A314ZLRAHHWEPZ,2
AHOJEEMOIKMCR,2
A7Y6AVS576M03,2
A3NQMOURCTVI40,2
A1EE1HLYUIJPIG,2
A187S6RMLW86N,2
A9IP685WQXGQ2,2
A33M07VZBYRMPY,2
A1CBVD5P2MTW3S,2
A2SATO5BNKWY3Y,2
A1YY7XFFU5IGE8,2
A2F3Q2C4S0TUH5,2
A3U8J6HOIYKIFM,2
A3BUBZG2VAP67E,2
AMSOH6T6E3FSJ,2
A2IN1WZFQAC298,2
AKAWPV482ODX8,2
AICUSSCEK2P4C,2
AZ5A2S8UZ7RTL,2
A1X8WKS6S294JE,2
A2DIPVQAX7SN18,2
A2ZT1CSHU62UOL,2
APB1VAE7P1CAV,2
A37RCN295YXNKD,2
A2MF5NKKRVRZTJ,2
A2245J0YNO975U,2
A4OAW3JQC5UNM,2
AUPCERMZ6ASML,2
AUDSB403UNG6L,2
A133Z74IY6J9D7,2
A1DUC23R0YP9F7,2
AVLWZUZ594UT4,2
A3HQS2YTR4GNC1,2
A1CXY93H6HE4EH,2
A3HIWWY0ZDLOJG,2
A21YQTAQRSGPNN,2
A3LBFWWQGQYV48,2
A1CAGTNRSFHJNJ,2
AHOH3V3AVVCL3,2
A1A8Q7LYKJ7B9Z,2
A2YG15FR3JP4JC,2
A3L6XHA5FVMN16,2
A134XZNXCGU7JD,2
A1BYM8XCLZTPMY,2
A12LIH1OJZIDKZ,2
A29UNXK7F3S93L,2
A39V9ZEGFFD7JB,2
A5135DZW9GC8X,2
A124ZQ5I18IAB,2
A1CIFFHXSYF5KT,2
A211A51H4XNPUF,2
A3C65DHC8UBUNC,2
AGG6OMGC18HF1,2
A1DYB9MKFYEGS4,2
AFQBS241UKPAZ,2
A2I7TWQ62H1VF,2
A2GKTKX1U5HW5J,2
A3UNITKTFPNT9W,2
A3OZQGMISIJK61,2
A1EIFZLXET92Q2,2
A3MJTC00XJWGBF,2
ACSCECQJQNT5I,2
ARAS5VERQ8BH2,2
A3CQUQ28OKOMMT,2
A23QCWXEG3BJ9H,2
A0266076X6KPZ6CCHGVS,2
A3AX4XM1LHS0GU,2
ADQCC6Y5SCLK5,2
A2756CRIGV5V7T,2
A13EQE9EY2ET93,2
A3ARNJ9NF0H6YD,2
A3FY3S8KMC5X82,2
AYMJ0CNEMPG48,2
A2KK3KCSA118PF,2
A2H1X4B3ISLHOG,2
A16WND1BVJCQJV,2
A19TDF7NK6BZHZ,2
AYAH3223TN3YU,2
A2L5YC5Z8JD34M,2
A3F4OHY3R93F78,2
A1HRYC60VTMYC0,2
A2EJZ5ZIGVNYSE,2
AEF7CR8SNCYF2,2
AMHE73T0KPO2H,2
A35IK5PV6GLP31,2
A41I67QYRAOSQ,2
A3HOD6ZNT3Y475,2
A389M5HYNF26PN,2
A2HMF8ZR67BNZS,2
A2WL349JI5LCWX,2
A1644SQ9ZZX25B,2
A2TXG0E15EEHKG,2
A3HYYO8PBJZ0J0,2
A1NOE0PC1W7ROU,2
A3E6ZJMPO9SQWO,2
A1PC3H8P4MZ3BV,2
A1JZHU0WUCTO4C,2
A3HD4V3W6ZLV4N,2
A1Y7QU3BUUSI6R,2
A3S47OYFMIQT5N,2
A1K28ISPKGE4N1,2
A9WFV9DEWY4S0,2
A2U3OEIK1CUPIK,2
A3GOSA8HXJ6IHZ,2
A2LB8VDT59VTP5,2
A61R1DEE1MO2Q,2
A3N0P5AAMP6XD2,2
A3F5B6FVK7KOJ7,2
A1H7JRH18L2BXG,2
A3KOJO1L2VCAV,2
A4JHEO7H330AF,2
A1XFI340SHOS5K,2
A96AON1A885W9,2
A1XMNRX9WW7JXR,2
AVE2J7PNE0L9C,2
A3EOMRZFU33I6Z,2
A3CGEKPKOO35B3,2
A2NOW4U7W3F7RI,2
A33GQ5EG104KN7,2
AZXP46IB63PU8,2
A2SPHO9F2ZL98F,2
APJB1OLRJC53N,2
A256S0SNCGFKGC,2
A1V7XAW40AHFQF,2
AS0NBFJ2W5NSW,2
A3JTMBFD3MOZFQ,2
A20BHA430QDYV2,2
A2QJ3GNQ3SYKCQ,2
APGS6U5D8YRII,2
A1DYHNSD4T1LEH,2
A2XF4BFQ1WPR2E,2
A112SYEKX4ZTUI,2
A11YC90BA0KJQ7,2
A4ZAGU38SC09Q,2
A274MXTX3DYLUV,2
A21OA8773GTIKD,2
A1GLMR6A34M0VV,2
A2ZWLZHPWI6JGG,2
A10ONZJPXOK6G7,2
A17YNSMOWM7U3I,2
A32SE19753YIL4,2
A27DUWMSKPPGLT,2
APIXJQATQT7TK,2
A1Y6N4X8FV6IAC,2
AWAJT50EE2PBD,2
A2ZI97NDT655W4,2
A355M74J438SGG,2
A2OXV9Q03XSKV6,2
A3MHMWIQ2GRHC3,2
A1AGU2XO1LL0BI,2
A1Y8NN628X1IMH,2
AQGDI4H921BOU,2
A3F2M27L02YDLM,2
A37T4NN3DV3U75,2
A369AXZV1Q2LDC,2
A2RA2SK1H0WLQG,2
A1E8XGHM6Z4W93,2
A2N3OJ1T4IKZBM,2
A3JIPMKVVJGVFP,2
A2LDA4B81XDVJM,2
A2KKVYSLUE5JFR,2
A3UCNSBH307OEV,2
A4QCYNKAT2UN,2
A2VME004JAPD41,2
A2K51F7XMZ3YY3,2
A2Y6MZHG0MPCTN,2
AO2FXIAM4EKOS,2
A2J5ZIUR1C1KKE,2
A14QXPTYZ90Q7M,2
A9PYOVIOGN5JL,2
A288QFC30VQKN2,2
A2CNXXVWOAPE0B,2
A39DZU4YRGKWAG,2
A7Q5OECQBQA6F,2
A1ONY0WZAL2I3U,2
A18RZLFVFN6697,2
A141E91QV31KER,2
A1V5M5ENS5YBK9,2
A37OD7AIUMV3EO,2
A2RYWJMMS08S29,2
A39KTSPC3MP53O,2
A14YZVQTMRO7NE,2
A3GM3KMDA3MWIR,2
A2GKXXW2731VKS,2
A14JTZ14GIYM3E,2
A32DT10X9WS4D0,2
A1HBINFSVAQ7G3,2
A1JH4RE328VB3K,2
AB5E23ZV79CVZ,2
A21FX4X350687H,2
A1561RLF0OTK39,2
A1Q587F0FDB3EV,2
A2RUJAHQLGIOGP,2
A1ITXFX7GG8I60,2
AA8JH8LD2H4P9,2
A1XUQIA7Q0BGJ1,2
ALKT8NT9YS9MR,2
A2OMVQGC33VSNC,2
AY7RGI58I9W3B,2
A6FIAB28IS79,2
AN151W7OXZERY,2
A17MH3UHMGOOC5,2
A3D7BGK0P5QY0X,2
A1F5IRG9LIKM2H,2
A24VVE3E7D4GVQ,2
A1O3FYVHHWC8CJ,2
A23QTZE764PJNS,2
A2B37JAQUAZ29N,2
A3VYTHBU44KOWE,2
A1MJ35T7A49TCC,2
AC8C9PT59CDW1,2
A1L4X5WXISICFR,2
A3RTSHT0J64TY4,2
A7MN8VRWL2JOK,2
A2O28GXZHU7P3C,2
A19TH613LUQJ4X,2
A3UNCJ8G4GLHDX,2
A1IJ9KI79QIGCU,2
A2OH37ZS0I1RSK,2
ATQ97ZM79XJ3J,2
A1A5532VDV679B,2
A3EDICFQJDXT7L,2
A2BSW8L2WPWNAT,2
A3O12K1YQR2FZ9,2
A1G6M86XS35YS3,2
AOXDZSY5AGHEA,2
AM5176KRA9JA9,2
A2FKYKDGHWSOIQ,2
A24DDONNQLE0K,2
A21RO7OWHHHUOK,2
A2X9H68QLS42Q7,2
A2XAMPN1ZH4FGT,2
AEF4USLDQB9WG,2
A2TQ16HTB6F0JU,2
A179EHWXB6NSIQ,2
AF1NQ69CABFD0,2
A2PMM1LP41I6IN,2
A10SRJNBFF2BGY,2
A1HH11STE53V5,2
AD3EX5UG7UZPB,2
A2KK14LTLA9DPK,2
A1J93485GAAGED,2
A2HFOS6ULS3BQJ,2
A1GYAEE9ISZKUA,2
A1M0M3TOS6CD1A,2
A1BQ9NX14RQZVX,2
A2MTXUIGK2736T,2
AH91ZJ8W8NCLR,2
A33AQU9PASHWOZ,2
A1YJ09IVYZ0FW0,2
A19GDOQK033YCM,2
AQDP0LRIFC9UU,2
A4J496S0ASF2I,2
A3QHAJV442WLZ2,2
A3K129H6GAF9E8,2
AZFF4CX9MQ4AE,2
A3SGQUKYUATAM8,2
A2DJ7MDPBNZW6J,2
AIGZW643OAYGT,2
A10QQWAYZVX2QS,2
A2ZJPDH0YP90SD,2
A1TCD3JA870YCJ,2
A1KFSMS14CY4ON,2
A1JEJEDR7NDZ7C,2
A7HPQEWKPSFJ6,2
A353N8AMEU296G,2
A3GHZZM7CNK77I,2
A3T767O02CHFN1,2
A2QYZET30IH2AI,2
A2E7X11Z8FU5IG,2
A3RRAIE5VGNS0S,2
A23205H9PLIOC0,2
A1I090FC32L88Q,2
A19JDXB5R33C7R,2
A36CB8LS12L46X,2
A1FQUFDI4Y67I2,2
A20FMZR1LNNYJS,2
A1HWV9AYUMH3HV,2
A220059NEEBEX7,2
A2Z7MIEHHW9AIT,2
A3O64PJAT8FRAU,2
A12DLJESJKM1OQ,2
A1BPRRT5QIKU8J,2
A3THJLGG03GA3S,2
APK74RJ5E0DDX,2
A3O3BZP8IM8SP0,2
A20BB7TPL5F7G2,2
AJRCUR3RS5A1E,2
A2OLJ3NHHOHCHQ,2
AZBXKUH4AIW3X,2
A15XMUY3LA6O71,2
A30UHM6OOPVHNA,2
ARBCOEQNK389G,2
A13E4PY6OVAGTX,2
AZXKUK895VGSM,2
A2DAX9YH4EVXB0,2
A3F68N9OI8Y67,2
A3FKQQTSMHOCE0,2
A3775OP5VTX5ON,2
A3TPXFQ9CIK7OF,2
AN92U23LYTQBR,2
AOA9M17LG2JQE,2
A26WI0BMA91S32,2
A1Y4MY6KYVUTIA,2
A342ZILZJ260ST,2
A1F4EPSDCON365,2
A1NAA1R38JSNHV,2
AW8YACI7RNNC,2
A1K4AVQIU704DY,2
A1MGS94AG7NSZL,2
A2MGJ33YCV2DJM,2
A3L8CZT6T4K4PC,2
A2R6RA8FRBS608,2
A1BMA0RHTVO7X5,2
A3ST3KY96FDE6I,2
A1XJF5OXN7NWGG,2
A2D23Q75DN4LLH,2
A119IU67AHNE2W,2
ALBRW4Q4GOTJ2,2
A2I9XSZSHXQ3OZ,2
A34N4IZ2X6V08N,2
A2NZB5S3QTQRVS,2
A2MTU2IXXZ35ZF,2
A4MQ4HZF3Q7JV,2
A3SCTA36FA7E88,2
ADMWYMH11LD27,2
A191KD41X3I93D,2
A3UIQ1DG8MOREB,2
AA63DLG8HJ2JQ,2
A3NID9D9WMIV01,2
A35HFZ8O44O062,2
A4SD1MX7QMD8,2
A1E4FASFO78Z77,2
A3OB4235TKCL8K,2
A18759AMQBHXCW,2
A1TDU9KYO4EFE4,2
ARUQAU51OAMTQ,2
A3KRRB6SG6P63T,2
A1Y09QLADQYQJG,2
A30WDIW9B3XQY1,2
A240MCV0HMI7VP,2
AFERF0ZNBKAUS,2
A1KDUQ2HU0WD68,2
A2W29HD38V9F8X,2
A21C8Y7YS25NI9,2
A1QE936PWGY7BE,2
A1QVS34FWGRAVG,2
A1L1TSQFQ0HQL5,2
A2ZHSHIVYKUFQQ,2
A118A49ORGNEUM,2
AYEGDBTAK29JA,2
A1THF19PO0LXRD,2
AJ4YYD8VTYQ5R,2
A369WEIVFS31G7,2
A2VYE9EF6VA5CJ,2
A34CK5N0R36M7T,3
A2Q6VIQLGXXLGD,3
A2E74YKJXGZCJB,3
A1NAP0D9XV7KA5,3
A1590KJR2FEHI7,3
A3HK1EO0SEEB8Z,3
AR52CXOX54AW6,3
A3TT2RMPFK7D1W,3
A22IDP8YERZ79X,3
AJCHGS1GND4OA,3
A2FW8B993V84VI,3
A3JX53X4LT4VA2,3
A16QY8VBHHP9MT,3
AVR7XAXTFT3K9,3
A2SF8O50ZLJOC0,3
A833B463ZZJT7,3
A1KLOJVF9LHYIE,3
A2Z5C2MD0XL1QB,3
A24MX6O7YJGFBO,3
A1MIXY59EXC90L,3
A10X33VL24RGDK,3
A8DV5O0AE04R1,3
A7I6IEAQZIT9D,3
AEL6CQNQXONBX,3
A340AUQWQ33Y69,3
A3VPVJMLX1X3L7,3
A2M5KSLIOG4T4Y,3
A2886U6R12OVNQ,3
A39UWP91J5MQGE,3
A2ED2S3APUJCWD,3
AW07UH6002PLJ,3
A2J1WRE1KQ5CS2,3
A3U52V5ZAHZZKU,3
AZA96HCU57OVF,3
A3YDHETUB0LHF,3
AM5JHS4J9K4SP,3
AM20LNMBYFHHP,3
A303UDTZGJRFL,3
AFAFH4JV0WLJX,3
ALZ796TTBBDBL,3
A2WB7LZ595CR50,3
A1BMPAGUVC0T9W,3
A279M2SJNQDWM7,3
AVWFHFRDVOC6Q,3
ANV2AKYYI04EU,3
A186R37OQQ8TP1,3
A20AQR382659T9,3
A339DV3S739GE8,3
A2399LYFEX2HV0,3
A2SI71XM3BMLAD,3
AWS3IPO8RQSUB,3
AA0IWAA89O93S,3
A2M7G89B9WKLG9,3
A1GCLR2XBUFH6,3
A1HIZC2BJYEY5P,3
AXI7RR4TBX3DZ,3
A15F2LYQBHNHDK,3
A1EO5YR1238VL3,3
A3F2NSR3N0UKP0,3
AEQTA2UFF0N1U,3
A1HGK2XHW9J2PL,3
AVV7G36385NL0,3
A2ADK1Y7WSPSGP,3
A1MG8G1VL8C1WY,3
APHEQQGFN0F31,3
A1WKJRJRP3BLVS,3
AC84VPM3281GV,3
A3AGSFLNNIFKNJ,3
A2DJGZP9NFJDZB,3
A3GIZQ450133SC,3
A11L3AWH521WFV,3
A3FOXL24P5ZGE8,3
A11VI2ORDN0AHS,3
ARM4MTNZK1975,3
A23B499FWWOSAX,3
A23LM7S0TPQSCZ,3
A2IEKS5Z84WVSR,3
A15HFUSQXBTE76,3
AV5OYCF0TNUZZ,3
A24IS1LEMFQF8C,3
A1FMPZZL2642ZL,3
A36CA7WO8H60SK,3
A1L6PBIR22S3FA,3
AM76TKHVICZC6,3
A2HCMW0RU59GPJ,3
AL8SQYYI1BZMW,3
A1IDFR483R23N,3
A3C6RY5QEY89CE,3
AQD5KJ615OHJN,3
A375DGFZH425FM,3
A1J5RNQJD3TPVN,3
A2ASJCZAYXEK0J,3
A1HSX3ZEQI9QAB,3
A1HE9XEZ3LPP6B,3
ATRZDZST8GM5W,3
A2NXHKW2R4IZNG,3
A2L7WYA5OENV03,3
A3PW19X5NQU3EF,3
A1SKOP77DH7TEP,3
A4ENZCYML4OEG,3
A3TIJC6L8USJ6Q,3
A2MBSC4S2PJNRD,3
A3E5SOPIL985NQ,3
A1L8H91F2X4Z6H,3
A1027EV8A9PV1O,3
A10KDHOU58875,3
A1V6OO610O7MAO,3
A1A629D04LRFUD,3
A2BUURD9JFCRXJ,3
A20HABKJ0CDE1F,3
A1UKWI7HRNRTGO,3
A9A0W7JKT1ORD,3
A31DLX6GSOPHLI,3
A37NODCIL8PP75,3
AVX4WIV5O4F93,3
A1NGKLLPET4J88,3
A35TD8QAUMV0DB,3
A1UEWPPJHPS17C,3
A2VM1WK24SIX6O,3
A1GYYOE13EFKKW,3
AYR1AP117UBVQ,3
A1R5NYTW214KG4,3
A1K79LEZS4KGUM,3
A32ZNPZDXOK609,3
ADIIDEMF3LB1,3
A363QRXP83K8ZE,3
A1QK3W42I9LS30,3
ANE9603L1IYFG,3
A2UJW6DKFDEPAS,3
AZ0SIZRQWN7RC,3
AIE03GJ95JW3Z,3
AGX4R68F1QS36,3
A3RCGRXYBRKSRC,3
A28XLRMDS3C0P,3
A2VJTJTQPCS6GO,3
A2PE6WM9V5A45Y,3
A3077MQTAKOVFZ,3
AE2D68WKW23T8,3
A1GKAGU5JZODFN,3
A1UEZ7R88W631V,3
A1XZRI9693K0N5,3
A2424YRQZO9LE0,3
A3LYRF8UZ0W182,3
A2IBDTAQUO9UI8,3
A22EP447IBQNB2,3
APEJ8EJCC8PQ8,3
ARHPPI71WHUZ3,3
A2SWRBE4RQEBX8,3
ART6PY1KQ0CR7,3
A6MA0VVEUCEVQ,3
A1IEGPT1Q5D3R2,3
A366EEYIQBU9I5,3
A33YH22HNC1POY,3
A2QIB13E4TR50S,3
A2BW7NHB67AQWP,3
A1T8IVXCCBEA44,3
AYOIM6S23UDAH,3
A1NHTHTDTL70OV,3
A18VT083FG5FLJ,3
A317L56T9Q55C2,3
A1409QCA0NZMYG,3
A1FXR3BGMW7F22,3
A3OLGVL02YNQDK,3
A3N3LPHLB7V9NV,3
A2E4ROH3UVXCEJ,3
AM29FF4K9EKVN,3
A10WILNLQ44MGQ,3
A1C2FHDWS02T2Q,3
A1GP5D3MXBKUQE,3
A7JK2LY3CHJ2H,3
A13BOWET73AJQ1,3
A1YUB4V9OHM4YI,3
A3RTMCOLN1MIJW,3
A31QX4MCDU5235,3
A2VHZWRA699KYR,3
AXW14DXA684N4,3
A2VUYZAEVAIQHW,3
A28EZVGVWMQ071,3
A1ILS0R3USIU9O,3
A2VGUQIG98B6R5,3
A2XOUBTCDPFMBB,3
A2QK0CVRJVW7PX,3
A1ICDP1SXHZE0U,3
A21A9F84S9AZIP,3
AKV3O0ZER47PE,3
A2HGVGBEVX1XE,3
A3J5AG30K8Q7QH,3
A19TAB9NLAVPPK,3
AD2KEOIA6BSUZ,3
A3IMIUF9L0RK4E,3
A3U5HTOOB376EP,3
A2I6H0OBCTMNN9,3
A1UGRZN0EE60FN,3
A1FF2PLA84KNAE,3
A3VIQIGCO4AHR6,3
A14453U0KFWF31,3
A2MNHYUXMW4KW7,3
A3JN3KKON08QBM,3
AHBCFCB295VIS,3
AW6A4PPENVZY3,3
A1XZGL8Q0L8G9U,3
A1XL5KOLSQT6KH,3
A1Q9NE8OY1XD5J,3
A2PC9ZZIFV31B1,3
A2LYL1FEOLWFSJ,3
A2DGUUI336IOPT,3
A3SDJ70H00OQCJ,3
AAVSL38E1GU2L,3
A1SYLII0808HD6,3
A1NX2S8MYXGEM,3
A3H6HJSLFNLGMA,3
AFDAQD10WTBAD,3
A1L7M2JXN4EZCR,3
A185LIJJXANIWM,3
A3F4DSZ38VDKNR,3
A2RWHTNM5P3I8Y,3
A9R1940MBF122,3
A36EWCNCF4OQG8,3
AI5CL94ZW72ZM,3
A34AJOQX9NGT7G,3
AU23M8NFNISHE,3
A2QAGLOY2VFUYU,3
A2M67X3IJ1EMIH,3
A1L7QES3JBISFS,3
A1VY2CG81I1JRR,3
AFD5G92D7R972,3
A2T1BB7S1F9YYU,3
A356RFKNIG043B,3
A1JRB7WNDFJSZP,3
A633NIAR4JJAR,3
A15BN1AMRT8FP1,3
A3F0HJLB79JQJ4,3
A3CKHLERBVJ86H,3
ARPX4QADOUSVM,3
A2B54000WDS6D2,3
ACNAJKU6NPDW,3
A1EXXVCOOMXEQ0,3
A2T4KPVN5XQ5V6,3
AQ9O2ACE8C9WS,3
A2CUOPUW0ZDPW6,3
AF290PNTO838I,3
A2WNVDIUMPMD87,3
A38FEJ8BPFY320,3
AYJJDQQ4EZ5V3,3
AMDZ6MZR6CRG9,3
A7829CRHD25WU,3
A313H6238N589,3
AUPIVCP28NXK3,3
A9X950RNKST4P,3
A2ID51FCQFBOFS,3
A2P3LG0CZ2WNX0,3
A2HZP3EPX0AB8E,3
A3MEFZZMMGIECW,3
A3NC84WPNQ74I4,3
A2A817AADURYEF,3
AAW4JYVF4B845,3
A300M5BZZ1FWRX,3
A2YF4URKFGNEEV,3
A3TDYJPBZ7DXE7,3
A3KLPTNEJ28OS2,3
A2N67VW99YXWAQ,3
ALUYNO0PD2ARM,3
A2CZW7M6NJT8KB,3
A3L0LXJ66P4OFG,3
A1400N2R4PQTWF,3
A3UR1ZOS5PQGMP,3
A1OYKEHNH3E23C,3
A3IWKEWM9EEPFJ,3
A2MPT0SEX1ORN7,3
ATWVJUHW78DQL,3
A31F722DD3E761,3
A1VNJIS05GETA4,3
A1B30WMI3SO6CB,3
A2BTUPD2PM2MRU,3
A1NRSZN52JUEM3,3
AMGNNJWUEIJ59,3
A1XE3M22N91451,3
A13P785VXM6DBU,3
AKS51UDRDO6OP,3
A2I16SKF3RHED6,3
AEKNT5K9X1ZI1,3
A2583R6OPKM7CN,3
A3AIM9XS17T39P,3
A1ES9YOD55CMER,3
A2WUGQKN584PCJ,3
AJGXGXR76J1C9,3
A2I6KBFBFIORH7,3
AYXJMJJJ8JMXH,3
AG20C61GKNS1Y,3
A1BMWYN78HO3Q3,3
A3SINSKZTVFCX,3
A2HLMXUSTCSK8N,3
ADF86HAB3K6EF,3
A39TSOLD1HTE8M,3
A2P1ESXY3TK3UM,3
A1WVESLCYWGW0Q,3
A1FF0KZ7KWFDDH,3
A191ZKMLDYIMZX,3
A99TMXJYXUL55,3
A2VV9CK8ZN1DQQ,3
A2X6CTUCGR89UU,3
A3OUYFXUOHDGH,3
AZHXG4UKZZLAG,3
A30YRZHUDGLEK0,3
AAO47M51C3J98,3
A1C0WNM0G18HJ0,3
A3IL9TABNQ0SYP,3
A3RMXJ4XMR56GB,3
A2EU4JERXUZDSI,3
A22V3DIEBWPRKW,3
A27IPICV6MUXIE,3
A32MJ9F0FRBUJP,3
AR07B1BMVZ3QC,3
A34LPMU4LNSJC6,3
A1WR0KA61A2CTW,3
A1RHA553QUE54L,3
A1KE06KXZCYVWG,3
A143X0EUX2LCDS,3
A2O5V1WMIXX0NO,3
A34NVQTFD4QYJ0,3
A3RLE0OTW1Y7FW,3
A31K78RDPK1UKE,3
A2T5P0O707ESH6,3
AFXNXN8TMGKZF,3
A2S728U0V6CZET,3
A3UK6XF38M32SK,3
A3QJFOLL5KGS8H,3
A24C863NNAPCLW,3
AR1ZV5U2DYA7I,3
A81LEWNPJ49WO,3
A130WL3J4YFXK9,3
A2VUAICVS9XW35,3
A1PVB6CEXP5M9S,3
A9O6AL247M1F6,3
A29S8I5VT9TKZA,3
A3B21ZWOW9I4X7,3
A35Z3TBNCQU3VY,3
A2VCAIFRFMLMMD,3
A3D7IRV9BPFK5J,3
A3C6RYB83KD1GX,3
AT4MNYYZWM907,3
AUY3CWAZDVGT5,3
A2IV2LFAX3E6D9,3
A140SPVDYIRXZA,3
A3OGYYZ007ABGA,3
A3OMSWC203H2YZ,3
A20WH8FQNXNZSP,3
A2ITSA62XD9VUD,3
A3CA8KTWWHA0JI,3
A2IXOX389FMB4T,3
A21YOY2I4CFF02,3
A2ZTSJRF8PYC5Y,3
A1YWOG0NT12J96,3
A2LFDHTL18INZQ,3
A15OQ0YZCQ787E,3
A3EK5TRR1L1WR8,3
A37YWL8YILUNDL,3
AOOZR8IN9NYTA,3
AI8IWYR71IOQS,3
ARHGG2KXAPR32,3
A3QR5KBKZFDONP,3
A2IFT8RDBN3P35,3
A3DGGVZIS0QCQ9,3
A1ESIPXHHGJS16,3
A823L2YB2FKBC,3
A54S9CIUV5VNB,3
A1T5NZP0LNRAFY,3
AIBGSX2D3EXU6,3
A39LPV21N28L0D,3
A3P2RMAC6YQ51V,3
A1IO8365H969TU,3
A3V0PEIMOBU8H5,3
A32PQEIVGTNG4J,3
A2VWE41ZS0TYEN,3
A2SEQUFN8W7D07,3
A2ZP7F2XXKGUCR,3
A2OVKPY380S7M3,3
A1NMFG57527DGM,3
A1MHDCGQE5186H,3
A21EW1CMBF5UKC,3
A3F0FKIHTLD4BP,3
A23A0SXUF6KKF3,3
A2KJV9P3Q523CI,3
A2JNBBSGJFN7EF,3
A1UQRSCLF8GW1T,3
A3KSDF3A05PXJ7,3
A1RDVQCQH9I4Q0,3
A3LMH1951IZZNV,3
A21EXYTX5JWPAU,3
A22ELKXGNSSWDQ,3
A7DVK8H0OEA26,3
AHXO4X437S8CQ,3
AVM0RJ1L4FBJW,3
A2EZ80LJMEMJM9,3
A3EMAT5NS591P1,3
A10H073G5MOLJA,3
A2582KMXLK2P06,3
A6312S8QYEDED,3
A1W0XZWS8QC8IV,3
A30E73YLNXH2LJ,3
A3FKLAPAZ8PFMO,3
AF8QRIV1ZZXDE,3
A2WZ9UMCNUGRUD,3
A2MML4TOL6Q7BG,3
A10K4IH3C93O4L,3
A2IGPYY0ULFD11,3
A9LLNBBOASWCS,3
A2HDRD3QSR2XWC,3
AWPODHOB4GFWL,3
A2GKFYK7QKPUS6,3
A19VPQUXLUT46J,3
A32LX4XJ2LU740,3
APV4CA1BTAGQ3,3
A2I2DE1DJUVQOO,3
A1CC0801G6N9GO,3
A1J75JJ0Q2OEJN,3
AN6774EDYBQPP,3
AAHZ6JPL2S8YA,3
A3119E8HWUNIR6,3
A1RVYSEJCY9BJS,3
A35ST5ADM1MSQX,3
A28J0LAHKSFTQI,3
A3ADZPLY7C1TQV,3
AYPPJ3KQ6UDOS,3
A3AQOHP0SK2JBY,3
A360AVFBKSAY4W,3
A307BM12B9ZPWV,3
ADH0XCEQ0TXHL,3
A3L18CVCO055N4,3
A2VR3SNZMCUTZ6,3
A3FQTCYYVX5M5A,3
A1KZP366BCW0CR,3
A39WL7TJZW0ALV,3
AY089FCEGRV2G,3
A1TPQIM8DOH9JN,3
A2SS9DRRQQ7EG5,3
AJXQJ5KGNLRVS,3
A2VTAZ74VGR64W,3
A3MZSWSG6L8EN2,3
A4CIAXJTZ6P1,3
A270443KWP6PER,3
A3UI6CTFWL721L,3
A16GLKC0TJEAK2,3
A20IZXV0FQ6P5G,3
A2T2NVQ14BBBAS,3
A183VLQN2JD01,3
A3M88BYKRP2ALY,3
A2XOAT7IP6NYCN,3
A3EVJFU8OGK8IT,3
A3BZ20YGTVLAG5,3
AXCUPHHJJWZ3C,3
A391VSDDL0NTF4,3
AN3ILH8NOGNH4,3
A6XGIW9KSC0Y1,3
A2M8QP8TSNRK5P,3
A2TUQMWV186OQ6,3
AD2LQ9E9N6Y48,3
A3H3AW7VY6PI1A,3
A1XISLQOHN41MN,3
A2H856C9T0XWL5,3
A3IY8S20GL2IP4,3
A2XTTBXNX2FKOT,3
A2V6A9H8LW136P,3
A2JOEQNS9LR0NF,3
A1591PJYM84XQT,3
A3A18QLK7CNIVX,3
ASY5SLOQQNPR9,3
A2Y7D6A2W3GY6V,3
A18SK3MILJ272B,3
A38T7HEXGCAWJA,3
AGC75EPFB7CYD,3
A2UBS120XE605X,3
APJXF6Z4Z61YW,3
A1MRDNCRZT1AWC,3
A21NY1BE30PD7J,3
ASKFD1IPJ0PQ9,3
A3FBX7QRP0B7S8,3
AR1PSEQRQ3L04,3
A3LLFZGX8RTA0E,3
AR2MFHU7NDF9Z,3
A2379RPKARK5IE,3
A2XVE0GEZ4G16A,3
A5ZELOQA2OY7V,3
A1POXXTXRSNEYU,3
A1JK8EE51BF3RE,3
A17CLCMTRBDKEZ,3
A4OPNK2K0EDLG,3
A1PW7TQL858WPS,3
A2TQUTVIN89ZXD,3
A32WCCXGTR5UFX,3
A3ATYUPQYD15TK,3
A343JEP7ADY2YD,3
A30E0PFBI2LKRC,3
A1EKSETIBS9ETQ,3
A3FUTKW59AWR6C,3
A1IE3DQMCUAKBT,3
ARTA78TP6H73D,3
A2UD5EG63WWTUR,3
AQ0483UAIEVME,3
A1ZGQVTLT3PCE9,3
AZHV16QDXACKC,3
A2NA41EE5VUMY0,3
APGN8QGF0P5QR,3
A1MXD8XEA29SL4,3
A3A55IAQ5UNIYW,3
A21WOB2CIZVMRX,3
A3UC3YT2E65LZO,3
AOCHZNFYJ4AWE,3
A93JRHV3FRSZP,3
A2DCG7B6C3YA5K,3
A3SUG1O5YSG659,3
A3PEXCKPTNZLC4,3
A3SWLDY5FWIDNL,3
A3KAMSQ04EA7MD,3
A2GNP3FHYG63XI,3
A1FREHYUPLCMTC,3
A2Y30NE63L0KFK,3
A2HRH6UBEXNHJT,3
AOIBOJRBYYVGI,3
A2RI4QE6EO29CA,3
AQO6JI57GOIG3,3
A273WV7N5H7D5B,3
A1D5HLEQD8J0MI,3
A1K5BHC4LS2XWY,3
ACQINODHP6L4A,3
A2BFNGFKQWHJN7,3
A3FINBR4T5ACH3,3
AA91O96C1Z18W,3
A3AG0DHBLDYVPZ,3
A1NAAI0SBO3FBA,3
AN2F0QIGX01QQ,3
A2NA9VZN5VA9GW,3
A3QFJOSW3X52TY,3
A26SCAZO579H8K,3
AQ4T1DUD9HI3F,3
A2P73QZC75DD2A,3
A3PFHOG6AV4ECA,3
A15HFIL37EBL9V,3
A20JX4DJDU67DE,3
A1RH4OXWSKPQL6,3
A2J7JBVL369IIR,3
A1DBDCQASEIMDW,3
A2CXHJECJ8R0QL,3
A3LSNT62S89ERQ,3
AJP45EYVBQSTP,3
A3KN2OBPZ6QJLF,3
A2DD6S47KYGQEV,3
A271VNQZ9NCM42,3
AYNE96AZ7GLLB,3
A3433V6H1NDFGP,3
AT9254GWBBOTC,4
A3HOOMIX87687Y,4
A37WZJIGAQRPSL,4
ASFTFWEKF1KKR,4
A29CT3MXKBWVQ6,4
A6UONSUT6D70X,4
AOA98DNOIPBZG,4
A3CELQN8FLDW0Y,4
ANQJFHEQLUTW5,4
A2EC3UBQ9TB89F,4
AM2RKBZ539OVW,4
A3NW4WGCI3LZM,4
A35AAI6C5QX0HA,4
AVFDFNRFLXGKG,4
AB1ZVQRM965R1,4
A2HOQ2FIB8ZK0P,4
AUBQ9SL293I8X,4
AXKVDODFCKHYJ,4
A21YJPHV31QQ92,4
A248LSBZT4P38V,4
A10DKG2D2J845R,4
A13VCBOZ3ZG2UV,4
A3PNHNCDRNJYUX,4
A3F85J4C6F7A7Z,4
A32M3NV9464KEA,4
A1UWIIW0NJEKFL,4
A3O2DF7P03JMD2,4
A3OTQX89VGYPUI,4
A22G1YTUVN14MN,4
A2RMTTDT5Z6G86,4
AOIT1BEY7BRC8,4
AYMDZIOGLRS4Y,4
A12EMDRJ838FPF,4
A3IA8GX9LFUDHY,4
A33F0ISF1P9RCH,4
A2VZET5SXXG5AJ,4
AQ60TA0Z5FTGC,4
AZ3KFS5LTFPTQ,4
A2DYPUU188F6BV,4
A1KY771GFD2Z63,4
A1E5M5Q3L9PCVV,4
A2FC3ME27RF1N,4
A32V4TT1ZJVY2G,4
A1BT9SD02Q6DO7,4
AID2DBGZBVOJY,4
A3U521S7IPSFZG,4
A3HT7V9SDMR6U7,4
A2KTANMYE2372G,4
A8ZDH1PO2NXBW,4
A31COKWABW2WH2,4
A2SONKFWNN2R2R,4
A3GTTII3IQTANG,4
AN9WEMSAAQ6GM,4
A37FBFYV7JGRVN,4
A1P5JY2RNICG8F,4
A6Y2332S1BKOH,4
A3CO12S3VULW4G,4
A2DTZUZK9YRJVK,4
AQLUYZ2DWKCDQ,4
A2ICE47SJFD90U,4
A1KHHZYK9BF0B1,4
A3QVRSVMJ4TRJX,4
A2XEU185B1GGUL,4
A2K3H7TWURVJSX,4
A2IVL3B6VM0EHN,4
A35HUT8MQMT21L,4
AJL9UH9G5AC9P,4
A1MJ4WTOYW9WXZ,4
A1GE51A2O3NM3W,4
A12TM9OYN1GR0E,4
A2T1DD07FMCAKQ,4
A3K1AZRGMQ6IIU,4
AC972NOCNEICM,4
A2ZL6GEH9ZW4ES,4
A3C35YQCMRP4Q6,4
A39G12JD41N65D,4
A36X82VV95S49L,4
A1DB2EVH0HGHBP,4
A2ENU7RB48VUF5,4
A1V68CETC0BXV7,4
A21SDYUVDLYATM,4
ANI33HTQH0SG2,4
A20361V1Y2GZ5X,4
A1KLKPXJK0BRY3,4
A2B7WSIBZIC2F5,4
A2Z80Q127S64HA,4
AYEQSGT02CAP3,4
AQK01UMFP9MND,4
A1H0NIDFVV1FTU,4
AKKD4NIONN7DJ,4
AR07GW8Y7H1ZB,4
ATI4GZAY97L2R,4
A3I4LKBE81T7QC,4
AQ2HWACJ2H08G,4
A1Q9KLJSSM8RS6,4
AFROGMQUUAQK2,4
A3M7WD5FSOCITM,4
A1SX9PHJWTDMF9,4
A1ZWMRDI2N6EMS,4
AD5E41KLIJGG2,4
A20DJOMXBJJAEJ,4
AX329NHW6B7BA,4
A3J2N3MC99CLB3,4
A24HQQ50SO3A0O,4
A2MOM7UV3ZY4H1,4
AJ7ILS8P4WD2M,4
A3SXP858XO6OCZ,4
A34P5X5GO870GJ,4
A2IDRAYYZ5GKBZ,4
A1L5SWP3JCTO6E,4
A2XKROL6XBFHT3,4
A3BEYFBHNGZ9S6,4
ARO8OA4O33PL3,4
A2MII7AJ7ID0NR,4
A27N36BPXB2EKB,4
A175V5Z3EFCZG,4
A1DNAYILPPR7NL,4
A3TCKXJSSIHXEW,4
A1XNYVXCXL93RA,4
A2L6U1XA9WQR2M,4
A3CYGJR5YNON0D,4
ALHWZSTAELK9I,4
A2P9W6KDKYFSXO,4
A13H8Z0F3FJ5AO,4
A2INGDHZFPDBFP,4
A36ARO7W03JMXV,4
A3C7PUJ7THYRNY,4
A2OMG3GYEFXOC9,4
A3ENO7ZDMZ62TK,4
A23UX0TM93QIQZ,4
A2SZMPX5JFBFFF,4
A2FRFWHCZ4AZWL,4
A36FLCHRBNUUCV,4
A3IONEIQB9028N,4
ATXSOMIK98ZMH,4
A3FHMNZ3V6LJU7,4
A3T7V207KRDE2O,4
A2FB6W4914JSAN,4
A3I1E3B371G9AD,4
A3E3P8LUD48X6C,4
A30EBZKII2V5VX,4
A3OU81LAFVJOIN,4
A3AK2R0N3CKTUP,4
A27R1FLUS2KTIX,4
A3RRQS6NNHDBDU,4
A20NUW4T1DB7UQ,4
A3U47B6C3QW94L,4
A2GP3MF3JV9XSO,4
A3O10ZTQSU6RKX,4
A11D1KHM7DVOQK,4
A2BMRAASBON4Q8,4
A2EM4AZL4SQU4R,4
ACCFF5B6TMOOV,4
A3JGPO77OQC2S6,4
A3L9UYRI7SE826,4
A2UZAE40KB0DA9,4
A2W5S26XTAFD97,4
A17S75Z5MR29B6,4
A1V5QP5KNFAM6X,4
A2ANKYHOZSYZ4Q,4
AOGUZNI7YCP4V,4
A6G3U9XJ8JCZM,4
A15ILDWLB5EY55,4
A1GBT4UN2RW7XY,4
A1WORIFR4ZF3J,4
A1G1SBEB82NDRU,4
A1UD1HKRVHZAVC,4
A1E9ZB5LT45ON1,4
A15N5RY4YGRQRQ,4
A3FS3FJPD3RJTD,4
A19W47CXJJP1MI,4
A232X0D2CYSOG3,4
A1W18337L4X2LD,4
A1J2ULAFZ7G74Z,4
A3HN1NFTA2Q7VV,4
A2JQ3SEXKF86TF,4
A2V6XBM524KND3,4
A3BJDNLXO9V10F,4
A3T832UNT3QOB0,4
A2XHRN1WV0B6MV,4
A1NKFLGVEZP8SE,4
A30TX7RLZY0M0G,4
A1CL2397W0CAC3,4
A3HUK2D3SNXHMR,4
AOYKD7G6QJ52K,4
AZLAKWWT1RKGP,4
A344ITZYE55Q68,4
A2MQYBL04OEG6B,4
A297R44X7WEQ8T,4
A1X00K34LV0PBB,4
A1Z2HOY56LNIQA,4
A3OY03STLZCY1,4
A3DOG3PQ6UT7XT,4
A1EDIAKY68UOFG,4
A1CN4JZZTW31JK,4
A9JA9GJKHLHJ9,4
A2CJ4DLE8TWAGL,4
AELZG20XEZ427,4
A91BVZEDZYEWW,4
A1CN7L05XSZMRX,4
A3KOASATK1KTI,4
A1TQF28D7SVOMG,4
A19JO0D9LYFJZF,4
A1FNVTIU6Q062Z,4
A3U5UT3EH2REVK,4
A1ED8VDWRL12Q5,4
ATOYJCSSSOSWQ,4
ACRWKOL0WAT8M,4
A34W3C38EAN5WL,4
AQDRATIHAKWSU,4
A3RBGEV4IHL1XM,4
A2SYCZ9Y5Y6IGB,4
A14GSHEE7T0KCC,4
AI82OB24HV0BO,4
A3Q4M88EWD0S5Z,4
A2RMLJU43O2OQI,4
A2FKEI4ANHJD1Z,4
A1H60O5I18S403,4
A29ZO7EB4NTC07,4
A154N4DL6101SC,4
A28Q0JA9H8WZOD,4
A1RLP0R1N8H8C4,4
A2BFYFA5C5JFWU,4
A2VD05UT6B7RE6,4
A35PIXLJIUTKZN,4
A35W3JQYP0M655,4
A3BUDM5FYDLU71,4
A3JRRJ9W47KFJ7,4
A1F4MJOW5947LT,4
ANS906E4EOXB3,4
A1TIAPDVMPJ0Z0,4
A2T5B1BCHNT2S7,4
A2E81T06VRM5LY,4
A1VH4YW78W1G6O,4
A3GB11PXY2DW5R,4
A3N1KKOGKXBICU,4
A26AY1BPGZ50AG,4
A1V5H6GOJ8T2UK,4
A1F898XZRR8C28,4
ASWOF6PRBN5V0,4
AHKJXWMSUWE2U,4
A2YFS3AYX720ZX,4
A2N7PWCMIZHH9S,4
A2BJUIIQNFRLF9,4
A3CPX9XWN4ZAFK,4
AVW90M65ADTDM,4
A1JNMBNRE7AKR6,4
ANL4KC4GZU82E,4
A1SVVOKIP0TQ0Z,4
AR64CEBJWBICU,4
A1C60KQ8VJZBS5,4
A3C5WJ09BI3EBO,4
A3FVSZUAV37MYM,4
A77R969THZFH7,4
A2LUJ7HIK09GEU,4
A3D1MNFKW1Z3QJ,4
A11JCTWMX14IGZ,4
A2YULFEPE7QEHB,4
A3L53MXMJ1OOWV,4
A21O3NIG8WX0X4,4
AC1GUNT7IBLDH,4
A3DGJXTSR0R73C,4
A1302F5IP6W9Q1,4
A3EQRG0AYCU91N,4
A2E6HU14P1OY1L,4
ARBA3PVDL118W,4
A2BX0EBZOTLDAA,4
A3KORSMLKNAR22,4
AWVAHIB7Q3UD6,4
A3O8QKI08JRNL,4
A2QRX9OJKW9TM9,4
A3I7LQ4SD5WZ72,4
ALXIRSNGIYHRY,4
A2LKNC4N87YVN0,4
A2SSVSLIHRX2CJ,4
A3DU46KRC2JFKH,4
A1CFU5XJXN3PV4,4
A9LRAZ5B8377G,4
A18H6KCOM1IPDZ,4
A1F7XETXDDGRBE,4
A2SJ3UV3NVZKG5,4
A23LF95HUEIGUR,4
A37UU7LD4MWAJQ,4
A23W4SGMFMSE5N,4
A290RDSYTFRU7J,4
A38YWVKHDGWXFF,4
A2IR9680RV5O5J,4
A3K6NC9PYFGJ2H,4
A29P1GQGK08W6Z,4
A1JEXR3E3E8T2G,4
A266AKA2T51O0C,4
A1TZ0VDFSS1Z4C,4
A265AV8CSQZRRW,4
A3TKSUEV4E9PV6,4
A3SC91NJUK624,4
A3SK4WFWME8A8N,4
A22QIJY2CB21MV,4
A2IJ8OWXSJQV27,4
A10RHYA8B2K9QT,4
A3TA1UJWRJF9NC,4
A18X6ZT4AEYVKB,4
A3EFWIRQLWS0G,4
ATACHC51UNRMG,4
A5MHDBJKXP2ZJ,4
A3T6W3UKZBIUTB,4
AQ3IN3MRXQ5KH,4
A4BPS6GEFHNAY,4
A1RTXXRXQPWH9F,4
A1IV22RC7DF26R,4
A2R0FHBR9OBFGM,4
A3LORCWJYRJRU5,4
ATR5E4GBL8V1J,4
A2F30TRZIIDMXY,4
A1L1N3J6XNABO2,4
AF877B2COG8Y7,4
ANEZ6Z9XPZSJH,4
AVL70UM8UXA3L,4
A3GFS9L5GENQC7,4
A2O9UK5B50KKYB,4
A1Z7U9K6X3FEOU,4
A27PQJHUSWNZZ0,4
A1Y0OMDO1NIKOT,4
A3WFXFCLASQMP,4
A2P52SPNEHYPZ9,4
A3MWMO2IOQDWBJ,4
A1XZ16AFVCACUN,4
A1ZKA59YVVN4PF,4
A29YS5OVDXOJVL,4
A14SAQRMULWQBV,4
A365PBEOWM7EI7,4
A2RTUZEUT87V92,4
A1Q4HTJCDAU1VI,4
AW9QRZNFIT95F,4
A133RMLL2B6OC9,4
A26UZ7UQWAHAVJ,4
A15ESHE412BUGE,4
A1XXFXNL0TDS5X,4
A2Y4N0IFVNNP46,4
A3THSN6BVZKFQ4,4
A3FL5F9G2X4M4U,4
A2VRYMER23944K,4
A152ZZZPA3BAGU,4
A2VWHEZTQQU1U9,4
A1UJHREZ7T91J5,4
A27TQB8CIV25OX,4
A3HFCOYO3TOZ24,4
AT961EZ6E5L0A,4
A1UVUDG4DQ66L,4
A3VC5NV5NAJ2V4,4
A3PL8ENSYWS1PZ,4
A1ZLD397GS5ZCR,4
A391RJ8646SYY1,4
A1DLMTOTHQ4AST,4
A3EZVW0KD3EUA8,4
AQLL2R1PPR46X,4
A1AXJJTN6GPQ0I,4
A19CYR02E7UPBV,4
A31ECARG9W729,4
A21ZZUXAM2PUCA,4
A14VEJF020O9D2,4
A4G4AWDVJ8XCJ,4
A2V8FNIO634ZRD,4
A21J0FB66EIBM9,4
A1BUH3JUQ1MLOO,4
A3HBASBZZVT2N7,4
A3UI5ODGOLAXEI,4
A5834FSAH2HZQ,4
A1MIEAEK1K9ZJI,4
A31L967UMFOLPT,4
A2JHHYYOOO4DS6,4
A2MYX5ZQDAZH2Z,4
AFADNTL25LLL8,4
A214DG8Y09M3W9,4
AEU3JVTB1XJTN,4
A13NWJUMVNS6YZ,4
A2EPL9FTJEUSZV,4
AJ8AQG2X9JJ2Y,4
A2YD3067K4RN5P,4
AFWU5UXKHJI29,4
AMGUWDM3XPEEB,4
A3MVMPFBN1RFFV,4
A1VR9II0HC7ZQ6,4
AQQTTYTRXWSV,4
A7ZADIMTO4XG8,4
A2FQTFYS3E1VFE,4
A16KIQ83QUDL68,4
A25SJLO22V5GXO,4
ATW0Z57E2G30I,4
A2B5F8N1BO2CQA,4
A1G166HPVNLWIB,4
ACLU576JJXM93,4
A3G8PHTYONNTQM,4
A347LTN4RU2FL1,4
A2AS9PYAJYXQW2,4
A1DJ7PH72PMJIO,4
A3IMVS1U3KP024,4
A29N6KX6PCN26H,4
A1GWUB4XO5OFVE,4
A5RM7VF99O19G,4
A2QYV2416XB0BQ,4
A3TD773DK6D77R,4
A242NHKVYIYHHP,4
A184HKN286B6XS,4
A1X7X8KB9NXPAA,4
A2W27OK4XZK1NZ,4
A1ZBR4NYVGY7U7,4
AM4M872Y7AEZL,4
A2UWPFYTMPW6S5,4
A29BDFO26ZEITL,4
A2JO8NBR9VJG6E,4
A2R5QQBR79XURA,4
A3HUJBSBIG4HPG,4
ATXRV6Z3N08ZX,4
A3OD7IIQBNTB0D,4
A1DIFL0333QPEB,4
AHRNDSKWH1YBT,4
A37VJLVXDOWABZ,4
A1U6XPYATU9OPG,4
A1AJ1LFYJW80AT,4
A1P9FP9ZZ00TU4,4
AT3P5M14UHVCX,4
A1B7VOFF2O3VQE,4
ADWWA7EWO2XP0,4
A3J9C4DT8XKMCP,4
A3VHI0VC0ZWEDX,4
AOW5OPZTW1C28,4
A2YHVZ52FRPAOR,4
A3KY5RJPX71812,4
A3E1R7VPFBXDHQ,4
ATFXPMUBXBQ99,4
A1HH194Z0PL1E4,4
A1SGSX6LQ01ZPZ,4
A2S5XJK8PFYKH9,4
A2QA43U4AHHCC,4
A39ANGL5T77E0B,4
A3QFSS0ZBC8K13,4
A3B5ITYRN84C4H,4
A2KH10RLFZLN47,4
A39KES33IH1GXR,4
A36R1GGNDJ0R5I,4
A1R5GNP5CWJG44,4
A3AZED5QHTI9M7,4
A17SJC2BPIF6RA,4
A1FVN80HHHR3RA,4
A1XNZ5YOKS51G7,4
AT28RL25Q2OLK,4
A2EAW9C31JE4L6,4
A2TLKM8E9CDIMP,4
A2SK02OCIRA12P,4
A2F1V6JKYFP67M,4
ARTOW7IV000K8,4
A1Q4XF1ZK42BVV,4
AI0EZEXKPZWHF,4
A2XMUCJWMWFTDH,4
AZXIGU9MBPYW,4
A38DL9ER9ZHC9P,4
A2SNID1IYR1TBU,4
A2UH53Z5LKV0BI,4
A1FSFYP29DRI4L,4
A2G25VSOQ8CCGS,4
A897O2C4YYKIA,4
A3RBUDUMPG6X6E,4
ACH68ZSP1V79J,4
A10JU0DFXS3WR8,4
A2BBZGVLEGIAVN,4
A38LIND13AS5OI,4
A23UFEVSV8IBPQ,4
A3TVMXWL9LNESD,4
A3S5USAAZE6029,4
ADA48QJRB4NZ0,4
A2DQ2G3504O8W2,4
A2WSDJTS2R1R8J,4
A1UOBB4DO4WB4S,4
A4RKE6DNDRTY2,4
AHXWPY977L7VF,4
A1LXOMK4K8CPPU,4
A3EPCX4M6IKD85,4
A36YGJOFWHHRAC,4
A2J4GBHSDLP4DF,4
ATCBM6W5YELBY,4
A29IE483D5HY5R,4
A320HZ92MYZ2FC,4
A29GDAD8IAEOKT,4
A1BBTNE0NGNTJW,4
A1CWC70ZUIJNOU,4
ABQ5R03J5G6RB,4
A1E6YJH0YZYFU5,4
AA0YPCLUF78B4,4
A3MAMHEH3YFW30,4
A2OAUV1E9YV1ID,4
A2EFLJ4R9F89L5,4
A3RC6GTUFKEY7Y,4
A145LBW8ZHF0TW,4
A2YA8HT95FIXB8,4
A1B58TDQ0XQGU6,4
APYJH0HLLK09U,4
AKWNK5NF7BYFA,4
A38LYMP23O1111,4
A1IZIT95268N0V,4
AJMJ0YX0WT0KP,4
A2CY10DLP6U5MH,4
AY4RKND47OQHJ,4
ALA9EIJ7G1SCF,4
A1Z5OW2BJI5LN2,4
AW7KZSHZBK75S,4
A1C3OZ383EUS8W,4
A6T02WJLLG3X6,4
A1QIT9HX39HLI0,4
AF74VPDSL69FE,4
A35NPKN2RKX8LH,4
A3C00N4UHA5XYX,4
A2O6AAW9WZ1XJB,4
A9MGHMVZMJL9Y,4
A3QFRGBN5P0R3S,4
AN9CP6J4JF91X,4
A27L67S8O0TU0A,4
A153OJR22XJQF1,4
A1V644P4UBN5WZ,4
A3JLBMXPEENJ9T,4
A3A4PWZFZU29MW,4
AWGXF4XREHKBR,4
AIIGU7JSDMESE,4
AN4IXSXAL4L5Z,4
A3W3B9CBCR4JTX,4
A5RX8JTDW08PT,4
A3RS2VSXYYHUM0,4
A2WPNDAAIT2512,4
APFNDSGVBG7UG,4
A2LYK1AGZ4U9L8,4
AS0QMBY6C5US9,4
A2PT4GUA0M95QE,4
A3TB2M0Y63G0OF,4
ALVKOFR0B1MN2,4
A2ASW6L6IEKU5L,4
A3UNURO1UUPCFA,4
A3T6Z4XWXWGEEN,4
A3H0KNC7PKLXU7,4
A3MH75XEELHGY0,4
A1RM8B6R7JRPNI,4
A1XXTDDNAKXLHO,4
A2O6R7X7GS2IM7,4
A1K3O5HTQ3CY0C,4
A1K73H16UK8XU4,4
A2TVT03TGAMFL4,4
A2AQK72ZFPKQJI,4
A17IVNVGY54H15,4
AZJFWALLYUEUB,4
A3A59WOOIH35HF,4
A1G1CPDNPRIHD4,5
A36TM9ZVJF41SS,5
ASCRBSK5RD33H,5
A3QM50LF2CHU6,5
A16LG9GOHGELD1,5
A2TKM1UFHSTM8R,5
AASSDFY9K6G2T,5
A263ACJCNTURTL,5
ADR6SKFTGZAYX,5
ALICSOW9JNXCD,5
A23C4KJDFH9TIK,5
AOA7NY2649Z9I,5
AQA9PLI2LH3MK,5
A37FRCTCXFL6CU,5
A214RF6HHFZ5R5,5
A3JGFQZR5BJFF8,5
A2E30AV53XVK1D,5
A2TICS1YPCDLKA,5
A3DHCTLD4XJJIG,5
A1YYWUE2ZNN8RK,5
A3R822YHA22Q3P,5
A2PDNGELZSWCQG,5
A3PYUA40IF43IX,5
A2L39O6FW4ES51,5
A2CSUA388LZ26O,5
A9LJG3K5TEVPB,5
A1ESBJOHHB8LFN,5
AXX1R3B8LRTCS,5
A13QF33ZVNS0SB,5
A2YCEVZLNY3ZO2,5
A3V6RC2YMSLT4S,5
A3C60TAOFVQB45,5
A1A23C8SJI7OCV,5
A3RCEXV5769SG8,5
A2KKWNUX1E3HPL,5
A19HKRB4LU5YR,5
AI78BR0UXFPW1,5
A3C88ZDIZALRMN,5
A2RM5ZSZJQL7WY,5
A2SPVQNKOW9YNN,5
A2CVWNQMZYG1E,5
A2HLXJBE9N7MPQ,5
A1W33FQTKYHWM,5
A2N44JXLCGCKVR,5
A2AVX8HN2XX0WQ,5
A3O6UZVYTJY1S7,5
A1813WUXSSZUMT,5
AAUXZRNDAPH2D,5
A2DDKCHI03OBE,5
A3HFBXHGNT5IF8,5
A2ZPDPOF7M2PKN,5
A1BC62X6HZJGZR,5
AE95Z3K6GVIC3,5
A3B5E90IEV2PW5,5
A30W19TNWBB6SH,5
A118PJ95C6GDJI,5
A1GT1QSKQ5FAIE,5
AX3VPBCU8F4RF,5
A1JPQUAOR6BU2I,5
A9TXYI2PBV0U1,5
A6F8NBS48AKJ9,5
A3PK8RJRO4GNVZ,5
A2D9GMF2DUV4S0,5
A2R6SB61DQ1VXU,5
A176P2BEE2LF22,5
A1BJ26WC90V5KV,5
A1UHPSQD4TOWQI,5
A1F5ME1J70I0W6,5
A1YRI31DB4921S,5
A2FU6ITLPMNK9W,5
A2OHEHPGQ8MNJX,5
A2V99RXY8L0HL7,5
A1I1ZGZUDM326L,5
A2F1P10GGZ7K2T,5
AA75INOMAHULX,5
AVKN56YCOTI2W,5
A29O2CYBUENAB1,5
A1ZFST7RH39RT7,5
A3GYWZE27QBMY7,5
A2OCFY81BELYVJ,5
A6Y8G4A9DM7VK,5
A28J56XSN1YQL4,5
AB02B8WS2BGAL,5
A1QYFJP4PJMXGC,5
A39OM6SPWHS3FK,5
A3A2Z3KKF6GEH,5
A2VK5XXNEQTXLC,5
A236XRE6MLXPKY,5
A2E6A49WGDYWFA,5
A3IC2ZFYBA39KJ,5
A1JXNDR68ZJZX4,5
A1ZWKX2XRUHGYO,5
A2PEUFPOYLY3U7,5
A3TMZ2H98O43I,5
A15O34J5ECY8TR,5
AAJOV2S9O7OO,5
A2MPVQT5N0NB20,5
A1X0QMZ0M21J9U,5
A1YDTDW310M6TZ,5
A3I6EKL5ISK5JF,5
AC6YL9O8P14E8,5
A3AWPDBQLK3SZ8,5
AJQDIT55SZ3ZX,5
A2XXCCT0TBVDIE,5
A3DUWATQEKWLTY,5
A22W70BE1TM55T,5
A2KWHJ272EKLO2,5
ABUIRVLVTPFTZ,5
AE68I04K30VHS,5
A1IG7GSIP42RDJ,5
A2CNBO4DZDFT0J,5
A1XWGTKBH3GGXP,5
ATSW2ZBGB9E9G,5
A3EIVEAH4J9KIR,5
A2YOA3UYNZWZL0,5
A1W5CI9L3JPTF,5
A4Q1AC81B9TO4,5
A15H3X6YH5LFPN,5
ANJFSFOYEOUXL,5
A1L14TJ4LSADUP,5
A251DNCRYU6LQX,5
A3PZR1PPVVQC6C,5
AFEK14A7MNGTV,5
A1Y448U695FUVR,5
A200C5ZDWEKTRA,5
A3IZ2M44IH6JVV,5
AOK9U912FK03L,5
A2X34LIRHZ7OIN,5
A1T39H43F02PHO,5
AIFPBXU0480FB,5
A1FJSCNYLU4126,5
AM7VNKKUJK97J,5
A2HOPYNO8PMUHP,5
A2NX6PABLIJLP1,5
AHGYNZ1588WLB,5
A1DCN0NZO7E2C,5
A1CTZDO3P9V6N0,5
A1WJBJUQ24G8BU,5
AZCE11PSTCH1L,5
A7HY1CEDK0204,5
A3MT7MPZ20QW4T,5
A2LT6YBLXOV3YD,5
AJVGREW8IXDGC,5
A2QHNWXQ4CU2J3,5
AXHEZ7BIWEYX6,5
A1ZU09TQ1TGWEX,5
A1K599CFNJ1AU1,5
A2FY4A86W9E31S,5
A39F6S9OFDFF1N,5
A1UCUVJNLUS8ES,5
AKAW7SD0O63C2,5
A9II2162E3NEN,5
A1V2ZO1JLPJS8E,5
APVAEF5ZIRL6D,5
A238WA18BQAU8A,5
A1P4XD7IORSEFN,5
A3T0MOVJN9OPVB,5
AIO00LM9IL7FA,5
A27WE8BLO92HGW,5
A2RPRWKVCY13FI,5
A21T321YCLK17C,5
A2TLISI5OZ83UK,5
A1ZKG86UBD8K8,5
A105R38CAPDBGU,5
A2DJBNB0VZU3X3,5
A1S9YZ2L3GYF2A,5
A1F9X6Z1EGWMNI,5
A2N0XYJE6MU9LZ,5
AJXQR3WH2GB63,5
A2L7DQQSGCBA46,5
A1415PRQTR4HMY,5
A8JFL6FA9A32P,5
A186SYJ56RFQPG,5
A3BJ2MFE8LZ8Y5,5
AFXE634F4366L,5
A3VRJPCW5CR6HX,5
A920ZPU0N924N,5
A2ALCI2BU43KTU,5
AG1CBEN65QI9W,5
AGP5A25LAX70Y,5
AYKQ204JQF419,5
AMEGPD597TRUN,5
A18BX7HMYDZ7IP,5
A1UDQ2FIUN3JUT,5
A3G01RI3MUWWQ6,5
A2JXWCXXRMY863,5
A1GBU479WXR7UG,5
A1EZ520KVSUVST,5
AZZ77XYX8O2WE,5
AFBHHGKL81PDH,5
A2TCM8INS6BA74,5
A1XMW0DEX90OEA,5
A3GBDJVNX84IKD,5
A1WJVU9KICHFI,5
AO68X66YOJGQI,5
AO8Q98Z14CRAZ,5
AKCDHGUSKVJ72,5
A280GXBY1EV2TL,5
A286412C4WR3J9,5
A1UHTJ2NZ0IYJH,5
A3VW2I0P1TQ1DV,5
A3FF3RNKGCE8YV,5
A41R4FYVV8YCO,5
A1YRPXMYDV2QE3,5
A309WRQUO9GY7T,5
A25QCRZEUCKW35,5
A1KRX2VH2CM111,5
AXIFW4FX85291,5
A15XI2BEGGFEOW,5
A3N7GQZVV7L78W,5
A17YINFAHQJ7GA,5
A3QSMCAGMZWMK3,5
A22W4064FH1VHE,5
ASAK3HY21OTNN,5
A22M88TMGIM65C,5
A1CX5JZD7J6M0N,5
A3I0RAZR4RKO4Z,5
A1413HQ9UF22C5,5
A3S49EUX9DRT0J,5
A8VNRW9OJGDV0,5
A2XTQXZ1FUFTO5,5
A2TVR5J3BNQBX3,5
A2CBWSM32C6VLU,5
A22RW51298Z15M,5
A3FBKSJY4UPVU,5
A2EYZJBTX8X9XU,5
AO8F2P769YIA9,5
A16WC792GYEGGD,5
AGIBNCDLA1IS2,5
A2Z5WCWTUTWFO9,5
A3E3YJJ0KLYECK,5
ADNDDTNOTZFXP,5
A2CTXDLXKOHCEH,5
A6TBR6L2D4XKC,5
A1LKXQNNHK1NMO,5
AROTQNRZ51CUU,5
A1JMD10TTUPVB4,5
APDDHVTJHY2JL,5
A17TPXJ2U4MJAB,5
A2S6QXXEDVCZHY,5
A15L0EDQMU28DA,5
AZFM7IM6ZEX2T,5
A27A10YC94A9G2,5
A2PVP1JIIURX7N,5
A36MDL9RQGO7EN,5
A1CYTBE7LLUQ8F,5
A14G7W2YFFNM43,5
A34LIVUNCQNHA,5
A2ENBKGI9TI7DX,5
A11T76EZ8AG96E,5
AW08US1RAYI0B,5
A2IPBE3XFMT2MY,5
A3IPDVVMGHDE5K,5
A3901UFHY19IGV,5
A1K8H6L63RZFP4,5
A2RZVD8A0T6ZF1,5
A2W3WWVETOMJBS,5
A1BK60GZ4QME6I,5
A3PG25TW442I33,5
A9EDWX9SR4XT6,5
A31N0XY2UTB25C,5
A2QS3VN107MRZH,5
A334SPS816A2GG,5
A1DPYRDSP17UT0,5
A1TST756Q1U2JM,5
A3LFBEOD5RIGMK,5
A1M9URNKLM42TG,5
A1GOTJRHOSQKZK,5
A3M7VAYKYYHEAX,5
A1ZXMMQPYC3Z9I,5
A1H5P52BNEMM2P,5
A306DZDPR77BIG,5
A38X3FR7G0B6EN,5
A28Y1YD0QK88M5,5
A1ZRKRDFWG1TC,5
APNL8G7JMIY19,5
AKKSHEGRQVQRK,5
A1M2C49S4GG5CA,5
A2FUD7TNC8HRYG,5
A3NUS6C31S5CQY,5
AR0UOJ48VGQMA,5
A2MCZOZ2X2ZQYK,5
A1R6S377HMO6W8,5
A26QL0T3E7MOAE,5
A27HLTDITCL1O8,5
A1D27BCSYV7VWH,5
A333CVW40B69M4,5
A2BW2AE4FVJ0SL,5
A1G25CG7UWQ3XO,5
A12BD1BM69K25L,5
A21NS06GDEA3V0,5
A51JHQZ0NEWA4,5
A3MXYE2LUQ523F,5
A2HOJS4E005E7T,5
AHJPP16N19JGN,5
A3PY3AMUYBA2RZ,5
A24YVSD40AOB0U,5
A1Y57JQKN4ICD0,5
AN7PYDVNOVQOA,5
A2HXEJXEQQTM1D,5
A31QWIVYZ7XU53,5
A24RT6AVJXJZHF,5
AT99SIDKSIFI7,5
A2LURQYS40HDPR,5
A2YKIR73T6AE2O,5
A2UK5HQS62ESQP,5
A24EAAKE63MTM0,5
A3SVCU49WCUHHY,5
A26BM4G76GAPCM,5
A1IHCWDL071ZZP,5
A1WILC2XNV5R04,5
ADMG20HK1BEO7,5
A2X7OZLHUKAAAT,5
A3RZX5KZX4HYG6,5
A16OL6XJCMNFQ2,5
A24SDFQWN8HVAK,5
A2SVJ8MKR2VB0T,5
A3DZIDWH11X2BF,5
A1ABUXDEZODI5T,5
A38B7DTWWL4JE,5
A28QRX1HWDLNL1,5
A1OHCHEFNO345R,5
A15RDC4BZWPPQW,5
A20HBRHKA0PKK4,5
AFJ0ZC0BL7NV3,5
A2R1MSD6OMF7V3,5
ACXBG5KP3VP35,5
A3TEP6U427LK9Z,5
A2YY8BZ30MXT5Y,5
A2YW90U088SMQB,5
A1JMUZQQEUAI2T,5
A2D5UR2N8TYK17,5
AVA8EWZIPA3N5,5
A1J4HV7EVBZZTC,5
AS7J4952JB5XR,5
AR7DDYZNJSSSK,5
ADOR3TR7GDF68,5
A34UVV757IKPVB,5
A2N63B3300IC70,5
A3QU3O79AGNWCY,5
A38RS419QDS06O,5
A3MND6ONIQPBYN,5
A16Q11SK6172U4,5
A1BCS2ROHQ84X8,5
A2TWZPSSY63TGK,5
A1REC5AYMCAXBA,5
ANYNGATL97915,5
A2K0R61CIS5RCH,5
AI28N2NCAZS50,5
AYCS41BVC7IWA,5
A2M1NZLZCHEP6A,5
A2VF3U1XNCH3BH,5
A2ED50E3KWKUKW,5
AB42YRI44M2YH,5
A25Q4C2UDIOPXC,5
A1CKJBI0HE140F,5
A1FLNRFSXRF3QQ,5
A2O2D7JV0QU630,5
A3237FOR4LVBZO,5
A94EFB6F2WH98,5
A2J2YV329EVMNA,5
A192GMTQ2TVISY,5
A2KHV9BF02Y4LH,5
A28YUFBI33QZ28,5
A206AJFCVJE56W,5
A8IXRVW6N6THX,5
A29CIMCVNUZQ8B,5
AII45TUQ5UKPS,5
A32PY9MW5928O5,5
A2ODZAM2HH1COJ,5
A3QJS46YEWWSX4,5
A187PAE50KMV5M,5
A2J13N66WSPPPF,5
A3HCGSOLAHATVQ,5
A1IH42TUIZ2XJL,5
A1PWB41M2CYPTG,5
A245C6II33C74U,5
AODOIMDU38S2I,5
A15TN4GCH7DBXR,5
A2S3I1ELT364CQ,5
A2P6FU1HQ1OFAP,5
A14LKBOG9SVEFT,5
A1TNB51HOW0V8Q,5
A3C1BQLPUTYFB4,5
A94GCTI3VMYKY,5
A29Z8U6PQ4231Z,5
A34H1TFXR2MZ7U,5
A1ZE020J0M1603,5
A328ER55DPOCMO,5
A1ZGIIHI1LDEAO,5
A16X61RLY1YJL7,5
A1QT6PHXDA5XDF,5
A3CJHIIROCDAEJ,5
A2XEW6HJK34RXU,5
AY1AH6JFEURNZ,5
A1JAREBNI5AWYP,5
A3LAQSWV1VNONO,5
A331TXDQ3NFCHG,5
A3R3P5M7X0F1CB,5
A3O08GNFMHVJHD,5
A1EUE5JH2881MB,5
A2UA726E8SLXY,5
A2IAOKN86UONF9,5
AOEAD7DPLZE53,5
A2WTKMK08CVXB0,5
A27ZSW3DO2RR5W,5
A28M7EFC3YLY3F,5
ANUB9JPLMT41O,5
A34F15TPWKCU50,5
AQRLZFCJVR2EP,5
AWELDY8FAE20O,5
A3LIHB4OPMZ8LS,5
A18409QMZ6CMQD,5
A3MGIOWRRMULJY,5
A22XTZPWSYJY8H,5
A2SZOQBR5IWD59,5
AHXN03152761I,5
A1SXU695DSX72,5
AYIMQYSNJ96YS,5
ASJSX783R5HTZ,5
A1RWHQCLGP7MJJ,5
A10U7PLPODFA0M,5
A18EU4GV8OLOBB,5
A3DGWKQFZ11K9P,5
A15ZT0K8VGFLL2,5
A37KC1KU0JPI1K,5
A2PIAVZR2957GK,5
A25GCAD2QGXD55,5
A2CNN71709T4Y2,5
A1K5H8RA39DKT4,5
A1A22RM1NZTVQV,5
A1NJU0V7QHV2LT,5
A2SIYIHLRRM7J1,5
A13QUJ8535XWSP,5
A1Q6BOVHAOZ04E,5
A1ZJ8BWVM5L5GW,5
A2BG1N1J4R84GM,5
A283A424XAZCGX,5
A2Q230N02UCO8O,5
A3C4ZHX8UM3FGA,5
A3G1G50QNGX721,5
A36DSZZST9T1RQ,5
A113KNP2LMBXMI,5
AHLF5V8B3Z8C7,5
A2MPLELJPDNTUQ,5
A18XNFAMBG11VB,5
AZNH6NRP6PVYR,5
A300RFTV7HKI5S,5
A2I4KBEA963U0F,5
ARLTYP6WGMJSZ,5
A3DGJMO6VPG6FJ,5
A11ZMOBS6NWMB,5
AHNTN7C4AI4W6,5
A1CRKXZHTI95AI,5
A1HUDHDSLZ8PFS,5
A1PB739AHGIX1N,6
A3MDLLMB405XS3,6
A3TIWKL1FZANAX,6
A2QL8RR6HVSXR9,6
A1XXHS9V80S9VG,6
A2IA5Q0TDWE81X,6
APODYH18FHXC6,6
A3S3XESYDHV39U,6
A759KSTT9A8X8,6
A1B4MIXYVIKMU2,6
A2SVXQ66G7BWBR,6
A4GI4654JA8NK,6
A3STK5WDK5UB58,6
A149OQRFVTWJA8,6
A1KDLNTVTMT0RA,6
A26W0ZWPNVKDPY,6
A1JZJLZD7GNWD7,6
AXZQYHT23SFAJ,6
A1LEMDY6BDO34U,6
A8MQW5B5QB3H1,6
AUNJAQP3VECI5,6
A36MHSUQIH1XJE,6
A3DF1AEPLTX0CA,6
A33BIGD5TBUL2I,6
A3T3LXK2F3XTEK,6
AQLMVE6SH4A07,6
A36LDA9339NE8Q,6
A5T08I564I0D5,6
A2VTHY6NTE15G3,6
A3JQQ2TWTKFVNH,6
AI0V99FGBKWLB,6
A3U0DX8MFOB1XX,6
A1K7TS096NFI,6
A9P7T0ZHR3FCH,6
A5MTZTDSIBX09,6
A1JD6COKA3KCEG,6
A2Y8WX30L9NFD4,6
A34S0X8F7V9UBK,6
A9BVHFGX28SNZ,6
A1BRX51FAKAAVH,6
A36WC1DIS1PVS2,6
A3S3P2TWEVS69L,6
A3Q7LVUP45XLUZ,6
A3K4IFDEHTYRSU,6
A25UZ1X4MF9C8L,6
A1FF8RVKS9Y843,6
A1WLAHPHD07E1N,6
A4SSILU7KZ1XK,6
ADSO1F9K7ZD1F,6
A10R0C79S921EP,6
A1FA27A4WMCDZL,6
A3RGHO0Q938FRS,6
AV7371VDFACZO,6
AJE5S2MH4SERA,6
A1AN7HLQB27TWK,6
A34IJACMU8C3IM,6
A3JEGRJ8KPXCHC,6
A148IYQMD3J6YD,6
A2F0Z8Y0QN29UF,6
AS9WUVBL06T87,6
A2OOVMY4NX4CIP,6
A3MV6ZFPS15FIN,6
A1U8KP7V6DFXN8,6
A1991DX3FIMS3P,6
ADTOR4IQAYC2G,6
A2BMZRO0H7TFCS,6
AP3N6KOLIFYVY,6
A1CWZPZKD7874S,6
A2WE8VVT8JZOCI,6
A3NE9ABP7PAYK3,6
A1VEOIQ85IRL66,6
AS4V31G3T0L3Z,6
A24N1BAS3CU27H,6
A1VDK3E3HBWUCF,6
A3UP97IQAI6LJH,6
A1F087XDF48WQT,6
A2IIAQ7VVAHXTD,6
A3TD47N9K6V0FU,6
A237680FOULTZ8,6
A3UW9V8KONIRBE,6
A10CT6NX3DLQ8B,6
AGXMLPCYBOL55,6
AQCC8OF22KZXE,6
ALLFPK4VJC48D,6
A1NHV6PPZY45FD,6
AI0XJPAL2UJM6,6
A3SUZA0C8QV8AW,6
A38RLBIN8LASPE,6
AXNVP9GQR85I1,6
A1YF63MMH5AZJC,6
A3OM2N48I8ZN9D,6
A1DL9IH75MWT8R,6
AIQZK8PU1F5RA,6
A31FYGE53VGBH7,6
A1FDYXJ28RDHIS,6
A1LPLXAQRZE8TF,6
A34C8TEM5H2JG9,6
A3BJTAZ6UPDYCW,6
A3HAPTHHU5B1MT,6
A1AHII2R0R6FAE,6
A99D8N0YVVDOC,6
A76H3TUHMOA8K,6
AQT6XL9FRECC7,6
A3L9C2RTSH3XZB,6
ACBNNQP87PKEY,6
A12RHQPWEZWAAH,6
A2EZTM9WY5B5IL,6
A2WTZZ1O3XXY5,6
AYBP700B8IW2B,6
A29GQ42XFJQDI8,6
A2PYISW9CMNCJB,6
A1UJB03PXSGQON,6
A16BIH1Z3L050B,6
A1FP5PIA2TSJQE,6
A17Z9D1UHLZDXR,6
A2DT7XKLELB1MX,6
A12D2E7JYO5IPG,6
A2MUCVJJFNIP4S,6
A2YBKKLYAMSJMU,6
A57TH5BVZMB2L,6
A2ZLWZUP0D44SS,6
A1QF996642YT9L,6
A3LBTC13EYE4MS,6
A32AFX2PUJ82HG,6
A362UVNTN7KI68,6
A2TUXUOKJHAYCI,6
A272Y6VXIMOKSF,6
A2NJEDYEYUGFM8,6
AQAM9QBPTG66U,6
A3KZEGBTPH6MMF,6
A2V2XRUGEYYCGG,6
A2SU3IL3MIBXZP,6
A3L20U76EG3KP4,6
A3REYP3W0BLUNA,6
A1DV1Z52G42EX2,6
A1RH3DQBG3GQW1,6
A3N44QVNT0YP1L,6
A1OKH9AX5EZ7GI,6
A399F6C7WP0NPG,6
A10X3LYWCWIDAH,6
AZTZ61W23JET0,6
A3H09VQI43K2PJ,6
A3F3XQGPOVXJET,6
A1ZM846Y7AUYD,6
A38L5I9MY8A959,6
A2LAY11C7LCM2W,6
A2PAD826IH1HFE,6
A24XQKM79FYFV0,6
A1P7BH2FLQ4O8R,6
A3BCTEEX0YKXEA,6
AV8XORAUWHHZJ,6
A2ZU4ZTPJ8PURX,6
A1OZAYRJQAERTK,6
A17KYU38U9WRVW,6
A3UA8KRGIV9IXT,6
A2O9JVPA8VZFXE,6
A33XZNU0PFPX3Y,6
AWDYLVB91K23B,6
A3VJAU9FIDMB8N,6
AUIZCHYZLLQCX,6
A3LLE02CO1W5T1,6
A13L45CSY7TEQZ,6
A1XEBSAXW4GRWZ,6
A1OJ07VIDHI8BL,6
A2GRLLJC2JK9FN,6
A3DPT4CDBMX0N7,6
A3EOT20YH2QDX4,6
A53OG3Q99WAVL,6
A1O6GTTLXORHZV,6
AR4KYWHKCDTUG,6
A3E23UCQ27R3SU,6
A3OSUAAXSUNPLM,6
A3BVSAZREDP9RH,6
A20J3G8AWR8F28,6
A10BZC79VVV21R,6
A1LEREL38EC0AI,6
A1H4P50KI3ZR78,6
A1PIWW0T6LW91O,6
A24F1UX8ZT5IXY,6
A3SPRSLV03DT6Y,6
A3TL4RJQKBB8VK,6
A3TUQQWT7KRSEK,6
A1U074CMWNWS7W,6
A1OTANPNRO4UNJ,6
A1V3R7M9T7QNZ6,6
A3PBQYLXZ77BGK,6
A9KOC3PXLXYSB,6
AUEBGCH3FFPTQ,6
A1YRUUY14KW853,6
A23P9INV8GRN48,6
A3CRB5KQ3SPFYF,6
A7WM1RJQQ68AR,6
A23JXBO3D3ELAA,6
A1AGGVT4VE56D,6
A2LSK5XN4A3PN7,6
AGXY576DF2CJ2,6
A2NV4YCNVT7W98,6
A1TOXCG4QWQLHA,6
A79ZK3ZJ82G7Z,6
A2RQVIY25W6ZD4,6
A18EA7MNLXP9H5,6
A395TYPUVG7KNR,6
AOQ1XQTHD9ZNR,6
AURHQ3OVNNSLK,6
A2V84I2M1DT1TZ,6
A1XESQ7C7NNZX4,6
AXTD5V28KMNTX,6
A3EZY90TIZ2MMA,6
A33J5VPBSW64XC,6
A3E4N4UWZN8KK6,6
A1HTJX4WSGZI2I,6
AOO41PZSDC7J1,6
A3L0JLM9CB0IW0,6
ASOG5QER5G0CE,6
A2M02TL1Q0DP5N,6
A2YG0C7JIOSZZ2,6
AVUE941QR0MI2,6
A2SKDOP44GNUTP,6
A2EWTVSGOPKWIT,6
A3DIEJHDPL4PUC,6
A4XD7L6C76HQM,6
A3OU6E9SSMVU9D,6
A35O0043BLN6FS,6
A1YGOQLHZUGTW8,6
AHH79S8XM1OW6,6
A3QRL4VEQLL2OP,6
A3IY2QJN869W05,6
A2YIHGB6WSRI85,6
ALHTPU8UYAFLX,6
A1F5865RG4YKHV,6
A4JF3BCJO0VGI,6
AV4RSVB9BP8PS,6
A2U1CMEGA3950K,6
AGYQ2ZF0J0K0K,6
A3UNREJGCZMRUY,6
A2O254M30LOZCV,6
AOKS36MOH1LDK,6
A1NL56D0Y0TORY,6
A3DVM2YS59Z3ZF,6
AD73VMNYB8XVX,6
AN7AELA3YHNZK,6
A1SWUTIQ0QGM38,6
A165EVALNKOZB9,6
A1IF0EV2GXK873,6
A13F9YN2DTH4D4,6
AMFBRE9UYUCEU,6
A2ZWT8VQXLOFLL,6
A1SELTWFSOHSJV,6
A26IJ5PCZRI3V3,6
A34LQ791ACZ0JC,6
A3P0YHGVNXUNL4,6
A2XFVS9GBQW2U1,6
A21CJLXIU27CBK,6
AILIBVWMDLSR3,6
A240E6DLMP5KEK,6
A1WVSXVCCRRHZN,6
A3NTH97MXHCPA9,6
A1LHMSY3Q46PJS,6
A1WPFIZ8P3O86V,6
A34J2IUA5DJLYU,6
A37IXQTOMZDPNA,6
A7EC1AKLPAEY,6
ANZHPMJLXBU9T,6
A1L87D9KX3MT41,6
A1HCVRIFI6V6T7,6
A2L9EICT9AZ9AN,6
A7X0X400YR4W2,6
A2PS6H6NHW0ZVK,6
AAN6SCMSOCVM1,6
A2WYP6MZRK4G4A,6
A18H3X0XGMD1K0,6
A2MTB7FSEW2KG9,6
AO074X4WTO84B,6
ASLITWH5GJ1T5,6
AB5JSX3CBBAIB,6
A3K4PHZJMMCZ8K,6
A3QNHDUBMA6WQM,6
AS6534SXKS1KZ,6
A2A9ZF3KYXL5D0,6
A3IDY8FCU6GYEW,6
A298GL2D0BHGKZ,6
A1UF3N52K5CWC2,6
A38IFPLTEGTWM6,6
A697GVG73H314,6
A7OAAZPLNSMXJ,6
A2EARYEYVMMNZZ,6
A29R3O02O0PON4,6
A1HW4M029I31C8,6
A2XI34EU8N0J4X,6
A1ESWWU4DNXRJV,6
A3JUJRN2J800KC,6
A1BPJ55PLYUA77,6
ADXSJ9MBHM236,6
A3S0HHSFCDJE1P,6
A3NPVOHK3AMSDK,6
A3M5YEJO6EZOML,6
A2TIA4WQ8RRHJO,6
A3LHM5YKF4YCMN,6
A1U5IJHJK84S54,6
A7Y2RAZZRFVI3,6
A3N0SXVR07R57K,6
A3SJ70S9RAGUIA,6
AFM65NU0UXIGP,6
AFZGETEF0V6ZO,6
ADP6XSD5E4R4G,6
AKH6N84CBOBJ6,6
A3OKIB6PSM1MWI,6
A2WBQ3AMBGQMAO,6
AT3JKJUMYKAK,6
A3I8KWK1VNN92T,6
AXR9PC2II8UCB,6
A1VK3B8TFUUHM3,6
A18APJULAWONNE,6
A2CUBYMC4PVHY8,6
A3BC51PZJ8L67R,6
A3KJQ5BA7AVOCN,6
A1QOCN3CJRVIGG,6
A32JZ9XNHMNWOO,6
A1VXQW4UQTLDQM,6
A1KYUOPBGQCLUF,6
A3VXOYZYIFKIF2,6
A3G0YKIR4F1SCY,6
A2DKVFYCQAICA0,6
A19XKJA47R6AJ9,6
A3QVRCSJ9TXYM7,6
A2FVNLWPFKGIEK,6
A35OGQY4CFTKVK,6
A9DC2VSSE1HT0,6
AL1PNYDIILV4D,6
A3O4CQSM06AP8Q,6
A304TZYJIWBA0C,6
AEGYIU4XJTYFN,6
A29ELZ0R2VXILG,6
A3ARPUKCI6R91Y,6
A2ME1L7ZCJFQOH,6
A27MW1FQ52O87S,6
A35IODHDPM2SLS,6
A99K7S15XOQ45,6
A9K181D47VK5H,6
A3PGE0N774CEXW,6
A25PM9JGHPU8EI,6
A2K3VNO28J98KR,6
A3B9FWS53WZIT,6
ALIN01RFOIX3G,6
A19QYI46CNL5JL,6
A36X4SWF1TX93Q,6
A1U99PCPE9US61,6
A254AGEWJ5VRFI,6
A1R60PGGS6TEQC,6
APH8C0RM4GMQB,6
A1EX7MNFZYL58,6
APRJ0OM54GBPE,6
A193QPX2Z8K4HR,6
AC1O96M7OXGTT,6
A3JH39FG7PPGAD,6
A10YZUINKZHDJW,6
A3W1EDL3E964B0,6
A5TNBW52T92QJ,6
A3BLG23IUDWFOF,6
A1NG78LRAUOUWL,6
A37U6OGB6BRJPQ,6
AJ8FMV8SGKUIJ,6
A3GIM3IW8FVBBK,6
A1KT8QQ74E3SVQ,6
A2MCRCK1V61FWQ,6
A2ZAJGOIF88NLJ,6
A1Q6GJE1V2FZ02,6
A10AV4PT812CO6,6
A2FXX9VTD10J6C,6
A2FYZRR780Y3PN,6
A3PM5DJGZ17I40,6
A2BWTWFVI6D9SD,6
A45OOPYV3TJSY,6
ACHQT7HI9PFPG,6
A3NN1FTQVVXLP7,6
AZDFE5RF3TZLT,6
A2VIZTW4DMVVWK,6
A3PCIFT337Q4N3,6
A3LORKXNGG3PX3,6
A13ZFIPTZ0IVGF,6
A1K1AAZSD9KWX,6
A15PWO8ELUJPH3,6
ALJMX3QEODS88,6
AWZ47W0194UVT,6
A1C4J9CUHT3UXE,6
A3BMZALEIUMFBE,6
A1SV0FYYADJLPG,6
A2K33VWYQC9C2W,6
A2XBKTBMLQRQAM,6
A2TA5TMGUTPVQ2,6
A17C1GS384ORCX,6
A21OEH01WLWRF2,6
A1M6Z0NSZJB8AM,6
A2A1RBR2MG7LHY,6
A3LGGQRAIDW3Z2,6
A1U4GOVZWL8ZTL,6
A15AWJSRSMYJ60,6
A28V3C26BYK04D,6
A3HHR7GMW69TFX,6
AHV9Z1EDYO5WK,6
A1GQK49Z3G4J8G,6
A3E5KFCYN26O2B,6
A35JCASWZL0XBH,7
A2MBKEPPUSAVUS,7
A1B5Z5OG2NPFDT,7
A1S2M6SA4OAUNK,7
A3QPWNKTUC8N2B,7
A2XK854TOM88L2,7
A2QB3BKGDVG6DX,7
A2ILMCJBXWF5TS,7
A36Z1OLH6B0C2I,7
AFM9LKET50RZ4,7
A2PQZH1SJGRV4Y,7
A1S71JIN40YHXK,7
A5X3DVSN6XRJ1,7
A32F6TVKKA6JX4,7
A3S58J9HNVKP32,7
A1LMUHXVNBLTGZ,7
A36HL8Y5NI4FR9,7
AXL5F6RXDQMEW,7
A1JAJO1BULTYMZ,7
A2WFBRX9R0D84U,7
A2ZWPLINHIK3DS,7
A9U3398HENJBM,7
A3K4ERDSQTN0YX,7
ANR0DW93W06R5,7
A28OZBLQKKYGOR,7
A2TDEHV2JAV4VS,7
A3IYSOTP3HA77N,7
A22H8Y1J3EW2N8,7
AGZDSR4R8SA2S,7
A1E3OB6QMBKRYZ,7
A2LHANCVBGV36U,7
A2OKCS5234ZV7S,7
A328GLDSDNFYII,7
A42YG78Z1GBBD,7
AE8HKSVNLQRC7,7
A1ES2Z4ZX6IWBK,7
AH9FCFS4PCUVE,7
A146H9ZF0SNKLW,7
A3MNFT5VFJ2V0V,7
A8PEBDJYN6B16,7
A3TKHAC2G7G0H1,7
AQNEQQ96MKX3Y,7
A2BD5KVPI6CSPU,7
A182U5XEA20G3G,7
A2AGGWPJZODA0A,7
A2WAU01PM6FPD9,7
A1G9SOE51HET8E,7
A3KFIMCP87VH4U,7
ADP8ROI8NMNL2,7
A1S2BTVDZV4PYD,7
ATWC3WIN06B9A,7
A2IAD8XA81CQWQ,7
A2NSS0L3NIU6CN,7
A3Q3ICZ7K0RA1V,7
AHKT9ALJ3T2Y3,7
A1BZHVUHARTXS6,7
A2749BTS2KRMVH,7
AQIYMF4X90D8E,7
A1FIR4LBQA39YR,7
AQMUXDDCLJSSV,7
A3M73KV733HBG3,7
A4ABNXMETDFGW,7
A2UHIN9H9DDZMX,7
A23C0R77ZP9Z84,7
A1R0ZOYR1ZCH6K,7
A23EN1JWF1RQ1N,7
ATEUCBITZJ5XO,7
A25UWYG38UIHF6,7
A1OPS8Q346ZPRV,7
A22RY8N8CNDF3A,7
A1IEFXS4C1TSB8,7
A1423HNZ15ZCQZ,7
AVH94LMMMVXSO,7
A3OYMK6UMM871F,7
A1K9FIA48K45PD,7
A19RD443T9F1WX,7
A3G7BEJJCPD6DS,7
A1263RB8HKHD76,7
APWARS0L4QGPC,7
A3REPF6Z0P8Y0Q,7
A2TEAQ7XD3B11B,7
A2ICKE6A3MJMM5,7
A28MT6UWXNPW8P,7
ANEUPVXP9GKJQ,7
A4YAXWNMWYY0K,7
AW3LX47IHPFRL,7
A3V1YKHR8W22X2,7
A1A5KUIIIHFF4U,7
A3BSSJ6SJ5NVWJ,7
A6O19PVPF8YDM,7
A2UL4M5SXL7L0A,7
A1PPS91NLI7KEH,7
ASPN95ORQQDS0,7
A33ZO4XGZ09MPG,7
APFT40B3WKARC,7
A2Q5OH3DGQGMXD,7
A343QC2O211PHA,7
A1K4G5YJDJQI6Q,7
A3N5630QP9J06Q,7
A1DCNMRBNSTN59,7
A24KEBS6DN87Q7,7
A1S8FVNG0D97AM,7
A1KW4AGRCOIWI2,7
AOMQZAS76F3V3,7
A3JZ898Q8XXL6K,7
A2A2M8EGBY2FV0,7
A108QN0VQPX1W2,7
A23K0A6DL5HQQ3,7
AFNYEP9UND180,7
A3ADJ00F29DU5I,7
A15KCEKCUCYF0O,7
A1DQHS7MOVYYYA,7
A6JEVJCN12Z44,7
AW3KFYL19VZPL,7
A1H8I2PH00UQ2K,7
A105AZN9C8UAOJ,7
AOQYN0MQVWSJR,7
A712TJ5820FAY,7
A3INI5Z5O4TIXX,7
A1BZ18U2EF4FAI,7
A35EC54TIQQN01,7
A3JNLLJNREA367,7
A3NS3XXZCQ5ATQ,7
AHEP4N0XIJR1K,7
A3JOGUHYHZV8LD,7
A3G636N0YXQA7A,7
A1D311UPNHZTHV,7
A14QFQFF3ZX575,7
A3202C86H3AD1V,7
AFWPH07F1FTXE,7
A25F2NO8JVV7WI,7
A2A3HDJXDN8W47,7
A84O215CIZY6W,7
AMSAQMLJKCFSB,7
A2JPY5OA6FSW0T,7
ALBRTADLPHYNU,7
A155WK4J425WSQ,7
A3BNLLP9KAA1FE,7
A24SCH81NLQW9A,7
A2LHZKX1R0HW2M,7
A9J3LMY955WKJ,7
ACMKJIW7FKAR5,7
A1I0MV8SWXSWDQ,7
A127X09WZNT908,7
A34GH8QDLI43CL,7
A3OLAZKM77XR6P,7
A1U8BMNVUVNXW7,7
A3OKH5G69MS8D9,7
A33TA4K8TO0MJH,7
A3Q5IRZ3ZJV4P3,7
A3CBBQQXA7VV6J,7
A1BDZE0TP6L492,7
A3S9DTM7BCJS21,7
A1ZJF8YB4LZ356,7
AWSTQ0RMVNH0R,7
AUTNL9E3MTR4M,7
A3LZQZMCIZDXK3,7
A2FHM5FB0BXKGA,7
A2XNOB1T796Y6B,7
A1XG38WOY3LY4V,7
A1HZWHI3JLGZ5N,7
AHU88DJO03XZ7,7
A1089S59XSJT2T,7
A13VF2IKG8W3K8,7
A1GXOJYENYFP6W,7
A2VAUN3R0OV1MB,7
A3QMCI8K2A99E4,7
A3E2SQ61RG4KPF,7
A3OLLN3VV2SF0L,7
A3M6ZX4D8MKR1O,7
A384P5XYDRGBCF,7
A2VXVM93S96FHS,7
A1S45WQWHNQBF2,7
ATF9GIT9E3X5S,7
A1QPUBF6U5EQM6,7
A2VB2Q9DVM2K39,7
A168SAOQWU7A63,7
A39W1MVZ5BYPSR,7
A3S1YIQQW7AZO,7
AD4XKDR0MD7JO,7
A2FUMBORC5EMXG,7
A37E5KVAKOZFVS,7
A2V24K8UWPPDSB,7
A326VH8IUJ7JSV,7
A1I68HGX9VG1PY,7
AO84V5QJ6K23Z,7
A3FPR82M4TB5S,7
A17GV9STD2PEMQ,7
A2QARZA980DE7S,7
A1MYO26LV8X7JI,7
A102RLOGIBBDMW,7
ATLYYBE1OCCTO,7
A13HUHXEQPX3YI,7
A3FV80G5TGF2YN,7
AS0RNYRU3YTWW,7
A3RZ3PXOHNYC8S,7
AJIEYYB8CT9D,7
A1T8A6OCVV0UYU,7
ANSB7OILD0L3C,7
A32I07L6RTFMUA,7
A2FPGZXBPCLMMM,7
A4PXXQ3UGXSB5,7
A2ENZ4FESUXXMT,7
A34ZFS8Z5ISLQR,7
A1XY86U23W6LQ,7
A9HYSJ3D0D6I2,7
A1MIASCYLDH24Q,7
AJIHWX6ITBI9G,7
AIW2B5CZEUTS5,7
A2JWDEMXQ8SQTI,7
A3S76NP1H3R0XH,7
A5KBC6M1KUIC8,7
A2VDIU6H955TJK,7
A2YSLAI9DJ32I9,7
A3PIPAS3M7YLQC,7
A2DN13HKY0A58L,7
A1BN36SAWCLCIK,7
A3I4MTIXADZFYS,7
A22KW5YWAI5YDO,7
A341HCMGNZCBIT,7
A2EJPGQV89WOTD,7
A3NRMHM2N9GQ3N,7
A1SHK7D1XG7RIY,7
A3ZCIEUX68DEZ,7
A2YCEKVUN1W5F1,7
A3M7JG967UXPE1,7
A2TETZJOUBQTJE,7
A35FTKYO9UQZWF,7
A2GP6XJ1V3MM3L,7
A2PNZBN5CNAHTR,7
A20Y7REXQZ1REW,7
A1889S56VFLVMZ,7
A37AO7DNHVKB28,7
A1LZ2BZTMFPGI2,7
A1MWAFR2POMHPU,7
A6K6N2LXDS32B,7
A3NAJLO81N0SEY,7
A1Q4DVABELGRQO,7
A2ICT9A9NFH6X8,7
A3IWSCI3KCL041,7
A20X3J5AMM7FHE,7
AOKC4MRKH1UON,7
A10BOETDPAFJ4C,7
A2JXS1JII6SAUD,7
A3EOHF2YSVZA9L,7
A3OMBQCLXIYH82,7
AWYOVVOCJIGBK,7
A18G22TSZ58V1I,7
A14UXJ0TN7VIST,7
ADX81OJF8C5CF,7
A2U4Z76U7DF68,7
A2GZBPJ1HTFM67,7
A2ZR3YTMEEIIZ4,7
A1B6M00USHUR6O,7
A2XIOXRRYX0KZY,7
A1OLG8WQ4EAPMF,7
A4WCZVA328QB4,7
A3CLWR1UUZT6TG,7
A1GHZFYE83R2GA,7
A1R1B3C8CFK4CZ,7
A2YQN0Z573XRC1,7
A2KV9CT1CGLC1E,7
AZOFJX627J181,7
A89ZZKNDFQH23,7
A1WKUY7T0EM0GM,7
AMI7NR2C7DO10,7
A2DXXJR0N8BXOK,7
A36CLMUHL8OBHJ,7
A1XTQULERNAFQ,7
A1GWS2NJ324IY1,7
A2YM85TO0H2JET,7
A30HAGYXB3WZ1E,7
A35SB5XA89HR41,7
A3FRF7VQOR28S0,7
A21B8AV7E3MPXE,7
A2N2C8O2RYL3M3,7
A18ECVX2RJ7HUE,7
A3HPCRD9RX351S,7
A18NLG35HLRE41,7
A18LJ72NBKZ6JC,7
A3R2US71Y3CV9R,7
AFQEMGLY2RFGH,7
AJGIN15VFGXBG,7
A23ZWJ9CS8OG30,7
A35O0DIWXOOS1V,7
A1RTAG101IYPX6,7
A2I0X163CQDBFA,7
A39DQIQ1GO2J4Y,7
A1WRXACOKPITBQ,7
A2YKN8E68KVMZL,7
A1JAQM73RYX8WQ,7
A3G0U8SNAL7UV8,7
ASJN4DBPLF53L,7
AOY9SZTMNQWAW,7
A1IK1ZTDHJS6WW,7
A2KJ43Z9LSL6S7,7
A75MTT7XI4B02,7
AFBHZ8QV4S61,7
A2KS0FVY2CNJ8M,7
AEYGX6L1KJQX,7
A1FNHDWSN2KA0G,7
A22ZH10HU692PZ,7
A21623VNZ5H1YE,7
A2Q7QOQTWLLQMA,7
AKGGVHCCW4RKA,7
A1G4PDC7AI56XG,7
A44UKZE6XEV9,7
A37NP1T8KCEMOW,7
A3VI7503NDDODN,7
AQGUDK0MSQ95L,7
A3TF6A1YMYJQ9U,7
A160H0YEDV1DA0,7
A2K4IDHREI1GLM,7
ACDHUPAMZR7DC,7
A13OA6RAGTF183,7
A20UU20K7M9ZPF,7
A2K0JL9L38MK8L,7
ATDEJ6381GRZJ,7
A3A9O355TNBWKK,7
A29HDY49CQDCWG,7
AZYTIZ4EHOAL8,7
A1RR8ZVMBHQFIJ,7
AAEVGE52KL0DJ,7
AV90JD8C9IUD0,7
A1MZVETF38AMZ6,7
A2A1CFL4A83Q20,7
A2TER9CFVU6V93,7
A2VDVWA2TYAS4J,7
A2W7MB4GB7CWWF,7
A3NB5CY9PWKWGD,7
A3OEKYU0C8ZXAO,7
AKLVJGUVQ0ZP1,7
A680RUE1FDO8B,7
A3UNGV1J26QVPE,7
A1A92O8IVVHW3Q,7
A19N3S7CBSU6O7,7
A2ZOEOGAKDKF0U,7
A3KOA0YU5LB92W,7
A2VW6E1M1JP8JI,7
A13X3KB8XPS0ZX,7
A3PDGWYC08DXF4,7
A1LHCUV1YEFCDV,7
A2RFNIOYR9YO69,7
ADE5RJ2I12LZ6,7
A248QWX79TFHAT,7
A3UCF82XIPJME2,7
A3A1ENOW12T0QY,7
A3L9NGPTBJBQEL,7
ASHQ1JCA241D6,7
A3LDPF5FMB782Z,7
A2QYH0JNDSB7CT,7
ATIOA4WH6UE1C,7
AUHT4M1W3G7PJ,7
A2QDSC731OQC3P,7
A18S2VGUH9SCV5,7
AL2XB3XNNUV9J,7
A366NR0YOJ0NVZ,7
A23UZA419K52A9,7
AOHQVDAGYMV6J,7
AA2SVPVU0LQTK,7
ASH6NHZ1Z2O51,7
A1HLEJA9NGG4O4,7
A3GBTXO71DJ6GO,7
A3DM8NDY4EIUP1,7
A2C4O93BXM5ROE,7
A2S33I8S9FJF7,7
A174P367YZ02ZE,7
A1A8YLNAO5G16U,7
A3VIFJZC7SHX1T,7
AMGGZCWY3VNZC,7
A1AQU5XF9GP4SB,7
A2NMY5UF624JGE,7
A33Z318TMDAFDM,7
A1KCTFZ4OUC6S4,7
A19CV4KEXXAA1N,7
A1BTULXPTQBGQ0,7
A1AWXFMOX56DWM,7
A2682BOZU0ZTCF,7
AJQRYTPV3JK3C,7
ALA8RE2HDEVIK,7
A1D3X5TOQV6FQ7,7
A3956O40ZZYFMY,7
AES2AZFVTXKBZ,7
A2ZZAM4LFM4IE1,7
A1A4WRN8PF4VK0,7
A85PGE2FRU7J8,7
A1BNL6HCVVEDN0,7
A6VFSC0BW75Y0,7
AQLJGOADY379U,7
AUWG3HK4IAG92,7
A3IROM8JD6KAVG,7
A39K7R4Y1ZD5SZ,7
A16723ZETJAWIS,7
A1QS9CHFCEB3WJ,7
AZANOSUQAY5C6,7
A3R10ZQFP45LYT,8
A3DXRN8UPJ6W2N,8
A2SLS2NDPLQYP,8
A2ZY56ETQFB9L8,8
A2GKF3Q0YG4XS5,8
A4WEZJOIZIV4U,8
A3LO3M39AF1HXI,8
A313DADVI76HKM,8
A137OOBMF8P43D,8
ALO7PEIIIGXA9,8
A2P0HSG8FQUO76,8
A11T5128OZMUY4,8
A5MCDQ60DWUEV,8
AP66WW9URQDDD,8
A3129B0UL290DD,8
A23COTZ159C7E5,8
A3TIWRAKFP7LMA,8
AEJN0RZCBNXTA,8
AQ06TH8QPIEN5,8
A10NQKIG7NXUR7,8
A3MSO10BPAF01U,8
A3BOVI9G971LA7,8
A2QLJA07RV41US,8
A2VPSHOKIKSLJY,8
ARHH1P2PLAFSJ,8
A1G3LFZTTQQI5C,8
A1L2STZ2U6Q607,8
A1NBYDWT892WMS,8
ANWDT4Q6RAJRV,8
A2TZJGHNHCFRA2,8
A1MM1QVMHQGTZ,8
A35T95CVL2QB9O,8
A17ZGZHO81XVC2,8
A2IMZNPSJGB2HQ,8
A2AWP1RAJ2GOGE,8
AR4K3SYUFBP4G,8
ADEF2TC6C3ART,8
A1NP3RUUZSMR8J,8
AFR82BF45HYSU,8
A8AK2HEXCZN4Q,8
A1LXE1JF4B4KQ4,8
A372X2HNH627N1,8
A36FRBJ4QO0RQ3,8
A32YRGGWZ56OCS,8
A1AVDAS4VK9FCL,8
A1MC53GFOTUSAB,8
AIWTLY316LPR4,8
A3GH0VSG68C8SL,8
AM7BCX3ZCQ70V,8
A1Y4G3WZ321YAE,8
AF8XXTXR6MNL4,8
A3TLV6X0NJV934,8
A25789FH7X4BMI,8
A1HSM98KUGTHNY,8
A33US71RSEBUSC,8
A2ZRYWFYQBVOQ2,8
A2QIC4G483SQQA,8
A2YXYJ4JJC5BQB,8
A22XH75Z0895RC,8
A3V7G0CQ3P1I1B,8
A2Y3J7LJSOSN9G,8
A32NKAW0Q7A9IQ,8
A1NMV4MGCEHLZS,8
A1DKICE5Z4EQNR,8
A3L7TRIJ13ROR3,8
A2WKTACW026L63,8
A25TFVJ6B9U1NU,8
A329X6LME4DZ9,8
AONVF6RGZHT0E,8
A2EORZSMHG45DB,8
A1XU4L0QTHU93T,8
AEXS7M2VKYQ7D,8
A3U525HTP9WZX5,8
A1SLK8FRYWEISP,8
APSEERGKRFATE,8
AND41V9HNRA0X,8
A3445SRT7KJ6FN,8
A2JAUEU9WI3D95,8
A13OR6VTA2EBH9,8
A3R2M5ABAYL63P,8
A17Z0LVY96TO53,8
A2UU3K8KZGCQUK,8
A19VCE46OWKKLP,8
A35EXMSN4DPU9I,8
A17JY99GDGPQI4,8
AR0SWMNTBFXU7,8
A32R2880NCFLGR,8
A1OGCPMSIVK7G4,8
A3UPEV60FD84VX,8
A2N0UGB60G110F,8
AHKZMAV762S4E,8
A20ZDV9ZEESN5K,8
A1PR7UDVQ8QSFF,8
AJOA5W5YFUCCV,8
A1WJE2B0N0I3T1,8
A31P3WRM4BRRAV,8
A1DOFBSJT3SSKZ,8
A3L6L5O89JTX2T,8
A3G2AAMHUT1N1U,8
A3IDFHUI53L11Y,8
A25RR4OLL774IK,8
AVDW3OAVWWE05,8
A39DPQ464LPGVP,8
AXLQP6J93X2NQ,8
A14QOPWXLIA7A8,8
A21CL3NXLUNU9E,8
AM583EZIQ9YO5,8
A9Q66U9SCV3Q9,8
A2BUPVAQ8NN7EU,8
A8E6QXKIALS43,8
A1XLUNECWHYP6N,8
AK3D1F2TEULT0,8
A2IATJLZM78N9Z,8
A1QO494VNTR54U,8
A2I9HGYUMH5H4Y,8
AEESSZ8F5S7X6,8
A2R81A5S1AJC3F,8
A2XVGWQZN26LX9,8
A2IYOX0G607ZKS,8
A2N8DYL17G3I7C,8
A3JU243J8NU729,8
A3LA9S2FF04OGJ,8
A1DPUZDTVNJUMX,8
AN9TUUCDXX6SO,8
A28FSKNDEGW9EM,8
A2V142MS1OHRFZ,8
A3355TU2GYGQQ3,8
A1SMCTGDM2LK7X,8
A1VHCO8RQFIGQJ,8
AMGIMGPA34FIZ,8
A21HD9LIRFID71,8
A37D0RO6MQ230W,8
A3B0D8Z49UW0P9,8
A2X179NHCLFQ60,8
A2EVFD5C3NFKPU,8
A1AM1RHN5GXOOG,8
A203Q1G7IMYOVY,8
A8OU2FHE8QWFS,8
A29QYVLSXFQ9HB,8
AG08KHIO8TVPY,8
A10KI8CUGFN14O,8
A1JAY1EEQ2E60H,8
A1ZZR25X0CNOJX,8
A1NEL661KNJR4A,8
A2QVVJUAHMMFQU,8
A2XMAO31ZFZVIW,8
AE3B4JNHK2AWA,8
A4RQ2TQJVJ58Q,8
A379D24QUVV1X3,8
A1Z3LA4T9GJM5R,8
A1OAE2FSDZAXTL,8
ALS5SVPGWX1S6,8
A250YP5XTKH243,8
A2A3B0JX2JRS6S,8
A314GYAJRTK8Y7,8
A1M03LEAHM933E,8
A78J38NU18DDZ,8
A2EAFOKLI536FJ,8
A3M26CG1IIP9MX,8
A1KFS7EKT2OYL2,8
A2FM9BOFK3RS94,8
A36VX41XBE84P7,8
A2UQK3DAZ8NO2T,8
ATTFTGJKCAHV,8
A2Z9S2RQD542CP,8
A1KYIYS7EGCTOF,8
A28KIQ00R1B50X,8
A1C82BC5GNABOA,8
A3Q6IF3UZ6T1X8,8
A2GGKJ318HO2GE,8
AFC1I1MPDJXTL,8
A3BHPD32RSZJQX,8
A2EBEC60QO7QGW,8
A1QW4FM8FA63T1,8
A1D0ZQA3MD7VLG,8
A2O0OMNWUPRF59,8
A1CAP5AJ7JMHKS,8
A2WYFLTDS19XQY,8
A2O9BLNNEAH7JI,8
A3XL1ZRLXVZM8,8
AEX6CQEO3QZ4M,8
A3ASFGE40HGXFD,8
A24O7WFLDZG8EN,8
A2WER72RHDWH0I,8
A3P2TXT2WDMZR6,8
AXYIDAFJ8KCDM,8
A3BJOJLK4FN1JC,8
A20YIDMSMXPS3E,8
A35JHHE1NW0DIK,8
A3F9CBHV4OHFBS,8
AN2Y0K0LM7IGF,8
A5KMMY627T3W,8
A2JQZ1WA1UEQWK,8
A261321MIS0YPB,8
A2CBYGMX1S6KS6,8
A11312A9J5RL9J,8
A2U4W69NZJT4LD,8
A1HIOG0DOWHGM2,8
A2ZWHO87S7L5DA,8
A1GPVV2XWNGSDX,8
A196D8WNI6JXBZ,8
A91K5V1GJ9ASA,8
A1E5D73Z5Q73A0,8
AAKI8WZID60DS,8
AG5ZZ3L1KU8VS,8
A1Z4930RTKRTKV,8
A21QQB0GM1B9BS,8
A42D8DYQ7EVJT,8
AMGN9031D8VKI,8
A116JE9WSXSETB,8
A1FM50L5NH0OWE,8
A17FYFDILT57M0,8
A1KI5B6SW3GUBY,8
A2PZ3URE2O6S8G,8
AEQO36Q7H1RV,8
ASGL4FBI6GZW0,8
A2FE3EQGIYQTLG,8
A3A1JKH6FU935A,8
AVZDJYULA3P3M,8
A1P2V821D899GB,8
A2W1LLW1Y682PW,8
A3F81TPV4IQ2BG,8
A3EZHN2I12T5XF,8
A1NY3TMEB8KEW2,8
A1977GWEGAYE2N,8
A2IWFH4JINUQC3,8
A354OVU5DU050Q,8
A35TJIUIJDKJ7A,8
A3O4OL81Z48AVF,8
A18UVDQMISP7YA,8
A1AUBZQQ1AWSP9,8
A13P1SRWGJTBSO,8
A3KNDQ98179AHY,8
A2U1Y4U4HXJ9QP,8
AZZA7IQWTXCH3,8
A2KWOC600DMC0W,8
AULFLNWJP1QXY,8
A1F3BUDAE2HVK0,8
A34NI8DC5AAE2W,8
AJPKDAFL8B7MO,8
A3DMARFI3FQRJ9,8
A3QO3RJHS5O468,8
ABPI1E6Y8FNAB,8
A1QK91G8NM5XI1,8
A3FQOR3G5Y7UZ,8
A1LUQ4UWRA1REZ,8
A37JWH7Y3AGPKH,8
A2TLDIYYGLF0G,8
A2GEK8R4FEXDZU,8
AUDW7XTPPD79T,8
A309PFW8T6DMMZ,8
A3UA33R5UOA8RC,8
APHS8MGWHWJH7,8
A10TTUZKZRCT44,8
AIDSW2EQR47D6,8
AP547LW4G32Q1,8
A4TH1G4MV3VLM,8
A20GQ8NXD8TQUG,8
A16NHVBIU3VE4B,8
AGEVDBT717WU2,8
A2XDJAEWOYWEYA,8
A39C3BAC8J9KVA,8
A1VMDYBJRZ0M12,8
A3PHHFN21LG8L,8
A207G6DL5D61W,8
A1OV3CJD0MFYTU,8
A1Y363HWR2D0B7,8
ATA1ENQCHVZVV,8
A1QHJJSS7YNUYW,8
A1S70Q21XUZU1Q,8
A3KGQOLVUA7DV8,8
A3FE9EUVTU3UD8,8
AVATJWYV4L8T9,8
A2KZXS3L7C975N,8
A1C5WS021EL3WO,8
A1TFUS11C1J4F5,8
ATOGPZKOA5QKQ,8
A1B48D0I1M9HBI,8
A1R1D0D9HW83QU,8
A3GN5NR7GDB3DE,8
AT9TLGZ5UHY0C,8
A23VGBG17K5NJ3,8
A50ZGWCM3RXW1,8
A19Q4JC53BX7KB,8
A1MASM2C2VL2R,8
A10LSISVUDS2GH,8
A31FHQVCAND5TD,8
A3BI9UH1SCIQG9,8
A3DRT9IRH63ZHB,8
AQD4Y38IFTXEA,8
A32OKDKPS1DAO6,8
A38ZKGP6U1QOF0,8
A2H0734J35EB5Q,8
A2YVLGHD3YK5M,8
A26BZ1I78GIPUK,8
A1D678H20KE69R,8
A25SMO52DJBB1Y,8
A38ONUWY6M0KZU,8
A3PJHDLQBKM4PL,8
A2HOI48JK8838M,8
A3V7Y6EPPSN6HZ,8
A34WYT35SQGBH3,8
A1RMTJ6SNY7A6O,8
AS5NJXTCU9LX8,8
A35HR13MDW19RP,8
A262G6Q4J29VPD,8
A2HRL1T8QRAXU7,8
A3P4YPMCWTDPA7,8
A2A3HQJM4VQGBL,8
A2989GGNNTCGZU,8
A3HCZTTUH3CW9Z,8
A27QJSPXDC0982,8
A3BQPLQONW58RK,8
AA26J206CPKWP,8
A3UNGIF5G9RMCN,8
A1LCOMU8L6C05Z,8
A2OMXJJJU63L5Q,8
A1YLJGGB0EDFV2,8
A2EQPRSBX2R6ES,8
A35667Y9Y4EBLE,8
A3R42MDM98MW2Q,8
A2YV0F1VTUGV54,8
A2VZRPRIOAYJEV,8
A3AT8MXBJ8ZWEK,8
AQBNT8J46B726,8
APVLFUAI3IDF7,8
A1ZDA6FK1313QJ,8
AA9FDKGOIAYH3,8
ATKBLA1K7BYE8,8
A2CQAEX92SXVKR,8
A3W3XQY4GQRSIY,8
A1FW5ROF3LQC9Q,8
A2VB5FKZMKLVPV,8
A3RYHP2OYFJ3YC,8
A3PQBXEJX8WZ14,8
ABB3GDPNS9TVW,8
A34818POYHM1GD,8
AWPRJUXW39ZYC,8
ACC5EUH4URLUU,8
A2DY4K74PF6JST,8
AV1B3S6ONDIWL,8
A29HHD1M6QPCWX,8
A11QNB7FPVY3V,8
A2PNVJCCV4GKE1,8
A7J1N0NCJEDFI,8
A1P6FGVEYCS4FQ,8
AO8IMELSF9A7F,8
AFMVQ27SB2N8U,8
A3C2P53X7OVOKX,8
AJZR37LXKSI7P,8
A35K21L7HIH76Q,8
A17OOVKR08H7FR,8
A1D34RQ7RIERSY,8
A21BX2V5UK4IPN,8
A9V1ACRKPKQWT,8
A36DNPFCX8A0Q3,8
A24G8O1KZ911TW,8
A2CBIY2WT8XCRC,8
A2OLTRWQKKDD5E,8
A32OOHIQN9GFMH,8
ALC7DRPKTFF67,8
AHEU9UBEDU61B,8
A8IMDXXLZVN5M,8
AACKRUEFSCZOW,8
AIAN4QGC6X2U9,8
A1QP9QVNM4OMWR,8
A3PVOKGXUM0QUJ,8
A2E95ZZNAQ24GS,8
A1W5ERSUQ9RX8F,8
A2V1CW0YZ25USU,8
A3I9HER2MU2OML,8
A1FPSSELKQNTK4,9
A17BH0ZOXHDFJJ,9
A1FZH340EKH640,9
A15QYHQH80W30L,9
A2KJXBI3V1MZNM,9
A3J0IFH0TYTVHQ,9
A3STDPXRUJQBOQ,9
A2GLAFB46IUJP7,9
A2UHZY5FPP05QI,9
A1MPW1WTMFFQDG,9
A2MG743ZMA5Y6N,9
A1YZEEDWCHXZUU,9
A38D9RSMAYZSCM,9
A35Z26M69ZK7EJ,9
A2C9MURXVUCBMM,9
A3DAURGJAL0Y0S,9
A1QGK864IJ2PQ8,9
A1G74Z2NYIIVCM,9
A2JL1GIC0JAFW9,9
AZSKORJRCSQ38,9
A1LM4PSE0HJQDW,9
A1FAJINGM36NHC,9
A2RB0X2T3VWV1B,9
A3V5NOBJ1294FS,9
A5S38CUDPMJ3H,9
A2IA23HHLMUXA6,9
A2TN0U8173HM7A,9
A2SKDXM0SLR2FN,9
A3ORS0KYKUXU4Z,9
AJNZQZVL8MG6P,9
A3HMI98TOOAVYS,9
AA9PPYMDF4M4Q,9
A27QB80ZPR6SWR,9
A1CCPHN8WYSN8O,9
A3BEYTAVDKX9BQ,9
A1ISGQPXW3BOHN,9
A332E6XGZ46RAW,9
ANMFIHKJH7032,9
A1N798ZTE2S4F2,9
A3QG1JW6O3SD96,9
A3M2OUAMHNVUGQ,9
A1G0E1SQB3SGSZ,9
AJOZXSF28N5N5,9
APT7V2Z8MO6T0,9
A33YNEPUTEG8I0,9
A2PH4RGYVR34L,9
A2IE2U4SL7JWX2,9
A1IYWB3X1T6ZJ1,9
ALPK1S8OWXZST,9
ABU5AVJ05TWXW,9
AZ4ZYOPY754KQ,9
A23KEN4HK5CBN3,9
A12Q2ZZJFKNQ4S,9
A3FDXCRC4LAOZP,9
A1YJQ0I05KU3M,9
A21BRJ72OZGU98,9
ASCBJEPXTOU0V,9
AEZJTA4KDIWY8,9
A14DNCG5WHM86Z,9
A1D1ZUWM0MMBVK,9
A3QJM92LOBZJ6P,9
A2UO040HWOP0C2,9
AXJ1QYBUL86ON,9
A3NH30B70DU5IH,9
ASV6KRCHWHOU2,9
A3O75UULU0XR60,9
A3THKM5QX5XBKQ,9
A2812T15HPAR06,9
AOTY596BG2YX7,9
A32VIPOLAO12KV,9
A9JDOM7L4EML9,9
AJB446EO96DUE,9
A2Q4DC1N1DH67C,9
AISN6HORBXNHR,9
AD6XZ8L68MFNU,9
APRFTIZ7PB4S8,9
A130VGG4P4PW5J,9
A2HW660OT2KXUM,9
A1YSTRGTX7B66G,9
AQJSM4LO7M7G5,9
A5P7STTZE2MJV,9
A1VUA80DLZGWIP,9
ADG1I43JFC7YX,9
A2VNNFURJ55S4G,9
A3K8QGDWJ22EOX,9
A3I2LH8T7QJI7J,9
A3M5OYNZ2A5E0O,9
A1O229NVVDJUX2,9
A36K4VOLWEBG1H,9
A2T9HCIVTG1OAA,9
AKXT3E60ZZQCY,9
AN560AP1HH0U1,9
A3PXRHR3HQY2E3,9
A1I0ET8C0DHJ8G,9
A3GZHI2Y4HNJMD,9
A2UOK8UV9AITAW,9
A1GZTVDFGF71XM,9
A31GOE0Y2JM17C,9
A2ERKJWKPRWZU5,9
A1MNVGWFE6E0J4,9
A24NT6ZIGSJFWG,9
A3UJDNT32ZJEF,9
AOWOA4AKT3AST,9
AAPW9O14YB64T,9
A2YDNC4J5GUZL9,9
AD1QSUQBQ7PS7,9
A2UB3DLGTRBHVT,9
A1OZOJ8YVQQZCS,9
A28ESDJPORMVEY,9
AXAJXJZUL2J5P,9
A3UI9U9NOOAM9S,9
A2K4L3QL76RSG6,9
A2SN4KPZ2G45V3,9
ACROMCL9HF767,9
A1F6ASVUPBDSKJ,9
A21L12NT10X25E,9
A3PD8JD9L4WEII,9
A2VIZ3GQZ0O6F6,9
AU8E774SC8TWK,9
A23JEB4NAIIH2P,9
A5SRH9OLR37VY,9
A1SH4S5XGTEXZ3,9
AGTQW6LCRGAPZ,9
AYC7L2YJMZOOC,9
A3TWHKALXTJ4EF,9
A3OIGUHVHZBKT4,9
A3EMZ433QPZU0O,9
A1T7TGDFADVX6Q,9
A3NYG1OSPK7UW1,9
A2M3E53LN2CQT6,9
A3T643FOKZCYEC,9
A3J3MXHLT5EPA9,9
A24FQNZ2ZCP9UH,9
A31HVP4R32FSVZ,9
A1RWYA52UUOCC0,9
A1MCVOZSB6GDI8,9
A1RQWM3PIX7XS4,9
A33CNFK776MTWR,9
A1K3LZFVAZMPMN,9
A32T9TM5F7KHIG,9
A1R3T01MVZU6Z5,9
A1JTTI1KH3DOCY,9
AGXMC3ITWZASE,9
A2MBLVMVDLHK1L,9
A2VI9F9LH3117S,9
A14HHLBGGNNCFK,9
A25PBJDH4ZRJFQ,9
A1PGUHJ9ZN499P,9
AHRWSHIMCV963,9
A3HXGSMCIOZEW8,9
A1A9BAB8AO2GK4,9
A1DDNUNC9JNZEV,9
A1UB46NT3QX94A,9
A22QKPZ2BV00NK,9
A3EPJSPH03AS29,9
A14VMJEA22VY1A,9
A2NEMZPEE1NIWE,9
A3VTSPF7JQ80UQ,9
AXLRBD9NUE6BV,9
A2B8GN9RVQ0EFA,9
A3GKRQWPAIZR3L,9
A3QA0BBQW08DLZ,9
A18VF30YX62V1N,9
A124AKDXC26XT9,9
A2GZBRT6DBCCZY,9
A3E68EBGXTWDNP,9
A34LSBBIKLTOOV,9
AQ6F5FMEFRIKL,9
AKFXN2QUBIKZA,9
ASAE723AV7MYO,9
A13YHMQKJF3ZL5,9
A2JNIVIFZNKF61,9
A1LA4K5JF78BER,9
A3QZV5S4BD1XPJ,9
ALIE0DVM3I2R1,9
A6RZG1711OSGT,9
A33LUG9R954H0Q,9
A13HO1F4SW568P,9
A3TMAXADCGGSYL,9
A5XWWZZL5NZUX,9
A6GDUWATWOH8B,9
A38AAY3HJVHZAU,9
A3DB5AX3HWU2UN,9
A2MTPVXL6HD5VP,9
A21VM9WVF8EOSJ,9
AMTY878WRNJR,9
A3P7KN9Z1N5OOR,9
A1TWM78I835NGZ,9
AIZFG6OQA55AP,9
A4ZGPH50QWA1F,9
A2WDCAMKCCP1UR,9
A3LUWGB6EOJEC,9
A37AQ1M5701JCG,9
A1X244QTQDFT49,9
A2ANICQ82D7RJV,9
A31E19FNC235UQ,9
A3CW0ZLUO5X2B1,9
A3A3F5N7NZCVMT,9
ARBV8U9I8C1BK,9
A1NVCFX4PU0NYK,9
A31Y28UEDXQ0HB,9
A3H482CX4KZBK4,9
A2Q12G0CRKK0KP,9
AM2PAP6COUV5J,9
A1OO228VP8O47W,9
A3UE78V8Z8G1YP,9
A1PCHVTAXXQYSR,9
A2IQSNBMGS45X9,9
A2MTMN4A9KGE2X,9
AWCWQ5N8EB1XW,9
A1GPS8D0AWIEG8,9
A9P4Q7KX35RS2,9
A3TJ2K4LP6V71U,9
A2VNAGUP6GD6ZW,9
A13DDUENBR1CW8,9
A31PZ5TL8HYZ84,9
A38WZ0ITR34AFN,9
A3F5EZF0JJ207G,9
A2IX2BCH9YA2K4,9
A7N1JRLTA65IE,9
A33LBTRTH6XOLE,9
A34X9CGJCEE5Q5,9
A2T0WZOJ59N7AD,9
A2BYV7S1QP2YIG,9
AJ7RK6IXOYK4U,9
A1JUJM2FDDREHY,9
A5QVPEDG62HV2,9
A108J5O7DG2WIM,9
A1H4HIMWZPFZUQ,9
AXQ9TA3XU93T2,9
A2VRYQBXSTA424,9
A3669T2UVJZR41,9
A38IWCW17QMNI9,9
A2ZNMPZMLRRC8R,9
A2FY4IRPNJCRUK,9
A3TBMGNSEQBWIL,9
A2ZBL197CLFKPK,9
A3V6YL38FIEDP,9
AGTDTFUBMK88S,9
A2Y9CTL628GL7K,9
AW1D68VYR0HD0,9
A3TPEPYMO2GFN7,9
A4OGL6HINEZVL,9
A1Y2BG1GPW1VT6,9
ARSW44J26H0WY,9
A33YZNZIRA3H97,9
ACHMAK6A8MHH,9
ADYRLMDROBAXW,9
A3VZ99CCMUESSY,9
A2ITTLEMAY03YD,9
A3MCPNPCOLOCEI,9
A3KTWXWO9MYIYB,9
ADOBXF9W3UUKN,9
A1LBH85DP0NEVO,9
AV3CY3MLHJ511,9
A1IZZLH62NT5F1,9
A1Y4EWMUTW73GD,9
A10TI8SX6OKJ23,9
A1LAT21BT7FUXX,9
A3LM4LWX9M14BI,9
ABGD4FXC1AJPJ,9
A33ZNV7VQ925SB,9
A277VC5WJ818NY,9
A1QHTHV3S8J3GJ,9
A5YSNNBCMLVX2,9
ALHX1KDNFZX40,9
A2PATWWZAXHQYA,9
A2PMSS7I2J8ZBE,9
A2BH42X4GDFUAY,9
A2X1HXM2TZ7VJV,9
A2F0AE8YOO8Q9U,9
A2LH14QP9ZKF3G,9
ADQ073QJ0E5TK,9
A19VS67HZOKT6X,9
A2MXK2BL6EFOPR,9
A3LXBD5R25MX7P,9
A37AQI4AU3JWSR,9
A1Z27AHFNIFBG6,9
A1AMR7YWHX7W7O,9
A8B29NA6R2E6Z,9
ACASEIWET37PO,9
A1O7NN2SNJZ9XY,9
A12EO7KLFN2JLU,9
A2V5UI37R7ESEV,9
A393VR8USGJSEO,9
A22CW0ZHY3NJH8,9
A2U3TXDWG3U3XS,9
A25EGTGMF8V06Y,9
A3KCFRTFNBGV3L,9
A3IIOKFJDSKW9H,9
A3LQI6DLFEXOVJ,9
A3O1TDMJJOJFKG,9
AJNNNF726KSEA,9
A3SOLBOIBNYCCP,9
A127GZ51PD786F,9
A3K04GHJ88XQR8,9
A1EAN2SFKYBJ05,9
AQZ64R6S3R1VF,9
AJUP0PNA44A0A,9
A1BHRKM387NKXH,9
A13MPH77KVE9NH,9
AFTOBK4M64RVV,9
AKQU6FNNO6MWR,9
A5ZGJBOPDRVQL,9
A319UCRTOK0V9P,9
A2QOLHSESSJZWJ,9
A1AKKYXG0Y0ULL,9
A3BI8BKIHESDNQ,9
A3E37ZYITKUQNL,9
A3R4Q2UEPTZPSQ,9
AI43VKPN5NF7D,9
A2HOZZLPREEY4G,9
A1JZEPPYFZDRPC,9
A1R8LFZ1EMGK75,9
A3QNX5KWHDV0GD,9
A3HLUBDLMU8RGO,9
A1DVJIPY0MFSNF,9
A1SNT83NFD4U8N,9
A2HXOW9NN7XRNT,9
A3GZQJZLSMETLI,9
A3JSY3V8X43HUP,9
A35OQ29USFZHDN,9
AIY63PF337QF4,9
A3E0CXFVZHO626,9
A35JP8KSV9281K,9
A2JWFLMUIV5N2P,9
A3R9X003XW0LNR,9
A2SBFXPN5V6A6X,9
A2NYUHO4HL2CYG,9
A7JQDI5K9XZY8,9
A27FPKOKRNWKJM,9
A2SD0UPTBP3T0F,9
A5XWJZF0L36W3,9
ALD4EGIL85Q8,9
A3G2FOJL92215L,9
AXSTY40VP4M45,9
A1PQU7KH22ZPBM,9
A4L0UD2AWHART,9
ASRSXQNGDV0HG,9
A4RASGC2BYMD5,9
A2GMJ3DJ7CBM1D,9
A3OA4DV4L81N1D,9
A2C7D65XX6K2OD,9
A2XFN1TTYLQHYM,9
A3PFLOVUUUDUI3,9
A34AMRIGX4RVKU,9
ADZCA4OI2ZKUX,9
A1EKB0SYZ81ZV,9
AZPYIAOEAV3OZ,9
A6GSTJCNZY4IW,9
A1PLCSMLPR3ZQ9,9
ACQL06Y00GI08,9
A3SL7BXUHLRKW3,9
A148WA455FCXQZ,9
A1YOQKB992308L,9
A2DOUSV52ED1HG,9
A10GWHRIUD964P,9
A35V32HZEGZH04,9
AE3S5S2B77PJX,9
A3AIL332D1GIX5,9
A2759PRDPCNGXF,9
A1RQEQ9N5YLNLU,9
A1UWY9OB9080JS,9
A2Y5KXAJSN7NG3,9
A2M775WAM2DXTD,9
AF89PY8OK1PV5,9
A24ICO449X5CE6,10
ARC5ASW9CUAGP,10
A3NQU1649SH0Q4,10
A2VQLV2GUC4H8J,10
AJ00DXOOCDL2C,10
AP6T0CI46U93Z,10
A2TKWMX4563NR6,10
A3J1QBB1ULWDOQ,10
A2I4NRKPMGL07Z,10
A3MRKZ1RR1G9K3,10
A1JVJPIRK7MXGD,10
A2RV56C21T320Y,10
A3FL4Q6TEPST6C,10
A1HXLQOYQB889P,10
A3S7Z458PXGL82,10
A2X92GFMN2QUY2,10
A1RP09FD797OVG,10
A21RU23FMI0XSS,10
A1TDR7Y90SVCHL,10
AWZTZR9GATRZH,10
AHCXIFBSY3GC6,10
AMZYVZBIMD7LY,10
A1BU7ES6F0OOAA,10
AP8GT460DVVCU,10
A2CFRF9SRM00HE,10
A3Q1EKWQUA0INF,10
A2JWZ2WBSBMTV3,10
A9YD1S6VJJMOV,10
A2JFHS5XX1PMXZ,10
A1OZYQ4V83X8K4,10
A2S5T5L2JILR16,10
A1Q0SLK0BVABXZ,10
A2UU3ZOWZLA2SP,10
A1TF9EYT8FEPZP,10
A3R26BOC579JZT,10
A37WO4IXM2HON1,10
A1MRX4ZBEF5CB8,10
A3EQQHWJ1EEYEU,10
AGCN38LIJZM3K,10
A29UCTPWD0NNHQ,10
A3TMKO1DO08TQY,10
A1IJOBQD8CY8K1,10
A3UW7WC3KDQUPP,10
A2E3L36WTNQJEJ,10
A3SSDQFBBVDGRS,10
AGEWOMQ90BV8R,10
A20AAU9AUQ2ATE,10
A22J6L1NSD0U5B,10
A20ICK2UGU8PIJ,10
A1WFQPYY8YBXEM,10
A1G4AW937NAPVA,10
ATVG5JYNR3EWN,10
A1LZSBV038CISF,10
AYJG6V3AQONGG,10
AWHT8HM8R4B3Z,10
A2WI99LSF1RRXG,10
AC8E3L5ZM01P,10
A1Q3WWX7DN2XZ3,10
AXF7HOXQDTVOQ,10
A1QXBKNTVF2BNV,10
A1U7RWHQX3W141,10
A310AKTMTWOZ17,10
A1QI2OEKR1TXQR,10
AKHWZLV8HFIPS,10
A3AWXCFD0J6S65,10
A1XTM47DUD1K7D,10
AGU7N9HSQQ57C,10
A1WNJ4AP6KWDJP,10
A1APZA6WOY8J8,10
A1RJUXDK64O91A,10
AIKDNESAP7MX2,10
A28JDCKBEDSI1D,10
A230PPNNJYJ6HR,10
ALVYD6HBLYI0W,10
A1I2S55T0R9DTX,10
A1BM3ER2HHHR7T,10
AEC90GPFKLAAW,10
A1MADL7UMDRH89,10
A1V6GWOYZEVVKT,10
AH1KJ45IQTM4T,10
A3AOGYPD6MVBYZ,10
A1LCO3C4LIJANB,10
A2CX4X0IIKGSNJ,10
AZH1J5JIBIE8G,10
A2U86YNYOVTMD4,10
A2CBZMETQJTNEE,10
A1ZTCLOO7CCXBC,10
A3GCU32XBIEDMB,10
A2XBFJZRMF9BJX,10
APP5G31NNOHID,10
A1H5FVY4HX3ABU,10
AXN9VY5129WYT,10
A2JTL1WA0R3J3V,10
A2A26KED39175E,10
A38YN01J31JTBD,10
A3UBNP5DWQCNEH,10
A1XQYFPZW6TA45,10
A3LMH7M7YGUW81,10
A1482ISQT966WC,10
A38GBRWMMP0UI1,10
A3EM40VV41YOHH,10
A2AOB5EFWI6SI7,10
A2O168CJIAEGL5,10
A3KO6JEVS1FJ8X,10
A1OPM139NX6MM9,10
ANMA1H8LGEVBF,10
A2AEZQ3DGBBLPR,10
A3RG6PPAEW83X2,10
AUEZ029EW5BF5,10
A1SW7P73Z8BUUJ,10
A194CASS07MYI7,10
A2SJD44C37X1LS,10
A3P4OCFJHME34N,10
A1CCKKNSH3QR08,10
A1DGED31BJ7H4D,10
A22Y586YTVSY10,10
A199IPMLMRRRMH,10
A1056H518CJ5XD,10
A8C4VSOYHV7BY,10
A3KZDS16VTCBCD,10
APDY9AJZDOGDX,10
A208F20NUCU1T4,10
A1KCSW7Y04ZWYJ,10
A36H6CP232NRYD,10
A39M6RURHUXPR,10
A19XMHRB3G4DIR,10
AOLC9OV244MFW,10
A2ZIXNYGNZBDYS,10
A2INA3KNWJWM1Z,10
AJP7IKVQXDJ7G,10
A2CFCASXVT8OIT,10
A4DO6F431LOO2,10
AGMRCXA1AX1TJ,10
A1KRANXN8ON8SC,10
AMH264806NHLO,10
AZF2N3ZIC9B9M,10
A7R9S61MMVO2H,10
A3VT9VE8JYA0LI,10
A1LAH0VUZGP0HX,10
A3AGQAXTX6VRJ3,10
A1D3CQN43Q2T3F,10
A1I8SSEK2E846I,10
A1KDA0U9H4I3XY,10
APFDM4RTT2E0B,10
A3RO6Z7WI0032B,10
A2DLK5DI4S3OIX,10
A1GUJGGRLM6V30,10
A19VISO9EHD1OM,10
A2KZWL4NQ65C7P,10
A12YC1CY1XZ6KQ,10
A3T1KATJEI7I29,10
A1UBZQMYXWI1DH,10
A1QBD8ROX93T4H,10
A298Q3B5R3X54L,10
A18MQWHBYS6MLN,10
A3EP26M3QHINXT,10
A1FUBPW8U2RYUY,10
A1KOOIDITRFGPY,10
AY80D45F691BD,10
A2GE48B0B9588V,10
A2LNQQ1N2DZBUJ,10
A1X5KSUPUR5GFO,10
A29VGSEOXFSJC4,10
A1UDJYFICROJ3X,10
A3LJOSAYINSWU3,10
A2RSBGN7RNQ3S0,10
A1PBRDRW4WUCYM,10
A3RGAR7ZY1OEGT,10
A2VT9DGL3UU8HQ,10
A6G5VWEJWRTQ9,10
A1O3DZU81QWRIF,10
A18XYVCNR720UC,10
AARIIW46OO6LA,10
A24P9F6NZ7I0EL,10
A37WWMRMNR2KSA,10
AMEX0T50TFZR6,10
A2PC6KJ50P32KE,10
A1U6C4G5YT51E,10
A1CP551C8355WH,10
A28ZZVJQDTXKLA,10
A2VHNK9KG4FN9F,10
A850S0PK7OMFU,10
A1FPS4R13KT9ZC,10
A1IICUMRPXC4AL,10
AVUJQ7L84Q5M2,10
AIFS93UK3XG7R,10
A1QOF415R8PIJO,10
AAPFN1BADMWMC,10
A2V8VLTPY3W01E,10
A1CV19Z3EDXMJ6,10
A28NNY8RA9EVW1,10
AO3BJZXP5O1DQ,10
A1MM4GI4DEMAJ8,10
A1H0XHTUZEE8LF,10
AI0BCEWRE04G0,10
A150YMM55VZQ4A,10
A2NCO79BXDXVCQ,10
A2A0HREDAG2QIC,10
A33ZNSZSZ580D9,10
A50ARWTXJ9FPV,10
A3UXU4YM508ZEA,10
ABKYBNND374AW,10
A2GAKGT138CJZS,10
A32VUK5VY3V11D,10
A1XSZF2A3ZV2MW,10
A1WWUZUK1ONXXV,10
A3TJXGZ6DE38R7,10
A3OBYV9M3PY8JW,10
A35LSGTF3H8BYV,10
A37MO3JSJKWYQ8,10
A32WHPPRFXTHRV,10
A2SKEQT0WTB954,10
A1GHIHEYT9EI43,10
A17A6OOXUV6ULM,10
A22YUW6VX3I8PK,10
A2UNI5F2K6TFQH,10
A1LA54IU9QKJWO,10
ANNKHRRNO6TT9,10
A10VGVCS9EFVGZ,10
A2H0U8LGLEXHXV,10
A1DDG2R80UWTPI,10
A1NZ1PX75H8JK9,10
A4902TQB4NGRJ,10
A7ZKJ86MUO5JS,10
AVSYVH92H3Y64,10
A1M24LVM6J1IYY,10
A3T8XGEOFSU5UI,10
A2FRFAQCWZJT3Q,10
A1F3YT1298K5DX,10
A24OJFC9EGH3KQ,10
A3N0PBMHROT40K,10
A7J1NJ0YQOBTZ,10
A2IMYG68MPGPF9,10
AJT510WEA1QHV,10
ADKYANLVMPKSC,10
A3KM0K7M1NN2C5,10
A299WE3SXXMRTD,10
A2RW587355CMVA,10
A94SPCQ65L2SL,10
A1D3CJ9QKBXC1Y,10
A3SYB4E5MCEBZL,10
A1TH70AZA3XZOL,10
A1A2UR00NVQ37J,10
A2HKIW9RMMSKXI,10
A1D1MIFRSG50Y3,10
A1N73M40MPPWSR,10
A3RXK7UUDWQRTQ,10
A1E04XSIX1OAOM,10
A2NS2BWQKIS13C,10
AVEUMSBNRA5TJ,10
A2VAJSG4VJ0II2,10
AJ7GOBURILNOF,10
AJSSCAO4RSU78,10
ARYHWHSUK58LO,10
A9ZV2N6JTI8BF,10
A2WTAKAN3KH2IR,10
A32R6DMRW8JBNT,10
A87CILADRIZW0,10
A235UFZGCFN3J5,10
A3992SE2YUH0B9,10
AL2CD0KF155Y8,10
A3KBJHIZCU52OW,10
AMEZFR0V0FTFX,10
ARVW5GNMO9QU7,10
A26Y3GDR2X0V6V,10
A2XW2J2M66JC1A,10
A3D1XWMQD0HTZJ,10
A1MCDTLCGM8IEE,10
A1A016H61PMGYA,10
A3SNRU9Z9763AO,10
A2Z2VZEOYK3EMX,10
AMKB1A6CU9H0P,10
A3UACABVOF2XF1,10
A1SUF6BBG0T2ZQ,10
A1W6QZK6BFJLW2,10
A21U4DR8M6I9QN,10
A3PMROFEIAER4U,10
A2EP0WOZE8HCJX,10
A1Z0VDSYKCQTRH,10
A1ODOGXEYECQQ8,10
AFNCXMCX7VZWH,10
A1XQCLOF5MP5OB,10
A1XAWUIMSX6C1Z,10
A2XKCFK69WFJ2Q,10
A3CFO6309H5H0,10
AR0TID0Y19R2X,10
AAONZ50U9K7NW,10
A2A2JYDOR6GJ3E,10
A3SKXRB5QQWMLZ,10
A1SNCVH8GXEJPA,10
A16PPW1E26SZPX,10
A270124TENJ78B,10
A2X61KKXXR6WNP,10
A7I3WFZE31KAZ,10
A3SUZ5RKR6CNKT,10
AOLN7ZXFT6EDI,10
AI4WN15VV8AYB,10
A1RPKCLVRLU062,10
A2LMF5Q6FO9TOI,10
A2CJ6BOXPMVDZ9,10
A1QXM4FWKL7CMW,10
A2ZW4Q5B43JOFP,10
A3C5B6DI5QZHKG,10
A2HSQ44YJXSVAX,10
A324X6N1112OAX,10
A18WG75O9GGKTT,10
A1GZZEI9LGAIRQ,10
A1X951MG53YRW0,10
A2KZOIOFXXMC1H,10
AJCR7L4AXL2OG,10
A2T3R3E038PSYR,10
A154R0EH8V8J23,10
A206XQ50UQS1GG,10
A3C2B90CTO7T1V,10
A2L7URQ9FR0U92,10
A1CN4ZCDTGCJCT,10
AFE44U6RKH4ZL,10
ARZX1CBWP7M2W,10
A37WVR9M1STQDU,10
AG50Y7KCLNM3W,10
A3TNTDRTVYO1SN,10
A2BUA0W0E6NM2D,10
A1U29HNXYN3TIB,10
A135MK4P9G8EDX,10
A1ACUIN0UZC4K4,10
A2JSKM60VTCNI,10
A2A0XAOI0QSETY,10
A3EWNB6RL13T9G,10
A2U7QPASO59UO1,10
A2BGJ5ABQEERDU,10
A38QGN16XWQ8SL,10
A7ZVK3V3S35CF,10
A30XCXBX58I43B,10
A393L8KPRNFKMU,10
AKP40I31XYX1D,10
A2Y1YSXP0CR3JK,11
A1J98WSXXXWGY2,11
A3BSYRSX8N8FQ8,11
A3LIEPHXF1SI1I,11
A7HEVWKSWUSI4,11
ATXGAWFZAYEKT,11
A2DDTHUPCXB6Y,11
A604IM2TKXONO,11
AUKMX8TAFE3BA,11
A3E1IXJ949VL29,11
A1GGD7MP7HKJAJ,11
A264KSWO7ADT2W,11
A2YZ9XYWX9NQEW,11
A1O7IMK0R5L0S0,11
A3KTU2HKCBMFVR,11
A229KNRZM9URT,11
A2CDEOM9RZMI74,11
AJX474LNBU6TX,11
AQC42OVV9FLWV,11
A13YCUYVQ1S2WP,11
A1D45GKC02247Y,11
A3IYASOMZQO5PI,11
A2QKYGD9QERARX,11
A3TLYL0E41W6DQ,11
AOKH8MBCROIL,11
A5JXRY7KNM1QK,11
A2PL7ZNZNA1S68,11
A2NEASNMHL1A4O,11
AWA8NYOA1CPBS,11
A1SMIJLAMGWXCJ,11
A3SC8ZUDU3TR2H,11
AUJWP901VCRQ9,11
A1AFW98PPLSRBB,11
AWUQ43W80B8ED,11
A17T4YZDDWWFTL,11
A21TU2TDCOCDI,11
A3TTG579DHLYZW,11
A1I0M1C381UQNZ,11
A1QX9VE4U6FQMM,11
A2L44BPVGMB5FD,11
AECHEZNHB4NGA,11
A272JDNEVXGADX,11
A3T9DOOJ5B1U7O,11
A306LNS6H0P1W,11
AEN9ZAYSCOD88,11
A1I7UZEKGFIYP,11
A3D822N1K2IAQD,11
A3CRIG5P35VKUB,11
A2CJIF5L72V65I,11
A1SZJC7I20X82N,11
ATOKT8QYK967L,11
A2NRAA6WNNQ4O5,11
AH67CQEJ4RQM9,11
A1CRCLL00ULF20,11
A3OJNGNBWD7KNN,11
A2AAN5OO6QZ905,11
AFXN7YRQIBTP1,11
A26KXNN6H1IL0I,11
A4G51W9PC7TJL,11
A3L6A3G6T6IXXF,11
AK10GGT97M7QK,11
A11LTGLPJ66GTN,11
A146K5OQPHQUMR,11
AQIEN3BHQFFQ,11
A1ZIPGAG8KMU66,11
A2EJ8QA6Q2X9BL,11
A1H4B09YLQ9IMA,11
A1OOCC4V3H670F,11
AS5TFE8EY77WU,11
A3KOAIRG0CC0NR,11
ASBCVHHEO1QXB,11
A80DXXEKX12RI,11
A3LWC833HQIG7J,11
A37OY0QXW9R2ES,11
A1TX6FWFGA1QVO,11
A3P02QITTUA6VH,11
AP55R45MSCVQ7,11
A1J2E7CBMOLNKX,11
A3BKOOED6SA0G9,11
A2T9W5ND8N17O0,11
ADQEM4CCLH7FB,11
ACGEI811KV9OY,11
A2BF3B582JCRZ4,11
A2BCV9V0BLJ7RI,11
AFUG91MG3OW6O,11
A22PNO62IYQ4WM,11
A3S15YGZ6W6EV2,11
A2U68XR09T58BG,11
A39JC4OBLTFWYG,11
A14399DQBS4QD1,11
A3IKZ15AVH556K,11
A18HE80910BTZI,11
A2GR77INMKX9O4,11
AP6M728REMY04,11
A39JL3OBJIBIX7,11
A1NI8QXW52SARP,11
AULAFZN0HMQG0,11
A29PQH8RIUG4KZ,11
A1AP9NRICWMME4,11
A24WS0HVBX9D3L,11
A3IC02PU1BELQ1,11
A3QNZW2WKPSDJG,11
AB5S5DS16EVMJ,11
A3346F1Q4PT8Q1,11
AIU3NFC8VQG72,11
A3B2DFMVEIT8TS,11
A377WOEALNCQY4,11
A1VASOVPUGUYEJ,11
A3A73UQRD23GVC,11
A2MLKJWU2K5SGP,11
A1JERSJES55IBU,11
ATLCOMAE8J7FO,11
A3NPFLYZKA4N09,11
A3VBORHS4H8LES,11
A7MKO11ZX97G4,11
A3L1N36J3BOL9V,11
A2ONNRUVWQN0HU,11
A23BXVNBGXQ33Y,11
A1Y1J6BKWVU4C0,11
A5BR77YAIE341,11
A30UO2HV1289CO,11
A2MG5RDEK195A8,11
A3BL333OWK3I4J,11
AANSPH7B2AT7X,11
A1HZXIWZ2BFEI9,11
A1VPV97Z0340WI,11
A34HEHB3Z0YHO3,11
A1WF4CS5PX9N73,11
AMFFWASO0476G,11
A3F5G02JODRZ10,11
A3CFH7IL0GL187,11
A1ZBG4HKXZTVBF,11
A3RKVIE9PUITW8,11
AIZWYEWMY94L9,11
A1B0RTVS4SE88W,11
A1O0TOFN85RIPH,11
A31Z1N67RKI5A,11
A2VDJCGMWDY43P,11
A1MXXBKX2AWBR8,11
A38Z1QNI3H0JDB,11
A1UN8HF1AY2KJF,11
AUVCTHRJWGFXN,11
A1V5TRJXTI6F01,11
A1KHBL5M5UO0OH,11
A1XP5GMAIXJ10A,11
AQRQFC49CR3YJ,11
A3EO7H0UOYYVJ,11
A1TND9THMFVTQG,11
A3E6HFD7U91DY,11
A18A4AMMJ5KV7T,11
A1TRAEV7QWA5DX,11
A3AXW3V7YBRKCE,11
A8ZVKQT47JSH5,11
A3J8A5L5AF5TX9,11
A1N1VUJCILPR55,11
A3APPU8QXY4DFI,11
A1LY7Z60TNV629,11
A3RRHP4XAI4KUI,11
A3QY9MCAQ6CRFH,11
ADWC6B49QR30H,11
A6NZ93XM5N1DJ,11
A2T6E660Y0AXFQ,11
A2WJ5XSE4I9F55,11
A340RN4767K964,11
A2QIK74BPWV7NR,11
A3I2XB5G02ETXX,11
A1BIPJK03QKFQA,11
A2HOYLB0HXLLJJ,11
A6X2M9YBL9OYY,11
A1THVLECOV14YL,11
AA7P2NEC94K79,11
A25QM6LQRU4BO,11
A33775AIB1A664,11
A3POU7ZIEKZ0Y8,11
A2AU3BJPWB4TT8,11
A38RMU1Y5TDP9,11
AL47H8L17R0GG,11
AF19ZLFXCX31S,11
A3VV443NATJMKY,11
A2S13NSRLNW59V,11
A1RW48VM5K7UU,11
A1RXA718FHHMO3,11
AM7IDMQK0MCGX,11
A2BQWD54CXBX6R,11
A2F36RDJUBR6TI,11
A1W9Z0FT00LC06,11
A19MJFMEE3035J,11
A2NBQ9E181AC8O,11
AVSMRPI23DQI2,11
A29P65DEEZIEB0,11
A25V0QNH29GCX4,11
A1X6VVP8JLFEJ,11
ABDAL1JFCZSH6,11
A2TZ1P4VNJLYQQ,11
AXDI7SSVP9VMZ,11
A1YF0SKMGV2BIL,11
A1D6XJGWCLNM3W,11
A1WVIO1Z0N8JG2,11
A1VUUO6EEBON7Y,11
A3PGVJF37JSHFO,11
A2N1VI3PB6IXMP,11
A2ZR2K4JOGBYAG,11
A1G8GOK1OYID5X,11
A31Y54OKMYME6G,11
A24V0SRCB8XBAC,11
A83BIO3AO15LQ,11
A2BX0E26599UPQ,11
A1WNEVIRLVH12R,11
A2X8ORQE9W3GIH,11
A1AK6D48SAUFWK,11
A2Y8QYR1IOIA06,11
A2AFGNDUPNWVSN,11
A25FD86NG19ICC,11
A1HSGHW38ZSYXN,11
A2959OYCZX0D4Y,11
A1QLZMPVXL281Y,11
A3MEIR72XKQY88,11
A2620FU6M0WOXM,11
A3VNAKMYO27RFX,11
ASDFYMJ1MTPE7,11
A5II29J0V20A1,11
A3D550GH0U6T5C,11
AHRXG1I39B1FR,11
A132UAXQEMO52E,11
A3QPQD77H49IFR,11
A26YO5A2Y8EBEG,11
ALLIL7DUQXJ97,11
A5U3O5KSTUOY0,11
A83N14T7FQV82,11
A290P12SRG78VQ,11
A3FSH1DQMR9M0M,11
A1BEMKOWN1TJK4,11
A265ELQ8QCGJZ1,11
A3479FS9K87E6O,11
A2BRXREMT5WZJ0,11
A1YJ541O10BM5U,11
A3KK6PWQOBG9QV,11
AZRPGTU8A7KD5,11
A1S95WASXJ02VX,11
A1ER23A7CRR5S5,11
AQJWVL7YBSMOL,11
A1YXEYOWESHVLJ,11
AO7W7WGOU6UIW,12
A3DYB4VNXP9RBE,12
A1YX6YUHJA11KE,12
A3BTBXXZ7LG6LW,12
A1JLW42JHQRJBP,12
A3PAIUYIUNSP57,12
A2N3PTK1ZZGHSJ,12
A1WJ9679CCAXNS,12
AJ4NMYPGJ43BY,12
A4IF24BMN3Z3H,12
AE9QWJETO90U0,12
A34NPP4LLJL4HU,12
A42PJ9K10RLMT,12
A146CA37V0450V,12
A2QDO2ACVW88GT,12
A21I0B69KHEWMD,12
A2OEPMLEWAF9A4,12
A3LAPQWMLWTYRK,12
A33152QEGO2MZN,12
A2NF9AB5M72QTE,12
A3NGABXDIB0POU,12
A1R8RXVOGP7Q7C,12
AZDBSC1VRMVY8,12
A2IPN5RZ7YAJG7,12
A21ML571MPRGXC,12
A2HUXYU0IQOMOB,12
AVRV5S5L7MJNC,12
AK9BXHEXOOM6Z,12
A9D87WNSGOGLW,12
AZXWUZ9PPSOTL,12
ATEQ0KDIJ7K89,12
A1Y949S90RE8FP,12
A8UY3MKZ9OHDF,12
A3GS06T7VKDRPV,12
A2Z6M29DOKM8EB,12
A2IFTSL05L8NP,12
A24AB6DJ00YOJ6,12
A2QT1VUOINR03O,12
A2V8SHOF5ZU931,12
A39AB1CZ74VSGG,12
A27KTLDSBWXNED,12
A22KNT28RO8DXL,12
A2RHF1DLWK3MO4,12
ANRS196NKFVUU,12
A2M83KG7MS2VSR,12
A1QR3OYDFRFNE5,12
A2BUXQ05X8GB58,12
ADL66OTVQYDIC,12
A87N6UTYA6NOB,12
AGS5OEWHBHLJI,12
A2FUQX4OMDU3LS,12
A32SUIEEW3K443,12
A21M8JLOHG5Q6V,12
A1ZP77LMY0DTIM,12
A15N3ETU8WWAUB,12
A16U2XUA72CHR8,12
A1HC9B0Y05N95A,12
AI8SCFYK5I0YB,12
A30IP3E4MDQ36,12
A29C2DK1SF1GI4,12
A2V0V7KOZ857NX,12
ARKQYQ6FMLT3H,12
ACQS5S0Q65SHV,12
A1SYGY98J1RWIY,12
A1VNI8SZ045QY1,12
A3RIRRJ44LGVDA,12
A2J753YWOBIOSR,12
AJEBA8C74TQ5U,12
A33TDBE3822NTY,12
ANX51Y0Y4TXAK,12
A3923W0OJNGUHN,12
A1SDKQER8V6DG6,12
A22A3YXFDLPMFL,12
ALHC64J88LVWO,12
A2ADXHHQWZ630U,12
A3JR1HTAZYM9K4,12
A2P1ZALAC93BHH,12
A196U4AE2M1G44,12
A3PSL549ERGXLD,12
A2WL2ZWWGHM2J1,12
ALVO1A5UB8DG0,12
A2R035SIYEQN2O,12
A2PNSG656BQTHC,12
A61UIWC9N8CJK,12
ALGDCIFQZYMH9,12
A2U9WJOGZSYM0U,12
A3JZ3PFAD6DXBM,12
A2BBN72TP5QOPK,12
A2JAOZ2CINPUTT,12
A1HML2C0J5JKG,12
A3194LALPLNT8Y,12
A23GS2ACRISIER,12
A2QLAROSHRF0W3,12
A2BIAZVVPAEB9U,12
A7V2BYVR7KUF0,12
A3PUAZ6L97FT78,12
A4DZ12AFVZ6LT,12
A1HWSRLE5IBCTV,12
A2H5LR3VHM0TIY,12
A3LG0DU1ALKTH3,12
AGYW580EFV1QF,12
A33LOGQTJCM66N,12
A1PORN92IWDNBP,12
A2XPPAMKIMK3VE,12
A3A4NX6KSX3Q8F,12
A225F6Y9DTUEDM,12
A328YKP8SAY73L,12
A35C08P4HELIMI,12
A2Y12EX2K0HH8O,12
AJ6N2T3MDB2ER,12
A1CEGZTK2CO8FF,12
A2169QCESH3QDF,12
APOFQFXC8K645,12
A12G7V6HEAQ9JK,12
A2MGCK4TVZQHIC,12
AW96RTBLM8068,12
A3ISA8LBB5P34E,12
A2EU2DD8LJT35E,12
A11F8JSQ206D9J,12
A2909VBH8409LU,12
A365UWK3K5SD1X,12
A3DDKMEJPK9XQS,12
AU0V5EYSZT9SK,12
AO9QC2WG3T9NQ,12
A17HVJ3WXQXJ8J,12
A30BQ1F0T0IES8,12
AH84JM3TLWA43,12
A2UO1LAZGQQMDR,12
AGMVC6FTM7UPR,12
A3H0JGT2GLNX5Y,12
AC4BQYY52RRRQ,12
A227BV4KDDDZHZ,12
A2ZDADVIBD50VB,12
AACK5P7QALJ7O,12
A25E3UVEKH8D5,12
A3J3XO9BNTVTRS,12
A1KJAMZ82D1Z44,12
A2CIMOITO2S0ZY,12
A2O8BAXJPDSV0M,12
A1HENIY6ASC7ZO,12
AQCJ6YL20AICG,12
A36E0HUM2Q6BSU,12
A32P0B3INF7HF5,12
A2AEG2K27AHN95,12
A1STW7ZA3XZ9VV,12
A1Z8SLW84NV7WJ,12
A7JDRR7KJA6HG,12
A13831TMEGELTX,12
A17WKG6ZXE7Y3O,12
A1FI3PMS0U7KQL,12
A1M2MPPL6OK3QJ,12
AUCIFMWP3DU8R,12
A3552ZMW6AKTR3,12
A2GTJW5WTDX7H2,12
A3S66WJLBU17YW,12
A1W6G74P9FYOQG,12
AKZ32SQMCXBS2,12
A3T8ISGIQ27V3X,12
A10WET3ZP50AFG,12
A1MQQEM7W77L62,12
AID3D20YLGU0U,12
A19J2S0JHH69F2,12
A14NF0ZJXRYNO3,12
A1XCA99IXPBIKV,12
A10TI75YHEDJ55,12
A3VWCQP7XS2JD,12
A3EAKDPOB7H96W,12
A2IBUZECB34CMS,12
A149VXBN2A971G,12
A3SIW24TMUVXG6,12
A266PY9OPJHHQW,12
AU9LWFAOXCZOV,12
A2H0XJ7I2FUZBD,12
A2HMD9LSALP7N1,12
A2NOQZINOJVPV2,12
A3F85164PLQFTP,12
ATQVLZOBO68E9,12
A183602MCC0Y5P,12
A22X8SXCBIY746,12
A3639Z6O5JBLIZ,12
A23YK4DYOYWI55,12
A2BV8E2VPVORN3,12
A28GT8K15D0LIS,12
AIU5R82TF1ID2,12
A3F64PK0D3MLRR,12
A7Y64ICNNWLZ2,12
A2CQET6JR59YEY,12
A3M3CZ0MVUOED0,12
ABXEFUVFKQLXT,12
A3DH53FPYSP9E,12
A339ZN69W7N8PW,12
AARTX8A7CN0PB,12
A31EMKD6ZGNC9W,12
AMZREEUVCV998,12
A3HRDRQ5VAFPQS,12
AHT6REY7TMPJI,12
AVJRYJHGXR3NX,12
AE38XXG3CPZ0L,12
A183S80WADLOCU,12
AZD8DMTDUVUDL,12
A3ER6ARJ23CIN8,12
A246B0QH9QMNFW,12
A1Y9VZ0TXTSWWD,12
A1ENHG9CYI17HW,12
A1KY5G5FP31F2F,12
ARNWCQZHZWKW8,12
AD3VW9VRW7MMB,12
A2GARLO234WK85,12
A2JEB9JRWW0MFL,12
A181QOJBZ8O5AY,12
APWCLRB3H1AVJ,12
A5ESSBL2PIQBD,12
A24WJXSXVNB9KF,12
A1602WP8OHESZD,12
A1LB1T6HPU2J91,12
A2HPJKM7L4EOQB,12
A18BVW63F1Y9QX,12
AU61SDVMO3PQG,12
A3TAT80JCWYGB4,13
A1N4DKWTQ9YP1Q,13
A1P560UNX4SBE7,13
A2BLGQ2SCSKCCY,13
AY1IDZTQDM2D7,13
A317RWPY08I5QX,13
A7EVWY97FPSIA,13
A14R4K86STZFD2,13
A1JI3XL5ME8CWM,13
A12AU3CNAWYO5D,13
A120ULF73SUTI9,13
A3ISZ8KLXYYI7P,13
A5O0P0JV6PLU3,13
AD3L2C20LB7EP,13
A2KQDWZZUBBNOJ,13
A6TWN9W9WSAV0,13
A3OYE7X2O08LNT,13
A11NR4AJK9TNQM,13
A6GYEDCEU2LKG,13
A2EBPFXZNLL753,13
A2IDCSC6NVONIZ,13
ALB2U20GGGJWU,13
AYQNWE3AX4H08,13
A20XXTXWF2TCPY,13
A39WT88YZXIJTB,13
A1EAXVLKPVL8W5,13
A2E5IK9TUH8UPD,13
A1463ASM7QMU2I,13
A2U9XX4Q5NQBG6,13
A7060R14RJF3I,13
A7R4R9THNELTP,13
AH7DLKHSGZKCR,13
A2UAS6OGCR8IUG,13
A2W75LE521OOTH,13
A8THC8D64F5E3,13
A3C51ESBUD8QAJ,13
A1L7JCX9IKGKIQ,13
A2NOXTG05AHVB3,13
A11EKN3A8FUEDC,13
A2UT34LEOXUR33,13
A3JD55EKK0KJKV,13
A2HLNXOYLMERTC,13
ALVJCD5NY28G4,13
A2YF3QW52PBL3C,13
A1HMK1KMWQBDTT,13
A2Y4H3PXB07WQI,13
A2H1U31KRK5X5L,13
A3BMUBUC1N77U8,13
A6FGKXU6ZPW64,13
A3AKVALGT4Y02G,13
A299PV3CRFH3C5,13
A1OYA1IESSJ8F6,13
A1RI8HAZRUWZM6,13
ATWPVC644K29Z,13
A3T3M5EYGCWSUA,13
A2S4X009TZ0C26,13
A1038957GWRBP375RU5T,13
A38LYJ7NQ65G5L,13
A3ATF868IEP191,13
A2K3WCT5GZY4FN,13
A13BWQDECDDVIZ,13
A13M65IGNEQXW1,13
AJIA55AVU0CUS,13
A1N7QSP1U513KJ,13
A3UYI01GLEYZSP,13
A3VWY3CDC423UM,13
A2683OJ85CLWFA,13
A27K5RT7VDB7BU,13
A3VKO21KYDJQ2W,13
A3UOSOCRKS3WIH,13
A19FCOXA6VVR9Z,13
A1GLL5CJ1SFAMS,13
A27XULAA9X5ZGQ,13
A22UL4BXTSXSCB,13
A38VUSBYQZCKUQ,13
A11IFJDOZ0T6Z2,13
A2ZDMIP49N36UJ,13
A3LSVS4YA2CEAX,13
A2GGS3I5BY7R1A,13
AEQR0VUFBZXUY,13
A28RVT20CEXA8B,13
A3QPJS71FU70MX,13
A19H6TQ0NFXKVT,13
A1THJB1ORM3U2I,13
A2KUEGMSLHUNNP,13
A3HAWAR6KX3ENU,13
A12PFARGH9ELDI,13
A3E4YU6APQLRKE,13
A1OY33KGOG3IX8,13
A1FFCR74WU1E6Z,13
A6J8D9V5S9MBE,13
A1G5508T5XY1RS,13
A10S9NK38WEQ65,13
A2I87F2QCJ6RK3,13
A1VM0DU10K0DE6,13
A1PYNMFFQ9IBNL,13
A20VSTDILG9K7H,13
A3TCV19D652GPU,13
AHWVTOXGM4SZ9,13
A2XXCJLS58H1A7,13
AQIBGC2OCCAHQ,13
A1V8UZ63FQD382,13
A2RUN82QPU60PN,13
A38FGQVJM18OWV,13
A2RE73VUCARNE0,13
A23A7OH3AM0PDA,13
A1HBNCPHMW87Y0,13
A39KBWLS6TURMR,13
A1MSO6LERG39PC,13
AZ6SUJ5T0KBE5,13
A3CCITVF0WL6KE,13
A1XSSIGIY4WGX5,13
A1KXONFPU2XQ5K,13
AMAR6CIOZUQO4,13
A25BHOP1LA4XDA,13
A25M2X8KHSS2NC,13
A2BLRT79WUTLXW,13
A39Z4OU2C7ENWH,13
APRP1LWB08YG8,13
A23S2XCWFZM976,13
A2JDDUN6YNRYKU,13
A2ZMEHV9S4FXV5,13
A1R2514DVWIIMV,13
A27OMVFGJXH1VB,13
A2EOJNVW4NF4AE,13
A12XCRHPREC51Y,13
A3S5643F4JNLQQ,13
A2GPNXFUUV51ZZ,13
AP3XMM1077I50,13
AVRFGGCCCR6QU,13
A3EP4YIS9W1LR1,13
A2OGXHE7PVLTOE,13
A18FTRFQQ141CP,13
A3VSGMP5KCQ4Q2,13
A27X48PMUGK6U4,13
A4AF29Y2BHYEY,13
A3A7ZJ4QS65X15,13
A24OHQK700QEIW,13
AP7LSRPXT3ZL8,13
A110S8IJ3ZID0D,13
AY796UUSZ2ZVA,13
A3SXYB8JPQ44LN,13
AD0VA39FRVNKN,13
AUKEU9CW56TT4,13
A1S8E2JSVXHIPB,13
A3Q7DHKIU7TMBI,13
AB31FF0JMPOUP,13
A2JMN2JA9LSHVL,13
A2WH3Y3YZVTHY2,13
A81NVWL4MMVT8,13
A15K7HV1XD6YWR,13
A2RU0H9MD4IH5M,13
AOU1TM9UA1BZF,13
A3MY0WAP1OB7F8,13
A2FWAYS1GIOEX4,13
A1BKKEWFMHS7XU,13
A114Z5X6UH93GT,13
A3QH8VQDE7HZCR,13
AA81KFW4X8UIH,13
A1980MGZXSGJP,13
AHPRCZ59P9RU0,13
A1CA40102FA5N0,13
A1EWQ5Y6HHSJGX,13
A2QBJEHKTD7R6O,13
A3IZFW84VV75XS,13
A56AUIA2KJ3KQ,13
A1L0MEXMESE4C4,13
AQBLWW13U66XD,13
A3IIGCFLKVFW8M,13
A1KM3IPZ9H0JKZ,13
A3S1BO0SLFC5H,13
A162MNFD5CGQ03,13
A180BZHVJIRWBZ,13
A3P24ZSF9IQRJJ,13
A7V9WIUIB02OI,13
ABM9CL72EGWKN,13
A3IC6OB22INS9,13
A3M6S7Y1FNPOLD,13
ANJY75Z24A6AG,13
A32QNGGSX3YTAH,13
A1XEYWWDJ09OEA,13
AVHB9LLVCTEKY,13
AYYNNAEWP3W5Y,13
A20Q4FIBCAG2ZV,13
A371ZZ95ZQEIZV,13
A326UIIB1O2UUR,13
AGY0KH2D5G9WH,13
A1ZPEZMQBCTZQN,13
A1VA1QF8KZNBLL,13
A2I8J6GW1H6LWU,13
A3KHBD3YRNY5WO,13
A2TOUTL6Z74SMQ,13
A26QCCO0101CO1,13
A2T4OX8NH9LIIC,13
A2KR372GZW00MJ,13
A1EDI0X3GI1SK7,13
A25RTRAPQAJBDJ,13
A3PR648T8RDRS,13
APBF796U7GUTV,13
A11ZP93TJED4T6,13
A1QKUDP9EUHJXH,13
A212REVB5AFP02,13
A3DOQ1AI1MU74K,13
A14O9P3DV5EHKO,13
A1FGK3N8GZHGZJ,13
A1N9QB2BECD6TS,13
A2LME30OB5OHTN,13
A3945ZO3MNKVMO,13
A21OS6PWQG5YOO,13
A2LR9WP2JGDT8E,13
A1C00XXCYWEKK1,13
A1USUT1GJPMNAN,13
AOOQGCJEV25VT,13
ATIESTXNUFNSW,14
ASLAICRA179OS,14
A1RRO3BUQIZ8QF,14
A31WL2DMXTR6SV,14
A1XNP1G5HWNGB7,14
A2AIDS3RG8GKWW,14
A3KJME3TOKVZ4J,14
A339BQZ2491E6N,14
A1JRAJNQP2Y4DU,14
A3U8GAX8OEQATQ,14
A12VYWCG0OBMM9,14
AVPJ9F4OR0VRB,14
AFV0UZAXA95TL,14
A3GO24N9Y05PKG,14
A25MMGY5LQ9R8J,14
A3PXZ8TOQNGLA,14
A1YLBWLRPCN0A8,14
A2DVPGMT4IU827,14
A37894K753YF3J,14
A3LIQUWLYJKN3N,14
AFQHIL1EROP1F,14
A1ANK8ZVPWIL1P,14
A1B52QAAMM1OUJ,14
A32B832WK76HYN,14
A243GF4FL8TW1X,14
A2RRT5Z4D43CZV,14
A3VAJFVJMB8RI4,14
A1UIUV0YRYPAAV,14
AQ18N1SD6RV2P,14
A258NDMTLH29RJ,14
A1GIRH2N6B2VZL,14
A2IKA32YQXLDUF,14
AOVTLYTHVDNUX,14
A2PLKZ6IW9MXRZ,14
AXQPJFOALBYAH,14
A13BRR77UOED7D,14
ARI60NK07Q9D,14
ABOBJFJKCAKYH,14
A1XTMFRRN9DPK2,14
A1BJUMKKRLK9XX,14
A3OMJNYBG168ZU,14
A38FSZIH7JWJU5,14
A11CH52DG6EF6P,14
A2QQU4THUEX7I,14
A1AK5068R1WJAK,14
A3LBEV0UWH9V2G,14
A25KDAMREZ38KJ,14
A1K5HZNTA6MMAK,14
A2ZQ8RJULU5ON3,14
A1TR3G8YUR8QMG,14
A3H12QDPX7QOKZ,14
A2KUOQLRGGHCQX,14
AXPQHTRIH7TPK,14
A27NKDSY5J9MEB,14
A1W1V6RD1I9R2D,14
AGC8S0U7W23FQ,14
AWWBWAEQ8UUO0,14
A4Y8MPXJ35Y7R,14
A95PWI4S6WHGL,14
A3A3LNDYHH53L0,14
AKM19L55URK6R,14
A1AHL90POX6J9K,14
AMYQVXWY2MIFK,14
A19ALNTBQGCWO7,14
A2L5NKHS28Z6D9,14
A2VG364UUGYFHI,14
A3LWTNKF8T05AK,14
A3O9CEWSECCH78,14
A1OO9N1MRNQ7K0,14
A2SPV96SGOEO2,14
A2LCO1J0MNWB43,14
A3V2PI7YM6U7YI,14
A7PO38C64X6HB,14
A390Y4PZY8XTYL,14
A3AIEQAJMNVI6F,14
A74HK3XXFGZ9G,14
A1YIBJJC910PCQ,14
A2MFT5N8Y4RXV9,14
A2N1GE2B8QXK08,14
A2CTBK9W1K01W7,14
A13KTNVB5IG8SB,14
A132Q9YLCIRHDN,14
A2RWBBQ4TLBQTY,14
A2YAVWHYO1PZMK,14
A1J5N0JZIVP4DA,14
A65VEN5RKAEA8,14
A2WHVT3GA5J71X,14
A3E4QDD0JTGT2T,14
A1SMPBX582OIDY,14
A1VIG5MS365HSE,14
A15GJXWN6IKKLS,14
A928NXDJXHVS8,14
A14WXFRFJLJPP5,14
A1GE6AROZ4IEAJ,14
A1MC4013WKDABW,14
A3RAESXA4SR1YL,14
A2NLE392AJ0LOU,14
A11DJX3UKJD737,14
A3300ZHK4SPWC3,14
A2ZH26QW2ZPK2C,14
A2IIHXGM8ZF1NC,14
A2CC9R0KDGDFQP,14
ACJWRLQLI9EYZ,14
A2PECP2HBQG4AS,14
A2W4X464V5KALG,14
ADR6157NMQOTV,14
A2HS0J5LRYD1WF,14
AR2D9G4V4GGUF,14
A3BAEV1COL0XKT,14
ANEHF7BWGYZ5L,14
AIZV746OPQ5PS,14
A2ABALJP4ZTH4P,14
A3UERTXLHBGAZ0,14
A1S7ZHV3VCF4IQ,14
A1N0CTKU6VZPIT,14
AW4ZR3T63NCP0,14
A25YWG8NC0DKGH,14
A1WV0XTJROAYGK,14
A2H7ICQGFXDI4S,14
A210UZTIFQ6FLD,14
A9LYDGQCOZ3LV,14
A3HWB36LLQAMXH,14
A1H6G9KAJFX19Z,14
A3GNN31HJ11PPA,14
A2UHI6BF37BZ0Z,14
AODQI51IBW7WN,14
A14MDHUI5P0029,14
A3U2L3V3MOEYLC,14
A2W8L7O2RC73OX,14
A1HEFVTXHT1AL1,14
A2GML5RFMHMAYW,14
A250AXLRBVYKB4,14
ACDMTFO375XVZ,14
A1AWPV3PS9IH3U,14
AXI2RYB20ZZM4,14
A2LVSXBNK9VN3R,14
A1028XZRNI0NRP,14
A42FNTM7Q2FE0,14
A3J30FS0PGTYWU,14
A3FQZZNEHL02WO,14
A2YGB747HQLREO,14
A3N3HVST9WIHZR,14
A1SF59X4FDUGQG,14
AYEVRJCDITQ8T,14
APDFEF98QERT4,14
A3S5KSCNM13MSB,14
A1XTVZ9Y9Y6GRU,14
A3JNVOV0L3UI0J,14
A329B6BKTHQ41A,14
A13ZT5G31M5WJ5,14
ACKFOZS2ASBAT,14
A1KSTH3S1COKUU,14
A35ST2XPLHG2BR,14
ATXZN4ZBT7VT,14
A2WZX2MXMMNYBA,14
AMF75VWP2SV6M,14
A20RIYQIMFLVM5,14
AIAT4UQM6AS8G,14
A2RBX3L0OJSXN0,14
A6CT51FUL6UT8,14
A3CL2MI40GZGPR,14
AS19IWGORT8IT,14
A3D0WID5KX7YQ0,14
A16BCKU6WTSGRL,14
A2LQN25HW5IGSB,14
A3N7GBJ5NC8RUC,14
A2V4T35IYF9G0V,14
A379VJJGXWIZFE,14
A2VC9CVEP6M5NA,14
A2DXC3PKBFPQDS,14
A22CGPNH63WDJZ,14
A2DCZF2RN31FNK,14
A1VSJ1YD40Y7PG,14
AE88D7OM7YU99,14
A2EF8N7ZE7ONWX,14
AY18E24VXG8FT,14
AIUGQ4PNB8T6P,14
A3EAA602DJCZQ4,14
AEC0I4XOMJJ72,14
A22KD7ATICQIPK,14
A3MJIXDIQT5S16,14
A2SRMKY38HBNS6,14
A3ELMB2P2QFT7U,14
AW2YZ8GHU8GIV,14
A1FZ5XWQ2NNT62,14
A2AF0NOCM71J0B,14
AHU47OI4QXLEK,14
A275POKNNSDTC4,14
AUM9K0KZGK653,14
AB76THS0IXKAQ,14
A3HLIVR8UY72P6,14
A3QSYD9EOX6BTP,14
A36LUBBXFGA2Q2,14
A2P38D8T3HQ14T,14
ASOQKF9ZNJ1YO,14
A1BVQGCOMB4H3W,14
A1169WM71ZTLXR,15
A1N2YDAHTH2U5R,15
A39HB69V29EDTX,15
A2WLNSZ9U0T1S3,15
A2TOLOXNDL6SKR,15
A3VCOKMQOCUNGX,15
A2OCNEE5JHLJI9,15
A14BXZ2BXGLTXN,15
A2ZCWFNMC84GPY,15
A1B8EJQU73YGL9,15
A1FFGVSTLEIXVR,15
A1XHKQ5R31843B,15
A2XJ3J0UDEANER,15
A166PLPFD2A42H,15
A24ZVABN47L98A,15
A36ETJ4I1FEG6J,15
A3H9R0EX67LJE6,15
A3UFIFPNO0TR0Q,15
A19BR6M0VG7AHZ,15
A36I8TB372U04R,15
A52EFRFBDWU1F,15
A14Q1WGNF9DM3A,15
A1R3NJNVS6HLV7,15
AUXGETYE86593,15
AIZA39M8ZAQDO,15
A3H2OM4DBR3P3T,15
A3P2N9P842C3UB,15
AQOQUWM58SGFR,15
ASSOOHA7T12OA,15
A3T5H53KJY7ZG,15
A1LXFDHH2V42BC,15
A2QGPKUCZ60X24,15
A1SBTS8FHR10EZ,15
A1P9N5P77WPZPL,15
A1GFES7JBA2TNR,15
A2OR94VN7XQCUO,15
A2ZD33OULX0OG,15
A39M7D6VKFKWRN,15
A3CJC7K4QZBYW5,15
A3BS6QRUYSUYGI,15
A21GJHZCME5BS,15
ATKFSP54JDDEO,15
A215SE0FJ3R2GI,15
A4GGT6O0GQNV2,15
A3JAL9LX5XMKB3,15
A2BIQJIXLDSJSE,15
A1HS11O0GNTDEW,15
A1L5YXWSMMIV54,15
A10XB56QFYLVC8,15
A3LN27742T0L76,15
A15P0849E4NHIG,15
A2SDA5LOD7577T,15
A1Z6X34Q50T7BU,15
A14MER71N2DCDW,15
A2KVSY1005QJDF,15
AG4V480QF85GJ,15
A2WBEJH71SND3T,15
A54SG05AV6S4H,15
AX9FIZX89LNFQ,15
A3IKQ1HN8KQJFD,15
A32RDPAKVCVXTA,15
A3UYRYH15P17R1,15
A6HW4G2S68KGV,15
A2P3V1BG6FMUS5,15
A3507DMCU3IEGI,15
A3GGOU7B5NVAIS,15
A1FW6JOS06AD1X,15
A10K41QA6YVOXR,15
AIKMJBX0P9Z9D,15
A3SXRG9TFJ41ZF,15
AA66O1V57XZX7,15
A1RMI9FN0HUR60,15
A2XF8X3W4OXI06,15
A3CMSRCYUJ9ZA5,15
A3PVE6QACV6WRK,15
A1U57C8E45X01Z,15
A2VU7N0CHQ6YFJ,15
A27NNZQQWWXW4P,15
A15SF8FPL1RF63,15
A2T3S3VTW65VO5,15
A1FAOBCBBLQLHE,15
ATSVUBE2115N1,15
A3KA0Z3X5RB1YK,15
AG121PE84AFEY,15
A2UBM2Y060XR7R,15
A2T82KTPTGW2RE,15
A1OU7JI6NKAYOF,15
A1D82T9H3X8AB4,15
A2HI35H2BOCV9R,15
A15PL3C9OFSM1B,15
A2KWQ3YQ5C3SPD,15
ACIAP3IPPGK27,15
AG0MG2M4DE3P0,15
AFVCZOXM4JV5W,15
AKVYS10ZVTW9H,15
A19HUD2T33F945,15
A225G2TFM76GYX,15
ATEDSY50EDAMI,15
AM6ZNP09P201W,15
A2VF6TEWSJZ1WG,15
A1CSFRO37ZRVTW,15
A1989944VHPI2I,15
A1REOLG5QU1EFV,15
A220WCFHHMV2X4,15
A13UQXD9UWRS7U,15
A2CCHCGJY0IR9F,15
A3A5JAWFOSZ5Y5,15
A2Z9H86XRXBVEI,15
A3PKHLXWYK19HD,15
A3KZTJ41GBCDDA,15
A13WL1MBY347F7,15
A747BB4QM2SWW,15
A3TUOAQ56ZQIJH,15
A32MZZ6LEZCGRL,15
A1HD8EWSHR9FM6,15
A3UQ66AYXFZ1SX,15
AHFEONGV7UFPX,15
A1A3XV6SL603AD,15
A39WALMR3G46FU,15
AFQSKOVBYW62L,15
A52CNGFJTZZM4,15
A3FE2B2X39IFJJ,15
A3RL4MZ8PH9Q5B,15
A2F0XN0L5K7N0T,15
A22P177ZFTOVMC,15
A506HOOCVL8GW,15
A2JMSJO1Z8C8ZQ,15
AB3FHZTL3VGFU,15
AYTGG6XTVUG7G,15
A1EN3TU8BPYH2B,15
A145GBOUVLGECJ,15
A3G8DSANVTLXW9,15
A1KZMSXC9JOI7Q,15
A3GQY0TFRG0MPZ,15
AYGB2EFZ3O3IW,15
APVCKYQTCK78F,15
A196D02N89FEK,15
A1980UDWGL6J3N,15
A3FYSRXY46VSF1,15
A30HY6CENWVVTA,15
A2UCGQ82BQW5B8,15
A1WFTIOEH30UJY,15
A17YPTSJ9UFDJ5,15
A388UKVL7CLB2K,15
AXABTEYS7A4A8,15
A2QI2JHSIQ3SN3,15
A3JSBSXZRB2BBJ,15
A1URXSRV6WDHVY,15
A3SHDDL7T2HDC9,15
A10MB3X3QKRDI0,15
A2A973NYYQYPQS,15
A27VKG07JIMZVT,15
A23Y94TEJPW8YP,15
A93EEI4KTK5ZG,15
A3AXR6XRTDTD3C,15
A1JY2V24BF8HED,15
A2GZKGGQ6U0YL0,15
A28ESPSP0O6LUM,15
A129AN1EZZVG61,15
A2UCOSEHTW6I0H,15
A2OFPV99TN5FA9,15
A1VICFJYF0NK83,15
A22HBQKBPEL4MF,15
A1HK6XKQEQDKXK,15
AO49H7W3JR6RL,15
AZX2RDN9YXZAE,15
A3PA7TV6E4NAE6,16
AC3R6XWQYOYFM,16
A18L768JGNLTJC,16
A1U0RNXMUOP9XI,16
A1NN8I840LYGDO,16
A28TEYUOFXAJCK,16
A2J9469C2BM1P1,16
A1DNFRUWF2PXDT,16
A3GG7QSSI58HJV,16
A3MV97KOHNHCF0,16
AFDKK3Y9D445,16
A394KTQFK85XPW,16
AFRGJP413HUZ5,16
A214AXZWCBZLBO,16
A3EUQ5G81AN9LN,16
A2AM9IPXQKNO8L,16
A39EEI8WLCVVAJ,16
A2B9AYXPRI38IV,16
A2BYYFGBZHELAF,16
A3V0NS2UB8H0BB,16
ATW8R44NDYHSM,16
AMZI3ABA7O19,16
A3P6OWYSHBXE5T,16
A40IV5Z4RILSC,16
A2OF7E89T1UYZT,16
AFQ0LL0Y20AH3,16
A2HD75EMZR8QLN,16
A3BGPW4WNBZTWS,16
A6U34RDGWDAP0,16
A19B0UB53D820Y,16
A2C1XRZGFO8WK9,16
AODSDJXUR4CGZ,16
A1ZTSV4IDULSP0,16
A2PIXJPHL8RSRW,16
A3GG3EQD981OCI,16
A32M7HKY7SQ602,16
A26XK9WTQOWCV,16
A1YIJSP53GAXGW,16
A3RBVDH87QF1A,16
A2ND0D2JVW04KS,16
A3VVOQ5K6C4Y7C,16
A33O79GQ8QW4TU,16
A8Z12UC2IMSTR,16
A3322RJGG8TZHC,16
A3RTCA21S7BQ3P,16
A1LTG32UR3XK3P,16
A1QTYO9O4HCF9E,16
A1KJAFKBSRL2RF,16
A3IYGLSQ6N2G3G,16
A2641PDNZ2GV33,16
AQDRAF7MX0BRM,16
A3B20R4ZAH0Y2Y,16
A2I7KTCQGLOI50,16
A1KN9R46A9T15V,16
A3R7FGWO8PIMUD,16
A3IOXFF191DDTQ,16
A239ON6G2S2E9E,16
A2Y10VCBFO7YKD,16
A1HACP80YXJRPP,16
A1A13SOBLDFVNX,16
AZDGMG2Y0FLB2,16
A2Z7ZRN6NMASI0,16
A77JQQU1TKPR3,16
ABC68JUCPTVOE,16
A1PB3G548WPFBV,16
A183L9ZWVA5KLQ,16
A1OFIP9PEMFF4X,16
A2MVO3996P4E4Y,16
A341RBL4H3RJQG,16
A2WR5U7RS4IIBY,16
AFY57BND7NSN2,16
A1YMK7AK1WQEOB,16
A1LYFA5SR8916Y,16
A1X36T6G2PEYIT,16
A7GHK7TAXIH1W,16
A1ISK0X92M83I8,16
A249W26VWPJ8DF,16
A3RU10O4KAN4MT,16
A3SS6919NRQ2MF,16
AJT08ZT4NQBYX,16
A3MUO47CT6EQF8,16
A2CRUZQT2OUT0E,16
A2S4UO73LBY2EZ,16
A1SJN10JTU3BON,16
A11V8U5E758U8U,16
AHK4UKGQZYB1H,16
A1LLTZ2I28D3MV,16
AN562K00DPRW7,16
A10UHQH1YL5Q6B,16
A1VHDGG2CXBQ6T,16
A3QF8N5GBYCZUQ,16
A4BG416YX5366,16
A33U104WVD0P0S,16
A2E9VW8175STQV,17
A2H781SEVV7GNT,17
A34MAO138NIMQ4,17
A3PUN31Y8OUO4U,17
A1ZWKAFL352WRK,17
A2J1QMGQ432RAJ,17
A3EUSH8DPW75LR,17
A117L29JBUWK5U,17
A3MMVTD7DA3PJ8,17
A3M4FU3WQWJHMP,17
A3QSBA4YOYLAP5,17
A3VM9E0ZTN0TH,17
A6KRB71JYJRBT,17
A3EU4P3GZRYHN3,17
A35U66IR43E4U6,17
AO46YPZ1EAGZ,17
A19DJFABUM7D1K,17
A2NKHNO8VA378W,17
A3HTMF9ROZGCPK,17
A2GNRMUTWM4TKW,17
AZG6CV3B3279V,17
A12GIOKE26ZFKJ,17
A17HNPM0R7HT9Y,17
AN8W0XP8GCN1O,17
ANB0OKIDLNTZ,17
AWBZ0P0P842NG,17
A1TFAKVCUOR9PD,17
A34LWZYRIOIC7H,17
A3L9E0YI7C5G0W,17
A2IIZ25SZSQGCC,17
A20P79S3FIDLSD,17
A1CQJYMTE8C6WJ,17
A1LE0VV01B2LF2,17
AJ093IH3TA4HU,17
A19Q4XJNQ1J97K,17
A3FFNWA0T3QXDN,17
A2E7W2XGXMG6RU,17
A2MSAU64QJ998A,17
AD08RQDB441D,17
A3LAUF321KERYB,17
AXF1G21IMHCU6,17
A34HW115TAJU9J,17
AKA4Q4NIXHTAU,17
A3U3Z6HB5V8ECV,17
A22M9VM8S9YCZ6,17
A2H2I5FY1PUHP1,17
AKKIGH65S6ILU,17
AIN73XQ0LYBTF,17
A184F48SN5WFPU,17
A2POPDGIZ1XGFE,17
A3R1ZR6SHNK8CU,17
A2MHH4FWA6B6FV,17
A3UGXRNRXVNAPI,17
AN24ATCW3AY5C,17
A1Q2YZMM79RW0N,17
A1GZULYG4M5HHR,17
A2XM50BCI5A9ZT,17
A1BT3B317O829E,17
A2AJ77KV1AA7T0,17
A5A4374R8I7NB,17
A1H1TAQ6E1TYAM,17
AGUOI1ESL2O52,17
A2XY1CTLU0FE9U,17
A2U27A197AH87W,17
A3SGAXUWAIY61B,17
A153K6XUY9L0CF,17
A3UTWBBK9MKFDL,17
A1KBE34UO4E73Z,17
ATO7H6R5SQKIX,17
A3L8YH446HUCVM,17
A8BZEB7HYFLKF,17
A34LK05I5S49LP,17
A35LFO0F2ROTNG,17
A2I1V1XF9Z3JFT,17
A22WMZMHRAR43Z,17
A3G9C63446RUCD,17
A2UEYDQ3VZNBF,17
ABMF4UC4Z00NT,17
A3LMUTT4V5P0QG,18
A18LW76H2OQ1KE,18
A3RH8D7NKLP2JS,18
A3JR704FL9YJ26,18
A1WREU7PGTX98P,18
A16ISYMCYGT0NB,18
A1EB8F8AYQAR5A,18
AY1406KH1MLAP,18
A38BUEXQR3ERCX,18
A2CPG57XFTOBDL,18
AZQTJ6HUS5L2Q,18
AYXH5VLBX3GDT,18
A9BKIPTBOUDSV,18
A2WQA5YPH8P4SB,18
A39K52QDP4C3ZS,18
A3RRV1F1QVI0C5,18
A1W6VR9F0OKMWM,18
A2QT4XAXGRNVEO,18
A38ZPLOD8GA3VJ,18
A3Z3817Z6WTXU,18
A3T7POAJUPYA06,18
A34QWZUNR0WNWM,18
A1YW7H051M0ME3,18
A32B8VX0HMX9YQ,18
AKSTTBUJN6ES8,18
AKDY7BC9798XP,18
A3D20C3LM506B2,18
AOBGKBBDODKIP,18
A30HUZHJBOX1LK,18
AXMV0OS9TZN0I,18
A127KI9JEAESJ1,18
AM9OC1FTXJICQ,18
A1IAJW86DJU0EM,18
A2V69PY52MG7PO,18
A5V88D7KFLRRP,18
A17FS0XVZ5V35L,18
AXO2I2EINB39S,18
A3LQUEB84IR3VO,18
A11B7E8ERAX3KD,18
A3BRJW85SMKZF,18
AA70BU7RTBOMM,18
A1E2TVC46QZJ3X,18
A14738H3YYX7ZC,18
A3AE2N9PGYQU7L,18
A14NSELR34WBZE,18
A2ZVNM8J2Q4HQT,18
A1Z5E1Z9V8G2SU,18
A11JD0X51IJ7RM,18
A21UXK2Q4138Q3,18
A39GD9S0DEQNLD,18
AZOPTWUSS6UM0,18
ARFRKSZXZF0PS,18
A2UG509F865GJK,18
A1EUVBIPRTHTCX,18
A2KYC21WDNY5L,18
A39I7G8W0SSL9V,18
A1ESVSG3FBJFH7,18
A3R749LCFV5I3,18
A1I1H1EHPOH6ZW,18
A1VLZAAASQE9DH,18
A2GJU27367VVCX,18
A356BWNK80JKVP,18
A38LAEUSCK6Z7Z,18
A3774N0999VO0P,18
A29N9FVO6L2IGO,18
A3P9WO6BXBSM54,18
A8BW6F16DEZOZ,18
AYO28MSBV9F,18
A2LD9KDNCD0WCG,18
A3LX8CS6G6RQSZ,18
A2BBUA32IHWXB1,18
A2SXL0NDPTP9X9,18
A47HWSPR8430B,18
A1W98MNHYOZR3,18
A2DCBGK8J5E6PC,19
A2W3CVBKM239H5,19
A3AUWB5YGG0W20,19
A1BHU6FHSC0BJF,19
A2OTFNASZFDVFT,19
A1FWP4ZSTC8W5O,19
A3AFPQWM1RGSDE,19
AR6VJYNAOOY0X,19
A29LNXUJP5ANAL,19
A1HOV5ICDDKI03,19
A25ZRQBJFOIQNA,19
A1F8F5LZ9GCHSB,19
A1XJCT8CHG2G2J,19
A3TTASCT75RNSF,19
AERMWZDGNY8KC,19
A2N1DWN3DCXNAI,19
A30NZYWSJ5WT7I,19
A2I4J1INDYAIZL,19
A30EV1UN18OKR6,19
A201DLHZ2NJ3CD,19
A3SFYMAGMJYXHC,19
A33JJRB8ZAU2LF,19
A2NCSPA53VB4OK,19
A3AZUX1EW379D0,19
A301ZMQ2FPX1AG,19
A1AU09HM08FADZ,19
A1OPKNO7IXWV27,19
A30ISDN6ZV58L4,19
A69YFKRRIOG19,19
A2RKKWRIGGMOWU,19
AI615OWXFM0H,19
A3OJGB9EJQSXXF,19
A2N09FAU09DKYD,19
A15ZWZKUIPUUVH,19
A16RZ80WPLJVC5,19
A39RHVY97AQINP,19
A2SJVK0G3KLIB1,19
A4AM8XJSK710E,19
A2GLM2NA1SLN43,19
AFA29LL0COYO6,19
A2ZTI6CV56ESV3,19
A3RP68J125MBQW,19
A12UB0W1MAK18U,19
A27YPCR3ZXWVFE,19
A3FUXDNOST7H2Q,19
A1X9MCVB19GEPM,19
AOUZ3K5E68IRZ,19
A6IT5UZHEBA02,19
A22870XFVVBHIJ,19
A3OCVR5HUT1QAO,19
A23RCAS3DH5555,19
A2ND1OJCS96L69,19
A3H6NNGCINPLEC,19
A3HSPIBCQA2ASN,19
A3I996CW1YFR3D,19
A1T8QZFPHG0S0W,19
A2K64Z8VT8T43Z,19
A2FS1U06RM7LCG,19
A2BEI9QC4XQFYD,19
A1TOB2PO3B0MLC,19
A21EHWHI9XQY10,19
A2NB8QWHLQ60UU,19
A1365J9VYWUHXB,19
A3J4B4J72FTKC8,19
A2RZGU7NDOEN8S,19
AYEDD0H73HY09,19
A30VJALZMOTNW3,20
A1EA08F54PPH4O,20
A257GFB4MEE56X,20
A1JFXOFDRZ9CFQ,20
A2W0GY64CJSV5D,20
ALIMSOTBD6WMK,20
A3SE4NU7AGO47Q,20
A2183499CPCTIA,20
AXHZ3GKG02IQY,20
A2P45JTLZQ5C8V,20
A3TGD1UTG4V072,20
A2C4N3KROL6WA2,20
AHSBR2WTM4P1G,20
ARWRBORADGA3G,20
A10N9KVV3DIUWD,20
A1Z64RLLQYQ959,20
AQPIILREUKLZM,20
A1POFVVXUZR3IQ,20
A1URZMYX7LYOGI,20
A2WBT0TCU7YHW8,20
AM78WFHEBDBGM,20
A1CSKKTDNT13BD,20
A334X69Y2AJHJ6,20
A3JUAIWL571I2R,20
AUQ222SF27VCL,20
APNI0D19W2VQR,20
A36CCV2B7XQGJK,20
ABVYGB2TKBO8F,20
A13JZ1WIEZMJXX,20
A1T1YSCDW0PD25,20
A1PHNXJQYNX7BH,20
AQL1IWD29ISFD,20
A3UW23DBF2KHWC,20
ASHJAZC9OA9NS,20
A38IPXVQFX7KBP,20
A3JVD6IJPRCXT1,20
A20AOQWXYDFAU7,20
A2A039TZMZHH9Y,20
A21UD8A89984GP,20
ACB499ZP5KZPZ,20
A2Y6IDYSDC9QTY,20
AKI2Y9IT0EMRR,20
A1IH9D4IINKH2M,20
A2T8BSIIGDZYJS,20
A2XAHEQG61OQN1,20
A1WFDJHDWDVGW8,20
A1J07V3G9MK6KM,20
AAK7M9P1GEYWV,20
A3LVDB70Z5ZNP,20
A1N3IS6ZQE7Y8L,20
A3FOOF7Q2GUMXX,20
A3OEGVSXY0Y07W,20
A2Y23OZSZPO2D1,20
A12Q2PV6TZ6XX9,20
AC63G8TNC9UMO,20
AOVMTR7PA8XB9,20
A1MV4UAKFMA51Y,20
A2SKUS5ULRZ8ZA,20
A1DLFC5GG1RQFL,20
A2XQW1K6ALWSMZ,20
A2T001N0QCRMZ1,20
A2S081Y72FI34Z,20
A25SDTIJI2EFPG,20
A1GIMMNRJM94RX,20
AKVKO4R1KZ0WR,21
A1TNK6MP89YXY2,21
A27EXUP9VDZ5FV,21
A2S3G3C84ATVST,21
A2519QDPSKTSAV,21
A3QT60TL8CF94W,21
A2VVT23YZNEOUE,21
ADTRPBYXKK8BE,21
A2PGQ584ZF9B3F,21
A1NP78VYIMHCKK,21
A17GXMTHZLL8OC,21
A1MYZWL405PBUB,21
AGCJIYX1XCW29,21
A20ICEO8M18VHR,21
A34VKO642QP76Z,21
ACH5AATZANIVL,21
A11N54DYZ6NT3K,21
A39PXL8TQKMNRY,21
AHJ67NJKYWK7W,21
ATQQA4VFSCXAG,21
A1HHEF51V3BA0D,21
A18MN3B52HHBH1,21
A2UZ08JP9E384H,21
A8PW0WUVGYF9P,21
A1XH86OU75RY6Y,21
A222VKIXTH31TZ,21
A2A2STSMRHC225,21
A3H8R9RBN7MYD,21
A9A673ZJS3ZGI,21
A2B7R69TZSJA8C,21
A100SER4Z9YAWR,21
A2V7EO331SFUF6,21
A22DV4ZASA1MX3,21
A2IQMBBNQQREPT,21
A2NXNDJVTMANZM,21
A14PTBE6AR7MTA,21
A21LAY2T4KERFL,21
A1KRFQ0HKNHZ7,21
A20W4W9KGWJV12,21
A3FNOSCPPESDF9,21
A13M0YEMOZZKDL,21
A1B9W7LG5CQ8LL,21
A3OEWQXYMIXYVI,21
A2JWF9IG8PJAOA,21
A5ZX2K585HWOB,21
AZ2X2P045ZFH2,21
A6J4ESHKQ1H3,21
ALSIXP72JBQ2Q,21
A23CIS24TPIQZP,21
AC2SMT7WEOBQM,21
A290XSFY4NQDJQ,21
A284J4XHAKPYM6,21
A2SAI9GPI7NLK,21
A3ES51FL3H0QCR,21
AZ0FIJCBTM6MI,21
A1VPAHPK6H0267,21
A2IYECKOTKGOMA,21
ALR7JXNK1KOIC,21
A22MHWKRGV89RZ,21
A3977M5S0GIG5H,21
A34ETKDJ29JAQ3,21
A34XU2SMQ7LRQO,21
A2XQ1TZ9RJQHL0,22
A31B95W75QU2MJ,22
A2Z93Q5OYD39G9,22
A3ER4LUKW3PO2W,22
A2F0L17JPRRIF7,22
A2E2XG7HG79EO5,22
A3DODUI5D91JKN,22
AMKQMWRWLZWIL,22
A1Z31WP1M6XWTQ,22
A1M3PFRRYTK9ZE,22
A1K2RV81XU6XUC,22
A3DQ3Q2GPZRLT7,22
A3NPZ24PG7U7VU,22
A3QDY5F9BA5V0B,22
A12EPLIQ9BBXIZ,22
AO8RJE8TIFJZA,22
A1QRRMR2MQCN5,22
A3AGVFQM0TJJW4,22
ACPQTJE7LY531,22
A2ITWFZOOOR7PQ,22
A2Z8UCDJZF6YLG,22
A2AWJVTRURCGX3,22
A3RAZLVRY2R7VX,22
A3NX8Q9S7XV8NS,22
ALKGI0EM6E5QA,22
AUCISQA1YXX86,22
A2ZRQ6XQ8XNMTO,22
AX27RYM65B3GI,22
AHBZAMNRZ1NVY,22
A1M3TSM595RANO,22
A350VVPCU2J3EH,22
A2K71J7YK6K91A,22
A4PYOAQ2GH8FQ,22
A3Q3Y39W2F0E3J,22
A25UNN91ZTFZX7,22
AZV2U6GU5QA6C,22
AGZP8G6JTKQJC,22
AUQX2NKVSRZ2A,22
A2TVQ7WEVEU2R8,22
A21O9932IN4OEW,22
A2AZWCITJKQMWA,22
A31IRISM6DRTG7,22
A1HTB488P5GRCP,22
A2NOSUGEJQ3GI3,22
A34II2YYFYNFI9,22
A3TTM5JYI2ZB7Z,22
A2DA3JJXKSWW3K,22
AYK7KLKHFHS89,22
A1RM4PM0D4BNEJ,22
A1Z9P17UJQKRKI,22
A3W152L0OZZER6,22
A1YXOCELGUR73P,22
A1OMZ3YU1W9L99,22
A10M0GF5ZFODYU,23
A2J52UTHU107PQ,23
A3BB2RC775TBZ1,23
AB7DR7FWLMGZ9,23
A38GZ9522SW4T3,23
ACR4A8H4J7YNA,23
A20OQMLRFNZADL,23
A2CI4FAG7AVRVA,23
A3P8ZDHC7XSKSE,23
A3YJX1TWOHVDA,23
A13SAVYJLEH4D1,23
A2D2AORHOMU0CV,23
A7T9AXIM5XG3E,23
A1H1WE211BQL7F,23
A3HDSPFMOCEUTA,23
A3T1LD0C65QCWK,23
A1LCLRSPWAMYLE,23
A1GG82ALWJIGE8,23
ASGG9KYGIIDGO,23
A167VTVMWP0BW8,23
A2XLEVG4HE14CQ,23
A974M938BZ9HE,23
A2GOWDUXFP5P18,23
A3CW2UZMZ4I0MI,23
A29XKP2TLNL7V,23
A10MVAVRS0Y91,23
A1CW4FAG34ENZO,23
A2E8OEDYD88CN0,23
A3OYXL97N0ATAT,23
A32LY2NXFZD2J7,23
AG6TX1ZJHLMO7,23
A1UEYVSBWUNOGZ,23
A3C25PH9AWIHKO,23
A16II8I82LUNW,23
A3NNNU01JEZDUC,23
A1FLK39UE4Q0UW,23
A1MFVAHTT2BHM0,23
A2OYSRFTFIJSE,23
A323304W2UIUTX,23
A6MB1MKAGJ3G4,23
A22QTBGOS7C3FL,23
AON4TXVOSYDHL,23
A1SUJD55AUD0S7,23
A1F3A3MMY54FUP,23
A3IULQ4N5W3G93,23
AZIQ99PTUQ3PJ,23
A3PAR3GOF45UEM,23
A37FCNU3EY6LZM,23
A1RLSO6B5APQH4,23
A1WI9IDBAP8NDM,24
A3JSJUGQ3WI8MY,24
A3TSAQ6H6HKXIZ,24
A1840PJZBE47TP,24
A9DW3IODLLHJG,24
A2S4ALQNVY89W0,24
AJCICNS67U8BD,24
AGBVM3I9RFV89,24
A2VHUAB7SS8PCQ,24
AG0UP5II9OSP2,24
A3TOCVBMFZTZ2Z,24
A1660JZPHFX90N,24
A14I1F2H7NOYDC,24
A3UC2DLZF7TFB4,24
A1RO7LHPEVFKY1,24
A38BJJO4VGJIQ5,24
A1AAOEN7K6SI3U,24
A2TXR85WQLE32N,24
A69HUWNHTPGA7,24
A30HU780JBS1GS,24
A15DIP9QPUR6IR,24
A2XHVJXV58MHVL,24
A24FAKTJVQKSA0,24
A1TV0MBAF13ZMS,24
A313VOS25H6G2F,24
A20N7Y8YFR0MPE,24
A209J4NK7GR9S3,24
A1SCE1YMBH86WE,24
A2VA1Q64QRGY5H,24
AKNI01GEKRTDV,24
A24ANAR5QTRBOO,24
A3D1I68IHM51XJ,24
A12UGBVBI2NI7X,24
A1HMZSNXP2MC8L,25
AEQZYT45D9V5R,25
A2G8DGQ8CHJUQM,25
ASV9LQSCXMG06,25
A58HIMN3EW2NN,25
A3UURD9IGGUGW9,25
A13ZRACMTM4ENB,25
A3DKP8M0GSP8UK,25
A2ZCKOJM6MOBVY,25
A3S68WYZ3UWRVH,25
A10ZEOXLINIOEP,25
A3BFPY4HS3FG9C,25
A1LCR2QXP8PBB5,25
A2A3BLPBHISRZ4,25
ABXXPF8FFZKVI,25
A1EDPGHC9EYBUN,25
A3CSDS5RW4XUPG,25
A34WPI852H7AVB,25
A32UWXGT2UZIPT,25
ABGBROXAT83JH,25
A12L8U16SFK06N,25
A2L3OAPBMBGHHD,25
A7SXKE8X1ZZ21,25
A33K8EOQH55J62,25
A2WXLG4AYEDOQI,25
A1KD8MR1V4JVK0,25
A1IBBI5YMPAUCW,25
A2NUN3UYLJYKFN,25
A2YORH3MSOM6P8,25
A2XNOKX6FQPXNF,26
A2VC84WRAOKSDQ,26
A3EUUHAB232JOI,26
A3FMMV53JHL6TU,26
A3MXEIQLQZ9ABW,26
A3E47AJOQG6UK2,26
AK087HW5YS5QZ,26
AVVD6V3FYC99O,26
AR5UBWWTT2UQM,26
A2JJNP8GJFL0DM,26
A2Q9ZWQ5NVT19E,26
AALVOR2JKHN5Q,26
A11V9E4044WFNK,26
A119UPKK8J0VWQ,26
A80SFDVGOCBU8,26
ATZ1E69I6MF0N,26
A2BXVR4XBE18T6,26
A1X3GSQ1ZM4UEQ,26
A14GKZOAPB9CHY,26
A2725N1VSUMBIQ,26
AIQORT9402J1F,26
ADV3UP462OAFS,26
AK0A6283E5XZE,26
A2MBOX3TNBCBV6,26
ASB7THP27C5SN,26
A1Z5LG7YZ0GWIU,26
A1P0KMRBCKB133,27
ATC79W2A44517,27
ANZGC4YCEQC6W,27
A14FFSOOTP0FR,27
AHP139SLDRPIS,27
AS5IJXFUJQX5G,27
A23K7QXXKSZ8D2,27
A11QDRK8G3TVP7,27
ASHA8TXSJ1GRF,27
A9SSQJ46YXCHY,27
A329P043ENCM1R,27
A351TM1V66NOEJ,27
AAYHXW1N151V4,27
A2VSE81NGRBMZ1,27
AE3PQYXY49FJB,27
AS02U020MGBSV,27
A2GT4B9RTOZJHW,27
A3EPZNFF590EXL,27
A3V1DYN19UXF4F,27
A3K8IBV8V35G1H,27
A3S3Y3JYFY96WZ,27
AA8RBTN3J2F5H,27
A1UYLCO4MXXB70,28
A2NYY8Z3CWT3IB,28
A39B0SSJKCS0WY,28
A13BX9O5UDBILC,28
A3LO4IG4O4REVD,28
A22A28CW42M1M9,28
A3G15U1ZTHYX56,28
A32J6G16FFL8OC,28
AE9LKENEJLL79,28
A26U6HU35KBSWV,28
AH596GQANP9CU,28
A22NZFCXVF7Y51,28
A3B3HBKN6PR2N7,28
A1GPS3ULIPNN4R,28
A27S55KYD5LCAT,28
ATAS1JU2SXBL4,28
A18011LY5SHJSV,28
A37KD47W5WONHK,28
A3TZI7G52WTQGD,28
AI1FBBRXK8DL3,28
ATY86XH2DJ4ZH,29
A1POGSPD4HN8Y1,29
A3PZTHTC84Y9I4,29
AUS81YHTM2MPY,29
A16RGMORD80K9V,29
A2XJD20SEKWFCK,29
A21IMS76KY1VPC,29
A1X0990QXMJIY7,29
A329AE4A7Q1FQK,29
A14NAUYC6CGPDG,29
A47K229NJH9J6,29
A294CSQXGL76CV,29
A1WPXG000113YQ,29
A3AFDN9UFIHVN1,29
A311UKPJDYZOVL,29
A20TZ1MQ0KMJRR,29
A3RGU833M0OLDY,29
A3NNOT58HV18UW,29
A1TJPE10C8FPJD,30
AFXXS6KIJ9E83,30
A3OE6OOAD730QU,30
A27POUEZJP2IDM,30
A3EMIQ5M1G0J4W,30
A1DTTUZZH3UCJK,30
A1NDHLQN0K23QK,30
A1R4ZEXE3T5PW3,30
A2FZQFX80KE9CJ,30
A1AMRAJP3AC0OE,30
AK2XW27R76ZTC,30
A2D0F87RY5YMHN,30
A32IAWS84M6SYO,30
A213ELP74FH0SJ,30
A3EX8ZFNVDHGPM,30
A1S5251XGPBIVN,30
AMRRT7RC261OP,30
APL10FPWGNVFV,30
A1N9QUJASE2N76,31
A1P98E8Z20JD1Q,31
A1N3DFHTSVCORA,31
A3S8A9JBOP1PG7,31
A1WM8DNWJ8SCEL,31
A182GCZ1JR1TWH,31
A3Q5IB0HPGUQXW,31
A2P9KNX5JRKPKH,31
AM765S5A37QB2,31
A3ET92C0O9XNS6,31
A3C5JFSAPHWJU3,31
A1G0N4WP7EDQ1H,31
A16SONX6KV5EIY,31
A5R13YQNSP42J,31
A21PJEIX2MIM1X,31
A1GYJC4UO4YCQQ,31
A2LFIYTONVQMEQ,31
A2GCVUZ1N1TBZ2,32
A2JAGOIH2DZAN,32
A2J591OLWPBEMQ,32
A2KZ1JXW8J1VC8,32
A4KQW4S2PAXIT,32
AD7PVSLW69R4F,32
A3JMVQ5G2G522W,32
A3OQ96W3N91MDS,32
A1TIWOJFIX21RY,32
AU8A5W8DWEMVP,32
A2SOKOONUQ850N,32
A3FZI1RHDOZEJO,32
A3N4QU9537CZ5O,32
AA6BJGZG6XI05,32
A2OHGA790ZR35V,32
AI261Y5T8PB0S,32
A2UROXC3FXJKX0,32
A27LYK37L6L37M,33
A3J034YH7UG4KT,33
A14OG85Y77RQVY,33
AWO7V8RR26RMX,33
A1WKMDL85JLIFM,33
A1YOGD8K6EV6VI,33
A2V1J3JT5OOZFO,33
A38W29I8J03QW8,33
A3PSGJREO570YX,33
A38WJKB6YULQ6J,33
AQT8N7YPGVWCM,33
A3VHGUZCGYA4KK,33
AQNQHPRR3WQU1,33
A3I634592SZH0B,33
A24UIMLT48Z09O,33
A3D4B6J0ZAA6D,33
A3KFLKO5MSTRCZ,34
APHPXV5RY2SDP,34
A1LAGLKT5I2ME0,34
A9Y5O2R4D6EH5,34
A1ES9IQ5EZ4XQF,34
AZZR8DUVE5L8O,34
A3IZXJRV8RHUQC,34
A99C0X6M72RM3,34
A3OFI1JD2KA9WD,34
A321QMD4CPT21S,34
A38SN37XVGG1R7,34
A1NI52A6BBZSZO,34
AVFB9B931P1CJ,34
A387C579TCK3BG,34
A305EHGTB1OGTA,35
A3F4VCTXZZ449P,35
A3SP5OZ25GTBIH,35
A28LXIZQOEQ6KY,35
A3B86XJSLQSSJH,35
A17WPU84HJCK4S,35
A1JZJFVE1K61LU,35
A3PCA3O8PO6F7B,35
A33ZDZUEF1GXXA,35
A1BFNBD9CPHHSW,35
A2I7955ZFHEGUB,35
A21MJJDFBNUJ3L,35
A1NTD0TGF56T85,35
A3GKY17CHGC5OT,35
A155DQ97UZVJSR,36
A88WV7924NGXQ,36
AQ0RLBBIWUZ5Z,36
A2WQ0T7U3ETN5S,36
A1E6GEYZYQF84I,36
A2LELPJEN3H7A2,36
A1RMJZO6G0LJYH,36
ADHABLMCBV9CG,36
A2CP8OUNLHJXX8,36
A35CLCBHMOLSIN,36
A1JIPRN4LLM20G,36
A3J60ZQRDBBJ4S,36
A353UAPCDFKIYD,36
A2JBLIOT433R9L,36
A2UTU1T0P7YTSG,37
A2T077JYCTRL60,37
A3BTFKDNAC29JL,37
A1YUZ3PFNAILHW,37
AFJ6LHAGTA6LS,37
A3GATAFT8LVTSK,37
AJPO70SUQEDRJ,37
A2BDQ38RNRXIRQ,37
A23KLGJ105C5LV,37
A1FERFOI1OU1OF,37
A2KAOIY8M4D044,37
A2G9DTRPLG0VED,37
A30F4NMKRP7UZS,37
A20HMQGKR7RET5,37
A28IK37GNGUDUX,38
A3NKP1YSDFGW5,38
AUGDEAVGV90X5,38
A1VL6XFRL2NALY,38
AHSB4CWEHOOP2,38
A1XK4VP74IB9TQ,38
AYVM2DODURDLE,38
AAHQAFQ81K7BB,38
AWC8CTW8N2XVE,38
A1O3LAET0L3BHU,38
A1RMPGNNAEJCVI,38
A2KL8TMCBUR036,38
A193Z1VJBI7TRC,38
A2VTMCHYNBZC07,39
A7Y4EVU8LZ7FV,39
A3703H5T2Y0R0K,39
A9DZGSTEJFOP3,39
AS4A8GH1B5QBP,39
A37FB0STAIM5PY,39
A1H2O9EQANIGQT,39
AKG02HTYGM88L,39
A1UULANW6F0NZC,39
A13RIB5M9L611E,39
A27DHWJ275D678,39
ALQNOSMQR8AFR,39
A3EPT8ENSU0TU,39
A32VSTSDEPUBHU,40
A28621TSIR5EOG,40
A39KC1FTFJ6WE7,40
A1WYKNREHQ30KE,40
A90CJHEDYOPIW,40
A4DZOJ79D9BXE,40
A2NIT6BKW11XJQ,40
A1VJGPW4W8FBFV,40
A1BDMSJDPX5MDF,40
A24PTVSZSM8968,40
AGI34T5QZWBBC,40
A104VHQ06KFLDT,40
A3W53H5F2YLJQ4,41
AEBAUPOM4TF9S,41
AI4IPKCY56NQD,41
A27WR1MUJH2RNP,41
A1QRST0A3IQIEF,41
AWORZ9HO1HCTB,41
A69Z3F9A2ILNP,41
A1KKHE3R5PBZ7Q,41
A1210QJT54O8T0,41
A24QCKJ232QM52,41
A2U3HG214VNP9N,41
A3M6FW3728C8NA,42
A24RBKSMOOSPAB,42
AE4MCV22JSE2X,42
A1DO9LRCO23EOM,42
A2UCQH27E2E312,42
A1GZWPGIYCQLVP,42
A16J5TH0JAVRZ3,42
A2YVT92OFFUJEI,42
ATNZ6ZION5HI1,42
A1U58436RQI0GI,42
A3O1SS8PDDK7IE,42
A23956TW9D1LTN,43
AKCE2SHQ736GH,43
A16DISUEZB83W6,43
A28ICNCNINMC7Q,43
A3TYWLLZGB1EDR,43
A171JOM1WWO69U,43
A59BC7H4T874H,43
A1S3FOP19D8W1X,43
A2WY7M2G4FUK9Y,43
A8BGFC6VK46OW,43
A16CV6OJMT3RVO,43
A2K5I02PHHTTNQ,44
A2X8NZUNAWX9SO,44
A2CRZP89XOHVKK,44
AFH0V9CYF56IK,44
A170EFO2P2A4FJ,44
A3D5B2CBFNJB0K,44
ADIA0K5LUGSYF,44
A23O8T3LNL9YY8,44
AO7TPG23L7Z3L,44
A3JBGEOQG8PFBH,44
APCX388F6CFFA,45
A1PYTLRARR1W0K,45
A4RC4IF81L71H,45
A1EBGQUBPD16Y0,45
A98VFCJP80FD5,45
AWUBTQZOBGFKK,45
A3BOPY9EERVP3G,45
A9MF6OT936TOB,45
A38EHG0M5YL5YQ,45
A3C1GV89DSSCEB,45
A2QIDS8473FW29,46
A3S66LKKKGTI30,46
A2DIPUAC4DOZAK,46
A2FQIOU39ZHLM5,46
A27HJKSWIJZ131,46
ARWR2O48OIGKH,46
AUMJC6WY81CEI,46
A1T6R772Q80FW7,46
A1JB0SYY10KNOJ,46
A1SM9R4UGRNV4V,46
A3G2MJPURQSCBD,47
A3AGIOKDN01U4U,47
A24HIIPOF1E2EJ,47
A2AFZNODU90LOV,47
A101OAAMZYWQ3U,47
A12TECTYSRJ3UR,47
A2BZF12UZ53GAU,47
A2VCC3QW23GK3S,47
A3E44J6UX651BC,47
A158D4T6S70AWO,48
A21BPMOV9NV2DJ,48
A14NIA30HFV68D,48
A1UWT5AETD0NY2,48
A3A4WASUJDYCE3,48
AR3HUTA2RFUL5,48
A3K8OOB88ICB2E,48
A2THQCHKR89E16,48
A209G57KXCBF4C,48
A2R5CUTW2NJ3G,49
AGQIQ1TEW7H5R,49
A1PACH221DODGO,49
ADQBX8UHKX7AJ,49
A3A53X9NSO3M4Z,49
A1ETGPDALZIMVA,49
A10Y058K7B96C6,49
A3E6JBXN9KFHRX,49
ANSKSPEEAKY7S,50
A3HICVLF4PFFMN,50
A2QBZA4S1ROX9Q,50
ANY6JUFM0GH8U,50
AT09WGFUM934H,50
A7S2B0I67WNWB,50
AGAKHE014LQFU,50
A1S6B5QFWGVL5U,50
A11229C4LTJ4JG,51
A1I43PYV1DMIIF,51
A1RIVGXTRWO8EE,51
A35FPAMOA9XI55,51
ACW97PWU2VO5D,51
A21PY549E3M51S,51
A10X9ME6R66JDX,51
A1ZDP5PMM6RTSO,51
A33FS5H3CPDR6D,52
A1Q5M90ZZEEAL1,52
A3UFCX1AE4TKZE,52
A1N03V52IRZ5PR,52
A1W5G9ITZQ64TN,52
A2ITS3FO21AYA3,52
A2NJ72QP6SU0MQ,52
A1W0CHSU0O5VUK,53
A33FZNPF0TRLYN,53
A19HT7YC1UW3D6,53
A3MJ1OH04JQNQF,53
A2WO3HF88DF4PW,53
A2GRYN2DYGFM8L,53
AR87CWP6KEL4A,53
A22966W52J34CH,54
A172O6GT6GLUIB,54
A2PC1YCLTB3EY9,54
A5RESRBCJXMOM,54
A2EQDEKD20ZLGD,54
AOHG53ZO6BJ7R,54
A10G7GOD9ZWVVV,54
AE7SDXRY05RW5,55
A12AT4IWHODYRP,55
A2MD10BMUUTCV2,55
A1GGWEX2RW0IRW,55
A1PSBR1T610QYI,55
A24VMHXIDF3ZTC,55
A1EFAJ4Q7XFJWD,55
A2BFQZMGDGXC2M,56
A3735ONQL764JD,56
AOCOIFM61SA7F,56
A13B39ZS8W9SQO,56
AJLUJQ4CWUEIR,56
A12UQZS58C1DQ6,56
A28DFWTBTUDAJJ,56
A3M8N1L4WAMJG4,57
A1YXBYJCCS0R3A,57
AY1KGMCPIZRBP,57
AK21M2AE4U71T,57
A3FP9141P7DHT6,57
A2YCJJV1QEO655,57
A2HGEG82645YF4,57
AYQLU316XEFAG,58
A204N1U3TI06GO,58
A25X0R6758CLWJ,58
A37AO20OXS51QA,58
AEPTZ4SG6U3UE,58
AKMEGQ2D4VS55,58
A24S76CQYV9ONA,58
A33IJGLTVS5MDS,59
A326F2HO1FPAPB,59
A3D2VIUT2HWP0Z,59
A1J1XPQP1K4PLL,59
A3GBOCNEQ8AAP4,59
A3MQ672FYFNM7B,59
A3GKEM591MMIRY,60
A1OMXVXXP07F05,60
A31UM38UFS5OF5,60
AE8LCUNRSTTW2,60
A10NIIWUHCDI0Q,60
A1YH4N1ILGHXC9,60
A1NS6O584WD5FJ,61
A2I6MHMAZZDCRX,61
ASG60YVY09J6D,61
A3ICHEO78NFE4Y,61
AYPCGRSNA2IL,61
A3FHSLWEMH7JD8,61
AY1WB9I0SE5US,62
A230F2ZKGFGY8A,62
A2UWPPU5GZLMQZ,62
A1QWGPBP61DPQP,62
A31KBA8LLZIDS2,62
A2WWF532XMFHRE,62
A3GCULBJ04IYA2,63
A5F4K8GULBUYL,63
A3D1YKQZN1YZXM,63
A2BH9DHKBIBDX3,63
A108EEYSHGDL6O,63
A2QZP0Q6G02AFZ,63
AR1J3PPLB886B,64
A3JXARXF2KGBIS,64
A29BHRFANZXQ3C,64
A24KBB6X5URQ63,64
A2MMPAHJUJAVWV,64
A203OCQQ12MAVT,64
A39VG5STMCQBI,65
A1H9UFWNIWTPFV,65
A2D1N6Z7WS9AQQ,65
A13R0XX727WQB8,65
A3BOQADZVJB6C3,65
AO5O459IFGVTG,65
A1TQBAHI3M4ZBQ,66
A3AXXUSU4KJQ6R,66
A3GAJB5Y9XCLHU,66
A3TXZJQWCPYNVS,66
A3OVFH1ACP273D,66
A2LMVRUCHB6G8K,66
AR6X6ZNF1XN5X,67
A3STNU0QG5IMCY,67
A28UJ5KGAMD9HH,67
A1IKC2YBHXIE1M,67
AL5H32ZBE6FO,67
A19LF8H78H24KJ,67
A7A01Y50214JY,68
A1ILWPH1GHUXE2,68
AJ6TMOHHFJJAJ,68
A1RO3O4905L66T,68
A2DGP3CC6D0TKL,68
A160RGARQLLB05,69
AS8IC1P9Y4VR1,69
A91LOU9XGER2N,69
AVBJLSSLIQEMP,69
A3QJX63UDE76OA,69
A9UQZFBHHJ17J,70
A38M7PZ5DEOOCC,70
A2Y3DTTBOU77MO,70
A2BI702GCWNYJ4,70
A2MJHJ3VYTS7V8,70
A3JOVOKUKWLNLN,71
A3L1TG3OOOTRBR,71
A2BHNIWHUFKE9D,71
A1XVBF3IR76QPL,71
A35JT7XCQM7D37,71
A21Q1LBZP2671X,72
AZHOP0V69KO20,72
A32Z1V9II49XZY,72
A7OR8OWWGK55W,72
ANU1675O6DO5E,72
ADAYT4YDXRSGY,73
A18BPTL4TMTBY9,73
A1ITCVZ46MUB3A,73
A5BB2IEW4LRGP,73
A3KMUHGAZME8VN,73
ATRSE31FLPUOP,74
A20H1M28WLI9J2,74
A2Y870S7P44V4C,74
AXJU138LSIS2J,74
ADALY60T9TBX2,74
A1FFKKJYBNSAYM,75
A11IR07H8SYDD0,75
A23ONMGKEWDG4M,75
AYM76JWI220Z4,75
A16Z9C8ESLGOPL,75
A1QMJBMMEDO0RM,76
A4254PHBJAPL,76
ADLVFFE4VBT8,76
A10PEXB6XAQ5XF,76
A1AIK0Q0EGHR7P,76
A1ESEP2IGYJDXN,77
A2VRTT04CKK484,77
A2R1ASJJDBM2S4,77
A2MQ3Z1UX5EXUC,77
A19YIXNURUGK6I,77
A3HSLVVMSJNCX9,78
A2NB2E5DXE319Z,78
A23YS38RRW4YW6,78
A16BSOOMVMXGR9,78
A3IKK57TI9BP85,78
A2OAJN06TQ9KAT,79
A1VUCCLEP5OADL,79
AQ64NMZDUVYN7,79
A2NSR2R4M8CWC2,79
A12I3HHLUD6WY9,79
A16X9K6CTHEYXO,80
A1ZU55TM45Y2R8,80
AB7IX02UYHG2Y,80
A1R22WL520D4L0,80
AQXL8B1QPVE09,80
A1AM97PWBXRM6D,81
AHR3LG5G9KQH,81
A1AHYRIK9DX6NY,81
A1ANPXJB9B0R5V,81
A1B00KVE1YFKCR,81
A1N3EH28S4DI8L,82
A378RFIJ6U88DI,82
A2OKLYBFUKQNU4,82
A1R87GD4CLPKTK,82
A1G84JVGCWCUEJ,82
A1IDWUYX4QXTUE,83
A17YPB3JICRUK2,83
A3PPLH5DL6DHN7,83
A3RHPUZBOP4D47,83
A1N8FRMRYUHHV0,83
A24EV6RXELQZ63,84
AMO214LNFCEI4,84
A3N7T0DY83Y4IG,84
AO94DHGC771SJ,84
A1H8PY3QHMQQA0,84
A40U43VX39NR9,85
A1UVUFYKDK4N41,85
AMO1CR5KN8T4P,85
A2J1DWBCD63Q54,85
A1QLQFG062ZA3R,85
A2PGE5RPSV9BFH,86
A2I9X30JGIAG,86
A9D6Y6RL8ILK4,86
A2A28DJDS6LEHP,86
A1R494W7UBXL90,86
A187ADBPN8OOY7,87
AG4D06TQLDFMH,87
A3FNF36SELJ49S,87
A2STWCKJD4TMK8,87
A2H2H6SQVHRIER,87
A3USUO0YREMXME,88
AB8AYATYO2EQ0,88
A33L4OCSS2MJ2G,88
A1NWHDUUV9V7VT,88
A12F8OG8CKZU9L,88
A1EC1IGNE6G5UP,89
A19J4IR55H1NZI,89
A3D4OB8I3HPULA,89
A10LWFKVC21F82,89
