user_id,cluster_id,degree,degree_centrality,betweenness_centrality,clustering_coefficient
A1ABVP0DV1ZN89,0,29,0.0033387059636196177,8.014268408201302e-05,0.6650246305418719
A6ILK3FXYH595,0,29,0.0033387059636196177,0.0,1.0
A7RV1KU5O0II9,0,32,0.0036840893391664746,0.0008003721686912493,0.2721774193548387
A1JTSRG8SU4VFO,2,10,0.0011512779184895234,0.0,1.0
AJ6TMOHHFJJAJ,68,4,0.00046051116739580933,0.0,1.0
A2XW3HYL9YSJGW,0,12,0.001381533502187428,0.0,1.0
A1JSO7PPEA0W72,0,58,0.006677411927239235,0.0015554495858158214,0.3042952208106473
A3OZZ0IQTIPZNW,0,7,0.0008058945429426663,0.0,1.0
A1YCDZ4K4G0CN3,0,28,0.0032235781717706653,1.1500244243633233e-05,0.7328042328042328
AV27WAAYOTH0U,0,29,0.0033387059636196177,0.0,1.0
A335QXPTV1RIV1,0,29,0.0033387059636196177,0.0,1.0
AZZ1KF8RAO1BR,0,7,0.0008058945429426663,0.0,1.0
A3C4JNSTXZEMTL,0,24,0.002763067004374856,0.00012141679534682589,0.48188405797101447
A1RO3O4905L66T,68,4,0.00046051116739580933,0.0,1.0
A4QBJJ9YC59WE,0,6,0.000690766751093714,0.0,1.0
A178RW5ZI68YR3,0,5,0.0005756389592447617,0.0,1.0
A2KKVYSLUE5JFR,2,5,0.0005756389592447617,0.0,1.0
A3FTRN2V98QBCP,0,47,0.00541100621690076,0.00010610748849608475,0.5938945420906568
A6HIYEJGCE1MA,0,8,0.0009210223347916187,0.0,1.0
A2Q6I453ZNXBE2,0,6,0.000690766751093714,0.0,1.0
A12NAEUGYXUIRD,0,6,0.000690766751093714,0.0,1.0
A2Y06YSBK1YYWT,0,10,0.0011512779184895234,0.0,1.0
APZA8SXX9DMT8,0,13,0.0014966612940363804,0.0,1.0
AP0ZL2WX8J0JD,0,23,0.0026479392125259038,0.0,1.0
A36XMNKPKOG69I,0,11,0.0012664057103384757,0.0,1.0
A1OH6EB0V4L138,0,4,0.00046051116739580933,0.0,1.0
AN9TLUKFAJHP8,0,8,0.0009210223347916187,0.0,1.0
AHKOPVTQ3IEBL,0,46,0.0052958784250518075,0.00020299905784948162,0.37874396135265703
A2HW2SL0WG09OR,0,7,0.0008058945429426663,0.0,1.0
A37GFV0AL784BL,0,6,0.000690766751093714,0.0,1.0
A1QWYAWB1DRSQF,0,76,0.008749712180520378,0.00016972889776288054,0.8098245614035088
A2U6X0GHPCODVV,0,11,0.0012664057103384757,0.0,1.0
AD50TWQOM8W4G,0,71,0.008174073221275616,0.004815429443633818,0.3352112676056338
A264DG2U0C0BYH,0,6,0.000690766751093714,0.0,1.0
A2MMTMB7CKROY0,0,5,0.0005756389592447617,0.0,1.0
A2YHABRZJVRSYF,0,11,0.0012664057103384757,0.0,1.0
ARXU3FESTWMJJ,0,559,0.06435643564356436,0.028735999207223206,0.28879655811388744
A1NKE9ESVFDJ8M,0,13,0.0014966612940363804,0.0,1.0
A1GYN77I2M4LQN,0,33,0.003799217131015427,3.960889847852785e-05,0.49053030303030304
AW05BRCRWPZWA,0,18,0.002072300253281142,0.0001294412185374237,0.5163398692810458
A22QLK442U2GP0,0,264,0.030393737048123416,0.0008878154725225102,0.8496082497983639
A1WVMDRJU19AFD,0,114,0.013124568270780566,0.002256769971144977,0.2144077006675982
A1RFYCSNNOJ0VW,0,93,0.010706884641952567,0.0004282642341685908,0.7676484338475923
A3AVNLTWWNIEO9,0,30,0.00345383375546857,0.0,1.0
A2XCE6WWTX57R4,0,247,0.028436564586691224,0.00017776149282316365,0.9682696422105922
A31XREIO9ZOYH4,0,29,0.0033387059636196177,0.0,1.0
A1THF19PO0LXRD,2,79,0.009095095556067235,0.00022796380361147196,0.7760467380720545
ADHS2PU94QURO,0,6,0.000690766751093714,0.0,1.0
ATELSGYOHCL3E,0,32,0.0036840893391664746,0.00023861279814338347,0.39314516129032256
A2TYHWXZPE415M,0,20,0.002302555836979047,4.438875072166586e-05,0.49473684210526314
ALDT4Z7SZY2GQ,0,11,0.0012664057103384757,0.0,1.0
A9E7XZEMW0K9V,0,55,0.006332028551692378,0.00019529306324548256,0.40606060606060607
A3132X0691CH4V,0,4,0.00046051116739580933,0.0,1.0
A2TL5R8RQGN4DL,0,27,0.003108450379921713,0.0,1.0
A1US87X5YUEQ7A,0,66,0.007598434262030854,0.0008350917575879931,0.30116550116550117
AFP6C8GPJ4SBQ,0,30,0.00345383375546857,0.0,1.0
A329L3HF2QK7E,0,19,0.0021874280451300945,0.0,1.0
A4GGT6O0GQNV2,15,459,0.05284365645866912,0.005186384457568421,0.7788718592725785
A21AOHWYUQ3QEY,0,59,0.006792539719088188,0.00015142155104260396,0.5078901227352426
AUDSB403UNG6L,2,10,0.0011512779184895234,0.0,1.0
ACCUPJZUVRNT1,0,7,0.0008058945429426663,0.0,1.0
A20GHPA3NAOCSA,0,11,0.0012664057103384757,0.0,1.0
AYWIO6OYAGFGQ,0,59,0.006792539719088188,0.00030671896566462735,0.40736411455289306
AI7FG0JAGX77B,0,8,0.0009210223347916187,0.0,1.0
A10K1AI4CC0588,0,11,0.0012664057103384757,0.0,1.0
A2I9LWY5PN73YI,0,8,0.0009210223347916187,0.0,1.0
A3KKOBGO2ZQY3P,0,56,0.006447156343541331,0.00013410589671510734,0.45584415584415583
A2CC2CRU24E44X,0,24,0.002763067004374856,6.323695429724412e-05,0.5471014492753623
AGMVC6FTM7UPR,12,7,0.0008058945429426663,0.0,1.0
AIR5HDNUI9WCU,0,4,0.00046051116739580933,0.0,1.0
A601TLJMZ9CZN,0,29,0.0033387059636196177,0.0,1.0
A2IPC51HL9UUYF,0,30,0.00345383375546857,0.0,1.0
AOLQ22OA3HHHK,2,5,0.0005756389592447617,0.0,1.0
A31GRJW986YY2E,0,5,0.0005756389592447617,0.0,1.0
A2LFIYTONVQMEQ,31,4,0.00046051116739580933,0.0,1.0
A2U9UL88VXBMJ4,0,25,0.0028781947962238084,2.7259852131092272e-05,0.5566666666666666
A3QBHMMDRSC5VY,0,20,0.002302555836979047,0.000902705814622913,0.49473684210526314
A1OPERQ94O8SNS,0,13,0.0014966612940363804,0.00037321457675921707,0.46153846153846156
A7A01Y50214JY,68,4,0.00046051116739580933,0.0,1.0
AST7UNIXVOAVA,2,10,0.0011512779184895234,0.0,1.0
A2OMVQGC33VSNC,2,5,0.0005756389592447617,0.0,1.0
A3823WQPK4LXLL,0,14,0.0016117890858853327,0.0002121110281833638,0.4725274725274725
A3POK7TFSW520G,0,6,0.000690766751093714,0.0,1.0
ASWYSSKL9LL9X,0,63,0.007253050886483997,6.60191285450885e-05,0.40757808499743986
A1SCWY8O0IL2HU,0,77,0.00886483997236933,0.0006723106212182652,0.5676691729323309
A1602WP8OHESZD,12,7,0.0008058945429426663,0.0,1.0
APIXJQATQT7TK,2,10,0.0011512779184895234,0.0,1.0
A2TXTO6FBY2EB4,0,7,0.0008058945429426663,0.0,1.0
AQ6XS10RR7CE0,0,124,0.01427584618927009,0.006050843347415481,0.4278783110411749
A1GFB47CXP4LKR,0,39,0.004489983882109141,0.0008488335265098844,0.562753036437247
AMBP7V5ME7K13,0,4,0.00046051116739580933,0.0,1.0
A3AAL5TGOW29X3,0,17,0.00195717246143219,6.112571674578745e-06,0.6323529411764706
A2T04VAIXSKJH2,0,43,0.0049504950495049506,8.559143714718473e-06,0.6655592469545958
A2IMLPUXYQJTSY,0,87,0.010016117890858853,0.00048737130289533913,0.4701951349906442
A3JMQ363OSCWU2,0,42,0.004835367257655998,9.534468677566481e-05,0.5900116144018583
A2ZYFIRTB2V11J,0,23,0.0026479392125259038,0.0,1.0
A1VQ61UT9WKCV2,0,7,0.0008058945429426663,0.0,1.0
A1RPTVW5VEOSI,0,390,0.04489983882109141,0.008286185665091858,0.42756575044492784
A19D2SBM4FLBT7,0,11,0.0012664057103384757,0.0,1.0
A2PRAB4P64SXLK,0,13,0.0014966612940363804,0.0,1.0
A1DYHNSD4T1LEH,2,4,0.00046051116739580933,0.0,1.0
A25D7KKZFL2PH0,0,11,0.0012664057103384757,0.0,1.0
AW8YACI7RNNC,2,10,0.0011512779184895234,0.0,1.0
A1R9QOPV6HVEKF,0,6,0.000690766751093714,0.0,1.0
A1JDP8UAE7HVW7,0,4,0.00046051116739580933,0.0,1.0
A39VTD9COHHY34,0,4,0.00046051116739580933,0.0,1.0
A2F0TTEP4W354Y,0,7,0.0008058945429426663,0.0,1.0
A1LWYVLGA3N2R4,0,89,0.010246373474556758,0.00036139835219714604,0.8368232890704801
A1DRM3JV6T5O6P,0,4,0.00046051116739580933,0.0,1.0
A2NGUYX6A691YS,0,187,0.021528897075754085,0.002426278381177797,0.7294577655108965
A1SEHRRSCQTQ42,0,23,0.0026479392125259038,0.0006770293609671847,0.5968379446640316
A1AC0ZLC6SVXSD,0,54,0.006216900759843426,0.00013297231284179864,0.480083857442348
A1LTZ8LRRWIE9N,0,30,0.00345383375546857,0.0,1.0
A1GWQIOSUI37T4,0,16,0.0018420446695832373,0.0,1.0
A3C1MJ6AYAJ1PP,0,25,0.0028781947962238084,3.4611318087417006e-05,0.39
A34PNHKNM05TXD,0,14,0.0016117890858853327,7.941059130727213e-06,0.5054945054945055
A3KHS6CXBTP1DM,0,7,0.0008058945429426663,0.0,1.0
A1KT8699WEJXS8,0,4,0.00046051116739580933,0.0,1.0
A2ZB6BETR6IC27,0,44,0.005065622841353903,4.598344513841616e-06,0.9207188160676533
A2HPF56C5C13I1,0,11,0.0012664057103384757,0.0,1.0
A2OLQ18EOBZPE6,0,313,0.03603499884872208,0.0014156394189809973,0.6295772917178668
A39239F78V03U4,0,69,0.007943817637577712,0.0023307170242016628,0.40281329923273657
A2MCZGSS6UJHDS,0,46,0.0052958784250518075,1.890936266329955e-05,0.8570048309178744
A1FIGM5NXX9J3Q,0,23,0.0026479392125259038,0.0,1.0
A3S8HHQBEEGN7P,0,36,0.004144600506562284,5.75434687398899e-05,0.5507936507936508
A2R5SM2C87PDOQ,0,30,0.00345383375546857,0.0,1.0
A31UM38UFS5OF5,60,5,0.0005756389592447617,0.0,1.0
A1ZR6RT42KHUIF,0,103,0.01185816256044209,0.009906688012005192,0.36855130401675235
A2AFT2VCH2S01B,0,43,0.0049504950495049506,8.448605955636123e-05,0.36766334440753046
A2BE471PVBBG6Z,0,42,0.004835367257655998,0.0,1.0
A39V7MMKAIL55K,0,9,0.001036150126640571,0.0,1.0
A27F7B3PXZ0RVE,0,23,0.0026479392125259038,0.0,1.0
A3B7ZAWRSGO0TX,0,15,0.001726916877734285,0.0,1.0
A2V8Q6IQ602H4O,0,23,0.0026479392125259038,0.0,1.0
AGVB3UZIPFHEF,0,65,0.0074833064701819016,9.903729147735468e-05,0.39615384615384613
A3O55EWFNKSPV3,0,46,0.0052958784250518075,7.659648485197588e-05,0.8434782608695652
A11617B1NW474D,0,5,0.0005756389592447617,0.0,1.0
AM4ZQJ0IORVWG,0,107,0.0123186737278379,0.0003655779057502322,0.37312643272791396
A1IQ0A8IBIVF7R,0,15,0.001726916877734285,0.0,1.0
A1QPV43SWY9CGI,0,11,0.0012664057103384757,0.0,1.0
A1U5NWJOYH2QQH,0,67,0.007713562053879806,9.233466361982083e-05,0.5260063319764813
A14Y070B40ZGMR,0,4,0.00046051116739580933,0.0,1.0
A1MMEARDASNIA0,0,5,0.0005756389592447617,0.0,1.0
A3HYYO8PBJZ0J0,2,5,0.0005756389592447617,0.0,1.0
A22K8OBJPM3FL5,0,4,0.00046051116739580933,0.0,1.0
A2M7NKO97UIVAH,0,273,0.031429887174763985,0.0004502353765966413,0.8027634130575307
A3VK2YVHWSVQHB,0,256,0.029472714713331797,0.001376322846564524,0.9034926470588235
A3SGQEPU02VKV,0,17,0.00195717246143219,0.0,1.0
A35MUY1T5C335X,0,115,0.013239696062629518,0.0005886397512956417,0.464836003051106
A3IBOQ8R44YG9L,0,214,0.0246373474556758,0.007035731838703398,0.228818393225396
A1HTUOY4NOVZSK,0,27,0.003108450379921713,0.0,1.0
A5JLAU2ARJ0BO,0,497,0.05721851254892931,0.02112147235528085,0.31768838839488545
AEE2GJR0VF6R7,0,12,0.001381533502187428,0.00016755672100154045,0.5151515151515151
A1PRYEYET17MPW,0,36,0.004144600506562284,0.0,1.0
A2E7E9EWADK4S6,0,13,0.0014966612940363804,0.0,1.0
A3O72DJ2MQ8930,0,59,0.006792539719088188,6.636827557666796e-05,0.5832846288720047
A3QYIBMXQVLVE7,0,10,0.0011512779184895234,0.0,1.0
AVOFGZ70P39BH,0,51,0.005871517384296569,6.038689712043055e-05,0.548235294117647
A3OKFXYJYS3NF5,0,23,0.0026479392125259038,0.0,1.0
A17KYU38U9WRVW,6,414,0.04766290582546626,0.002080282696256325,0.9435847048227298
A15U38AWJ3JDN5,0,8,0.0009210223347916187,0.0,1.0
AQL2WVOAADPE2,0,68,0.00782868984572876,0.0001100873835553937,0.480684811237928
A17HKNU77UWH4Y,0,243,0.027976053419295415,0.0,1.0
A9ELHLPXF7JKD,0,29,0.0033387059636196177,0.0,1.0
AT2BYFEVLVITT,0,118,0.013585079438176375,0.0012025408453541831,0.43097204114153265
A3FHSLWEMH7JD8,61,5,0.0005756389592447617,0.0,1.0
A1A87C7E8W4W66,0,6,0.000690766751093714,0.0,1.0
A4UMQLZ0O489D,0,13,0.0014966612940363804,0.0,1.0
A2UREP3Z9EU6V5,0,62,0.007137923094635045,2.562532538577835e-05,0.6811210999471179
A2FD03H5CQG76E,0,100,0.011512779184895234,0.0009171037104555315,0.4036363636363636
A1SAQB40R8C44A,0,65,0.0074833064701819016,0.0003128940151988686,0.3942307692307692
A7JGEKN140F4S,0,23,0.0026479392125259038,3.216799271619673e-05,0.48221343873517786
A1J87C2DKBO441,0,181,0.02083813032466037,0.0003206338672976717,0.6883364027010436
A8EDTKSPOMRWK,0,93,0.010706884641952567,0.00038224120623815797,0.5140252454417953
A24XFCZJKMAONS,0,29,0.0033387059636196177,0.0,1.0
ADIEPB0AZ4RHE,0,5,0.0005756389592447617,0.0,1.0
A2CKNYM4Y87MYC,0,34,0.00391434492286438,0.0003337870152779629,0.786096256684492
A3A276HARIYM4Y,0,264,0.030393737048123416,0.0033138005989555644,0.8542170756999654
A3FTI86WAVJOLG,0,358,0.04121574948192493,0.0033694918907684964,0.4853449759792185
A3CWLHT8Y2BZB6,0,51,0.005871517384296569,3.110761910742608e-05,0.7192156862745098
A2NICY8I08AZL2,0,9,0.001036150126640571,0.00014808394113592288,0.4444444444444444
A3A15L96IYUO6V,0,208,0.023946580704582086,0.006103639693275391,0.5807320698625047
A3CCYAQRHUTPIQ,0,17,0.00195717246143219,0.00018136703468851764,0.5147058823529411
A3GM64N13BILUP,0,23,0.0026479392125259038,0.0,1.0
AELOCQI4CMQYQ,0,15,0.001726916877734285,0.0,1.0
A1ORUSHRRG0VWN,0,81,0.00932535113976514,0.0007763225446472706,0.4441358024691358
A3A48XEYWLWH7T,0,37,0.004259728298411237,0.00017106542877641913,0.5960960960960962
A9U1BQILTMSMM,0,76,0.008749712180520378,0.00013344415893038817,0.5708771929824561
A20NL7QAHXDCU5,1,180,0.02072300253281142,0.0004165027974039,0.924953445065177
A3EVTPOJDS5OQ9,0,8,0.0009210223347916187,0.0,1.0
A25SPTJVZ8DT1Z,0,6,0.000690766751093714,0.0,1.0
A344VCIOO3EG21,0,10,0.0011512779184895234,0.0,1.0
AB2U893HHHG74,0,29,0.0033387059636196177,0.00013944326601508615,0.4211822660098522
A3ESX9NVYHRQD9,0,22,0.0025328114206769514,0.0,1.0
A3KVVY6CI2QA77,0,243,0.027976053419295415,0.0,1.0
A6VPIOPMDJ8H7,0,55,0.006332028551692378,0.0,1.0
A15EJW1B60SVCA,0,19,0.0021874280451300945,0.00016712584333381712,0.5087719298245614
A2JAB206O2PG9J,0,8,0.0009210223347916187,0.0,1.0
AGDEKOVH67W44,0,243,0.027976053419295415,0.0,1.0
A2N2GPFRRUPP1J,0,9,0.001036150126640571,0.0,1.0
A32TSY95CFGCL2,0,5,0.0005756389592447617,0.0,1.0
A243HY69GIAHFI,0,205,0.023601197329035227,0.0020759715914901583,0.46207556193208993
A298COFUERZQWL,0,19,0.0021874280451300945,0.0,1.0
A3IS6HB3B4M2YF,0,5,0.0005756389592447617,0.0,1.0
A2STLT852H9K75,0,9,0.001036150126640571,6.471828124405162e-06,0.5
A27R1GTG9L16K3,0,49,0.0056412618005986645,0.0,1.0
A34SHL7JJVHLNJ,0,243,0.027976053419295415,0.0,1.0
A53GY0OZJZFZE,0,49,0.0056412618005986645,8.687358094781676e-05,0.5688775510204082
AAEEXHRP4QBQ1,0,7,0.0008058945429426663,0.0,1.0
ALMK0YBTI72RL,0,10,0.0011512779184895234,6.0630575358314236e-05,0.5333333333333333
AG3XKSY6YWH95,0,21,0.002417683628827999,1.185490496918413e-06,0.8666666666666667
A1G18MU8RQQ4GY,0,34,0.00391434492286438,0.00037097743279528494,0.5436720142602496
A3TRPVAGT3NWBS,0,378,0.04351830531890398,0.00328855435615772,0.45244410761652143
A3MEIR72XKQY88,11,672,0.07736587612249597,0.007936191300628245,0.5679910936058477
A1YQLAR46BS347,0,36,0.004144600506562284,0.0,1.0
AV0D9NPLN8BIL,0,9,0.001036150126640571,0.0,1.0
A23ZO1BVFFLGHO,0,313,0.03603499884872208,0.017490621893952184,0.6165519783730646
A3UZLX3C5FLLUH,0,12,0.001381533502187428,0.0,1.0
A6ZPLVAUQ6695,0,141,0.01623301865070228,0.0034079633989350785,0.21732522796352582
A17MR3U4MPW65C,0,32,0.0036840893391664746,8.587198783372009e-05,0.5564516129032258
A3Q0D8U4I1FCRM,0,5,0.0005756389592447617,0.0,1.0
A1JXTW4HW1DZN2,0,19,0.0021874280451300945,0.0,1.0
A2P2FU0YG5IEYI,0,19,0.0021874280451300945,0.0,1.0
A1RVSPTDB45J2M,0,50,0.005756389592447617,5.309016838110163e-05,0.6253061224489795
A3RRAIE5VGNS0S,2,10,0.0011512779184895234,0.0,1.0
A33GO0KKMW20BK,0,6,0.000690766751093714,0.0,1.0
A3C1GV89DSSCEB,45,9,0.001036150126640571,0.0,1.0
A2J9NEE5C5D2AU,0,70,0.008058945429426664,0.0009067496129100496,0.5366459627329192
A1E71PU53N45Y0,0,4,0.00046051116739580933,0.0,1.0
AUITG1DJ3QUGK,0,282,0.03246603730140456,0.008950969066358918,0.7556093990560562
A2GBHZL855WFH3,0,38,0.004374856090260189,0.0,1.0
A2E2I580OO3HET,0,72,0.008289201013124569,2.4397131828157745e-05,0.6326291079812206
AVCLMVDU3FMSH,0,11,0.0012664057103384757,0.0,1.0
A2FOF0GY8A3U3,0,5,0.0005756389592447617,0.0,1.0
ALUNVOQRXOZIA,0,376,0.04328804973520608,0.009294089307017942,0.4510496453900709
A3JU0IKY1GJG76,0,243,0.027976053419295415,0.0,1.0
A328Z8A4GQWOQI,0,22,0.0025328114206769514,0.0005064623362563086,0.6320346320346321
A3W2UTN0BC4ZKD,1,224,0.025788625374165323,0.0011871536258473683,0.8805653427290199
A1L65N1MS8WRGZ,0,5,0.0005756389592447617,0.0,1.0
AWORZ9HO1HCTB,41,11,0.0012664057103384757,0.0,1.0
AY8Q1X7G96HV5,0,406,0.046741883490674645,0.016366104952181892,0.36226965882138296
A1EKSHKY9G1K18,1,279,0.0321206539258577,0.0008988964610380166,0.6264923545034939
AZ1UEOB5EIU5O,0,36,0.004144600506562284,0.0,1.0
A87W2NKSYDMD6,0,42,0.004835367257655998,0.0,1.0
A24LLNKVW5NX8U,0,23,0.0026479392125259038,0.0,1.0
AOOU4GVVQHK5O,0,243,0.027976053419295415,0.0,1.0
ACNP2GG9P4WV9,0,12,0.001381533502187428,0.0,1.0
A1KZDMCI54UXIY,0,12,0.001381533502187428,0.0,1.0
AS269J1OGZT1V,0,13,0.0014966612940363804,0.0,1.0
A188SIPN9JC3HE,0,6,0.000690766751093714,0.0,1.0
AGZ0B2TQOAIA3,0,17,0.00195717246143219,0.0,1.0
A3NU7HS5TUSU74,0,38,0.004374856090260189,0.0,1.0
A2GHFM7D00AMGW,0,259,0.029818098088878656,0.001022295755561706,0.8838406512825118
A3V8S5VKPG1B79,0,23,0.0026479392125259038,0.0,1.0
A25QY9B9W2FQCF,0,4,0.00046051116739580933,0.0,1.0
A954QD0JVPDYF,0,4,0.00046051116739580933,0.0,1.0
A196K5YM49XXAE,0,4,0.00046051116739580933,0.0,1.0
A8HZL68EGLI18,0,46,0.0052958784250518075,0.00018314965972789172,0.4144927536231884
A3HS9IAJG1X3WK,0,12,0.001381533502187428,0.0,1.0
ABMZGK7Z5I9N0,0,8,0.0009210223347916187,0.0,1.0
AMZCZBK1EF1PV,0,7,0.0008058945429426663,0.0,1.0
A213UFMBOI3IUF,0,46,0.0052958784250518075,0.0003424514401080787,0.7072463768115942
A26D3NDNGDLIC4,0,41,0.004720239465807046,0.0005712486638238072,0.3402439024390244
A305FHDAKFC9LQ,0,4,0.00046051116739580933,0.0,1.0
A1SL5FHOMDDY15,0,29,0.0033387059636196177,0.0,1.0
A2L7WYA5OENV03,3,939,0.10810499654616625,0.007889208677764218,0.45140795338687667
A2E3CXT3CJDCUC,0,50,0.005756389592447617,0.00019208007796544732,0.42775510204081635
A1LCVSECISPGSO,0,30,0.00345383375546857,0.0,1.0
A2B0HYERQR96HI,0,30,0.00345383375546857,0.0,1.0
A2JXT7KS8OU2L,0,5,0.0005756389592447617,0.0,1.0
AXDM1069BD601,0,50,0.005756389592447617,5.309016838110163e-05,0.6253061224489795
AK10GGT97M7QK,11,13,0.0014966612940363804,0.0,1.0
AT28RL25Q2OLK,4,560,0.06447156343541331,0.0016819636484945318,0.9683299258880654
AIU8YRECU4HZ4,0,43,0.0049504950495049506,3.651436076654755e-05,0.7995570321151716
A31LD9CUER3EGH,0,19,0.0021874280451300945,0.0,1.0
A2IFGGXG3YV3Y6,0,107,0.0123186737278379,0.00021442559049054196,0.5454064538882032
A1EARN5PUVIF1S,0,108,0.012433801519686852,0.0007907238978210765,0.5406715126341295
A260ZC4PRM3Z7V,0,19,0.0021874280451300945,0.0,1.0
A2S67FYOJ408L0,0,15,0.001726916877734285,5.199850150176533e-05,0.580952380952381
A1MJMYLRTZ76ZX,0,160,0.018420446695832374,0.00474714602607232,0.1623427672955975
A3V3JVJ9NJYBBI,0,6,0.000690766751093714,0.0,1.0
A1ISUNUWG0K02V,0,91,0.010476629058254663,0.0039014411428332277,0.31013431013431014
A15225S9RRISLK,0,30,0.00345383375546857,0.0013867925145330526,0.38620689655172413
ADWCBZ7G4O7AV,0,42,0.004835367257655998,0.0,1.0
A3J5VAB9PZN1T3,0,4,0.00046051116739580933,0.0,1.0
AIVLKALMERRFT,0,18,0.002072300253281142,0.00018758270679582282,0.49673202614379086
A1K22IFHM99SVT,0,4,0.00046051116739580933,0.0,1.0
AP6X4IJR5H92P,0,45,0.005180750633202855,0.0012606291847648418,0.26666666666666666
A1ZC0H05U51M3C,0,8,0.0009210223347916187,0.0,1.0
A1M6X8CH3J2K4J,0,23,0.0026479392125259038,0.0,1.0
A3II7EVHKX41Z9,0,30,0.00345383375546857,0.0,1.0
A1XPNKJWTITV0W,0,15,0.001726916877734285,0.0,1.0
ABZLC33PJO47S,0,30,0.00345383375546857,0.0,1.0
A1C7E59Y13WKBL,0,8,0.0009210223347916187,0.0,1.0
A1X3T9VBU5GQX4,0,36,0.004144600506562284,0.0,1.0
AVXOTIX8WM0T7,0,15,0.001726916877734285,0.0,1.0
AOMD90U7TEAP6,0,6,0.000690766751093714,0.0,1.0
A1GX2E4VJH1NAD,0,15,0.001726916877734285,0.0,1.0
A3PGVJF37JSHFO,11,167,0.01922634123877504,0.0004675929492394715,0.8868047038453214
A13WNGIMC3PSXM,2,10,0.0011512779184895234,0.0,1.0
A1WMHFPD9YLVFV,0,15,0.001726916877734285,0.0,1.0
A1GCKBZ5B7XHPC,0,10,0.0011512779184895234,0.0,1.0
A204ETWOV23HO4,0,484,0.05572185125489293,0.007696380949823228,0.39002104614752836
A2K5FK58JSWXJ9,0,480,0.05526134008749712,0.004574126097820025,0.36720598469032706
A3CMO6EORUNEYQ,0,15,0.001726916877734285,0.0,1.0
A3901UFHY19IGV,5,14,0.0016117890858853327,0.0,1.0
A1OA1WF8AOR39T,1,9,0.001036150126640571,0.0,1.0
APBICPEUMXUVO,0,12,0.001381533502187428,0.0,1.0
A2M5GKAGV88LWD,0,64,0.007368178678332949,0.0010408878772975752,0.5044642857142857
A2VN72NFU33MO8,0,24,0.002763067004374856,3.0823245078746705e-05,0.5471014492753623
A25X6171VCSJQH,0,42,0.004835367257655998,0.0,1.0
A1GR9JZSPOYPJC,0,42,0.004835367257655998,0.0,1.0
A26FYKG5LAHRUH,0,63,0.007253050886483997,0.0006745435930661839,0.4915514592933948
A11KX4PSKOL7VL,0,15,0.001726916877734285,0.0,1.0
AHNDWVX0WCDXG,0,7,0.0008058945429426663,0.0,1.0
A1CHRL0JWA2OO8,0,243,0.027976053419295415,0.0,1.0
A14PHG6QJ1DTG,0,21,0.002417683628827999,3.547666900682992e-05,0.49523809523809526
A2TCXL888UE26K,0,9,0.001036150126640571,0.0,1.0
A1AOK8IY4F9OKZ,0,17,0.00195717246143219,2.4164281472246696e-05,0.6029411764705882
A2OMVGNP2F5O6T,0,22,0.0025328114206769514,0.00022901674304698092,0.5064935064935064
A19W821ER7GWHZ,0,11,0.0012664057103384757,0.0,1.0
A1CIU572HUUE5A,0,11,0.0012664057103384757,0.0,1.0
A12A8LU93A132U,0,49,0.0056412618005986645,0.0,1.0
AF0QD2FT1ZFVH,0,30,0.00345383375546857,0.0,1.0
A2FNQOFEMCUKW6,0,11,0.0012664057103384757,0.0,1.0
AJA31UYVQP4UI,0,6,0.000690766751093714,0.0,1.0
AQSNJ8HQ3WHMS,0,103,0.01185816256044209,0.0006018240233827921,0.5553017323434228
A1C8V13RD60LTR,0,123,0.014160718397421137,0.0004501982884409561,0.4302279088364654
ATW2I5S6S2PFA,0,112,0.012894312687082661,0.0005157656579337025,0.30437580437580436
ANQ122AO9P5BI,0,10,0.0011512779184895234,0.0,1.0
A38B7DTWWL4JE,5,4,0.00046051116739580933,0.0,1.0
A2ZODK2UVATV0N,0,17,0.00195717246143219,0.0,1.0
ACDUPC4QGE99F,0,464,0.05341929541791388,0.006243565498813143,0.4789882326655247
A2W3KBMFRUDU4J,0,27,0.003108450379921713,0.0,1.0
A182YOL7ZA0PGK,0,4,0.00046051116739580933,0.0,1.0
A1LYN3ZK230TGE,0,5,0.0005756389592447617,0.0,1.0
A2Q89DEW2Y91A7,0,19,0.0021874280451300945,0.015846249014139977,0.47368421052631576
ANS1JBFLGILMF,0,8,0.0009210223347916187,0.0,1.0
A2JCLEDQTNXMPT,0,17,0.00195717246143219,0.0,1.0
A3VW47C62Q0RML,0,38,0.004374856090260189,0.0,1.0
A231WM2Z2JL0U3,0,683,0.07863228183283444,0.05145161430531258,0.16710390162428135
A1NOWEOLKMRRXM,0,24,0.002763067004374856,2.8016244042336735e-06,0.7789855072463768
A32AKKZRP848H8,0,23,0.0026479392125259038,0.0,1.0
A9AZJGWMDJ7SR,0,12,0.001381533502187428,0.0,1.0
A1M5LJSCJ19S6F,0,15,0.001726916877734285,0.0,1.0
AJTYN2L8T5FER,0,41,0.004720239465807046,0.00014085139033271442,0.45121951219512196
A69Z3F9A2ILNP,41,11,0.0012664057103384757,0.0,1.0
A3H78NCT3DJMY2,0,34,0.00391434492286438,0.00011281583011279832,0.5508021390374331
AHT97H27XFI1I,0,20,0.002302555836979047,5.8621689496410196e-05,0.5
A2V8VLTPY3W01E,10,6,0.000690766751093714,0.0,1.0
A3PTG5V447NJNW,0,13,0.0014966612940363804,0.0,1.0
ANTGMXTKB7SQS,0,45,0.005180750633202855,0.00041626962007811557,0.39494949494949494
AS8IC1P9Y4VR1,69,4,0.00046051116739580933,0.0,1.0
AX8SWWB9837TA,0,57,0.006562284135390283,0.00017649970835666523,0.6027568922305765
A32UT0N3BGO8KN,0,38,0.004374856090260189,0.0,1.0
AIPY9QIUPKZJ9,0,15,0.001726916877734285,0.0,1.0
AY62TN9VGKI2Z,0,53,0.006101772967994474,0.00028088001260152687,0.8599419448476052
A2Q90UILXT8BNI,0,13,0.0014966612940363804,8.070267175547757e-06,0.46153846153846156
A2Y739CRM15WDL,0,11,0.0012664057103384757,0.0005641911341393207,0.45454545454545453
A2SKR9O60ZE62D,0,8,0.0009210223347916187,7.161514325996699e-06,0.42857142857142855
A1VFIY34F94XHY,0,16,0.0018420446695832373,1.3594303373213172e-05,0.5666666666666667
A19MNLXNDBHI54,0,8,0.0009210223347916187,0.0,1.0
A3A4XDZBCJKIS9,0,7,0.0008058945429426663,0.0,1.0
A2GNATC9V28GJS,0,12,0.001381533502187428,0.0,1.0
A3KANLQLC9LHU3,0,5,0.0005756389592447617,0.0,1.0
AXDCA2CU2BNSG,0,301,0.03465346534653465,0.0010899135256151815,0.68281284606866
AIUGQ4PNB8T6P,14,8,0.0009210223347916187,0.0,1.0
A2QGQ5KO0RRENL,0,167,0.01922634123877504,0.0037982876587874656,0.3543755861770435
A2DN7RUNX06BZ1,0,38,0.004374856090260189,0.0,1.0
A3H9RTXHQ5H4UT,0,49,0.0056412618005986645,0.0,1.0
A2QVSQFCJRDRX5,0,248,0.02855169237854018,0.000333813683501389,0.9605263157894737
A1GY1HIA0XKF2G,0,26,0.0029933225880727607,3.936533039319576e-06,0.8061538461538461
A2KFWHHUFVKFXZ,0,17,0.00195717246143219,0.0,1.0
AMKXRFHOQZCIQ,0,8,0.0009210223347916187,0.0,1.0
A1NVD0TKNS1GT5,0,605,0.06965231406861616,0.03624658943273838,0.24175469322970827
A1P3WH08J6VEXF,0,4,0.00046051116739580933,0.0,1.0
A1ME5FUV8TPAK8,0,79,0.009095095556067235,0.00026699351854357075,0.5423563777994158
A2M8GFU93TXKCN,0,9,0.001036150126640571,0.0,1.0
A7Y6AVS576M03,2,129,0.01485148514851485,0.0028477520154360967,0.39316860465116277
A2X70YC7WIRT23,0,23,0.0026479392125259038,0.0,1.0
A3K2BEZXDWOC3L,0,19,0.0021874280451300945,0.0,1.0
A321UWX6A3K66B,0,38,0.004374856090260189,0.0,1.0
AMVW02HD7K4C1,0,8,0.0009210223347916187,0.0,1.0
A18A2Q0UNZU1LQ,0,243,0.027976053419295415,0.0,1.0
AVPY9B8NYUMJG,0,23,0.0026479392125259038,0.00014724257287702572,0.4980237154150198
A17QAS8K17V9EC,0,250,0.028781947962238083,0.00033089669580017714,0.9459598393574297
AD3PVF4GNKD4I,0,38,0.004374856090260189,0.0,1.0
A18U8ASOYBRF53,0,6,0.000690766751093714,0.0,1.0
AB10W5FUXWAJ,0,259,0.029818098088878656,0.001323359744843785,0.8829128131453713
A1Y423LYVSNQCK,0,11,0.0012664057103384757,2.2634730345794046e-05,0.45454545454545453
AFX6DK3RMHQGO,0,36,0.004144600506562284,0.0,1.0
A2G2QNKDL1Y6AC,0,160,0.018420446695832374,0.002047964534592839,0.27216981132075474
A23Q32B7VTOXE9,0,141,0.01623301865070228,0.0009584335586883762,0.36524822695035464
A39Z1MT92AMF5E,0,4,0.00046051116739580933,0.0,1.0
A31UHOIFMFSCN1,0,19,0.0021874280451300945,4.271027604873426e-05,0.6608187134502924
A1J0GICFWG7G5A,0,103,0.01185816256044209,0.001001095292328677,0.6282124500285551
A2TAAKL8DQDMSA,0,21,0.002417683628827999,0.0002916004755710364,0.5380952380952381
A8OU2FHE8QWFS,8,245,0.02820630900299332,0.0007815784773569119,0.8992639678822348
A3H1NI0FSDFMWX,0,102,0.011743034768593138,0.0016006930779128095,0.4199184624344787
A2U6LD5AY97MJR,0,19,0.0021874280451300945,0.0,1.0
A1B1W7XEX2DRD5,0,5,0.0005756389592447617,0.0,1.0
A32QUS5HTNB6GO,0,13,0.0014966612940363804,0.0,1.0
A3M6B1VZZXGKSL,0,243,0.027976053419295415,0.0,1.0
AFWMVMPB2WVP9,0,23,0.0026479392125259038,0.0,1.0
A3UZ17HANZ9F1E,0,86,0.009900990099009901,0.0015827754897880131,0.27934336525307796
A3TB9HNQR54B5V,0,34,0.00391434492286438,0.0,1.0
A13DD17X1AZFGJ,0,16,0.0018420446695832373,0.0,1.0
AEOAMS0G96E8B,0,13,0.0014966612940363804,0.0,1.0
A1IF5UP2PK2T4U,0,16,0.0018420446695832373,0.0,1.0
AZ0TA88HQ76QK,0,243,0.027976053419295415,0.0,1.0
ATWVJUHW78DQL,3,75,0.008634584388671426,0.0,1.0
AA9FDKGOIAYH3,8,246,0.028321436794842274,0.00017138059843823305,0.8913223826115813
A1TNK82XJQ0XPK,0,73,0.008404328804973521,4.4016071585268976e-05,0.5658295281582952
A3M88BYKRP2ALY,3,75,0.008634584388671426,0.0,1.0
ALKWNPN0QCSP7,0,4,0.00046051116739580933,0.0,1.0
A16GBXDS51J019,0,17,0.00195717246143219,0.0,1.0
ADDWD385E3MD5,0,27,0.003108450379921713,0.0,1.0
AIMV33HXTEZOI,0,27,0.003108450379921713,0.0,1.0
A2ICY670PVUTAD,0,10,0.0011512779184895234,0.0,1.0
ADOD2HZ0YM7HC,0,17,0.00195717246143219,0.0,1.0
A3W371ZI5K5C8K,0,4,0.00046051116739580933,0.0,1.0
A1BAT4NZAP6B07,0,65,0.0074833064701819016,0.002444165233064745,0.4346153846153846
A36VJLLJTI7TIA,0,57,0.006562284135390283,0.0009039061784127396,0.38847117794486213
A3V6Z4RCDGRC44,0,70,0.008058945429426664,0.001454220401807147,0.6931677018633541
A2HT87FB90NI27,0,255,0.029357586921482843,0.00708998968672198,0.5587463331789408
A2MWNYW5IB8Y0N,0,243,0.027976053419295415,0.0,1.0
ALVJCD5NY28G4,13,235,0.027055031084503797,0.0046441475923085715,0.8652118567012184
A1AQ8LQW5QQSTD,0,36,0.004144600506562284,8.971199924862511e-05,0.5222222222222223
A7NZKPZBCYBV9,0,5,0.0005756389592447617,0.0,1.0
A2M0ZILSGJQS4,0,17,0.00195717246143219,0.0,1.0
A3INN916E4VION,0,6,0.000690766751093714,0.0,1.0
AH8NYD41MAT61,0,38,0.004374856090260189,0.0,1.0
A3U760Q06JVW92,0,23,0.0026479392125259038,0.0,1.0
A3B4132NC4T9V5,0,5,0.0005756389592447617,0.0,1.0
AS6OC9WIHIQU0,0,9,0.001036150126640571,0.0,1.0
A1HO7J528F9WC,0,243,0.027976053419295415,0.0,1.0
A3U0GO1FYQ87FE,0,6,0.000690766751093714,0.0,1.0
A2L39O6FW4ES51,5,21,0.002417683628827999,4.761203002271996e-05,0.6761904761904762
AG0FO4LWC3ALI,0,36,0.004144600506562284,0.0,1.0
A3S87ZOPB3UM9N,0,322,0.03707114897536265,0.00751258527454895,0.5945124900833962
A3OZR4QXMILU6E,0,36,0.004144600506562284,0.0,1.0
A3I1BJIFFM4S21,0,101,0.011627906976744186,0.001071956847405721,0.5037623762376238
A392YS0W837HFU,0,11,0.0012664057103384757,0.0,1.0
A2H2VSTCFJMMTP,0,38,0.004374856090260189,0.0,1.0
AQ1F4Z6CCQMVQ,0,36,0.004144600506562284,0.0,1.0
AMLICZAK25GMM,0,30,0.00345383375546857,0.0,1.0
AUQQWQ5GTVKTQ,0,5,0.0005756389592447617,0.0,1.0
A16OL6XJCMNFQ2,5,32,0.0036840893391664746,0.0,1.0
ATOFTVML8LX4D,0,8,0.0009210223347916187,0.0,1.0
A36GB0BMOGXTM0,0,16,0.0018420446695832373,0.0,1.0
A8TIL945EHW1U,0,11,0.0012664057103384757,0.0,1.0
A3CRQJ402U1G0J,0,15,0.001726916877734285,5.087797178077609e-06,0.780952380952381
A3URVWPFJOHT72,0,37,0.004259728298411237,0.02018355656758165,0.47597597597597596
AJ6SPK7Y38RKW,0,325,0.037416532350909505,0.001438828702774812,0.6055840455840455
AF19ZLFXCX31S,11,157,0.018075063320285516,0.0,1.0
A268WAQS5WNMGJ,0,38,0.004374856090260189,0.0,1.0
A311NAIRZC7EGO,0,4,0.00046051116739580933,0.0,1.0
A2JLDER5UES1Q3,0,96,0.011052268017499424,0.0001598701031860814,0.7335526315789473
A1TUUSQODOPXOE,0,15,0.001726916877734285,0.0,1.0
A2O1L50DB0VQYB,0,243,0.027976053419295415,0.0,1.0
A1TAFEUKHIFV6L,0,8,0.0009210223347916187,0.0,1.0
A3KZXERLMGYHP8,0,13,0.0014966612940363804,0.0,1.0
A33UIQMVOBGFS8,0,6,0.000690766751093714,0.0,1.0
A2Q5RORSLPNHIN,0,15,0.001726916877734285,0.0,1.0
A1XX37HBK45UG8,0,10,0.0011512779184895234,0.0,1.0
A3RBVD0DCH8CUZ,0,12,0.001381533502187428,0.0,1.0
AOVROBZ8BNTP7,0,15,0.001726916877734285,0.0,1.0
A2SKHEHJ4TM1LE,0,13,0.0014966612940363804,0.0,1.0
A1665GGGDM0ZPO,0,8,0.0009210223347916187,0.0,1.0
A1CLCC5UY1S149,0,49,0.0056412618005986645,0.0,1.0
AL5BBGTUH8AL6,0,22,0.0025328114206769514,0.0,1.0
A1MWYPWY444AHF,0,6,0.000690766751093714,0.0,1.0
A3GAGDH0FHEREP,0,15,0.001726916877734285,0.0,1.0
A1KH2YVJA0B6MB,0,27,0.003108450379921713,0.00022523522882049023,0.3418803418803419
A29PQH8RIUG4KZ,11,640,0.0736817867833295,0.012034427339317786,0.6246821205007824
ANTGGAQYPSWHF,0,13,0.0014966612940363804,0.0,1.0
A3JRAKUG0TB81C,0,287,0.03304167626064932,0.0006242362241707198,0.7348261494602958
A2WV8Y608V90IJ,0,49,0.0056412618005986645,0.0,1.0
A1UK24C5XO8UKI,0,9,0.001036150126640571,0.0,1.0
ATQI6GADZOH0X,0,23,0.0026479392125259038,0.0,1.0
A1L3U9ZRIBJEHJ,0,13,0.0014966612940363804,0.0,1.0
A3OCHH22N0W1AR,0,82,0.009440478931614092,9.00148264463272e-05,0.7024992472146944
A1TAW91SQSU2AH,0,25,0.0028781947962238084,0.00014476026668512243,0.48
A1M542G46C8C7N,0,313,0.03603499884872208,0.006216175341051312,0.6253788809699353
AN752U9MHN5P5,0,27,0.003108450379921713,0.0,1.0
AQ6WXOXDZIYCS,0,13,0.0014966612940363804,0.0,1.0
A355B9HM87SFHE,0,44,0.005065622841353903,4.598344513841616e-06,0.9207188160676533
A34VCCL1YO6D0I,0,39,0.004489983882109141,0.001346674729437401,0.47368421052631576
A1Y7D7F0FM6GWK,0,243,0.027976053419295415,0.0,1.0
A3PIVKCLKIAHHT,0,4,0.00046051116739580933,0.0,1.0
A2P533MRZ7JB2Y,0,9,0.001036150126640571,0.0,1.0
A1KGKPWWG61U42,0,23,0.0026479392125259038,0.0,1.0
A3OQGX7T9GL0LD,0,4,0.00046051116739580933,0.0,1.0
A1CRKXZHTI95AI,5,4,0.00046051116739580933,0.0,1.0
A3TJP0AW9HHY2,0,30,0.00345383375546857,0.0,1.0
A3MQ672FYFNM7B,59,5,0.0005756389592447617,0.0,1.0
AYQ6GWCSVVYW8,0,22,0.0025328114206769514,0.0,1.0
A2BDT8C8FGPNF4,0,22,0.0025328114206769514,0.0,1.0
A1MLNJK9HDCQLV,0,8,0.0009210223347916187,0.0,1.0
A3HGKWTC8QAI60,0,8,0.0009210223347916187,0.0,1.0
A2R9J5LULVKF6T,0,42,0.004835367257655998,5.357824535773168e-05,0.7619047619047619
A3CG6YLYZJXQG4,0,38,0.004374856090260189,9.511980606983703e-05,0.5789473684210527
A3LTNIGTIUUEN9,0,268,0.030854248215519225,0.0002962280451305965,0.8319917267594611
A3MOYH4ZADV478,0,38,0.004374856090260189,0.0,1.0
A1KLBWKUQHSQVW,0,41,0.004720239465807046,3.474601901341193e-05,0.7914634146341464
AXT8ASWG8JZQM,0,42,0.004835367257655998,0.0,1.0
A2EDFATBY4VNTS,0,201,0.023140686161639418,0.002896134952504161,0.6426865671641792
A2P0SF8FSBIOKM,0,34,0.00391434492286438,0.0,1.0
A1N2D7LLBAY25B,0,8,0.0009210223347916187,0.0,1.0
A1TRLPG01CL8V9,0,77,0.00886483997236933,0.0,1.0
A2HQYNDVHRWZWL,0,16,0.0018420446695832373,0.0,1.0
A1W1V6RD1I9R2D,14,8,0.0009210223347916187,0.0,1.0
A39UWP91J5MQGE,3,8,0.0009210223347916187,0.0,1.0
A2XUTJJ678UBQ5,0,36,0.004144600506562284,0.0,1.0
A2X9SQSKV4WKT0,0,243,0.027976053419295415,0.0,1.0
A2EMM9HWOSY2Q5,0,243,0.027976053419295415,0.0,1.0
A33BVOFXW2WA8M,0,8,0.0009210223347916187,0.0,1.0
A1PAGHECG401K1,0,13,0.0014966612940363804,5.250271640208044e-06,0.5512820512820513
A2396ASCFP9L7F,0,69,0.007943817637577712,0.00025668576444000873,0.5575447570332481
A29VR9CPO02WV3,0,16,0.0018420446695832373,0.0,1.0
A1HHME9SRDVXWB,0,6,0.000690766751093714,0.0,1.0
AOK5FZT22IF3W,0,42,0.004835367257655998,0.0,1.0
A3GB92BPDHSAOA,0,38,0.004374856090260189,0.0,1.0
A3D6OHGHXN95AS,0,243,0.027976053419295415,0.0,1.0
A1F9YNY2KTBO5H,0,252,0.029012203545935988,0.00011248732352804159,0.9328084487447037
A1DE6049MCZ3CE,0,7,0.0008058945429426663,0.0,1.0
A18DON5KI1ERFX,0,9,0.001036150126640571,0.0,1.0
AHU47OI4QXLEK,14,8,0.0009210223347916187,0.0,1.0
ANPBKESJ39FU8,0,16,0.0018420446695832373,0.0,1.0
AURW67ORPANXK,0,258,0.0297029702970297,0.000701043358276438,0.8903869936355684
AEBAUPOM4TF9S,41,11,0.0012664057103384757,0.0,1.0
A1SA2FGQE2INBK,0,42,0.004835367257655998,0.0,1.0
A3LMTN315ZHD6O,0,15,0.001726916877734285,0.0,1.0
A2G0O4Y8QE10AE,0,51,0.005871517384296569,0.0007666000627323361,0.6549019607843137
A2BGZ52M908MJY,0,63,0.007253050886483997,0.02180341825597062,0.2626728110599078
A2SKVCKORF8J9Y,0,126,0.014506101772967994,0.003880558593065341,0.44647619047619047
A3O4F0C47C2FEY,0,89,0.010246373474556758,0.0005115082766525821,0.41726251276813076
A20JYIHL1W1U54,2,14,0.0016117890858853327,0.000792033805955132,0.5604395604395604
A2UFC4VCQXX4F,0,31,0.0035689615473175223,2.1730273494080112e-05,0.5333333333333333
AGG6OMGC18HF1,2,10,0.0011512779184895234,0.0,1.0
A11CH52DG6EF6P,14,115,0.013239696062629518,0.0006512241594287775,0.8694126620900077
AHY2KG32696ES,0,103,0.01185816256044209,0.0014006165322735223,0.4249000571102227
A259MPG6SOL02P,0,68,0.00782868984572876,0.00017191456975689385,0.485513608428446
A36T60KRYUZ6OC,0,23,0.0026479392125259038,0.0,1.0
A2QJW1H9XD1U3B,0,15,0.001726916877734285,0.0,1.0
A3EJDV2RTFROU4,0,38,0.004374856090260189,0.0,1.0
A155E6PQ1EO3NO,0,5,0.0005756389592447617,0.0,1.0
A208OZ5XMMPKGS,0,55,0.006332028551692378,0.0007662439431045171,0.494949494949495
A2TLLMXNKFCHJ7,0,5,0.0005756389592447617,0.0,1.0
ADTODK0KIOYLP,0,10,0.0011512779184895234,0.0,1.0
A1J5N0JZIVP4DA,14,8,0.0009210223347916187,0.0,1.0
AG62RJJIAYSOZ,0,88,0.010131245682707806,8.458845756084922e-05,0.5433646812957158
A3PLX6PTM2ERKL,0,378,0.04351830531890398,0.003393282515684746,0.45181255526083114
A19Y5TZ03B0Z7C,1,9,0.001036150126640571,0.0,1.0
ACBBEVVSNJ32F,0,13,0.0014966612940363804,0.0,1.0
A1V4VVBQBFXRHC,0,10,0.0011512779184895234,0.0,1.0
AIUWBR79VSZ8J,0,15,0.001726916877734285,0.0,1.0
A2EVQ8S7FMLGL,0,31,0.0035689615473175223,0.000389668710528738,0.34408602150537637
A1CNN84Q3V84AC,0,24,0.002763067004374856,0.000200451166275832,0.5543478260869565
A2UE2PMAZZL34K,0,17,0.00195717246143219,0.0,1.0
A2MAXHANV8EETT,0,283,0.03258116509325351,0.002541816600425246,0.7507204972057239
A1GYR0Q9BRCNQ4,0,5,0.0005756389592447617,0.0,1.0
AJV2QY96IVPVM,0,17,0.00195717246143219,0.0,1.0
A3DCWVLM3XWU2Z,0,10,0.0011512779184895234,0.0,0.5555555555555556
ATWGAAUYYLACR,0,38,0.004374856090260189,0.0,1.0
AKT8TGIT6VVZ5,0,51,0.005871517384296569,0.00011735105925700453,0.6807843137254902
A1HTB488P5GRCP,22,57,0.006562284135390283,0.0,1.0
AA91O96C1Z18W,3,9,0.001036150126640571,0.0,1.0
AEJAGHLC675A7,0,51,0.005871517384296569,6.000352102529559e-05,0.7301960784313726
A1QFMC6B2O1QMG,0,4,0.00046051116739580933,0.0,1.0
A1XPRBIGV1SR9,0,27,0.003108450379921713,0.0,1.0
A3J979TOP4933X,0,8,0.0009210223347916187,0.0,1.0
AEUV9916W7NQM,0,45,0.005180750633202855,8.580944615802573e-05,0.6828282828282828
AQBKBWMXB8VI4,0,243,0.027976053419295415,0.0,1.0
A1QMJF9VR808JM,0,46,0.0052958784250518075,1.0424373136853822e-05,0.8579710144927536
ASGCTZMBO161A,0,243,0.027976053419295415,0.0,1.0
A2FE2YG8W9G8UW,0,42,0.004835367257655998,0.0,1.0
A29G75YOG3SOW2,0,66,0.007598434262030854,0.0003957849291083285,0.7277389277389278
A2YIMB2LF7HH1C,0,5,0.0005756389592447617,0.0,1.0
A24HNXH032I6ST,0,38,0.004374856090260189,8.47815850413555e-05,0.5647226173541963
A2RL9JHYNEJ1QR,0,61,0.007022795302786092,9.698112338721183e-06,0.7420765027322405
A2Y10VCBFO7YKD,16,102,0.011743034768593138,0.0007849163640842096,0.8378955542613085
A41JUIFTT1J4B,0,73,0.008404328804973521,8.71532181043123e-05,0.8496955859969558
A2RYI0YNOEB1LM,0,243,0.027976053419295415,0.0,1.0
A3IIYC4PF1DTG9,0,30,0.00345383375546857,1.6875462475689839e-06,0.8275862068965517
A3ONE2VJCDI5GZ,0,32,0.0036840893391664746,0.0,1.0
A2Q8J8IL6V9M5T,0,17,0.00195717246143219,0.0,1.0
A2CLD5FSSXMYBT,0,49,0.0056412618005986645,5.523630297470478e-05,0.7831632653061225
A1EMDSTJDUE6B0,0,30,0.00345383375546857,0.0,1.0
A3H1CE8T6GDVWV,0,15,0.001726916877734285,0.0,1.0
A1UQFK8TIKD5YY,0,15,0.001726916877734285,0.0,1.0
ABAW1TNE54PJ8,0,12,0.001381533502187428,0.0,1.0
A969VLBBX8LQ7,0,9,0.001036150126640571,0.0,1.0
A3IQEPONXLFJ9A,0,38,0.004374856090260189,0.0,1.0
A1M4NJYP0WNL8Q,0,42,0.004835367257655998,0.00011644971225934129,0.5389082462253194
A3LWC833HQIG7J,11,1176,0.13539028321436794,0.010498815282456126,0.40419452887537993
A3W112102BC6BG,0,342,0.039373704812341696,0.0016463034283629371,0.5446313731542933
A6FIAB28IS79,2,763,0.08784250518075062,0.02558058355665795,0.4376528621995645
A2GDYTF1TU1GJT,0,27,0.003108450379921713,0.0,1.0
A33R77IXUMAGL6,0,7,0.0008058945429426663,0.0,1.0
A9B2MKOXU1GSD,0,11,0.0012664057103384757,0.0,1.0
A2SHQJP6PNQTLD,0,6,0.000690766751093714,0.0,1.0
ALRBBAELSG0X6,0,20,0.002302555836979047,0.0,1.0
A1IU7S4HCK1XK0,0,280,0.032235781717706656,0.0026642284989143515,0.7163594470046083
AE0O1VWSOQTD1,0,250,0.028781947962238083,0.0001802112952080087,0.9455100401606426
A1ZYDU26TKRNAW,0,4,0.00046051116739580933,0.0,1.0
A3CIV9WPFHNX0K,0,4,0.00046051116739580933,0.0,1.0
AGX4R68F1QS36,3,8,0.0009210223347916187,0.0,1.0
A3KYYFT538CZ0O,0,83,0.009555606723463044,0.0002411649004349369,0.34969144872171615
A1DJ72M95U7GPD,0,246,0.028321436794842274,7.816878956775329e-05,0.975908412145346
A3TIJC6L8USJ6Q,3,520,0.05986645176145521,0.00926534622873196,0.8588261449533126
A2ULPJ9UDZCGQ2,0,4,0.00046051116739580933,0.0,1.0
A1T9YSDAYS097M,0,22,0.0025328114206769514,0.0,1.0
A2R0PC25CYTJUW,0,250,0.028781947962238083,0.00017583435116547234,0.9457670682730923
AN7ZTHQEJLJW,0,6,0.000690766751093714,0.0,1.0
A91K91GJRE6OU,0,17,0.00195717246143219,0.0,1.0
A337XUY8HSGC33,0,4,0.00046051116739580933,0.0,1.0
AJX0Q5B0QEP57,0,9,0.001036150126640571,0.0,1.0
AGOL1UIZVLC75,0,9,0.001036150126640571,0.0,1.0
A11A8GWG0IXBZH,0,42,0.004835367257655998,0.0,1.0
A12RHMNTCAV5Z7,0,32,0.0036840893391664746,6.166392708942752e-05,0.4959677419354839
AN30G4IKL1BMZ,0,76,0.008749712180520378,0.0007959277734940812,0.20771929824561403
A3TPM2VJA0X1Y2,0,30,0.00345383375546857,2.5969385594446914e-05,0.825287356321839
AH9QYOWBYWRXJ,0,34,0.00391434492286438,0.0,1.0
A1PA728IKLN8SI,0,12,0.001381533502187428,0.0,1.0
A2K3XAK8BP8LA,0,39,0.004489983882109141,8.786753977170662e-05,0.7017543859649122
A1B29I661YGZEU,0,16,0.0018420446695832373,0.0,1.0
AF4ILCVBB6V7A,0,5,0.0005756389592447617,0.0,1.0
A1BVIANDXCX7RW,0,59,0.006792539719088188,9.834621846208627e-05,0.7194623027469316
APP45XD85ARYL,0,5,0.0005756389592447617,0.0,1.0
A1IBKN1GXYJ3K4,0,15,0.001726916877734285,0.0,1.0
A2RBMWT2ZB95JY,0,4,0.00046051116739580933,0.0,1.0
A1Z93YS0KD9M9N,0,60,0.00690766751093714,0.00047937980185162166,0.4937853107344633
A2RWLVFGTWL41S,0,17,0.00195717246143219,0.0,1.0
A3DH74L21G9QFJ,2,5,0.0005756389592447617,0.0,1.0
A2SWSQTATYKT0C,0,67,0.007713562053879806,0.0,1.0
A2QY6S1O0Y0Z65,0,67,0.007713562053879806,0.0,1.0
AOZB4GES5J7FK,0,8,0.0009210223347916187,0.0,1.0
AVBJLSSLIQEMP,69,4,0.00046051116739580933,0.0,1.0
A2USR6TZWUFN7B,0,11,0.0012664057103384757,0.0,1.0
A3KKMR2NISUND4,0,5,0.0005756389592447617,0.0,1.0
A2PNCASV102XS4,0,9,0.001036150126640571,0.0,1.0
A36XQ1OK9UUSB0,0,82,0.009440478931614092,0.00034966484067073785,0.6880457693465823
A1M9126YPQPS3L,0,9,0.001036150126640571,9.5717932678209e-06,0.4722222222222222
A2PWNYM29NJ2J4,0,12,0.001381533502187428,0.0,1.0
A23SB6VGGB9E8U,0,103,0.01185816256044209,0.0005886345770574107,0.49076718065867125
AL72LHELK6SZT,0,23,0.0026479392125259038,0.00038053241251625395,0.5375494071146245
A38Y6WG21NAEMB,0,53,0.006101772967994474,0.00014682945115800523,0.8599419448476052
A1NPKJKOQ7KOE6,1,210,0.02417683628827999,0.0,1.0
A3IB1W0SVED0Z3,0,9,0.001036150126640571,0.0,1.0
A1IANEBSMVGHS9,0,34,0.00391434492286438,7.099839674988932e-05,0.5704099821746881
A1EAY9UVLFSBYL,0,27,0.003108450379921713,0.0,1.0
A1ERWR5A8OVLDH,0,272,0.03131475938291504,0.001695479205544794,0.808579335793358
A2PYS280Q1UH7V,0,30,0.00345383375546857,5.2718000275326825e-05,0.5103448275862069
AYMD77ITD15PT,0,49,0.0056412618005986645,0.0,1.0
A2WL4FEGN510I7,0,9,0.001036150126640571,0.0,1.0
AGX7PLR4MIZHR,0,72,0.008289201013124569,0.0004417294240883663,0.8689358372456965
A1JETHCL85UIBW,0,13,0.0014966612940363804,4.6377449573325047e-05,0.46153846153846156
A2V5OS0QGHIUDS,0,15,0.001726916877734285,0.0,1.0
A94O1XOG5H69F,0,5,0.0005756389592447617,0.0,1.0
A9QBZ7DXWWXNX,0,243,0.027976053419295415,0.0,1.0
A1M1B4JA1SX1U9,0,12,0.001381533502187428,0.0,1.0
A1BJQJZUQI20FC,0,49,0.0056412618005986645,0.0,1.0
A22LE2JAII1U84,0,32,0.0036840893391664746,3.7281584269202915e-05,0.5846774193548387
A3EU0497R9UFX2,0,8,0.0009210223347916187,0.0,1.0
A1D07L5D2CF59L,0,11,0.0012664057103384757,0.0,1.0
AOCH3ON3BIM7O,0,39,0.004489983882109141,2.9063220127002607e-05,0.5371120107962213
A2SL5IW096Z2BL,0,243,0.027976053419295415,0.0,1.0
A19R7EJI4CNE1X,0,243,0.027976053419295415,0.0,1.0
A3S0Z7UOTUIP9R,0,289,0.03327193184434722,0.002216620734572766,0.7220059592464437
A36WEPNLF8S8P3,0,30,0.00345383375546857,0.0,1.0
A3FTWBJH7BFDJQ,0,12,0.001381533502187428,0.0,1.0
A3H9OYPMFA0EJJ,0,4,0.00046051116739580933,0.0,1.0
AFFQ5K0IT2H0L,0,38,0.004374856090260189,0.0,1.0
A2RWHTNM5P3I8Y,3,510,0.058715173842965686,0.004391438135437652,0.8911745444739781
AHXGALGGZ9ND4,0,12,0.001381533502187428,0.0,1.0
A3RKNRLZ2D6D08,0,19,0.0021874280451300945,0.0,1.0
A258SMAC3H58CO,0,71,0.008174073221275616,0.00016164550564328457,0.8921529175050302
A12S3E4HK8330R,0,18,0.002072300253281142,0.0003017578378237411,0.6209150326797386
A3GFQHHVMEAIO,0,256,0.029472714713331797,0.0003739121078583571,0.9037071078431372
A1FGL6IPRPCR9J,0,38,0.004374856090260189,0.0,1.0
A1U489SYAGQ2FM,0,23,0.0026479392125259038,9.253762805080258e-06,0.5770750988142292
A5I75Q8VR91XE,0,45,0.005180750633202855,0.0004513529073114565,0.8343434343434344
A1CBFIXDW95M5X,0,67,0.007713562053879806,0.0,1.0
A18N2RPPBF5MF9,0,23,0.0026479392125259038,0.0,1.0
A2DGF0LAMJQHQF,0,8,0.0009210223347916187,0.0,1.0
A34N0OYW8076L6,0,4,0.00046051116739580933,0.0,1.0
A1UNJ46NSB352E,0,11,0.0012664057103384757,0.0,1.0
A1WNJ4AP6KWDJP,10,12,0.001381533502187428,0.0,1.0
A9TQQPUD6IW4R,0,15,0.001726916877734285,0.0,1.0
A3IJMGVOWPBCPJ,0,36,0.004144600506562284,0.0,1.0
A3HE9I4GQ4OXYE,0,858,0.0987796454064011,0.030572547350437938,0.35917835567777223
A3D819E3ZQPNLA,0,13,0.0014966612940363804,0.0,1.0
A1ZG9WMHNMGY62,0,27,0.003108450379921713,0.0,1.0
A1EU2HO4Y1SKHQ,0,8,0.0009210223347916187,0.0,1.0
A1N3DFHTSVCORA,31,13,0.0014966612940363804,0.0,1.0
A2VV0TJNJT9D3O,0,243,0.027976053419295415,0.0,1.0
A1MA3OY6Z3DGO9,0,67,0.007713562053879806,0.0,1.0
A1PWQRQY0K6GWP,0,8,0.0009210223347916187,0.0,1.0
A2MY9VXHZYAHUZ,0,536,0.06170849643103845,0.00641363597031878,0.8155112289022178
A2OBHC9ED59WO1,0,29,0.0033387059636196177,8.81464791748857e-06,0.6502463054187192
A1OEV2NKRD59M4,0,243,0.027976053419295415,0.0,1.0
AXEBO3BWCTWCK,0,243,0.027976053419295415,0.0,1.0
A1PJPFFTRMO8M3,0,67,0.007713562053879806,0.0,1.0
A1LDJW4JY58DGO,0,77,0.00886483997236933,0.0,1.0
A2XCALYSPH9WUV,0,39,0.004489983882109141,0.00014165808858233878,0.4224021592442645
A24KM9R4RYUAG4,0,27,0.003108450379921713,0.0,1.0
A3WFZDDG0JPK5,0,17,0.00195717246143219,1.6115334299311707e-05,0.6397058823529411
A3ISID2L2BJF5N,0,13,0.0014966612940363804,0.0,1.0
AU7O296O6PXZM,0,4,0.00046051116739580933,0.0,1.0
A3NLCKSEDQ6546,0,15,0.001726916877734285,0.0,1.0
AZRJH4JFB59VC,0,266,0.03062399263182132,0.000177906683192847,0.844687189672294
A1OZ926T4SI75C,0,7,0.0008058945429426663,0.0,1.0
A1D03FD9LVW44O,0,45,0.005180750633202855,0.00014981671315885878,0.6232323232323232
A3PUCC1JC9NZTF,0,263,0.030278609256274465,0.0006087515209982402,0.8595187646939308
A238V1XTSK9NFE,0,77,0.00886483997236933,0.0014262267357573733,0.7812713602187287
A100WHX0JSGXDB,0,243,0.027976053419295415,0.0,1.0
AW003H7Z3OCHA,0,49,0.0056412618005986645,0.0002261742828302027,0.8129251700680272
ADXAE3X1HES4M,0,69,0.007943817637577712,9.664429822798631e-05,0.49531116794543906
A3L3ZJJK5O77G4,0,67,0.007713562053879806,0.0,1.0
A1KD8NJPZ01R37,0,133,0.01531199631591066,0.002000588316743183,0.3840282524493051
A3PZB8KZU22LG1,0,5,0.0005756389592447617,0.0,1.0
A39FKRQK3E8VZQ,0,13,0.0014966612940363804,0.0,1.0
A1JJOV69MAU2J2,0,100,0.011512779184895234,0.0007043446933924658,0.341010101010101
A2B7BUH8834Y6M,0,299,0.03442320976283675,0.0017025281649116482,0.6729815267895222
A2IC2FBX0GPV1H,0,6,0.000690766751093714,0.0,1.0
A7LUFZI7XDT9Z,0,5,0.0005756389592447617,0.0,1.0
A2WL349JI5LCWX,2,10,0.0011512779184895234,0.0,1.0
A191ZKMLDYIMZX,3,490,0.05641261800598664,0.0037064390188483428,0.9638996702975668
ASY25YMTIC2A9,0,6,0.000690766751093714,0.0,1.0
A1AMCR6ISCN2Z6,0,7,0.0008058945429426663,0.0,1.0
A21519P9B7ACHJ,0,243,0.027976053419295415,0.0,1.0
A17INU4IPI2F8M,0,15,0.001726916877734285,0.0,1.0
AQU3SRNE1MAZX,0,5,0.0005756389592447617,0.0,1.0
A3VEROAVSRAMG2,0,59,0.006792539719088188,0.0007401782941752602,0.8731735827001753
A3F5JV08JUY06C,0,86,0.009900990099009901,0.0018369627819520154,0.6355677154582763
A2YSEA25OUUR6X,0,17,0.00195717246143219,0.0,1.0
A3O06V8NAPKJO9,0,243,0.027976053419295415,0.0,1.0
A2YG0C7JIOSZZ2,6,407,0.0468570112825236,0.001799015985027398,0.9756962515583205
A2C27IQUH9N1Z,0,6,0.000690766751093714,0.0,1.0
A7PO38C64X6HB,14,8,0.0009210223347916187,0.0,1.0
A22G6CZZXS4MZ8,0,6,0.000690766751093714,0.0,1.0
A38ON1MOZNBCGE,0,9,0.001036150126640571,0.0,1.0
A8TZ88OM8YOLW,0,39,0.004489983882109141,0.0003608771707484052,0.3724696356275304
ADP9OKUYOSYCW,0,53,0.006101772967994474,6.906257701648563e-06,0.8780841799709724
A3UWDEBSKQFM7V,0,59,0.006792539719088188,0.0002457328845524431,0.3793103448275862
A37Z65SZVT0TVB,0,22,0.0025328114206769514,3.5481867905635673e-05,0.5541125541125541
A2VW4FYZILSXF2,0,9,0.001036150126640571,0.0,1.0
A601IGAG8FWGW,0,7,0.0008058945429426663,0.0,1.0
A23EMFB4JBX0P9,0,27,0.003108450379921713,0.0,1.0
AT4UTUQP51RZG,0,58,0.006677411927239235,0.00045393898426588595,0.7477313974591652
ARJ1P9IS56IE4,0,7,0.0008058945429426663,0.0,1.0
AV8NTE7E9QGJX,0,27,0.003108450379921713,0.0,1.0
A1VDWRJEBBIGWH,0,34,0.00391434492286438,0.0,1.0
A2ZYC0DMBEHKM9,0,7,0.0008058945429426663,0.0,1.0
AXK9O1OC2I2PD,0,4,0.00046051116739580933,0.0,1.0
A2QAS68TU5KOZT,0,55,0.006332028551692378,0.0,1.0
A1H2V4OF8BZ4FC,0,26,0.0029933225880727607,3.936533039319576e-06,0.8061538461538461
AYOUAFWNVE76F,0,23,0.0026479392125259038,0.0,1.0
A1E00WMEXK151D,0,23,0.0026479392125259038,0.0,1.0
A1KHBL5M5UO0OH,11,29,0.0033387059636196177,0.0,1.0
A3UJQN65YXBL50,0,13,0.0014966612940363804,0.0,1.0
A3N176NMT960UW,0,55,0.006332028551692378,0.0,1.0
ADAAXJNRTTX0D,0,235,0.027055031084503797,0.004330997231577931,0.4300418257865066
A5V6ZDQQAARJL,0,29,0.0033387059636196177,0.0,1.0
A37I377QOTELM1,0,243,0.027976053419295415,0.0,1.0
A1AHSLKOKA3MC3,0,243,0.027976053419295415,0.0,1.0
A1QTIQP307ERN3,0,55,0.006332028551692378,0.0,1.0
A3OVFH1ACP273D,66,5,0.0005756389592447617,0.0,1.0
A2GDMNWEJ3F8SO,0,5,0.0005756389592447617,0.0,1.0
A1QRUMZRWUEWEK,0,15,0.001726916877734285,3.676716766195377e-05,0.580952380952381
A10ARISO1UMIUN,0,243,0.027976053419295415,0.0,1.0
AUX8P4Q9RG6IN,0,243,0.027976053419295415,0.0,1.0
A3J3GRH2JJ8KO2,0,5,0.0005756389592447617,0.0,1.0
A1RPKCLVRLU062,10,60,0.00690766751093714,0.0,1.0
APWY5SPO12LJQ,0,23,0.0026479392125259038,0.0,1.0
A3Q5IB0HPGUQXW,31,4,0.00046051116739580933,0.0,1.0
A1F8ABPW3WRF6T,0,67,0.007713562053879806,0.0,1.0
A1IJT5YXUFPYAH,0,243,0.027976053419295415,0.0,1.0
AQ9GVQAH3ZU0,0,16,0.0018420446695832373,0.0,1.0
AAXG160ES9P7G,0,19,0.0021874280451300945,2.1510005404951635e-05,0.391812865497076
A1IT7KPZW9DY05,0,55,0.006332028551692378,0.0009729747128569992,0.33804713804713804
A14ME4FQBNFYWH,0,263,0.030278609256274465,9.063446904394835e-05,0.8635532464516879
AGL7YKS3NTP4K,0,243,0.027976053419295415,0.0,1.0
AT2J7H5TRZM8Z,0,72,0.008289201013124569,2.4397131828157745e-05,0.6326291079812206
AC5AGZTLM3QO,0,17,0.00195717246143219,0.0,1.0
A294CSQXGL76CV,29,17,0.00195717246143219,0.0,1.0
APXV4GM2BKZX1,0,82,0.009440478931614092,0.002984378884997218,0.6967780788919
A138B0GK83O33R,0,13,0.0014966612940363804,0.0,1.0
AAM84K1RZPF1B,0,9,0.001036150126640571,0.0,1.0
A18RZ493P29JW5,0,67,0.007713562053879806,0.0,1.0
A2CYA3J5K1ZYJ6,0,13,0.0014966612940363804,0.0,1.0
A1TEKCBCU3ZBXE,0,13,0.0014966612940363804,0.0,1.0
A3UBYYUZQHN7RR,0,10,0.0011512779184895234,0.0,1.0
A11D3W4CFYZNHM,0,38,0.004374856090260189,0.0,1.0
ACD8ZMA7CXVF1,0,38,0.004374856090260189,0.0,1.0
A2BH04B9G9LOYA,0,15,0.001726916877734285,0.0,1.0
A20HM81911V9KD,0,23,0.0026479392125259038,0.0,1.0
A3ODFEO61GKCAH,0,15,0.001726916877734285,0.0,1.0
A1CQRJFY5EEMDZ,0,7,0.0008058945429426663,0.0,1.0
A1L2OPQR7TTEY9,0,8,0.0009210223347916187,0.0,1.0
A1MZ2BJHUSTW0W,0,92,0.010591756850103615,0.0005039310301107626,0.6137123745819398
A28GOYAWYITYYJ,0,7,0.0008058945429426663,0.0,1.0
A28YEO2J0XTA41,0,6,0.000690766751093714,0.0,1.0
AKDTRP9QVHTCI,0,37,0.004259728298411237,0.00022730016184561086,0.5975975975975976
ADMO37GU8F7DB,0,67,0.007713562053879806,0.0,1.0
A3QDY9I0CNMD2W,0,17,0.00195717246143219,0.0,1.0
A2NAD5DJUIU877,0,201,0.023140686161639418,0.0010869276382280439,0.5603482587064677
A38HCBJDXTSWKK,0,15,0.001726916877734285,3.836660394726296e-05,0.4666666666666667
AHTGES9QI0TT1,0,5,0.0005756389592447617,0.0,1.0
A1TFOXCKW4JHIB,0,60,0.00690766751093714,0.00044772081847994433,0.7011299435028249
A1R377IPZOKLMM,0,467,0.05376467879346074,0.00863860743905202,0.49994026339248787
A23PCEL26412R1,0,9,0.001036150126640571,0.0,1.0
A2EXIALPK106OW,0,49,0.0056412618005986645,0.0,1.0
A20DHT8BPBOCP8,0,13,0.0014966612940363804,0.0,1.0
A2MNB77YGJ3CN0,0,67,0.007713562053879806,0.0,1.0
A2RU2K55M9S25C,0,36,0.004144600506562284,3.3009416049593684e-05,0.6841269841269841
A2D82GLVKG2EIW,0,34,0.00391434492286438,0.0,1.0
AQM9CPBRYW3PL,0,8,0.0009210223347916187,0.0,1.0
A200J986WKWH08,0,249,0.02866682017038913,0.00010231359169139822,0.9537180981992486
A3PP444YA0Z0KA,0,49,0.0056412618005986645,0.0,1.0
A3QJ8RQEQHRU2B,0,30,0.00345383375546857,0.0,1.0
A1PN2U0AWXGVML,0,11,0.0012664057103384757,0.0,1.0
A2XYGJ7FAK0QR7,0,22,0.0025328114206769514,0.0,1.0
A3U8GAX8OEQATQ,14,10,0.0011512779184895234,0.0,1.0
A1X696GX2VPV5C,0,44,0.005065622841353903,0.00018616386300347707,0.5253699788583509
A1NVD27K83L3BO,0,67,0.007713562053879806,0.0,1.0
AJYDC7UP4K4KE,0,11,0.0012664057103384757,0.0,1.0
A1DARGMU0J830E,0,6,0.000690766751093714,0.0,1.0
A2O5TLE802NTA8,0,243,0.027976053419295415,0.0,1.0
ACRHIAZZ8WFDF,0,24,0.002763067004374856,4.882455227878372e-06,0.75
A1KKHE3R5PBZ7Q,41,11,0.0012664057103384757,0.0,1.0
AT4AV7XIQDKQP,0,321,0.036956021183513696,0.02490326309809611,0.6016355140186916
A2HZSCP2YBACIN,0,67,0.007713562053879806,0.0,1.0
A234GO3KZYKKTE,0,52,0.005986645176145521,0.0007991467184678985,0.4939668174962293
A2XQD6IU77PC5F,0,88,0.010131245682707806,0.00011776610932870578,0.6473354231974922
A15KFU3ZSAOUG0,0,200,0.023025558369790467,0.002198518808944329,0.7657788944723618
AJO24K1MUFCKM,0,67,0.007713562053879806,0.0,1.0
A13RLDI2F7OQOH,0,34,0.00391434492286438,0.0,1.0
A3W46MLZN82PTZ,0,7,0.0008058945429426663,0.0,1.0
AVGNO39FVLP3F,0,5,0.0005756389592447617,0.0,1.0
A3SMN4GQEQBCJ5,0,23,0.0026479392125259038,0.0001086550459248655,0.6996047430830039
A38Q75AJQ69TDO,0,9,0.001036150126640571,0.00017718273343713049,0.4444444444444444
A2TH825DJHB3P1,0,256,0.029472714713331797,0.002945375995316431,0.776531862745098
AL8JMMSDHTQLJ,0,8,0.0009210223347916187,0.0,1.0
A39Q5JH09VUMR5,0,28,0.0032235781717706653,0.0001874567288115135,0.5079365079365079
A1C4YDZGWGH9FX,0,11,0.0012664057103384757,0.0,1.0
A1BJUDYO6TJ6S9,0,11,0.0012664057103384757,0.0,1.0
A22B72SJ9IDUQW,0,27,0.003108450379921713,0.0,1.0
A2DXENZNO2JT4F,0,8,0.0009210223347916187,0.0,1.0
A160RGARQLLB05,69,4,0.00046051116739580933,0.0,1.0
A2PEAJVDLTBHL2,0,243,0.027976053419295415,0.0,1.0
A2VA0ZJFWZK4Q1,0,243,0.027976053419295415,0.0,1.0
A3H3P7EN3GFW6W,0,7,0.0008058945429426663,0.0,1.0
A12HW0ECID12WF,0,23,0.0026479392125259038,0.0,1.0
A2KAU5BF41AKHN,0,25,0.0028781947962238084,3.609063998712688e-05,0.55
AA4O1ZUMQ6IGG,0,27,0.003108450379921713,0.0,1.0
A12C1TVFHW1JX2,0,10,0.0011512779184895234,0.0,1.0
A211RZCTZCNLZK,0,19,0.0021874280451300945,0.0,1.0
A2WQNHK82VTJWT,0,27,0.003108450379921713,0.0,1.0
A2KE3HCVYS1GH1,0,5,0.0005756389592447617,0.0,1.0
A7ED6BJO320TG,0,49,0.0056412618005986645,0.0,1.0
AS035WUAUHUOF,0,243,0.027976053419295415,0.0,1.0
ARTA78TP6H73D,3,75,0.008634584388671426,0.0,1.0
A1NEHV50RHWYE7,0,12,0.001381533502187428,0.0,1.0
A256S0SNCGFKGC,2,10,0.0011512779184895234,0.0,1.0
A2L9O39O92M77C,0,22,0.0025328114206769514,0.0,1.0
A37A27YO5I79IZ,0,30,0.00345383375546857,0.0,1.0
AM1OWOLQ092EZ,0,8,0.0009210223347916187,0.0,1.0
A1AMOQQ6GCKDNQ,2,59,0.006792539719088188,0.0002004047667393557,0.8737580362361193
A30J7WQV0ZNRXG,0,67,0.007713562053879806,0.0,1.0
A1TNK6MP89YXY2,21,69,0.007943817637577712,0.0,1.0
A10C84Y38RT22P,0,34,0.00391434492286438,0.000629766218481137,0.48663101604278075
A3E11WHSG52T0M,0,23,0.0026479392125259038,0.0,1.0
A1989944VHPI2I,15,50,0.005756389592447617,0.0,1.0
A2PK64OVZA1U8Z,0,17,0.00195717246143219,0.0,1.0
A1MJWOYNJSZPPJ,0,260,0.029933225880727606,0.004109993484051203,0.876952776952777
AA8ORMR10LFCQ,0,90,0.01036150126640571,0.0019182498560736901,0.7500624219725344
A33ENNU5G60VIH,0,38,0.004374856090260189,0.0,1.0
A2HONG3KI05QIX,0,243,0.027976053419295415,0.0,1.0
A3MWYUFGO2EQE6,0,27,0.003108450379921713,0.0,1.0
A3GAEVQR5F9Q9J,0,38,0.004374856090260189,0.0,1.0
A3EQ61ES6HQ090,0,336,0.038682938061247986,0.008674365246514871,0.5985429992892679
A2CA374K5ZZWI7,0,243,0.027976053419295415,0.0,1.0
A3OFJES10PZGEH,0,243,0.027976053419295415,0.0,1.0
A3SHAOQ7FI3JLN,0,11,0.0012664057103384757,0.0,1.0
A37OTRJO1NM63H,0,9,0.001036150126640571,0.0,1.0
A2SEHOBX4M0OZ0,0,27,0.003108450379921713,0.0,1.0
AYTGG6XTVUG7G,15,50,0.005756389592447617,0.0,1.0
A30H2335OM7RD6,0,593,0.06827078056642873,0.007733923743756517,0.8682204548562052
A2S3CS0WLR616U,0,19,0.0021874280451300945,0.0,1.0
A3U78DTRGJZFCL,0,11,0.0012664057103384757,0.0,1.0
A5V88D7KFLRRP,18,81,0.00932535113976514,0.0,1.0
A2CYDCJKZ7F0IO,0,5,0.0005756389592447617,0.0,1.0
A20GQIUFA2LJ9C,0,27,0.003108450379921713,0.0,1.0
A2H5N8YQ50U3CJ,0,22,0.0025328114206769514,0.0,1.0
A3LGT6UZL99IW1,0,24,0.002763067004374856,5.880101642925484e-05,0.5833333333333334
A3J01CV4XJ5V0A,0,67,0.007713562053879806,0.0,1.0
A33PZPS7NFLWKR,0,243,0.027976053419295415,0.0,1.0
A2QVJHFRB94AI1,0,49,0.0056412618005986645,0.0,1.0
A3IMIUF9L0RK4E,3,75,0.008634584388671426,0.0,1.0
A1907DLJNSAAQC,0,243,0.027976053419295415,0.0,1.0
A1B3GNO9C8YX0N,0,12,0.001381533502187428,0.0,1.0
A1TP3ZYYNA6KNE,0,243,0.027976053419295415,0.0,1.0
ARA94YWRAIAWG,0,5,0.0005756389592447617,0.0,1.0
A9UQZFBHHJ17J,70,4,0.00046051116739580933,0.0,1.0
A3TUZOJZM9008Y,0,7,0.0008058945429426663,0.0,1.0
A3LZL8USSPDQ17,0,243,0.027976053419295415,0.0,1.0
AVPDFPMZK4Q65,0,5,0.0005756389592447617,0.0,1.0
A3E4EN8NV92TUE,0,243,0.027976053419295415,0.0,1.0
A1IMK99FD7RPOL,0,8,0.0009210223347916187,0.0,1.0
A3E2P9J7SMPEXK,0,317,0.03649551001611789,0.005218736404934277,0.6458691051391606
A6S1IS2P44QEE,1,210,0.02417683628827999,0.0,1.0
A36CB8LS12L46X,2,10,0.0011512779184895234,0.0,1.0
A57Q87B0TC9IJ,0,27,0.003108450379921713,0.0,1.0
A2X8KN82L07RSK,0,247,0.028436564586691224,0.0004072322936713873,0.9680063197393107
A75IYBN6J0SQ5,0,20,0.002302555836979047,0.00029351336068504186,0.6052631578947368
AIEOH19T22OQC,0,13,0.0014966612940363804,0.0,1.0
A255MXZ2359C3Y,0,243,0.027976053419295415,0.0,1.0
A2MZRCGX947V40,0,9,0.001036150126640571,0.0,1.0
A3OL52S5I0UQDD,0,243,0.027976053419295415,0.0,1.0
A2HRWONDPECN9L,0,5,0.0005756389592447617,0.0,1.0
A1OL8IISTUIYBC,0,16,0.0018420446695832373,0.0,1.0
A1AUYEJD621EHQ,0,5,0.0005756389592447617,0.0,1.0
A1TBH7Z4RK7PRK,0,302,0.034768593138383604,0.0028187311444355123,0.6801390508459659
A1F9Z42CFF9IAY,0,648,0.07460280911812112,0.014754664221244327,0.5248774018737955
ACH1HJAM7UIZR,0,243,0.027976053419295415,0.0,1.0
A3D6ITN1HM1FQG,0,31,0.0035689615473175223,0.011444201490490632,0.4967741935483871
A10NIIWUHCDI0Q,60,5,0.0005756389592447617,0.0,1.0
A3DL67RLSWPJ15,0,243,0.027976053419295415,0.0,1.0
A105GWGM7PDAI2,0,103,0.01185816256044209,6.249464495616344e-05,0.5566343042071198
AVQLDV5MMCDVM,0,7,0.0008058945429426663,0.0,1.0
A181R0DUML7VOY,0,243,0.027976053419295415,0.0,1.0
A1GNYV0RA0EQSS,0,243,0.027976053419295415,0.0,1.0
A2B40QQALLN0I2,0,7,0.0008058945429426663,0.0,1.0
A1TDR7Y90SVCHL,10,256,0.029472714713331797,0.0004962143123618224,0.780453431372549
A1HZIKS8JFCM9U,0,55,0.006332028551692378,0.0,1.0
A3GQSZ2RVVXDCZ,0,243,0.027976053419295415,0.0,1.0
APFBMDI5TJ8MQ,0,10,0.0011512779184895234,0.0,1.0
AXYGT3CBHC1WA,0,5,0.0005756389592447617,0.0,1.0
A1Q29INJ9IN570,0,276,0.03177527055031085,0.0006592942395749758,0.7906455862977602
A386NVAVQV5WUO,0,24,0.002763067004374856,0.00034966119835209096,0.48188405797101447
A1U1CQ51DLZX67,0,243,0.027976053419295415,0.0,1.0
A3N0U283FPLHGD,0,38,0.004374856090260189,0.0,1.0
A2JT5X557H8JWX,0,13,0.0014966612940363804,0.0,1.0
AO35VK4BB2YZR,0,243,0.027976053419295415,0.0,1.0
A2M4NHKCBDV4OD,0,12,0.001381533502187428,0.0,1.0
AQWZYNDSUOVC5,0,67,0.007713562053879806,0.0,1.0
A18U05IGMK1FVV,0,13,0.0014966612940363804,0.0,1.0
AKYSM32DSG2TK,0,77,0.00886483997236933,0.00017787093880790918,0.7727272727272727
AR3ECVXFV9VRJ,0,20,0.002302555836979047,0.0,1.0
ADNV4SOGOMZXP,0,60,0.00690766751093714,5.169563775658181e-05,0.8451977401129943
A1NSF87AMGGXF5,0,13,0.0014966612940363804,0.0,1.0
A1WBEIH7Z37LN9,0,8,0.0009210223347916187,0.0,1.0
A3MFEMJQQJDWMS,0,6,0.000690766751093714,0.0,1.0
AF0JI4JIVNBYP,0,243,0.027976053419295415,0.0,1.0
A3ILBM48JP35BG,0,282,0.03246603730140456,0.0004824265731585038,0.7630297064687918
A212MDP6K4VJS5,0,49,0.0056412618005986645,0.0,1.0
A3TNM3C9ENUCFW,0,7,0.0008058945429426663,0.0,1.0
A3N4TZ3SX3XW12,0,12,0.001381533502187428,0.0,1.0
A3RK99YGKXWTDT,0,4,0.00046051116739580933,0.0,1.0
A22JNORZI4KPAP,0,15,0.001726916877734285,0.0,1.0
A19RE9LBQIX90B,0,36,0.004144600506562284,0.0,1.0
A91LOU9XGER2N,69,4,0.00046051116739580933,0.0,1.0
A1MD9AEU9C4WJN,0,55,0.006332028551692378,0.0,1.0
A3OB4235TKCL8K,2,10,0.0011512779184895234,0.0,1.0
A2LYF3DJN9X5JN,0,12,0.001381533502187428,0.0,1.0
AVJT1MBYL5QZJ,0,34,0.00391434492286438,8.722132796593061e-05,0.6827094474153298
A3VYKXHQDICC6,0,6,0.000690766751093714,0.0,1.0
AOUZ3K5E68IRZ,19,69,0.007943817637577712,0.0,1.0
A1MDAPKTOTWIKC,0,55,0.006332028551692378,0.00015002084792579984,0.8067340067340067
A7RJ19XG5PDRU,0,6,0.000690766751093714,0.0,1.0
A304AY9M0FAI3Y,0,23,0.0026479392125259038,0.0,0.7747035573122529
A2UZ08JP9E384H,21,69,0.007943817637577712,0.0,1.0
A2R6F8XP2DL6RC,0,38,0.004374856090260189,0.0,1.0
A3LGDXKOVO627U,0,67,0.007713562053879806,0.0,1.0
A24QCKJ232QM52,41,11,0.0012664057103384757,0.0,1.0
A1GNSLNCXXG2HE,0,27,0.003108450379921713,0.0,1.0
A117L29JBUWK5U,17,22,0.0025328114206769514,0.0,1.0
A2YHXGPCTENZY3,0,15,0.001726916877734285,2.6552090464286245e-05,0.580952380952381
A2ZL75KJU11RLO,0,20,0.002302555836979047,0.0,1.0
A1JPQUAOR6BU2I,5,4,0.00046051116739580933,0.0,1.0
ALUV2YKWZENKK,0,38,0.004374856090260189,0.0,1.0
A1522TN5FVJL0Y,0,81,0.00932535113976514,0.0014840776774856625,0.5182098765432098
A3QC533RQ1X3ZV,0,243,0.027976053419295415,0.0,1.0
A1JWSDDIH5Z7DV,0,252,0.029012203545935988,0.00116958735919281,0.9308480364257257
AL5KR6BEIDL1G,0,7,0.0008058945429426663,0.0,1.0
A2HC3SUL6QC33I,0,55,0.006332028551692378,0.0,1.0
A3CK1XNRHTN402,0,30,0.00345383375546857,0.0,1.0
A3VP5SXUTKJFRW,0,13,0.0014966612940363804,0.0,1.0
A49UG6ANGV6M1,0,27,0.003108450379921713,0.0,1.0
A1OO1DO6DNG0IP,0,5,0.0005756389592447617,0.0,1.0
A3JLI2G1CCUKIM,0,13,0.0014966612940363804,0.0,1.0
A3M1BNMWE8A633,2,283,0.03258116509325351,0.0024152395083909158,0.6074981830940029
A2IYECKOTKGOMA,21,69,0.007943817637577712,0.0,1.0
A2MJHJ3VYTS7V8,70,4,0.00046051116739580933,0.0,1.0
A3ICHEO78NFE4Y,61,5,0.0005756389592447617,0.0,1.0
A3S84AU8UJ9P9D,0,15,0.001726916877734285,0.0,1.0
A2UNPQIED8UO2O,0,250,0.028781947962238083,0.00035002451435397016,0.9458955823293173
A18EUQFB1I3CGA,0,11,0.0012664057103384757,0.0,1.0
A2YRMTUDRXBMYR,0,13,0.0014966612940363804,0.0,1.0
A24ILKC00ROWQM,0,27,0.003108450379921713,0.0,1.0
A2SKEQT0WTB954,10,224,0.025788625374165323,0.0,1.0
A282XABZ9J36WT,0,243,0.027976053419295415,0.0,1.0
A1PPD5TOR6VVYV,0,34,0.00391434492286438,0.0,1.0
A2L6ARD2XWNC9P,0,67,0.007713562053879806,0.0,1.0
ACISLJANCZZ6L,0,27,0.003108450379921713,0.0,1.0
A33O0L7DTMBKUK,0,4,0.00046051116739580933,0.0,1.0
A2VJTJTQPCS6GO,3,75,0.008634584388671426,0.0,1.0
A2SEJZ4E8N675N,0,243,0.027976053419295415,0.0,1.0
A3CM3MI6Y5G12R,0,243,0.027976053419295415,0.0,1.0
A2H856C9T0XWL5,3,75,0.008634584388671426,0.0,1.0
A20CQ20J30DJZT,0,243,0.027976053419295415,0.0,1.0
A3MI3QBXP5I7FA,0,62,0.007137923094635045,0.00010351136580483486,0.7990481226864093
A1FP2LA6M2OJX0,0,55,0.006332028551692378,0.0,1.0
AOXDZSY5AGHEA,2,10,0.0011512779184895234,0.0,1.0
A3T24RSN7D0TQG,0,276,0.03177527055031085,0.0011889832296610996,0.7896969696969697
A21QMWC2TEC3N4,0,7,0.0008058945429426663,0.0,1.0
A1MIXY59EXC90L,3,83,0.009555606723463044,0.0007568512356560425,0.8236849838377902
A2W4X464V5KALG,14,8,0.0009210223347916187,0.0,1.0
A3E9VBNS25Z9FI,0,264,0.030393737048123416,0.002742487377804518,0.853007258900795
AIZA39M8ZAQDO,15,50,0.005756389592447617,0.0,1.0
A1179AOJ8WJL5U,0,10,0.0011512779184895234,0.0,1.0
A18HHON17J3LH0,0,313,0.03603499884872208,0.00387451627969869,0.6518391087081183
A2E74YKJXGZCJB,3,14,0.0016117890858853327,0.0,1.0
A1LX9GSMN66L7E,0,7,0.0008058945429426663,0.0,1.0
ANUPOX03HUN1C,0,13,0.0014966612940363804,0.0,1.0
A2WYV6E1ZFMLL5,0,11,0.0012664057103384757,0.0,1.0
A1GEGWTL027WIL,0,243,0.027976053419295415,0.0,1.0
A2AEZQ3DGBBLPR,10,249,0.02866682017038913,0.002506679228347805,0.8122166083689597
A30NZYWSJ5WT7I,19,73,0.008404328804973521,7.911430718917621e-05,0.8949771689497716
AOM6Y2A4J0WOG,0,243,0.027976053419295415,0.0,1.0
A37Q5MOP4E2YLZ,0,23,0.0026479392125259038,0.0,1.0
AAPFN1BADMWMC,10,18,0.002072300253281142,5.351999093785031e-05,0.5294117647058824
A3AAP038P5FGSN,0,27,0.003108450379921713,0.0,1.0
A33775AIB1A664,11,161,0.018535574487681325,2.1470195881498412e-05,0.9520962732919255
A2QAOP52OEB5EV,0,109,0.012548929311535804,0.00023870370609900194,0.527013251783894
AZQ8HGO3Z4T,0,243,0.027976053419295415,0.0,1.0
A2X2VP3OBZ6VFE,0,13,0.0014966612940363804,0.0,1.0
A1WM8DNWJ8SCEL,31,17,0.00195717246143219,0.0004513529073114565,0.6176470588235294
A1U8YBMDRO6YA5,2,4,0.00046051116739580933,0.0,1.0
A3VONQL7YW8UPM,0,8,0.0009210223347916187,2.686624448282479e-07,0.7142857142857143
A2LIZECHRMJAEI,0,7,0.0008058945429426663,0.0,1.0
AYLC085ZL5X5O,0,257,0.02958784250518075,0.0005754942302603191,0.8957320038910506
AE8LCUNRSTTW2,60,5,0.0005756389592447617,0.0,1.0
A38M7PZ5DEOOCC,70,4,0.00046051116739580933,0.0,1.0
A19E3ZCQH6TJBD,0,32,0.0036840893391664746,0.0,1.0
A7LVTP7N6Q9Q1,0,27,0.003108450379921713,0.0,1.0
AJZPEEL1HULPU,0,61,0.007022795302786092,3.0664629300125603e-05,0.7087431693989071
A31PDR78F1MNDI,0,13,0.0014966612940363804,0.0,1.0
A1N0GWQ9B9POKD,0,23,0.0026479392125259038,0.0,1.0
A1F2QYMDONSF7I,0,314,0.03615012664057103,0.005436262586461702,0.5932113713599642
A1HD8EWSHR9FM6,15,50,0.005756389592447617,0.0,1.0
AOB4X41HYDG3L,0,4,0.00046051116739580933,0.0,1.0
A2NYK9KWFMJV4Y,0,89,0.010246373474556758,0.000336890885774853,0.5125127681307456
A3RYW3OSMMU6SF,0,13,0.0014966612940363804,0.0,1.0
A1MYPJEG8ST7F5,0,243,0.027976053419295415,0.0,1.0
A3M6FW3728C8NA,42,10,0.0011512779184895234,0.0,1.0
A2UBS120XE605X,3,8,0.0009210223347916187,0.0,1.0
A1M4WV5THDIYYF,0,9,0.001036150126640571,0.0,1.0
A34HJQ50HKYUQ3,0,5,0.0005756389592447617,0.0,1.0
A3Q00YPS9TU3Z0,0,16,0.0018420446695832373,0.0,1.0
A2IFZ00ICAERE4,0,77,0.00886483997236933,0.0,1.0
A3C3VITIMY0DJJ,0,35,0.004029472714713332,0.0,1.0
A3LV8JJF1KK7O8,0,184,0.02118351370020723,0.001438808694429056,0.7482775005939654
A3D822N1K2IAQD,11,157,0.018075063320285516,0.0,1.0
A24R30PNVRG4VG,0,9,0.001036150126640571,0.0,1.0
AU4H7OG5UFDWO,0,11,0.0012664057103384757,0.0,1.0
A1XP2TMQOYBPE3,0,6,0.000690766751093714,0.0,1.0
A1CCBLW6NH70ID,0,15,0.001726916877734285,0.0,1.0
A1AU6042JEI734,0,243,0.027976053419295415,0.0,1.0
A2KVMXLAVXYXBE,0,13,0.0014966612940363804,0.0,1.0
A2IKA32YQXLDUF,14,8,0.0009210223347916187,0.0,1.0
A3HCPK54FATFO4,0,34,0.00391434492286438,0.0,1.0
A2WVD0V1MKJ638,0,11,0.0012664057103384757,0.0,1.0
A3UBI8XEO26P2C,0,26,0.0029933225880727607,0.0019106242562828468,0.48
A3085YHTXL9NRA,0,67,0.007713562053879806,0.0,1.0
A357HQZDY3YE58,0,41,0.004720239465807046,0.0,1.0
A3T767O02CHFN1,2,130,0.014966612940363803,0.0011238965720338366,0.4528324388789505
A2OZDMW87K5XSO,0,20,0.002302555836979047,0.0,1.0
A36LDA9339NE8Q,6,417,0.048008289201013125,0.0012864952694712438,0.9305017524441985
A2DGP3CC6D0TKL,68,4,0.00046051116739580933,0.0,1.0
A1ZWZP8X1F8WVB,0,243,0.027976053419295415,0.0,1.0
A32R3RWA8KQ6C6,0,243,0.027976053419295415,0.0,1.0
A3OHJS5Q9C4IYS,0,20,0.002302555836979047,0.00010921538686796462,0.5210526315789473
A1JERSJES55IBU,11,157,0.018075063320285516,0.0,1.0
A2Y3DTTBOU77MO,70,4,0.00046051116739580933,0.0,1.0
A3R9KRIO25CKZV,0,160,0.018420446695832374,0.001331893531127628,0.4589622641509434
A3RIRRJ44LGVDA,12,7,0.0008058945429426663,0.0,1.0
A21Q1LBZP2671X,72,4,0.00046051116739580933,0.0,1.0
A3K2H4VS98DWWI,0,27,0.003108450379921713,0.0,1.0
AROAG742G5QQV,0,35,0.004029472714713332,0.0,1.0
A3UPYGJKZ0XTU4,0,6,0.000690766751093714,0.0,1.0
A1X3DA7C61WZLQ,0,71,0.008174073221275616,0.000383647643007213,0.6498993963782697
A28CDVITG60706,0,67,0.007713562053879806,0.0,1.0
A37BPVPTAM7JWP,0,12,0.001381533502187428,0.0,1.0
A1AB2F8XOU928I,0,243,0.027976053419295415,0.0,1.0
A2PZJYHC2342W,0,67,0.007713562053879806,0.0,1.0
A2JA7C0WEMB1M7,0,15,0.001726916877734285,0.0,1.0
A1O7E72EQTCHHB,0,7,0.0008058945429426663,0.0,1.0
A3D296RVX0JVKB,0,7,0.0008058945429426663,0.0,1.0
A3AGIOKDN01U4U,47,8,0.0009210223347916187,0.0,1.0
A12DLJESJKM1OQ,2,5,0.0005756389592447617,0.0,1.0
AJP44QXY4JBOZ,0,67,0.007713562053879806,0.0,1.0
AJ6WCVOY4HP06,0,49,0.0056412618005986645,0.0,1.0
A8PLLO3D3VCTH,0,10,0.0011512779184895234,0.0,1.0
ADQ0T89TVMRJU,0,67,0.007713562053879806,0.0,1.0
AFQBS241UKPAZ,2,10,0.0011512779184895234,0.0,1.0
A3MN5FMEN5Y4R9,2,8,0.0009210223347916187,0.0,1.0
A3Q1J68QY1MZQ9,0,13,0.0014966612940363804,0.0,1.0
A1WKVJZ5V4L08N,2,68,0.00782868984572876,0.0,1.0
A7IKOAH6M8WAC,0,83,0.009555606723463044,0.0002172758850358089,0.6923302967969439
AM004PHO6F3FZ,0,5,0.0005756389592447617,0.0,1.0
A33H0WC9MI8OVW,0,88,0.010131245682707806,0.00011776610932870578,0.6473354231974922
AGZ8HQO485IL8,0,67,0.007713562053879806,0.0,1.0
A1YDI2SNP4CISY,0,6,0.000690766751093714,0.0,1.0
A28JDCKBEDSI1D,10,12,0.001381533502187428,0.0,1.0
A3KTWUXXB8KKC7,0,6,0.000690766751093714,0.0,1.0
ADH8L5MBPXQGK,0,49,0.0056412618005986645,0.0,1.0
AK73Y669AMPVS,0,13,0.0014966612940363804,0.0,1.0
A1BEMKOWN1TJK4,11,631,0.07264563665668893,0.0013304512172619392,0.6425225769124343
AMG7EQW81MG58,0,12,0.001381533502187428,0.0,1.0
A3JUJRN2J800KC,6,17,0.00195717246143219,0.0,1.0
AXVORKGHPNFN5,0,8,0.0009210223347916187,0.0,1.0
A384UZZIZDHSNJ,0,55,0.006332028551692378,0.0,1.0
AOUB4XH2J80FN,0,36,0.004144600506562284,0.0,1.0
A76DRAEKZTT62,0,5,0.0005756389592447617,0.0,1.0
A277GN3987433U,0,9,0.001036150126640571,0.0,1.0
A170EFO2P2A4FJ,44,11,0.0012664057103384757,0.0,1.0
A2B3QTNPR6EFDO,0,16,0.0018420446695832373,0.0,1.0
A29SZ81DMZAYC5,0,4,0.00046051116739580933,0.0,1.0
A3EPOKANU798QW,0,36,0.004144600506562284,2.272760332867291e-05,0.5873015873015873
A6NBOKCU9JHHC,0,4,0.00046051116739580933,0.0,1.0
A2IY49V4ARN4HC,0,4,0.00046051116739580933,0.0,1.0
A1Q587F0FDB3EV,2,5,0.0005756389592447617,0.0,1.0
A3T1LD0C65QCWK,23,47,0.00541100621690076,0.0,1.0
A1BIUX1OVAE5N8,0,243,0.027976053419295415,0.0,1.0
A17CLCMTRBDKEZ,3,75,0.008634584388671426,0.0,1.0
A1EO5YR1238VL3,3,481,0.055376467879346074,0.0,1.0
A2IIZ25SZSQGCC,17,53,0.006101772967994474,0.0,1.0
A1OZYQ4V83X8K4,10,12,0.001381533502187428,0.0,1.0
A2OCNEE5JHLJI9,15,50,0.005756389592447617,0.0,1.0
A38O4PIHV41EWX,0,4,0.00046051116739580933,0.0,1.0
A5NXA10HTO42S,0,13,0.0014966612940363804,0.0,1.0
A16T3JEEDK4JLI,0,243,0.027976053419295415,0.0,1.0
A1OMXVXXP07F05,60,5,0.0005756389592447617,0.0,1.0
A3JVD6IJPRCXT1,20,50,0.005756389592447617,0.0,1.0
A3ET92C0O9XNS6,31,13,0.0014966612940363804,0.0,1.0
A18D1RLW38LVLW,0,243,0.027976053419295415,0.0,1.0
A2QS3VN107MRZH,5,17,0.00195717246143219,0.0,1.0
AXU2CNLS5EGPP,0,243,0.027976053419295415,0.0,1.0
A197BQFMF77D24,0,67,0.007713562053879806,0.0,1.0
A3L60UJZQ0O0R5,0,5,0.0005756389592447617,0.0,1.0
A2J2JNUHJSJXEQ,0,67,0.007713562053879806,0.0,1.0
AAXR90I3IASEE,0,15,0.001726916877734285,0.0,1.0
A20G957N2TEVQX,2,16,0.0018420446695832373,0.0,1.0
A1U2SXPJT1WQIX,0,9,0.001036150126640571,0.0,1.0
A1N9QUJASE2N76,31,13,0.0014966612940363804,0.0,1.0
AOA9M17LG2JQE,2,55,0.006332028551692378,0.0,1.0
A1MH5BLELS53AS,0,67,0.007713562053879806,0.0,1.0
A33UD2JQGUVLAO,0,13,0.0014966612940363804,0.0,1.0
A3A2SZ8VFI6M00,0,243,0.027976053419295415,0.0,1.0
A1I3AJXVJ8PDS4,0,16,0.0018420446695832373,0.0,1.0
A14JBDSWKPKTZA,0,752,0.08657609947041216,0.012422984328308542,0.2329093124061535
A3IWKEWM9EEPFJ,3,481,0.055376467879346074,0.0,1.0
AYRAJKPKSORP4,0,16,0.0018420446695832373,0.0010155440414507772,0.475
AHNHLGKIZ2N3B,0,27,0.003108450379921713,0.0,1.0
A28DFWTBTUDAJJ,56,6,0.000690766751093714,0.0,1.0
A22VIIBDPVRNPZ,0,67,0.007713562053879806,0.0,1.0
A1GYJC4UO4YCQQ,31,13,0.0014966612940363804,0.0,1.0
A149RNR5RH19YY,0,594,0.06838590835827768,0.02945124249826282,0.6749848115784035
AN81JUYW2SL24,0,270,0.03108450379921713,0.0006094826516105475,0.8200468126118684
A38T55CCT4B3E6,0,12,0.001381533502187428,0.0,1.0
A2LUJ7HIK09GEU,4,551,0.06343541330877274,0.0,1.0
A29UH663BZ88D9,0,67,0.007713562053879806,0.0,1.0
A1JUJGHMNIUSWR,0,20,0.002302555836979047,0.0,1.0
A9BVHFGX28SNZ,6,414,0.04766290582546626,0.0020267166254737574,0.9435847048227298
A382YHBEX6MPS9,0,27,0.003108450379921713,0.0,1.0
A3A0KPQ1458501,0,12,0.001381533502187428,0.0,1.0
AP6M728REMY04,11,157,0.018075063320285516,0.0,1.0
A2ZM9BGE3K3SY2,0,16,0.0018420446695832373,0.0003183929051972884,0.475
A29P1GQGK08W6Z,4,7,0.0008058945429426663,0.0,1.0
A1MYL1VV9LMDVF,0,15,0.001726916877734285,0.0,1.0
A334X69Y2AJHJ6,20,50,0.005756389592447617,0.0,1.0
AE0BMVEVVU6DQ,0,11,0.0012664057103384757,0.0,1.0
A2LVYHHNQVX8M8,0,321,0.036956021183513696,0.005341076711508594,0.6301207165109034
AU8DH6AOA1YOJ,0,243,0.027976053419295415,0.0,1.0
AJJV9Z17KV6GR,0,81,0.00932535113976514,0.0009235114104455545,0.22592592592592592
A3F68N9OI8Y67,2,10,0.0011512779184895234,0.0,1.0
A2JFOHC9W629IE,0,10,0.0011512779184895234,0.0,1.0
A305KK5LXBJOK3,0,10,0.0011512779184895234,0.0,1.0
A30LT7I4GHR1H2,0,7,0.0008058945429426663,0.0,1.0
A3QJX63UDE76OA,69,4,0.00046051116739580933,0.0,1.0
A11N54DYZ6NT3K,21,69,0.007943817637577712,0.0,1.0
A3GQKB1KF0CRPE,0,250,0.028781947962238083,0.0002408798130263569,0.9454779116465863
A1XDHHQ549Q2JI,0,243,0.027976053419295415,0.0,1.0
AS0NL4FNH6XGS,0,9,0.001036150126640571,0.0,1.0
A1EKSETIBS9ETQ,3,8,0.0009210223347916187,0.0,1.0
A3Q6EL2PFKJK76,0,32,0.0036840893391664746,0.0,1.0
A3HK1EO0SEEB8Z,3,481,0.055376467879346074,0.0,1.0
A2HG4AFBEP9084,0,23,0.0026479392125259038,0.0,1.0
A3DWLI9VIYXI16,2,13,0.0014966612940363804,0.0,1.0
A1DIZO95XRBLPO,0,9,0.001036150126640571,0.0,1.0
A1VMCMYWVQ6YBG,0,6,0.000690766751093714,0.0,1.0
A1SYLII0808HD6,3,8,0.0009210223347916187,0.0,1.0
A325DQLHV6GUOT,0,10,0.0011512779184895234,0.0,1.0
A1TX3VNWII1TOJ,0,41,0.004720239465807046,0.0,1.0
A32ZNPZDXOK609,3,8,0.0009210223347916187,0.0,1.0
A2NRAA6WNNQ4O5,11,157,0.018075063320285516,0.0,1.0
A2R0SHL1G7GV38,0,243,0.027976053419295415,0.0,1.0
A326F2HO1FPAPB,59,5,0.0005756389592447617,0.0,1.0
A2BLITJITO97N5,0,88,0.010131245682707806,0.0019342792393831577,0.44096133751306166
A1AOM32TWI2BN9,0,5,0.0005756389592447617,0.0,1.0
A18PDUB7HSEP10,0,8,0.0009210223347916187,0.0,1.0
A2I6KBFBFIORH7,3,14,0.0016117890858853327,0.0,1.0
A31C4P50CH9ET4,0,243,0.027976053419295415,0.0,1.0
AJ6H9ZV7TJUUT,0,243,0.027976053419295415,0.0,1.0
ATNZ6ZION5HI1,42,10,0.0011512779184895234,0.0,1.0
A29LNXUJP5ANAL,19,69,0.007943817637577712,0.0,1.0
A2IA5Q0TDWE81X,6,402,0.046281372323278835,0.0,1.0
A1PSBR1T610QYI,55,6,0.000690766751093714,0.0,1.0
A3JTWZNUVOL2K1,2,5,0.0005756389592447617,0.0,1.0
A2YSY26ZVMNNV2,0,33,0.003799217131015427,0.0020310880829015544,0.48863636363636365
AJSEA417DJA2U,0,42,0.004835367257655998,0.0,1.0
A2IGYAKJZAIK7M,0,67,0.007713562053879806,0.0,1.0
AQMD0WGJVD4RJ,0,108,0.012433801519686852,0.0006780407663771442,0.526306680512288
A32SVEX626XG20,0,27,0.003108450379921713,0.0,1.0
A35TD8QAUMV0DB,3,573,0.06596822472944969,0.004745257625698225,0.7307936391706025
A3E44J6UX651BC,47,8,0.0009210223347916187,0.0,1.0
A1UIISX5YBC7ML,0,67,0.007713562053879806,0.0,1.0
A127P8A5QQ05KN,0,34,0.00391434492286438,0.0,1.0
A1SIX968W2WNZM,1,139,0.016002763067004374,0.0003909287042469364,0.9436972161401314
A1GJ913L9IZR7G,0,10,0.0011512779184895234,0.0,1.0
A17YNSMOWM7U3I,2,68,0.00782868984572876,0.0,1.0
A6DUQDX4B2KVI,0,243,0.027976053419295415,0.0,1.0
A5RIO7FOCJVAL,0,12,0.001381533502187428,0.0,1.0
A16X61RLY1YJL7,5,31,0.0035689615473175223,0.0004906947808225462,0.4881720430107527
A2BI702GCWNYJ4,70,4,0.00046051116739580933,0.0,1.0
A20ZDV9ZEESN5K,8,232,0.02670964770895694,0.0,1.0
ALDA72MNSJVOK,0,15,0.001726916877734285,0.0,1.0
A3SOURAY5OD6Z5,2,68,0.00782868984572876,0.0,1.0
AFISR38PWJE3R,0,7,0.0008058945429426663,0.0,1.0
A34N351EUCEMHO,0,243,0.027976053419295415,0.0,1.0
A1XFVNFGS78TX1,0,243,0.027976053419295415,0.0,1.0
AXNQ3UXQ3P5HE,1,37,0.004259728298411237,0.0,1.0
AMIU8UVMZJLER,0,362,0.04167626064932074,0.00789682170083302,0.5130775470225433
A329TQLDBZDAAF,0,9,0.001036150126640571,0.0,1.0
AIVJDP9TGEGZN,0,32,0.0036840893391664746,0.0,1.0
AUGDEAVGV90X5,38,13,0.0014966612940363804,0.0,1.0
A2B1OJ22IYM3NR,2,55,0.006332028551692378,0.0,1.0
A10AW7H143CP9M,0,11,0.0012664057103384757,0.0,1.0
A3JATWQWZ0OKXR,0,243,0.027976053419295415,0.0,1.0
A2BZJFF352W2OD,0,243,0.027976053419295415,0.0,1.0
AMKNPIDFLRFMP,0,276,0.03177527055031085,0.0006592942395749758,0.7906455862977602
A1PW7TQL858WPS,3,75,0.008634584388671426,0.0,1.0
A8Z12UC2IMSTR,16,4,0.00046051116739580933,0.0,1.0
AWWBZZXN32I6H,0,8,0.0009210223347916187,0.0,1.0
A31Y54OKMYME6G,11,157,0.018075063320285516,0.0,1.0
AFUXQ0EI1UC22,0,11,0.0012664057103384757,0.0,1.0
AQ3IN3MRXQ5KH,4,7,0.0008058945429426663,0.0,1.0
A139TU0DN7WHEG,0,55,0.006332028551692378,0.0,1.0
A2K5NFUOAFUBD2,0,15,0.001726916877734285,0.0,1.0
A1KE06KXZCYVWG,3,481,0.055376467879346074,0.0,1.0
A35LFO0F2ROTNG,17,53,0.006101772967994474,0.0,1.0
A6VPK7X53QNAQ,0,67,0.007713562053879806,0.0,1.0
A1I9B4PSCDDWOO,0,5,0.0005756389592447617,0.0,1.0
A20535WAMJUP3U,0,7,0.0008058945429426663,0.0,1.0
A58N07M0ZCYMB,0,243,0.027976053419295415,0.0,1.0
A2X61KKXXR6WNP,10,26,0.0029933225880727607,0.00012669707759128038,0.48307692307692307
A3TGD1UTG4V072,20,50,0.005756389592447617,0.0,1.0
A1BQ9NX14RQZVX,2,10,0.0011512779184895234,0.0,1.0
AM765S5A37QB2,31,4,0.00046051116739580933,0.0,1.0
A1FUBPW8U2RYUY,10,12,0.001381533502187428,0.0,1.0
AX802DK9MMMYD,0,254,0.029242459129633892,0.012661968815236905,0.9168093118794933
A304GUEPCPYM3Z,0,82,0.009440478931614092,0.0002669668946903911,0.8867810900331226
A3GO24N9Y05PKG,14,10,0.0011512779184895234,0.0,1.0
A2Y870S7P44V4C,74,4,0.00046051116739580933,0.0,1.0
A1Z54EM24Y40LL,0,14,0.0016117890858853327,0.0,1.0
A1RJUXDK64O91A,10,19,0.0021874280451300945,0.0,1.0
A1F81SAQBP04IW,0,20,0.002302555836979047,0.0,1.0
A2ZVNM8J2Q4HQT,18,81,0.00932535113976514,0.0,1.0
A2I2DE1DJUVQOO,3,42,0.004835367257655998,0.0001612677663020628,0.6840882694541232
A36NE7OSWUC5KS,0,4,0.00046051116739580933,0.0,1.0
A1NELB08S5MHGT,0,243,0.027976053419295415,0.0,1.0
A2VI9F9LH3117S,9,34,0.00391434492286438,0.0,1.0
A3CL82UITQJLWS,0,5,0.0005756389592447617,0.0,1.0
A1WE2JDDCUG2L0,0,67,0.007713562053879806,0.0,1.0
AJZ0V9Q3ZVYWV,0,55,0.006332028551692378,0.0,1.0
AGHBU1UWQBW2Z,0,55,0.006332028551692378,0.0,1.0
A230PPNNJYJ6HR,10,5,0.0005756389592447617,0.0,1.0
A1DS1VQA47ACCC,0,6,0.000690766751093714,0.0,1.0
A1N03V52IRZ5PR,52,6,0.000690766751093714,0.0,1.0
A3UC3YT2E65LZO,3,503,0.05790927930002302,0.015726532854386806,0.9162871377313806
A13B39ZS8W9SQO,56,6,0.000690766751093714,0.0,1.0
A32PP5VY9GEJ43,0,67,0.007713562053879806,0.0,1.0
A2BCDZO1XQLDH,0,27,0.003108450379921713,0.0,1.0
A3NUG06RC4F8EV,0,243,0.027976053419295415,0.0,1.0
ABKHKGA3OVZ05,0,20,0.002302555836979047,0.0,1.0
A1VJ0V58N0698J,0,67,0.007713562053879806,0.0,1.0
AVE2J7PNE0L9C,2,476,0.05480082892010131,0.0023305086561838466,0.7335515258735072
A14GSTIN77TLSR,0,243,0.027976053419295415,0.0,1.0
AC8E3L5ZM01P,10,6,0.000690766751093714,0.0,1.0
A2OB0IK83HTU18,0,49,0.0056412618005986645,0.0,1.0
A2Z9H86XRXBVEI,15,135,0.015542251899608565,0.0,1.0
A1CLS326NEN86Y,2,68,0.00782868984572876,0.0,1.0
AAHQAFQ81K7BB,38,13,0.0014966612940363804,0.0,1.0
A1Q5M90ZZEEAL1,52,6,0.000690766751093714,0.0,1.0
A3097DNGRCNJEV,0,15,0.001726916877734285,0.0,1.0
A6EFPNEQVKUUJ,1,9,0.001036150126640571,0.0,1.0
AUCISQA1YXX86,22,57,0.006562284135390283,0.0,1.0
A3D2VIUT2HWP0Z,59,5,0.0005756389592447617,0.0,1.0
A3D550GH0U6T5C,11,157,0.018075063320285516,0.0,1.0
A3NCIN6TNL0MGA,0,115,0.013239696062629518,0.0032711543104116812,0.43005339435545387
A4QC76NMWE5OC,0,243,0.027976053419295415,0.0,1.0
A1NYJPZ6687EUD,0,5,0.0005756389592447617,0.0,1.0
A2VWE41ZS0TYEN,3,8,0.0009210223347916187,0.0,1.0
A2DTXMVW1EQEW2,0,243,0.027976053419295415,0.0,1.0
A18L768JGNLTJC,16,93,0.010706884641952567,0.0,1.0
A25HBO5V8S8SEA,0,20,0.002302555836979047,4.961771440830477e-05,0.5842105263157895
A1G0N4WP7EDQ1H,31,13,0.0014966612940363804,0.0,1.0
A450WKBT9ZIM,0,243,0.027976053419295415,0.0,1.0
A149C701MLJDJC,0,47,0.00541100621690076,0.003993385985811609,0.7113783533765032
A1L0D739FY7T6G,0,7,0.0008058945429426663,0.0,1.0
AHABEDNSQKM6H,0,77,0.00886483997236933,0.0,1.0
A3KA0Z3X5RB1YK,15,135,0.015542251899608565,0.0,1.0
A2BFQZMGDGXC2M,56,6,0.000690766751093714,0.0,1.0
A3KMUHGAZME8VN,73,4,0.00046051116739580933,0.0,1.0
A1EGD8EGNINP52,0,12,0.001381533502187428,0.0,1.0
AFDAQD10WTBAD,3,14,0.0016117890858853327,0.0,1.0
A119IU67AHNE2W,2,55,0.006332028551692378,0.0,1.0
A2NJ72QP6SU0MQ,52,6,0.000690766751093714,0.0,1.0
AM7BCX3ZCQ70V,8,232,0.02670964770895694,0.0,1.0
ASWHZ0TTPT0P0,0,67,0.007713562053879806,0.0,1.0
A290P12SRG78VQ,11,170,0.019571724614321898,0.0008574740188917519,0.857918552036199
AZTAC5WZ4QDRN,0,16,0.0018420446695832373,0.0,1.0
AAFI4N3QKPBOD,0,10,0.0011512779184895234,0.0,1.0
A3GBOCNEQ8AAP4,59,5,0.0005756389592447617,0.0,1.0
A1GZWPGIYCQLVP,42,10,0.0011512779184895234,0.0,1.0
A2ONNRUVWQN0HU,11,157,0.018075063320285516,0.0,1.0
A2DF62DP20RIXF,0,41,0.004720239465807046,0.0,1.0
A3KKYNEYUICKX2,0,243,0.027976053419295415,0.0,1.0
A36QDG8RP3T5AM,0,10,0.0011512779184895234,0.0,1.0
A2RW587355CMVA,10,12,0.001381533502187428,0.0,1.0
A2GNP3FHYG63XI,3,481,0.055376467879346074,0.0,1.0
APEVVQVOJH12B,0,243,0.027976053419295415,0.0,1.0
A1ILWPH1GHUXE2,68,4,0.00046051116739580933,0.0,1.0
A11HV501OX9MNV,0,38,0.004374856090260189,0.0,1.0
A2RB7KPCTJEP4Z,0,60,0.00690766751093714,0.0012989378961523047,0.6548022598870057
A11D1KHM7DVOQK,4,562,0.0647018190191112,0.001384629768004094,0.9614440405732011
A3TYWLLZGB1EDR,43,10,0.0011512779184895234,0.0,1.0
A1EXGL6L0QQ0M5,0,243,0.027976053419295415,0.0,1.0
A1Y7B873VOTAHM,0,32,0.0036840893391664746,0.0,1.0
A23P9INV8GRN48,6,407,0.0468570112825236,0.0005641911341393207,0.9756720446375619
A3GKEM591MMIRY,60,5,0.0005756389592447617,0.0,1.0
A25PM9JGHPU8EI,6,402,0.046281372323278835,0.0,1.0
A3TLPFNP3V2BWK,0,55,0.006332028551692378,0.0,1.0
A3UFCX1AE4TKZE,52,6,0.000690766751093714,0.0,1.0
A2V2XRUGEYYCGG,6,5,0.0005756389592447617,0.0,1.0
ABVYGB2TKBO8F,20,50,0.005756389592447617,0.0,1.0
A3V5NOBJ1294FS,9,107,0.0123186737278379,0.0,1.0
A1YJ541O10BM5U,11,157,0.018075063320285516,0.0,1.0
A12YC1CY1XZ6KQ,10,224,0.025788625374165323,0.0,1.0
A3FL4Q6TEPST6C,10,60,0.00690766751093714,0.0,1.0
A3RNAIFV56WG5E,0,55,0.006332028551692378,0.0,1.0
A1GGD7MP7HKJAJ,11,157,0.018075063320285516,0.0,1.0
A3ES51FL3H0QCR,21,69,0.007943817637577712,0.0,1.0
AZ0SIZRQWN7RC,3,877,0.10096707345153119,0.005699191177627838,0.5104627127557103
A21IOH964XF1AI,0,49,0.0056412618005986645,0.0,1.0
A10XB56QFYLVC8,15,50,0.005756389592447617,0.0,1.0
A14453U0KFWF31,3,481,0.055376467879346074,0.0,1.0
A2T9W5ND8N17O0,11,157,0.018075063320285516,0.0,1.0
AGEJE3WH26UBR,0,243,0.027976053419295415,0.0,1.0
A33FS5H3CPDR6D,52,6,0.000690766751093714,0.0,1.0
A2HCMW0RU59GPJ,3,481,0.055376467879346074,0.0,1.0
A198JGOF1W0D69,0,243,0.027976053419295415,0.0,1.0
A8O2E6UBLWWFM,0,92,0.010591756850103615,0.0014047995433068318,0.5002388915432394
A3VYPS07YQR9KN,0,243,0.027976053419295415,0.0,1.0
A233BX8N5692C6,0,55,0.006332028551692378,0.0,1.0
A14VXKTBKGZ9SD,0,75,0.008634584388671426,0.0004338138908125766,0.8291891891891892
A2T70SN2VZHOR4,0,80,0.009210223347916187,0.00025212863293044054,0.585126582278481
A39M7D6VKFKWRN,15,50,0.005756389592447617,0.0,1.0
A2OTFNASZFDVFT,19,69,0.007943817637577712,0.0,1.0
A3RKVIE9PUITW8,11,157,0.018075063320285516,0.0,1.0
A1YXEYOWESHVLJ,11,157,0.018075063320285516,0.0,1.0
A1H2KQF6MKA1DJ,0,42,0.004835367257655998,0.0,1.0
A3346F1Q4PT8Q1,11,157,0.018075063320285516,0.0,1.0
ADMWYMH11LD27,2,68,0.00782868984572876,0.0,1.0
A17S75Z5MR29B6,4,1020,0.11743034768593137,0.004751259400658463,0.5137466566607015
A27MW1FQ52O87S,6,5,0.0005756389592447617,0.0,1.0
A3BO1VM9CSCWW1,0,8,0.0009210223347916187,0.0,1.0
ASHQ1JCA241D6,7,88,0.010131245682707806,0.00027855339109316855,0.6575235109717869
A6VXZ1EEPRTLV,0,12,0.001381533502187428,0.0,1.0
A7T67XA3U5J8B,0,34,0.00391434492286438,0.0,1.0
A363QRXP83K8ZE,3,481,0.055376467879346074,0.0,1.0
A2PVD9N0YBE1E3,0,8,0.0009210223347916187,0.0,1.0
A1QKJJM2T4E21H,0,12,0.001381533502187428,0.0,1.0
A1QXPDCEU0ZUE,0,10,0.0011512779184895234,0.0,1.0
A1LSNQQ37FA5J9,0,9,0.001036150126640571,0.0,1.0
A1YH4N1ILGHXC9,60,5,0.0005756389592447617,0.0,1.0
A1LEREL38EC0AI,6,17,0.00195717246143219,0.0,1.0
AJLUJQ4CWUEIR,56,6,0.000690766751093714,0.0,1.0
A1E8PWW106DRBE,0,55,0.006332028551692378,0.0,1.0
A2183499CPCTIA,20,50,0.005756389592447617,0.0,1.0
AHYETNMIB00GK,0,34,0.00391434492286438,0.0,1.0
A2UCOSEHTW6I0H,15,135,0.015542251899608565,0.0,1.0
A3SS6919NRQ2MF,16,97,0.011167395809348377,0.0004513529073114565,0.9201030927835051
A36EWCNCF4OQG8,3,481,0.055376467879346074,0.0,1.0
A2598DC654IRTQ,0,243,0.027976053419295415,0.0,1.0
A1L34X2F3YTD7E,2,55,0.006332028551692378,0.0,1.0
A1QOF415R8PIJO,10,19,0.0021874280451300945,0.0,1.0
AI0JF9AJC1GD0,0,6,0.000690766751093714,0.0,1.0
A21AX7U9UNIV75,0,15,0.001726916877734285,0.0,1.0
A1CIFFHXSYF5KT,2,68,0.00782868984572876,0.0,1.0
A352GZK70MPY2R,0,8,0.0009210223347916187,0.0,1.0
A15PWO8ELUJPH3,6,17,0.00195717246143219,0.0,1.0
A3RRHP4XAI4KUI,11,167,0.01922634123877504,0.0013368934155016535,0.8868047038453214
ARAS5VERQ8BH2,2,4,0.00046051116739580933,0.0,1.0
A2MTU2IXXZ35ZF,2,548,0.06309002993322588,0.0023342604640610148,0.7855455770693497
A22R9L5DAVYYWR,0,10,0.0011512779184895234,0.0,1.0
A3O1BQ499WT7IZ,0,27,0.003108450379921713,0.0,1.0
A1C4J9CUHT3UXE,6,419,0.04823854478471103,0.0007665319797487808,0.9220746594192141
A1554THSW3S7WZ,0,11,0.0012664057103384757,0.0,1.0
A391RJ8646SYY1,4,558,0.0642413078517154,0.0008770505342362415,0.9751935290824502
A23O5LZQT3VANF,0,243,0.027976053419295415,0.0,1.0
A2XTK6CZTWSCKH,2,10,0.0011512779184895234,0.0,1.0
A29R3O02O0PON4,6,5,0.0005756389592447617,0.0,1.0
A3SKXRB5QQWMLZ,10,224,0.025788625374165323,0.0,1.0
A1BSER3P7ZCIB6,0,243,0.027976053419295415,0.0,1.0
A1TG615MWIBJT2,0,95,0.010937140225650472,0.0010597996954920868,0.5910414333706607
A343CF9RXZ7DNG,0,243,0.027976053419295415,0.0,1.0
AROTQNRZ51CUU,5,21,0.002417683628827999,0.0,1.0
A1W5G9ITZQ64TN,52,6,0.000690766751093714,0.0,1.0
A3BY5KCNQZXV5U,0,19,0.0021874280451300945,0.0008599685657638442,0.6491228070175439
ADIIDEMF3LB1,3,14,0.0016117890858853327,0.0,1.0
A1D0KL9ZD7SU56,0,66,0.007598434262030854,0.00015608349488631823,0.7431235431235431
A2GGKJ318HO2GE,8,232,0.02670964770895694,0.0,1.0
A2JQZ1WA1UEQWK,8,232,0.02670964770895694,0.0,1.0
A16QY8VBHHP9MT,3,481,0.055376467879346074,0.0,1.0
A39KTSPC3MP53O,2,10,0.0011512779184895234,0.0005641911341393207,0.4444444444444444
AWPODHOB4GFWL,3,55,0.006332028551692378,0.0008467892429408297,0.7468013468013468
A1CIUI32P2UOED,0,27,0.003108450379921713,0.0,1.0
A3M42KV16HOLX3,1,217,0.024982730831222655,0.00048555277603672597,0.9372759856630825
A4G4AWDVJ8XCJ,4,7,0.0008058945429426663,0.0,1.0
AOKH8MBCROIL,11,631,0.07264563665668893,0.0013304512172619392,0.6425225769124343
AJSSCAO4RSU78,10,224,0.025788625374165323,0.0,1.0
AVB1BHAHK1YH0,0,20,0.002302555836979047,0.0,1.0
A15BN1AMRT8FP1,3,83,0.009555606723463044,0.0012965180353203445,0.8236849838377902
A1QXM4FWKL7CMW,10,6,0.000690766751093714,0.0,1.0
A2BK7LBCEWRREY,2,470,0.05411006216900759,0.0036107210721600153,0.7456335344553826
A3AFPQWM1RGSDE,19,69,0.007943817637577712,0.0,1.0
A2R2ZMVX4ENQTU,0,27,0.003108450379921713,0.0,1.0
A5ITGZTKFCN65,0,27,0.003108450379921713,0.0,1.0
A1T1YSCDW0PD25,20,67,0.007713562053879806,0.0019182498560736901,0.6155585707824514
A3T9DOOJ5B1U7O,11,157,0.018075063320285516,0.0,1.0
A1CV19Z3EDXMJ6,10,242,0.027860925627446465,0.00033171106638978185,0.862418984259799
AYPCGRSNA2IL,61,5,0.0005756389592447617,0.0,1.0
A2H0XJ7I2FUZBD,12,183,0.021068385908358276,0.0,1.0
A3U52V5ZAHZZKU,3,89,0.010246373474556758,0.0004059827555053472,0.7321246169560777
A3TPNC3TKGCCEI,0,243,0.027976053419295415,0.0,1.0
A1K3LZFVAZMPMN,9,200,0.023025558369790467,0.0018188342363944308,0.5001507537688442
A11T76EZ8AG96E,5,32,0.0036840893391664746,0.0,1.0
A3M6L86GPYG0A9,0,14,0.0016117890858853327,0.0,1.0
A3DQWFWINN3V5A,0,7,0.0008058945429426663,0.0,1.0
A2I76U2KSA7QWL,0,12,0.001381533502187428,0.0,1.0
A2T049UQONS0OY,0,37,0.004259728298411237,0.000502794315984374,0.5705705705705706
A3E5KFCYN26O2B,6,402,0.046281372323278835,0.0,1.0
A3KSDF3A05PXJ7,3,8,0.0009210223347916187,0.0,1.0
A3LVHU3WNR5XF3,0,34,0.00391434492286438,0.0,1.0
A35K21L7HIH76Q,8,232,0.02670964770895694,0.0,1.0
A1B0RTVS4SE88W,11,33,0.003799217131015427,0.0,1.0
A2TVJ0YDW3QO63,0,6,0.000690766751093714,0.0,1.0
A3GAU6X29L9VTL,0,9,0.001036150126640571,0.0,1.0
AR61QCJ7Y19XG,0,243,0.027976053419295415,0.0,1.0
A15N5D547HXVXL,0,77,0.00886483997236933,0.0,1.0
A2R5CUTW2NJ3G,49,7,0.0008058945429426663,0.0,1.0
A31QWIVYZ7XU53,5,32,0.0036840893391664746,0.0,1.0
A1D5HLEQD8J0MI,3,481,0.055376467879346074,0.0,1.0
A1EN4XAKX9LK4A,0,49,0.0056412618005986645,0.0,1.0
A1T6R772Q80FW7,46,9,0.001036150126640571,0.0,1.0
A2R6SB61DQ1VXU,5,44,0.005065622841353903,0.0,1.0
A5II29J0V20A1,11,157,0.018075063320285516,0.0,1.0
ASG60YVY09J6D,61,5,0.0005756389592447617,0.0,1.0
AVWFHFRDVOC6Q,3,481,0.055376467879346074,0.0,1.0
A2V0I904FH7ABY,0,46,0.0052958784250518075,0.00012211735750071372,0.6183574879227053
A1YUB4V9OHM4YI,3,481,0.055376467879346074,0.0,1.0
A1Z4930RTKRTKV,8,232,0.02670964770895694,0.0,1.0
A2BUPVAQ8NN7EU,8,232,0.02670964770895694,0.0,1.0
A27R1FLUS2KTIX,4,7,0.0008058945429426663,0.0,1.0
A301OOJQXCXXO5,0,39,0.004489983882109141,0.0004173825435368558,0.30364372469635625
A2YC0ADOK1SNMK,0,49,0.0056412618005986645,0.0006079969212490801,0.5663265306122449
A1CAGTNRSFHJNJ,2,392,0.045130094404789316,0.004252343284311546,0.4514327470118482
AF55QHQTEOPF3,0,9,0.001036150126640571,0.0,1.0
AHOJEEMOIKMCR,2,5,0.0005756389592447617,0.0,1.0
AXCWZ8HUF332W,0,55,0.006332028551692378,0.0,1.0
A3QZ6BFXJK88RK,0,7,0.0008058945429426663,0.0,1.0
A3BC51PZJ8L67R,6,402,0.046281372323278835,0.0,1.0
A3UI6CTFWL721L,3,481,0.055376467879346074,0.0,1.0
A214AXZWCBZLBO,16,93,0.010706884641952567,0.0,1.0
A1K77RMH56CQVC,0,4,0.00046051116739580933,0.0,1.0
ASDFYMJ1MTPE7,11,13,0.0014966612940363804,0.0,1.0
A7OR8OWWGK55W,72,4,0.00046051116739580933,0.0,1.0
A2QIB13E4TR50S,3,481,0.055376467879346074,0.0,1.0
A3PH8X6N66K228,2,68,0.00782868984572876,0.0,1.0
A25V0QNH29GCX4,11,157,0.018075063320285516,0.0,1.0
A2U68XR09T58BG,11,157,0.018075063320285516,0.0,1.0
A21TU2TDCOCDI,11,157,0.018075063320285516,0.0,1.0
A38SHOPZADNOLN,0,55,0.006332028551692378,0.0,1.0
A3UA33R5UOA8RC,8,232,0.02670964770895694,0.0,1.0
A25DV2T1HW6WTR,1,37,0.004259728298411237,0.0,1.0
A2MPT0SEX1ORN7,3,481,0.055376467879346074,0.0,1.0
A2F1P10GGZ7K2T,5,21,0.002417683628827999,0.0,1.0
A1JR6JQRZTIBQX,0,243,0.027976053419295415,0.0,1.0
AZDGMG2Y0FLB2,16,93,0.010706884641952567,0.0,1.0
A7HEVWKSWUSI4,11,157,0.018075063320285516,0.0,1.0
AHECJ57PPSS96,0,27,0.003108450379921713,0.0,1.0
A36GTKCSONG3YQ,0,7,0.0008058945429426663,0.0,1.0
A3POU7ZIEKZ0Y8,11,157,0.018075063320285516,0.0,1.0
A2ID51FCQFBOFS,3,8,0.0009210223347916187,0.0,1.0
A3L1TG3OOOTRBR,71,4,0.00046051116739580933,0.0,1.0
A33IJGLTVS5MDS,59,5,0.0005756389592447617,0.0,1.0
A2620FU6M0WOXM,11,157,0.018075063320285516,0.0,1.0
A4SD1MX7QMD8,2,55,0.006332028551692378,0.0,1.0
AJ86CFI74O5JI,0,80,0.009210223347916187,0.00025212863293044054,0.585126582278481
A2HOYLB0HXLLJJ,11,157,0.018075063320285516,0.0,1.0
A1L4X5WXISICFR,2,68,0.00782868984572876,0.0,1.0
ADBVNJLWZ4IT0,0,15,0.001726916877734285,0.0,1.0
A1FISS9YFJCXVG,0,288,0.033156804052498275,0.0008702146541896402,0.73988579171506
A578ANR1FGHT8,0,243,0.027976053419295415,0.0,1.0
A3AX4XM1LHS0GU,2,55,0.006332028551692378,0.0,1.0
A2GLM2NA1SLN43,19,69,0.007943817637577712,0.0,1.0
A3UXU4YM508ZEA,10,66,0.007598434262030854,0.0004384617588470897,0.8326340326340327
A1590KJR2FEHI7,3,75,0.008634584388671426,0.0,1.0
A1XL5KOLSQT6KH,3,481,0.055376467879346074,0.0,1.0
A220059NEEBEX7,2,16,0.0018420446695832373,0.0,1.0
A1U074CMWNWS7W,6,5,0.0005756389592447617,0.0,1.0
A2V7EO331SFUF6,21,69,0.007943817637577712,0.0,1.0
A2EPAYUAQ8P78W,0,73,0.008404328804973521,0.0012363045235361872,0.5624048706240488
A1IEGPT1Q5D3R2,3,481,0.055376467879346074,0.0,1.0
AAJIGWE242MSN,0,4,0.00046051116739580933,0.0,1.0
AUS81YHTM2MPY,29,17,0.00195717246143219,0.0,1.0
AMEG6A5W3QJCZ,0,55,0.006332028551692378,0.0,1.0
A26624KSJ3FBMZ,0,13,0.0014966612940363804,0.0,1.0
A3DRT9IRH63ZHB,8,232,0.02670964770895694,0.0,1.0
A15ZZDKRKP7L4R,0,14,0.0016117890858853327,0.0,1.0
A23VGBG17K5NJ3,8,232,0.02670964770895694,0.0,1.0
A1NZLRAZJGD99W,0,141,0.01623301865070228,0.002470575233013122,0.45440729483282677
A12AYONFLIYMSZ,2,55,0.006332028551692378,0.0,1.0
AHP139SLDRPIS,27,21,0.002417683628827999,0.0,1.0
A3SINSKZTVFCX,3,481,0.055376467879346074,0.0,1.0
A2B8GN9RVQ0EFA,9,7,0.0008058945429426663,0.0,1.0
A3A57GX8FJ4QNQ,1,52,0.005986645176145521,0.00022516549174464624,0.5761689291101055
A2P45JTLZQ5C8V,20,50,0.005756389592447617,0.0,1.0
A2AOZQ3WTNVVOK,1,37,0.004259728298411237,0.0,1.0
A3VIQIGCO4AHR6,3,75,0.008634584388671426,0.0,1.0
A1P3DDFL423B3C,1,24,0.002763067004374856,0.00024367367824211655,0.4782608695652174
AEWYZOB8G3MBQ,0,4,0.00046051116739580933,0.0,1.0
A11ED8O95W2103,0,140,0.016117890858853328,0.003805790854140643,0.3043165467625899
AZHXG4UKZZLAG,3,481,0.055376467879346074,0.0,1.0
AZ1RAP7SF84I3,0,6,0.000690766751093714,0.0,1.0
A23XSCX5MNVTA3,0,243,0.027976053419295415,0.0,1.0
A1H4P50KI3ZR78,6,17,0.00195717246143219,0.0,1.0
A321QMD4CPT21S,34,14,0.0016117890858853327,0.0,1.0
A22Y586YTVSY10,10,6,0.000690766751093714,0.0,1.0
A1B6O7SAIYG2N0,2,300,0.0345383375546857,0.0040047604344569925,0.6483389074693423
A2TUQMWV186OQ6,3,75,0.008634584388671426,0.0,1.0
A2DA3JJXKSWW3K,22,57,0.006562284135390283,0.0,1.0
ANU1675O6DO5E,72,4,0.00046051116739580933,0.0,1.0
ASQIJSJUYE00F,0,6,0.000690766751093714,0.0,1.0
A3JGFQZR5BJFF8,5,21,0.002417683628827999,0.0,1.0
AE4MCV22JSE2X,42,10,0.0011512779184895234,0.0,1.0
APJXF6Z4Z61YW,3,481,0.055376467879346074,0.0,1.0
ARVIOWMXTTQ50,0,9,0.001036150126640571,0.0,1.0
A3SC8ZUDU3TR2H,11,157,0.018075063320285516,0.0,1.0
A2JOEQNS9LR0NF,3,481,0.055376467879346074,0.0,1.0
A3H6NNGCINPLEC,19,69,0.007943817637577712,0.0,1.0
A3CMO216CWOF5N,0,37,0.004259728298411237,1.6667702121930625e-05,0.6216216216216216
A2LZHJH0LL0FM6,0,77,0.00886483997236933,0.0,1.0
A1ETGPDALZIMVA,49,7,0.0008058945429426663,0.0,1.0
AC63G8TNC9UMO,20,50,0.005756389592447617,0.0,1.0
A1ANPXJB9B0R5V,81,4,0.00046051116739580933,0.0,1.0
AVM0RJ1L4FBJW,3,9,0.001036150126640571,0.0,1.0
AFNCXMCX7VZWH,10,6,0.000690766751093714,0.0,1.0
A24P7YUPH9L5XU,0,49,0.0056412618005986645,0.0,1.0
A1B00KVE1YFKCR,81,4,0.00046051116739580933,0.0,1.0
A1JEXR3E3E8T2G,4,551,0.06343541330877274,0.0,1.0
A1U58436RQI0GI,42,10,0.0011512779184895234,0.0,1.0
A3E5SOPIL985NQ,3,75,0.008634584388671426,0.0,1.0
A19CYR02E7UPBV,4,551,0.06343541330877274,0.0,1.0
A3PG25TW442I33,5,44,0.005065622841353903,0.0,1.0
A1QX9VE4U6FQMM,11,157,0.018075063320285516,0.0,1.0
A2MOJANFPX353G,0,16,0.0018420446695832373,0.0,1.0
ARWR2O48OIGKH,46,9,0.001036150126640571,0.0,1.0
A37JNUJSVAJKYN,0,32,0.0036840893391664746,0.0,1.0
A3G5OZD8J9L7NW,2,68,0.00782868984572876,0.0,1.0
A15DKJQPGXVLQ3,0,27,0.003108450379921713,0.0,1.0
A19GDOQK033YCM,2,55,0.006332028551692378,0.0,1.0
AASSDFY9K6G2T,5,282,0.03246603730140456,0.0029537089945774627,0.7072764443098357
A3KK6PWQOBG9QV,11,157,0.018075063320285516,0.0,1.0
A38IFC31823UST,0,12,0.001381533502187428,0.0,1.0
A1MM1QVMHQGTZ,8,232,0.02670964770895694,0.0,1.0
AE6DDIKFMC2RY,0,77,0.00886483997236933,0.0,1.0
A1GDAIVRFY8832,0,6,0.000690766751093714,0.0,1.0
AXLQP6J93X2NQ,8,232,0.02670964770895694,0.0,1.0
ATEDSY50EDAMI,15,50,0.005756389592447617,0.0,1.0
ALLIL7DUQXJ97,11,157,0.018075063320285516,0.0,1.0
A38UKFBS0Y3KZY,2,5,0.0005756389592447617,0.0,1.0
AKKSHEGRQVQRK,5,39,0.004489983882109141,0.000420353730067848,0.4156545209176788
A16WC792GYEGGD,5,21,0.002417683628827999,0.0,1.0
A1UQRSCLF8GW1T,3,481,0.055376467879346074,0.0,1.0
A21PJEIX2MIM1X,31,13,0.0014966612940363804,0.0,1.0
A2A0HREDAG2QIC,10,60,0.00690766751093714,0.0,1.0
A2W3JMA1P62IXL,0,5,0.0005756389592447617,0.0,1.0
A2XWJK6POTDSP7,0,10,0.0011512779184895234,0.0,1.0
AFKEI3OEU5U85,0,7,0.0008058945429426663,0.0,1.0
AAO47M51C3J98,3,481,0.055376467879346074,0.0,1.0
A2P9KNX5JRKPKH,31,13,0.0014966612940363804,0.0,1.0
A192GMTQ2TVISY,5,185,0.02129864149205618,0.000583982434799294,0.5111633372502937
A2JSKM60VTCNI,10,12,0.001381533502187428,0.0,1.0
A1MO77HMZ0QYLL,2,10,0.0011512779184895234,0.0,1.0
A1SDPA1J98UP4L,0,243,0.027976053419295415,0.0,1.0
A2N1VI3PB6IXMP,11,157,0.018075063320285516,0.0,1.0
A1OHCHEFNO345R,5,105,0.012088418144139995,0.0,1.0
A21T321YCLK17C,5,21,0.002417683628827999,0.0,1.0
A33SG2UA24DJ9P,2,68,0.00782868984572876,0.0,1.0
A1J1XPQP1K4PLL,59,5,0.0005756389592447617,0.0,1.0
A3A36VG147MKYA,0,243,0.027976053419295415,0.0,1.0
A34UVV757IKPVB,5,105,0.012088418144139995,0.0,1.0
A2UQK3DAZ8NO2T,8,232,0.02670964770895694,0.0,1.0
A16SONX6KV5EIY,31,13,0.0014966612940363804,0.0,1.0
A2YKIR73T6AE2O,5,21,0.002417683628827999,0.0,1.0
A1P98E8Z20JD1Q,31,13,0.0014966612940363804,0.0,1.0
A3GJF1RYLXMQOD,0,55,0.006332028551692378,0.0,1.0
A31Z1N67RKI5A,11,157,0.018075063320285516,0.0,1.0
A23BXVNBGXQ33Y,11,157,0.018075063320285516,0.0,1.0
A3MJIXDIQT5S16,14,107,0.0123186737278379,0.0,1.0
A3S15YGZ6W6EV2,11,157,0.018075063320285516,0.0,1.0
A1GIMMNRJM94RX,20,50,0.005756389592447617,0.0,1.0
A2R81A5S1AJC3F,8,232,0.02670964770895694,0.0,1.0
A1FRPICT2SH2LH,0,34,0.00391434492286438,0.0,1.0
A1OFU9LH1ZHQ3M,0,6,0.000690766751093714,0.0,1.0
A18BPTL4TMTBY9,73,4,0.00046051116739580933,0.0,1.0
AQSW6WDVCJGB8,0,10,0.0011512779184895234,0.0,1.0
A1RXA718FHHMO3,11,33,0.003799217131015427,0.0,1.0
A3SDJ70H00OQCJ,3,481,0.055376467879346074,0.0,1.0
A2NVQZ4Y7Y0J1R,0,32,0.0036840893391664746,0.0,1.0
A2MG95DI29NJTJ,0,27,0.003108450379921713,0.0,1.0
A5R13YQNSP42J,31,13,0.0014966612940363804,0.0,1.0
A291XTI6NO7DEG,0,4,0.00046051116739580933,0.0,1.0
A1EC1IGNE6G5UP,89,3,0.000345383375546857,0.0,1.0
A2JTL1WA0R3J3V,10,26,0.0029933225880727607,9.69221418637854e-05,0.676923076923077
A38QEATH3NODFM,0,13,0.0014966612940363804,8.521672011475261e-05,0.46153846153846156
A3T9GMK9ZYEAJ4,2,161,0.018535574487681325,0.001950705063798538,0.5093167701863354
A3C5JFSAPHWJU3,31,13,0.0014966612940363804,0.0,1.0
AS9WUVBL06T87,6,402,0.046281372323278835,0.0,1.0
AOVMTR7PA8XB9,20,50,0.005756389592447617,0.0,1.0
A1CWMO3LQQ7P0P,0,4,0.00046051116739580933,0.0,1.0
A1P38QD8R0S590,0,243,0.027976053419295415,0.0,1.0
A132UAXQEMO52E,11,157,0.018075063320285516,0.0,1.0
A1HH11STE53V5,2,469,0.053994934377158646,0.0019194350403818135,0.7553714941774643
A2IGPYY0ULFD11,3,481,0.055376467879346074,0.0,1.0
AHSBR2WTM4P1G,20,50,0.005756389592447617,0.0,1.0
A3FKLAPAZ8PFMO,3,481,0.055376467879346074,0.0,1.0
A2UQIQUOAB47OT,0,243,0.027976053419295415,0.0,1.0
A1XHC34F2MFZ4I,0,12,0.001381533502187428,0.0,1.0
A9Q66U9SCV3Q9,8,232,0.02670964770895694,0.0,1.0
AXDI7SSVP9VMZ,11,157,0.018075063320285516,0.0,1.0
A2RUJAHQLGIOGP,2,14,0.0016117890858853327,0.0,1.0
A1HW4M029I31C8,6,402,0.046281372323278835,0.0,1.0
A1977GWEGAYE2N,8,232,0.02670964770895694,0.0,1.0
A36CCV2B7XQGJK,20,50,0.005756389592447617,0.0,1.0
A2X0T8HIOCL0AM,0,7,0.0008058945429426663,0.0,1.0
A18VT083FG5FLJ,3,104,0.011973290352291043,0.0032940829262982064,0.5939133681852129
A2M1NZLZCHEP6A,5,44,0.005065622841353903,0.0,1.0
A16J5TH0JAVRZ3,42,10,0.0011512779184895234,0.0,1.0
A11KZ906QD08C5,0,36,0.004144600506562284,0.0,1.0
A3AGSFLNNIFKNJ,3,550,0.06332028551692379,0.0047933978461727495,0.7801953965888392
A2IMZNPSJGB2HQ,8,232,0.02670964770895694,0.0,1.0
ARNWCLQZFQECA,0,55,0.006332028551692378,0.0,1.0
A189TQGLN9IERW,0,10,0.0011512779184895234,0.0,1.0
ATXGAWFZAYEKT,11,157,0.018075063320285516,0.0,1.0
A19TH613LUQJ4X,2,68,0.00782868984572876,0.0,1.0
A1CQJYMTE8C6WJ,17,53,0.006101772967994474,0.0,1.0
A1F5L6NPU5SWP1,0,243,0.027976053419295415,0.0,1.0
A2IBDTAQUO9UI8,3,481,0.055376467879346074,0.0,1.0
A2R6RA8FRBS608,2,611,0.07034308081970987,0.023980566274011482,0.8149982560167423
A3SSDQFBBVDGRS,10,60,0.00690766751093714,0.0,1.0
A1RW48VM5K7UU,11,157,0.018075063320285516,0.0,1.0
A2LVL416FFXCSI,0,5,0.0005756389592447617,0.0,1.0
A2QAH6UNUXCSP1,1,12,0.001381533502187428,0.0,1.0
A3VNAKMYO27RFX,11,157,0.018075063320285516,0.0,1.0
A21U4DR8M6I9QN,10,229,0.026364264333410083,0.00021062782568134254,0.9571362905079293
A28TEYUOFXAJCK,16,93,0.010706884641952567,0.0,1.0
A1YF0SKMGV2BIL,11,631,0.07264563665668893,0.0013304512172619392,0.6425225769124343
A2IKX7H2PLHULP,2,55,0.006332028551692378,0.0,1.0
A9AVOPGTAWJ1K,0,8,0.0009210223347916187,0.0,1.0
A12AT4IWHODYRP,55,6,0.000690766751093714,0.0,1.0
A38X9XX2ZRR0ON,0,6,0.000690766751093714,0.0,1.0
A2LAY11C7LCM2W,6,402,0.046281372323278835,0.0,1.0
AMLMUYLI6FAQ0,0,20,0.002302555836979047,6.440605879046423e-05,0.5210526315789473
A2QQU4THUEX7I,14,107,0.0123186737278379,0.0,1.0
A10N9KVV3DIUWD,20,50,0.005756389592447617,0.0,1.0
A1C92FV1I5FM4T,0,77,0.00886483997236933,0.0,1.0
AXZQYHT23SFAJ,6,402,0.046281372323278835,0.0,1.0
A37ZW5VNQTIO5S,0,243,0.027976053419295415,0.0,1.0
A1N3IS6ZQE7Y8L,20,50,0.005756389592447617,0.0,1.0
AM20LNMBYFHHP,3,481,0.055376467879346074,0.0,1.0
A5TNBW52T92QJ,6,402,0.046281372323278835,0.0,1.0
A1K69BBLY0NVOW,0,27,0.003108450379921713,0.0,1.0
A2OH37ZS0I1RSK,2,55,0.006332028551692378,0.0,1.0
A38RMU1Y5TDP9,11,157,0.018075063320285516,0.0,1.0
A8IXRVW6N6THX,5,128,0.014736357356665898,0.0,1.0
A1SBTS8FHR10EZ,15,135,0.015542251899608565,0.0,1.0
A1ZJ8BWVM5L5GW,5,105,0.012088418144139995,0.0,1.0
A1CGJPFN8KPTDH,2,16,0.0018420446695832373,0.0,1.0
A37NODCIL8PP75,3,75,0.008634584388671426,0.0,1.0
A3YJX1TWOHVDA,23,47,0.00541100621690076,0.0,1.0
A2UJW6DKFDEPAS,3,481,0.055376467879346074,0.0,1.0
A1OTANPNRO4UNJ,6,5,0.0005756389592447617,0.0,1.0
A2BF3B582JCRZ4,11,157,0.018075063320285516,0.0,1.0
A1CYTBE7LLUQ8F,5,21,0.002417683628827999,0.0,1.0
A1CSKKTDNT13BD,20,50,0.005756389592447617,0.0,1.0
AZHOP0V69KO20,72,4,0.00046051116739580933,0.0,1.0
AKI2Y9IT0EMRR,20,50,0.005756389592447617,0.0,1.0
A35WP5LHJSZ4HC,0,27,0.003108450379921713,0.0,1.0
A3KA40XY9YRJR2,0,10,0.0011512779184895234,0.0,1.0
A2NX6MFZP8TM6S,0,31,0.0035689615473175223,0.00013285484533198403,0.7204301075268817
A2DCG7B6C3YA5K,3,481,0.055376467879346074,0.0,1.0
A80DXXEKX12RI,11,631,0.07264563665668893,0.0013304512172619392,0.6425225769124343
A1L7I7J1A2GBL6,0,34,0.00391434492286438,0.0,1.0
A16CV6OJMT3RVO,43,10,0.0011512779184895234,0.0,1.0
A30I0LXKTAP4F,0,243,0.027976053419295415,0.0,1.0
AUEBGCH3FFPTQ,6,402,0.046281372323278835,0.0,1.0
A1L6PBIR22S3FA,3,8,0.0009210223347916187,0.0,1.0
A23956TW9D1LTN,43,10,0.0011512779184895234,0.0,1.0
A1435P5AMCPB3X,0,8,0.0009210223347916187,0.0,1.0
AVUAK0N5NI9X2,0,9,0.001036150126640571,0.0,1.0
A2BZF12UZ53GAU,47,8,0.0009210223347916187,0.0,1.0
AS5TFE8EY77WU,11,157,0.018075063320285516,0.0,1.0
A83BIO3AO15LQ,11,13,0.0014966612940363804,0.0,1.0
A2RZGU7NDOEN8S,19,69,0.007943817637577712,0.0,1.0
ADTOR4IQAYC2G,6,17,0.00195717246143219,0.0,1.0
A3U648J0AHF50K,0,8,0.0009210223347916187,0.0,1.0
A3LWII71ZQZQ5G,2,55,0.006332028551692378,0.0,1.0
A1GYAEE9ISZKUA,2,16,0.0018420446695832373,0.0,1.0
A9Y5O2R4D6EH5,34,14,0.0016117890858853327,0.0,1.0
A3QNX5KWHDV0GD,9,30,0.00345383375546857,0.0,1.0
A33O79GQ8QW4TU,16,93,0.010706884641952567,0.0,1.0
A1HMI0JPCWQY4E,0,12,0.001381533502187428,0.0,1.0
A171JOM1WWO69U,43,10,0.0011512779184895234,0.0,1.0
A1B52QAAMM1OUJ,14,107,0.0123186737278379,0.0,1.0
A9P7T0ZHR3FCH,6,402,0.046281372323278835,0.0,1.0
A326CJOIAVMKIR,0,55,0.006332028551692378,0.0,1.0
AI0BCEWRE04G0,10,60,0.00690766751093714,0.0,1.0
A1EA08F54PPH4O,20,50,0.005756389592447617,0.0,1.0
A34V0V1CGJPKIU,0,243,0.027976053419295415,0.0,1.0
A1BPRRT5QIKU8J,2,48,0.005526134008749712,6.909821823295941e-05,0.8120567375886525
A3CRIG5P35VKUB,11,157,0.018075063320285516,0.0,1.0
AQT7VQSW7UOM2,0,77,0.00886483997236933,0.0,1.0
A3S5XXLY0HSRAR,0,9,0.001036150126640571,0.0,1.0
A1FFKKJYBNSAYM,75,4,0.00046051116739580933,0.0,1.0
A3FJXFLTQZU978,0,12,0.001381533502187428,0.0,1.0
A1HSX3ZEQI9QAB,3,14,0.0016117890858853327,0.0,1.0
A10KI8CUGFN14O,8,232,0.02670964770895694,0.0,1.0
ALIE0DVM3I2R1,9,29,0.0033387059636196177,0.0,1.0
A1RMPGNNAEJCVI,38,13,0.0014966612940363804,0.0,1.0
A3NSPDT7PQAUA5,0,55,0.006332028551692378,0.0,1.0
ADOBXF9W3UUKN,9,29,0.0033387059636196177,0.0,1.0
A309WRQUO9GY7T,5,21,0.002417683628827999,0.0,1.0
A1WFDJHDWDVGW8,20,50,0.005756389592447617,0.0,1.0
AM76TKHVICZC6,3,481,0.055376467879346074,0.0,1.0
A2SEEDV7NNPIBG,0,23,0.0026479392125259038,0.0,1.0
A18SK3MILJ272B,3,481,0.055376467879346074,0.0,1.0
A3P2RMAC6YQ51V,3,481,0.055376467879346074,0.0,1.0
ATO7H6R5SQKIX,17,22,0.0025328114206769514,0.0,1.0
A1LVDHMAHS387Q,2,16,0.0018420446695832373,0.0,1.0
A3KTU2HKCBMFVR,11,13,0.0014966612940363804,0.0,1.0
ACBNNQP87PKEY,6,402,0.046281372323278835,0.0,1.0
A1CZ8JTF1JCI72,2,9,0.001036150126640571,0.0,1.0
A3J7BP60ZB6HW3,0,41,0.004720239465807046,0.0,1.0
A3AD2Z84TP6P2S,0,9,0.001036150126640571,0.0,1.0
A41R4FYVV8YCO,5,128,0.014736357356665898,0.0,1.0
A3HNADBFO4LTG,0,243,0.027976053419295415,0.0,1.0
A2ZH26QW2ZPK2C,14,128,0.014736357356665898,0.001971306461196739,0.7236712598425197
AULFLNWJP1QXY,8,9,0.001036150126640571,0.0,1.0
A1W2DP25RTN59X,1,37,0.004259728298411237,0.0,1.0
A2RQKWQP4W3I2M,0,55,0.006332028551692378,0.0,1.0
A2WY7M2G4FUK9Y,43,10,0.0011512779184895234,0.0,1.0
ADXSJ9MBHM236,6,402,0.046281372323278835,0.0,1.0
ADWC6B49QR30H,11,157,0.018075063320285516,0.0,1.0
A2AFZNODU90LOV,47,8,0.0009210223347916187,0.0,1.0
A1YV5G4GL5N6XV,1,14,0.0016117890858853327,0.0,1.0
AQPIILREUKLZM,20,50,0.005756389592447617,0.0,1.0
ARLTYP6WGMJSZ,5,14,0.0016117890858853327,0.0,1.0
A21HD9LIRFID71,8,232,0.02670964770895694,0.0,1.0
AD6XZ8L68MFNU,9,13,0.0014966612940363804,0.0,1.0
A13YCUYVQ1S2WP,11,157,0.018075063320285516,0.0,1.0
A2MSQT2P5PH6O3,0,4,0.00046051116739580933,0.0,1.0
A32VHSD0V87NOU,0,8,0.0009210223347916187,0.0,1.0
A1AGGVT4VE56D,6,421,0.048468800368408935,0.001286737978975515,0.9136070580251103
A24RBKSMOOSPAB,42,10,0.0011512779184895234,0.0,1.0
AVSMRPI23DQI2,11,33,0.003799217131015427,0.0,1.0
A10MVOFKTZVNN4,0,77,0.00886483997236933,0.0,1.0
A1K6G765GJLOZE,0,8,0.0009210223347916187,0.0,1.0
A1GPS3ULIPNN4R,28,20,0.002302555836979047,0.0,1.0
A99C0X6M72RM3,34,14,0.0016117890858853327,0.0,1.0
A206XQ50UQS1GG,10,5,0.0005756389592447617,0.0,1.0
A197KHD1GQ96ZH,0,27,0.003108450379921713,0.0,1.0
A3O6UZVYTJY1S7,5,20,0.002302555836979047,0.0,1.0
A2BRXREMT5WZJ0,11,157,0.018075063320285516,0.0,1.0
A2FKY5R4NSHJ93,0,16,0.0018420446695832373,0.0,1.0
AGQ45LLYE4LQO,0,77,0.00886483997236933,0.0,1.0
AXW14DXA684N4,3,9,0.001036150126640571,0.0,1.0
AS6534SXKS1KZ,6,402,0.046281372323278835,0.0,1.0
A3JU243J8NU729,8,232,0.02670964770895694,0.0,1.0
A14LG64GIVZIGS,1,248,0.02855169237854018,0.001283001487919351,0.5769230769230769
A28M7EFC3YLY3F,5,58,0.006677411927239235,0.0002743757263849788,0.6273442226255294
A1UVUFYKDK4N41,85,4,0.00046051116739580933,0.0,1.0
A3DMK9OFGHKA8U,0,23,0.0026479392125259038,0.0,1.0
A2UCQH27E2E312,42,10,0.0011512779184895234,0.0,1.0
A18APJULAWONNE,6,402,0.046281372323278835,0.0,1.0
A2Y6MZHG0MPCTN,2,55,0.006332028551692378,0.0,1.0
A30UV3IIH7IJF,1,21,0.002417683628827999,0.004021499924204061,0.4857142857142857
A2T4KPVN5XQ5V6,3,481,0.055376467879346074,0.0,1.0
A2TIA4WQ8RRHJO,6,402,0.046281372323278835,0.0,1.0
A2IFT8RDBN3P35,3,490,0.05641261800598664,0.0010155440414507772,0.9638662827094028
AQ6F5FMEFRIKL,9,30,0.00345383375546857,0.0,1.0
A2AOB5EFWI6SI7,10,12,0.001381533502187428,0.0,1.0
A21LAY2T4KERFL,21,69,0.007943817637577712,0.0,1.0
A2R9M9ALI356JU,0,67,0.007713562053879806,0.0,1.0
A2CX4X0IIKGSNJ,10,12,0.001381533502187428,0.0,1.0
ANV2AKYYI04EU,3,481,0.055376467879346074,0.0,1.0
A3KCFRTFNBGV3L,9,13,0.0014966612940363804,0.0,1.0
A32PY9MW5928O5,5,52,0.005986645176145521,0.00046751289302772756,0.5173453996983409
ALBRW4Q4GOTJ2,2,68,0.00782868984572876,0.0,1.0
AVEUMSBNRA5TJ,10,224,0.025788625374165323,0.0,1.0
A3HJGWV3E5U502,0,8,0.0009210223347916187,0.0,1.0
A1SMIJLAMGWXCJ,11,13,0.0014966612940363804,0.0,1.0
A2WYP6MZRK4G4A,6,402,0.046281372323278835,0.0,1.0
A1UJB03PXSGQON,6,402,0.046281372323278835,0.0,1.0
A3TLYL0E41W6DQ,11,157,0.018075063320285516,0.0,1.0
A1QKBG5JZ0CDPG,0,12,0.001381533502187428,0.0,1.0
A3GZHI2Y4HNJMD,9,29,0.0033387059636196177,0.0,1.0
A14VMJEA22VY1A,9,62,0.007137923094635045,0.000399426243197691,0.511369645690111
A2Y8QYR1IOIA06,11,157,0.018075063320285516,0.0,1.0
A2K51F7XMZ3YY3,2,68,0.00782868984572876,0.0,1.0
A1U6C4G5YT51E,10,6,0.000690766751093714,0.0,1.0
A2BAKWNFT9N7L5,1,45,0.005180750633202855,0.004180627247377236,0.7090909090909091
AECYGE0VCQ8HB,0,243,0.027976053419295415,0.0,1.0
ADIA0K5LUGSYF,44,11,0.0012664057103384757,0.0,1.0
A22J6L1NSD0U5B,10,224,0.025788625374165323,0.0,1.0
A1QHTHV3S8J3GJ,9,30,0.00345383375546857,0.0,1.0
A2II4B6CJ4O47Q,0,64,0.007368178678332949,0.0010155440414507772,0.7544642857142857
A32Z1V9II49XZY,72,4,0.00046051116739580933,0.0,1.0
A1LCO3C4LIJANB,10,224,0.025788625374165323,0.0,1.0
A2WBT0TCU7YHW8,20,50,0.005756389592447617,0.0,1.0
A32JA9FA6O0XST,1,14,0.0016117890858853327,0.0,1.0
A2VTAZ74VGR64W,3,481,0.055376467879346074,0.0,1.0
A3A53X9NSO3M4Z,49,7,0.0008058945429426663,0.0,1.0
A3KNDQ98179AHY,8,232,0.02670964770895694,0.0,1.0
A20AOQWXYDFAU7,20,50,0.005756389592447617,0.0,1.0
AMEGPD597TRUN,5,21,0.002417683628827999,0.0,1.0
A3BKOOED6SA0G9,11,157,0.018075063320285516,0.0,1.0
A3HRDRQ5VAFPQS,12,183,0.021068385908358276,0.0,1.0
A1VASOVPUGUYEJ,11,157,0.018075063320285516,0.0,1.0
A1HOV5ICDDKI03,19,69,0.007943817637577712,0.0,1.0
A3PDNV30IFOUBT,0,4,0.00046051116739580933,0.0,1.0
A15UNI5A23UA4J,0,32,0.0036840893391664746,0.0,1.0
A29EGA8RIDPUJ1,1,210,0.02417683628827999,0.0,1.0
A2CMDNV9KR1OCF,0,77,0.00886483997236933,0.0,1.0
A1N3GNCJWXQ1ZP,0,15,0.001726916877734285,0.0,1.0
AY1AH6JFEURNZ,5,105,0.012088418144139995,0.0,1.0
A3R42MDM98MW2Q,8,232,0.02670964770895694,0.0,1.0
A14HHLBGGNNCFK,9,30,0.00345383375546857,0.0,1.0
A2N0XYJE6MU9LZ,5,105,0.012088418144139995,0.0,1.0
A1TRAEV7QWA5DX,11,157,0.018075063320285516,0.0,1.0
AYE6O5A7WOXR0,0,15,0.001726916877734285,0.0,1.0
A229KNRZM9URT,11,13,0.0014966612940363804,0.0,1.0
A2TQ16HTB6F0JU,2,55,0.006332028551692378,0.0,1.0
AH91ZJ8W8NCLR,2,456,0.052498273083122264,0.0019652137353061,0.7912955465587045
A3PVE6QACV6WRK,15,50,0.005756389592447617,0.0,1.0
A6Y8G4A9DM7VK,5,105,0.012088418144139995,0.0,1.0
A3JUAIWL571I2R,20,50,0.005756389592447617,0.0,1.0
A3NYY0MCW3F36,0,6,0.000690766751093714,0.0,1.0
A20Y4QKFFH7A2X,0,34,0.00391434492286438,0.0,1.0
A113KNP2LMBXMI,5,128,0.014736357356665898,0.0,1.0
A2DVPGMT4IU827,14,130,0.014966612940363803,0.0036981267802820646,0.706499701848539
A38IWCW17QMNI9,9,30,0.00345383375546857,0.0,1.0
A2YBYKUXJM5LW4,0,11,0.0012664057103384757,0.0,1.0
A2NCSPA53VB4OK,19,69,0.007943817637577712,0.0,1.0
A94SPCQ65L2SL,10,224,0.025788625374165323,0.0,1.0
A1POGSPD4HN8Y1,29,17,0.00195717246143219,0.0,1.0
A3LAPQWMLWTYRK,12,585,0.06734975823163711,0.006537460341460927,0.5697225149279944
A1XMW0DEX90OEA,5,14,0.0016117890858853327,0.0,1.0
A1NI52A6BBZSZO,34,14,0.0016117890858853327,0.0,1.0
A1S3FOP19D8W1X,43,10,0.0011512779184895234,0.0,1.0
A17YINFAHQJ7GA,5,128,0.014736357356665898,0.0,1.0
A1I7UZEKGFIYP,11,157,0.018075063320285516,0.0,1.0
A1QLZMPVXL281Y,11,5,0.0005756389592447617,0.0,1.0
A35PIJ9XIK1QDG,2,68,0.00782868984572876,0.0,1.0
A3DZIDWH11X2BF,5,155,0.01784480773658761,0.0007123207654015314,0.7738583996648513
A2CQET6JR59YEY,12,183,0.021068385908358276,0.0,1.0
A2759PRDPCNGXF,9,30,0.00345383375546857,0.0,1.0
A33J5VPBSW64XC,6,402,0.046281372323278835,0.0,1.0
AIBSG1S4OFJH6,0,5,0.0005756389592447617,0.0,1.0
A3CKHLERBVJ86H,3,8,0.0009210223347916187,0.0,1.0
AV8XORAUWHHZJ,6,402,0.046281372323278835,0.0,1.0
A3QPQD77H49IFR,11,157,0.018075063320285516,0.0,1.0
AXN9VY5129WYT,10,5,0.0005756389592447617,0.0,1.0
A1V8ZZOQ50N74V,2,68,0.00782868984572876,0.0,1.0
A1HSAYB9K98OGX,0,109,0.012548929311535804,0.0012306211279128369,0.5667686034658511
A1YMI27NURH2YC,0,77,0.00886483997236933,0.0,1.0
A1FI3PMS0U7KQL,12,183,0.021068385908358276,0.0,1.0
A2M67X3IJ1EMIH,3,14,0.0016117890858853327,0.0,1.0
A1MM4GI4DEMAJ8,10,224,0.025788625374165323,0.0,1.0
A3BOVI9G971LA7,8,232,0.02670964770895694,0.0,1.0
A1QYFJP4PJMXGC,5,14,0.0016117890858853327,0.0,1.0
A35JP8KSV9281K,9,107,0.0123186737278379,0.0,1.0
A354OVU5DU050Q,8,232,0.02670964770895694,0.0,1.0
A32WCCXGTR5UFX,3,657,0.07563895924476169,0.0025758628795615286,0.6131436314363143
A2PAD826IH1HFE,6,402,0.046281372323278835,0.0,1.0
A1FA27A4WMCDZL,6,5,0.0005756389592447617,0.0,1.0
ASOD8X0ZOI3SU,0,243,0.027976053419295415,0.0,1.0
A1WF4CS5PX9N73,11,157,0.018075063320285516,0.0,1.0
A3GZQJZLSMETLI,9,143,0.016463274234400183,0.0006105775856767959,0.6315374766078992
A12TAFRBBG9EI6,1,9,0.001036150126640571,0.0,1.0
A2690TEJA2N778,0,6,0.000690766751093714,0.0,1.0
A19HKRB4LU5YR,5,20,0.002302555836979047,0.0,1.0
AKAW7SD0O63C2,5,50,0.005756389592447617,0.0,1.0
A3B20R4ZAH0Y2Y,16,93,0.010706884641952567,0.0,1.0
A1B9W7LG5CQ8LL,21,69,0.007943817637577712,0.0,1.0
A21UD8A89984GP,20,50,0.005756389592447617,0.0,1.0
A283A424XAZCGX,5,21,0.002417683628827999,0.0,1.0
A27NKDSY5J9MEB,14,107,0.0123186737278379,0.0,1.0
ASHJAZC9OA9NS,20,50,0.005756389592447617,0.0,1.0
A3D5B2CBFNJB0K,44,11,0.0012664057103384757,0.0,1.0
A2GRLLJC2JK9FN,6,402,0.046281372323278835,0.0,1.0
A3IDFHUI53L11Y,8,232,0.02670964770895694,0.0,1.0
AT8TIN5JKHO2V,0,33,0.003799217131015427,0.0012682520403701132,0.19696969696969696
A16DISUEZB83W6,43,10,0.0011512779184895234,0.0,1.0
AKZ32SQMCXBS2,12,183,0.021068385908358276,0.0,1.0
A32B969NDCPVWQ,0,5,0.0005756389592447617,0.0,1.0
A1ITCVZ46MUB3A,73,4,0.00046051116739580933,0.0,1.0
A1AP9NRICWMME4,11,157,0.018075063320285516,0.0,1.0
A3EO7H0UOYYVJ,11,157,0.018075063320285516,0.0,1.0
A5135DZW9GC8X,2,43,0.0049504950495049506,0.0,1.0
A2E30AV53XVK1D,5,240,0.02763067004374856,0.0013700132312592797,0.5059623430962343
AVMWJGOUXWY2D,0,34,0.00391434492286438,0.0,1.0
A2YY8ZX8R5HYMF,0,42,0.004835367257655998,0.0,1.0
ABQEDHBG91BBR,2,55,0.006332028551692378,0.0,1.0
A193Z1VJBI7TRC,38,13,0.0014966612940363804,0.0,1.0
AMFBRE9UYUCEU,6,402,0.046281372323278835,0.0,1.0
A244ASJUKMUGSI,0,15,0.001726916877734285,0.0,1.0
A3AUWB5YGG0W20,19,69,0.007943817637577712,0.0,1.0
A23A3FEXAMBOIJ,0,27,0.003108450379921713,0.0,1.0
A2FC3ME27RF1N,4,551,0.06343541330877274,0.0,1.0
A12Q2PV6TZ6XX9,20,50,0.005756389592447617,0.0,1.0
A2N07D07YVB08S,0,5,0.0005756389592447617,0.0,1.0
AU9TU640Z88PY,0,77,0.00886483997236933,0.0,1.0
AHSB4CWEHOOP2,38,13,0.0014966612940363804,0.0,1.0
AZZR8DUVE5L8O,34,14,0.0016117890858853327,0.0,1.0
ALMIFFHNE45JX,0,72,0.008289201013124569,0.0017404480559751244,0.7187010954616588
A2Y4N0IFVNNP46,4,566,0.06516233018650702,0.003450775244556372,0.9483098283248381
A3IZXJRV8RHUQC,34,14,0.0016117890858853327,0.0,1.0
A75XLNYQN0QRW,2,68,0.00782868984572876,0.0,1.0
A1LBH85DP0NEVO,9,78,0.008979967764218283,0.0,1.0
A1URXSRV6WDHVY,15,183,0.021068385908358276,0.0009918895837561777,0.616825797153666
A3DHCTLD4XJJIG,5,44,0.005065622841353903,0.0,1.0
A2MPLELJPDNTUQ,5,44,0.005065622841353903,0.0,1.0
A1BM3ER2HHHR7T,10,60,0.00690766751093714,0.0,1.0
A2GLAFB46IUJP7,9,29,0.0033387059636196177,0.0,1.0
AYEDD0H73HY09,19,69,0.007943817637577712,0.0,1.0
A3BTFKDNAC29JL,37,15,0.001726916877734285,0.0,1.0
A2ZAJGOIF88NLJ,6,402,0.046281372323278835,0.0,1.0
ARPX4QADOUSVM,3,14,0.0016117890858853327,0.0,1.0
AS9YSOCMP1D9D,0,10,0.0011512779184895234,0.0,1.0
A36DSZZST9T1RQ,5,105,0.012088418144139995,0.0,1.0
A1FYX3RHM6B6EX,0,257,0.02958784250518075,0.0012636183903858619,0.8966439688715954
A2ED50E3KWKUKW,5,155,0.01784480773658761,0.00209905305046089,0.56036866359447
A2EBEC60QO7QGW,8,232,0.02670964770895694,0.0,1.0
A2ZJPDH0YP90SD,2,68,0.00782868984572876,0.0,1.0
AO4ZALF33HP0,0,12,0.001381533502187428,0.0,1.0
A2SZOQBR5IWD59,5,20,0.002302555836979047,0.0,1.0
A5JXRY7KNM1QK,11,157,0.018075063320285516,0.0,1.0
A16EQGG2OZD7AE,0,34,0.00391434492286438,0.0,1.0
A3QSYD9EOX6BTP,14,10,0.0011512779184895234,0.0,1.0
A3GCU32XBIEDMB,10,60,0.00690766751093714,0.0,1.0
A5BB2IEW4LRGP,73,4,0.00046051116739580933,0.0,1.0
A179EHWXB6NSIQ,2,10,0.0011512779184895234,0.0,1.0
ALIMSOTBD6WMK,20,50,0.005756389592447617,0.0,1.0
A2Y4QQTCIP2E0E,0,32,0.0036840893391664746,0.0,1.0
A1V2ZO1JLPJS8E,5,105,0.012088418144139995,0.0,1.0
A3RGAR7ZY1OEGT,10,224,0.025788625374165323,0.0,1.0
AXGSXTSBRGDMZ,0,7,0.0008058945429426663,0.0,1.0
A2ZAIKFQ0LQ0WV,0,16,0.0018420446695832373,0.0,1.0
A1L14TJ4LSADUP,5,105,0.012088418144139995,0.0,1.0
AROWZGGO4VTJU,0,243,0.027976053419295415,0.0,1.0
A1BK60GZ4QME6I,5,105,0.012088418144139995,0.0,1.0
A18BX7HMYDZ7IP,5,21,0.002417683628827999,0.0,1.0
AGTDTFUBMK88S,9,29,0.0033387059636196177,0.0,1.0
A37KEW14MD925E,0,10,0.0011512779184895234,0.0,1.0
AQD4Y38IFTXEA,8,232,0.02670964770895694,0.0,1.0
A1PACH221DODGO,49,7,0.0008058945429426663,0.0,1.0
A39FOHN4RAHGB6,0,20,0.002302555836979047,0.0,1.0
AWBUA3QUM6DRY,0,16,0.0018420446695832373,7.659466439806499e-05,0.5
A2KK3KCSA118PF,2,37,0.004259728298411237,0.0,1.0
A2W7FH5YOZ6KWD,0,243,0.027976053419295415,0.0,1.0
A3VD9J3FIVJTF2,1,9,0.001036150126640571,0.0,1.0
A21BRJ72OZGU98,9,29,0.0033387059636196177,0.0,1.0
A1IL8I2ZD6QVVC,2,4,0.00046051116739580933,0.0,1.0
A3GKY17CHGC5OT,35,13,0.0014966612940363804,0.0,1.0
A24QX6M2GAHF0T,0,35,0.004029472714713332,0.0,1.0
ASBCVHHEO1QXB,11,157,0.018075063320285516,0.0,1.0
A1TDU9KYO4EFE4,2,5,0.0005756389592447617,0.0,1.0
A3UW7WC3KDQUPP,10,12,0.001381533502187428,0.0,1.0
A1QI2OEKR1TXQR,10,224,0.025788625374165323,0.0,1.0
A2211XQCAX9TD4,0,5,0.0005756389592447617,0.0,1.0
A2PNSW5ZWFISHU,0,34,0.00391434492286438,0.0,1.0
A3HOD6ZNT3Y475,2,68,0.00782868984572876,0.0,1.0
A3GGOU7B5NVAIS,15,50,0.005756389592447617,0.0,1.0
A2NX6PABLIJLP1,5,14,0.0016117890858853327,0.0,1.0
A16RZ80WPLJVC5,19,69,0.007943817637577712,0.0,1.0
A35JT7XCQM7D37,71,4,0.00046051116739580933,0.0,1.0
A3LORKXNGG3PX3,6,402,0.046281372323278835,0.0,1.0
A1OOCC4V3H670F,11,157,0.018075063320285516,0.0,1.0
A12TECTYSRJ3UR,47,8,0.0009210223347916187,0.0,1.0
A1SNT83NFD4U8N,9,30,0.00345383375546857,0.0,1.0
A1O3LAET0L3BHU,38,13,0.0014966612940363804,0.0,1.0
A1V6GWOYZEVVKT,10,224,0.025788625374165323,0.0,1.0
A1GE6AROZ4IEAJ,14,110,0.012664057103384757,8.462867012089809e-05,0.9479566305254379
A2U1CMEGA3950K,6,402,0.046281372323278835,0.0,1.0
A1DUC23R0YP9F7,2,68,0.00782868984572876,0.0,1.0
A1Z64RLLQYQ959,20,50,0.005756389592447617,0.0,1.0
A2LMVRUCHB6G8K,66,5,0.0005756389592447617,0.0,1.0
A2E95ZZNAQ24GS,8,232,0.02670964770895694,0.0,1.0
A1UN8HF1AY2KJF,11,157,0.018075063320285516,0.0,1.0
AH1KJ45IQTM4T,10,224,0.025788625374165323,0.0,1.0
A2I85TDI7XF3C3,0,12,0.001381533502187428,0.0,1.0
AV1GL5WEA5MRW,0,12,0.001381533502187428,0.0,1.0
A1XYXUV7IFHC4A,0,77,0.00886483997236933,0.0,1.0
A4J496S0ASF2I,2,16,0.0018420446695832373,0.0,1.0
A5BR77YAIE341,11,157,0.018075063320285516,0.0,1.0
A1B4MIXYVIKMU2,6,402,0.046281372323278835,0.0,1.0
A1LA4K5JF78BER,9,34,0.00391434492286438,0.0,1.0
AGZDSR4R8SA2S,7,24,0.002763067004374856,0.0,1.0
A24N1BAS3CU27H,6,17,0.00195717246143219,0.0,1.0
A1TND9THMFVTQG,11,173,0.019917107989868753,0.0024931451458327434,0.8311601021642694
A1B30WMI3SO6CB,3,75,0.008634584388671426,0.0,1.0
A23SRAOAAD81FF,0,41,0.004720239465807046,0.0,1.0
AE55ZYNOXOERC,0,77,0.00886483997236933,0.0,1.0
A1FP5PIA2TSJQE,6,402,0.046281372323278835,0.0,1.0
A201DLHZ2NJ3CD,19,69,0.007943817637577712,0.0,1.0
A823L2YB2FKBC,3,481,0.055376467879346074,0.0,1.0
A1NJLUKL3K8BDK,1,12,0.001381533502187428,0.0,1.0
A1CX5JZD7J6M0N,5,35,0.004029472714713332,0.0,1.0
A1NBYDWT892WMS,8,238,0.027400414460050655,7.394686436093974e-05,0.9510690352090203
A3QU3O79AGNWCY,5,35,0.004029472714713332,0.0,1.0
A1REOLG5QU1EFV,15,135,0.015542251899608565,0.0,1.0
AP6SQ9NLF1QYZ,0,15,0.001726916877734285,0.0,1.0
A1ZM846Y7AUYD,6,402,0.046281372323278835,0.0,1.0
A2V69WVX5K1CHO,2,16,0.0018420446695832373,0.0,1.0
A3SZOSH24K83K6,0,15,0.001726916877734285,0.0,1.0
A2OD0GJGVMA07I,0,5,0.0005756389592447617,0.0,1.0
AH5NDKZ3YK0AE,0,7,0.0008058945429426663,0.0,1.0
ALGDCIFQZYMH9,12,5,0.0005756389592447617,0.0,1.0
A118A49ORGNEUM,2,494,0.05687312917338245,0.001012723800253937,0.9488630297854169
A1E8XGHM6Z4W93,2,14,0.0016117890858853327,0.0,1.0
A1RQWM3PIX7XS4,9,34,0.00391434492286438,0.0,1.0
A1UP5CIELABXA7,0,162,0.01865070227953028,0.0018681775786105112,0.5488842880147228
A3UO7TPKCH3D4,0,287,0.03304167626064932,0.007651191430029275,0.6065641675397773
A1IF3VUAXBTX00,0,21,0.002417683628827999,0.00011833144182286028,0.6
A1HBLNE8QYSG3Z,1,210,0.02417683628827999,0.0,1.0
AWUQ43W80B8ED,11,157,0.018075063320285516,0.0,1.0
A3QJM92LOBZJ6P,9,29,0.0033387059636196177,0.0,1.0
AG20C61GKNS1Y,3,481,0.055376467879346074,0.0,1.0
A257GFB4MEE56X,20,50,0.005756389592447617,0.0,1.0
AA797LFUG2ZGS,0,243,0.027976053419295415,0.0,1.0
A3QDY5F9BA5V0B,22,57,0.006562284135390283,0.0,1.0
A2Z7MIEHHW9AIT,2,16,0.0018420446695832373,0.0,1.0
A3FYSRXY46VSF1,15,135,0.015542251899608565,0.0,1.0
AERMWZDGNY8KC,19,69,0.007943817637577712,0.0,1.0
A1R0Z1BJGWRH8E,1,210,0.02417683628827999,0.0,1.0
AO8F2P769YIA9,5,21,0.002417683628827999,0.0,1.0
A3BSYRSX8N8FQ8,11,157,0.018075063320285516,0.0,1.0
A1XU4L0QTHU93T,8,232,0.02670964770895694,0.0,1.0
A2C4N3KROL6WA2,20,50,0.005756389592447617,0.0,1.0
A2VR3SNZMCUTZ6,3,481,0.055376467879346074,0.0,1.0
A2MCZOZ2X2ZQYK,5,50,0.005756389592447617,0.0,1.0
AGQIQ1TEW7H5R,49,7,0.0008058945429426663,0.0,1.0
AWNWOMUT9HS2D,1,210,0.02417683628827999,0.0,1.0
A2XUW6VTPD0ILX,0,243,0.027976053419295415,0.0,1.0
A1PSVZBM894R5H,0,64,0.007368178678332949,0.0002996395297498506,0.8020833333333334
ABLYG410FOSK,0,243,0.027976053419295415,0.0,1.0
A3S8A9JBOP1PG7,31,4,0.00046051116739580933,0.0,1.0
AV7371VDFACZO,6,402,0.046281372323278835,0.0,1.0
A1W0XQLEYWGQC5,0,243,0.027976053419295415,0.0,1.0
A2FG90RW53W8WS,0,41,0.004720239465807046,0.0,1.0
A13JZ1WIEZMJXX,20,50,0.005756389592447617,0.0,1.0
ATY86XH2DJ4ZH,29,17,0.00195717246143219,0.0,1.0
A35EXMSN4DPU9I,8,232,0.02670964770895694,0.0,1.0
A1BRX51FAKAAVH,6,402,0.046281372323278835,0.0,1.0
A3DODUI5D91JKN,22,57,0.006562284135390283,0.0,1.0
A296QHS9BLVFLH,2,14,0.0016117890858853327,0.0,1.0
A2T8BSIIGDZYJS,20,50,0.005756389592447617,0.0,1.0
A2U4Z76U7DF68,7,276,0.03177527055031085,0.0034228646036624003,0.7268247694334651
A1L21TBR5TJ21T,0,8,0.0009210223347916187,0.0,1.0
A3977M5S0GIG5H,21,69,0.007943817637577712,0.0,1.0
A33US71RSEBUSC,8,232,0.02670964770895694,0.0,1.0
A3NO2DP8NTQ3E7,0,23,0.0026479392125259038,0.0,1.0
A2LO26RUD8RCXH,0,18,0.002072300253281142,4.7702612662389034e-05,0.5294117647058824
A1UVYL2G0XYX8W,0,243,0.027976053419295415,0.0,1.0
A1YDFJVQ8GUHTP,0,243,0.027976053419295415,0.0,1.0
A2UB3DLGTRBHVT,9,30,0.00345383375546857,0.0,1.0
ADAYT4YDXRSGY,73,4,0.00046051116739580933,0.0,1.0
A3JAH5WW61N2EK,0,5,0.0005756389592447617,0.0,1.0
A24WS0HVBX9D3L,11,157,0.018075063320285516,0.0,1.0
AFUG91MG3OW6O,11,29,0.0033387059636196177,0.0,1.0
A3OLAZKM77XR6P,7,9,0.001036150126640571,0.0,1.0
A101OAAMZYWQ3U,47,8,0.0009210223347916187,0.0,1.0
A30UM9C69L5W5G,0,16,0.0018420446695832373,0.0,1.0
A2V0SRJJJ3PD91,1,37,0.004259728298411237,0.0,1.0
A697GVG73H314,6,402,0.046281372323278835,0.0,1.0
A850S0PK7OMFU,10,6,0.000690766751093714,0.0,1.0
A3EXWV8FNSSFL6,0,12,0.001381533502187428,0.0,1.0
AV5OYCF0TNUZZ,3,75,0.008634584388671426,0.0,1.0
APNI0D19W2VQR,20,50,0.005756389592447617,0.0,1.0
A28LI4KXSRSVLY,0,35,0.004029472714713332,0.0,1.0
ARWRBORADGA3G,20,50,0.005756389592447617,0.0,1.0
ADG1I43JFC7YX,9,143,0.016463274234400183,0.0006105775856767959,0.6315374766078992
ANX51Y0Y4TXAK,12,183,0.021068385908358276,0.0,1.0
A311UKPJDYZOVL,29,17,0.00195717246143219,0.0,1.0
A1U1Y59XC65U2F,0,35,0.004029472714713332,0.0,1.0
A1FF0KZ7KWFDDH,3,481,0.055376467879346074,0.0,1.0
A31U2QT7SAL7K,0,4,0.00046051116739580933,0.0,1.0
AH9KZ2GSWIRQZ,0,77,0.00886483997236933,0.0,1.0
A32R6DMRW8JBNT,10,19,0.0021874280451300945,0.0,1.0
AY7RGI58I9W3B,2,43,0.0049504950495049506,0.0,1.0
A2QOLHSESSJZWJ,9,29,0.0033387059636196177,0.0,1.0
AZ7EFFHA5K82P,0,443,0.05100161178908588,0.0012936597959709456,0.8318641921085156
A1DLFC5GG1RQFL,20,50,0.005756389592447617,0.0,1.0
AJEBA8C74TQ5U,12,183,0.021068385908358276,0.0,1.0
A2R5QQBR79XURA,4,7,0.0008058945429426663,0.0,1.0
A1HO6RWO0CRWBB,0,42,0.004835367257655998,0.0,1.0
AP6T0CI46U93Z,10,17,0.00195717246143219,0.0,1.0
A3O1TDMJJOJFKG,9,34,0.00391434492286438,0.0,1.0
A2X7OZLHUKAAAT,5,20,0.002302555836979047,0.0,1.0
AJE5S2MH4SERA,6,402,0.046281372323278835,0.0,1.0
A2S081Y72FI34Z,20,50,0.005756389592447617,0.0,1.0
AWDYLVB91K23B,6,402,0.046281372323278835,0.0,1.0
A74HK3XXFGZ9G,14,107,0.0123186737278379,0.0,1.0
A17MH3UHMGOOC5,2,55,0.006332028551692378,0.0,1.0
ACSNZDXNUXSDB,0,25,0.0028781947962238084,1.1136019303438183e-05,0.5966666666666667
A215SE0FJ3R2GI,15,135,0.015542251899608565,0.0,1.0
A25SDTIJI2EFPG,20,50,0.005756389592447617,0.0,1.0
A1RLP0R1N8H8C4,4,562,0.0647018190191112,0.0006717796515003718,0.9615582240660742
A1XVBF3IR76QPL,71,4,0.00046051116739580933,0.0,1.0
A1H8EOX4LE3PNQ,0,35,0.004029472714713332,0.0,1.0
A2GQEXMQQHPEUB,0,27,0.003108450379921713,0.0,1.0
A14JTZ14GIYM3E,2,16,0.0018420446695832373,0.0,1.0
ARSW44J26H0WY,9,34,0.00391434492286438,0.0,1.0
A2KNQ0P1G1ZIE6,0,55,0.006332028551692378,0.0,1.0
APGN8QGF0P5QR,3,481,0.055376467879346074,0.0,1.0
A3CJHIIROCDAEJ,5,105,0.012088418144139995,0.0,1.0
AE68I04K30VHS,5,50,0.005756389592447617,0.0,1.0
A1O7NN2SNJZ9XY,9,34,0.00391434492286438,0.0,1.0
A11NRU3W8RS375,0,4,0.00046051116739580933,0.0,1.0
A3RO6Z7WI0032B,10,224,0.025788625374165323,0.0,1.0
A3VZH0PWLQ9BB1,1,37,0.004259728298411237,0.0,1.0
A2UBM2Y060XR7R,15,135,0.015542251899608565,0.0,1.0
A3NPFLYZKA4N09,11,157,0.018075063320285516,0.0,1.0
A3UBNP5DWQCNEH,10,19,0.0021874280451300945,0.0,1.0
A34C8TEM5H2JG9,6,402,0.046281372323278835,0.0,1.0
AZFM7IM6ZEX2T,5,125,0.014390973981119042,0.00035218724723400964,0.7291612903225806
A3XL1ZRLXVZM8,8,232,0.02670964770895694,0.0,1.0
A15XI2BEGGFEOW,5,128,0.014736357356665898,0.0,1.0
A10U7PLPODFA0M,5,21,0.002417683628827999,0.0,1.0
A230F2ZKGFGY8A,62,5,0.0005756389592447617,0.0,1.0
AW8UBYMNJ894V,0,55,0.006332028551692378,0.0,1.0
A38WJKB6YULQ6J,33,15,0.001726916877734285,0.0,1.0
A2JSFCLWWRXIJ4,0,12,0.001381533502187428,0.0,1.0
A3BSPXD2A2UQ2T,0,72,0.008289201013124569,2.4397131828157745e-05,0.6326291079812206
A37YWL8YILUNDL,3,481,0.055376467879346074,0.0,1.0
A2JHHYYOOO4DS6,4,551,0.06343541330877274,0.0,1.0
A2V99RXY8L0HL7,5,44,0.005065622841353903,0.0,1.0
A2SKUS5ULRZ8ZA,20,50,0.005756389592447617,0.0,1.0
A1JFXOFDRZ9CFQ,20,50,0.005756389592447617,0.0,1.0
A1VPV97Z0340WI,11,704,0.08104996546166245,0.0027211165330429826,0.6620732574679943
A1V3TRGWOMA8LC,0,71,0.008174073221275616,0.0006286806762185309,0.5271629778672032
A1IICUMRPXC4AL,10,60,0.00690766751093714,0.0,1.0
ASHA8TXSJ1GRF,27,21,0.002417683628827999,0.0,1.0
A29S1MTFU2DJMW,0,34,0.00391434492286438,0.0,1.0
A3AKVALGT4Y02G,13,218,0.02509785862307161,0.0,1.0
A19JO0D9LYFJZF,4,551,0.06343541330877274,0.0,1.0
A2ECC8ZVI96BNV,2,68,0.00782868984572876,0.0,1.0
A15QYHQH80W30L,9,29,0.0033387059636196177,0.0,1.0
A33YZNZIRA3H97,9,36,0.004144600506562284,0.0007898675877950488,0.6777777777777778
A5XWWZZL5NZUX,9,30,0.00345383375546857,0.0,1.0
A2WWF532XMFHRE,62,5,0.0005756389592447617,0.0,1.0
A1AUBZQQ1AWSP9,8,232,0.02670964770895694,0.0,1.0
AJJB4D6Y3T7AC,0,273,0.031429887174763985,0.0013605946954485188,0.8037599655246714
APVLFUAI3IDF7,8,232,0.02670964770895694,0.0,1.0
ATOKT8QYK967L,11,157,0.018075063320285516,0.0,1.0
A3G01RI3MUWWQ6,5,44,0.005065622841353903,0.0,1.0
A2WLNSZ9U0T1S3,15,135,0.015542251899608565,0.0,1.0
ATFXPMUBXBQ99,4,551,0.06343541330877274,0.0,1.0
A2XAHEQG61OQN1,20,50,0.005756389592447617,0.0,1.0
ACH055GTTIGC9,2,16,0.0018420446695832373,0.0,1.0
A66UH98TFR04V,0,243,0.027976053419295415,0.0,1.0
A3EVJFU8OGK8IT,3,75,0.008634584388671426,0.0,1.0
A19MDKEDNOK76X,0,6,0.000690766751093714,0.0,1.0
A2WYNTUJ91DLZW,0,77,0.00886483997236933,0.0,1.0
A1QRRMR2MQCN5,22,57,0.006562284135390283,0.0,1.0
A1GF4BH6WPBZ4Y,0,275,0.03166014275846189,0.0009678875237961276,0.7937889847378898
A32QOZWIKQDNZX,0,25,0.0028781947962238084,1.1136019303438183e-05,0.5966666666666667
A1VUUO6EEBON7Y,11,157,0.018075063320285516,0.0,1.0
A3IMYCI2PGALH3,0,11,0.0012664057103384757,0.0,1.0
APQQK1V695AUE,0,27,0.003108450379921713,0.00011589859430010272,0.4985754985754986
AXABTEYS7A4A8,15,135,0.015542251899608565,0.0,1.0
A1M9URNKLM42TG,5,14,0.0016117890858853327,0.0,1.0
A22QTBGOS7C3FL,23,47,0.00541100621690076,0.0,1.0
AOEAD7DPLZE53,5,21,0.002417683628827999,0.0,1.0
A356RFKNIG043B,3,481,0.055376467879346074,0.0,1.0
A3E68EBGXTWDNP,9,29,0.0033387059636196177,0.0,1.0
A39ANGL5T77E0B,4,551,0.06343541330877274,0.0,1.0
A15HFIL37EBL9V,3,481,0.055376467879346074,0.0,1.0
A3TWHKALXTJ4EF,9,29,0.0033387059636196177,0.0,1.0
A3IC02PU1BELQ1,11,157,0.018075063320285516,0.0,1.0
A6NZ93XM5N1DJ,11,157,0.018075063320285516,0.0,1.0
A2RB0X2T3VWV1B,9,30,0.00345383375546857,0.0,1.0
A1AKKYXG0Y0ULL,9,34,0.00391434492286438,0.0,1.0
ATGYH0TKHY9A1,2,37,0.004259728298411237,0.0,1.0
A2PIAVZR2957GK,5,14,0.0016117890858853327,0.0,1.0
A182GCZ1JR1TWH,31,13,0.0014966612940363804,0.0,1.0
A57QS8CXFWMV5,0,36,0.004144600506562284,0.0,1.0
ACQS5S0Q65SHV,12,183,0.021068385908358276,0.0,1.0
A2SPVQNKOW9YNN,5,105,0.012088418144139995,0.0,1.0
A1OU7JI6NKAYOF,15,135,0.015542251899608565,0.0,1.0
A3OHUH3RWUWO91,0,243,0.027976053419295415,0.0,1.0
A1PPDBGCKM9AM0,0,243,0.027976053419295415,0.0,1.0
A1LAH0VUZGP0HX,10,60,0.00690766751093714,0.0,1.0
A3LIEPHXF1SI1I,11,13,0.0014966612940363804,0.0,1.0
A3IXXABPCLE3UX,0,7,0.0008058945429426663,0.0,1.0
A1EDIAKY68UOFG,4,551,0.06343541330877274,0.0,1.0
A1P2V821D899GB,8,232,0.02670964770895694,0.0,1.0
A1AS0WT5Q7WE9M,0,243,0.027976053419295415,0.0,1.0
A3SXRG9TFJ41ZF,15,135,0.015542251899608565,0.0,1.0
AMHE73T0KPO2H,2,68,0.00782868984572876,0.0,1.0
A2BH42X4GDFUAY,9,29,0.0033387059636196177,0.0,1.0
A15N3ETU8WWAUB,12,183,0.021068385908358276,0.0,1.0
A3PAIUYIUNSP57,12,7,0.0008058945429426663,0.0,1.0
A8BZEB7HYFLKF,17,22,0.0025328114206769514,0.0,1.0
AULAFZN0HMQG0,11,157,0.018075063320285516,0.0,1.0
A135MK4P9G8EDX,10,17,0.00195717246143219,0.0,1.0
A2MBLVMVDLHK1L,9,78,0.008979967764218283,0.0,1.0
A2583R6OPKM7CN,3,14,0.0016117890858853327,0.0,1.0
A1ER23A7CRR5S5,11,46,0.0052958784250518075,9.257075606006968e-05,0.5855072463768116
A1WO5XDNFM80Y8,0,49,0.0056412618005986645,0.0,1.0
A1EH2S92FHWZRP,0,111,0.012779184895233709,0.0026324714412814367,0.5482391482391482
A1I2S55T0R9DTX,10,224,0.025788625374165323,0.0,1.0
A2O2D7JV0QU630,5,14,0.0016117890858853327,0.0,1.0
A15RDC4BZWPPQW,5,229,0.026364264333410083,0.0005876060197604239,0.5203018463188539
A1RHQFEIREK0KU,0,4,0.00046051116739580933,0.0,1.0
A3BL333OWK3I4J,11,157,0.018075063320285516,0.0,1.0
AE9LKENEJLL79,28,20,0.002302555836979047,0.0,1.0
A3NPZ24PG7U7VU,22,57,0.006562284135390283,0.0,1.0
A2SIYIHLRRM7J1,5,50,0.005756389592447617,0.0,1.0
A2P3LG0CZ2WNX0,3,197,0.02268017499424361,0.0009760097802470936,0.8673469387755102
AU7L8ZYYMSNRQ,2,37,0.004259728298411237,0.0,1.0
AHIK7BUXFRMT8,0,77,0.00886483997236933,0.0,1.0
A37U6OGB6BRJPQ,6,402,0.046281372323278835,0.0,1.0
A1AGU2XO1LL0BI,2,16,0.0018420446695832373,0.0,1.0
A2WKTACW026L63,8,232,0.02670964770895694,0.0,1.0
A2QKYGD9QERARX,11,157,0.018075063320285516,0.0,1.0
A2I6MHMAZZDCRX,61,5,0.0005756389592447617,0.0,1.0
A2POPDGIZ1XGFE,17,22,0.0025328114206769514,0.0,1.0
A2WHVT3GA5J71X,14,54,0.006216900759843426,0.0,1.0
A30VJALZMOTNW3,20,50,0.005756389592447617,0.0,1.0
AFH0V9CYF56IK,44,11,0.0012664057103384757,0.0,1.0
A1K5H8RA39DKT4,5,20,0.002302555836979047,0.0,1.0
A1D3CQN43Q2T3F,10,224,0.025788625374165323,0.0,1.0
A33YNEPUTEG8I0,9,30,0.00345383375546857,0.0,1.0
AKCE2SHQ736GH,43,10,0.0011512779184895234,0.0,1.0
A1TWM78I835NGZ,9,62,0.007137923094635045,0.000399426243197691,0.511369645690111
A2BXDDRQGI34PW,0,77,0.00886483997236933,0.0,1.0
A3UGCKULLHJ01E,0,35,0.004029472714713332,0.0,1.0
A370ZOS3HOG1JH,0,36,0.004144600506562284,0.0,1.0
A1IEFXS4C1TSB8,7,7,0.0008058945429426663,0.0,1.0
A26KXNN6H1IL0I,11,33,0.003799217131015427,0.0,1.0
AI0NMYA3LKXW1,0,41,0.004720239465807046,0.0,1.0
AAK7M9P1GEYWV,20,50,0.005756389592447617,0.0,1.0
A2TQUTVIN89ZXD,3,481,0.055376467879346074,0.0,1.0
A3UJDNT32ZJEF,9,34,0.00391434492286438,0.0,1.0
A124AKDXC26XT9,9,78,0.008979967764218283,0.0,1.0
A2WBEJH71SND3T,15,50,0.005756389592447617,0.0,1.0
AAYHXW1N151V4,27,21,0.002417683628827999,0.0,1.0
A5RM7VF99O19G,4,551,0.06343541330877274,0.0,1.0
ATYQBGM6Q5UMD,0,15,0.001726916877734285,0.0,1.0
A3RUY1Y0ZPNUJ4,0,27,0.003108450379921713,0.0,1.0
A2YIHYJLTKN8YJ,0,4,0.00046051116739580933,0.0,1.0
A3OJGB9EJQSXXF,19,69,0.007943817637577712,0.0,1.0
A3MZSWSG6L8EN2,3,530,0.06101772967994474,0.004766050135905964,0.8322930413382317
A30YRZHUDGLEK0,3,75,0.008634584388671426,0.0,1.0
AEGYIU4XJTYFN,6,402,0.046281372323278835,0.0,1.0
AVJRYJHGXR3NX,12,183,0.021068385908358276,0.0,1.0
A3ASFGE40HGXFD,8,232,0.02670964770895694,0.0,1.0
ANYDIV59WSQ6Q,0,77,0.00886483997236933,0.0,1.0
A3SFYMAGMJYXHC,19,69,0.007943817637577712,0.0,1.0
A3S3Y3JYFY96WZ,27,21,0.002417683628827999,0.0,1.0
A17HMM1M7T9PJ1,0,23,0.0026479392125259038,0.0,1.0
A2IA23HHLMUXA6,9,7,0.0008058945429426663,0.0,1.0
A20F5RFH0WVFNF,0,41,0.004720239465807046,0.0,1.0
ASWOF6PRBN5V0,4,551,0.06343541330877274,0.0,1.0
A2EZTM9WY5B5IL,6,402,0.046281372323278835,0.0,1.0
A1OZOJ8YVQQZCS,9,7,0.0008058945429426663,0.0,1.0
ASCRBSK5RD33H,5,20,0.002302555836979047,0.0,1.0
A3EKNB6HM09LN8,0,6,0.000690766751093714,0.0,1.0
A24SDFQWN8HVAK,5,44,0.005065622841353903,0.0,1.0
A31E19FNC235UQ,9,34,0.00391434492286438,0.0,1.0
A18HE80910BTZI,11,240,0.02763067004374856,0.0016657178141416841,0.5459553695955369
A1F9X6Z1EGWMNI,5,50,0.005756389592447617,0.0,1.0
A2GW1F1LPHQOZA,0,18,0.002072300253281142,0.0,1.0
A196U4AE2M1G44,12,183,0.021068385908358276,0.0,1.0
A1WPXG000113YQ,29,17,0.00195717246143219,0.0,1.0
A2Q2NQODHFA2C9,0,77,0.00886483997236933,0.0,1.0
A1N5U7RRKEJS9T,0,288,0.033156804052498275,0.0008702146541896402,0.73988579171506
A284KBVQ4OSZR,0,6,0.000690766751093714,0.0,1.0
A112SYEKX4ZTUI,2,55,0.006332028551692378,0.0,1.0
A1SKOP77DH7TEP,3,481,0.055376467879346074,0.0,1.0
A2Y23OZSZPO2D1,20,50,0.005756389592447617,0.0,1.0
A39TSOLD1HTE8M,3,481,0.055376467879346074,0.0,1.0
A2BBN72TP5QOPK,12,183,0.021068385908358276,0.0,1.0
AXLRBD9NUE6BV,9,78,0.008979967764218283,0.0,1.0
A14SPNJ9UVG42,0,10,0.0011512779184895234,0.0,1.0
A3355TU2GYGQQ3,8,232,0.02670964770895694,0.0,1.0
A27LYK37L6L37M,33,15,0.001726916877734285,0.0,1.0
AU8E774SC8TWK,9,34,0.00391434492286438,0.0,1.0
AUY3CWAZDVGT5,3,481,0.055376467879346074,0.0,1.0
A1QWGPBP61DPQP,62,5,0.0005756389592447617,0.0,1.0
A248LSBZT4P38V,4,738,0.08496431038452681,0.00555751373678488,0.6188937058977103
A1V7XAW40AHFQF,2,55,0.006332028551692378,0.0,1.0
A2959OYCZX0D4Y,11,157,0.018075063320285516,0.0,1.0
A382XPXKY11IIN,0,16,0.0018420446695832373,0.0,1.0
AKYNDGWD3TPAG,0,77,0.00886483997236933,0.0,1.0
A20KJABXJLXG9G,0,6,0.000690766751093714,0.0,1.0
A16KIQ83QUDL68,4,551,0.06343541330877274,0.0,1.0
A2ZTI6CV56ESV3,19,69,0.007943817637577712,0.0,1.0
A3NESHNWS733JS,2,16,0.0018420446695832373,0.0,1.0
A24RT6AVJXJZHF,5,44,0.005065622841353903,0.0,1.0
A1PLW9IUWONJUS,0,27,0.003108450379921713,0.0,1.0
ABDZCVPQVRPX5,0,11,0.0012664057103384757,0.0,1.0
ALVYD6HBLYI0W,10,19,0.0021874280451300945,0.0,1.0
A1MHDCGQE5186H,3,481,0.055376467879346074,0.0,1.0
A1A9BAB8AO2GK4,9,78,0.008979967764218283,0.0,1.0
A3MMQ88H2WCYVJ,0,10,0.0011512779184895234,0.0,1.0
A3MHMWIQ2GRHC3,2,55,0.006332028551692378,0.0,1.0
A1FPSSELKQNTK4,9,34,0.00391434492286438,0.0,1.0
A2PYISW9CMNCJB,6,402,0.046281372323278835,0.0,1.0
AXJU138LSIS2J,74,4,0.00046051116739580933,0.0,1.0
A1I4CSPYVVDOR3,0,6,0.000690766751093714,0.0,1.0
A1XH86OU75RY6Y,21,69,0.007943817637577712,0.0,1.0
A31Y28UEDXQ0HB,9,84,0.009670734515311996,0.010642098603616658,0.4965576592082616
A1VNJIS05GETA4,3,75,0.008634584388671426,0.0,1.0
A23RCAS3DH5555,19,69,0.007943817637577712,0.0,1.0
A37MO3JSJKWYQ8,10,224,0.025788625374165323,0.0,1.0
A3SOLBOIBNYCCP,9,34,0.00391434492286438,0.0,1.0
AVX4WIV5O4F93,3,657,0.07563895924476169,0.0025758628795615286,0.6131436314363143
A1415PRQTR4HMY,5,21,0.002417683628827999,0.0,1.0
A23QTZE764PJNS,2,71,0.008174073221275616,0.0005629553579197821,0.6281690140845071
A1PHNXJQYNX7BH,20,50,0.005756389592447617,0.0,1.0
A3TDYJPBZ7DXE7,3,481,0.055376467879346074,0.0,1.0
AFBHHGKL81PDH,5,50,0.005756389592447617,0.0,1.0
A1M6Z0NSZJB8AM,6,402,0.046281372323278835,0.0,1.0
A31DLX6GSOPHLI,3,481,0.055376467879346074,0.0,1.0
A2VCAIFRFMLMMD,3,481,0.055376467879346074,0.0,1.0
AIHIEVDST65Q1,0,7,0.0008058945429426663,0.0,1.0
A264KSWO7ADT2W,11,157,0.018075063320285516,0.0,1.0
A280Z5W5NYT9B9,1,279,0.0321206539258577,0.0026149045910728516,0.6263634253887213
A3ADZPLY7C1TQV,3,75,0.008634584388671426,0.0,1.0
A15F2LYQBHNHDK,3,481,0.055376467879346074,0.0,1.0
AHFEONGV7UFPX,15,135,0.015542251899608565,0.0,1.0
A1NHV6PPZY45FD,6,402,0.046281372323278835,0.0,1.0
AB1Y8Z50EPV46,0,77,0.00886483997236933,0.0,1.0
AUXGETYE86593,15,135,0.015542251899608565,0.0,1.0
A10G67NY7XQQIQ,0,35,0.004029472714713332,0.0,1.0
A3O1SS8PDDK7IE,42,10,0.0011512779184895234,0.0,1.0
A1ZGQVTLT3PCE9,3,75,0.008634584388671426,0.0,1.0
A3RGHO0Q938FRS,6,402,0.046281372323278835,0.0,1.0
A2D9GMF2DUV4S0,5,35,0.004029472714713332,0.0,1.0
A34F15TPWKCU50,5,128,0.014736357356665898,0.0,1.0
ATRSE31FLPUOP,74,4,0.00046051116739580933,0.0,1.0
A1FT3XZ2GWQAC3,0,41,0.004720239465807046,0.0,1.0
A25UNN91ZTFZX7,22,57,0.006562284135390283,0.0,1.0
AW2HM4QASXSA6,0,243,0.027976053419295415,0.0,1.0
A1M31HB05OCA8X,0,7,0.0008058945429426663,0.0,1.0
A2GKFYK7QKPUS6,3,481,0.055376467879346074,0.0,1.0
A2PC9ZZIFV31B1,3,481,0.055376467879346074,0.0,1.0
A12U739X0STRAO,0,9,0.001036150126640571,0.0,1.0
A1ZCJ4VQPKV3W4,0,77,0.00886483997236933,0.0,1.0
A3NQU1649SH0Q4,10,60,0.00690766751093714,0.0,1.0
A1KY5G5FP31F2F,12,190,0.021874280451300944,0.0008099196094974302,0.928654970760234
A3FNOSCPPESDF9,21,69,0.007943817637577712,0.0,1.0
A1CCPHN8WYSN8O,9,7,0.0008058945429426663,0.0,1.0
A2QHNWXQ4CU2J3,5,50,0.005756389592447617,0.0,1.0
A238WA18BQAU8A,5,21,0.002417683628827999,0.0,1.0
A2FW8B993V84VI,3,481,0.055376467879346074,0.0,1.0
A20ICEO8M18VHR,21,69,0.007943817637577712,0.0,1.0
AUVCTHRJWGFXN,11,157,0.018075063320285516,0.0,1.0
AYVM2DODURDLE,38,13,0.0014966612940363804,0.0,1.0
A14XUCN5OC998O,0,13,0.0014966612940363804,0.0,1.0
A1A2UR00NVQ37J,10,224,0.025788625374165323,0.0,1.0
A1TYWW54WOSKCF,2,68,0.00782868984572876,0.0,1.0
AKQU6FNNO6MWR,9,34,0.00391434492286438,0.0,1.0
A1J75JJ0Q2OEJN,3,511,0.05883030163481464,0.0030875182250293745,0.8892598135144468
AILIBVWMDLSR3,6,402,0.046281372323278835,0.0,1.0
A2X34LIRHZ7OIN,5,35,0.004029472714713332,0.0,1.0
A1O8B339CM5VAU,2,40,0.004605111673958094,0.0,1.0
A2K17Y2WL5SA84,0,243,0.027976053419295415,0.0,1.0
A3Q6IF3UZ6T1X8,8,232,0.02670964770895694,0.0,1.0
A3MXYE2LUQ523F,5,20,0.002302555836979047,0.0,1.0
A20W4W9KGWJV12,21,69,0.007943817637577712,0.0,1.0
A1NOE0PC1W7ROU,2,236,0.02717015887635275,0.000616001405909599,0.903245582401731
A3AFDN9UFIHVN1,29,17,0.00195717246143219,0.0,1.0
A5KMMY627T3W,8,232,0.02670964770895694,0.0,1.0
A3UNCJ8G4GLHDX,2,4,0.00046051116739580933,0.0,1.0
A19J4IR55H1NZI,89,3,0.000345383375546857,0.0,1.0
A2S13NSRLNW59V,11,157,0.018075063320285516,0.0,1.0
A209QRVZ99UQDC,0,5,0.0005756389592447617,0.0,1.0
A20H1M28WLI9J2,74,4,0.00046051116739580933,0.0,1.0
A31KBA8LLZIDS2,62,5,0.0005756389592447617,0.0,1.0
AXF7HOXQDTVOQ,10,224,0.025788625374165323,0.0,1.0
A1K7AEP8WWSKHX,0,77,0.00886483997236933,0.0,1.0
A3EFWIRQLWS0G,4,551,0.06343541330877274,0.0,1.0
AN560AP1HH0U1,9,176,0.02026249136541561,0.0023763607671956287,0.5205844155844156
AOOZR8IN9NYTA,3,481,0.055376467879346074,0.0,1.0
A3EUSH8DPW75LR,17,22,0.0025328114206769514,0.0,1.0
A369AXZV1Q2LDC,2,68,0.00782868984572876,0.0,1.0
A1X0990QXMJIY7,29,17,0.00195717246143219,0.0,1.0
A2NA9VZN5VA9GW,3,481,0.055376467879346074,0.0,1.0
AYMJ0CNEMPG48,2,55,0.006332028551692378,0.0,1.0
A13P785VXM6DBU,3,481,0.055376467879346074,0.0,1.0
AUCF61BNJ5ZX7,0,48,0.005526134008749712,0.00031113627749318153,0.2854609929078014
A1Q6BOVHAOZ04E,5,35,0.004029472714713332,0.0,1.0
A47K229NJH9J6,29,17,0.00195717246143219,0.0,1.0
A184HKN286B6XS,4,6,0.000690766751093714,0.0,1.0
A3I2XB5G02ETXX,11,217,0.024982730831222655,0.007793779559804038,0.5983956306536952
A3HOQ9C7UMZQCS,0,77,0.00886483997236933,0.0,1.0
A17HVJ3WXQXJ8J,12,183,0.021068385908358276,0.0,1.0
A1R87GD4CLPKTK,82,4,0.00046051116739580933,0.0,1.0
A2ZQ8RJULU5ON3,14,54,0.006216900759843426,0.0,1.0
A2BTUPD2PM2MRU,3,75,0.008634584388671426,0.0,1.0
A1FMPZZL2642ZL,3,481,0.055376467879346074,0.0,1.0
A3FSH1DQMR9M0M,11,157,0.018075063320285516,0.0,1.0
A53OG3Q99WAVL,6,402,0.046281372323278835,0.0,1.0
A2EQPRSBX2R6ES,8,232,0.02670964770895694,0.0,1.0
A38T7HEXGCAWJA,3,481,0.055376467879346074,0.0,1.0
AGS5OEWHBHLJI,12,318,0.03661063780796684,0.004979325231273238,0.509929964486241
ACB499ZP5KZPZ,20,50,0.005756389592447617,0.0,1.0
A3VHEYLZ0R7LCU,1,210,0.02417683628827999,0.0,1.0
AQQVPOL6VPVVN,0,35,0.004029472714713332,0.0004086052433415631,0.4890756302521008
AYR1AP117UBVQ,3,9,0.001036150126640571,0.0,1.0
AJB446EO96DUE,9,34,0.00391434492286438,0.0,1.0
A1OW73WWCZL9M8,0,243,0.027976053419295415,0.0,1.0
AJ0PG46QD33RD,0,243,0.027976053419295415,0.0,1.0
A3E0CXFVZHO626,9,64,0.007368178678332949,0.0010790594328985738,0.49404761904761907
A3FKQQTSMHOCE0,2,5,0.0005756389592447617,0.0,1.0
A2UZOEYWC4H6R4,1,4,0.00046051116739580933,0.0,1.0
A2J1DWBCD63Q54,85,4,0.00046051116739580933,0.0,1.0
A3HLIVR8UY72P6,14,54,0.006216900759843426,0.0,1.0
A1G1SBEB82NDRU,4,551,0.06343541330877274,0.0,1.0
A3GHZZM7CNK77I,2,27,0.003108450379921713,0.0,1.0
A680RUE1FDO8B,7,9,0.001036150126640571,0.0,1.0
AEL6CQNQXONBX,3,8,0.0009210223347916187,0.0,1.0
ALS5SVPGWX1S6,8,232,0.02670964770895694,0.0,1.0
A2DE1BPU8QCNSD,0,12,0.001381533502187428,0.0,1.0
A1Y249FQCV6MNN,0,77,0.00886483997236933,0.0,1.0
A1I1ZGZUDM326L,5,50,0.005756389592447617,0.0,1.0
A3M8D93CGFP9JU,1,148,0.017038913193644947,0.0,1.0
A2SRMKY38HBNS6,14,54,0.006216900759843426,0.0,1.0
A2NMQWBDWT3SQF,0,23,0.0026479392125259038,0.0,1.0
A3HIWWY0ZDLOJG,2,9,0.001036150126640571,0.0,1.0
A3ORYMCHM9Q0VM,0,77,0.00886483997236933,0.0,1.0
A145LBW8ZHF0TW,4,562,0.0647018190191112,0.0009873458428523122,0.9615518805386923
A34IJACMU8C3IM,6,402,0.046281372323278835,0.0,1.0
A2H2I5FY1PUHP1,17,53,0.006101772967994474,0.0,1.0
A2HS0J5LRYD1WF,14,54,0.006216900759843426,0.0,1.0
AM7VNKKUJK97J,5,32,0.0036840893391664746,0.0,1.0
AZTZ61W23JET0,6,402,0.046281372323278835,0.0,1.0
AYEVRJCDITQ8T,14,54,0.006216900759843426,0.0,1.0
A1CC0801G6N9GO,3,14,0.0016117890858853327,0.0,1.0
A2VGUQIG98B6R5,3,481,0.055376467879346074,0.0,1.0
A1Z45DENVX2PQ1,0,6,0.000690766751093714,0.0,1.0
A1TR3G8YUR8QMG,14,6,0.000690766751093714,0.0,1.0
A2QZ7Z48X4I4TA,0,10,0.0011512779184895234,0.0,1.0
A2KS0FVY2CNJ8M,7,24,0.002763067004374856,0.0,1.0
ASL99TDING270,0,9,0.001036150126640571,0.0,1.0
A3VTSPF7JQ80UQ,9,39,0.004489983882109141,0.0,1.0
A6TBR6L2D4XKC,5,35,0.004029472714713332,0.0,1.0
A24F1UX8ZT5IXY,6,402,0.046281372323278835,0.0,1.0
A1W5ERSUQ9RX8F,8,232,0.02670964770895694,0.0,1.0
A1IH42TUIZ2XJL,5,110,0.012664057103384757,4.2867072226221384e-05,0.9125938281901584
A3CTI2ARGG2T7X,0,13,0.0014966612940363804,0.0,1.0
A2YVLGHD3YK5M,8,232,0.02670964770895694,0.0,1.0
A7Q5OECQBQA6F,2,68,0.00782868984572876,0.0,1.0
A3HMI98TOOAVYS,9,30,0.00345383375546857,0.0,1.0
A2VBJ937PKSBG8,0,5,0.0005756389592447617,0.0,1.0
AYM76JWI220Z4,75,4,0.00046051116739580933,0.0,1.0
A2SN4KPZ2G45V3,9,30,0.00345383375546857,0.0,1.0
A33XZNU0PFPX3Y,6,402,0.046281372323278835,0.0,1.0
A3AQOHP0SK2JBY,3,481,0.055376467879346074,0.0,1.0
A1U7RWHQX3W141,10,19,0.0021874280451300945,0.0,1.0
A3LBZLI0FOL2YP,0,77,0.00886483997236933,0.0,1.0
A272JDNEVXGADX,11,157,0.018075063320285516,0.0,1.0
A2M5KSLIOG4T4Y,3,481,0.055376467879346074,0.0,1.0
A1028XZRNI0NRP,14,54,0.006216900759843426,0.0,1.0
A23GFTVIETX7DS,0,77,0.00886483997236933,0.0,1.0
A235UFZGCFN3J5,10,60,0.00690766751093714,0.0,1.0
A16RGMORD80K9V,29,17,0.00195717246143219,0.0,1.0
A2EF8N7ZE7ONWX,14,54,0.006216900759843426,0.0,1.0
AER2EZOUZSKYB,0,41,0.004720239465807046,0.0,1.0
AWBZ0P0P842NG,17,6,0.000690766751093714,0.0,1.0
AKP40I31XYX1D,10,224,0.025788625374165323,0.0,1.0
AIUXWEHCJRALM,0,77,0.00886483997236933,0.0,1.0
A39C3BAC8J9KVA,8,232,0.02670964770895694,0.0,1.0
A3I8OURC83NM6V,0,43,0.0049504950495049506,0.00046581313325792876,0.7253599114064231
AF8XXTXR6MNL4,8,232,0.02670964770895694,0.0,1.0
A1ZIPGAG8KMU66,11,157,0.018075063320285516,0.0,1.0
A2CNXXVWOAPE0B,2,22,0.0025328114206769514,0.0,1.0
A8IVR2DGBOR3Q,1,210,0.02417683628827999,0.0,1.0
ACKFOZS2ASBAT,14,54,0.006216900759843426,0.0,1.0
A1ZE020J0M1603,5,44,0.005065622841353903,0.0,1.0
ANQJFHEQLUTW5,4,551,0.06343541330877274,0.0,1.0
A3R822YHA22Q3P,5,128,0.014736357356665898,0.0,1.0
A39DPQ464LPGVP,8,232,0.02670964770895694,0.0,1.0
A37T4NN3DV3U75,2,55,0.006332028551692378,0.0,1.0
A1HRYC60VTMYC0,2,58,0.006677411927239235,0.001793955997008146,0.52994555353902
A3MV1KKHX51FYT,0,33,0.003799217131015427,0.0002676582654129084,0.30113636363636365
A1MYZWL405PBUB,21,69,0.007943817637577712,0.0,1.0
A2QIK74BPWV7NR,11,157,0.018075063320285516,0.0,1.0
A2V4T35IYF9G0V,14,54,0.006216900759843426,0.0,1.0
AS8C336DDLSO4,0,24,0.002763067004374856,6.723385701275098e-05,0.5
A115J29WONV2JZ,0,77,0.00886483997236933,0.0,1.0
A3E4QDD0JTGT2T,14,54,0.006216900759843426,0.0,1.0
A119VL7KR5EIR6,1,210,0.02417683628827999,0.0,1.0
AXPQHTRIH7TPK,14,54,0.006216900759843426,0.0,1.0
A4ENZCYML4OEG,3,481,0.055376467879346074,0.0,1.0
A2IP0Z4VPCAXZ1,1,210,0.02417683628827999,0.0,1.0
A2GR90IHQAO1HL,0,77,0.00886483997236933,0.0,1.0
A3KJME3TOKVZ4J,14,54,0.006216900759843426,0.0,1.0
AGZP8G6JTKQJC,22,57,0.006562284135390283,0.0,1.0
A2ADK1Y7WSPSGP,3,481,0.055376467879346074,0.0,1.0
AD73VMNYB8XVX,6,402,0.046281372323278835,0.0,1.0
AMBFK6N4JS5Z2,1,210,0.02417683628827999,0.0,1.0
ATXZN4ZBT7VT,14,54,0.006216900759843426,0.0,1.0
A3HKNAA3578FSZ,0,8,0.0009210223347916187,0.0,1.0
A1HENIY6ASC7ZO,12,45,0.005180750633202855,0.0,1.0
A3M26CG1IIP9MX,8,232,0.02670964770895694,0.0,1.0
A2JAOZ2CINPUTT,12,183,0.021068385908358276,0.0,1.0
A108QN0VQPX1W2,7,5,0.0005756389592447617,0.0,1.0
A1NMFG57527DGM,3,481,0.055376467879346074,0.0,1.0
A14MER71N2DCDW,15,50,0.005756389592447617,0.0,1.0
A633NIAR4JJAR,3,481,0.055376467879346074,0.0,1.0
A3K649G2P9C8PY,0,67,0.007713562053879806,0.0,1.0
A2CSUA388LZ26O,5,50,0.005756389592447617,0.0,1.0
A3OXHLG6DIBRW8,0,141,0.01623301865070228,0.0132037323323118,0.44650455927051674
A1VQHH85U7PX0,1,20,0.002302555836979047,0.0011576325065411086,0.5578947368421052
A25FD86NG19ICC,11,13,0.0014966612940363804,0.0,1.0
A31BD4RXCON7QO,0,86,0.009900990099009901,0.004695691142605445,0.38276333789329686
ALICSOW9JNXCD,5,155,0.01784480773658761,0.0013071628796375784,0.5602848764139087
A3BQPLQONW58RK,8,232,0.02670964770895694,0.0,1.0
AZRPGTU8A7KD5,11,33,0.003799217131015427,0.0,1.0
A2AF0NOCM71J0B,14,54,0.006216900759843426,0.0,1.0
AUL0JCNC6QZ2L,1,37,0.004259728298411237,0.0,1.0
A2V1E7EAKW3CWB,0,12,0.001381533502187428,0.0,1.0
A3M5OYNZ2A5E0O,9,78,0.008979967764218283,0.0,1.0
A2S462MQ984OD2,1,37,0.004259728298411237,0.0,1.0
A3KDRLIBWILPMJ,2,68,0.00782868984572876,0.0,1.0
AGYQ2ZF0J0K0K,6,5,0.0005756389592447617,0.0,1.0
A3VCOKMQOCUNGX,15,135,0.015542251899608565,0.0,1.0
A2TKM1UFHSTM8R,5,128,0.014736357356665898,0.0,1.0
AD8DLOGHAXL,0,5,0.0005756389592447617,0.0,1.0
A8M0HF1XBZLH7,0,27,0.003108450379921713,0.0,1.0
A69YFKRRIOG19,19,69,0.007943817637577712,0.0,1.0
A3BVSAZREDP9RH,6,402,0.046281372323278835,0.0,1.0
A1RRO3BUQIZ8QF,14,54,0.006216900759843426,0.0,1.0
A27PQJHUSWNZZ0,4,551,0.06343541330877274,0.0,1.0
A1HML2C0J5JKG,12,183,0.021068385908358276,0.0,1.0
A1CA960UP1AYXE,0,11,0.0012664057103384757,0.0,1.0
AXI2RYB20ZZM4,14,54,0.006216900759843426,0.0,1.0
A1X6VVP8JLFEJ,11,340,0.039143449228643795,0.0029293265699942136,0.5028457400659379
A2NFWBJGGT9BM5,0,27,0.003108450379921713,0.0,1.0
A34P7YFJQPS07T,0,9,0.001036150126640571,0.0,1.0
A3JSY3V8X43HUP,9,34,0.00391434492286438,0.0,1.0
A36YGJOFWHHRAC,4,551,0.06343541330877274,0.0,1.0
AGYW580EFV1QF,12,183,0.021068385908358276,0.0,1.0
A8Y4678B5ULS9,0,7,0.0008058945429426663,0.0,1.0
AW1D68VYR0HD0,9,30,0.00345383375546857,0.0,1.0
A3C4ZHX8UM3FGA,5,35,0.004029472714713332,0.0,1.0
ATDE9JYCPI0L1,0,243,0.027976053419295415,0.0,1.0
A11IR07H8SYDD0,75,4,0.00046051116739580933,0.0,1.0
A13JB1PC2F89MY,0,49,0.0056412618005986645,0.0,1.0
AWBZAHKAN64CO,1,27,0.003108450379921713,0.008539739831654281,0.5384615384615384
A38RLBIN8LASPE,6,402,0.046281372323278835,0.0,1.0
A13F9YN2DTH4D4,6,402,0.046281372323278835,0.0,1.0
A20TZ1MQ0KMJRR,29,17,0.00195717246143219,0.0,1.0
A2VG364UUGYFHI,14,54,0.006216900759843426,0.0,1.0
A35W3JQYP0M655,4,551,0.06343541330877274,0.0,1.0
A2XFVS9GBQW2U1,6,402,0.046281372323278835,0.0,1.0
A25MMGY5LQ9R8J,14,54,0.006216900759843426,0.0,1.0
A10Y058K7B96C6,49,7,0.0008058945429426663,0.0,1.0
A3GNN31HJ11PPA,14,54,0.006216900759843426,0.0,1.0
AY089FCEGRV2G,3,75,0.008634584388671426,0.0,1.0
A105R38CAPDBGU,5,21,0.002417683628827999,0.0,1.0
A3L53MXMJ1OOWV,4,551,0.06343541330877274,0.0,1.0
A2U9WJOGZSYM0U,12,183,0.021068385908358276,0.0,1.0
A225G2TFM76GYX,15,50,0.005756389592447617,0.0,1.0
A7I3WFZE31KAZ,10,60,0.00690766751093714,0.0,1.0
A2DU3ID6V8TCW6,0,23,0.0026479392125259038,0.0,1.0
A39KGML5OYIU00,0,12,0.001381533502187428,0.0,1.0
A2UH53Z5LKV0BI,4,551,0.06343541330877274,0.0,1.0
AZH1J5JIBIE8G,10,224,0.025788625374165323,0.0,1.0
AODOIMDU38S2I,5,105,0.012088418144139995,0.0,1.0
A2ME1L7ZCJFQOH,6,402,0.046281372323278835,0.0,1.0
A35NPKN2RKX8LH,4,551,0.06343541330877274,0.0,1.0
A3UACABVOF2XF1,10,60,0.00690766751093714,0.0,1.0
AIKMJBX0P9Z9D,15,135,0.015542251899608565,0.0,1.0
AY1WB9I0SE5US,62,5,0.0005756389592447617,0.0,1.0
A13831TMEGELTX,12,183,0.021068385908358276,0.0,1.0
A1XLUNECWHYP6N,8,232,0.02670964770895694,0.0,1.0
A2BYYFGBZHELAF,16,93,0.010706884641952567,0.0,1.0
A3TTE29M158WP5,0,11,0.0012664057103384757,0.0,1.0
A27ZSW3DO2RR5W,5,128,0.014736357356665898,0.0,1.0
ARBV8U9I8C1BK,9,107,0.0123186737278379,0.0,1.0
A11ZI425LVTVH7,0,41,0.004720239465807046,0.0,1.0
A3U2L3V3MOEYLC,14,6,0.000690766751093714,0.0,1.0
AZDBSC1VRMVY8,12,183,0.021068385908358276,0.0,1.0
AGCJIYX1XCW29,21,69,0.007943817637577712,0.0,1.0
A313H6238N589,3,481,0.055376467879346074,0.0,1.0
A1JMD10TTUPVB4,5,44,0.005065622841353903,0.0,1.0
A2CBZMETQJTNEE,10,224,0.025788625374165323,0.0,1.0
AKHWZLV8HFIPS,10,224,0.025788625374165323,0.0,1.0
A2E4JRA6MHBR4F,0,7,0.0008058945429426663,0.0,1.0
AQLMVE6SH4A07,6,402,0.046281372323278835,0.0,1.0
ATQQA4VFSCXAG,21,69,0.007943817637577712,0.0,1.0
A2QGPKUCZ60X24,15,135,0.015542251899608565,0.0,1.0
A3EAA602DJCZQ4,14,54,0.006216900759843426,0.0,1.0
A1KJEDEL6B3E8G,0,77,0.00886483997236933,0.0,1.0
A2MPQHYMT258ZV,0,4,0.00046051116739580933,0.0,1.0
AFXN7YRQIBTP1,11,157,0.018075063320285516,0.0,1.0
A227BV4KDDDZHZ,12,183,0.021068385908358276,0.0,1.0
A10WET3ZP50AFG,12,183,0.021068385908358276,0.0,1.0
A4OPNK2K0EDLG,3,481,0.055376467879346074,0.0,1.0
A1CSFRO37ZRVTW,15,135,0.015542251899608565,0.0,1.0
A2O0OMNWUPRF59,8,232,0.02670964770895694,0.0,1.0
A2CJIF5L72V65I,11,157,0.018075063320285516,0.0,1.0
A2ABALJP4ZTH4P,14,54,0.006216900759843426,0.0,1.0
A1Z9P17UJQKRKI,22,57,0.006562284135390283,0.0,1.0
A38WNTZ2E1SNFW,0,243,0.027976053419295415,0.0,1.0
A3R7FGWO8PIMUD,16,93,0.010706884641952567,0.0,1.0
A1PL7QILVQV3IF,0,5,0.0005756389592447617,0.0,1.0
A2PE6WM9V5A45Y,3,481,0.055376467879346074,0.0,1.0
A2I4KBEA963U0F,5,128,0.014736357356665898,0.0,1.0
A1KSTH3S1COKUU,14,54,0.006216900759843426,0.0,1.0
A2I16SKF3RHED6,3,543,0.06251439097398112,0.0004868705843311464,0.8029126147615068
A1PEITQQFYXYLM,2,43,0.0049504950495049506,0.0,1.0
A3NX8Q9S7XV8NS,22,57,0.006562284135390283,0.0,1.0
AYEXT1RVLWRXW,1,348,0.040064471563435414,0.0005021200198686686,0.543558912186558
A1SMPBX582OIDY,14,54,0.006216900759843426,0.0,1.0
A2EZ80LJMEMJM9,3,481,0.055376467879346074,0.0,1.0
A2KWHJ272EKLO2,5,128,0.014736357356665898,0.0,1.0
A2MTPVXL6HD5VP,9,29,0.0033387059636196177,0.0,1.0
A118PJ95C6GDJI,5,17,0.00195717246143219,0.0,1.0
A2MPKE7P1DFYTK,0,12,0.001381533502187428,0.0,1.0
A329B6BKTHQ41A,14,54,0.006216900759843426,0.0,1.0
A2UWPPU5GZLMQZ,62,5,0.0005756389592447617,0.0,1.0
A28TVBEH7FWGPC,0,41,0.004720239465807046,0.0,1.0
A1BVQGCOMB4H3W,14,54,0.006216900759843426,0.0,1.0
A3M6QI4WNREEEV,0,77,0.00886483997236933,0.0,1.0
A2A817AADURYEF,3,543,0.06251439097398112,0.0004868705843311464,0.8029126147615068
A36ARO7W03JMXV,4,1060,0.12203545935988948,0.009686724841057344,0.4771749781744971
AFXNXN8TMGKZF,3,481,0.055376467879346074,0.0,1.0
A1Z4FT2OMHIYFU,1,210,0.02417683628827999,0.0,1.0
A31QX4MCDU5235,3,481,0.055376467879346074,0.0,1.0
A2HKIW9RMMSKXI,10,224,0.025788625374165323,0.0,1.0
AFXTKAO0CB354,2,19,0.0021874280451300945,0.0005732440038081157,0.4269005847953216
AS02U020MGBSV,27,21,0.002417683628827999,0.0,1.0
A134XZNXCGU7JD,2,55,0.006332028551692378,0.0,1.0
AIBGSX2D3EXU6,3,481,0.055376467879346074,0.0,1.0
A13BRR77UOED7D,14,54,0.006216900759843426,0.0,1.0
A7JK2LY3CHJ2H,3,481,0.055376467879346074,0.0,1.0
A59BC7H4T874H,43,10,0.0011512779184895234,0.0,1.0
A833B463ZZJT7,3,481,0.055376467879346074,0.0,1.0
A1AWPV3PS9IH3U,14,54,0.006216900759843426,0.0,1.0
A1VH4YW78W1G6O,4,551,0.06343541330877274,0.0,1.0
A1J07V3G9MK6KM,20,50,0.005756389592447617,0.0,1.0
AMDZ6MZR6CRG9,3,543,0.06251439097398112,0.0004868705843311464,0.8029126147615068
A1LXQEATSZ228H,0,19,0.0021874280451300945,0.0,1.0
AF6SGHBCX3PUF,0,243,0.027976053419295415,0.0,1.0
A1XJCT8CHG2G2J,19,69,0.007943817637577712,0.0,1.0
A3E6JBXN9KFHRX,49,7,0.0008058945429426663,0.0,1.0
A28X7NZ02016FO,1,163,0.01876583007137923,0.0010141392940263474,0.832007876997652
A3NEAETOSXDBOM,0,15,0.001726916877734285,0.0,1.0
A1E04XSIX1OAOM,10,224,0.025788625374165323,0.0,1.0
A3F2M27L02YDLM,2,62,0.007137923094635045,0.0024283756746611334,0.44473823373876253
ARI60NK07Q9D,14,54,0.006216900759843426,0.0,1.0
A3W57Y5J12YY41,0,77,0.00886483997236933,0.0,1.0
A2VME004JAPD41,2,5,0.0005756389592447617,0.0,1.0
A1ER9BE147BD5E,0,41,0.004720239465807046,0.0,1.0
A2M83KG7MS2VSR,12,183,0.021068385908358276,0.0,1.0
A2DLY1BLDQRWGX,0,4,0.00046051116739580933,0.0,1.0
A2K5I02PHHTTNQ,44,11,0.0012664057103384757,0.0,1.0
A26Y3GDR2X0V6V,10,229,0.026364264333410083,0.00037254948158054455,0.9570979851375163
A8MQW5B5QB3H1,6,402,0.046281372323278835,0.0,1.0
A16WND1BVJCQJV,2,16,0.0018420446695832373,0.0,1.0
A39F7XOVXQ0LZK,0,41,0.004720239465807046,0.0,1.0
A3EPZNFF590EXL,27,21,0.002417683628827999,0.0,1.0
A2XBKTBMLQRQAM,6,402,0.046281372323278835,0.0,1.0
A3CSEHN7WKCTZ5,0,32,0.0036840893391664746,0.0,1.0
A3L6XHA5FVMN16,2,43,0.0049504950495049506,0.0002713883758590715,0.5503875968992248
AT4MNYYZWM907,3,481,0.055376467879346074,0.0,1.0
A2HXOW9NN7XRNT,9,13,0.0014966612940363804,0.0,1.0
A16F3IAR2659FN,2,68,0.00782868984572876,0.0,1.0
A1ZTCLOO7CCXBC,10,224,0.025788625374165323,0.0,1.0
A33GR4CDLG08T1,2,40,0.004605111673958094,0.0,1.0
AEFMWTH14ZFWT,2,55,0.006332028551692378,0.0,1.0
A29XOCWBBZCUI0,1,210,0.02417683628827999,0.0,1.0
AI0XJPAL2UJM6,6,17,0.00195717246143219,0.0,1.0
A12VYWCG0OBMM9,14,54,0.006216900759843426,0.0,1.0
A1SW7P73Z8BUUJ,10,541,0.06228413539028321,0.017552570963491075,0.8024851098788253
A3J2N3MC99CLB3,4,551,0.06343541330877274,0.0,1.0
A3K8IBV8V35G1H,27,21,0.002417683628827999,0.0,1.0
A1XU87EET0N0NL,0,49,0.0056412618005986645,0.0,1.0
A3V0PEIMOBU8H5,3,514,0.0591756850103615,0.00362867452094513,0.8796049787243725
AE1A7BHJQ9LW2,0,7,0.0008058945429426663,0.0,1.0
A2NSR2R4M8CWC2,79,4,0.00046051116739580933,0.0,1.0
A8BGFC6VK46OW,43,10,0.0011512779184895234,0.0,1.0
A3BAEV1COL0XKT,14,54,0.006216900759843426,0.0,1.0
A22EP447IBQNB2,3,481,0.055376467879346074,0.0,1.0
A3N3LPHLB7V9NV,3,481,0.055376467879346074,0.0,1.0
A22QKPZ2BV00NK,9,30,0.00345383375546857,0.0,1.0
ACROMCL9HF767,9,34,0.00391434492286438,0.0,1.0
A1NY3TMEB8KEW2,8,232,0.02670964770895694,0.0,1.0
A6J4ESHKQ1H3,21,69,0.007943817637577712,0.0,1.0
A32OOHIQN9GFMH,8,232,0.02670964770895694,0.0,1.0
A2JIQ6SZ1PQ6P9,0,15,0.001726916877734285,0.0,1.0
A3ELMB2P2QFT7U,14,21,0.002417683628827999,0.0,1.0
A2CX7KMO48MCW0,0,77,0.00886483997236933,0.0,1.0
AW37W6PEWFCD7,0,8,0.0009210223347916187,0.0,1.0
A3QNZW2WKPSDJG,11,157,0.018075063320285516,0.0,1.0
A3JX1D26WFEXOS,0,49,0.0056412618005986645,0.0,1.0
A1QE936PWGY7BE,2,68,0.00782868984572876,0.0,1.0
AFYDSCHAXBASF,1,37,0.004259728298411237,0.0,1.0
A38FSZIH7JWJU5,14,54,0.006216900759843426,0.0,1.0
AVKN56YCOTI2W,5,55,0.006332028551692378,0.000561461332270651,0.835016835016835
A3SL7BXUHLRKW3,9,39,0.004489983882109141,0.0,1.0
A1RMT8M3X6SYFN,0,13,0.0014966612940363804,0.0,1.0
A111XJY4XSDIY9,0,6,0.000690766751093714,0.0,1.0
A2QKEU7GJSD6FN,0,11,0.0012664057103384757,0.0,1.0
A1XNP1G5HWNGB7,14,54,0.006216900759843426,0.0,1.0
A2LYL1FEOLWFSJ,3,481,0.055376467879346074,0.0,1.0
ADALY60T9TBX2,74,4,0.00046051116739580933,0.0,1.0
A39KOJG83K8F1U,0,7,0.0008058945429426663,0.0,1.0
AEQ1DS61RJLXS,0,8,0.0009210223347916187,0.0,1.0
A32UKJ89I78SH5,2,55,0.006332028551692378,0.0,1.0
A2TCM8INS6BA74,5,44,0.005065622841353903,0.0,1.0
AJ00DXOOCDL2C,10,224,0.025788625374165323,0.0,1.0
A1W8308SYXBSAL,1,12,0.001381533502187428,0.0,1.0
A116JE9WSXSETB,8,232,0.02670964770895694,0.0,1.0
AKV3O0ZER47PE,3,481,0.055376467879346074,0.0,1.0
A4GI4654JA8NK,6,402,0.046281372323278835,0.0,1.0
A2XEW6HJK34RXU,5,50,0.005756389592447617,0.0,1.0
ALZ796TTBBDBL,3,481,0.055376467879346074,0.0,1.0
A3NW4WGCI3LZM,4,551,0.06343541330877274,0.0,1.0
A1LYZ1VWGLCI1X,0,32,0.0036840893391664746,0.0,1.0
A2P73QZC75DD2A,3,481,0.055376467879346074,0.0,1.0
A3UP97IQAI6LJH,6,402,0.046281372323278835,0.0,1.0
A19VPQUXLUT46J,3,481,0.055376467879346074,0.0,1.0
ABOBJFJKCAKYH,14,54,0.006216900759843426,0.0,1.0
A1CGUQU1YQNJFX,0,12,0.001381533502187428,0.0,1.0
A2VNNFURJ55S4G,9,45,0.005180750633202855,0.0,1.0
A19J2S0JHH69F2,12,183,0.021068385908358276,0.0,1.0
AUJUHU8L50OMU,0,243,0.027976053419295415,0.0,1.0
A187S6RMLW86N,2,43,0.0049504950495049506,0.0,1.0
A314ZLRAHHWEPZ,2,68,0.00782868984572876,0.0,1.0
A250AXLRBVYKB4,14,64,0.007368178678332949,0.0011283822682786413,0.7321428571428571
AA0IWAA89O93S,3,481,0.055376467879346074,0.0,1.0
A1FLNRFSXRF3QQ,5,44,0.005065622841353903,0.0,1.0
A3014KJFHAIMGP,2,13,0.0014966612940363804,0.0,1.0
A2VK5XXNEQTXLC,5,44,0.005065622841353903,0.0,1.0
A1KT8QQ74E3SVQ,6,402,0.046281372323278835,0.0,1.0
A1O0TOFN85RIPH,11,33,0.003799217131015427,0.0,1.0
A2DLK5DI4S3OIX,10,224,0.025788625374165323,0.0,1.0
A339ZN69W7N8PW,12,183,0.021068385908358276,0.0,1.0
A3CL2MI40GZGPR,14,107,0.0123186737278379,0.0,1.0
A14OG85Y77RQVY,33,15,0.001726916877734285,0.0,1.0
A1J5RNQJD3TPVN,3,481,0.055376467879346074,0.0,1.0
A18H2E8QLI8XGZ,0,8,0.0009210223347916187,0.0,1.0
A10X33VL24RGDK,3,481,0.055376467879346074,0.0,1.0
A1KAERT0MPBZOO,1,70,0.008058945429426664,0.000855724829514645,0.49440993788819876
A10X9ME6R66JDX,51,8,0.0009210223347916187,0.0,1.0
A2Y9CTL628GL7K,9,29,0.0033387059636196177,0.0,1.0
A2MG743ZMA5Y6N,9,107,0.0123186737278379,0.0,1.0
A2BV8E2VPVORN3,12,183,0.021068385908358276,0.0,1.0
A12EPLIQ9BBXIZ,22,57,0.006562284135390283,0.0,1.0
A3C6RYB83KD1GX,3,481,0.055376467879346074,0.0,1.0
A4CIAXJTZ6P1,3,481,0.055376467879346074,0.0,1.0
ASKH6TPNTTAFS,0,7,0.0008058945429426663,0.0,1.0
A2EC3UBQ9TB89F,4,551,0.06343541330877274,0.0,1.0
A1QK3W42I9LS30,3,481,0.055376467879346074,0.0,1.0
ANE9603L1IYFG,3,481,0.055376467879346074,0.0,1.0
A1CMJDOKUWCE1S,0,11,0.0012664057103384757,0.0,1.0
A32RMUE2HOPW69,0,35,0.004029472714713332,0.0,1.0
A23ONMGKEWDG4M,75,4,0.00046051116739580933,0.0,1.0
A1BD4T41QJZBHB,2,4,0.00046051116739580933,0.0,1.0
A2PZ3URE2O6S8G,8,232,0.02670964770895694,0.0,1.0
A2SW560X584UEF,0,243,0.027976053419295415,0.0,1.0
A1F5ME1J70I0W6,5,50,0.005756389592447617,0.0,1.0
AKGGVHCCW4RKA,7,24,0.002763067004374856,0.0,1.0
A387C579TCK3BG,34,14,0.0016117890858853327,0.0,1.0
A331TXDQ3NFCHG,5,105,0.012088418144139995,0.0,1.0
A1KUKFI8NWFT57,1,210,0.02417683628827999,0.0,1.0
ARNWCQZHZWKW8,12,45,0.005180750633202855,0.0,1.0
A1X8YM80GSTO66,0,6,0.000690766751093714,0.0,1.0
A2G88IFSSK591Y,1,9,0.001036150126640571,0.0,1.0
A3R3P5M7X0F1CB,5,105,0.012088418144139995,0.0,1.0
APVAEF5ZIRL6D,5,32,0.0036840893391664746,0.0,1.0
A5104FF4P1R9A,2,8,0.0009210223347916187,0.0,1.0
A1V3R7M9T7QNZ6,6,402,0.046281372323278835,0.0,1.0
A36ETJ4I1FEG6J,15,135,0.015542251899608565,0.0,1.0
A2RA2SK1H0WLQG,2,43,0.0049504950495049506,0.0,1.0
A1KDUQ2HU0WD68,2,68,0.00782868984572876,0.0,1.0
A3VAX5C42A9QW4,0,32,0.0036840893391664746,0.0,1.0
A5T08I564I0D5,6,402,0.046281372323278835,0.0,1.0
A3RAZLVRY2R7VX,22,57,0.006562284135390283,0.0,1.0
A34DXV6MS7G9CL,2,55,0.006332028551692378,0.0,1.0
A2DGUUI336IOPT,3,481,0.055376467879346074,0.0,1.0
A19HP1ACNFQDT,0,5,0.0005756389592447617,0.0,1.0
AKH6N84CBOBJ6,6,402,0.046281372323278835,0.0,1.0
A14EO36F2S1A90,0,35,0.004029472714713332,0.0,1.0
A3DWO9ZI48DJL1,0,41,0.004720239465807046,0.0,1.0
AGEVDBT717WU2,8,232,0.02670964770895694,0.0,1.0
A35FPAMOA9XI55,51,8,0.0009210223347916187,0.0,1.0
AFFAPZZMQI5GW,1,14,0.0016117890858853327,0.0,1.0
A2LZ3HGE6UMSQF,0,11,0.0012664057103384757,0.0,1.0
A3G2MJPURQSCBD,47,8,0.0009210223347916187,0.0,1.0
AQRLZFCJVR2EP,5,128,0.014736357356665898,0.0,1.0
A25UZ1X4MF9C8L,6,402,0.046281372323278835,0.0,1.0
A3K04GHJ88XQR8,9,34,0.00391434492286438,0.0,1.0
A3GXH7PS56WLMI,0,77,0.00886483997236933,0.0,1.0
A3B9FWS53WZIT,6,402,0.046281372323278835,0.0,1.0
A2GT4B9RTOZJHW,27,21,0.002417683628827999,0.0,1.0
A3R9X003XW0LNR,9,39,0.004489983882109141,0.0,1.0
A3S66WJLBU17YW,12,183,0.021068385908358276,0.0,1.0
AON4TXVOSYDHL,23,47,0.00541100621690076,0.0,1.0
AYPPJ3KQ6UDOS,3,481,0.055376467879346074,0.0,1.0
A6CXO60VYUKL9,1,9,0.001036150126640571,0.0,1.0
A2TJT33BAEDZVW,0,4,0.00046051116739580933,0.0,1.0
A3IPDGNMA9GXJ6,2,68,0.00782868984572876,0.0,1.0
A24HIIPOF1E2EJ,47,8,0.0009210223347916187,0.0,1.0
A21GJHZCME5BS,15,135,0.015542251899608565,0.0,1.0
A19XMHRB3G4DIR,10,19,0.0021874280451300945,0.0,1.0
ANZGC4YCEQC6W,27,21,0.002417683628827999,0.0,1.0
AV5UHOOAXF5FN,1,345,0.03971908818788855,0.0016100881348170611,0.5226154364678126
A39RHVY97AQINP,19,69,0.007943817637577712,0.0,1.0
A2YW90U088SMQB,5,105,0.012088418144139995,0.0,1.0
A2ZG7SSHO1VKI4,0,35,0.004029472714713332,0.0,1.0
A1SZJC7I20X82N,11,157,0.018075063320285516,0.0,1.0
A26BM4G76GAPCM,5,6,0.000690766751093714,0.0,1.0
A31N0XY2UTB25C,5,32,0.0036840893391664746,0.0,1.0
A2ZP7F2XXKGUCR,3,481,0.055376467879346074,0.0,1.0
A9A0W7JKT1ORD,3,75,0.008634584388671426,0.0,1.0
A2CS5VHXSF8ABK,1,157,0.018075063320285516,0.0006538929457370356,0.8913114486362894
A4L0UD2AWHART,9,7,0.0008058945429426663,0.0,1.0
A2LT6YBLXOV3YD,5,50,0.005756389592447617,0.0,1.0
A19TAB9NLAVPPK,3,481,0.055376467879346074,0.0,1.0
A1MC4013WKDABW,14,107,0.0123186737278379,0.0,1.0
ADQBX8UHKX7AJ,49,7,0.0008058945429426663,0.0,1.0
A1ZWKAFL352WRK,17,22,0.0025328114206769514,0.0,1.0
ABAXZYRBJ7KUT,0,77,0.00886483997236933,0.0,1.0
A10YZUINKZHDJW,6,402,0.046281372323278835,0.0,1.0
A34LQ791ACZ0JC,6,402,0.046281372323278835,0.0,1.0
A2ITS3FO21AYA3,52,6,0.000690766751093714,0.0,1.0
A34LWZYRIOIC7H,17,22,0.0025328114206769514,0.0,1.0
A39CUQBMV62S5O,1,210,0.02417683628827999,0.0,1.0
A1NP78VYIMHCKK,21,69,0.007943817637577712,0.0,1.0
A1RN6WJRZDOTZL,0,35,0.004029472714713332,0.0,1.0
AFZGETEF0V6ZO,6,402,0.046281372323278835,0.0,1.0
AQRN2I355LZ3F,0,27,0.003108450379921713,0.0,1.0
A3U5VP06Q1W4DB,0,7,0.0008058945429426663,0.0,1.0
A2WZ9UMCNUGRUD,3,481,0.055376467879346074,0.0,1.0
A2BBZGVLEGIAVN,4,551,0.06343541330877274,0.0,1.0
A2WB7LZ595CR50,3,481,0.055376467879346074,0.0,1.0
A1XWGTKBH3GGXP,5,50,0.005756389592447617,0.0,1.0
A3890NYX72ZQ,2,37,0.004259728298411237,0.0,1.0
A3PA7TV6E4NAE6,16,93,0.010706884641952567,0.0,1.0
AEQTA2UFF0N1U,3,481,0.055376467879346074,0.0,1.0
A1DJ7PH72PMJIO,4,551,0.06343541330877274,0.0,1.0
ATW0Z57E2G30I,4,551,0.06343541330877274,0.0,1.0
A30LET3M8GQNMZ,0,243,0.027976053419295415,0.0,1.0
A32JZ9XNHMNWOO,6,402,0.046281372323278835,0.0,1.0
A2ZL6GEH9ZW4ES,4,551,0.06343541330877274,0.0,1.0
A21CL3NXLUNU9E,8,232,0.02670964770895694,0.0,1.0
AG6TX1ZJHLMO7,23,47,0.00541100621690076,0.0,1.0
A2E2XG7HG79EO5,22,57,0.006562284135390283,0.0,1.0
A3EPJSPH03AS29,9,7,0.0008058945429426663,0.0,1.0
AUEZ029EW5BF5,10,60,0.00690766751093714,0.0,1.0
A3SCTA36FA7E88,2,55,0.006332028551692378,0.0,1.0
A3NXN2XK3S4HN1,1,348,0.040064471563435414,0.0005021200198686686,0.543558912186558
A2RMTTDT5Z6G86,4,551,0.06343541330877274,0.0,1.0
A3U9RATIL4DAB2,0,23,0.0026479392125259038,0.0,1.0
A3ER6ARJ23CIN8,12,183,0.021068385908358276,0.0,1.0
A1VUCCLEP5OADL,79,4,0.00046051116739580933,0.0,1.0
A36K2N527TXXJN,0,77,0.00886483997236933,0.0,1.0
A2BEI9QC4XQFYD,19,69,0.007943817637577712,0.0,1.0
AID2DBGZBVOJY,4,551,0.06343541330877274,0.0,1.0
A2TLISI5OZ83UK,5,50,0.005756389592447617,0.0,1.0
A1Y4EWMUTW73GD,9,34,0.00391434492286438,0.0,1.0
A2J0SM6KGZKSS8,1,37,0.004259728298411237,0.0,1.0
A1S1KROAK7QNGT,0,77,0.00886483997236933,0.0,1.0
A22CW0ZHY3NJH8,9,107,0.0123186737278379,0.0,1.0
A3THSN6BVZKFQ4,4,551,0.06343541330877274,0.0,1.0
AID6E0HC9H6CP,1,37,0.004259728298411237,0.0,1.0
A1LEMDY6BDO34U,6,402,0.046281372323278835,0.0,1.0
A1YWOG0NT12J96,3,481,0.055376467879346074,0.0,1.0
AGC8S0U7W23FQ,14,54,0.006216900759843426,0.0,1.0
A37WWMRMNR2KSA,10,6,0.000690766751093714,0.0,1.0
AZA96HCU57OVF,3,481,0.055376467879346074,0.0,1.0
A1QT6PHXDA5XDF,5,105,0.012088418144139995,0.0,1.0
A187PAE50KMV5M,5,105,0.012088418144139995,0.0,1.0
A1WJBY269CG7AC,2,55,0.006332028551692378,0.0,1.0
A2812T15HPAR06,9,34,0.00391434492286438,0.0,1.0
A1RIVGXTRWO8EE,51,8,0.0009210223347916187,0.0,1.0
A38D9RSMAYZSCM,9,78,0.008979967764218283,0.0,1.0
A2VV9CK8ZN1DQQ,3,481,0.055376467879346074,0.0,1.0
A1O229NVVDJUX2,9,29,0.0033387059636196177,0.0,1.0
A3JOVOKUKWLNLN,71,4,0.00046051116739580933,0.0,1.0
A22QIJY2CB21MV,4,667,0.0767902371632512,0.01720247670031849,0.6991189090139615
A2KWADO4SA275J,0,77,0.00886483997236933,0.0,1.0
A4AM8XJSK710E,19,69,0.007943817637577712,0.0,1.0
AOKC4MRKH1UON,7,40,0.004605111673958094,0.0,1.0
A16OL0K4WZL53E,0,243,0.027976053419295415,0.0,1.0
AN4ALUMJTDX3Z,0,13,0.0014966612940363804,0.0,1.0
AE88D7OM7YU99,14,54,0.006216900759843426,0.0,1.0
A21ML571MPRGXC,12,183,0.021068385908358276,0.0,1.0
A604IM2TKXONO,11,33,0.003799217131015427,0.0,1.0
A3956O40ZZYFMY,7,29,0.0033387059636196177,0.0005641911341393207,0.7044334975369458
A2LUW64R1VY53N,0,4,0.00046051116739580933,0.0,1.0
AVAM30BI2NOOR,0,77,0.00886483997236933,0.0,1.0
A3SJ70S9RAGUIA,6,402,0.046281372323278835,0.0,1.0
A1CXY93H6HE4EH,2,68,0.00782868984572876,0.0,1.0
AR4KYWHKCDTUG,6,402,0.046281372323278835,0.0,1.0
A19N3S7CBSU6O7,7,82,0.009440478931614092,0.0008482636535859717,0.4947305028605842
AYJG6V3AQONGG,10,224,0.025788625374165323,0.0,1.0
A1HCVRIFI6V6T7,6,17,0.00195717246143219,0.0,1.0
A3T8XGEOFSU5UI,10,224,0.025788625374165323,0.0,1.0
A24OJFC9EGH3KQ,10,224,0.025788625374165323,0.0,1.0
A3UR1ZOS5PQGMP,3,481,0.055376467879346074,0.0,1.0
A2HMF8ZR67BNZS,2,266,0.03062399263182132,0.00506328563315052,0.7762519506312953
AGOPJZFEL0Q1E,1,210,0.02417683628827999,0.0,1.0
A21MJJDFBNUJ3L,35,13,0.0014966612940363804,0.0,1.0
AAJOV2S9O7OO,5,105,0.012088418144139995,0.0,1.0
A893NEHDW6NOL,2,43,0.0049504950495049506,0.0,1.0
AXQ9TA3XU93T2,9,29,0.0033387059636196177,0.0,1.0
A2BMZRO0H7TFCS,6,402,0.046281372323278835,0.0,1.0
ATC79W2A44517,27,21,0.002417683628827999,0.0,1.0
A265S153QJNV70,0,12,0.001381533502187428,0.0,1.0
AJNNNF726KSEA,9,29,0.0033387059636196177,0.0,1.0
A2Y30NE63L0KFK,3,481,0.055376467879346074,0.0,1.0
A1I8SSEK2E846I,10,224,0.025788625374165323,0.0,1.0
A2EJZ5ZIGVNYSE,2,55,0.006332028551692378,0.0,1.0
A1RR8ZVMBHQFIJ,7,40,0.004605111673958094,0.0,1.0
A1MFVAHTT2BHM0,23,47,0.00541100621690076,0.0,1.0
A2OHGA790ZR35V,32,17,0.00195717246143219,0.0,1.0
A4JHEO7H330AF,2,9,0.001036150126640571,0.0,1.0
A2CCHCGJY0IR9F,15,135,0.015542251899608565,0.0,1.0
A2ZCWFNMC84GPY,15,50,0.005756389592447617,0.0,1.0
A1I3GL5GLBEQ7X,0,7,0.0008058945429426663,0.0,1.0
A2KWQ3YQ5C3SPD,15,135,0.015542251899608565,0.0,1.0
A1Y3ECGECWDCAZ,0,5,0.0005756389592447617,0.0,1.0
A1OO228VP8O47W,9,78,0.008979967764218283,0.0,1.0
A1TPQIM8DOH9JN,3,481,0.055376467879346074,0.0,1.0
A27YPCR3ZXWVFE,19,69,0.007943817637577712,0.0,1.0
A3VYTHBU44KOWE,2,73,0.008404328804973521,0.0005765001915145676,0.8710045662100456
A1MH0S2LR24DGH,0,5,0.0005756389592447617,0.0,1.0
A3OKH5G69MS8D9,7,148,0.017038913193644947,0.0011594129070282373,0.6035116749402464
A1BZHVUHARTXS6,7,40,0.004605111673958094,0.0,1.0
A39WL7TJZW0ALV,3,481,0.055376467879346074,0.0,1.0
AI4IPKCY56NQD,41,11,0.0012664057103384757,0.0,1.0
ABDAL1JFCZSH6,11,157,0.018075063320285516,0.0,1.0
A3NNOT58HV18UW,29,17,0.00195717246143219,0.0,1.0
A2Z7ZRN6NMASI0,16,93,0.010706884641952567,0.0,1.0
A3UNGIF5G9RMCN,8,57,0.006562284135390283,0.0,1.0
AA7P2NEC94K79,11,157,0.018075063320285516,0.0,1.0
A7T9AXIM5XG3E,23,47,0.00541100621690076,0.0,1.0
A3I2LH8T7QJI7J,9,30,0.00345383375546857,0.0,1.0
A2AEG2K27AHN95,12,183,0.021068385908358276,0.0,1.0
A20AQR382659T9,3,481,0.055376467879346074,0.0,1.0
AUPIVCP28NXK3,3,481,0.055376467879346074,0.0,1.0
A146K5OQPHQUMR,11,157,0.018075063320285516,0.0,1.0
A1VIG5MS365HSE,14,54,0.006216900759843426,0.0,1.0
A2BWTWFVI6D9SD,6,402,0.046281372323278835,0.0,1.0
A38FEJ8BPFY320,3,481,0.055376467879346074,0.0,1.0
AOCHZNFYJ4AWE,3,75,0.008634584388671426,0.0,1.0
A3TT2RMPFK7D1W,3,481,0.055376467879346074,0.0,1.0
A2MBSC4S2PJNRD,3,481,0.055376467879346074,0.0,1.0
AA6956HVSVG1T,1,210,0.02417683628827999,0.0,1.0
A1G25CG7UWQ3XO,5,105,0.012088418144139995,0.0,1.0
AJMJ0YX0WT0KP,4,551,0.06343541330877274,0.0,1.0
A3JJBH0X3FTT5E,0,77,0.00886483997236933,0.0,1.0
A3NID9D9WMIV01,2,29,0.0033387059636196177,0.0,1.0
AXI7RR4TBX3DZ,3,481,0.055376467879346074,0.0,1.0
A3DKWGWZSZC7PN,0,6,0.000690766751093714,0.0,1.0
A31F722DD3E761,3,481,0.055376467879346074,0.0,1.0
A1WFQPYY8YBXEM,10,17,0.00195717246143219,0.0,1.0
A2K3VNO28J98KR,6,402,0.046281372323278835,0.0,1.0
A3H09VQI43K2PJ,6,402,0.046281372323278835,0.0,1.0
A3SO2AGQXXL8LC,0,65,0.0074833064701819016,0.022028494100320924,0.4028846153846154
A1QS9CHFCEB3WJ,7,64,0.007368178678332949,0.0032723085780080596,0.5238095238095238
A32LX4XJ2LU740,3,543,0.06251439097398112,0.0004868705843311464,0.8029126147615068
A1WKJRJRP3BLVS,3,481,0.055376467879346074,0.0,1.0
A7Y2RAZZRFVI3,6,402,0.046281372323278835,0.0,1.0
A2HSQ44YJXSVAX,10,224,0.025788625374165323,0.0,1.0
A3BJDNLXO9V10F,4,551,0.06343541330877274,0.0,1.0
A50ARWTXJ9FPV,10,224,0.025788625374165323,0.0,1.0
A23JEB4NAIIH2P,9,29,0.0033387059636196177,0.0,1.0
ALPK1S8OWXZST,9,29,0.0033387059636196177,0.0,1.0
A2C4O93BXM5ROE,7,40,0.004605111673958094,0.0,1.0
A1X244QTQDFT49,9,107,0.0123186737278379,0.0,1.0
A44UKZE6XEV9,7,40,0.004605111673958094,0.0,1.0
APHEQQGFN0F31,3,481,0.055376467879346074,0.0,1.0
AWCWQ5N8EB1XW,9,34,0.00391434492286438,0.0,1.0
A2WJ5XSE4I9F55,11,157,0.018075063320285516,0.0,1.0
ANUZ58K6OIJN2,1,210,0.02417683628827999,0.0,1.0
A2A039TZMZHH9Y,20,50,0.005756389592447617,0.0,1.0
A1BBAECLOD0XFN,1,210,0.02417683628827999,0.0,1.0
A95PWI4S6WHGL,14,107,0.0123186737278379,0.0,1.0
A1YLBWLRPCN0A8,14,54,0.006216900759843426,0.0,1.0
A3VFSX2M29WGA0,1,210,0.02417683628827999,0.0,1.0
A3F4DSZ38VDKNR,3,481,0.055376467879346074,0.0,1.0
A3QFSS0ZBC8K13,4,551,0.06343541330877274,0.0,1.0
A1BJUMKKRLK9XX,14,21,0.002417683628827999,0.0,1.0
A2EU4JERXUZDSI,3,481,0.055376467879346074,0.0,1.0
A1ZDP5PMM6RTSO,51,8,0.0009210223347916187,0.0,1.0
A2EHRDDOVUN7PN,0,7,0.0008058945429426663,0.0,1.0
A2U86YNYOVTMD4,10,60,0.00690766751093714,0.0,1.0
A1C60KQ8VJZBS5,4,951,0.10948653004835367,0.010079169971089852,0.5140871105207815
A1LUQ4UWRA1REZ,8,232,0.02670964770895694,0.0,1.0
A2GCVUZ1N1TBZ2,32,17,0.00195717246143219,0.0,1.0
AVFB9B931P1CJ,34,14,0.0016117890858853327,0.0,1.0
ACPQTJE7LY531,22,57,0.006562284135390283,0.0,1.0
A214DG8Y09M3W9,4,551,0.06343541330877274,0.0,1.0
AD2LQ9E9N6Y48,3,481,0.055376467879346074,0.0,1.0
A1400N2R4PQTWF,3,481,0.055376467879346074,0.0,1.0
A2LCJASTNJO98K,0,67,0.007713562053879806,0.0,1.0
A1BT3B317O829E,17,22,0.0025328114206769514,0.0,1.0
A1SX9PHJWTDMF9,4,565,0.06504720239465807,0.0027734018334723766,0.9515973137513337
A3KTWXWO9MYIYB,9,45,0.005180750633202855,0.0,1.0
A35V32HZEGZH04,9,34,0.00391434492286438,0.0,1.0
A1OPKNO7IXWV27,19,69,0.007943817637577712,0.0,1.0
A1TX6FWFGA1QVO,11,13,0.0014966612940363804,0.0,1.0
A9DC2VSSE1HT0,6,402,0.046281372323278835,0.0,1.0
A96K1ZGW56S2I,0,41,0.004720239465807046,0.0,1.0
A3PFHOG6AV4ECA,3,481,0.055376467879346074,0.0,1.0
A2SD0UPTBP3T0F,9,34,0.00391434492286438,0.0,1.0
A13QUJ8535XWSP,5,128,0.014736357356665898,0.0,1.0
A3TAS1AG6FMBQW,1,465,0.05353442320976284,0.013169664027354531,0.4289302929180571
A18759AMQBHXCW,2,8,0.0009210223347916187,0.0,1.0
A3K4ERDSQTN0YX,7,40,0.004605111673958094,0.0,1.0
A2XDJAEWOYWEYA,8,232,0.02670964770895694,0.0,1.0
AG3ICATDLQ3EQ,1,13,0.0014966612940363804,0.0,1.0
AID3D20YLGU0U,12,183,0.021068385908358276,0.0,1.0
A1N798ZTE2S4F2,9,34,0.00391434492286438,0.0,1.0
A3PZTHTC84Y9I4,29,17,0.00195717246143219,0.0,1.0
A2J8IE3Q5LLB96,0,41,0.004720239465807046,0.0,1.0
A3G8DSANVTLXW9,15,135,0.015542251899608565,0.0,1.0
A1I6TR7R336BXH,0,77,0.00886483997236933,0.0,1.0
A3MJTC00XJWGBF,2,27,0.003108450379921713,0.0,1.0
A1GRYKT7TUE9CE,0,4,0.00046051116739580933,0.0,1.0
A102EC3XGCBZ81,1,210,0.02417683628827999,0.0,1.0
A1I0ET8C0DHJ8G,9,29,0.0033387059636196177,0.0,1.0
A390CDHLS6NHWP,0,32,0.0036840893391664746,0.0,1.0
A1SCE1YMBH86WE,24,33,0.003799217131015427,0.0,1.0
A22DV4ZASA1MX3,21,69,0.007943817637577712,0.0,1.0
A1F1A0QQP2XVH5,0,101,0.011627906976744186,0.0007687021741529247,0.5196039603960396
A1UDQ2FIUN3JUT,5,128,0.014736357356665898,0.0,1.0
A2JAGOIH2DZAN,32,17,0.00195717246143219,0.0,1.0
A2399LYFEX2HV0,3,481,0.055376467879346074,0.0,1.0
A20IGHP5BJ4OD5,1,210,0.02417683628827999,0.0,1.0
A22W70BE1TM55T,5,44,0.005065622841353903,0.0,1.0
A2W3CVBKM239H5,19,69,0.007943817637577712,0.0,1.0
AKM19L55URK6R,14,54,0.006216900759843426,0.0,1.0
A3OMSWC203H2YZ,3,481,0.055376467879346074,0.0,1.0
A3129B0UL290DD,8,83,0.009555606723463044,0.0,1.0
A1DOFBSJT3SSKZ,8,8,0.0009210223347916187,0.0,1.0
A2U3HG214VNP9N,41,11,0.0012664057103384757,0.0,1.0
A3HBASBZZVT2N7,4,551,0.06343541330877274,0.0,1.0
A2RWBBQ4TLBQTY,14,54,0.006216900759843426,0.0,1.0
A2I1V1XF9Z3JFT,17,6,0.000690766751093714,0.0,1.0
AF89PY8OK1PV5,9,29,0.0033387059636196177,0.0,1.0
A2XLEVG4HE14CQ,23,47,0.00541100621690076,0.0,1.0
A2DDTHUPCXB6Y,11,33,0.003799217131015427,0.0,1.0
A10DKG2D2J845R,4,551,0.06343541330877274,0.0,1.0
AW0SOAPEY2I7,0,11,0.0012664057103384757,0.0,1.0
A3S76NP1H3R0XH,7,24,0.002763067004374856,0.0,1.0
A2XHRN1WV0B6MV,4,551,0.06343541330877274,0.0,1.0
A3A3LNDYHH53L0,14,107,0.0123186737278379,0.0,1.0
A3JO38KMWIUHX8,2,40,0.004605111673958094,0.0,1.0
A3GZZ7O20BZQ94,1,210,0.02417683628827999,0.0,1.0
ADQEM4CCLH7FB,11,33,0.003799217131015427,0.0,1.0
A2UFAKH7Y8VH5N,1,97,0.011167395809348377,0.0014626536998804986,0.7504295532646048
A3RGU833M0OLDY,29,17,0.00195717246143219,0.0,1.0
A1GHIZOF6W4VON,1,37,0.004259728298411237,0.0,1.0
A32B832WK76HYN,14,54,0.006216900759843426,0.0,1.0
A2462LPFBLFKT6,2,34,0.00391434492286438,0.0,1.0
ALKT8NT9YS9MR,2,34,0.00391434492286438,0.0,1.0
A33ZNV7VQ925SB,9,30,0.00345383375546857,0.0,1.0
A1NAR74A45O0AV,1,48,0.005526134008749712,0.00011491869748182365,0.6684397163120568
AGTQW6LCRGAPZ,9,39,0.004489983882109141,0.0,1.0
A240M3IVP8HR0L,0,243,0.027976053419295415,0.0,1.0
ABDX7H5LA2IB0,1,148,0.017038913193644947,0.0,1.0
A26SDXLH2076YY,1,210,0.02417683628827999,0.0,1.0
A2ITSA62XD9VUD,3,481,0.055376467879346074,0.0,1.0
A23KLGJ105C5LV,37,15,0.001726916877734285,0.0,1.0
AG1CBEN65QI9W,5,50,0.005756389592447617,0.0,1.0
A37OD7AIUMV3EO,2,40,0.004605111673958094,0.0,1.0
AX329NHW6B7BA,4,551,0.06343541330877274,0.0,1.0
A2HPFRNPZZ405N,1,210,0.02417683628827999,0.0,1.0
A1EXXVCOOMXEQ0,3,657,0.07563895924476169,0.0025758628795615286,0.6131436314363143
A37WVR9M1STQDU,10,17,0.00195717246143219,0.0,1.0
A20CC4CZ7EL7D7,1,148,0.017038913193644947,0.0,1.0
A3UYRYH15P17R1,15,135,0.015542251899608565,0.0,1.0
A3963R7EPE3A7E,1,148,0.017038913193644947,0.0,1.0
AJ8AQG2X9JJ2Y,4,551,0.06343541330877274,0.0,1.0
A2CNZUBFWM361Q,1,221,0.025443241998618464,0.001825442887256149,0.9054709995886466
AQLUYZ2DWKCDQ,4,551,0.06343541330877274,0.0,1.0
A3Q4M88EWD0S5Z,4,551,0.06343541330877274,0.0,1.0
A34LSBBIKLTOOV,9,30,0.00345383375546857,0.0,1.0
A3LWTNKF8T05AK,14,107,0.0123186737278379,0.0,1.0
A2PATWWZAXHQYA,9,107,0.0123186737278379,0.0,1.0
A27HLTDITCL1O8,5,14,0.0016117890858853327,0.0,1.0
A240E6DLMP5KEK,6,17,0.00195717246143219,0.0,1.0
AYMBN5CC7IUK7,2,37,0.004259728298411237,0.0,1.0
A12Q2ZZJFKNQ4S,9,34,0.00391434492286438,0.0,1.0
A29ELZ0R2VXILG,6,402,0.046281372323278835,0.0,1.0
ASSOOHA7T12OA,15,135,0.015542251899608565,0.0,1.0
A13HUHXEQPX3YI,7,40,0.004605111673958094,0.0,1.0
A3LZEFHIYZ1FGA,0,225,0.025903753166014273,0.004669723026664196,0.5486111111111112
A1CAP5AJ7JMHKS,8,232,0.02670964770895694,0.0,1.0
A2HOZZLPREEY4G,9,34,0.00391434492286438,0.0,1.0
A38LYMP23O1111,4,551,0.06343541330877274,0.0,1.0
A1XISLQOHN41MN,3,481,0.055376467879346074,0.0,1.0
AVSVOKDI0AGR7,2,18,0.002072300253281142,0.0,1.0
A3E23UCQ27R3SU,6,402,0.046281372323278835,0.0,1.0
A286412C4WR3J9,5,50,0.005756389592447617,0.0,1.0
A34AMRIGX4RVKU,9,29,0.0033387059636196177,0.0,1.0
A2YBMSUMVETP0K,0,10,0.0011512779184895234,0.0,1.0
A3SC91NJUK624,4,551,0.06343541330877274,0.0,1.0
A2U4W69NZJT4LD,8,8,0.0009210223347916187,0.0,1.0
AH67CQEJ4RQM9,11,16,0.0018420446695832373,0.0,1.0
A1UDJYFICROJ3X,10,60,0.00690766751093714,0.0,1.0
A36890902KUCK5,1,9,0.001036150126640571,0.0,1.0
A30W19TNWBB6SH,5,50,0.005756389592447617,0.0,1.0
A3U8J6HOIYKIFM,2,53,0.006101772967994474,0.0023524956640124097,0.49056603773584906
A3K7A4GPMV3C22,0,49,0.0056412618005986645,0.0,1.0
A10WILNLQ44MGQ,3,481,0.055376467879346074,0.0,1.0
A2WO3HF88DF4PW,53,6,0.000690766751093714,0.0,1.0
A3K4IFDEHTYRSU,6,402,0.046281372323278835,0.0,1.0
AL5V0IGIPIBEJ,0,6,0.000690766751093714,0.0,1.0
A1AM97PWBXRM6D,81,4,0.00046051116739580933,0.0,1.0
A2WYFLTDS19XQY,8,83,0.009555606723463044,0.0,1.0
A3DJ8DG0WPNXQA,1,9,0.001036150126640571,0.0,1.0
ATOYJCSSSOSWQ,4,551,0.06343541330877274,0.0,1.0
A3SIVSBFGWO03,1,37,0.004259728298411237,0.0,1.0
AR87CWP6KEL4A,53,6,0.000690766751093714,0.0,1.0
A2HLMXUSTCSK8N,3,75,0.008634584388671426,0.0,1.0
A3UERTXLHBGAZ0,14,107,0.0123186737278379,0.0,1.0
A4WCZVA328QB4,7,40,0.004605111673958094,0.0,1.0
A1KZMSXC9JOI7Q,15,135,0.015542251899608565,0.0,1.0
A23B499FWWOSAX,3,481,0.055376467879346074,0.0,1.0
A1365J9VYWUHXB,19,69,0.007943817637577712,0.0,1.0
A22CGPNH63WDJZ,14,54,0.006216900759843426,0.0,1.0
A2PLSZ90SNG3FV,1,210,0.02417683628827999,0.0,1.0
A2QCJ9VR3SEIR0,2,18,0.002072300253281142,0.0,1.0
A1UOBB4DO4WB4S,4,551,0.06343541330877274,0.0,1.0
A38986T7SECVKX,0,243,0.027976053419295415,0.0,1.0
A13YHMQKJF3ZL5,9,29,0.0033387059636196177,0.0,1.0
A3R26BOC579JZT,10,224,0.025788625374165323,0.0,1.0
AAR7CEPXYJA0T,1,210,0.02417683628827999,0.0,1.0
A3LGGQRAIDW3Z2,6,402,0.046281372323278835,0.0,1.0
A1XJOSJN6FHFO0,2,16,0.0018420446695832373,0.0,1.0
A3A4WASUJDYCE3,48,8,0.0009210223347916187,0.0,1.0
A2A3HQJM4VQGBL,8,83,0.009555606723463044,0.0,1.0
A3479FS9K87E6O,11,157,0.018075063320285516,0.0,1.0
A3A3F5N7NZCVMT,9,34,0.00391434492286438,0.0,1.0
A1RGEORG34AQAY,0,35,0.004029472714713332,0.0,1.0
A35HR13MDW19RP,8,232,0.02670964770895694,0.0,1.0
A2FRFAQCWZJT3Q,10,17,0.00195717246143219,0.0,1.0
A1MJS1YRKNMU04,0,243,0.027976053419295415,0.0,1.0
A1SUF6BBG0T2ZQ,10,224,0.025788625374165323,0.0,1.0
A3Q4E2FTXYOQEW,0,11,0.0012664057103384757,0.0,1.0
A3V2PI7YM6U7YI,14,107,0.0123186737278379,0.0,1.0
A13ZT5G31M5WJ5,14,107,0.0123186737278379,0.0,1.0
AZHV16QDXACKC,3,481,0.055376467879346074,0.0,1.0
A1W0QK53EN02H5,1,210,0.02417683628827999,0.0,1.0
AU23M8NFNISHE,3,481,0.055376467879346074,0.0,1.0
A2YD3067K4RN5P,4,551,0.06343541330877274,0.0,1.0
AIW2B5CZEUTS5,7,40,0.004605111673958094,0.0,1.0
A34BFOXOM87TCY,2,22,0.0025328114206769514,0.0,1.0
ACRWKOL0WAT8M,4,551,0.06343541330877274,0.0,1.0
A1482ISQT966WC,10,224,0.025788625374165323,0.0,1.0
A1LAGLKT5I2ME0,34,14,0.0016117890858853327,0.0,1.0
AEX6CQEO3QZ4M,8,232,0.02670964770895694,0.0,1.0
A3VC5NV5NAJ2V4,4,551,0.06343541330877274,0.0,1.0
A3FDXCRC4LAOZP,9,29,0.0033387059636196177,0.0,1.0
A20RIYQIMFLVM5,14,107,0.0123186737278379,0.0,1.0
A2HPJKM7L4EOQB,12,7,0.0008058945429426663,0.0,1.0
A1D6XJGWCLNM3W,11,33,0.003799217131015427,0.0,1.0
A2L3OAPBMBGHHD,25,22,0.0025328114206769514,0.0,1.0
AA8RBTN3J2F5H,27,21,0.002417683628827999,0.0,1.0
A60GRZWE1VPHV,0,41,0.004720239465807046,0.0,1.0
A1YOGD8K6EV6VI,33,15,0.001726916877734285,0.0,1.0
A2I0X163CQDBFA,7,24,0.002763067004374856,0.0,1.0
A39B4ZJFZRGX1I,0,243,0.027976053419295415,0.0,1.0
ADA48QJRB4NZ0,4,551,0.06343541330877274,0.0,1.0
A3MJ1OH04JQNQF,53,6,0.000690766751093714,0.0,1.0
APWARS0L4QGPC,7,40,0.004605111673958094,0.0,1.0
AOLC9OV244MFW,10,224,0.025788625374165323,0.0,1.0
A1JAJO1BULTYMZ,7,40,0.004605111673958094,0.0,1.0
A3LYRF8UZ0W182,3,481,0.055376467879346074,0.0,1.0
A3OIGUHVHZBKT4,9,34,0.00391434492286438,0.0,1.0
A3S7SV04I6BQ6E,0,77,0.00886483997236933,0.0,1.0
A13OR6VTA2EBH9,8,232,0.02670964770895694,0.0,1.0
A3QQ1Q4A02OWJT,0,32,0.0036840893391664746,0.0,1.0
A1RP09FD797OVG,10,224,0.025788625374165323,0.0,1.0
A2JXS1JII6SAUD,7,40,0.004605111673958094,0.0,1.0
A3L0LXJ66P4OFG,3,481,0.055376467879346074,0.0,1.0
A1ZXMMQPYC3Z9I,5,50,0.005756389592447617,0.0,1.0
A104VHQ06KFLDT,40,12,0.001381533502187428,0.0,1.0
A2SI71XM3BMLAD,3,481,0.055376467879346074,0.0,1.0
A33ZO4XGZ09MPG,7,40,0.004605111673958094,0.0,1.0
A1K5BHC4LS2XWY,3,481,0.055376467879346074,0.0,1.0
A3CGEKPKOO35B3,2,5,0.0005756389592447617,0.0,1.0
ACSCECQJQNT5I,2,34,0.00391434492286438,0.0,1.0
A3A8EWK181RGFU,1,210,0.02417683628827999,0.0,1.0
A2QK0CVRJVW7PX,3,481,0.055376467879346074,0.0,1.0
A183VLQN2JD01,3,481,0.055376467879346074,0.0,1.0
A1DQHS7MOVYYYA,7,40,0.004605111673958094,0.0,1.0
APGS6U5D8YRII,2,34,0.00391434492286438,0.0,1.0
A1NZ1PX75H8JK9,10,5,0.0005756389592447617,0.0,1.0
A3I1GZ3Z7AXSNZ,1,210,0.02417683628827999,0.0,1.0
A1DIFL0333QPEB,4,551,0.06343541330877274,0.0,1.0
A2WAU01PM6FPD9,7,7,0.0008058945429426663,0.0,1.0
A3DKP8M0GSP8UK,25,22,0.0025328114206769514,0.0,1.0
A1YRUUY14KW853,6,402,0.046281372323278835,0.0,1.0
A20N7Y8YFR0MPE,24,33,0.003799217131015427,0.0,1.0
A2GKXXW2731VKS,2,5,0.0005756389592447617,0.0,1.0
A23205H9PLIOC0,2,13,0.0014966612940363804,0.0,1.0
A1PPS91NLI7KEH,7,40,0.004605111673958094,0.0,1.0
A3QF8N5GBYCZUQ,16,93,0.010706884641952567,0.0,1.0
A2SATO5BNKWY3Y,2,77,0.00886483997236933,0.00026051871863015826,0.49829118250170884
A3KO6JEVS1FJ8X,10,50,0.005756389592447617,0.00010035111193029641,0.8163265306122449
A2CY10DLP6U5MH,4,1020,0.11743034768593137,0.004751259400658463,0.5137466566607015
A3TU618RIP1SGL,0,23,0.0026479392125259038,0.0,1.0
A20NUW4T1DB7UQ,4,551,0.06343541330877274,0.0,1.0
A1KGMLV9UME4EX,2,34,0.00391434492286438,0.0,1.0
A2ZT1CSHU62UOL,2,34,0.00391434492286438,0.0,1.0
A3M44M02O018YG,0,243,0.027976053419295415,0.0,1.0
AJ7GOBURILNOF,10,5,0.0005756389592447617,0.0,1.0
A353N8AMEU296G,2,34,0.00391434492286438,0.0,1.0
A35PIXLJIUTKZN,4,551,0.06343541330877274,0.0,1.0
AZXIGU9MBPYW,4,551,0.06343541330877274,0.0,1.0
A1CFU5XJXN3PV4,4,551,0.06343541330877274,0.0,1.0
A1TDHAKEDTJL2J,1,210,0.02417683628827999,0.0,1.0
A2AZTRF410E765,0,243,0.027976053419295415,0.0,1.0
A1KCSW7Y04ZWYJ,10,19,0.0021874280451300945,0.0,1.0
A3H8R9RBN7MYD,21,69,0.007943817637577712,0.0,1.0
A2SU3YFX8T4UJ7,0,15,0.001726916877734285,0.0,1.0
A46YT26BA97R0,0,4,0.00046051116739580933,0.0,1.0
A3D4OB8I3HPULA,89,3,0.000345383375546857,0.0,1.0
A1VEOIQ85IRL66,6,402,0.046281372323278835,0.0,1.0
A2IJ8OWXSJQV27,4,551,0.06343541330877274,0.0,1.0
A2LCO1J0MNWB43,14,54,0.006216900759843426,0.0,1.0
A1FPS4R13KT9ZC,10,224,0.025788625374165323,0.0,1.0
A3K7QTMDO872EC,1,12,0.001381533502187428,0.0,1.0
A25C1PGDWZ5G3V,0,42,0.004835367257655998,4.790325539584245e-06,0.8304297328687572
AUQ222SF27VCL,20,17,0.00195717246143219,0.0,1.0
AWB00UIW85BNV,0,7,0.0008058945429426663,0.0,1.0
AF877B2COG8Y7,4,551,0.06343541330877274,0.0,1.0
A38SN37XVGG1R7,34,14,0.0016117890858853327,0.0,1.0
ALR7JXNK1KOIC,21,69,0.007943817637577712,0.0,1.0
A1HE9XEZ3LPP6B,3,481,0.055376467879346074,0.0,1.0
A3KOASATK1KTI,4,573,0.06596822472944969,0.016986045942864316,0.9261096669473633
A2PZKHQ3CDLU8Y,0,77,0.00886483997236933,0.0,1.0
A1KJAMZ82D1Z44,12,183,0.021068385908358276,0.0,1.0
AI02Y5Q8Z5X8I,0,243,0.027976053419295415,0.0,1.0
A2EJPGQV89WOTD,7,79,0.009095095556067235,0.0004917992347313791,0.5069782538136969
A1GG82ALWJIGE8,23,5,0.0005756389592447617,0.0,1.0
AHVLDNLA5IRQ1,0,5,0.0005756389592447617,0.0,1.0
A2SVXQ66G7BWBR,6,402,0.046281372323278835,0.0,1.0
A28LXIZQOEQ6KY,35,13,0.0014966612940363804,0.0,1.0
A1Z6TERCYMMECJ,2,9,0.001036150126640571,0.0,1.0
AII45TUQ5UKPS,5,50,0.005756389592447617,0.0,1.0
A2Q5OH3DGQGMXD,7,40,0.004605111673958094,0.0,1.0
AHJ67NJKYWK7W,21,69,0.007943817637577712,0.0,1.0
AEF7CR8SNCYF2,2,34,0.00391434492286438,0.0,1.0
A3ANBGDAJX55HD,1,173,0.019917107989868753,0.0,1.0
A240MCV0HMI7VP,2,40,0.004605111673958094,0.0,1.0
ADEF2TC6C3ART,8,83,0.009555606723463044,0.0,1.0
A2S4OCXPJ9SA01,0,23,0.0026479392125259038,0.0,1.0
AZZA7IQWTXCH3,8,232,0.02670964770895694,0.0,1.0
A2CX79FL19TP46,2,34,0.00391434492286438,0.0,1.0
A1XNZ5YOKS51G7,4,551,0.06343541330877274,0.0,1.0
A9LJG3K5TEVPB,5,105,0.012088418144139995,0.0,1.0
A2QB3BKGDVG6DX,7,4,0.00046051116739580933,0.0,1.0
A21A9F84S9AZIP,3,481,0.055376467879346074,0.0,1.0
A1BHRKM387NKXH,9,29,0.0033387059636196177,0.0,1.0
A2DZZZ8D81Q8X,0,27,0.003108450379921713,0.0,1.0
AIU3NFC8VQG72,11,157,0.018075063320285516,0.0,1.0
A2XOUBTCDPFMBB,3,481,0.055376467879346074,0.0,1.0
A317L56T9Q55C2,3,75,0.008634584388671426,0.0,1.0
A127X09WZNT908,7,40,0.004605111673958094,0.0,1.0
AINUV6DVXMKEM,0,41,0.004720239465807046,0.0,1.0
A1WGEIDK19JKH3,0,27,0.003108450379921713,0.0,1.0
A35YJ7SBI8ZTME,1,210,0.02417683628827999,0.0,1.0
AVRFGGCCCR6QU,13,218,0.02509785862307161,0.0,1.0
A3SNRU9Z9763AO,10,224,0.025788625374165323,0.0,1.0
AMMJH39YLUV8B,0,15,0.001726916877734285,0.0,1.0
A2ICT9A9NFH6X8,7,40,0.004605111673958094,0.0,1.0
A208F20NUCU1T4,10,60,0.00690766751093714,0.0,1.0
A25M2X8KHSS2NC,13,218,0.02509785862307161,0.0,1.0
AR1SVEHMOGP44,0,6,0.000690766751093714,0.0,1.0
A34NP9Q7KBGH63,0,7,0.0008058945429426663,0.0,1.0
A15OQ0YZCQ787E,3,481,0.055376467879346074,0.0,1.0
A25GCAD2QGXD55,5,128,0.014736357356665898,0.0,1.0
AJ093IH3TA4HU,17,22,0.0025328114206769514,0.0,1.0
AE95Z3K6GVIC3,5,6,0.000690766751093714,0.0,1.0
A8QA95BMLXCSU,1,173,0.019917107989868753,0.0,1.0
A3N7T0DY83Y4IG,84,4,0.00046051116739580933,0.0,1.0
A3HSPIBCQA2ASN,19,69,0.007943817637577712,0.0,1.0
AACKRUEFSCZOW,8,83,0.009555606723463044,0.0,1.0
A1AHYRIK9DX6NY,81,4,0.00046051116739580933,0.0,1.0
A2P1ESXY3TK3UM,3,481,0.055376467879346074,0.0,1.0
A3UCF82XIPJME2,7,40,0.004605111673958094,0.0,1.0
A2GOWDUXFP5P18,23,52,0.005986645176145521,0.0005641911341393207,0.8227752639517345
A2T001N0QCRMZ1,20,50,0.005756389592447617,0.0,1.0
A3TA1UJWRJF9NC,4,551,0.06343541330877274,0.0,1.0
A3IPDVVMGHDE5K,5,128,0.014736357356665898,0.0,1.0
A1DF5D8N00SQR0,2,34,0.00391434492286438,0.0,1.0
A1DL9IH75MWT8R,6,402,0.046281372323278835,0.0,1.0
A2A2JYDOR6GJ3E,10,5,0.0005756389592447617,0.0,1.0
A2ICE47SJFD90U,4,551,0.06343541330877274,0.0,1.0
A3TWFM69THKQBK,0,10,0.0011512779184895234,0.0,1.0
AU9BPT3Y3K6J4,2,34,0.00391434492286438,0.0,1.0
A3L3EEJYMUPM02,2,55,0.006332028551692378,0.0,1.0
A3RCEXV5769SG8,5,50,0.005756389592447617,0.0,1.0
A1GPS8D0AWIEG8,9,34,0.00391434492286438,0.0,1.0
A1WVIO1Z0N8JG2,11,157,0.018075063320285516,0.0,1.0
AMAR6CIOZUQO4,13,218,0.02509785862307161,0.0,1.0
A1263RB8HKHD76,7,40,0.004605111673958094,0.0,1.0
A1MYO26LV8X7JI,7,40,0.004605111673958094,0.0,1.0
A36CA7WO8H60SK,3,481,0.055376467879346074,0.0,1.0
A1DO9LRCO23EOM,42,10,0.0011512779184895234,0.0,1.0
A3ERWBVZHT86CB,0,77,0.00886483997236933,0.0,1.0
A2CGLTQSOX2UYM,1,210,0.02417683628827999,0.0,1.0
A36H6CP232NRYD,10,224,0.025788625374165323,0.0,1.0
A2GRYN2DYGFM8L,53,6,0.000690766751093714,0.0,1.0
A3NNNU01JEZDUC,23,47,0.00541100621690076,0.0,1.0
A12T2YJDP004C2,1,9,0.001036150126640571,0.0,1.0
A3LAUF321KERYB,17,6,0.000690766751093714,0.0,1.0
A2I8J6GW1H6LWU,13,218,0.02509785862307161,0.0,1.0
A1F3A3MMY54FUP,23,5,0.0005756389592447617,0.0,1.0
A2YCEKVUN1W5F1,7,40,0.004605111673958094,0.0,1.0
A7829CRHD25WU,3,481,0.055376467879346074,0.0,1.0
A3VV443NATJMKY,11,33,0.003799217131015427,0.0,1.0
A88XPSZ26G6TG,0,77,0.00886483997236933,0.0,1.0
A290XSFY4NQDJQ,21,69,0.007943817637577712,0.0,1.0
A2JVIA9P648H6Y,0,15,0.001726916877734285,0.0,1.0
A7R4R9THNELTP,13,218,0.02509785862307161,0.0,1.0
A12I3HHLUD6WY9,79,4,0.00046051116739580933,0.0,1.0
A9A673ZJS3ZGI,21,69,0.007943817637577712,0.0,1.0
A17ZGZHO81XVC2,8,232,0.02670964770895694,0.0,1.0
A3UC2DLZF7TFB4,24,33,0.003799217131015427,0.0,1.0
A3IL9TABNQ0SYP,3,481,0.055376467879346074,0.0,1.0
A11ZP93TJED4T6,13,218,0.02509785862307161,0.0,1.0
AB6KW0XLW1MR7,0,15,0.001726916877734285,0.0,1.0
A3MMVTD7DA3PJ8,17,22,0.0025328114206769514,0.0,1.0
A1PHOPS0I4ADML,1,210,0.02417683628827999,0.0,1.0
A2XXCCT0TBVDIE,5,50,0.005756389592447617,0.0004277830200928117,0.5102040816326531
A3FF3RNKGCE8YV,5,17,0.00195717246143219,0.0,1.0
A31GOE0Y2JM17C,9,78,0.008979967764218283,0.0,1.0
A1D75IF0B4H4L,0,8,0.0009210223347916187,0.0,1.0
A2MYK96VGMBV0S,1,210,0.02417683628827999,0.0,1.0
A3QH8VQDE7HZCR,13,218,0.02509785862307161,0.0,1.0
A2RYWJMMS08S29,2,68,0.00782868984572876,0.0,1.0
A30IP3E4MDQ36,12,45,0.005180750633202855,0.0,1.0
A2N3OJ1T4IKZBM,2,18,0.002072300253281142,0.0,1.0
A2M8QP8TSNRK5P,3,75,0.008634584388671426,0.0,1.0
AM583EZIQ9YO5,8,315,0.036265254432419985,0.003786185807725275,0.6107168132645839
A9X950RNKST4P,3,481,0.055376467879346074,0.0,1.0
A34WPI852H7AVB,25,22,0.0025328114206769514,0.0,1.0
AZYTIZ4EHOAL8,7,5,0.0005756389592447617,0.0,1.0
A3F3XQGPOVXJET,6,402,0.046281372323278835,0.0,1.0
A3FOXL24P5ZGE8,3,481,0.055376467879346074,0.0,1.0
A25KZDHFZKWC4V,2,34,0.00391434492286438,0.0,1.0
A2YXYJ4JJC5BQB,8,232,0.02670964770895694,0.0,1.0
AGY0KH2D5G9WH,13,218,0.02509785862307161,0.0,1.0
A13M0YEMOZZKDL,21,69,0.007943817637577712,0.0,1.0
A31B95W75QU2MJ,22,57,0.006562284135390283,0.0,1.0
A1YLL71R2M75LC,1,210,0.02417683628827999,0.0,1.0
A3ER4LUKW3PO2W,22,57,0.006562284135390283,0.0,1.0
A1IWMPKH1ELQQP,1,22,0.0025328114206769514,0.00015693824916799442,0.46320346320346323
A9PYOVIOGN5JL,2,37,0.004259728298411237,0.0,1.0
A1HIZC2BJYEY5P,3,481,0.055376467879346074,0.0,1.0
A2U3TXDWG3U3XS,9,29,0.0033387059636196177,0.0,1.0
AP3N6KOLIFYVY,6,402,0.046281372323278835,0.0,1.0
AGBVM3I9RFV89,24,33,0.003799217131015427,0.0,1.0
A3OFI1JD2KA9WD,34,14,0.0016117890858853327,0.0,1.0
A1DIK3X5W8SX51,0,7,0.0008058945429426663,0.0,1.0
A1FA8AAON1UIV9,0,243,0.027976053419295415,0.0,1.0
A1QCZTQ1QBG892,0,41,0.004720239465807046,0.00019931391884149546,0.7817073170731708
A3GCSH7EUZRSQM,0,77,0.00886483997236933,0.0,1.0
A2Q6VIQLGXXLGD,3,543,0.06251439097398112,0.0004868705843311464,0.8029126147615068
A3O4OL81Z48AVF,8,83,0.009555606723463044,0.0,1.0
A3T0MOVJN9OPVB,5,55,0.006332028551692378,0.000561461332270651,0.835016835016835
A810PNCBZXIYJ,1,210,0.02417683628827999,0.0,1.0
A3MWMO2IOQDWBJ,4,551,0.06343541330877274,0.0,1.0
A3OBZ4F27KV8NO,2,9,0.001036150126640571,0.0,1.0
A2S5XJK8PFYKH9,4,591,0.06804052498273083,0.002026214607070235,0.873847830451117
A3OEWQXYMIXYVI,21,69,0.007943817637577712,0.0,1.0
A2ANKYHOZSYZ4Q,4,551,0.06343541330877274,0.0,1.0
A3EZVW0KD3EUA8,4,551,0.06343541330877274,0.0,1.0
A2T2NVQ14BBBAS,3,481,0.055376467879346074,0.0,1.0
A3G7BEJJCPD6DS,7,40,0.004605111673958094,0.0,1.0
A3CQUQ28OKOMMT,2,34,0.00391434492286438,0.0,1.0
A2KJV9P3Q523CI,3,481,0.055376467879346074,0.0,1.0
A3M6ZX4D8MKR1O,7,24,0.002763067004374856,0.0,1.0
A1N0CTKU6VZPIT,14,21,0.002417683628827999,0.0,1.0
A110PC8C5Y7MQD,2,37,0.004259728298411237,0.0,1.0
A249W26VWPJ8DF,16,93,0.010706884641952567,0.0,1.0
A27EXUP9VDZ5FV,21,69,0.007943817637577712,0.0,1.0
A17Z0LVY96TO53,8,232,0.02670964770895694,0.0,1.0
A21NY1BE30PD7J,3,481,0.055376467879346074,0.0,1.0
A2VPSHOKIKSLJY,8,232,0.02670964770895694,0.0,1.0
A1HWV9AYUMH3HV,2,40,0.004605111673958094,0.0,1.0
A38CQJJOWSL8A7,1,210,0.02417683628827999,0.0,1.0
AY4B9XKR85TTK,0,6,0.000690766751093714,0.0,1.0
A1MGS94AG7NSZL,2,34,0.00391434492286438,0.0,1.0
A2P1ZALAC93BHH,12,183,0.021068385908358276,0.0,1.0
A3HCGSOLAHATVQ,5,35,0.004029472714713332,0.0,1.0
A2DY4K74PF6JST,8,232,0.02670964770895694,0.0,1.0
A1VXQW4UQTLDQM,6,402,0.046281372323278835,0.0,1.0
A1OMZ3YU1W9L99,22,57,0.006562284135390283,0.0,1.0
A1USUT1GJPMNAN,13,218,0.02509785862307161,0.0,1.0
A23O8T3LNL9YY8,44,11,0.0012664057103384757,0.0,1.0
A1YSTRGTX7B66G,9,78,0.008979967764218283,0.0,1.0
A1DKICE5Z4EQNR,8,57,0.006562284135390283,0.0,1.0
A1E9ZB5LT45ON1,4,6,0.000690766751093714,0.0,1.0
A1X0QMZ0M21J9U,5,50,0.005756389592447617,0.0,1.0
A32QNGGSX3YTAH,13,218,0.02509785862307161,0.0,1.0
AN6774EDYBQPP,3,481,0.055376467879346074,0.0,1.0
A14NF0ZJXRYNO3,12,183,0.021068385908358276,0.0,1.0
A3MGIOWRRMULJY,5,50,0.005756389592447617,0.0,1.0
A27X48PMUGK6U4,13,218,0.02509785862307161,0.0,1.0
A3J8A5L5AF5TX9,11,1339,0.15415611328574716,0.028292802372103753,0.32833439943022424
A13CEEFTSM9ZAZ,1,14,0.0016117890858853327,0.0,1.0
AEGLY4IPD9UWP,1,210,0.02417683628827999,0.0,1.0
A20X3J5AMM7FHE,7,40,0.004605111673958094,0.0,1.0
AK66HX2T0YN6,1,210,0.02417683628827999,0.0,1.0
A2LYK1AGZ4U9L8,4,551,0.06343541330877274,0.0,1.0
ANYNGATL97915,5,21,0.002417683628827999,0.0,1.0
AFNG8O2DXRCUV,2,29,0.0033387059636196177,0.0,1.0
A3FV80G5TGF2YN,7,40,0.004605111673958094,0.0,1.0
A2YFS3AYX720ZX,4,551,0.06343541330877274,0.0,1.0
AEN9ZAYSCOD88,11,33,0.003799217131015427,0.0,1.0
AP7IT6ZJMDVUA,1,148,0.017038913193644947,0.0,1.0
A1H8PY3QHMQQA0,84,4,0.00046051116739580933,0.0,1.0
A13VF2IKG8W3K8,7,108,0.012433801519686852,0.0,1.0
AMO214LNFCEI4,84,4,0.00046051116739580933,0.0,1.0
A261321MIS0YPB,8,8,0.0009210223347916187,0.0,1.0
A2XNOB1T796Y6B,7,108,0.012433801519686852,0.0,1.0
A32NKAW0Q7A9IQ,8,8,0.0009210223347916187,0.0,1.0
A27N36BPXB2EKB,4,551,0.06343541330877274,0.0,1.0
A3THKM5QX5XBKQ,9,107,0.0123186737278379,0.0,1.0
A3CA8KTWWHA0JI,3,481,0.055376467879346074,0.0,1.0
A2VW6E1M1JP8JI,7,108,0.012433801519686852,0.0,1.0
A16X9K6CTHEYXO,80,4,0.00046051116739580933,0.0,1.0
A2ICKE6A3MJMM5,7,40,0.004605111673958094,0.0,1.0
A2TXR85WQLE32N,24,33,0.003799217131015427,0.0,1.0
A19CV4KEXXAA1N,7,108,0.012433801519686852,0.0,1.0
A1R22WL520D4L0,80,4,0.00046051116739580933,0.0,1.0
A1ZU55TM45Y2R8,80,4,0.00046051116739580933,0.0,1.0
A38FGQVJM18OWV,13,218,0.02509785862307161,0.0,1.0
A24C863NNAPCLW,3,481,0.055376467879346074,0.0,1.0
A5RESRBCJXMOM,54,6,0.000690766751093714,0.0,1.0
A22BPC7LRSGSYQ,2,13,0.0014966612940363804,0.0002771117080622578,0.5384615384615384
A15TN4GCH7DBXR,5,128,0.014736357356665898,0.0,1.0
AC6YL9O8P14E8,5,50,0.005756389592447617,0.0,1.0
A19MJFMEE3035J,11,157,0.018075063320285516,0.0,1.0
A1YF63MMH5AZJC,6,402,0.046281372323278835,0.0,1.0
A3CLWR1UUZT6TG,7,326,0.03753166014275846,0.003809042702943814,0.5555639452571968
A1D27BCSYV7VWH,5,109,0.012548929311535804,0.0004513529073114565,0.928644240570846
A3R2M5ABAYL63P,8,8,0.0009210223347916187,0.0,1.0
AQMUXDDCLJSSV,7,108,0.012433801519686852,0.0,1.0
A2M9SJDWEJR7JN,0,35,0.004029472714713332,0.0,1.0
AO8RJE8TIFJZA,22,57,0.006562284135390283,0.0,1.0
A300RFTV7HKI5S,5,105,0.012088418144139995,0.0,1.0
A81LEWNPJ49WO,3,481,0.055376467879346074,0.0,1.0
A3ULKL4TS05ZGX,1,13,0.0014966612940363804,0.0,1.0
A16IFD5H3B2SSJ,1,210,0.02417683628827999,0.0,1.0
A2OKLYBFUKQNU4,82,4,0.00046051116739580933,0.0,1.0
AGSC327PXS3W6,1,12,0.001381533502187428,0.0,1.0
A1XUQIA7Q0BGJ1,2,55,0.006332028551692378,0.0,1.0
A27K5RT7VDB7BU,13,218,0.02509785862307161,0.0,1.0
A326VH8IUJ7JSV,7,108,0.012433801519686852,0.0,1.0
A3FQOR3G5Y7UZ,8,232,0.02670964770895694,0.0,1.0
A3TF6A1YMYJQ9U,7,40,0.004605111673958094,0.0,1.0
AW6A4PPENVZY3,3,481,0.055376467879346074,0.0,1.0
A2VTHY6NTE15G3,6,402,0.046281372323278835,0.0,1.0
A3RC6GTUFKEY7Y,4,551,0.06343541330877274,0.0,1.0
A3BUDM5FYDLU71,4,551,0.06343541330877274,0.0,1.0
A1FNHDWSN2KA0G,7,108,0.012433801519686852,0.0,1.0
A2Y4H3PXB07WQI,13,218,0.02509785862307161,0.0,1.0
AMGGZCWY3VNZC,7,40,0.004605111673958094,0.0,1.0
A2QJ3GNQ3SYKCQ,2,34,0.00391434492286438,0.0,1.0
AS0QMBY6C5US9,4,6,0.000690766751093714,0.0,1.0
A10VGVCS9EFVGZ,10,60,0.00690766751093714,0.0,1.0
AYXJMJJJ8JMXH,3,75,0.008634584388671426,0.0,1.0
A16HZ3PVXRYR4A,2,27,0.003108450379921713,0.0,1.0
A1A22RM1NZTVQV,5,32,0.0036840893391664746,0.0,1.0
AK21M2AE4U71T,57,6,0.000690766751093714,0.0,1.0
AB76THS0IXKAQ,14,54,0.006216900759843426,0.0,1.0
A2D5UR2N8TYK17,5,44,0.005065622841353903,0.0,1.0
A16NHVBIU3VE4B,8,232,0.02670964770895694,0.0,1.0
A3QMJMTLJC34QC,0,27,0.003108450379921713,0.0,1.0
A2RULKDI00UF1F,1,173,0.019917107989868753,0.0,1.0
A1B6M00USHUR6O,7,108,0.012433801519686852,0.0,1.0
A11312A9J5RL9J,8,232,0.02670964770895694,0.0,1.0
AQGUDK0MSQ95L,7,40,0.004605111673958094,0.0,1.0
A2CZW7M6NJT8KB,3,481,0.055376467879346074,0.0,1.0
AOY9SZTMNQWAW,7,215,0.02475247524752475,0.004352932913987441,0.39069767441860465
A20EQ98GMJSGG8,0,35,0.004029472714713332,0.0,1.0
A1R2514DVWIIMV,13,218,0.02509785862307161,0.0,1.0
A2OKCS5234ZV7S,7,79,0.009095095556067235,0.0004917992347313791,0.5069782538136969
A33N08AT51YRK0,0,14,0.0016117890858853327,0.0,1.0
A2Q7QOQTWLLQMA,7,108,0.012433801519686852,0.0,1.0
AFM9LKET50RZ4,7,108,0.012433801519686852,0.0,1.0
A2YM85TO0H2JET,7,108,0.012433801519686852,0.0,1.0
AY5VJCY3K4DD8,1,210,0.02417683628827999,0.0,1.0
A1VA1QF8KZNBLL,13,218,0.02509785862307161,0.0,1.0
A2VD05UT6B7RE6,4,551,0.06343541330877274,0.0,1.0
A5PS42VT6YVQZ,1,173,0.019917107989868753,0.0,1.0
A2U3HFFK3XQZOG,0,36,0.004144600506562284,0.0,1.0
AT3JKJUMYKAK,6,402,0.046281372323278835,0.0,1.0
A89ZZKNDFQH23,7,40,0.004605111673958094,0.0,1.0
A16723ZETJAWIS,7,108,0.012433801519686852,0.0,1.0
A2VCW0573Q0GW0,0,35,0.004029472714713332,0.0,1.0
A2HGEG82645YF4,57,6,0.000690766751093714,0.0,1.0
A31K78RDPK1UKE,3,481,0.055376467879346074,0.0,1.0
A3TTASCT75RNSF,19,69,0.007943817637577712,0.0,1.0
A100WO06OQR8BQ,1,219,0.02521298641492056,0.0006747660150405424,0.920824431318336
A2XF8X3W4OXI06,15,135,0.015542251899608565,0.0,1.0
A36FLCHRBNUUCV,4,551,0.06343541330877274,0.0,1.0
A3UQR3IEAL6G6A,2,55,0.006332028551692378,0.0,1.0
A275POKNNSDTC4,14,107,0.0123186737278379,0.0,1.0
A2E2BMXO5WCNNJ,1,37,0.004259728298411237,0.0,1.0
A3RAESXA4SR1YL,14,107,0.0123186737278379,0.0,1.0
A20Y7REXQZ1REW,7,40,0.004605111673958094,0.0,1.0
A20BB7TPL5F7G2,2,14,0.0016117890858853327,0.0,1.0
A1KAE1LOY4TBSV,1,173,0.019917107989868753,0.0,1.0
A1SF0589DRG9AD,1,148,0.017038913193644947,0.0,1.0
A28QRX1HWDLNL1,5,50,0.005756389592447617,0.0,1.0
A1JRB7WNDFJSZP,3,543,0.06251439097398112,0.0004868705843311464,0.8029126147615068
A1OFIP9PEMFF4X,16,93,0.010706884641952567,0.0,1.0
A70WOSKH59VRE,1,210,0.02417683628827999,0.0,1.0
A3EIVEAH4J9KIR,5,128,0.014736357356665898,0.0,1.0
AYEGDBTAK29JA,2,26,0.0029933225880727607,0.0,1.0
A3P6OWYSHBXE5T,16,4,0.00046051116739580933,0.0,1.0
A1FVN80HHHR3RA,4,572,0.06585309693760073,0.00102728096497706,0.9292861254332357
ADE5RJ2I12LZ6,7,108,0.012433801519686852,0.0,1.0
A2S4UO73LBY2EZ,16,93,0.010706884641952567,0.0,1.0
A33Z318TMDAFDM,7,108,0.012433801519686852,0.0,1.0
A2TEAQ7XD3B11B,7,108,0.012433801519686852,0.0,1.0
A3NGOG8Z78AZSD,1,210,0.02417683628827999,0.0,1.0
A319UCRTOK0V9P,9,39,0.004489983882109141,0.0,1.0
A1WYKNREHQ30KE,40,12,0.001381533502187428,0.0,1.0
A3F2NSR3N0UKP0,3,481,0.055376467879346074,0.0,1.0
A7ZADIMTO4XG8,4,551,0.06343541330877274,0.0,1.0
AHPRCZ59P9RU0,13,218,0.02509785862307161,0.0,1.0
A9V1ACRKPKQWT,8,232,0.02670964770895694,0.0,1.0
AAONZ50U9K7NW,10,224,0.025788625374165323,0.0,1.0
A17U12E2LNDSYL,0,32,0.0036840893391664746,0.0,1.0
A3GAJB5Y9XCLHU,66,5,0.0005756389592447617,0.0,1.0
A3B21ZWOW9I4X7,3,481,0.055376467879346074,0.0,1.0
AQG17YFAR1ANR,1,210,0.02417683628827999,0.0,1.0
A26HC0DYVSVNUS,1,210,0.02417683628827999,0.0,1.0
A23JXBO3D3ELAA,6,5,0.0005756389592447617,0.0,1.0
A1ZEUALB9OHGNE,0,243,0.027976053419295415,0.0,1.0
A1O7IMK0R5L0S0,11,157,0.018075063320285516,0.0,1.0
AMI7NR2C7DO10,7,108,0.012433801519686852,0.0,1.0
AZAC8O310IK4E,1,261,0.03004835367257656,0.004132042143117224,0.7557323902151488
A1KYUOPBGQCLUF,6,402,0.046281372323278835,0.0,1.0
A35OQ29USFZHDN,9,78,0.008979967764218283,0.0,1.0
A2PN8S9QT7INHE,0,7,0.0008058945429426663,0.0,1.0
A35HK0ZU7MWA4X,0,243,0.027976053419295415,0.0,1.0
AK9BXHEXOOM6Z,12,45,0.005180750633202855,0.0,1.0
A1Y2BG1GPW1VT6,9,78,0.008979967764218283,0.0,1.0
A3LAQSWV1VNONO,5,128,0.014736357356665898,0.0,1.0
A2YA6QX577CK8Q,1,4,0.00046051116739580933,0.0,1.0
A2DYPUU188F6BV,4,732,0.0842735436334331,0.004612433620541756,0.6290282792491758
A1BZ18U2EF4FAI,7,175,0.020147363573566657,0.0010439752932863383,0.4600985221674877
AVUJQ7L84Q5M2,10,224,0.025788625374165323,0.0,1.0
A1XY86U23W6LQ,7,40,0.004605111673958094,0.0,1.0
AAWBS2IBQ0VAU,1,210,0.02417683628827999,0.0,1.0
A1K3O5HTQ3CY0C,4,551,0.06343541330877274,0.0,1.0
A37187ZFJZKUPY,0,77,0.00886483997236933,0.0,1.0
A28RVT20CEXA8B,13,218,0.02509785862307161,0.0,1.0
A2WER6C7Y0T4D2,0,89,0.010246373474556758,0.0014244355552071085,0.7645556690500511
A2L7DQQSGCBA46,5,35,0.004029472714713332,0.0,1.0
AXHZ3GKG02IQY,20,17,0.00195717246143219,0.0,1.0
A1BMPAGUVC0T9W,3,481,0.055376467879346074,0.0,1.0
A3N5630QP9J06Q,7,108,0.012433801519686852,0.0,1.0
A2NZB5S3QTQRVS,2,5,0.0005756389592447617,0.0,1.0
AJIEYYB8CT9D,7,40,0.004605111673958094,0.0,1.0
A3PZ4AXTY9J1DZ,0,243,0.027976053419295415,0.0,1.0
A23A7OH3AM0PDA,13,218,0.02509785862307161,0.0,1.0
A2H629SI5VJGRM,2,55,0.006332028551692378,0.0,1.0
A14RFF9JUIM34U,1,37,0.004259728298411237,0.0,1.0
A2IAD8XA81CQWQ,7,40,0.004605111673958094,0.0,1.0
AQT8N7YPGVWCM,33,15,0.001726916877734285,0.0,1.0
A1XZ16AFVCACUN,4,551,0.06343541330877274,0.0,1.0
A2GZBRT6DBCCZY,9,39,0.004489983882109141,0.0,1.0
A19B3LR2VGAP88,2,27,0.003108450379921713,0.0,1.0
A2XQ1TZ9RJQHL0,22,57,0.006562284135390283,0.0,1.0
A1MQQEM7W77L62,12,227,0.026134008749712178,0.0004322829662152388,0.6881213208062064
ADP8ROI8NMNL2,7,108,0.012433801519686852,0.0,1.0
A3J8BLQ2HLK4WZ,0,49,0.0056412618005986645,0.0,1.0
A28Y587UOB6VCS,1,9,0.001036150126640571,0.0,1.0
AHNTN7C4AI4W6,5,105,0.012088418144139995,0.0,1.0
ANEUPVXP9GKJQ,7,40,0.004605111673958094,0.0,1.0
ADX81OJF8C5CF,7,108,0.012433801519686852,0.0,1.0
A17FYFDILT57M0,8,232,0.02670964770895694,0.0,1.0
A3FUTKW59AWR6C,3,481,0.055376467879346074,0.0,1.0
A2UHIN9H9DDZMX,7,40,0.004605111673958094,0.0,1.0
A3V6RC2YMSLT4S,5,105,0.012088418144139995,0.0,1.0
A1X9MCVB19GEPM,19,69,0.007943817637577712,0.0,1.0
A3QT60TL8CF94W,21,69,0.007943817637577712,0.0,1.0
A13BWQDECDDVIZ,13,218,0.02509785862307161,0.0,1.0
A1BMA0RHTVO7X5,2,68,0.00782868984572876,0.0,1.0
ARM4MTNZK1975,3,481,0.055376467879346074,0.0,1.0
A7MKO11ZX97G4,11,33,0.003799217131015427,0.0,1.0
A3507DMCU3IEGI,15,50,0.005756389592447617,0.0,1.0
A3DVGMO8DCK8AX,1,37,0.004259728298411237,0.0,1.0
A1ESIPXHHGJS16,3,481,0.055376467879346074,0.0,1.0
A1XEYWWDJ09OEA,13,218,0.02509785862307161,0.0,1.0
A1I68HGX9VG1PY,7,108,0.012433801519686852,0.0,1.0
AS5IJXFUJQX5G,27,21,0.002417683628827999,0.0,1.0
A105AZN9C8UAOJ,7,40,0.004605111673958094,0.0,1.0
ACNAJKU6NPDW,3,877,0.10096707345153119,0.005699191177627838,0.5104627127557103
A1HH1DPK1ASVDN,0,9,0.001036150126640571,0.0,1.0
A1F4EPSDCON365,2,43,0.0049504950495049506,0.0,1.0
AW68KVDV7BBRS,0,52,0.005986645176145521,0.000772431344215614,0.5678733031674208
AZD7C4ZW00YKH,0,7,0.0008058945429426663,0.0,1.0
A1VL6XFRL2NALY,38,13,0.0014966612940363804,0.0,1.0
A14I1F2H7NOYDC,24,33,0.003799217131015427,0.0,1.0
A20HBRHKA0PKK4,5,44,0.005065622841353903,0.0,1.0
A37E5KVAKOZFVS,7,108,0.012433801519686852,0.0,1.0
A27WE8BLO92HGW,5,44,0.005065622841353903,0.0,1.0
A13OMZX5UHL36K,0,49,0.0056412618005986645,0.0,1.0
AQLL2R1PPR46X,4,551,0.06343541330877274,0.0,1.0
A3IWSCI3KCL041,7,108,0.012433801519686852,0.0,1.0
AUWG3HK4IAG92,7,40,0.004605111673958094,0.0,1.0
A3S5USAAZE6029,4,566,0.06516233018650702,0.004859823084312963,0.9483098283248381
A343QC2O211PHA,7,40,0.004605111673958094,0.0,1.0
A2682BOZU0ZTCF,7,7,0.0008058945429426663,0.0,1.0
A2ED2S3APUJCWD,3,75,0.008634584388671426,0.0,1.0
ADLVFFE4VBT8,76,4,0.00046051116739580933,0.0,1.0
A23C0R77ZP9Z84,7,108,0.012433801519686852,0.0,1.0
A1W6G74P9FYOQG,12,183,0.021068385908358276,0.0,1.0
A3B0PPZOUA6U9I,0,6,0.000690766751093714,0.0,1.0
A2UZAE40KB0DA9,4,551,0.06343541330877274,0.0,1.0
A2P7N9VW82JOKE,1,210,0.02417683628827999,0.0,1.0
A1KUEYKLNP6CIW,1,504,0.058024407091871975,0.0019323847920142878,0.37528006563791855
A1G8GOK1OYID5X,11,33,0.003799217131015427,0.0,1.0
A29GWIJL72GXXZ,1,37,0.004259728298411237,0.0,1.0
A1V427MUP6WWFE,1,12,0.001381533502187428,0.0,1.0
A3VI7503NDDODN,7,108,0.012433801519686852,0.0,1.0
AIWTLY316LPR4,8,232,0.02670964770895694,0.0,1.0
A2UROXC3FXJKX0,32,17,0.00195717246143219,0.0,1.0
A2M7G89B9WKLG9,3,481,0.055376467879346074,0.0,1.0
A2FHM5FB0BXKGA,7,165,0.018996085655077134,0.0009665159866342002,0.5036954915003695
A2X6CTUCGR89UU,3,481,0.055376467879346074,0.0,1.0
AQD5KJ615OHJN,3,481,0.055376467879346074,0.0,1.0
A2VIZTW4DMVVWK,6,402,0.046281372323278835,0.0,1.0
AW07UH6002PLJ,3,481,0.055376467879346074,0.0,1.0
A1PRF8YIK73VH5,1,12,0.001381533502187428,0.0,1.0
A1JT0IN757D4J2,0,18,0.002072300253281142,0.0,1.0
A2ZT5LYQVJQJAU,1,37,0.004259728298411237,0.0,1.0
A2IXAPF182DWBL,1,148,0.017038913193644947,0.0,1.0
A1MJ4WTOYW9WXZ,4,557,0.06412618005986645,0.00017211684770975386,0.9786949614455652
A33L4OCSS2MJ2G,88,4,0.00046051116739580933,0.0,1.0
ARQ945F4OIWVI,0,11,0.0012664057103384757,0.0,1.0
A2M2LMZMDFI35Y,1,4,0.00046051116739580933,0.0,1.0
A20FMZR1LNNYJS,2,9,0.001036150126640571,0.0,1.0
A1T8IVXCCBEA44,3,481,0.055376467879346074,0.0,1.0
A1NN8I840LYGDO,16,93,0.010706884641952567,0.0,1.0
AZJFWALLYUEUB,4,551,0.06343541330877274,0.0,1.0
A12L8U16SFK06N,25,22,0.0025328114206769514,0.0,1.0
AB7DR7FWLMGZ9,23,5,0.0005756389592447617,0.0,1.0
A13LRIL8P0TYK0,0,9,0.001036150126640571,0.0,1.0
AO68X66YOJGQI,5,44,0.005065622841353903,0.0,1.0
A2ZR3YTMEEIIZ4,7,108,0.012433801519686852,0.0,1.0
A312JTRQVEA4G7,0,23,0.0026479392125259038,0.0,1.0
A3BJ2MFE8LZ8Y5,5,44,0.005065622841353903,0.0,1.0
A3UWM2JGOASDI4,1,210,0.02417683628827999,0.0,1.0
A1XG38WOY3LY4V,7,108,0.012433801519686852,0.0,1.0
A2XNOKX6FQPXNF,26,25,0.0028781947962238084,0.0,1.0
A1Z2HOY56LNIQA,4,551,0.06343541330877274,0.0,1.0
A384P5XYDRGBCF,7,108,0.012433801519686852,0.0,1.0
A2EOJNVW4NF4AE,13,218,0.02509785862307161,0.0,1.0
A3KFIMCP87VH4U,7,108,0.012433801519686852,0.0,1.0
A16GLKC0TJEAK2,3,481,0.055376467879346074,0.0,1.0
A2FGU9ML27G3Q2,1,148,0.017038913193644947,0.0,1.0
A2TVT03TGAMFL4,4,1020,0.11743034768593137,0.004751259400658463,0.5137466566607015
AFQEMGLY2RFGH,7,40,0.004605111673958094,0.0,1.0
A17WPU84HJCK4S,35,13,0.0014966612940363804,0.0,1.0
A24QURRFX7F7YV,0,77,0.00886483997236933,0.0,1.0
A1ESBJOHHB8LFN,5,35,0.004029472714713332,0.0,1.0
AM29FF4K9EKVN,3,481,0.055376467879346074,0.0,1.0
AX3VPBCU8F4RF,5,128,0.014736357356665898,0.0,1.0
A1A23C8SJI7OCV,5,50,0.005756389592447617,0.0,1.0
A1435OKJPDTTGP,1,210,0.02417683628827999,0.0,1.0
A2HI35H2BOCV9R,15,353,0.04064011052268017,0.005313865711836254,0.526332732423384
A2ZRD6US50VB2E,0,9,0.001036150126640571,0.0,1.0
A2DOKI3HUPALWE,1,37,0.004259728298411237,0.0,1.0
AJ4R2PH6G98ND,0,23,0.0026479392125259038,0.0,1.0
A3DU46KRC2JFKH,4,1020,0.11743034768593137,0.004751259400658463,0.5137466566607015
A2VB2Q9DVM2K39,7,108,0.012433801519686852,0.0,1.0
A1HACP80YXJRPP,16,93,0.010706884641952567,0.0,1.0
A2JWDEMXQ8SQTI,7,40,0.004605111673958094,0.0,1.0
A3AGQAXTX6VRJ3,10,224,0.025788625374165323,0.0,1.0
A1HS11O0GNTDEW,15,135,0.015542251899608565,0.0,1.0
A31IRISM6DRTG7,22,57,0.006562284135390283,0.0,1.0
A30UO2HV1289CO,11,157,0.018075063320285516,0.0,1.0
A2INGDHZFPDBFP,4,583,0.06711950264793921,0.010487901394835021,0.8960761082916305
A6MA0VVEUCEVQ,3,481,0.055376467879346074,0.0,1.0
A2UD5EG63WWTUR,3,481,0.055376467879346074,0.0,1.0
AIU13IFGH0EVF,0,32,0.0036840893391664746,0.0,1.0
A341HCMGNZCBIT,7,108,0.012433801519686852,0.0,1.0
A35O0043BLN6FS,6,402,0.046281372323278835,0.0,1.0
A23ZWJ9CS8OG30,7,40,0.004605111673958094,0.0,1.0
AAFIE0FF7B95V,1,210,0.02417683628827999,0.0,1.0
A3UIQ1DG8MOREB,2,66,0.007598434262030854,0.00043639512629857,0.5006993006993007
A1409QCA0NZMYG,3,481,0.055376467879346074,0.0,1.0
A10BOETDPAFJ4C,7,40,0.004605111673958094,0.0,1.0
A29Q4R53TBNAYR,0,23,0.0026479392125259038,0.0,1.0
A29VGSEOXFSJC4,10,60,0.00690766751093714,0.0,1.0
A3K6GPH3ONDHFT,1,210,0.02417683628827999,0.0,1.0
A27TQB8CIV25OX,4,551,0.06343541330877274,0.0,1.0
A3VJAU9FIDMB8N,6,402,0.046281372323278835,0.0,1.0
A2U3OEIK1CUPIK,2,8,0.0009210223347916187,0.0,1.0
AHT6REY7TMPJI,12,183,0.021068385908358276,0.0,1.0
A1KXYKTOZEWDTL,0,67,0.007713562053879806,0.0,1.0
A1ZNLNA7BEZJCP,1,173,0.019917107989868753,0.0,1.0
A1TH70AZA3XZOL,10,19,0.0021874280451300945,0.0,1.0
A133Z74IY6J9D7,2,34,0.00391434492286438,0.0,1.0
A31P3WRM4BRRAV,8,232,0.02670964770895694,0.0,1.0
A3NHUQ33CFH3VM,0,68,0.00782868984572876,4.1053081509073804e-05,0.6136962247585601
A4YAXWNMWYY0K,7,108,0.012433801519686852,0.0,1.0
A3S1YIQQW7AZO,7,108,0.012433801519686852,0.0,1.0
AD3L2C20LB7EP,13,218,0.02509785862307161,0.0,1.0
A3IF2RRR8R84BV,0,11,0.0012664057103384757,0.0,1.0
A1SHK7D1XG7RIY,7,40,0.004605111673958094,0.0,1.0
A1N4UL33MD8BOY,1,210,0.02417683628827999,0.0,1.0
A31OQEN2R4QZKE,1,210,0.02417683628827999,0.0,1.0
A8C4VSOYHV7BY,10,224,0.025788625374165323,0.0,1.0
A24G8O1KZ911TW,8,232,0.02670964770895694,0.0,1.0
AJVGREW8IXDGC,5,44,0.005065622841353903,0.0,1.0
A7Y64ICNNWLZ2,12,5,0.0005756389592447617,0.0,1.0
AQOQUWM58SGFR,15,135,0.015542251899608565,0.0,1.0
A2GP6XJ1V3MM3L,7,108,0.012433801519686852,0.0,1.0
A193QPX2Z8K4HR,6,402,0.046281372323278835,0.0,1.0
A1WKUY7T0EM0GM,7,147,0.016923785401795993,0.0004908194252519348,0.6114993942782593
A2VCRXCLV08SDH,0,243,0.027976053419295415,0.0,1.0
A3USUO0YREMXME,88,4,0.00046051116739580933,0.0,1.0
A1GPVV2XWNGSDX,8,91,0.010476629058254663,0.000902705814622913,0.8378510378510379
A1IG7GSIP42RDJ,5,50,0.005756389592447617,0.0,1.0
AMGIMGPA34FIZ,8,83,0.009555606723463044,0.0,1.0
A2TDEHV2JAV4VS,7,40,0.004605111673958094,0.0,1.0
AFE44U6RKH4ZL,10,224,0.025788625374165323,0.0,1.0
A2MHH4FWA6B6FV,17,53,0.006101772967994474,0.0,1.0
A2UEW04N38LVB,0,10,0.0011512779184895234,0.0,1.0
A4Y8MPXJ35Y7R,14,54,0.006216900759843426,0.0,1.0
A3THJLGG03GA3S,2,9,0.001036150126640571,0.0,1.0
A6GYEDCEU2LKG,13,218,0.02509785862307161,0.0,1.0
A1C0WNM0G18HJ0,3,481,0.055376467879346074,0.0,1.0
A2N3PTK1ZZGHSJ,12,5,0.0005756389592447617,0.0,1.0
A132Q9YLCIRHDN,14,107,0.0123186737278379,0.0,1.0
A3IYGLSQ6N2G3G,16,4,0.00046051116739580933,0.0,1.0
A2XAMPN1ZH4FGT,2,43,0.0049504950495049506,0.0,1.0
A3C5WJ09BI3EBO,4,551,0.06343541330877274,0.0,1.0
A2T3S3VTW65VO5,15,135,0.015542251899608565,0.0,1.0
A3KOAIRG0CC0NR,11,33,0.003799217131015427,0.0,1.0
A3P7KN9Z1N5OOR,9,78,0.008979967764218283,0.0,1.0
A23UFEVSV8IBPQ,4,551,0.06343541330877274,0.0,1.0
A10GWHRIUD964P,9,30,0.00345383375546857,0.0,1.0
A3VVOQ5K6C4Y7C,16,93,0.010706884641952567,0.0,1.0
A2FPGZXBPCLMMM,7,108,0.012433801519686852,0.0,1.0
A3JLBMXPEENJ9T,4,551,0.06343541330877274,0.0,1.0
A3MV97KOHNHCF0,16,93,0.010706884641952567,0.0,1.0
A230OZ6DNS1SWC,0,8,0.0009210223347916187,0.0,1.0
A1LHCUV1YEFCDV,7,40,0.004605111673958094,0.0,1.0
A12G7V6HEAQ9JK,12,183,0.021068385908358276,0.0,1.0
A3UNGV1J26QVPE,7,108,0.012433801519686852,0.0,1.0
A2EM4AZL4SQU4R,4,551,0.06343541330877274,0.0,1.0
A2KV9CT1CGLC1E,7,40,0.004605111673958094,0.0,1.0
A15AWJSRSMYJ60,6,402,0.046281372323278835,0.0,1.0
A2D23Q75DN4LLH,2,18,0.002072300253281142,0.0,1.0
A3OSY1QRGCQRAI,1,173,0.019917107989868753,0.0,1.0
AJQRYTPV3JK3C,7,40,0.004605111673958094,0.0,1.0
A3BQ16UFNMAPW,0,35,0.004029472714713332,0.0,1.0
A3119E8HWUNIR6,3,481,0.055376467879346074,0.0,1.0
A2TOUTL6Z74SMQ,13,218,0.02509785862307161,0.0,1.0
A1CL2397W0CAC3,4,1020,0.11743034768593137,0.004751259400658463,0.5137466566607015
A1GWS2NJ324IY1,7,108,0.012433801519686852,0.0,1.0
A28Q0JA9H8WZOD,4,572,0.06585309693760073,0.00102728096497706,0.9292861254332357
A3ORP2IZ7D19VP,2,18,0.002072300253281142,0.0,1.0
A2ZY56ETQFB9L8,8,232,0.02670964770895694,0.0,1.0
AFMVQ27SB2N8U,8,232,0.02670964770895694,0.0,1.0
A26UGCSD0QA6FC,1,148,0.017038913193644947,0.0,1.0
A3EV8JA23IUP7O,1,173,0.019917107989868753,0.0,1.0
A1720HQJ5FZ87L,1,210,0.02417683628827999,0.0,1.0
A1GUJGGRLM6V30,10,224,0.025788625374165323,0.0,1.0
A2XWZHQ52BND8R,1,12,0.001381533502187428,0.0,1.0
A1Y0OMDO1NIKOT,4,551,0.06343541330877274,0.0,1.0
ACC1SLND21RI6,0,16,0.0018420446695832373,0.0,1.0
A2THQCHKR89E16,48,8,0.0009210223347916187,0.0,1.0
A160H0YEDV1DA0,7,108,0.012433801519686852,0.0,1.0
A1YY7XFFU5IGE8,2,8,0.0009210223347916187,0.0,1.0
AP66WW9URQDDD,8,232,0.02670964770895694,0.0,1.0
A5V1EF2BNERO9,2,29,0.0033387059636196177,0.0,1.0
A1K4G5YJDJQI6Q,7,40,0.004605111673958094,0.0,1.0
A2Y7D6A2W3GY6V,3,481,0.055376467879346074,0.0,1.0
A2KQDWZZUBBNOJ,13,218,0.02509785862307161,0.0,1.0
A1H7JRH18L2BXG,2,29,0.0033387059636196177,0.0,1.0
A6J8D9V5S9MBE,13,218,0.02509785862307161,0.0,1.0
A243GF4FL8TW1X,14,107,0.0123186737278379,0.0,1.0
A3OEKYU0C8ZXAO,7,40,0.004605111673958094,0.0,1.0
A2S728U0V6CZET,3,481,0.055376467879346074,0.0,1.0
A3RCGRXYBRKSRC,3,481,0.055376467879346074,0.0,1.0
A1A629D04LRFUD,3,481,0.055376467879346074,0.0,1.0
ASV9LQSCXMG06,25,22,0.0025328114206769514,0.0,1.0
A1KRFQ0HKNHZ7,21,69,0.007943817637577712,0.0,1.0
A39K7R4Y1ZD5SZ,7,109,0.012548929311535804,0.0014488681552691967,0.5434930343187224
A32PQEIVGTNG4J,3,481,0.055376467879346074,0.0,1.0
A28KIQ00R1B50X,8,232,0.02670964770895694,0.0,1.0
A10H073G5MOLJA,3,481,0.055376467879346074,0.0,1.0
A3K8QGDWJ22EOX,9,45,0.005180750633202855,0.0,1.0
A3KRRB6SG6P63T,2,68,0.00782868984572876,0.0,1.0
A2KH10RLFZLN47,4,551,0.06343541330877274,0.0,1.0
A1BU7ES6F0OOAA,10,224,0.025788625374165323,0.0,1.0
A25SMO52DJBB1Y,8,232,0.02670964770895694,0.0,1.0
A1YY6103EIE3H4,2,11,0.0012664057103384757,0.0,1.0
A88AV20XJ5X60,0,32,0.0036840893391664746,0.0,1.0
A2ZMEHV9S4FXV5,13,218,0.02509785862307161,0.0,1.0
A2X179NHCLFQ60,8,83,0.009555606723463044,0.0,1.0
A10LWFKVC21F82,89,3,0.000345383375546857,0.0,1.0
A13KJO7XGQGBD0,0,77,0.00886483997236933,0.0,1.0
A3CYGJR5YNON0D,4,551,0.06343541330877274,0.0,1.0
A1UWT5AETD0NY2,48,8,0.0009210223347916187,0.0,1.0
A37KD47W5WONHK,28,20,0.002302555836979047,0.0,1.0
A10M0GF5ZFODYU,23,47,0.00541100621690076,0.0,1.0
A3BI9UH1SCIQG9,8,232,0.02670964770895694,0.0,1.0
A375DGFZH425FM,3,481,0.055376467879346074,0.0,1.0
A2FY4IRPNJCRUK,9,39,0.004489983882109141,0.0,1.0
A3DH53FPYSP9E,12,183,0.021068385908358276,0.0,1.0
AEBC5HHLPWMLC,1,173,0.019917107989868753,0.0,1.0
A1K599CFNJ1AU1,5,17,0.00195717246143219,0.0,1.0
A32BART9O61O3E,0,11,0.0012664057103384757,0.0,1.0
A14DNCG5WHM86Z,9,107,0.0123186737278379,0.0,1.0
A1B7VOFF2O3VQE,4,551,0.06343541330877274,0.0,1.0
A14NIA30HFV68D,48,8,0.0009210223347916187,0.0,1.0
AEU3JVTB1XJTN,4,551,0.06343541330877274,0.0,1.0
ANS906E4EOXB3,4,551,0.06343541330877274,0.0,1.0
AE2D68WKW23T8,3,481,0.055376467879346074,0.0,1.0
AA2SVPVU0LQTK,7,108,0.012433801519686852,0.0,1.0
A18VP6LYBOEW6X,0,11,0.0012664057103384757,0.0,1.0
A146H9ZF0SNKLW,7,108,0.012433801519686852,0.0,1.0
AR52CXOX54AW6,3,543,0.06251439097398112,0.0004868705843311464,0.8029126147615068
A2VDIU6H955TJK,7,108,0.012433801519686852,0.0,1.0
A3PEXCKPTNZLC4,3,481,0.055376467879346074,0.0,1.0
A1OO2SELSSU128,2,14,0.0016117890858853327,0.0,1.0
ALA8RE2HDEVIK,7,108,0.012433801519686852,0.0,1.0
A21J0FB66EIBM9,4,551,0.06343541330877274,0.0,1.0
A42YG78Z1GBBD,7,40,0.004605111673958094,0.0,1.0
A22RY8N8CNDF3A,7,108,0.012433801519686852,0.0,1.0
A3JNLLJNREA367,7,108,0.012433801519686852,0.0,1.0
A1A14CF173OQJ4,0,35,0.004029472714713332,0.0,1.0
A1UKWI7HRNRTGO,3,481,0.055376467879346074,0.0,1.0
A1R1B3C8CFK4CZ,7,108,0.012433801519686852,0.0,1.0
A3JMVQ5G2G522W,32,17,0.00195717246143219,0.0,1.0
A9J3LMY955WKJ,7,40,0.004605111673958094,0.0,1.0
AW2YZ8GHU8GIV,14,161,0.018535574487681325,0.005875969244740122,0.5513975155279504
A2YVT92OFFUJEI,42,10,0.0011512779184895234,0.0,1.0
A2K71J7YK6K91A,22,57,0.006562284135390283,0.0,1.0
A3EM40VV41YOHH,10,224,0.025788625374165323,0.0,1.0
A1CRCLL00ULF20,11,33,0.003799217131015427,0.0,1.0
A1IZIT95268N0V,4,551,0.06343541330877274,0.0,1.0
A1AXJJTN6GPQ0I,4,1020,0.11743034768593137,0.004751259400658463,0.5137466566607015
A3T3M5EYGCWSUA,13,218,0.02509785862307161,0.0,1.0
A2G25VSOQ8CCGS,4,551,0.06343541330877274,0.0,1.0
AE3PQYXY49FJB,27,21,0.002417683628827999,0.0,1.0
A2XW2J2M66JC1A,10,224,0.025788625374165323,0.0,1.0
A174P367YZ02ZE,7,70,0.008058945429426664,0.0,1.0
A21O9932IN4OEW,22,57,0.006562284135390283,0.0,1.0
AQQA2GTK78VI2,2,34,0.00391434492286438,0.0,1.0
A3HKEH7RU4OS0,2,68,0.00782868984572876,0.0,1.0
A2P52SPNEHYPZ9,4,551,0.06343541330877274,0.0,1.0
A1SNYIW6EDDE4R,1,210,0.02417683628827999,0.0,1.0
A5MCDQ60DWUEV,8,232,0.02670964770895694,0.0,1.0
AARIIW46OO6LA,10,224,0.025788625374165323,0.0,1.0
A18ECVX2RJ7HUE,7,70,0.008058945429426664,0.0,1.0
A1OO9N1MRNQ7K0,14,107,0.0123186737278379,0.0,1.0
A3T832UNT3QOB0,4,551,0.06343541330877274,0.0,1.0
A9IP685WQXGQ2,2,34,0.00391434492286438,0.0,1.0
A366NR0YOJ0NVZ,7,70,0.008058945429426664,0.0,1.0
A35JHHE1NW0DIK,8,232,0.02670964770895694,0.0,1.0
A3VKO21KYDJQ2W,13,218,0.02509785862307161,0.0,1.0
A24SCH81NLQW9A,7,177,0.020377619157264562,0.0024223371808086845,0.5266435541859271
A1UHTJ2NZ0IYJH,5,50,0.005756389592447617,0.0,1.0
A3LDPF5FMB782Z,7,166,0.01911121344692609,0.0031837622231297713,0.2901058780576853
A3LO4IG4O4REVD,28,20,0.002302555836979047,0.0,1.0
A3SUZA0C8QV8AW,6,402,0.046281372323278835,0.0,1.0
A2QDSC731OQC3P,7,70,0.008058945429426664,0.0,1.0
A2MNHYUXMW4KW7,3,481,0.055376467879346074,0.0,1.0
A3V1A3C9DTLPME,1,148,0.017038913193644947,0.0,1.0
A4APIXYMVZGU4,1,173,0.019917107989868753,0.0,1.0
A30HAGYXB3WZ1E,7,70,0.008058945429426664,0.0,1.0
ATLYYBE1OCCTO,7,108,0.012433801519686852,0.0,1.0
AL6R8X23EGQNG,1,148,0.017038913193644947,0.0,1.0
A3K8OOB88ICB2E,48,8,0.0009210223347916187,0.0,1.0
AES2AZFVTXKBZ,7,40,0.004605111673958094,0.0,1.0
A2FKEI4ANHJD1Z,4,551,0.06343541330877274,0.0,1.0
A3MAMHEH3YFW30,4,551,0.06343541330877274,0.0,1.0
AI615OWXFM0H,19,69,0.007943817637577712,0.0,1.0
A33O7L1ZGWEYTL,0,55,0.006332028551692378,0.0,1.0
ATKFSP54JDDEO,15,135,0.015542251899608565,0.0,1.0
A3E6ZJMPO9SQWO,2,55,0.006332028551692378,0.0,1.0
A1NI8QXW52SARP,11,157,0.018075063320285516,0.0,1.0
A1XZRI9693K0N5,3,481,0.055376467879346074,0.0,1.0
A3QSMCAGMZWMK3,5,14,0.0016117890858853327,0.0,1.0
A1LXOMK4K8CPPU,4,551,0.06343541330877274,0.0,1.0
A2WZX2MXMMNYBA,14,107,0.0123186737278379,0.0,1.0
A3LSNT62S89ERQ,3,481,0.055376467879346074,0.0,1.0
A2VRTT04CKK484,77,4,0.00046051116739580933,0.0,1.0
A1PORN92IWDNBP,12,45,0.005180750633202855,0.0,1.0
A11NR4AJK9TNQM,13,218,0.02509785862307161,0.0,1.0
A2FY4A86W9E31S,5,128,0.014736357356665898,0.0,1.0
A2DIPVQAX7SN18,2,112,0.012894312687082661,0.00029749377355350784,0.9305019305019305
A2NV4YCNVT7W98,6,402,0.046281372323278835,0.0,1.0
A3TKHAC2G7G0H1,7,70,0.008058945429426664,0.0,1.0
AMSOH6T6E3FSJ,2,55,0.006332028551692378,0.0,1.0
A3S49EUX9DRT0J,5,128,0.014736357356665898,0.0,1.0
A1YZEEDWCHXZUU,9,30,0.00345383375546857,0.0,1.0
A2HXEJXEQQTM1D,5,20,0.002302555836979047,0.0,1.0
A2VAUN3R0OV1MB,7,108,0.012433801519686852,0.0,1.0
A30EV1UN18OKR6,19,69,0.007943817637577712,0.0,1.0
A2N2C8O2RYL3M3,7,108,0.012433801519686852,0.0,1.0
AOHG53ZO6BJ7R,54,6,0.000690766751093714,0.0,1.0
A1KDA0U9H4I3XY,10,60,0.00690766751093714,0.0,1.0
A15ILDWLB5EY55,4,551,0.06343541330877274,0.0,1.0
A12UGBVBI2NI7X,24,33,0.003799217131015427,0.0,1.0
A338WMJ8QUF79,0,23,0.0026479392125259038,0.0,1.0
A25KDAMREZ38KJ,14,107,0.0123186737278379,0.0,1.0
AEW6F162PSLDH,0,7,0.0008058945429426663,0.0,1.0
AAVSIY28BPKGV,0,36,0.004144600506562284,0.0,1.0
A2641PDNZ2GV33,16,93,0.010706884641952567,0.0,1.0
A21PY549E3M51S,51,8,0.0009210223347916187,0.0,1.0
A3C2P53X7OVOKX,8,232,0.02670964770895694,0.0,1.0
AS19IWGORT8IT,14,107,0.0123186737278379,0.0,1.0
AKS51UDRDO6OP,3,481,0.055376467879346074,0.0,1.0
A20IZXV0FQ6P5G,3,481,0.055376467879346074,0.0,1.0
A1AAOEN7K6SI3U,24,33,0.003799217131015427,0.0,1.0
A1QOCN3CJRVIGG,6,402,0.046281372323278835,0.0,1.0
A3322RJGG8TZHC,16,93,0.010706884641952567,0.0,1.0
A2YL9FWBDJR4KL,2,34,0.00391434492286438,0.0,1.0
A13X3KB8XPS0ZX,7,95,0.010937140225650472,0.0003855934986564419,0.620380739081747
A1EB93IMG9QWBB,1,210,0.02417683628827999,0.0,1.0
AJXSHZAEW0142,0,11,0.0012664057103384757,0.0,1.0
A77JQQU1TKPR3,16,4,0.00046051116739580933,0.0,1.0
A2PLKZ6IW9MXRZ,14,107,0.0123186737278379,0.0,1.0
A3W152L0OZZER6,22,57,0.006562284135390283,0.0,1.0
A2IYAZCZSLHDI3,0,243,0.027976053419295415,0.0,1.0
A2BDQ38RNRXIRQ,37,15,0.001726916877734285,0.0,1.0
A1FZZV7MKUE0MK,1,148,0.017038913193644947,0.0,1.0
A182U5XEA20G3G,7,70,0.008058945429426664,0.0,1.0
A1M2C49S4GG5CA,5,128,0.014736357356665898,0.0,1.0
A2OH11RXZJDOEV,0,7,0.0008058945429426663,0.0,1.0
A2FXX9VTD10J6C,6,402,0.046281372323278835,0.0,1.0
A3FPR82M4TB5S,7,108,0.012433801519686852,0.0,1.0
AT6EUQERXGR8Z,2,68,0.00782868984572876,0.0,1.0
A2NB2E5DXE319Z,78,4,0.00046051116739580933,0.0,1.0
A2YXS8NCIO205E,2,18,0.002072300253281142,0.0,1.0
ACH5AATZANIVL,21,69,0.007943817637577712,0.0,1.0
A3TCKXJSSIHXEW,4,551,0.06343541330877274,0.0,1.0
A1YGOQLHZUGTW8,6,402,0.046281372323278835,0.0,1.0
A37FRCTCXFL6CU,5,105,0.012088418144139995,0.0,1.0
A28MT6UWXNPW8P,7,40,0.004605111673958094,0.0,1.0
A3GIM3IW8FVBBK,6,402,0.046281372323278835,0.0,1.0
A36WC1DIS1PVS2,6,402,0.046281372323278835,0.0,1.0
A1HUCUAIH6U5W2,2,26,0.0029933225880727607,0.0,1.0
A94GCTI3VMYKY,5,128,0.014736357356665898,0.0,1.0
A1F087XDF48WQT,6,402,0.046281372323278835,0.0,1.0
A19W47CXJJP1MI,4,551,0.06343541330877274,0.0,1.0
A24ANAR5QTRBOO,24,33,0.003799217131015427,0.0,1.0
A22PNO62IYQ4WM,11,157,0.018075063320285516,0.0,1.0
A720S06Y6KV49,0,77,0.00886483997236933,0.0,1.0
AQNQHPRR3WQU1,33,15,0.001726916877734285,0.0,1.0
AD4XKDR0MD7JO,7,92,0.010591756850103615,0.0004570297742133123,0.4983277591973244
A2NUN3UYLJYKFN,25,22,0.0025328114206769514,0.0,1.0
A2HRL1T8QRAXU7,8,83,0.009555606723463044,0.0,1.0
A38L5I9MY8A959,6,402,0.046281372323278835,0.0,1.0
A1W0CHSU0O5VUK,53,6,0.000690766751093714,0.0,1.0
A3UI9U9NOOAM9S,9,45,0.005180750633202855,0.0,1.0
A88WV7924NGXQ,36,13,0.0014966612940363804,0.0,1.0
A3A4PWZFZU29MW,4,551,0.06343541330877274,0.0,1.0
A2PECP2HBQG4AS,14,107,0.0123186737278379,0.0,1.0
A172O6GT6GLUIB,54,6,0.000690766751093714,0.0,1.0
A22A28CW42M1M9,28,20,0.002302555836979047,0.0,1.0
A2F0L17JPRRIF7,22,57,0.006562284135390283,0.0,1.0
ATWC3WIN06B9A,7,70,0.008058945429426664,0.0,1.0
A3M5APXHTREGU4,1,356,0.04098549389822703,0.00488405317683888,0.4993036872922931
A1JNMBNRE7AKR6,4,551,0.06343541330877274,0.0,1.0
AT7MEX6AWQF8P,2,191,0.021989408243149895,0.0003216743167570958,0.9193717277486911
A251DNCRYU6LQX,5,128,0.014736357356665898,0.0,1.0
A209G57KXCBF4C,48,8,0.0009210223347916187,0.0,1.0
A274MXTX3DYLUV,2,5,0.0005756389592447617,0.0,1.0
A1I002WK1LELAO,0,32,0.0036840893391664746,0.0,1.0
AN9WEMSAAQ6GM,4,551,0.06343541330877274,0.0,1.0
A32M7HKY7SQ602,16,4,0.00046051116739580933,0.0,1.0
AEH644IG7XZUI,0,4,0.00046051116739580933,0.0,1.0
A1KFSMS14CY4ON,2,27,0.003108450379921713,0.0,1.0
A1LC6X68UIRTSN,0,36,0.004144600506562284,0.0,1.0
A10TTUZKZRCT44,8,57,0.006562284135390283,0.0,1.0
AJQDIT55SZ3ZX,5,150,0.01726916877734285,0.0002877465920727818,0.7480984340044743
A1POFVVXUZR3IQ,20,17,0.00195717246143219,0.0,1.0
AN8W0XP8GCN1O,17,53,0.006101772967994474,0.0,1.0
A1DCNMRBNSTN59,7,70,0.008058945429426664,0.0,1.0
A2YA8HT95FIXB8,4,551,0.06343541330877274,0.0,1.0
A1CW4FAG34ENZO,23,5,0.0005756389592447617,0.0,1.0
A3BCTEEX0YKXEA,6,402,0.046281372323278835,0.0,1.0
AYXH5VLBX3GDT,18,81,0.00932535113976514,0.0,1.0
A12ENBT314RFXR,2,14,0.0016117890858853327,0.0,1.0
A1UBZQMYXWI1DH,10,224,0.025788625374165323,0.0,1.0
A4BG416YX5366,16,93,0.010706884641952567,0.0,1.0
A3EZY90TIZ2MMA,6,402,0.046281372323278835,0.0,1.0
A1JK8EE51BF3RE,3,75,0.008634584388671426,0.0,1.0
A3PPLH5DL6DHN7,83,4,0.00046051116739580933,0.0,1.0
A2BUA0W0E6NM2D,10,224,0.025788625374165323,0.0,1.0
A28J0LAHKSFTQI,3,481,0.055376467879346074,0.0,1.0
A1ITXFX7GG8I60,2,34,0.00391434492286438,0.0,1.0
A32VUK5VY3V11D,10,224,0.025788625374165323,0.0,1.0
ASRMT0X0G4UU2,1,148,0.017038913193644947,0.0,1.0
A27KTLDSBWXNED,12,183,0.021068385908358276,0.0,1.0
A34T45LDD85VZ7,0,7,0.0008058945429426663,0.0,1.0
A3LUWGB6EOJEC,9,45,0.005180750633202855,0.0,1.0
A3M5YEJO6EZOML,6,402,0.046281372323278835,0.0,1.0
A2VDVWA2TYAS4J,7,108,0.012433801519686852,0.0,1.0
A1F234IKW8X91O,0,7,0.0008058945429426663,0.0,1.0
A9EDWX9SR4XT6,5,50,0.005756389592447617,0.0,1.0
A3EQQHWJ1EEYEU,10,365,0.0420216440248676,0.00189207691647883,0.512690049676351
A6K6N2LXDS32B,7,108,0.012433801519686852,0.0,1.0
AHXN03152761I,5,44,0.005065622841353903,0.0,1.0
A39F6S9OFDFF1N,5,105,0.012088418144139995,0.0,1.0
A1DLMTOTHQ4AST,4,551,0.06343541330877274,0.0,1.0
AYB4ELCS5AM8P,0,4,0.00046051116739580933,0.0,1.0
A18AW14NE61NOT,1,9,0.001036150126640571,0.0,1.0
A2VYE9EF6VA5CJ,2,26,0.0029933225880727607,0.0,1.0
AARTRGFVZ9LXG,1,210,0.02417683628827999,0.0,1.0
A18H6KCOM1IPDZ,4,559,0.06435643564356436,0.019854922279792787,0.9717365238745583
A3I0RAZR4RKO4Z,5,105,0.012088418144139995,0.0,1.0
ARUQAU51OAMTQ,2,34,0.00391434492286438,0.0,1.0
A37D0RO6MQ230W,8,232,0.02670964770895694,0.0,1.0
A2B7WSIBZIC2F5,4,551,0.06343541330877274,0.0,1.0
AHKZMAV762S4E,8,232,0.02670964770895694,0.0,1.0
AZ3KFS5LTFPTQ,4,551,0.06343541330877274,0.0,1.0
A1D0ZQA3MD7VLG,8,232,0.02670964770895694,0.0,1.0
A3TMAXADCGGSYL,9,107,0.0123186737278379,0.0,1.0
A19QYI46CNL5JL,6,402,0.046281372323278835,0.0,1.0
A38155DKJODLWZ,1,148,0.017038913193644947,0.0,1.0
AFD5G92D7R972,3,481,0.055376467879346074,0.0,1.0
A1DVKQE6BFL98Q,2,55,0.006332028551692378,0.0,1.0
A24FAKTJVQKSA0,24,33,0.003799217131015427,0.0,1.0
A24EV6RXELQZ63,84,4,0.00046051116739580933,0.0,1.0
A2LQN25HW5IGSB,14,107,0.0123186737278379,0.0,1.0
A34P5X5GO870GJ,4,551,0.06343541330877274,0.0,1.0
A3SJSUSBFQ1V81,1,173,0.019917107989868753,0.0,1.0
A3HUK2D3SNXHMR,4,551,0.06343541330877274,0.0,1.0
A20ORTSQTEQX0Y,2,34,0.00391434492286438,0.0,1.0
A84O215CIZY6W,7,40,0.004605111673958094,0.0,1.0
A2VAJSG4VJ0II2,10,17,0.00195717246143219,0.0,1.0
A1YRI31DB4921S,5,20,0.002302555836979047,0.0,1.0
A3CBBQQXA7VV6J,7,24,0.002763067004374856,0.0,1.0
A77R969THZFH7,4,551,0.06343541330877274,0.0,1.0
AEC0I4XOMJJ72,14,21,0.002417683628827999,0.0,1.0
A2F0AE8YOO8Q9U,9,107,0.0123186737278379,0.0,1.0
A29KEBGOFM7WP3,1,48,0.005526134008749712,0.00011491869748182365,0.6684397163120568
AWS3IPO8RQSUB,3,481,0.055376467879346074,0.0,1.0
A155YL0Y0GKUW5,0,10,0.0011512779184895234,0.0,1.0
AFEB0MKOWW2N7,0,77,0.00886483997236933,0.0,1.0
A1HK6XKQEQDKXK,15,135,0.015542251899608565,0.0,1.0
A10JU0DFXS3WR8,4,551,0.06343541330877274,0.0,1.0
A2QMPB2I0Z5K6W,1,210,0.02417683628827999,0.0,1.0
A1CM4HI4S5P0WO,2,68,0.00782868984572876,0.0,1.0
AQLJGOADY379U,7,24,0.002763067004374856,0.0,1.0
A2UEYDQ3VZNBF,17,53,0.006101772967994474,0.0,1.0
A3775OP5VTX5ON,2,68,0.00782868984572876,0.0,1.0
AGQZW9MI41AFR,1,13,0.0014966612940363804,0.0,1.0
A2YIHGB6WSRI85,6,402,0.046281372323278835,0.0,1.0
A61UIWC9N8CJK,12,45,0.005180750633202855,0.0,1.0
A2424YRQZO9LE0,3,481,0.055376467879346074,0.0,1.0
A2AXDNZG8JIVAW,1,148,0.017038913193644947,0.0,1.0
AAW7X3GRD8GY9,1,148,0.017038913193644947,0.0,1.0
A3N1KKOGKXBICU,4,551,0.06343541330877274,0.0,1.0
AJP45EYVBQSTP,3,481,0.055376467879346074,0.0,1.0
A36MHSUQIH1XJE,6,402,0.046281372323278835,0.0,1.0
A2TER9CFVU6V93,7,5,0.0005756389592447617,0.0,1.0
ATW8R44NDYHSM,16,93,0.010706884641952567,0.0,1.0
A3L9C2RTSH3XZB,6,402,0.046281372323278835,0.0,1.0
A1MEY9ETHMVX4Q,1,210,0.02417683628827999,0.0,1.0
A1HBINFSVAQ7G3,2,43,0.0049504950495049506,0.0,1.0
A2OVKPY380S7M3,3,481,0.055376467879346074,0.0,1.0
A2MHHD7Q2ZCZLQ,2,16,0.0018420446695832373,0.0,1.0
AKYDGCKCY7H9F,1,173,0.019917107989868753,0.0,1.0
A2W0GY64CJSV5D,20,17,0.00195717246143219,0.0,1.0
A1ODOGXEYECQQ8,10,224,0.025788625374165323,0.0,1.0
A18A4AMMJ5KV7T,11,16,0.0018420446695832373,0.0,1.0
ABC68JUCPTVOE,16,93,0.010706884641952567,0.0,1.0
A35U66IR43E4U6,17,6,0.000690766751093714,0.0,1.0
A1JAY1EEQ2E60H,8,57,0.006562284135390283,0.0,1.0
AWLUBRTNZP5FL,1,173,0.019917107989868753,0.0,1.0
A2SJ3UV3NVZKG5,4,551,0.06343541330877274,0.0,1.0
A1OAE2FSDZAXTL,8,57,0.006562284135390283,0.0,1.0
A1JFNZ4UAMEZN3,2,22,0.0025328114206769514,0.0,1.0
A3DAURGJAL0Y0S,9,45,0.005180750633202855,0.0,1.0
A3U7I2H2SLL8C8,1,148,0.017038913193644947,0.0,1.0
A1DBDCQASEIMDW,3,877,0.10096707345153119,0.005699191177627838,0.5104627127557103
A180BZHVJIRWBZ,13,218,0.02509785862307161,0.0,1.0
A19JDXB5R33C7R,2,29,0.0033387059636196177,0.0,1.0
A21BPMOV9NV2DJ,48,8,0.0009210223347916187,0.0,1.0
A1TQBAHI3M4ZBQ,66,5,0.0005756389592447617,0.0,1.0
A2CP8OUNLHJXX8,36,13,0.0014966612940363804,0.0,1.0
A3OMJNYBG168ZU,14,54,0.006216900759843426,0.0,1.0
A1N8FRMRYUHHV0,83,4,0.00046051116739580933,0.0,1.0
A3E4N4UWZN8KK6,6,402,0.046281372323278835,0.0,1.0
ATQ97ZM79XJ3J,2,55,0.006332028551692378,0.0,1.0
A133RMLL2B6OC9,4,551,0.06343541330877274,0.0,1.0
A2CTBK9W1K01W7,14,107,0.0123186737278379,0.0,1.0
A13LR4L955N2NI,2,5,0.0005756389592447617,0.0,1.0
AHRXG1I39B1FR,11,721,0.08300713792309464,0.003808459448858204,0.6318269378948991
A29WPOE56CCG1X,1,13,0.0014966612940363804,0.0,1.0
AS21S3XF7XEG1,0,23,0.0026479392125259038,0.0,1.0
A2A1RBR2MG7LHY,6,402,0.046281372323278835,0.0,1.0
A2UE0QBDSPVE6O,1,210,0.02417683628827999,0.0,1.0
A3YDHETUB0LHF,3,481,0.055376467879346074,0.0,1.0
A155DQ97UZVJSR,36,13,0.0014966612940363804,0.0,1.0
A30WDIW9B3XQY1,2,68,0.00782868984572876,0.0,1.0
A3ATYUPQYD15TK,3,481,0.055376467879346074,0.0,1.0
A1WAYVM44HACOO,0,32,0.0036840893391664746,0.0,1.0
A28NNY8RA9EVW1,10,224,0.025788625374165323,0.0,1.0
A7WM1RJQQ68AR,6,402,0.046281372323278835,0.0,1.0
A17SJC2BPIF6RA,4,551,0.06343541330877274,0.0,1.0
A2QLJA07RV41US,8,232,0.02670964770895694,0.0,1.0
A2HD75EMZR8QLN,16,93,0.010706884641952567,0.0,1.0
A2MD10BMUUTCV2,55,6,0.000690766751093714,0.0,1.0
AG121PE84AFEY,15,135,0.015542251899608565,0.0,1.0
A3RU10O4KAN4MT,16,93,0.010706884641952567,0.0,1.0
A3TRSUX9JYKNCJ,1,148,0.017038913193644947,0.0,1.0
A273WV7N5H7D5B,3,481,0.055376467879346074,0.0,1.0
ATTFTGJKCAHV,8,232,0.02670964770895694,0.0,1.0
A3C00N4UHA5XYX,4,551,0.06343541330877274,0.0,1.0
AJOZXSF28N5N5,9,45,0.005180750633202855,0.0,1.0
A1GT1QSKQ5FAIE,5,105,0.012088418144139995,0.0,1.0
AIU5R82TF1ID2,12,45,0.005180750633202855,0.0,1.0
A3I6EKL5ISK5JF,5,50,0.005756389592447617,0.0,1.0
A1RDVQCQH9I4Q0,3,481,0.055376467879346074,0.0,1.0
ANI33HTQH0SG2,4,551,0.06343541330877274,0.0,1.0
A3JTMBFD3MOZFQ,2,173,0.019917107989868753,0.0009504031414245851,0.5207689205538378
A3L6L5O89JTX2T,8,83,0.009555606723463044,0.0,1.0
A1WVESLCYWGW0Q,3,481,0.055376467879346074,0.0,1.0
A8CIFOCCN9G1P,0,4,0.00046051116739580933,0.0,1.0
A1SJN10JTU3BON,16,4,0.00046051116739580933,0.0,1.0
A22MRNZZGWJXBC,0,8,0.0009210223347916187,0.0,1.0
A3DOQ1AI1MU74K,13,218,0.02509785862307161,0.0,1.0
AJGXGXR76J1C9,3,481,0.055376467879346074,0.0,1.0
A1J2ULAFZ7G74Z,4,551,0.06343541330877274,0.0,1.0
AB0WO69IUZAYV,1,173,0.019917107989868753,0.0,1.0
A3LMH1951IZZNV,3,75,0.008634584388671426,0.0,1.0
AKLVJGUVQ0ZP1,7,108,0.012433801519686852,0.0,1.0
AELZG20XEZ427,4,551,0.06343541330877274,0.0,1.0
A3BZ20YGTVLAG5,3,481,0.055376467879346074,0.0,1.0
A2OR94VN7XQCUO,15,135,0.015542251899608565,0.0,1.0
AKAYUX1M0PZWB,2,43,0.0049504950495049506,0.0,1.0
A1KT19TDP9VE63,0,11,0.0012664057103384757,0.0,1.0
A9Y70VN7AHQMT,0,9,0.001036150126640571,0.0,1.0
ATDEJ6381GRZJ,7,70,0.008058945429426664,0.0,1.0
A1D7WKS43Y6AVY,0,12,0.001381533502187428,0.0,1.0
A389M5HYNF26PN,2,29,0.0033387059636196177,0.0,1.0
A2YAVWHYO1PZMK,14,54,0.006216900759843426,0.0,1.0
A24ZVABN47L98A,15,135,0.015542251899608565,0.0,1.0
A3237FOR4LVBZO,5,437,0.05031084503799217,0.002815104139391678,0.852308273675813
A23EN1JWF1RQ1N,7,108,0.012433801519686852,0.0,1.0
AC4BQYY52RRRQ,12,183,0.021068385908358276,0.0,1.0
A390KWCJRLHPOD,0,243,0.027976053419295415,0.0,1.0
A3LN27742T0L76,15,50,0.005756389592447617,0.0,1.0
ARHGG2KXAPR32,3,481,0.055376467879346074,0.0,1.0
A3GIZQ450133SC,3,75,0.008634584388671426,0.0,1.0
APWCLRB3H1AVJ,12,45,0.005180750633202855,0.0,1.0
A305XJYZOLQ4M2,0,17,0.00195717246143219,0.0,1.0
A19TDF7NK6BZHZ,2,26,0.0029933225880727607,0.0,1.0
A1D82T9H3X8AB4,15,135,0.015542251899608565,0.0,1.0
AFDKK3Y9D445,16,93,0.010706884641952567,0.0,1.0
A54SG05AV6S4H,15,135,0.015542251899608565,0.0,1.0
A3G2AAMHUT1N1U,8,232,0.02670964770895694,0.0,1.0
A3JRQ6I2XZ710D,0,12,0.001381533502187428,0.0,1.0
A1QPUBF6U5EQM6,7,47,0.00541100621690076,0.0007898675877950488,0.7409805735430157
AJXQR3WH2GB63,5,50,0.005756389592447617,0.0,1.0
A1BDZE0TP6L492,7,40,0.004605111673958094,0.0,1.0
A3S7Z458PXGL82,10,224,0.025788625374165323,0.0,1.0
A3MNFT5VFJ2V0V,7,108,0.012433801519686852,0.0,1.0
A1BIPJK03QKFQA,11,157,0.018075063320285516,0.0,1.0
A344ITZYE55Q68,4,551,0.06343541330877274,0.0,1.0
A2UCGQ82BQW5B8,15,135,0.015542251899608565,0.0,1.0
AR4K3SYUFBP4G,8,232,0.02670964770895694,0.0,1.0
A3MDLLMB405XS3,6,402,0.046281372323278835,0.0,1.0
A1UEZ7R88W631V,3,481,0.055376467879346074,0.0,1.0
A19FCOXA6VVR9Z,13,218,0.02509785862307161,0.0,1.0
A1I0MV8SWXSWDQ,7,42,0.004835367257655998,0.0,1.0
A1K8H6L63RZFP4,5,105,0.012088418144139995,0.0,1.0
APHPXV5RY2SDP,34,14,0.0016117890858853327,0.0,1.0
A1FDYXJ28RDHIS,6,402,0.046281372323278835,0.0,1.0
AEYGX6L1KJQX,7,108,0.012433801519686852,0.0,1.0
APDY9AJZDOGDX,10,224,0.025788625374165323,0.0,1.0
AI19J9P1TH9UD,2,43,0.0049504950495049506,0.0,1.0
A1XSSIGIY4WGX5,13,218,0.02509785862307161,0.0,1.0
AYYNNAEWP3W5Y,13,218,0.02509785862307161,0.0,1.0
A2J2YV329EVMNA,5,50,0.005756389592447617,0.0,1.0
A1BBTNE0NGNTJW,4,1020,0.11743034768593137,0.004751259400658463,0.5137466566607015
A222VKIXTH31TZ,21,69,0.007943817637577712,0.0,1.0
A3U0DX8MFOB1XX,6,402,0.046281372323278835,0.0,1.0
ABPI1E6Y8FNAB,8,232,0.02670964770895694,0.0,1.0
AVW90M65ADTDM,4,551,0.06343541330877274,0.0,1.0
A10K4IH3C93O4L,3,481,0.055376467879346074,0.0,1.0
AAAI5A49L3MKG,1,210,0.02417683628827999,0.0,1.0
A1XEBSAXW4GRWZ,6,402,0.046281372323278835,0.0,1.0
A3LIHB4OPMZ8LS,5,128,0.014736357356665898,0.0,1.0
A2CFRF9SRM00HE,10,6,0.000690766751093714,0.0,1.0
A26X7W5UM5QFT4,0,36,0.004144600506562284,0.0,1.0
A2HMD9LSALP7N1,12,183,0.021068385908358276,0.0,1.0
A1XESQ7C7NNZX4,6,402,0.046281372323278835,0.0,1.0
A3FBKSJY4UPVU,5,35,0.004029472714713332,0.0,1.0
A3M8N1L4WAMJG4,57,6,0.000690766751093714,0.0,1.0
A3D1MNFKW1Z3QJ,4,551,0.06343541330877274,0.0,1.0
A1P3LH0J7QS8DO,0,36,0.004144600506562284,0.0,1.0
A1HZWHI3JLGZ5N,7,40,0.004605111673958094,0.0,1.0
A3PSGJREO570YX,33,15,0.001726916877734285,0.0,1.0
A21623VNZ5H1YE,7,70,0.008058945429426664,0.0,1.0
A6JEVJCN12Z44,7,108,0.012433801519686852,0.0,1.0
A2PMSS7I2J8ZBE,9,39,0.004489983882109141,0.0,1.0
A2BHNIWHUFKE9D,71,4,0.00046051116739580933,0.0,1.0
AEQKUNN8X67EN,1,148,0.017038913193644947,0.0,1.0
A2V8WQ7E1OD7XL,2,43,0.0049504950495049506,0.0,1.0
A1PIWW0T6LW91O,6,402,0.046281372323278835,0.0,1.0
A1056H518CJ5XD,10,224,0.025788625374165323,0.0,1.0
A2I5M1X863QB8L,0,18,0.002072300253281142,0.0,1.0
A3FE2B2X39IFJJ,15,50,0.005756389592447617,0.0,1.0
A3GBDJVNX84IKD,5,50,0.005756389592447617,0.0,1.0
A2QA43U4AHHCC,4,551,0.06343541330877274,0.0,1.0
A102RLOGIBBDMW,7,108,0.012433801519686852,0.0,1.0
A2CJ6BOXPMVDZ9,10,224,0.025788625374165323,0.0,1.0
A1UIUV0YRYPAAV,14,107,0.0123186737278379,0.0,1.0
A1G1CPDNPRIHD4,5,128,0.014736357356665898,0.0,1.0
A15PL3C9OFSM1B,15,50,0.005756389592447617,0.0,1.0
A36E0HUM2Q6BSU,12,183,0.021068385908358276,0.0,1.0
A1EDI0X3GI1SK7,13,218,0.02509785862307161,0.0,1.0
A2OGXHE7PVLTOE,13,218,0.02509785862307161,0.0,1.0
A1UB3T4KB2SJ1E,1,173,0.019917107989868753,0.0,1.0
AB7IX02UYHG2Y,80,4,0.00046051116739580933,0.0,1.0
A1E4FASFO78Z77,2,55,0.006332028551692378,0.0,1.0
A13KTNVB5IG8SB,14,107,0.0123186737278379,0.0,1.0
A1D678H20KE69R,8,232,0.02670964770895694,0.0,1.0
A1P4XD7IORSEFN,5,236,0.02717015887635275,0.006018909891940826,0.5014785430941219
A3CJGCQI6RKRNJ,0,6,0.000690766751093714,0.0,1.0
A1K9FIA48K45PD,7,70,0.008058945429426664,0.0,1.0
A2OFPV99TN5FA9,15,135,0.015542251899608565,0.0,1.0
A3T5U8741AEXWU,1,148,0.017038913193644947,0.0,1.0
A2BG1N1J4R84GM,5,105,0.012088418144139995,0.0,1.0
A1ZJF8YB4LZ356,7,42,0.004835367257655998,0.0,1.0
A2865Q3GBNDKFV,1,148,0.017038913193644947,0.0,1.0
A1MPW1WTMFFQDG,9,45,0.005180750633202855,0.0,1.0
A1TOXCG4QWQLHA,6,402,0.046281372323278835,0.0,1.0
ANMFIHKJH7032,9,107,0.0123186737278379,0.0,1.0
A23UX0TM93QIQZ,4,551,0.06343541330877274,0.0,1.0
A6312S8QYEDED,3,481,0.055376467879346074,0.0,1.0
A20DHSLIR6QPO0,0,23,0.0026479392125259038,0.0,1.0
A1NGKLLPET4J88,3,481,0.055376467879346074,0.0,1.0
AC09OIFJYTUQK,1,173,0.019917107989868753,0.0,1.0
A13OA6RAGTF183,7,108,0.012433801519686852,0.0,1.0
A3C51ESBUD8QAJ,13,218,0.02509785862307161,0.0,1.0
A1P6EK8AZ4MHTA,0,36,0.004144600506562284,0.0,1.0
A2WFBRX9R0D84U,7,108,0.012433801519686852,0.0,1.0
A1LTG32UR3XK3P,16,4,0.00046051116739580933,0.0,1.0
AHXO4X437S8CQ,3,8,0.0009210223347916187,0.0,1.0
AT9254GWBBOTC,4,551,0.06343541330877274,0.0,1.0
A3IZ2M44IH6JVV,5,17,0.00195717246143219,0.0,1.0
A4TH1G4MV3VLM,8,232,0.02670964770895694,0.0,1.0
A3ORB4W3GI1YFG,0,11,0.0012664057103384757,0.0,1.0
APRP1LWB08YG8,13,218,0.02509785862307161,0.0,1.0
A2H5LR3VHM0TIY,12,183,0.021068385908358276,0.0,1.0
A39G12JD41N65D,4,551,0.06343541330877274,0.0,1.0
A2JNIVIFZNKF61,9,107,0.0123186737278379,0.0,1.0
A2DXXJR0N8BXOK,7,108,0.012433801519686852,0.0,1.0
A21OEH01WLWRF2,6,402,0.046281372323278835,0.0,1.0
A3MEFZZMMGIECW,3,481,0.055376467879346074,0.0,1.0
A28EZVGVWMQ071,3,75,0.008634584388671426,0.0,1.0
A11JCTWMX14IGZ,4,774,0.0891089108910891,0.0036645696968996694,0.5900999829517535
A4ZAGU38SC09Q,2,37,0.004259728298411237,0.0,1.0
AGL95K4GLGZ4J,1,210,0.02417683628827999,0.0,1.0
A2JDDUN6YNRYKU,13,218,0.02509785862307161,0.0,1.0
AD3EX5UG7UZPB,2,9,0.001036150126640571,0.0,1.0
A3Q5IRZ3ZJV4P3,7,70,0.008058945429426664,0.0,1.0
A39AB1CZ74VSGG,12,183,0.021068385908358276,0.0,1.0
ABXEFUVFKQLXT,12,183,0.021068385908358276,0.0,1.0
ADR6SKFTGZAYX,5,128,0.014736357356665898,0.0,1.0
AK3D1F2TEULT0,8,83,0.009555606723463044,0.0,1.0
A23K0A6DL5HQQ3,7,108,0.012433801519686852,0.0,1.0
A2ILMCJBXWF5TS,7,42,0.004835367257655998,0.0,1.0
AB3FHZTL3VGFU,15,135,0.015542251899608565,0.0,1.0
A2N09FAU09DKYD,19,69,0.007943817637577712,0.0,1.0
A2749BTS2KRMVH,7,42,0.004835367257655998,0.0,1.0
A1423HNZ15ZCQZ,7,472,0.0543403177527055,0.004668120759938996,0.7468872575479506
AKEF85M7R9RGK,0,23,0.0026479392125259038,0.0,1.0
A6VFSC0BW75Y0,7,42,0.004835367257655998,0.0,1.0
AKAWPV482ODX8,2,11,0.0012664057103384757,0.0,1.0
A37F1PDYYBKLGD,0,18,0.002072300253281142,0.0,1.0
A34WYT35SQGBH3,8,232,0.02670964770895694,0.0,1.0
A1UWIIW0NJEKFL,4,551,0.06343541330877274,0.0,1.0
A22ELKXGNSSWDQ,3,481,0.055376467879346074,0.0,1.0
A41I67QYRAOSQ,2,29,0.0033387059636196177,0.0,1.0
A7YKQRCRPPCMU,1,210,0.02417683628827999,0.0,1.0
A2QRX9OJKW9TM9,4,551,0.06343541330877274,0.0,1.0
AGCN38LIJZM3K,10,50,0.005756389592447617,0.003723661485319516,0.5420408163265306
AV90JD8C9IUD0,7,40,0.004605111673958094,0.0,1.0
A3TIWRAKFP7LMA,8,232,0.02670964770895694,0.0,1.0
A27IPICV6MUXIE,3,481,0.055376467879346074,0.0,1.0
A1AVDAS4VK9FCL,8,83,0.009555606723463044,0.0,1.0
A1CN4JZZTW31JK,4,551,0.06343541330877274,0.0,1.0
A34WISS43CVLDP,2,34,0.00391434492286438,0.0,1.0
A5X3DVSN6XRJ1,7,70,0.008058945429426664,0.0,1.0
A2ZNMPZMLRRC8R,9,107,0.0123186737278379,0.0,1.0
A32BQI4PD4MC1K,1,173,0.019917107989868753,0.0,1.0
A33TDBE3822NTY,12,183,0.021068385908358276,0.0,1.0
AOLN7ZXFT6EDI,10,224,0.025788625374165323,0.0,1.0
A10CY1HLD2P2Y0,1,148,0.017038913193644947,0.0,1.0
A2O6AAW9WZ1XJB,4,551,0.06343541330877274,0.0,1.0
A1XJF5OXN7NWGG,2,43,0.0049504950495049506,0.0,1.0
A1BQLUMAXH49VN,1,173,0.019917107989868753,0.0,1.0
A1GLL5CJ1SFAMS,13,218,0.02509785862307161,0.0,1.0
A1463ASM7QMU2I,13,218,0.02509785862307161,0.0,1.0
A3G91OD8ODO80V,0,49,0.0056412618005986645,0.0,1.0
AYCS41BVC7IWA,5,35,0.004029472714713332,0.0,1.0
AIU93YMNWEKI7,0,7,0.0008058945429426663,0.0,1.0
A2AWJVTRURCGX3,22,57,0.006562284135390283,0.0,1.0
A168SAOQWU7A63,7,70,0.008058945429426664,0.0,1.0
AC2SMT7WEOBQM,21,69,0.007943817637577712,0.0,1.0
A310AKTMTWOZ17,10,60,0.00690766751093714,0.0,1.0
A2RI4QE6EO29CA,3,481,0.055376467879346074,0.0,1.0
A3W3B9CBCR4JTX,4,551,0.06343541330877274,0.0,1.0
A3H2OM4DBR3P3T,15,135,0.015542251899608565,0.0,1.0
A3A4NX6KSX3Q8F,12,183,0.021068385908358276,0.0,1.0
A2P3V1BG6FMUS5,15,135,0.015542251899608565,0.0,1.0
A2582KMXLK2P06,3,481,0.055376467879346074,0.0,1.0
A2OAUV1E9YV1ID,4,551,0.06343541330877274,0.0,1.0
A22870XFVVBHIJ,19,69,0.007943817637577712,0.0,1.0
AB5E23ZV79CVZ,2,43,0.0049504950495049506,0.0,1.0
A2GKTKX1U5HW5J,2,55,0.006332028551692378,0.0,1.0
A1A016H61PMGYA,10,224,0.025788625374165323,0.0,1.0
A1B5Z5OG2NPFDT,7,108,0.012433801519686852,0.0,1.0
AR3HUTA2RFUL5,48,8,0.0009210223347916187,0.0,1.0
A11L90R7RWJA8H,0,27,0.003108450379921713,0.0,1.0
AMGNNJWUEIJ59,3,481,0.055376467879346074,0.0,1.0
A3PKHLXWYK19HD,15,135,0.015542251899608565,0.0,1.0
AQJSM4LO7M7G5,9,78,0.008979967764218283,0.0,1.0
A1EN0HIRFDGC8T,1,173,0.019917107989868753,0.0,1.0
A2SOKOONUQ850N,32,17,0.00195717246143219,0.0,1.0
A3PD8JD9L4WEII,9,56,0.006447156343541331,0.0008006607950294518,0.6785714285714286
A2WXLG4AYEDOQI,25,22,0.0025328114206769514,0.0,1.0
A2OMG3GYEFXOC9,4,551,0.06343541330877274,0.0,1.0
A1XQCLOF5MP5OB,10,60,0.00690766751093714,0.0,1.0
A51JHQZ0NEWA4,5,50,0.005756389592447617,0.0,1.0
A7SXKE8X1ZZ21,25,22,0.0025328114206769514,0.0,1.0
A37RCN295YXNKD,2,56,0.006447156343541331,0.00017413525454836837,0.5168831168831168
A3FRF7VQOR28S0,7,108,0.012433801519686852,0.0,1.0
ASJN4DBPLF53L,7,24,0.002763067004374856,0.0,1.0
APEJ8EJCC8PQ8,3,481,0.055376467879346074,0.0,1.0
A1AHL90POX6J9K,14,107,0.0123186737278379,0.0,1.0
A3G2FOJL92215L,9,107,0.0123186737278379,0.0,1.0
A155WK4J425WSQ,7,70,0.008058945429426664,0.0,1.0
A3CPX9XWN4ZAFK,4,551,0.06343541330877274,0.0,1.0
A3IA8GX9LFUDHY,4,551,0.06343541330877274,0.0,1.0
A1FREHYUPLCMTC,3,481,0.055376467879346074,0.0,1.0
A3S9DTM7BCJS21,7,70,0.008058945429426664,0.0,1.0
A24NT6ZIGSJFWG,9,107,0.0123186737278379,0.0,1.0
A2NCO79BXDXVCQ,10,224,0.025788625374165323,0.0,1.0
A2V8FNIO634ZRD,4,551,0.06343541330877274,0.0,1.0
A1U57C8E45X01Z,15,135,0.015542251899608565,0.0,1.0
A34LIVUNCQNHA,5,44,0.005065622841353903,0.0,1.0
A29O2CYBUENAB1,5,35,0.004029472714713332,0.0,1.0
A1IO8365H969TU,3,481,0.055376467879346074,0.0,1.0
A152ZZZPA3BAGU,4,551,0.06343541330877274,0.0,1.0
A1URZMYX7LYOGI,20,17,0.00195717246143219,0.0,1.0
AWN8Q7FYS4G09,2,34,0.00391434492286438,0.0,1.0
A3UNITKTFPNT9W,2,9,0.001036150126640571,0.0,1.0
A3KFLKO5MSTRCZ,34,14,0.0016117890858853327,0.0,1.0
AWGXF4XREHKBR,4,551,0.06343541330877274,0.0,1.0
A3TYJTG8HXTWKY,1,210,0.02417683628827999,0.0,1.0
A1Y4G3WZ321YAE,8,232,0.02670964770895694,0.0,1.0
A39Z4OU2C7ENWH,13,218,0.02509785862307161,0.0,1.0
A2RSBGN7RNQ3S0,10,224,0.025788625374165323,0.0,1.0
AZ4ZYOPY754KQ,9,107,0.0123186737278379,0.0,1.0
A31FYGE53VGBH7,6,402,0.046281372323278835,0.0,1.0
A1S45WQWHNQBF2,7,70,0.008058945429426664,0.0,1.0
A3BMZALEIUMFBE,6,402,0.046281372323278835,0.0,1.0
A1YDTDW310M6TZ,5,128,0.014736357356665898,0.0,1.0
AEQO36Q7H1RV,8,232,0.02670964770895694,0.0,1.0
A1L7QES3JBISFS,3,481,0.055376467879346074,0.0,1.0
A3REPF6Z0P8Y0Q,7,70,0.008058945429426664,0.0,1.0
A2MOM7UV3ZY4H1,4,551,0.06343541330877274,0.0,1.0
A5S38CUDPMJ3H,9,45,0.005180750633202855,0.0,1.0
A3SG4FNILRZH5S,1,148,0.017038913193644947,0.0,1.0
A1P9N5P77WPZPL,15,135,0.015542251899608565,0.0,1.0
ASH6NHZ1Z2O51,7,42,0.004835367257655998,0.0,1.0
A1QR3OYDFRFNE5,12,183,0.021068385908358276,0.0,1.0
AL2XB3XNNUV9J,7,42,0.004835367257655998,0.0,1.0
A1WRXACOKPITBQ,7,42,0.004835367257655998,0.0,1.0
A3DDKMEJPK9XQS,12,183,0.021068385908358276,0.0,1.0
A2ZIXNYGNZBDYS,10,224,0.025788625374165323,0.0,1.0
A27XULAA9X5ZGQ,13,218,0.02509785862307161,0.0,1.0
A2U7QPASO59UO1,10,17,0.00195717246143219,0.0,1.0
A25RTRAPQAJBDJ,13,218,0.02509785862307161,0.0,1.0
AMKB1A6CU9H0P,10,224,0.025788625374165323,0.0,1.0
A2KIJBT9HRIOM8,2,27,0.003108450379921713,0.0,1.0
AVFDFNRFLXGKG,4,551,0.06343541330877274,0.0,1.0
A35IK5PV6GLP31,2,14,0.0016117890858853327,0.0,1.0
A1GP5D3MXBKUQE,3,481,0.055376467879346074,0.0,1.0
AEQ1H8QRESMPD,1,210,0.02417683628827999,0.0,1.0
A1P7BH2FLQ4O8R,6,402,0.046281372323278835,0.0,1.0
AEXS7M2VKYQ7D,8,83,0.009555606723463044,0.0,1.0
ABQ5R03J5G6RB,4,551,0.06343541330877274,0.0,1.0
A2QYV2416XB0BQ,4,551,0.06343541330877274,0.0,1.0
AQ0483UAIEVME,3,481,0.055376467879346074,0.0,1.0
A1S5QVS3YLY6FK,1,148,0.017038913193644947,0.0,1.0
A1PGGWY26N3SP4,1,148,0.017038913193644947,0.0,1.0
A1XCA99IXPBIKV,12,45,0.005180750633202855,0.0,1.0
A12SBVZP1QK9GM,1,173,0.019917107989868753,0.0,1.0
A7HPQEWKPSFJ6,2,14,0.0016117890858853327,0.0,1.0
A4G51W9PC7TJL,11,33,0.003799217131015427,0.0,1.0
A12F8OG8CKZU9L,88,4,0.00046051116739580933,0.0,1.0
AR0TID0Y19R2X,10,19,0.0021874280451300945,0.0,1.0
A3NC84WPNQ74I4,3,481,0.055376467879346074,0.0,1.0
A1089S59XSJT2T,7,42,0.004835367257655998,0.0,1.0
A3TKSUEV4E9PV6,4,551,0.06343541330877274,0.0,1.0
AN2F0QIGX01QQ,3,543,0.06251439097398112,0.0004868705843311464,0.8029126147615068
A3VHI0VC0ZWEDX,4,551,0.06343541330877274,0.0,1.0
AOQYN0MQVWSJR,7,70,0.008058945429426664,0.0,1.0
A1AK5068R1WJAK,14,107,0.0123186737278379,0.0,1.0
A3TTG579DHLYZW,11,33,0.003799217131015427,0.0,1.0
A2NMY5UF624JGE,7,108,0.012433801519686852,0.0,1.0
A21ZZUXAM2PUCA,4,659,0.07586921482845958,0.007057667640960961,0.7193777068506672
A2N8DYL17G3I7C,8,83,0.009555606723463044,0.0,1.0
A19VISO9EHD1OM,10,284,0.032696292885102465,0.009342338085411473,0.6655800527546907
A33M07VZBYRMPY,2,29,0.0033387059636196177,0.0,1.0
A320HZ92MYZ2FC,4,551,0.06343541330877274,0.0,1.0
AC3R6XWQYOYFM,16,4,0.00046051116739580933,0.0,1.0
AQNEQQ96MKX3Y,7,42,0.004835367257655998,0.0,1.0
A327GK6XKAKQZG,1,148,0.017038913193644947,0.0,1.0
A2A3BLPBHISRZ4,25,22,0.0025328114206769514,0.0,1.0
ALKGI0EM6E5QA,22,57,0.006562284135390283,0.0,1.0
A1V5M5ENS5YBK9,2,34,0.00391434492286438,0.0,1.0
A25RR4OLL774IK,8,83,0.009555606723463044,0.0,1.0
A243PC8288DLU0,0,243,0.027976053419295415,0.0,1.0
A3AOGYPD6MVBYZ,10,17,0.00195717246143219,0.0,1.0
A3SWLDY5FWIDNL,3,481,0.055376467879346074,0.0,1.0
A19HUD2T33F945,15,135,0.015542251899608565,0.0,1.0
A4ZGPH50QWA1F,9,107,0.0123186737278379,0.0,1.0
A2NOW4U7W3F7RI,2,4,0.00046051116739580933,0.0,1.0
AC8C9PT59CDW1,2,139,0.016002763067004374,0.0009499823376101212,0.6280888332812011
A31ECARG9W729,4,551,0.06343541330877274,0.0,1.0
A20UU20K7M9ZPF,7,70,0.008058945429426664,0.0,1.0
AF290PNTO838I,3,481,0.055376467879346074,0.0,1.0
A1WV0XTJROAYGK,14,235,0.027055031084503797,0.005846136564295852,0.5019094380796508
APHS8MGWHWJH7,8,232,0.02670964770895694,0.0,1.0
A2S6QXXEDVCZHY,5,44,0.005065622841353903,0.0,1.0
A23KEN4HK5CBN3,9,13,0.0014966612940363804,0.0,1.0
AEELSV9OP31KG,0,12,0.001381533502187428,0.0,1.0
A4902TQB4NGRJ,10,60,0.00690766751093714,0.0,1.0
A3V1DYN19UXF4F,27,21,0.002417683628827999,0.0,1.0
ACDMTFO375XVZ,14,107,0.0123186737278379,0.0,1.0
A2E5IK9TUH8UPD,13,218,0.02509785862307161,0.0,1.0
A350VVPCU2J3EH,22,57,0.006562284135390283,0.0,1.0
A2WQ0T7U3ETN5S,36,13,0.0014966612940363804,0.0,1.0
A2ND0D2JVW04KS,16,93,0.010706884641952567,0.0,1.0
AG5ZZ3L1KU8VS,8,83,0.009555606723463044,0.0,1.0
A3RBUDUMPG6X6E,4,551,0.06343541330877274,0.0,1.0
A3945ZO3MNKVMO,13,218,0.02509785862307161,0.0,1.0
A3IROM8JD6KAVG,7,40,0.004605111673958094,0.0,1.0
A38GZ9522SW4T3,23,5,0.0005756389592447617,0.0,1.0
A4IF24BMN3Z3H,12,183,0.021068385908358276,0.0,1.0
A2ENZ4FESUXXMT,7,42,0.004835367257655998,0.0,1.0
A1C3OZ383EUS8W,4,551,0.06343541330877274,0.0,1.0
A15ESHE412BUGE,4,551,0.06343541330877274,0.0,1.0
A1A8Q7LYKJ7B9Z,2,7,0.0008058945429426663,0.0,1.0
A15P0849E4NHIG,15,135,0.015542251899608565,0.0,1.0
A3BJOJLK4FN1JC,8,83,0.009555606723463044,0.0,1.0
A2UK5HQS62ESQP,5,128,0.014736357356665898,0.0,1.0
A129AN1EZZVG61,15,135,0.015542251899608565,0.0,1.0
A2BH9DHKBIBDX3,63,5,0.0005756389592447617,0.0,1.0
A16LG9GOHGELD1,5,128,0.014736357356665898,0.0,1.0
A23W4SGMFMSE5N,4,551,0.06343541330877274,0.0,1.0
ADCR5CY3S9AQW,1,210,0.02417683628827999,0.0,1.0
A14YZVQTMRO7NE,2,18,0.002072300253281142,0.0,1.0
A3B7TD1VKB2K8N,0,11,0.0012664057103384757,0.0,1.0
A1KL1YVYYMQE2E,2,27,0.003108450379921713,0.0,1.0
APBF796U7GUTV,13,218,0.02509785862307161,0.0,1.0
A18FTRFQQ141CP,13,218,0.02509785862307161,0.0,1.0
A3HPCRD9RX351S,7,108,0.012433801519686852,0.0,1.0
A3UK6XF38M32SK,3,481,0.055376467879346074,0.0,1.0
A3OGYYZ007ABGA,3,481,0.055376467879346074,0.0,1.0
A2IE2U4SL7JWX2,9,78,0.008979967764218283,0.0,1.0
A1Q9NE8OY1XD5J,3,481,0.055376467879346074,0.0,1.0
A16U2XUA72CHR8,12,183,0.021068385908358276,0.0,1.0
A1L7JCX9IKGKIQ,13,218,0.02509785862307161,0.0,1.0
A36CLMUHL8OBHJ,7,108,0.012433801519686852,0.0,1.0
A1A5KUIIIHFF4U,7,42,0.004835367257655998,0.0,1.0
A3SIW24TMUVXG6,12,45,0.005180750633202855,0.0,1.0
A2PL7ZNZNA1S68,11,157,0.018075063320285516,0.0,1.0
A3AZUX1EW379D0,19,69,0.007943817637577712,0.0,1.0
A2JPY5OA6FSW0T,7,108,0.012433801519686852,0.0,1.0
A3O8QKI08JRNL,4,551,0.06343541330877274,0.0,1.0
A2A3HDJXDN8W47,7,70,0.008058945429426664,0.0,1.0
AL8SQYYI1BZMW,3,481,0.055376467879346074,0.0,1.0
A12UB0W1MAK18U,19,69,0.007943817637577712,0.0,1.0
AODQI51IBW7WN,14,107,0.0123186737278379,0.0,1.0
A1E5M5Q3L9PCVV,4,551,0.06343541330877274,0.0,1.0
A2NBQ9E181AC8O,11,157,0.018075063320285516,0.0,1.0
A3TB2M0Y63G0OF,4,551,0.06343541330877274,0.0,1.0
A2WH3Y3YZVTHY2,13,218,0.02509785862307161,0.0,1.0
A2SSVSLIHRX2CJ,4,551,0.06343541330877274,0.0,1.0
A27L67S8O0TU0A,4,551,0.06343541330877274,0.0,1.0
AGXMLPCYBOL55,6,402,0.046281372323278835,0.0,1.0
A21RU23FMI0XSS,10,224,0.025788625374165323,0.0,1.0
AUBQ9SL293I8X,4,551,0.06343541330877274,0.0,1.0
A34NPP4LLJL4HU,12,183,0.021068385908358276,0.0,1.0
A38Q2EI3LM24VT,0,8,0.0009210223347916187,0.0,1.0
A320DLHQTRFL5L,0,41,0.004720239465807046,0.0,1.0
A17YPTSJ9UFDJ5,15,135,0.015542251899608565,0.0,1.0
A3194LALPLNT8Y,12,183,0.021068385908358276,0.0,1.0
A1XXTDDNAKXLHO,4,551,0.06343541330877274,0.0,1.0
A2MQYBL04OEG6B,4,551,0.06343541330877274,0.0,1.0
A3UPEV60FD84VX,8,83,0.009555606723463044,0.0,1.0
A2VRYMER23944K,4,551,0.06343541330877274,0.0,1.0
A3DGWKQFZ11K9P,5,44,0.005065622841353903,0.0,1.0
A2P9W6KDKYFSXO,4,608,0.06999769744416302,0.008400931259391764,0.8298794762854418
A18RZLFVFN6697,2,18,0.002072300253281142,0.0,1.0
A1WJE2B0N0I3T1,8,83,0.009555606723463044,0.0,1.0
A3U454B540HWZS,1,210,0.02417683628827999,0.0,1.0
A191KD41X3I93D,2,40,0.004605111673958094,0.0,1.0
A4JF3BCJO0VGI,6,402,0.046281372323278835,0.0,1.0
A3KBJHIZCU52OW,10,224,0.025788625374165323,0.0,1.0
ALJMX3QEODS88,6,402,0.046281372323278835,0.0,1.0
A300M5BZZ1FWRX,3,481,0.055376467879346074,0.0,1.0
A3UFIFPNO0TR0Q,15,183,0.021068385908358276,0.0009918895837561777,0.616825797153666
A1F898XZRR8C28,4,551,0.06343541330877274,0.0,1.0
A1HH194Z0PL1E4,4,551,0.06343541330877274,0.0,1.0
A1VRWURI5XLNU5,0,41,0.004720239465807046,0.0,1.0
A137OOBMF8P43D,8,57,0.006562284135390283,0.0,1.0
A3F5G02JODRZ10,11,33,0.003799217131015427,0.0,1.0
A248QWX79TFHAT,7,108,0.012433801519686852,0.0,1.0
A1TIWOJFIX21RY,32,17,0.00195717246143219,0.0,1.0
A186R37OQQ8TP1,3,481,0.055376467879346074,0.0,1.0
A2XK854TOM88L2,7,24,0.002763067004374856,0.0,1.0
AC972NOCNEICM,4,551,0.06343541330877274,0.0,1.0
A1BHU6FHSC0BJF,19,69,0.007943817637577712,0.0,1.0
A1JIPRN4LLM20G,36,13,0.0014966612940363804,0.0,1.0
A1MZVETF38AMZ6,7,19,0.0021874280451300945,0.0,1.0
A1S7ZHV3VCF4IQ,14,107,0.0123186737278379,0.0,1.0
A1ES9IQ5EZ4XQF,34,14,0.0016117890858853327,0.0,1.0
AH9FCFS4PCUVE,7,42,0.004835367257655998,0.0,1.0
ARBA3PVDL118W,4,551,0.06343541330877274,0.0,1.0
A25UWYG38UIHF6,7,108,0.012433801519686852,0.0,1.0
A39KBWLS6TURMR,13,218,0.02509785862307161,0.0,1.0
A2ZHSHIVYKUFQQ,2,22,0.0025328114206769514,0.0,1.0
ADWWA7EWO2XP0,4,551,0.06343541330877274,0.0,1.0
A1B8EJQU73YGL9,15,135,0.015542251899608565,0.0,1.0
A1NMV4MGCEHLZS,8,9,0.001036150126640571,0.0,1.0
A1ONY0WZAL2I3U,2,74,0.008519456596822473,0.0004433454407179713,0.49648278415401703
A5F4K8GULBUYL,63,5,0.0005756389592447617,0.0,1.0
A38Z1QNI3H0JDB,11,157,0.018075063320285516,0.0,1.0
A3T7V207KRDE2O,4,551,0.06343541330877274,0.0,1.0
AIE03GJ95JW3Z,3,481,0.055376467879346074,0.0,1.0
A3FUXDNOST7H2Q,19,69,0.007943817637577712,0.0,1.0
A2KZOIOFXXMC1H,10,76,0.008749712180520378,0.0007067192709725236,0.6207017543859649
A1GIRH2N6B2VZL,14,107,0.0123186737278379,0.0,1.0
A7696ALS0LKSV,1,210,0.02417683628827999,0.0,1.0
A11L3AWH521WFV,3,481,0.055376467879346074,0.0,1.0
A2LME30OB5OHTN,13,218,0.02509785862307161,0.0,1.0
A1YIJSP53GAXGW,16,93,0.010706884641952567,0.0,1.0
AQO6JI57GOIG3,3,75,0.008634584388671426,0.0,1.0
A1JZJFVE1K61LU,35,13,0.0014966612940363804,0.0,1.0
A1NS37O7XRA5KG,1,210,0.02417683628827999,0.0,1.0
A1BKKEWFMHS7XU,13,218,0.02509785862307161,0.0,1.0
A1OPS8Q346ZPRV,7,108,0.012433801519686852,0.0,1.0
A2SJD44C37X1LS,10,224,0.025788625374165323,0.0,1.0
A2GAKGT138CJZS,10,224,0.025788625374165323,0.0,1.0
A2HW660OT2KXUM,9,107,0.0123186737278379,0.0,1.0
A2LNQQ1N2DZBUJ,10,224,0.025788625374165323,0.0,1.0
A34J2IUA5DJLYU,6,402,0.046281372323278835,0.0,1.0
A2TXTCIOBK1NMQ,0,35,0.004029472714713332,0.0002044791419978927,0.6067226890756302
A24OHQK700QEIW,13,218,0.02509785862307161,0.0,1.0
A1P0KMRBCKB133,27,21,0.002417683628827999,0.0,1.0
A185LIJJXANIWM,3,75,0.008634584388671426,0.0,1.0
A2MOD50IHEDH3G,1,210,0.02417683628827999,0.0,1.0
A3RTMCOLN1MIJW,3,75,0.008634584388671426,0.0,1.0
A21YJPHV31QQ92,4,551,0.06343541330877274,0.0,1.0
A3FY3S8KMC5X82,2,13,0.0014966612940363804,0.0,1.0
AZMY6E8B52L2T,0,69,0.007943817637577712,0.0010663131458766577,0.4927536231884058
A1HBNCPHMW87Y0,13,218,0.02509785862307161,0.0,1.0
AI28N2NCAZS50,5,128,0.014736357356665898,0.0,1.0
A34S0X8F7V9UBK,6,402,0.046281372323278835,0.0,1.0
A1UCUVJNLUS8ES,5,105,0.012088418144139995,0.0,1.0
AOHQVDAGYMV6J,7,60,0.00690766751093714,4.796189309881669e-05,0.584180790960452
A2CBYGMX1S6KS6,8,57,0.006562284135390283,0.0,1.0
A25K6D8IF14MW2,2,12,0.001381533502187428,0.0,1.0
A9HYSJ3D0D6I2,7,42,0.004835367257655998,0.0,1.0
A1JI3XL5ME8CWM,13,218,0.02509785862307161,0.0,1.0
A1E9RGETV1X5LK,0,8,0.0009210223347916187,0.0,1.0
A24ICO449X5CE6,10,224,0.025788625374165323,0.0,1.0
A3HXGSMCIOZEW8,9,45,0.005180750633202855,0.0,1.0
AOA98DNOIPBZG,4,551,0.06343541330877274,0.0,1.0
A2859C020TGTJV,1,210,0.02417683628827999,0.0,1.0
AMGUWDM3XPEEB,4,951,0.10948653004835367,0.010079169971089852,0.5140871105207815
A3N0P5AAMP6XD2,2,55,0.006332028551692378,0.0,1.0
A2A26KED39175E,10,224,0.025788625374165323,0.0,1.0
A2U889P9EBQD3,0,8,0.0009210223347916187,0.0,1.0
A3MRKZ1RR1G9K3,10,60,0.00690766751093714,0.0,1.0
A9JA9GJKHLHJ9,4,551,0.06343541330877274,0.0,1.0
A2VHNK9KG4FN9F,10,224,0.025788625374165323,0.0,1.0
A3MY0WAP1OB7F8,13,218,0.02509785862307161,0.0,1.0
A3APPU8QXY4DFI,11,33,0.003799217131015427,0.0,1.0
A10ONZJPXOK6G7,2,22,0.0025328114206769514,0.0,1.0
A1G3LFZTTQQI5C,8,83,0.009555606723463044,0.0,1.0
A2TZJGHNHCFRA2,8,83,0.009555606723463044,0.0,1.0
A2B5F8N1BO2CQA,4,564,0.06493207460280911,0.0013611207178389213,0.9548895859314966
A16Z9C8ESLGOPL,75,4,0.00046051116739580933,0.0,1.0
A2V24K8UWPPDSB,7,40,0.004605111673958094,0.0,1.0
A2ZOEOGAKDKF0U,7,70,0.008058945429426664,0.0,1.0
A1BFNBD9CPHHSW,35,13,0.0014966612940363804,0.0,1.0
A93JRHV3FRSZP,3,481,0.055376467879346074,0.0,1.0
A1E6YJH0YZYFU5,4,551,0.06343541330877274,0.0,1.0
A22P177ZFTOVMC,15,135,0.015542251899608565,0.0,1.0
A2IATJLZM78N9Z,8,83,0.009555606723463044,0.0,1.0
A1K2RV81XU6XUC,22,57,0.006562284135390283,0.0,1.0
A2KPCPTR2Z3KA7,1,173,0.019917107989868753,0.0,1.0
A2CUBYMC4PVHY8,6,402,0.046281372323278835,0.0,1.0
A2KHUQBX39VZC3,0,34,0.00391434492286438,0.0,1.0
A9KOC3PXLXYSB,6,402,0.046281372323278835,0.0,1.0
A10NQKIG7NXUR7,8,83,0.009555606723463044,0.0,1.0
A39DQIQ1GO2J4Y,7,108,0.012433801519686852,0.0,1.0
A1GBU479WXR7UG,5,50,0.005756389592447617,0.0,1.0
A21OS6PWQG5YOO,13,218,0.02509785862307161,0.0,1.0
A2J52UTHU107PQ,23,47,0.00541100621690076,0.0,1.0
AA0YPCLUF78B4,4,551,0.06343541330877274,0.0,1.0
A23CIS24TPIQZP,21,69,0.007943817637577712,0.0,1.0
A3CW0ZLUO5X2B1,9,107,0.0123186737278379,0.0,1.0
A2AO270D2JMUK9,0,77,0.00886483997236933,0.0,1.0
AQGDI4H921BOU,2,68,0.00782868984572876,0.0,1.0
A1G9SOE51HET8E,7,58,0.006677411927239235,1.8223285062663295e-05,0.6231094978826376
A3EZEP0FX5BC1P,0,243,0.027976053419295415,0.0,1.0
A3C25PH9AWIHKO,23,47,0.00541100621690076,0.0,1.0
AL1PNYDIILV4D,6,402,0.046281372323278835,0.0,1.0
A5A4374R8I7NB,17,59,0.006792539719088188,0.0009060250961703555,0.8141437755698422
ATIOA4WH6UE1C,7,40,0.004605111673958094,0.0,1.0
A1XMNRX9WW7JXR,2,43,0.0049504950495049506,0.0,1.0
A2NYY8Z3CWT3IB,28,20,0.002302555836979047,0.0,1.0
A1V68CETC0BXV7,4,551,0.06343541330877274,0.0,1.0
A3OSUAAXSUNPLM,6,402,0.046281372323278835,0.0,1.0
AFRGJP413HUZ5,16,93,0.010706884641952567,0.0,1.0
A328YKP8SAY73L,12,183,0.021068385908358276,0.0,1.0
A1V5TRJXTI6F01,11,157,0.018075063320285516,0.0,1.0
A3QFRGBN5P0R3S,4,551,0.06343541330877274,0.0,1.0
A2PS6H6NHW0ZVK,6,402,0.046281372323278835,0.0,1.0
A3LIQUWLYJKN3N,14,21,0.002417683628827999,0.0,1.0
ATF9GIT9E3X5S,7,19,0.0021874280451300945,0.0,1.0
A76H3TUHMOA8K,6,402,0.046281372323278835,0.0,1.0
A220WCFHHMV2X4,15,135,0.015542251899608565,0.0,1.0
A1M0M3TOS6CD1A,2,43,0.0049504950495049506,0.0,1.0
A2V1CW0YZ25USU,8,83,0.009555606723463044,0.0,1.0
AFNYEP9UND180,7,108,0.012433801519686852,0.0,1.0
A3DXRN8UPJ6W2N,8,232,0.02670964770895694,0.0,1.0
A3RZX5KZX4HYG6,5,32,0.0036840893391664746,0.0,1.0
AMZYVZBIMD7LY,10,224,0.025788625374165323,0.0,1.0
A2KUOQLRGGHCQX,14,107,0.0123186737278379,0.0,1.0
A10TI75YHEDJ55,12,183,0.021068385908358276,0.0,1.0
A3UW9V8KONIRBE,6,402,0.046281372323278835,0.0,1.0
A39W1MVZ5BYPSR,7,70,0.008058945429426664,0.0,1.0
A3A5TZ3IHOOYM9,2,29,0.0033387059636196177,0.0,1.0
AWYSI7X29SQ9D,2,7,0.0008058945429426663,0.0,1.0
A13ZRACMTM4ENB,25,22,0.0025328114206769514,0.0,1.0
AOKS36MOH1LDK,6,402,0.046281372323278835,0.0,1.0
A3BA8YMGPWARPM,0,49,0.0056412618005986645,0.0,1.0
A3DYB4VNXP9RBE,12,183,0.021068385908358276,0.0,1.0
A18MQWHBYS6MLN,10,224,0.025788625374165323,0.0,1.0
A2TLKM8E9CDIMP,4,551,0.06343541330877274,0.0,1.0
A5ZELOQA2OY7V,3,481,0.055376467879346074,0.0,1.0
A30ISDN6ZV58L4,19,69,0.007943817637577712,0.0,1.0
A2DTZUZK9YRJVK,4,551,0.06343541330877274,0.0,1.0
A1SV0FYYADJLPG,6,402,0.046281372323278835,0.0,1.0
AW3LX47IHPFRL,7,42,0.004835367257655998,0.0,1.0
A2AFGNDUPNWVSN,11,33,0.003799217131015427,0.0,1.0
A2W8L7O2RC73OX,14,107,0.0123186737278379,0.0,1.0
A329X6LME4DZ9,8,232,0.02670964770895694,0.0,1.0
AMH264806NHLO,10,224,0.025788625374165323,0.0,1.0
A35C08P4HELIMI,12,183,0.021068385908358276,0.0,1.0
A17OOVKR08H7FR,8,232,0.02670964770895694,0.0,1.0
A87N6UTYA6NOB,12,45,0.005180750633202855,0.0,1.0
AHV9Z1EDYO5WK,6,402,0.046281372323278835,0.0,1.0
AXAJXJZUL2J5P,9,107,0.0123186737278379,0.0,1.0
A3OU6E9SSMVU9D,6,402,0.046281372323278835,0.0,1.0
A20OQMLRFNZADL,23,47,0.00541100621690076,0.0,1.0
A18XNFAMBG11VB,5,128,0.014736357356665898,0.0,1.0
A2N1GE2B8QXK08,14,21,0.002417683628827999,0.0,1.0
A2QIC4G483SQQA,8,83,0.009555606723463044,0.0,1.0
A1U6XPYATU9OPG,4,551,0.06343541330877274,0.0,1.0
A1VHDGG2CXBQ6T,16,93,0.010706884641952567,0.0,1.0
AW3KFYL19VZPL,7,42,0.004835367257655998,0.0,1.0
A4QCYNKAT2UN,2,18,0.002072300253281142,0.0,1.0
A1LHMSY3Q46PJS,6,402,0.046281372323278835,0.0,1.0
A2OAJN06TQ9KAT,79,4,0.00046051116739580933,0.0,1.0
A18S2VGUH9SCV5,7,19,0.0021874280451300945,0.0,1.0
A2VQLV2GUC4H8J,10,60,0.00690766751093714,0.0,1.0
A10K41QA6YVOXR,15,135,0.015542251899608565,0.0,1.0
A10PEXB6XAQ5XF,76,4,0.00046051116739580933,0.0,1.0
AAHZ6JPL2S8YA,3,481,0.055376467879346074,0.0,1.0
A2FQTFYS3E1VFE,4,551,0.06343541330877274,0.0,1.0
A3RRV1F1QVI0C5,18,81,0.00932535113976514,0.0,1.0
A36I8TB372U04R,15,135,0.015542251899608565,0.0,1.0
A3PDGWYC08DXF4,7,19,0.0021874280451300945,0.0,1.0
A3U5HTOOB376EP,3,481,0.055376467879346074,0.0,1.0
A3A9O355TNBWKK,7,80,0.009210223347916187,0.00014689088499415698,0.7854430379746835
ANVS33BKKSZCI,0,6,0.000690766751093714,0.0,1.0
A4BLZ3ZNJ0YV2,1,173,0.019917107989868753,0.0,1.0
A3Q3Y39W2F0E3J,22,57,0.006562284135390283,0.0,1.0
A3CFO6309H5H0,10,224,0.025788625374165323,0.0,1.0
A18X6ZT4AEYVKB,4,951,0.10948653004835367,0.010079169971089852,0.5140871105207815
A1KXONFPU2XQ5K,13,218,0.02509785862307161,0.0,1.0
A2OLTRWQKKDD5E,8,83,0.009555606723463044,0.0,1.0
A4RC4IF81L71H,45,9,0.001036150126640571,0.0,1.0
AA6BJGZG6XI05,32,17,0.00195717246143219,0.0,1.0
AGG9653C0BX5Y,0,11,0.0012664057103384757,0.0,1.0
A1GBT4UN2RW7XY,4,563,0.06481694681096016,0.0011654168147384712,0.9582245595848372
AFAFH4JV0WLJX,3,481,0.055376467879346074,0.0,1.0
A1EE1HLYUIJPIG,2,12,0.001381533502187428,0.0,1.0
A1H8I2PH00UQ2K,7,19,0.0021874280451300945,0.0,1.0
A21GNL0UCLB2SI,1,210,0.02417683628827999,0.0,1.0
A9R1940MBF122,3,481,0.055376467879346074,0.0,1.0
A3PXRHR3HQY2E3,9,45,0.005180750633202855,0.0,1.0
A36MDL9RQGO7EN,5,20,0.002302555836979047,0.0,1.0
A3SP5OZ25GTBIH,35,13,0.0014966612940363804,0.0,1.0
A3B3HBKN6PR2N7,28,20,0.002302555836979047,0.0,1.0
A2YZ9XYWX9NQEW,11,157,0.018075063320285516,0.0,1.0
A1XXFXNL0TDS5X,4,551,0.06343541330877274,0.0,1.0
A1L1N3J6XNABO2,4,551,0.06343541330877274,0.0,1.0
A3Q3ICZ7K0RA1V,7,24,0.002763067004374856,0.0,1.0
A1PBRDRW4WUCYM,10,60,0.00690766751093714,0.0,1.0
A1IAFOBW8ZR469,0,5,0.0005756389592447617,0.0,1.0
A211A51H4XNPUF,2,55,0.006332028551692378,0.0,1.0
A35OGQY4CFTKVK,6,402,0.046281372323278835,0.0,1.0
AR07GW8Y7H1ZB,4,551,0.06343541330877274,0.0,1.0
A1S70Q21XUZU1Q,8,83,0.009555606723463044,0.0,1.0
AKNI5ROMW5FWD,0,10,0.0011512779184895234,0.0,1.0
A2UL4M5SXL7L0A,7,42,0.004835367257655998,0.0,1.0
A3V1MV24OOGX36,1,210,0.02417683628827999,0.0,1.0
A3SXYB8JPQ44LN,13,218,0.02509785862307161,0.0,1.0
A1Y09QLADQYQJG,2,66,0.007598434262030854,0.0007393263375932258,0.5393939393939394
AANSPH7B2AT7X,11,33,0.003799217131015427,0.0,1.0
A24X8P2TG2AR02,1,173,0.019917107989868753,0.0,1.0
A1VMDYBJRZ0M12,8,232,0.02670964770895694,0.0,1.0
A3PAJ1KIMSH7FS,2,73,0.008404328804973521,0.0002711251653635796,0.5148401826484018
A13NWJUMVNS6YZ,4,551,0.06343541330877274,0.0,1.0
A1K28ISPKGE4N1,2,40,0.004605111673958094,0.0,1.0
A3HFBXHGNT5IF8,5,128,0.014736357356665898,0.0,1.0
A32SE19753YIL4,2,18,0.002072300253281142,0.0,1.0
A78J38NU18DDZ,8,232,0.02670964770895694,0.0,1.0
AGDKPD4DZD1L0,0,49,0.0056412618005986645,0.0,1.0
A22G1YTUVN14MN,4,551,0.06343541330877274,0.0,1.0
A250YP5XTKH243,8,83,0.009555606723463044,0.0,1.0
A3LISZ01VY6PI7,1,210,0.02417683628827999,0.0,1.0
A2LZSPR192KEX6,1,173,0.019917107989868753,0.0,1.0
AIIGU7JSDMESE,4,551,0.06343541330877274,0.0,1.0
A306LNS6H0P1W,11,16,0.0018420446695832373,0.0,1.0
AQDRATIHAKWSU,4,551,0.06343541330877274,0.0,1.0
A2A2M8EGBY2FV0,7,108,0.012433801519686852,0.0,1.0
AATOKZ7EFZARA,0,49,0.0056412618005986645,0.0,1.0
A35O0DIWXOOS1V,7,70,0.008058945429426664,0.0,1.0
AF8QRIV1ZZXDE,3,481,0.055376467879346074,0.0,1.0
A2JBLIOT433R9L,36,13,0.0014966612940363804,0.0,1.0
A1HCMIM33ZPNWR,0,6,0.000690766751093714,0.0,1.0
A38YWVKHDGWXFF,4,551,0.06343541330877274,0.0,1.0
A19RRN85DY4SB2,2,584,0.06723463043978817,0.0017651637553854885,0.8934420451608356
A1591PJYM84XQT,3,481,0.055376467879346074,0.0,1.0
ATC3ZSRYRONK,0,10,0.0011512779184895234,0.0,1.0
ATSW2ZBGB9E9G,5,128,0.014736357356665898,0.0,1.0
A14G7W2YFFNM43,5,50,0.005756389592447617,0.0,1.0
A36X4SWF1TX93Q,6,402,0.046281372323278835,0.0,1.0
A1ZWMRDI2N6EMS,4,551,0.06343541330877274,0.0,1.0
A2UA726E8SLXY,5,105,0.012088418144139995,0.0,1.0
A4254PHBJAPL,76,4,0.00046051116739580933,0.0,1.0
A2BMRAASBON4Q8,4,551,0.06343541330877274,0.0,1.0
A3HT7V9SDMR6U7,4,551,0.06343541330877274,0.0,1.0
A1IDWUYX4QXTUE,83,4,0.00046051116739580933,0.0,1.0
A1Z0VDSYKCQTRH,10,224,0.025788625374165323,0.0,1.0
A26UZ7UQWAHAVJ,4,551,0.06343541330877274,0.0,1.0
A1R60PGGS6TEQC,6,402,0.046281372323278835,0.0,1.0
A441R59DABT6E,1,210,0.02417683628827999,0.0,1.0
A2AU3BJPWB4TT8,11,29,0.0033387059636196177,0.0,1.0
A33TA4K8TO0MJH,7,108,0.012433801519686852,0.0,1.0
ADH0XCEQ0TXHL,3,481,0.055376467879346074,0.0,1.0
AFVCZOXM4JV5W,15,135,0.015542251899608565,0.0,1.0
A3P02QITTUA6VH,11,157,0.018075063320285516,0.0,1.0
ADQCC6Y5SCLK5,2,40,0.004605111673958094,0.0,1.0
A3UCD1OMXG96OR,0,6,0.000690766751093714,0.0,1.0
A2Z9S2RQD542CP,8,83,0.009555606723463044,0.0,1.0
AU0V5EYSZT9SK,12,183,0.021068385908358276,0.0,1.0
A3DOG3PQ6UT7XT,4,551,0.06343541330877274,0.0,1.0
A265AV8CSQZRRW,4,551,0.06343541330877274,0.0,1.0
A3PR648T8RDRS,13,218,0.02509785862307161,0.0,1.0
A2A1LYCNNE9WES,0,18,0.002072300253281142,0.0,1.0
A31EMKD6ZGNC9W,12,183,0.021068385908358276,0.0,1.0
A21YOY2I4CFF02,3,481,0.055376467879346074,0.0,1.0
A3A0ULRM4SEHG3,0,7,0.0008058945429426663,0.0,1.0
A2SONKFWNN2R2R,4,551,0.06343541330877274,0.0,1.0
A3BOPY9EERVP3G,45,9,0.001036150126640571,0.0,1.0
A2YSLAI9DJ32I9,7,4,0.00046051116739580933,0.0,1.0
A1R8RXVOGP7Q7C,12,183,0.021068385908358276,0.0,1.0
A2XTQXZ1FUFTO5,5,105,0.012088418144139995,0.0,1.0
A3E2SQ61RG4KPF,7,19,0.0021874280451300945,0.0,1.0
A14VEJF020O9D2,4,551,0.06343541330877274,0.0,1.0
A369WEIVFS31G7,2,22,0.0025328114206769514,0.0,1.0
A207G6DL5D61W,8,83,0.009555606723463044,0.0,1.0
A36R1GGNDJ0R5I,4,551,0.06343541330877274,0.0,1.0
ASFTFWEKF1KKR,4,551,0.06343541330877274,0.0,1.0
A1D9U33OHQTO18,0,36,0.004144600506562284,0.0,1.0
A35ST5ADM1MSQX,3,481,0.055376467879346074,0.0,1.0
AZZ77XYX8O2WE,5,4,0.00046051116739580933,0.0,1.0
A2ML7WMTUSADPA,0,6,0.000690766751093714,0.0,1.0
ATACHC51UNRMG,4,626,0.07206999769744415,0.002677881664415475,0.7897252396166135
A2Q12G0CRKK0KP,9,78,0.008979967764218283,0.0,1.0
A3H0KNC7PKLXU7,4,551,0.06343541330877274,0.0,1.0
A2UNI5F2K6TFQH,10,224,0.025788625374165323,0.0,1.0
A3LZQZMCIZDXK3,7,19,0.0021874280451300945,0.0,1.0
A1GZZEI9LGAIRQ,10,224,0.025788625374165323,0.0,1.0
A3QVRSVMJ4TRJX,4,551,0.06343541330877274,0.0,1.0
A2BW2AE4FVJ0SL,5,128,0.014736357356665898,0.0,1.0
A2EBPFXZNLL753,13,218,0.02509785862307161,0.0,1.0
A3Q0XALDVB66VQ,0,49,0.0056412618005986645,0.0,1.0
A3BOQADZVJB6C3,65,5,0.0005756389592447617,0.0,1.0
A2ASW6L6IEKU5L,4,551,0.06343541330877274,0.0,1.0
A3H6HJSLFNLGMA,3,719,0.08277688233939673,0.0037921609241100703,0.5224139066561806
A353UAPCDFKIYD,36,13,0.0014966612940363804,0.0,1.0
A2X8NZUNAWX9SO,44,11,0.0012664057103384757,0.0,1.0
A2E6HU14P1OY1L,4,551,0.06343541330877274,0.0,1.0
A5ZX2K585HWOB,21,69,0.007943817637577712,0.0,1.0
ABYBC49OP1MZN,2,26,0.0029933225880727607,0.0,1.0
A15KCEKCUCYF0O,7,19,0.0021874280451300945,0.0,1.0
AIQORT9402J1F,26,25,0.0028781947962238084,0.0,1.0
A2WE8VVT8JZOCI,6,402,0.046281372323278835,0.0,1.0
A1U4GOVZWL8ZTL,6,402,0.046281372323278835,0.0,1.0
A1NWHDUUV9V7VT,88,4,0.00046051116739580933,0.0,1.0
AIDSW2EQR47D6,8,232,0.02670964770895694,0.0,1.0
ACH68ZSP1V79J,4,551,0.06343541330877274,0.0,1.0
A2B54000WDS6D2,3,481,0.055376467879346074,0.0,1.0
A4BW957GKIJUM,1,37,0.004259728298411237,0.0,1.0
APOGXH3A74CM3,0,34,0.00391434492286438,0.0,1.0
A2ZDADVIBD50VB,12,183,0.021068385908358276,0.0,1.0
A2Z5C2MD0XL1QB,3,14,0.0016117890858853327,0.0,1.0
A3CMSRCYUJ9ZA5,15,50,0.005756389592447617,0.0,1.0
AJCHGS1GND4OA,3,481,0.055376467879346074,0.0,1.0
A2NEASNMHL1A4O,11,45,0.005180750633202855,0.0007363731900970575,0.5313131313131313
A2HOQ2FIB8ZK0P,4,551,0.06343541330877274,0.0,1.0
A12RHQPWEZWAAH,6,402,0.046281372323278835,0.0,1.0
A2SJ2SD6WIG56,2,43,0.0049504950495049506,0.0,1.0
A2D1N6Z7WS9AQQ,65,5,0.0005756389592447617,0.0,1.0
A2JFF23K5FUHE3,2,18,0.002072300253281142,0.0,1.0
A3J034YH7UG4KT,33,15,0.001726916877734285,0.0,1.0
AY796UUSZ2ZVA,13,218,0.02509785862307161,0.0,1.0
A27C68294LPSDE,1,210,0.02417683628827999,0.0,1.0
A2RFNIOYR9YO69,7,108,0.012433801519686852,0.0,1.0
A2SEQUFN8W7D07,3,481,0.055376467879346074,0.0,1.0
A3ST3KY96FDE6I,2,39,0.004489983882109141,0.0013540587219343695,0.562753036437247
A1JZEPPYFZDRPC,9,107,0.0123186737278379,0.0,1.0
A2NSS0L3NIU6CN,7,108,0.012433801519686852,0.0,1.0
AFR82BF45HYSU,8,9,0.001036150126640571,0.0,1.0
A2GKUSRRPCOV17,2,18,0.002072300253281142,0.0,1.0
A11VI2ORDN0AHS,3,481,0.055376467879346074,0.0,1.0
ACC5EUH4URLUU,8,232,0.02670964770895694,0.0,1.0
A150YMM55VZQ4A,10,224,0.025788625374165323,0.0,1.0
A1EDPGHC9EYBUN,25,22,0.0025328114206769514,0.0,1.0
A1FMZGVDOLOP9W,1,210,0.02417683628827999,0.0,1.0
ATXSOMIK98ZMH,4,551,0.06343541330877274,0.0,1.0
A7J1NJ0YQOBTZ,10,224,0.025788625374165323,0.0,1.0
APRJ0OM54GBPE,6,402,0.046281372323278835,0.0,1.0
AN4IXSXAL4L5Z,4,1020,0.11743034768593137,0.004751259400658463,0.5137466566607015
A1NG78LRAUOUWL,6,402,0.046281372323278835,0.0,1.0
A3EUQ5G81AN9LN,16,93,0.010706884641952567,0.0,1.0
A1MSO6LERG39PC,13,218,0.02509785862307161,0.0,1.0
A3M73KV733HBG3,7,12,0.001381533502187428,0.0,1.0
A2E4ROH3UVXCEJ,3,481,0.055376467879346074,0.0,1.0
AXR9PC2II8UCB,6,402,0.046281372323278835,0.0,1.0
AO7TPG23L7Z3L,44,11,0.0012664057103384757,0.0,1.0
A18LJ72NBKZ6JC,7,4,0.00046051116739580933,0.0,1.0
A2TI9BIKPB7TZJ,1,173,0.019917107989868753,0.0,1.0
A3MUO47CT6EQF8,16,93,0.010706884641952567,0.0,1.0
ASGL4FBI6GZW0,8,232,0.02670964770895694,0.0,1.0
A3I88OJ7DVC4RN,0,6,0.000690766751093714,0.0,1.0
AY4RKND47OQHJ,4,551,0.06343541330877274,0.0,1.0
A2OF7E89T1UYZT,16,93,0.010706884641952567,0.0,1.0
A7I6IEAQZIT9D,3,481,0.055376467879346074,0.0,1.0
A1O3FYVHHWC8CJ,2,40,0.004605111673958094,0.0,1.0
A2ZU4ZTPJ8PURX,6,402,0.046281372323278835,0.0,1.0
A3759SJ9AA9QVU,0,10,0.0011512779184895234,0.0,1.0
A2XXO4NDGULP0M,1,210,0.02417683628827999,0.0,1.0
A2ZW4Q5B43JOFP,10,60,0.00690766751093714,0.0,1.0
A2OLJ3NHHOHCHQ,2,43,0.0049504950495049506,0.0,1.0
A1X5KSUPUR5GFO,10,224,0.025788625374165323,0.0,1.0
A38LIND13AS5OI,4,551,0.06343541330877274,0.0,1.0
A2RRT5Z4D43CZV,14,107,0.0123186737278379,0.0,1.0
A6MB1MKAGJ3G4,23,47,0.00541100621690076,0.0,1.0
AQ0RLBBIWUZ5Z,36,13,0.0014966612940363804,0.0,1.0
A36KQQ89928GK2,1,173,0.019917107989868753,0.0,1.0
AQ9O2ACE8C9WS,3,481,0.055376467879346074,0.0,1.0
A2FRFWHCZ4AZWL,4,551,0.06343541330877274,0.0,1.0
A13VCBOZ3ZG2UV,4,551,0.06343541330877274,0.0,1.0
A1XEL9W3JBAT4P,0,143,0.016463274234400183,0.004722176091547279,0.6207032404215502
AXNVP9GQR85I1,6,402,0.046281372323278835,0.0,1.0
A1GEV4XRR3YJ0F,0,13,0.0014966612940363804,0.0,1.0
A2O5V1WMIXX0NO,3,481,0.055376467879346074,0.0,1.0
A2HOPYNO8PMUHP,5,105,0.012088418144139995,0.0,1.0
A29BDFO26ZEITL,4,551,0.06343541330877274,0.0,1.0
A1R19YYR5OR26T,1,216,0.024867603039373704,0.00034467627925287704,0.9457364341085271
A2ZWT8VQXLOFLL,6,402,0.046281372323278835,0.0,1.0
A2HGVGBEVX1XE,3,481,0.055376467879346074,0.0,1.0
APXN17MQLCH7O,1,173,0.019917107989868753,0.0,1.0
A9LLNBBOASWCS,3,9,0.001036150126640571,0.0,1.0
A1CN7L05XSZMRX,4,551,0.06343541330877274,0.0,1.0
A3E1IXJ949VL29,11,157,0.018075063320285516,0.0,1.0
A29UNXK7F3S93L,2,29,0.0033387059636196177,0.0,1.0
ACHMAK6A8MHH,9,107,0.0123186737278379,0.0,1.0
AZP2U25R0TN4E,1,210,0.02417683628827999,0.0,1.0
A2VCC3QW23GK3S,47,8,0.0009210223347916187,0.0,1.0
A2TVR5J3BNQBX3,5,105,0.012088418144139995,0.0,1.0
A2K33VWYQC9C2W,6,402,0.046281372323278835,0.0,1.0
A2CRF098PBFCLK,0,41,0.004720239465807046,0.0,1.0
A3VXOYZYIFKIF2,6,402,0.046281372323278835,0.0,1.0
A2WI99LSF1RRXG,10,224,0.025788625374165323,0.0,1.0
A32VIPOLAO12KV,9,45,0.005180750633202855,0.0,1.0
APFNDSGVBG7UG,4,551,0.06343541330877274,0.0,1.0
A35HUT8MQMT21L,4,551,0.06343541330877274,0.0,1.0
A2L7URQ9FR0U92,10,407,0.0468570112825236,0.0028625780564883376,0.5040607109572627
AEESSZ8F5S7X6,8,232,0.02670964770895694,0.0,1.0
A38QGN16XWQ8SL,10,60,0.00690766751093714,0.0,1.0
A3MIIKWIS9MBET,1,210,0.02417683628827999,0.0,1.0
A1MASM2C2VL2R,8,83,0.009555606723463044,0.0,1.0
A1K1AAZSD9KWX,6,402,0.046281372323278835,0.0,1.0
A3DB5AX3HWU2UN,9,107,0.0123186737278379,0.0,1.0
A1RYOQDUVY5B0,2,55,0.006332028551692378,0.0,1.0
A1KCTFZ4OUC6S4,7,70,0.008058945429426664,0.0,1.0
A2I9XSZSHXQ3OZ,2,11,0.0012664057103384757,0.0,1.0
A2FQIOU39ZHLM5,46,9,0.001036150126640571,0.0,1.0
A2ZLWZUP0D44SS,6,402,0.046281372323278835,0.0,1.0
A1E3OB6QMBKRYZ,7,42,0.004835367257655998,0.0,1.0
A3PUN31Y8OUO4U,17,75,0.008634584388671426,0.012021692388075773,0.5798198198198198
A2BCB516A8HV6K,1,173,0.019917107989868753,0.0,1.0
A31GHUVQ0N2NXH,1,173,0.019917107989868753,0.0,1.0
AMTY878WRNJR,9,45,0.005180750633202855,0.0,1.0
AB5JSX3CBBAIB,6,402,0.046281372323278835,0.0,1.0
A2WQA5YPH8P4SB,18,81,0.00932535113976514,0.0,1.0
A33H8NZQ7UVSC7,1,148,0.017038913193644947,0.0,1.0
A2ND1OJCS96L69,19,69,0.007943817637577712,0.0,1.0
AOYKD7G6QJ52K,4,1020,0.11743034768593137,0.004751259400658463,0.5137466566607015
A3GBTXO71DJ6GO,7,70,0.008058945429426664,0.0,1.0
ABU5AVJ05TWXW,9,39,0.004489983882109141,0.0,1.0
A2P0HSG8FQUO76,8,232,0.02670964770895694,0.0,1.0
AGXMC3ITWZASE,9,45,0.005180750633202855,0.0,1.0
A1H1WE211BQL7F,23,47,0.00541100621690076,0.0,1.0
A3G15U1ZTHYX56,28,20,0.002302555836979047,0.0,1.0
A324X6N1112OAX,10,224,0.025788625374165323,0.0,1.0
A2YCEVZLNY3ZO2,5,35,0.004029472714713332,0.0,1.0
A5MHDBJKXP2ZJ,4,551,0.06343541330877274,0.0,1.0
A32IAWS84M6SYO,30,18,0.002072300253281142,0.0,1.0
A1LXE1JF4B4KQ4,8,232,0.02670964770895694,0.0,1.0
A304TZYJIWBA0C,6,402,0.046281372323278835,0.0,1.0
A2SPHO9F2ZL98F,2,29,0.0033387059636196177,0.0,1.0
AXUY77QFQ14FY,0,7,0.0008058945429426663,0.0,1.0
A2WTAKAN3KH2IR,10,224,0.025788625374165323,0.0,1.0
A1XP5DDWIHLH0Q,1,148,0.017038913193644947,0.0,1.0
A21CJLXIU27CBK,6,402,0.046281372323278835,0.0,1.0
A2MUCVJJFNIP4S,6,5,0.0005756389592447617,0.0,1.0
A3IKK57TI9BP85,78,4,0.00046051116739580933,0.0,1.0
A25TFVJ6B9U1NU,8,232,0.02670964770895694,0.0,1.0
A29GDAD8IAEOKT,4,551,0.06343541330877274,0.0,1.0
A1YRPXMYDV2QE3,5,17,0.00195717246143219,0.0,1.0
A1VK3B8TFUUHM3,6,402,0.046281372323278835,0.0,1.0
A3CW2UZMZ4I0MI,23,47,0.00541100621690076,0.0,1.0
A2909VBH8409LU,12,183,0.021068385908358276,0.0,1.0
A3LTB2C1YPJXT5,1,210,0.02417683628827999,0.0,1.0
ATXRV6Z3N08ZX,4,568,0.06539258577020493,0.0019182498560736901,0.9418299922994758
A3UNREJGCZMRUY,6,402,0.046281372323278835,0.0,1.0
A3IC2ZFYBA39KJ,5,50,0.005756389592447617,0.0,1.0
A3JH39FG7PPGAD,6,402,0.046281372323278835,0.0,1.0
A3UP19I6HSILR9,1,148,0.017038913193644947,0.0,1.0
A2XTTBXNX2FKOT,3,481,0.055376467879346074,0.0,1.0
A1KNHTFGH5X84I,0,49,0.0056412618005986645,0.0,1.0
A1G84JVGCWCUEJ,82,4,0.00046051116739580933,0.0,1.0
A1PB3G548WPFBV,16,93,0.010706884641952567,0.0,1.0
ACT1EPHFS9E7V,1,116,0.01335482385447847,0.014460956210308,0.8556221889055472
A2DJ7MDPBNZW6J,2,37,0.004259728298411237,0.0,1.0
AQBAN131RIXIZ,1,148,0.017038913193644947,0.0,1.0
ACQL06Y00GI08,9,30,0.00345383375546857,0.0,1.0
A3A59WOOIH35HF,4,551,0.06343541330877274,0.0,1.0
A2NF9AB5M72QTE,12,183,0.021068385908358276,0.0,1.0
A303UDTZGJRFL,3,481,0.055376467879346074,0.0,1.0
A2E7X11Z8FU5IG,2,55,0.006332028551692378,0.0,1.0
A2ZBL197CLFKPK,9,78,0.008979967764218283,0.0,1.0
A20ICK2UGU8PIJ,10,60,0.00690766751093714,0.0,1.0
A1XLLEHKFY3TN2,2,56,0.006447156343541331,0.0001134876038581745,0.6428571428571429
A1HC9B0Y05N95A,12,45,0.005180750633202855,0.0,1.0
A1FFGVSTLEIXVR,15,135,0.015542251899608565,0.0,1.0
A1XKCHZELFYG6D,2,40,0.004605111673958094,0.0,1.0
A32SUIEEW3K443,12,183,0.021068385908358276,0.0,1.0
A2ODZAM2HH1COJ,5,17,0.00195717246143219,0.0,1.0
A39VG5STMCQBI,65,5,0.0005756389592447617,0.0,1.0
A237680FOULTZ8,6,402,0.046281372323278835,0.0,1.0
A30HU780JBS1GS,24,33,0.003799217131015427,0.0,1.0
A328GLDSDNFYII,7,24,0.002763067004374856,0.0,1.0
A39JC4OBLTFWYG,11,157,0.018075063320285516,0.0,1.0
A21UXK2Q4138Q3,18,81,0.00932535113976514,0.0,1.0
A2CQC1UQ7E2YPU,2,7,0.0008058945429426663,0.0,1.0
A1S95WASXJ02VX,11,157,0.018075063320285516,0.0,1.0
A2LOZRM8IWNT7Z,0,17,0.00195717246143219,0.0,1.0
A15H3X6YH5LFPN,5,17,0.00195717246143219,0.0,1.0
A32F6TVKKA6JX4,7,24,0.002763067004374856,0.0,1.0
A31COKWABW2WH2,4,551,0.06343541330877274,0.0,1.0
A130VGG4P4PW5J,9,45,0.005180750633202855,0.0,1.0
AFJ0ZC0BL7NV3,5,50,0.005756389592447617,5.445542751242235e-05,0.8171428571428572
A3UTWBBK9MKFDL,17,53,0.006101772967994474,0.0,1.0
A1AM1RHN5GXOOG,8,232,0.02670964770895694,0.0,1.0
A28B1DZ3CLMCYI,0,4,0.00046051116739580933,0.0,1.0
AMEX0T50TFZR6,10,224,0.025788625374165323,0.0,1.0
A1FPU7R5Q7HIDS,2,11,0.0012664057103384757,0.0,1.0
A16JV9KHNCJQGF,0,15,0.001726916877734285,0.0,1.0
A3QR5KBKZFDONP,3,481,0.055376467879346074,0.0,1.0
A1DPYRDSP17UT0,5,32,0.0036840893391664746,0.0,1.0
A249UW8K5A9JPB,0,243,0.027976053419295415,0.0,1.0
A1DE7W7O9L1UYX,1,530,0.06101772967994474,0.003168503457017146,0.36152227413774657
A1MG8G1VL8C1WY,3,8,0.0009210223347916187,0.0,1.0
AJIHWX6ITBI9G,7,42,0.004835367257655998,0.0,1.0
A3ASKO4R2SZE3D,0,4,0.00046051116739580933,0.0,1.0
AZOFJX627J181,7,70,0.008058945429426664,0.0,1.0
A1G5508T5XY1RS,13,218,0.02509785862307161,0.0,1.0
A2ENU7RB48VUF5,4,551,0.06343541330877274,0.0,1.0
A2V5UR27QR2L7W,0,32,0.0036840893391664746,0.0,1.0
A2LKNC4N87YVN0,4,551,0.06343541330877274,0.0,1.0
A3I05EBYT0I4XR,0,9,0.001036150126640571,0.0,1.0
A27Y4OEC9MD9PA,0,32,0.0036840893391664746,0.0,1.0
A3ARPUKCI6R91Y,6,402,0.046281372323278835,0.0,1.0
A42FNTM7Q2FE0,14,107,0.0123186737278379,0.0,1.0
A1DNAYILPPR7NL,4,551,0.06343541330877274,0.0,1.0
A1038957GWRBP375RU5T,13,218,0.02509785862307161,0.0,1.0
AJZR37LXKSI7P,8,232,0.02670964770895694,0.0,1.0
A6RZG1711OSGT,9,107,0.0123186737278379,0.0,1.0
A2VT9DGL3UU8HQ,10,224,0.025788625374165323,0.0,1.0
A124ZQ5I18IAB,2,37,0.004259728298411237,0.0,1.0
A2KL8TMCBUR036,38,13,0.0014966612940363804,0.0,1.0
A3T8ISGIQ27V3X,12,183,0.021068385908358276,0.0,1.0
A1G4AW937NAPVA,10,224,0.025788625374165323,0.0,1.0
A9O6AL247M1F6,3,481,0.055376467879346074,0.0,1.0
A19HT7YC1UW3D6,53,6,0.000690766751093714,0.0,1.0
A3SGAXUWAIY61B,17,53,0.006101772967994474,0.0,1.0
A5O0P0JV6PLU3,13,218,0.02509785862307161,0.0,1.0
A33ZNSZSZ580D9,10,17,0.00195717246143219,0.0,1.0
AT99SIDKSIFI7,5,105,0.012088418144139995,0.0,1.0
AZPYIAOEAV3OZ,9,107,0.0123186737278379,0.0,1.0
A2BFNGFKQWHJN7,3,481,0.055376467879346074,0.0,1.0
A1EBGQUBPD16Y0,45,9,0.001036150126640571,0.0,1.0
A3PW19X5NQU3EF,3,481,0.055376467879346074,0.0,1.0
A2BIQJIXLDSJSE,15,50,0.005756389592447617,0.0,1.0
A3QCXIDIO5DF00,2,55,0.006332028551692378,0.0,1.0
A339BQZ2491E6N,14,107,0.0123186737278379,0.0,1.0
A1CXH0ECJCO3US,1,173,0.019917107989868753,0.0,1.0
A305EHGTB1OGTA,35,13,0.0014966612940363804,0.0,1.0
A3JQQ2TWTKFVNH,6,402,0.046281372323278835,0.0,1.0
A1U9EJYPPU0VA4,0,8,0.0009210223347916187,0.0,1.0
A3HQS2YTR4GNC1,2,37,0.004259728298411237,0.0,1.0
A2KUEGMSLHUNNP,13,218,0.02509785862307161,0.0,1.0
AG4V480QF85GJ,15,135,0.015542251899608565,0.0,1.0
A12D2E7JYO5IPG,6,402,0.046281372323278835,0.0,1.0
A37YBFELWPSCLB,0,8,0.0009210223347916187,0.0,1.0
AL47H8L17R0GG,11,704,0.08104996546166245,0.0027211165330429826,0.6620732574679943
A2I7KTCQGLOI50,16,93,0.010706884641952567,0.0,1.0
A6HW4G2S68KGV,15,50,0.005756389592447617,0.0,1.0
ALHTPU8UYAFLX,6,402,0.046281372323278835,0.0,1.0
A79ZK3ZJ82G7Z,6,402,0.046281372323278835,0.0,1.0
AWYOVVOCJIGBK,7,108,0.012433801519686852,0.0,1.0
A6GDUWATWOH8B,9,39,0.004489983882109141,0.0,1.0
A1POXXTXRSNEYU,3,481,0.055376467879346074,0.0,1.0
A2A9X58G2GTBLP,2,5,0.0005756389592447617,0.0,1.0
A1MJ35T7A49TCC,2,68,0.00782868984572876,0.0,1.0
A3JD55EKK0KJKV,13,218,0.02509785862307161,0.0,1.0
A2NA41EE5VUMY0,3,481,0.055376467879346074,0.0,1.0
A1Q6GJE1V2FZ02,6,402,0.046281372323278835,0.0,1.0
A2JMN2JA9LSHVL,13,218,0.02509785862307161,0.0,1.0
A3PIPAS3M7YLQC,7,42,0.004835367257655998,0.0,1.0
A1ZFST7RH39RT7,5,128,0.014736357356665898,0.0,1.0
A2UKE398XW8Z6J,2,29,0.0033387059636196177,0.0,1.0
A2RPRWKVCY13FI,5,32,0.0036840893391664746,0.0,1.0
A3EOT20YH2QDX4,6,402,0.046281372323278835,0.0,1.0
A1L5YXWSMMIV54,15,135,0.015542251899608565,0.0,1.0
A332E6XGZ46RAW,9,45,0.005180750633202855,0.0,1.0
AL5H32ZBE6FO,67,5,0.0005756389592447617,0.0,1.0
A2KZ1JXW8J1VC8,32,17,0.00195717246143219,0.0,1.0
AWC8CTW8N2XVE,38,13,0.0014966612940363804,0.0,1.0
ARO8OA4O33PL3,4,551,0.06343541330877274,0.0,1.0
A2W1LLW1Y682PW,8,83,0.009555606723463044,0.0,1.0
ARKQYQ6FMLT3H,12,183,0.021068385908358276,0.0,1.0
A3N0SXVR07R57K,6,402,0.046281372323278835,0.0,1.0
A3LLFZGX8RTA0E,3,481,0.055376467879346074,0.0,1.0
A2O9UK5B50KKYB,4,551,0.06343541330877274,0.0,1.0
ADP6XSD5E4R4G,6,402,0.046281372323278835,0.0,1.0
A3ZCIEUX68DEZ,7,40,0.004605111673958094,0.0,1.0
ASLITWH5GJ1T5,6,402,0.046281372323278835,0.0,1.0
A9LRAZ5B8377G,4,551,0.06343541330877274,0.0,1.0
AA8JH8LD2H4P9,2,12,0.001381533502187428,0.0,1.0
A1QO494VNTR54U,8,83,0.009555606723463044,0.0,1.0
A2LELPJEN3H7A2,36,13,0.0014966612940363804,0.0,1.0
AN151W7OXZERY,2,5,0.0005756389592447617,0.0,1.0
A19VS67HZOKT6X,9,107,0.0123186737278379,0.0,1.0
A2TN0U8173HM7A,9,78,0.008979967764218283,0.0,1.0
A1MIASCYLDH24Q,7,70,0.008058945429426664,0.0,1.0
A319CJUZ04SQL7,0,41,0.004720239465807046,0.0,1.0
AXYIDAFJ8KCDM,8,232,0.02670964770895694,0.0,1.0
A3QRL4VEQLL2OP,6,402,0.046281372323278835,0.0,1.0
A3F85J4C6F7A7Z,4,732,0.0842735436334331,0.004612433620541756,0.6290282792491758
A5RX8JTDW08PT,4,551,0.06343541330877274,0.0,1.0
A1UYLCO4MXXB70,28,20,0.002302555836979047,0.0,1.0
A3GB11PXY2DW5R,4,551,0.06343541330877274,0.0,1.0
A1CBVD5P2MTW3S,2,55,0.006332028551692378,0.0,1.0
A28V3C26BYK04D,6,402,0.046281372323278835,0.0,1.0
AKWNK5NF7BYFA,4,551,0.06343541330877274,0.0,1.0
A214RF6HHFZ5R5,5,105,0.012088418144139995,0.0,1.0
A17C1GS384ORCX,6,402,0.046281372323278835,0.0,1.0
A2XMAO31ZFZVIW,8,232,0.02670964770895694,0.0,1.0
A2IIHXGM8ZF1NC,14,10,0.0011512779184895234,0.0,1.0
ABMF4UC4Z00NT,17,53,0.006101772967994474,0.0,1.0
AE5UGQ696VKHE,1,173,0.019917107989868753,0.0,1.0
A23A0SXUF6KKF3,3,481,0.055376467879346074,0.0,1.0
A30TX7RLZY0M0G,4,551,0.06343541330877274,0.0,1.0
A2WUGQKN584PCJ,3,481,0.055376467879346074,0.0,1.0
A1CWZPZKD7874S,6,402,0.046281372323278835,0.0,1.0
A266PY9OPJHHQW,12,183,0.021068385908358276,0.0,1.0
A20S66SKYXULG2,1,173,0.019917107989868753,0.0,1.0
A1MXXBKX2AWBR8,11,157,0.018075063320285516,0.0,1.0
A3AIL332D1GIX5,9,107,0.0123186737278379,0.0,1.0
A12LIH1OJZIDKZ,2,12,0.001381533502187428,0.0,1.0
A7EVWY97FPSIA,13,218,0.02509785862307161,0.0,1.0
A2R9DK7JEEQD2D,0,243,0.027976053419295415,0.0,1.0
A1FNBZLJI88MQJ,2,68,0.00782868984572876,0.0,1.0
AO074X4WTO84B,6,402,0.046281372323278835,0.0,1.0
A1WLV9I6MMMDM5,1,148,0.017038913193644947,0.0,1.0
A31YMI20E4F0RI,1,173,0.019917107989868753,0.0,1.0
A3M6S7Y1FNPOLD,13,218,0.02509785862307161,0.0,1.0
A200RY2ELZL2Q3,0,10,0.0011512779184895234,0.0,1.0
A1Z5LG7YZ0GWIU,26,25,0.0028781947962238084,0.0,1.0
A1WKMDL85JLIFM,33,15,0.001726916877734285,0.0,1.0
A38IPXVQFX7KBP,20,17,0.00195717246143219,0.0,1.0
A32UWXGT2UZIPT,25,22,0.0025328114206769514,0.0,1.0
A3HYTLSRSV68HF,1,210,0.02417683628827999,0.0,1.0
A3RBGEV4IHL1XM,4,831,0.09567119502647939,0.0075360072325728646,0.5165180577907297
A1ZZR25X0CNOJX,8,232,0.02670964770895694,0.0,1.0
A3552ZMW6AKTR3,12,183,0.021068385908358276,0.0,1.0
A3CSDS5RW4XUPG,25,28,0.0032235781717706653,0.0,0.6507936507936508
A3L20U76EG3KP4,6,402,0.046281372323278835,0.0,1.0
AOOQGCJEV25VT,13,218,0.02509785862307161,0.0,1.0
A1JAQM73RYX8WQ,7,108,0.012433801519686852,0.0,1.0
AVATJWYV4L8T9,8,232,0.02670964770895694,0.0,1.0
A1HIOG0DOWHGM2,8,83,0.009555606723463044,0.0,1.0
AH596GQANP9CU,28,20,0.002302555836979047,0.0,1.0
A3M2OUAMHNVUGQ,9,45,0.005180750633202855,0.0,1.0
A1MIEAEK1K9ZJI,4,551,0.06343541330877274,0.0,1.0
A29XK5H3AA5S01,0,112,0.012894312687082661,0.0011718221283621945,0.5686936936936937
A38IFPLTEGTWM6,6,402,0.046281372323278835,0.0,1.0
A1413HQ9UF22C5,5,105,0.012088418144139995,0.0,1.0
A3C0H04U0QRNGO,0,15,0.001726916877734285,0.0,0.5333333333333333
A210UZTIFQ6FLD,14,107,0.0123186737278379,0.0,1.0
A2V5K7WIPS4XOG,0,12,0.001381533502187428,0.0,1.0
APT7V2Z8MO6T0,9,78,0.008979967764218283,0.0,1.0
A1C00XXCYWEKK1,13,218,0.02509785862307161,0.0,1.0
A3HOOMIX87687Y,4,551,0.06343541330877274,0.0,1.0
A712TJ5820FAY,7,108,0.012433801519686852,0.0,1.0
A2AM9IPXQKNO8L,16,93,0.010706884641952567,0.0,1.0
AA26J206CPKWP,8,83,0.009555606723463044,0.0,1.0
A2LDA4B81XDVJM,2,18,0.002072300253281142,0.0,1.0
A2A9ZF3KYXL5D0,6,402,0.046281372323278835,0.0,1.0
A2I7955ZFHEGUB,35,13,0.0014966612940363804,0.0,1.0
AV4RSVB9BP8PS,6,402,0.046281372323278835,0.0,1.0
A1HWSRLE5IBCTV,12,45,0.005180750633202855,0.0,1.0
A56AUIA2KJ3KQ,13,218,0.02509785862307161,0.0,1.0
A1V5UCC82BEETQ,1,27,0.003108450379921713,0.00024118037371192243,0.6866096866096866
A1BWD4UA5QTBOI,0,49,0.0056412618005986645,0.0,1.0
A2H781SEVV7GNT,17,53,0.006101772967994474,0.0,1.0
A5834FSAH2HZQ,4,551,0.06343541330877274,0.0,1.0
A1EIFZLXET92Q2,2,5,0.0005756389592447617,0.0,1.0
A1QNOY9QHX1YS9,1,148,0.017038913193644947,0.0,1.0
A40IV5Z4RILSC,16,93,0.010706884641952567,0.0,1.0
AYKQ204JQF419,5,128,0.014736357356665898,0.0,1.0
AY1IDZTQDM2D7,13,218,0.02509785862307161,0.0,1.0
A2HUXYU0IQOMOB,12,183,0.021068385908358276,0.0,1.0
A2AQK72ZFPKQJI,4,551,0.06343541330877274,0.0,1.0
A2AZWCITJKQMWA,22,57,0.006562284135390283,0.0,1.0
A2IZHXL66QBRNW,0,49,0.0056412618005986645,0.0,1.0
A1NAP0D9XV7KA5,3,877,0.10096707345153119,0.005699191177627838,0.5104627127557103
AJ4YYD8VTYQ5R,2,16,0.0018420446695832373,0.0,1.0
AAEVGE52KL0DJ,7,24,0.002763067004374856,0.0,1.0
AHOH3V3AVVCL3,2,29,0.0033387059636196177,0.0,1.0
AP547LW4G32Q1,8,232,0.02670964770895694,0.0,1.0
AKXT3E60ZZQCY,9,39,0.004489983882109141,0.0,1.0
A2DJGZP9NFJDZB,3,481,0.055376467879346074,0.0,1.0
A2LR9WP2JGDT8E,13,218,0.02509785862307161,0.0,1.0
AY80D45F691BD,10,224,0.025788625374165323,0.0,1.0
A3LA9S2FF04OGJ,8,232,0.02670964770895694,0.0,1.0
A2IIAQ7VVAHXTD,6,402,0.046281372323278835,0.0,1.0
A32AFX2PUJ82HG,6,402,0.046281372323278835,0.0,1.0
A1PYNMFFQ9IBNL,13,218,0.02509785862307161,0.0,1.0
A3NB5CY9PWKWGD,7,12,0.001381533502187428,0.0,1.0
A3ENO7ZDMZ62TK,4,551,0.06343541330877274,0.0,1.0
AN562K00DPRW7,16,93,0.010706884641952567,0.0,1.0
A3KEH9CD2SPUEB,1,173,0.019917107989868753,0.0,1.0
A2Z93Q5OYD39G9,22,57,0.006562284135390283,0.0,1.0
A3SFQQB23IZVVL,2,27,0.003108450379921713,0.0,1.0
A1I0M1C381UQNZ,11,16,0.0018420446695832373,0.0,1.0
A37AQI4AU3JWSR,9,78,0.008979967764218283,0.0,1.0
A1D311UPNHZTHV,7,70,0.008058945429426664,0.0,1.0
A3IULQ4N5W3G93,23,47,0.00541100621690076,0.0,1.0
A2INA3KNWJWM1Z,10,60,0.00690766751093714,0.0,1.0
A30RMQZADGBG6V,1,148,0.017038913193644947,0.0,1.0
A2LFDHTL18INZQ,3,877,0.10096707345153119,0.005699191177627838,0.5104627127557103
A90CJHEDYOPIW,40,12,0.001381533502187428,0.0,1.0
A3I7LQ4SD5WZ72,4,551,0.06343541330877274,0.0,1.0
A3RZ3PXOHNYC8S,7,108,0.012433801519686852,0.0,1.0
A2W7MB4GB7CWWF,7,70,0.008058945429426664,0.0,1.0
A2B201HPHQVX3V,1,13,0.0014966612940363804,0.0,1.0
A1ABUXDEZODI5T,5,4,0.00046051116739580933,0.0,1.0
A2W75LE521OOTH,13,218,0.02509785862307161,0.0,1.0
A3W4D8XOGLWUN5,2,43,0.0049504950495049506,0.0,1.0
A1GQK49Z3G4J8G,6,402,0.046281372323278835,0.0,1.0
ANWZYGU6HFYM9,0,8,0.0009210223347916187,0.0,1.0
A2H7ICQGFXDI4S,14,107,0.0123186737278379,0.0,1.0
A3PYUA40IF43IX,5,128,0.014736357356665898,0.0,1.0
AJ6N2T3MDB2ER,12,183,0.021068385908358276,0.0,1.0
A3TZI7G52WTQGD,28,20,0.002302555836979047,0.0,1.0
APDFEF98QERT4,14,21,0.002417683628827999,0.0,1.0
AFTOBK4M64RVV,9,78,0.008979967764218283,0.0,1.0
AOGUZNI7YCP4V,4,551,0.06343541330877274,0.0,1.0
AVH94LMMMVXSO,7,7,0.0008058945429426663,0.0,1.0
A2UAS6OGCR8IUG,13,218,0.02509785862307161,0.0,1.0
A3VIFJZC7SHX1T,7,24,0.002763067004374856,0.0,1.0
A37AO7DNHVKB28,7,70,0.008058945429426664,0.0,1.0
A3I87TP2N3GXK6,1,173,0.019917107989868753,0.0,1.0
A203OCQQ12MAVT,64,5,0.0005756389592447617,0.0,1.0
APLAYRDGF11H2,0,32,0.0036840893391664746,0.0,1.0
ANEHF7BWGYZ5L,14,107,0.0123186737278379,0.0,1.0
AQ64NMZDUVYN7,79,4,0.00046051116739580933,0.0,1.0
A2PMM1LP41I6IN,2,34,0.00391434492286438,0.0,1.0
AVZDJYULA3P3M,8,57,0.006562284135390283,0.0,1.0
A12AU3CNAWYO5D,13,218,0.02509785862307161,0.0,1.0
A181QOJBZ8O5AY,12,183,0.021068385908358276,0.0,1.0
A18EA7MNLXP9H5,6,402,0.046281372323278835,0.0,1.0
AIFPBXU0480FB,5,128,0.014736357356665898,0.0,1.0
A2QI2JHSIQ3SN3,15,135,0.015542251899608565,0.0,1.0
A45OOPYV3TJSY,6,402,0.046281372323278835,0.0,1.0
A2FF7EUEB7NB74,0,27,0.003108450379921713,0.0,1.0
AI0V99FGBKWLB,6,402,0.046281372323278835,0.0,1.0
A2Z80Q127S64HA,4,551,0.06343541330877274,0.0,1.0
A2QYH0JNDSB7CT,7,42,0.004835367257655998,0.0,1.0
A149OQRFVTWJA8,6,402,0.046281372323278835,0.0,1.0
A1RH3DQBG3GQW1,6,402,0.046281372323278835,0.0,1.0
A3C7PUJ7THYRNY,4,551,0.06343541330877274,0.0,1.0
A1H0XHTUZEE8LF,10,60,0.00690766751093714,0.0,1.0
A3K67UNIBXO76V,1,173,0.019917107989868753,0.0,1.0
A32OKDKPS1DAO6,8,232,0.02670964770895694,0.0,1.0
A1X8WKS6S294JE,2,68,0.00782868984572876,0.0,1.0
A2AK9QCWJ7PJHV,2,29,0.0033387059636196177,0.0,1.0
A2TUOJ0NZ5T01H,1,210,0.02417683628827999,0.0,1.0
A1GHZFYE83R2GA,7,108,0.012433801519686852,0.0,1.0
A309PFW8T6DMMZ,8,57,0.006562284135390283,0.0,1.0
A39DZU4YRGKWAG,2,73,0.008404328804973521,0.0011209382013511843,0.4288432267884323
AQ3Z6LHWZ5W7E,1,37,0.004259728298411237,0.0,1.0
A6IT5UZHEBA02,19,69,0.007943817637577712,0.0,1.0
A2SAI9GPI7NLK,21,69,0.007943817637577712,0.0,1.0
A3QMCI8K2A99E4,7,108,0.012433801519686852,0.0,1.0
A3OQ96W3N91MDS,32,17,0.00195717246143219,0.0,1.0
A3AXR6XRTDTD3C,15,135,0.015542251899608565,0.0,1.0
AC5OU76YOTP4F,0,36,0.004144600506562284,0.0,1.0
A1ZKG86UBD8K8,5,105,0.012088418144139995,0.0,1.0
A1KDLNTVTMT0RA,6,402,0.046281372323278835,0.0,1.0
ATEQ0KDIJ7K89,12,183,0.021068385908358276,0.0,1.0
AMFFWASO0476G,11,29,0.0033387059636196177,0.0,1.0
A2CRUZQT2OUT0E,16,93,0.010706884641952567,0.0,1.0
A1BT9SD02Q6DO7,4,642,0.07391204236702739,0.0026834794836124894,0.7573398263033325
A9K181D47VK5H,6,402,0.046281372323278835,0.0,1.0
ABP3SLO2TYSD5,0,15,0.001726916877734285,6.459228208552502e-05,0.5428571428571428
A299PV3CRFH3C5,13,218,0.02509785862307161,0.0,1.0
AVSYVH92H3Y64,10,224,0.025788625374165323,0.0,1.0
A2NXHKW2R4IZNG,3,481,0.055376467879346074,0.0,1.0
A1ES2Z4ZX6IWBK,7,42,0.004835367257655998,0.0,1.0
A2DJBNB0VZU3X3,5,105,0.012088418144139995,0.0,1.0
ALSIXP72JBQ2Q,21,69,0.007943817637577712,0.0,1.0
A13RCE7C3EU2EP,1,210,0.02417683628827999,0.0,1.0
A38SK72V6NORUP,2,12,0.001381533502187428,0.0,1.0
A33CNFK776MTWR,9,39,0.004489983882109141,0.0,1.0
A2DKVFYCQAICA0,6,402,0.046281372323278835,0.0,1.0
A1Y6N4X8FV6IAC,2,40,0.004605111673958094,0.0,1.0
A1VICFJYF0NK83,15,135,0.015542251899608565,0.0,1.0
A5ZGJBOPDRVQL,9,78,0.008979967764218283,0.0,1.0
A22ZZQG4FOCNCM,1,173,0.019917107989868753,0.0,1.0
A1L0MEXMESE4C4,13,218,0.02509785862307161,0.0,1.0
A19ALNTBQGCWO7,14,107,0.0123186737278379,0.0,1.0
A39WALMR3G46FU,15,135,0.015542251899608565,0.0,1.0
A2IMYG68MPGPF9,10,224,0.025788625374165323,0.0,1.0
A3W53H5F2YLJQ4,41,11,0.0012664057103384757,0.0,1.0
A3KJ12S3O5ESRW,2,68,0.00782868984572876,0.0,1.0
A1CEGZTK2CO8FF,12,183,0.021068385908358276,0.0,1.0
A32D4R7O5KQWBC,2,18,0.002072300253281142,0.0,1.0
A3K4PHZJMMCZ8K,6,402,0.046281372323278835,0.0,1.0
A2V504B39HC7IQ,1,210,0.02417683628827999,0.0,1.0
A35SXNALXC54WU,2,40,0.004605111673958094,0.0,1.0
A3P4OCFJHME34N,10,60,0.00690766751093714,0.0,1.0
AWVAHIB7Q3UD6,4,551,0.06343541330877274,0.0,1.0
A21VUD32OENHJE,0,36,0.004144600506562284,0.0,1.0
A3V1YKHR8W22X2,7,108,0.012433801519686852,0.0,1.0
A2PC6KJ50P32KE,10,60,0.00690766751093714,0.0,1.0
AZ5A2S8UZ7RTL,2,79,0.009095095556067235,0.00033911714378056905,0.4939954560207725
A3E3YJJ0KLYECK,5,44,0.005065622841353903,0.0,1.0
A31HVP4R32FSVZ,9,107,0.0123186737278379,0.0,1.0
A290RDSYTFRU7J,4,551,0.06343541330877274,0.0,1.0
A15DIP9QPUR6IR,24,33,0.003799217131015427,0.0,1.0
AO2FXIAM4EKOS,2,81,0.00932535113976514,3.3090687672187006e-05,0.5212962962962963
ADV3UP462OAFS,26,25,0.0028781947962238084,0.0,1.0
A2LVSXBNK9VN3R,14,54,0.006216900759843426,0.0,1.0
A1M03LEAHM933E,8,232,0.02670964770895694,0.0,1.0
A2AS9PYAJYXQW2,4,551,0.06343541330877274,0.0,1.0
A6TWN9W9WSAV0,13,218,0.02509785862307161,0.0,1.0
A2WTZZ1O3XXY5,6,402,0.046281372323278835,0.0,1.0
A3V6YL38FIEDP,9,78,0.008979967764218283,0.0,1.0
A5P7STTZE2MJV,9,107,0.0123186737278379,0.0,1.0
A22W4064FH1VHE,5,128,0.014736357356665898,0.0,1.0
A35IODHDPM2SLS,6,402,0.046281372323278835,0.0,1.0
A3J30FS0PGTYWU,14,107,0.0123186737278379,0.0,1.0
A1GXOJYENYFP6W,7,19,0.0021874280451300945,0.0,1.0
A1F3YT1298K5DX,10,224,0.025788625374165323,0.0,1.0
AGU7N9HSQQ57C,10,224,0.025788625374165323,0.0,1.0
A1OKPC1K12YZEP,0,18,0.002072300253281142,0.0,1.0
A21WV6SJFB21AM,1,148,0.017038913193644947,0.0,1.0
A1DV1Z52G42EX2,6,402,0.046281372323278835,0.0,1.0
A3G0YKIR4F1SCY,6,402,0.046281372323278835,0.0,1.0
A1CKJBI0HE140F,5,35,0.004029472714713332,0.0,1.0
A3ADJ00F29DU5I,7,19,0.0021874280451300945,0.0,1.0
A23YS38RRW4YW6,78,4,0.00046051116739580933,0.0,1.0
A1F5IRG9LIKM2H,2,7,0.0008058945429426663,0.0,1.0
A2WDCAMKCCP1UR,9,39,0.004489983882109141,0.0,1.0
AAKI8WZID60DS,8,9,0.001036150126640571,0.0,1.0
A18VF30YX62V1N,9,107,0.0123186737278379,0.0,1.0
A1NTD0TGF56T85,35,13,0.0014966612940363804,0.0,1.0
A25F2NO8JVV7WI,7,70,0.008058945429426664,0.0,1.0
A1APZA6WOY8J8,10,224,0.025788625374165323,0.0,1.0
A4SVJ7V6HZF9U,2,43,0.0049504950495049506,0.0,1.0
A20J3G8AWR8F28,6,402,0.046281372323278835,0.0,1.0
A1U0RNXMUOP9XI,16,93,0.010706884641952567,0.0,1.0
A3Q7DHKIU7TMBI,13,218,0.02509785862307161,0.0,1.0
AHEU9UBEDU61B,8,83,0.009555606723463044,0.0,1.0
A2BGJ5ABQEERDU,10,17,0.00195717246143219,0.0,1.0
ANWDT4Q6RAJRV,8,232,0.02670964770895694,0.0,1.0
ABGBROXAT83JH,25,22,0.0025328114206769514,0.0,1.0
A1NAA1R38JSNHV,2,18,0.002072300253281142,0.0,1.0
AP7LSRPXT3ZL8,13,218,0.02509785862307161,0.0,1.0
A34H1TFXR2MZ7U,5,204,0.023486069537186276,0.0012122632531930844,0.466966096783541
A1L4BY5GG3U3LX,0,18,0.002072300253281142,0.0,1.0
ARC5ASW9CUAGP,10,224,0.025788625374165323,0.0,1.0
A1FJU0BFGSBF3K,1,148,0.017038913193644947,0.0,1.0
A3K1AZRGMQ6IIU,4,551,0.06343541330877274,0.0,1.0
AUX0AAT25O9O0,1,148,0.017038913193644947,0.0,1.0
AQE2B2QSZG0HY,0,7,0.0008058945429426663,0.0,1.0
A24QH83RNAKZGR,0,49,0.0056412618005986645,0.0,1.0
A23K7QXXKSZ8D2,27,21,0.002417683628827999,0.0,1.0
A1KYIYS7EGCTOF,8,232,0.02670964770895694,0.0,1.0
A2VZRPRIOAYJEV,8,232,0.02670964770895694,0.0,1.0
A1V5QP5KNFAM6X,4,551,0.06343541330877274,0.0,1.0
A3FZI1RHDOZEJO,32,17,0.00195717246143219,0.0,1.0
A3K129H6GAF9E8,2,43,0.0049504950495049506,0.0,1.0
A3PM5DJGZ17I40,6,402,0.046281372323278835,0.0,1.0
AC1O96M7OXGTT,6,402,0.046281372323278835,0.0,1.0
A24KBB6X5URQ63,64,5,0.0005756389592447617,0.0,1.0
A11JDD2KZVUOT6,2,27,0.003108450379921713,0.0,1.0
A28IK37GNGUDUX,38,13,0.0014966612940363804,0.0,1.0
A1V6OO610O7MAO,3,481,0.055376467879346074,0.0,1.0
A3W1EDL3E964B0,6,402,0.046281372323278835,0.0,1.0
A7GHK7TAXIH1W,16,93,0.010706884641952567,0.0,1.0
AEKNT5K9X1ZI1,3,481,0.055376467879346074,0.0,1.0
A2YQHMDUS67VDC,2,40,0.004605111673958094,0.0,1.0
AOIBOJRBYYVGI,3,543,0.06251439097398112,0.0004868705843311464,0.8029126147615068
A3TD773DK6D77R,4,551,0.06343541330877274,0.0,1.0
A2F0Z8Y0QN29UF,6,402,0.046281372323278835,0.0,1.0
AIAN4QGC6X2U9,8,232,0.02670964770895694,0.0,1.0
A1KJAFKBSRL2RF,16,93,0.010706884641952567,0.0,1.0
A2O9JVPA8VZFXE,6,402,0.046281372323278835,0.0,1.0
A34W3C38EAN5WL,4,551,0.06343541330877274,0.0,1.0
A2X435VE2DGZFG,1,173,0.019917107989868753,0.0,1.0
A2DD6S47KYGQEV,3,481,0.055376467879346074,0.0,1.0
AWXRPZ7F3D1UH,0,35,0.004029472714713332,0.0,1.0
A28ESDJPORMVEY,9,45,0.005180750633202855,0.0,1.0
A36N2I7T8KSQEF,1,173,0.019917107989868753,0.0,1.0
A1W5CI9L3JPTF,5,105,0.012088418144139995,0.0,1.0
ACMKJIW7FKAR5,7,19,0.0021874280451300945,0.0,1.0
A3IY8S20GL2IP4,3,481,0.055376467879346074,0.0,1.0
AWZTZR9GATRZH,10,224,0.025788625374165323,0.0,1.0
A29C2DK1SF1GI4,12,183,0.021068385908358276,0.0,1.0
A2H1X4B3ISLHOG,2,22,0.0025328114206769514,0.0,1.0
AD2KEOIA6BSUZ,3,481,0.055376467879346074,0.0,1.0
A3EU21JSI4F2QH,1,371,0.042712410775961315,0.001298516316929543,0.5224885262621112
A3OBYV9M3PY8JW,10,224,0.025788625374165323,0.0,1.0
A27QJSPXDC0982,8,232,0.02670964770895694,0.0,1.0
A2YG15FR3JP4JC,2,72,0.008289201013124569,0.00037304937728636846,0.5125195618153364
A2D2AORHOMU0CV,23,47,0.00541100621690076,0.0,1.0
A1XTMFRRN9DPK2,14,21,0.002417683628827999,0.0,1.0
A2BFYFA5C5JFWU,4,551,0.06343541330877274,0.0,1.0
A3BEYFBHNGZ9S6,4,551,0.06343541330877274,0.0,1.0
A2SU3IL3MIBXZP,6,402,0.046281372323278835,0.0,1.0
A2OCFY81BELYVJ,5,20,0.002302555836979047,0.0,1.0
ATAS1JU2SXBL4,28,20,0.002302555836979047,0.0,1.0
A3HWB36LLQAMXH,14,10,0.0011512779184895234,0.0,1.0
A381YC9NE1K8R8,2,34,0.00391434492286438,0.0,1.0
A1DGED31BJ7H4D,10,224,0.025788625374165323,0.0,1.0
A3CCITVF0WL6KE,13,218,0.02509785862307161,0.0,1.0
A3QFJOSW3X52TY,3,481,0.055376467879346074,0.0,1.0
A2OMXJJJU63L5Q,8,83,0.009555606723463044,0.0,1.0
A3AXW3V7YBRKCE,11,157,0.018075063320285516,0.0,1.0
A27NNZQQWWXW4P,15,135,0.015542251899608565,0.0,1.0
A3N0PBMHROT40K,10,224,0.025788625374165323,0.0,1.0
A2SS9DRRQQ7EG5,3,481,0.055376467879346074,0.0,1.0
A2YF3QW52PBL3C,13,218,0.02509785862307161,0.0,1.0
A3HSLVVMSJNCX9,78,4,0.00046051116739580933,0.0,1.0
A1R5GNP5CWJG44,4,551,0.06343541330877274,0.0,1.0
A3GATAFT8LVTSK,37,15,0.001726916877734285,0.0,1.0
AFXXS6KIJ9E83,30,18,0.002072300253281142,0.0,1.0
A1980UDWGL6J3N,15,135,0.015542251899608565,0.0,1.0
A3VT9VE8JYA0LI,10,224,0.025788625374165323,0.0,1.0
A2Y6IDYSDC9QTY,20,17,0.00195717246143219,0.0,1.0
A3KZDS16VTCBCD,10,60,0.00690766751093714,0.0,1.0
ABUIRVLVTPFTZ,5,50,0.005756389592447617,0.0,1.0
A1EKB0SYZ81ZV,9,116,0.01335482385447847,0.00032767767026088067,0.5619190404797602
A1LCOMU8L6C05Z,8,232,0.02670964770895694,0.0,1.0
A2FUD7TNC8HRYG,5,50,0.005756389592447617,0.0,1.0
A379VJJGXWIZFE,14,107,0.0123186737278379,0.0,1.0
AV3CY3MLHJ511,9,45,0.005180750633202855,0.0,1.0
A2S4ALQNVY89W0,24,33,0.003799217131015427,0.0,1.0
A3VW2I0P1TQ1DV,5,105,0.012088418144139995,0.0,1.0
A22RW51298Z15M,5,128,0.014736357356665898,0.0,1.0
A1Z8SLW84NV7WJ,12,183,0.021068385908358276,0.0,1.0
A1RM4PM0D4BNEJ,22,57,0.006562284135390283,0.0,1.0
A1KI5B6SW3GUBY,8,232,0.02670964770895694,0.0,1.0
A2I4NRKPMGL07Z,10,224,0.025788625374165323,0.0,1.0
A2V0V7KOZ857NX,12,183,0.021068385908358276,0.0,1.0
A2J4GBHSDLP4DF,4,551,0.06343541330877274,0.0,1.0
A13WL1MBY347F7,15,50,0.005756389592447617,0.0,1.0
A3UQ66AYXFZ1SX,15,135,0.015542251899608565,0.0,1.0
A21BX2V5UK4IPN,8,83,0.009555606723463044,0.0,1.0
A3T6W3UKZBIUTB,4,551,0.06343541330877274,0.0,1.0
A1Q4XF1ZK42BVV,4,551,0.06343541330877274,0.0,1.0
AQ2HWACJ2H08G,4,551,0.06343541330877274,0.0,1.0
A2AAB4Y69I91Y0,1,210,0.02417683628827999,0.0,1.0
APSEERGKRFATE,8,232,0.02670964770895694,0.0,1.0
A17GXMTHZLL8OC,21,69,0.007943817637577712,0.0,1.0
A3EP4YIS9W1LR1,13,218,0.02509785862307161,0.0,1.0
A1UD1HKRVHZAVC,4,551,0.06343541330877274,0.0,1.0
A2I7TWQ62H1VF,2,34,0.00391434492286438,0.0,1.0
A14FFSOOTP0FR,27,21,0.002417683628827999,0.0,1.0
A3DGJXTSR0R73C,4,551,0.06343541330877274,0.0,1.0
A21NS06GDEA3V0,5,105,0.012088418144139995,0.0,1.0
A2OPFKDHSH8T31,2,11,0.0012664057103384757,0.0,1.0
A1134O4T95NOR2,1,210,0.02417683628827999,0.0,1.0
AI4WN15VV8AYB,10,60,0.00690766751093714,0.0,1.0
A3UNURO1UUPCFA,4,551,0.06343541330877274,0.0,1.0
A1TV0MBAF13ZMS,24,33,0.003799217131015427,0.0,1.0
A2NXNDJVTMANZM,21,69,0.007943817637577712,0.0,1.0
A35HFZ8O44O062,2,4,0.00046051116739580933,0.0,1.0
A1F041LBLQNOZW,1,13,0.0014966612940363804,0.0,1.0
A2S33I8S9FJF7,7,70,0.008058945429426664,0.0,1.0
A2XEU185B1GGUL,4,551,0.06343541330877274,0.0,1.0
AXALKJR9F4USW,0,34,0.00391434492286438,0.0,1.0
AF9WWJL5J3NIU,2,43,0.0049504950495049506,0.0,1.0
AZANOSUQAY5C6,7,4,0.00046051116739580933,0.0,1.0
ADZ84438N4VXR,1,173,0.019917107989868753,0.0,1.0
A1GWYS0HGHQKB7,1,173,0.019917107989868753,0.0,1.0
A3NUS6C31S5CQY,5,35,0.004029472714713332,0.0,1.0
A34LPMU4LNSJC6,3,481,0.055376467879346074,0.0,1.0
A13R0XX727WQB8,65,5,0.0005756389592447617,0.0,1.0
A328ER55DPOCMO,5,105,0.012088418144139995,0.0,1.0
A2FVNLWPFKGIEK,6,402,0.046281372323278835,0.0,1.0
A15XMUY3LA6O71,2,40,0.004605111673958094,0.0,1.0
A3OE6OOAD730QU,30,18,0.002072300253281142,0.0,1.0
A2QO4JQX6MTS75,2,12,0.001381533502187428,0.0,1.0
A2D77G2B5FTSKM,1,148,0.017038913193644947,0.0,1.0
A2WL2ZWWGHM2J1,12,183,0.021068385908358276,0.0,1.0
A3R8M455KMAQ5K,1,37,0.004259728298411237,0.0,1.0
A3MVMPFBN1RFFV,4,563,0.06481694681096016,0.0013540587219343695,0.9582055966068912
A33152QEGO2MZN,12,183,0.021068385908358276,0.0,1.0
A3TJXGZ6DE38R7,10,224,0.025788625374165323,0.0,1.0
A2T4OX8NH9LIIC,13,218,0.02509785862307161,0.0,1.0
A337NTGIG1VMB5,2,37,0.004259728298411237,0.0,1.0
A2MTMN4A9KGE2X,9,78,0.008979967764218283,0.0,1.0
AYOIM6S23UDAH,3,481,0.055376467879346074,0.0,1.0
A1LXFDHH2V42BC,15,135,0.015542251899608565,0.0,1.0
A114Z5X6UH93GT,13,218,0.02509785862307161,0.0,1.0
ASIUDXST0XPH,0,243,0.027976053419295415,0.0,1.0
A3DGGVZIS0QCQ9,3,481,0.055376467879346074,0.0,1.0
A33ZDZUEF1GXXA,35,13,0.0014966612940363804,0.0,1.0
A1Z31WP1M6XWTQ,22,57,0.006562284135390283,0.0,1.0
A1HTXF6132KVZY,1,504,0.058024407091871975,0.0019323847920142878,0.37528006563791855
AB1ZVQRM965R1,4,551,0.06343541330877274,0.0,1.0
A1ACUIN0UZC4K4,10,224,0.025788625374165323,0.0,1.0
A19B0UB53D820Y,16,93,0.010706884641952567,0.0,1.0
A11IFJDOZ0T6Z2,13,218,0.02509785862307161,0.0,1.0
A33GQ5EG104KN7,2,29,0.0033387059636196177,0.0,1.0
A333CVW40B69M4,5,35,0.004029472714713332,0.0,1.0
A1LY7Z60TNV629,11,16,0.0018420446695832373,0.0,1.0
AB02B8WS2BGAL,5,35,0.004029472714713332,0.0,1.0
A1F8F5LZ9GCHSB,19,69,0.007943817637577712,0.0,1.0
A83N14T7FQV82,11,13,0.0014966612940363804,0.0,1.0
A3MH75XEELHGY0,4,551,0.06343541330877274,0.0,1.0
A1MRX4ZBEF5CB8,10,224,0.025788625374165323,0.0,1.0
AQ06TH8QPIEN5,8,232,0.02670964770895694,0.0,1.0
A2ZRYWFYQBVOQ2,8,232,0.02670964770895694,0.0,1.0
A399F6C7WP0NPG,6,402,0.046281372323278835,0.0,1.0
A22XTZPWSYJY8H,5,35,0.004029472714713332,0.0,1.0
A14NAUYC6CGPDG,29,17,0.00195717246143219,0.0,1.0
A3JEGRJ8KPXCHC,6,402,0.046281372323278835,0.0,1.0
A3J891E9B6FIIP,0,67,0.007713562053879806,0.0,1.0
A3HTOR3A84JAM0,0,8,0.0009210223347916187,0.0,1.0
A2YDNC4J5GUZL9,9,45,0.005180750633202855,0.0,1.0
A2BLGQ2SCSKCCY,13,218,0.02509785862307161,0.0,1.0
A2J1WRE1KQ5CS2,3,481,0.055376467879346074,0.0,1.0
A1IBBI5YMPAUCW,25,22,0.0025328114206769514,0.0,1.0
AEC90GPFKLAAW,10,224,0.025788625374165323,0.0,1.0
A2I87F2QCJ6RK3,13,218,0.02509785862307161,0.0,1.0
A677O9VC9P6L9,1,173,0.019917107989868753,0.0,1.0
A5KVTBI8FA961,1,173,0.019917107989868753,0.0,1.0
A39HB69V29EDTX,15,135,0.015542251899608565,0.0,1.0
A35GCX48AVAQPB,2,22,0.0025328114206769514,0.0,1.0
A1R0ZOYR1ZCH6K,7,111,0.012779184895233709,0.0011975031787379727,0.5385749385749385
A1YLJGGB0EDFV2,8,83,0.009555606723463044,0.0,1.0
A2X8ORQE9W3GIH,11,157,0.018075063320285516,0.0,1.0
A1PQU7KH22ZPBM,9,78,0.008979967764218283,0.0,1.0
A3STDPXRUJQBOQ,9,30,0.00345383375546857,0.0,1.0
A1SELTWFSOHSJV,6,402,0.046281372323278835,0.0,1.0
A4XD7L6C76HQM,6,402,0.046281372323278835,0.0,1.0
A1X951MG53YRW0,10,224,0.025788625374165323,0.0,1.0
A13ZFIPTZ0IVGF,6,402,0.046281372323278835,0.0,1.0
A2PYL7WLGVIBT7,1,173,0.019917107989868753,0.0,1.0
A29QYVLSXFQ9HB,8,232,0.02670964770895694,0.0,1.0
A140SPVDYIRXZA,3,481,0.055376467879346074,0.0,1.0
A1UEW6E8MAN95V,1,173,0.019917107989868753,0.0,1.0
A20HABKJ0CDE1F,3,481,0.055376467879346074,0.0,1.0
A154N4DL6101SC,4,551,0.06343541330877274,0.0,1.0
A2TWZPSSY63TGK,5,128,0.014736357356665898,0.0,1.0
A2JJNP8GJFL0DM,26,25,0.0028781947962238084,0.0,1.0
A3F85164PLQFTP,12,183,0.021068385908358276,0.0,1.0
A13M65IGNEQXW1,13,218,0.02509785862307161,0.0,1.0
A3P47HE94ZHGP7,1,148,0.017038913193644947,0.0,1.0
AIZV746OPQ5PS,14,107,0.0123186737278379,0.0,1.0
A2FYZRR780Y3PN,6,402,0.046281372323278835,0.0,1.0
A2CDEOM9RZMI74,11,157,0.018075063320285516,0.0,1.0
A32S5XUIJ6NEX0,1,148,0.017038913193644947,0.0,1.0
A2S2PG1LKF4YCX,1,173,0.019917107989868753,0.0,1.0
A2DAX9YH4EVXB0,2,68,0.00782868984572876,0.0,1.0
A14O9P3DV5EHKO,13,218,0.02509785862307161,0.0,1.0
A3GG7QSSI58HJV,16,93,0.010706884641952567,0.0,1.0
A3HN1NFTA2Q7VV,4,551,0.06343541330877274,0.0,1.0
A1ZKA59YVVN4PF,4,551,0.06343541330877274,0.0,1.0
A2EORZSMHG45DB,8,83,0.009555606723463044,0.0,1.0
A1MV4UAKFMA51Y,20,17,0.00195717246143219,0.0,1.0
A1EAN2SFKYBJ05,9,78,0.008979967764218283,0.0,1.0
A3JX53X4LT4VA2,3,481,0.055376467879346074,0.0,1.0
A1XHKQ5R31843B,15,135,0.015542251899608565,0.0,1.0
A34G4GSIYY4JJ3,1,210,0.02417683628827999,0.0,1.0
A22KD7ATICQIPK,14,107,0.0123186737278379,0.0,1.0
A2519QDPSKTSAV,21,69,0.007943817637577712,0.0,1.0
A347LTN4RU2FL1,4,551,0.06343541330877274,0.0,1.0
A3I634592SZH0B,33,15,0.001726916877734285,0.0,1.0
A2NQ5LLFYUKUFL,0,12,0.001381533502187428,0.0,1.0
A1YOQKB992308L,9,78,0.008979967764218283,0.0,1.0
A29CIMCVNUZQ8B,5,32,0.0036840893391664746,0.0,1.0
A245C6II33C74U,5,35,0.004029472714713332,0.0,1.0
A1RHVVY6U02LN2,2,34,0.00391434492286438,0.0,1.0
A1GFH98ATO6D5I,0,11,0.0012664057103384757,0.0,1.0
AMZREEUVCV998,12,183,0.021068385908358276,0.0,1.0
A2HOJS4E005E7T,5,105,0.012088418144139995,0.0,1.0
A3S5KSCNM13MSB,14,107,0.0123186737278379,0.0,1.0
A1VPAHPK6H0267,21,69,0.007943817637577712,0.0,1.0
A34XU2SMQ7LRQO,21,69,0.007943817637577712,0.0,1.0
A1991DX3FIMS3P,6,402,0.046281372323278835,0.0,1.0
A21VM9WVF8EOSJ,9,39,0.004489983882109141,0.0,1.0
A1HN2ZEPOV8JOG,1,210,0.02417683628827999,0.0,1.0
A2N63B3300IC70,5,128,0.014736357356665898,0.0,1.0
A6XGIW9KSC0Y1,3,481,0.055376467879346074,0.0,1.0
A1SUJD55AUD0S7,23,47,0.00541100621690076,0.0,1.0
A11DJX3UKJD737,14,107,0.0123186737278379,0.0,1.0
A1B75TZD1XLC0A,0,4,0.00046051116739580933,0.0,1.0
A2GARLO234WK85,12,183,0.021068385908358276,0.0,1.0
A1VQA08VWB9ALB,1,210,0.02417683628827999,0.0,1.0
A3QG1JW6O3SD96,9,78,0.008979967764218283,0.0,1.0
A2QVVJUAHMMFQU,8,232,0.02670964770895694,0.0,1.0
AUPCERMZ6ASML,2,43,0.0049504950495049506,0.0,1.0
A2TOLOXNDL6SKR,15,135,0.015542251899608565,0.0,1.0
A2TKWMX4563NR6,10,17,0.00195717246143219,0.0,1.0
A19KWXOS9L6WIO,1,173,0.019917107989868753,0.0,1.0
A3VWY3CDC423UM,13,218,0.02509785862307161,0.0,1.0
A1N4DKWTQ9YP1Q,13,218,0.02509785862307161,0.0,1.0
A18XYVCNR720UC,10,60,0.00690766751093714,0.0,1.0
A9TXYI2PBV0U1,5,105,0.012088418144139995,0.0,1.0
A37WZJIGAQRPSL,4,551,0.06343541330877274,0.0,1.0
A3F81TPV4IQ2BG,8,232,0.02670964770895694,0.0,1.0
A1RMI9FN0HUR60,15,135,0.015542251899608565,0.0,1.0
A3B0D8Z49UW0P9,8,83,0.009555606723463044,0.0,1.0
A7J1N0NCJEDFI,8,232,0.02670964770895694,0.0,1.0
A2MYX5ZQDAZH2Z,4,551,0.06343541330877274,0.0,1.0
A1Q4HTJCDAU1VI,4,551,0.06343541330877274,0.0,1.0
APCX388F6CFFA,45,9,0.001036150126640571,0.0,1.0
A3PMROFEIAER4U,10,224,0.025788625374165323,0.0,1.0
AHE4RU04NVDHR,1,148,0.017038913193644947,0.0,1.0
A3C6RY5QEY89CE,3,481,0.055376467879346074,0.0,1.0
A10QQWAYZVX2QS,2,29,0.0033387059636196177,0.0,1.0
ANSB7OILD0L3C,7,108,0.012433801519686852,0.0,1.0
A28ORIA0YWRKEK,1,377,0.043403177527055026,0.0014199844323681424,0.5205147017326034
A2QXRKY45PAGU9,0,12,0.001381533502187428,0.0,1.0
A3J4DJ03W3UF8O,0,55,0.006332028551692378,0.0,1.0
A2G9DTRPLG0VED,37,15,0.001726916877734285,0.0,1.0
AR1PSEQRQ3L04,3,481,0.055376467879346074,0.0,1.0
AJGIN15VFGXBG,7,70,0.008058945429426664,0.0,1.0
A6Z5D6RNFVHEP,1,37,0.004259728298411237,0.0,1.0
A1B4RFR5BLLQI5,1,173,0.019917107989868753,0.0,1.0
A2R4W72HCKFQHZ,2,8,0.0009210223347916187,0.0,1.0
ANMA1H8LGEVBF,10,224,0.025788625374165323,0.0,1.0
ALC8I6BZ0QDJE,1,173,0.019917107989868753,0.0,1.0
A2YRX8J4WM5BRX,0,11,0.0012664057103384757,0.0,1.0
AM78WFHEBDBGM,20,17,0.00195717246143219,0.0,1.0
A42D8DYQ7EVJT,8,232,0.02670964770895694,0.0,1.0
A1N73M40MPPWSR,10,224,0.025788625374165323,0.0,1.0
A262G6Q4J29VPD,8,232,0.02670964770895694,0.0,1.0
A1BMQC79FGKV00,1,210,0.02417683628827999,0.0,1.0
A1H6G9KAJFX19Z,14,107,0.0123186737278379,0.0,1.0
AJPO70SUQEDRJ,37,15,0.001726916877734285,0.0,1.0
A38K8WFKSUTNJ2,0,15,0.001726916877734285,0.0,1.0
A35AAI6C5QX0HA,4,551,0.06343541330877274,0.0,1.0
A183S80WADLOCU,12,45,0.005180750633202855,0.0,1.0
ANI8BTQMGG1R2,1,173,0.019917107989868753,0.0,1.0
A1UHPSQD4TOWQI,5,105,0.012088418144139995,0.0,1.0
AY1406KH1MLAP,18,81,0.00932535113976514,0.0,1.0
A3OYE7X2O08LNT,13,218,0.02509785862307161,0.0,1.0
AI1FBBRXK8DL3,28,20,0.002302555836979047,0.0,1.0
A3A7ZJ4QS65X15,13,218,0.02509785862307161,0.0,1.0
A196D02N89FEK,15,50,0.005756389592447617,0.0,1.0
AR6E0WAEOCUKI,1,148,0.017038913193644947,0.0,1.0
A1Z5OW2BJI5LN2,4,551,0.06343541330877274,0.0,1.0
ANNKHRRNO6TT9,10,60,0.00690766751093714,0.0,1.0
AIFS93UK3XG7R,10,224,0.025788625374165323,0.0,1.0
A3B5E90IEV2PW5,5,105,0.012088418144139995,0.0,1.0
AJRCUR3RS5A1E,2,37,0.004259728298411237,0.0,1.0
A1NVCFX4PU0NYK,9,107,0.0123186737278379,0.0,1.0
A2KHV9BF02Y4LH,5,32,0.0036840893391664746,0.0,1.0
A1PB739AHGIX1N,6,402,0.046281372323278835,0.0,1.0
A17HNPM0R7HT9Y,17,53,0.006101772967994474,0.0,1.0
AO3BJZXP5O1DQ,10,224,0.025788625374165323,0.0,1.0
A1GYYOE13EFKKW,3,481,0.055376467879346074,0.0,1.0
AUIRGT6DWUVD,0,4,0.00046051116739580933,0.0,1.0
A24VVE3E7D4GVQ,2,377,0.043403177527055026,0.002780495540399874,0.4687905638015689
A2VWHEZTQQU1U9,4,551,0.06343541330877274,0.0,1.0
A1T8A6OCVV0UYU,7,95,0.010937140225650472,0.0003855934986564419,0.620380739081747
A2683OJ85CLWFA,13,218,0.02509785862307161,0.0,1.0
A3DF1AEPLTX0CA,6,402,0.046281372323278835,0.0,1.0
A3OJNGNBWD7KNN,11,16,0.0018420446695832373,0.0,1.0
A2U0ZD08F7EJ87,2,34,0.00391434492286438,0.0,1.0
ARVW5GNMO9QU7,10,60,0.00690766751093714,0.0,1.0
A3ATF868IEP191,13,218,0.02509785862307161,0.0,1.0
A1BDMSJDPX5MDF,40,12,0.001381533502187428,0.0,1.0
AFCD2VYPAWKNG,0,5,0.0005756389592447617,0.0,1.0
A38AAY3HJVHZAU,9,7,0.0008058945429426663,0.0,1.0
A130WL3J4YFXK9,3,481,0.055376467879346074,0.0,1.0
AJMZSJU3VIJVW,1,173,0.019917107989868753,0.0,1.0
AA81KFW4X8UIH,13,218,0.02509785862307161,0.0,1.0
A47HWSPR8430B,18,81,0.00932535113976514,0.0,1.0
AD0VA39FRVNKN,13,218,0.02509785862307161,0.0,1.0
A1U8KP7V6DFXN8,6,402,0.046281372323278835,0.0,1.0
A2EYZJBTX8X9XU,5,20,0.002302555836979047,0.0,1.0
A2T1DD07FMCAKQ,4,551,0.06343541330877274,0.0,1.0
AD20KMDUDP5EF,1,173,0.019917107989868753,0.0,1.0
A3UCNSBH307OEV,2,14,0.0016117890858853327,0.0,1.0
A1JEJEDR7NDZ7C,2,43,0.0049504950495049506,0.0,1.0
A2YOI67EI4N4D,1,307,0.03534423209762837,0.00023993556202327965,0.5469332141108344
A3A55IAQ5UNIYW,3,538,0.06193875201473636,0.010953935234018204,0.8102981592628744
A4SSILU7KZ1XK,6,402,0.046281372323278835,0.0,1.0
A15K7HV1XD6YWR,13,218,0.02509785862307161,0.0,1.0
A3N44QVNT0YP1L,6,402,0.046281372323278835,0.0,1.0
AKNI01GEKRTDV,24,33,0.003799217131015427,0.0,1.0
A3L5VIXGTCW2X9,1,210,0.02417683628827999,0.0,1.0
A1QVS34FWGRAVG,2,56,0.006447156343541331,0.00032306138032720135,0.4590909090909091
A6O19PVPF8YDM,7,108,0.012433801519686852,0.0,1.0
A2756CRIGV5V7T,2,27,0.003108450379921713,0.0,1.0
A1660JZPHFX90N,24,33,0.003799217131015427,0.0,1.0
AWKQGHK4122WI,0,14,0.0016117890858853327,0.0,1.0
A1TZ0VDFSS1Z4C,4,551,0.06343541330877274,0.0,1.0
A1WGFWCQ8IQCWV,1,37,0.004259728298411237,0.0,1.0
A37894K753YF3J,14,107,0.0123186737278379,0.0,1.0
AD1QSUQBQ7PS7,9,34,0.00391434492286438,0.0,1.0
A7JQDI5K9XZY8,9,45,0.005180750633202855,0.0,1.0
ASGG9KYGIIDGO,23,47,0.00541100621690076,0.0,1.0
A314GYAJRTK8Y7,8,232,0.02670964770895694,0.0,1.0
A1P5JY2RNICG8F,4,551,0.06343541330877274,0.0,1.0
A2CFCASXVT8OIT,10,224,0.025788625374165323,0.0,1.0
A1OY33KGOG3IX8,13,218,0.02509785862307161,0.0,1.0
A3PCA3O8PO6F7B,35,13,0.0014966612940363804,0.0,1.0
AR0UOJ48VGQMA,5,128,0.014736357356665898,0.0,1.0
A27OMVFGJXH1VB,13,218,0.02509785862307161,0.0,1.0
A3OW28ME7CP7BV,1,210,0.02417683628827999,0.0,1.0
A18Q0YU1FMO7TE,1,173,0.019917107989868753,0.0,1.0
AM2RKBZ539OVW,4,551,0.06343541330877274,0.0,1.0
A2GE48B0B9588V,10,224,0.025788625374165323,0.0,1.0
A17Z9D1UHLZDXR,6,402,0.046281372323278835,0.0,1.0
A1B0RBLA5N0J74,0,243,0.027976053419295415,0.0,1.0
A1G4PDC7AI56XG,7,24,0.002763067004374856,0.0,1.0
A2QL8RR6HVSXR9,6,402,0.046281372323278835,0.0,1.0
A3C65DHC8UBUNC,2,14,0.0016117890858853327,0.0,1.0
AQXL8B1QPVE09,80,4,0.00046051116739580933,0.0,1.0
A2BH53SGUYGXQE,0,14,0.0016117890858853327,0.0,1.0
A1N7QSP1U513KJ,13,218,0.02509785862307161,0.0,1.0
A1DDG2R80UWTPI,10,224,0.025788625374165323,0.0,1.0
ADSO1F9K7ZD1F,6,402,0.046281372323278835,0.0,1.0
A3OM2N48I8ZN9D,6,402,0.046281372323278835,0.0,1.0
A61R1DEE1MO2Q,2,55,0.006332028551692378,0.0,1.0
A1980MGZXSGJP,13,218,0.02509785862307161,0.0,1.0
A35FTKYO9UQZWF,7,19,0.0021874280451300945,0.0,1.0
AUUV3XDYB16X5,0,14,0.0016117890858853327,0.0,1.0
A1J93485GAAGED,2,11,0.0012664057103384757,0.0,1.0
A3EAKDPOB7H96W,12,183,0.021068385908358276,0.0,1.0
A3KGQOLVUA7DV8,8,232,0.02670964770895694,0.0,1.0
A1VJGPW4W8FBFV,40,12,0.001381533502187428,0.0,1.0
A9ZV2N6JTI8BF,10,60,0.00690766751093714,0.0,1.0
A3D7BGK0P5QY0X,2,82,0.009440478931614092,0.013766946682314755,0.4986449864498645
A3UL00RH3B9MMC,1,148,0.017038913193644947,0.0,1.0
A1TJPE10C8FPJD,30,18,0.002072300253281142,0.0,1.0
A1GKAGU5JZODFN,3,481,0.055376467879346074,0.0,1.0
A1OX19PDA486CD,1,173,0.019917107989868753,0.0,1.0
A3UYI01GLEYZSP,13,218,0.02509785862307161,0.0,1.0
A2Y8WX30L9NFD4,6,402,0.046281372323278835,0.0,1.0
A1B58TDQ0XQGU6,4,551,0.06343541330877274,0.0,1.0
ARBCOEQNK389G,2,40,0.004605111673958094,0.0,1.0
A3GQY0TFRG0MPZ,15,135,0.015542251899608565,0.0,1.0
AF74VPDSL69FE,4,551,0.06343541330877274,0.0,1.0
A3JBGEOQG8PFBH,44,11,0.0012664057103384757,0.0,1.0
A2AWP1RAJ2GOGE,8,232,0.02670964770895694,0.0,1.0
A3OTQX89VGYPUI,4,551,0.06343541330877274,0.0,1.0
A11229C4LTJ4JG,51,8,0.0009210223347916187,0.0,1.0
A2PNVJCCV4GKE1,8,83,0.009555606723463044,0.0,1.0
A2AGGWPJZODA0A,7,108,0.012433801519686852,0.0,1.0
A3G8PHTYONNTQM,4,551,0.06343541330877274,0.0,1.0
AA66O1V57XZX7,15,135,0.015542251899608565,0.0,1.0
AONVF6RGZHT0E,8,232,0.02670964770895694,0.0,1.0
A36VX41XBE84P7,8,83,0.009555606723463044,0.0,1.0
AYBP700B8IW2B,6,402,0.046281372323278835,0.0,1.0
A15L0EDQMU28DA,5,35,0.004029472714713332,0.0,1.0
A1FGK3N8GZHGZJ,13,218,0.02509785862307161,0.0,1.0
AC84VPM3281GV,3,543,0.06251439097398112,0.0004868705843311464,0.8029126147615068
A26QCCO0101CO1,13,218,0.02509785862307161,0.0,1.0
A4KQW4S2PAXIT,32,17,0.00195717246143219,0.0,1.0
A2379RPKARK5IE,3,481,0.055376467879346074,0.0,1.0
AJJQ188TFNITV,1,210,0.02417683628827999,0.0,1.0
A1IDFR483R23N,3,481,0.055376467879346074,0.0,1.0
A1ZWKX2XRUHGYO,5,32,0.0036840893391664746,0.0,1.0
A1ZLD397GS5ZCR,4,551,0.06343541330877274,0.0,1.0
A33YH22HNC1POY,3,481,0.055376467879346074,0.0,1.0
A3S66LKKKGTI30,46,9,0.001036150126640571,0.0,1.0
AHMV0VLLZSM18,2,37,0.004259728298411237,0.0,1.0
A2AA9EL5OTG0T5,1,504,0.058024407091871975,0.0019323847920142878,0.37528006563791855
A1PLCSMLPR3ZQ9,9,107,0.0123186737278379,0.0,1.0
AUJWP901VCRQ9,11,29,0.0033387059636196177,0.0,1.0
A1J98WSXXXWGY2,11,157,0.018075063320285516,0.0,1.0
A1BPJ55PLYUA77,6,402,0.046281372323278835,0.0,1.0
A1OJ07VIDHI8BL,6,402,0.046281372323278835,0.0,1.0
A13DDUENBR1CW8,9,34,0.00391434492286438,0.0,1.0
A3A95AGMVFVNAH,0,8,0.0009210223347916187,0.0,1.0
A1K79LEZS4KGUM,3,75,0.008634584388671426,0.0,1.0
A29WUMT65XEQE9,1,173,0.019917107989868753,0.0,1.0
A3L18CVCO055N4,3,481,0.055376467879346074,0.0,1.0
A9LYDGQCOZ3LV,14,107,0.0123186737278379,0.0,1.0
A3CZV7DEX2ARGE,0,7,0.0008058945429426663,0.0,1.0
A1SYGY98J1RWIY,12,183,0.021068385908358276,0.0,1.0
A3MND6ONIQPBYN,5,35,0.004029472714713332,0.0,1.0
A3KZTJ41GBCDDA,15,135,0.015542251899608565,0.0,1.0
A2RE73VUCARNE0,13,218,0.02509785862307161,0.0,1.0
A3JN3KKON08QBM,3,481,0.055376467879346074,0.0,1.0
A3L9NGPTBJBQEL,7,304,0.03499884872208151,0.003304705481277644,0.5962523883967344
A3RRQS6NNHDBDU,4,551,0.06343541330877274,0.0,1.0
A2YKN8E68KVMZL,7,70,0.008058945429426664,0.0,1.0
ATQVLZOBO68E9,12,183,0.021068385908358276,0.0,1.0
A2W5S26XTAFD97,4,551,0.06343541330877274,0.0,1.0
A8AK2HEXCZN4Q,8,232,0.02670964770895694,0.0,1.0
A1GCLR2XBUFH6,3,481,0.055376467879346074,0.0,1.0
A2MWHD94CP06QL,0,49,0.0056412618005986645,0.0,1.0
A10UHQH1YL5Q6B,16,93,0.010706884641952567,0.0,1.0
ATEUCBITZJ5XO,7,108,0.012433801519686852,0.0,1.0
A3I5S0G8FMWV03,1,221,0.025443241998618464,0.001825442887256149,0.9054709995886466
A3CJC7K4QZBYW5,15,135,0.015542251899608565,0.0,1.0
A19XKJA47R6AJ9,6,402,0.046281372323278835,0.0,1.0
A2D0F87RY5YMHN,30,18,0.002072300253281142,0.0,1.0
A93EEI4KTK5ZG,15,135,0.015542251899608565,0.0,1.0
A1DPUZDTVNJUMX,8,57,0.006562284135390283,0.0,1.0
AM3N5LZ7BETCB,2,34,0.00391434492286438,0.0,1.0
A1HLEJA9NGG4O4,7,42,0.004835367257655998,0.0,1.0
ATI4GZAY97L2R,4,551,0.06343541330877274,0.0,1.0
A3SK4WFWME8A8N,4,551,0.06343541330877274,0.0,1.0
A380W12QEPG2BO,2,64,0.007368178678332949,0.0001468277596292876,0.47023809523809523
AOIT1BEY7BRC8,4,551,0.06343541330877274,0.0,1.0
A2B37JAQUAZ29N,2,5,0.0005756389592447617,0.0,1.0
A1TFAKVCUOR9PD,17,53,0.006101772967994474,0.0,1.0
A1DA35S1UET846,1,173,0.019917107989868753,0.0,1.0
A1LZ2BZTMFPGI2,7,108,0.012433801519686852,0.0,1.0
A1M2MPPL6OK3QJ,12,183,0.021068385908358276,0.0,1.0
A2YF4URKFGNEEV,3,481,0.055376467879346074,0.0,1.0
A2DLK5KEQU4TX9,0,19,0.0021874280451300945,0.0007898675877950488,0.5087719298245614
A2IPDJISO5T6AX,0,49,0.0056412618005986645,0.0,1.0
APSGIVBQKFLRY,1,173,0.019917107989868753,0.0,1.0
A24PTVSZSM8968,40,12,0.001381533502187428,0.0,1.0
A2NIT6BKW11XJQ,40,12,0.001381533502187428,0.0,1.0
AVRV5S5L7MJNC,12,45,0.005180750633202855,0.0,1.0
A2YORH3MSOM6P8,25,22,0.0025328114206769514,0.0,1.0
AA63DLG8HJ2JQ,2,34,0.00391434492286438,0.0,1.0
A2JO8NBR9VJG6E,4,551,0.06343541330877274,0.0,1.0
AHR3LG5G9KQH,81,4,0.00046051116739580933,0.0,1.0
A1P6FGVEYCS4FQ,8,232,0.02670964770895694,0.0,1.0
A3JGPO77OQC2S6,4,551,0.06343541330877274,0.0,1.0
AOO41PZSDC7J1,6,402,0.046281372323278835,0.0,1.0
AEZJTA4KDIWY8,9,137,0.01577250748330647,0.00098847540564743,0.6554315156719622
A1OKH9AX5EZ7GI,6,402,0.046281372323278835,0.0,1.0
A3VM9E0ZTN0TH,17,53,0.006101772967994474,0.0,1.0
A2YW6XOID7GV6G,1,5,0.0005756389592447617,0.0,1.0
AR0SWMNTBFXU7,8,232,0.02670964770895694,0.0,1.0
A2T9HCIVTG1OAA,9,107,0.0123186737278379,0.0,1.0
A393L8KPRNFKMU,10,224,0.025788625374165323,0.0,1.0
A14Q1WGNF9DM3A,15,135,0.015542251899608565,0.0,1.0
AFQ0LL0Y20AH3,16,93,0.010706884641952567,0.0,1.0
A1VHCO8RQFIGQJ,8,83,0.009555606723463044,0.0,1.0
A3QO3RJHS5O468,8,232,0.02670964770895694,0.0,1.0
A27HJKSWIJZ131,46,9,0.001036150126640571,0.0,1.0
A10R0C79S921EP,6,402,0.046281372323278835,0.0,1.0
A2VF3U1XNCH3BH,5,35,0.004029472714713332,0.0,1.0
A2IUAT0NF7OVTC,1,173,0.019917107989868753,0.0,1.0
A3VRJPCW5CR6HX,5,105,0.012088418144139995,0.0,1.0
A3C88ZDIZALRMN,5,128,0.014736357356665898,0.0,1.0
AR1J3PPLB886B,64,5,0.0005756389592447617,0.0,1.0
A3BSR1TPMAXW3T,1,210,0.02417683628827999,0.0,1.0
AVBG4AB5XVKNB,1,210,0.02417683628827999,0.0,1.0
A3RP68J125MBQW,19,69,0.007943817637577712,0.0,1.0
A99D8N0YVVDOC,6,402,0.046281372323278835,0.0,1.0
A3F4VCTXZZ449P,35,13,0.0014966612940363804,0.0,1.0
A2BZNMPV1FDG9T,2,12,0.001381533502187428,0.0,1.0
AMKQMWRWLZWIL,22,57,0.006562284135390283,0.0,1.0
A38GBRWMMP0UI1,10,224,0.025788625374165323,0.0,1.0
A10CRW7XRJBJ2G,1,173,0.019917107989868753,0.0,1.0
A2SKDOP44GNUTP,6,402,0.046281372323278835,0.0,1.0
A3U4LQGN5AE9DO,0,7,0.0008058945429426663,0.0,1.0
A2RUN82QPU60PN,13,218,0.02509785862307161,0.0,1.0
A1EAXVLKPVL8W5,13,218,0.02509785862307161,0.0,1.0
A2FE3EQGIYQTLG,8,232,0.02670964770895694,0.0,1.0
A1H9UFWNIWTPFV,65,5,0.0005756389592447617,0.0,1.0
A2IF9ZFPVR0E15,1,173,0.019917107989868753,0.0,1.0
A3KHBD3YRNY5WO,13,218,0.02509785862307161,0.0,1.0
A1MSEO4MD7ZT33,0,18,0.002072300253281142,0.0,1.0
A3F4OHY3R93F78,2,29,0.0033387059636196177,0.0,1.0
A13QF33ZVNS0SB,5,105,0.012088418144139995,0.0,1.0
A2XTPC8OBW4BLB,2,40,0.004605111673958094,0.0,1.0
A3NWP4CG5S2PDE,1,377,0.043403177527055026,0.0014199844323681424,0.5205147017326034
A42PJ9K10RLMT,12,183,0.021068385908358276,0.0,1.0
A2ZDMIP49N36UJ,13,218,0.02509785862307161,0.0,1.0
A3BFPY4HS3FG9C,25,22,0.0025328114206769514,0.0,1.0
AO7W7WGOU6UIW,12,183,0.021068385908358276,0.0,1.0
A1X00K34LV0PBB,4,551,0.06343541330877274,0.0,1.0
A13SAVYJLEH4D1,23,47,0.00541100621690076,0.0,1.0
A2HDTOF8222KN3,2,683,0.07863228183283444,0.018119876478903587,0.660493853664401
A1LAAZUR8YFRW8,2,13,0.0014966612940363804,0.0002865201195129805,0.5384615384615384
AQCC8OF22KZXE,6,402,0.046281372323278835,0.0,1.0
APOFQFXC8K645,12,7,0.0008058945429426663,0.0,1.0
A3ONGNBZHTJ12H,1,173,0.019917107989868753,0.0,1.0
A1NEL661KNJR4A,8,83,0.009555606723463044,0.0,1.0
A3VHGUZCGYA4KK,33,15,0.001726916877734285,0.0,1.0
A390Y4PZY8XTYL,14,107,0.0123186737278379,0.0,1.0
A1Y363HWR2D0B7,8,232,0.02670964770895694,0.0,1.0
A6G5VWEJWRTQ9,10,60,0.00690766751093714,0.0,1.0
A8E0SNQFWA5TB,1,210,0.02417683628827999,0.0,1.0
A2S3G3C84ATVST,21,69,0.007943817637577712,0.0,1.0
A1STE8GFJV0JBM,2,40,0.004605111673958094,0.0,1.0
AFQHIL1EROP1F,14,107,0.0123186737278379,0.0,1.0
AM6ZNP09P201W,15,135,0.015542251899608565,0.0,1.0
A1GGWEX2RW0IRW,55,6,0.000690766751093714,0.0,1.0
A10ZEOXLINIOEP,25,22,0.0025328114206769514,0.0,1.0
A1DNFRUWF2PXDT,16,93,0.010706884641952567,0.0,1.0
AO9QC2WG3T9NQ,12,183,0.021068385908358276,0.0,1.0
A2KK14LTLA9DPK,2,12,0.001381533502187428,0.0,1.0
ABXXPF8FFZKVI,25,22,0.0025328114206769514,0.0,1.0
A1WWZXNOXBCIMN,1,210,0.02417683628827999,0.0,1.0
A1TST756Q1U2JM,5,17,0.00195717246143219,0.0,1.0
A120ULF73SUTI9,13,218,0.02509785862307161,0.0,1.0
A29IE483D5HY5R,4,551,0.06343541330877274,0.0,1.0
ANJY75Z24A6AG,13,218,0.02509785862307161,0.0,1.0
A3NZEQJJZEZROW,1,173,0.019917107989868753,0.0,1.0
A1QMJBMMEDO0RM,76,4,0.00046051116739580933,0.0,1.0
A1KRANXN8ON8SC,10,224,0.025788625374165323,0.0,1.0
A1WILC2XNV5R04,5,128,0.014736357356665898,0.0,1.0
A3GMRYV7VAYK5Q,0,18,0.002072300253281142,0.0,1.0
A17INQNCZ1HMHL,0,35,0.004029472714713332,0.0,1.0
A38VIVDARCVC1,0,10,0.0011512779184895234,0.0,1.0
A3669T2UVJZR41,9,13,0.0014966612940363804,0.0,1.0
A3BI8BKIHESDNQ,9,91,0.010476629058254663,4.1450777202072534e-05,0.7526251526251526
AYMDZIOGLRS4Y,4,551,0.06343541330877274,0.0,1.0
A3L9E0YI7C5G0W,17,53,0.006101772967994474,0.0,1.0
A3SA3SI8HXUTWM,1,173,0.019917107989868753,0.0,1.0
A1XP5GMAIXJ10A,11,29,0.0033387059636196177,0.0,1.0
A1JH4RE328VB3K,2,34,0.00391434492286438,0.0,1.0
A3IMVS1U3KP024,4,551,0.06343541330877274,0.0,1.0
A6X2M9YBL9OYY,11,29,0.0033387059636196177,0.0,1.0
A2I5LVVQ7WXEH6,1,13,0.0014966612940363804,0.0,1.0
A1REC5AYMCAXBA,5,128,0.014736357356665898,0.0,1.0
AQ28L0J970DVW,1,348,0.040064471563435414,0.0005021200198686686,0.543558912186558
A1WR0KA61A2CTW,3,9,0.001036150126640571,0.0,1.0
A22X8SXCBIY746,12,183,0.021068385908358276,0.0,1.0
A4PXXQ3UGXSB5,7,24,0.002763067004374856,0.0,1.0
A1STW7ZA3XZ9VV,12,45,0.005180750633202855,0.0,1.0
AKA4Q4NIXHTAU,17,53,0.006101772967994474,0.0,1.0
A270443KWP6PER,3,481,0.055376467879346074,0.0,1.0
A2VC9CVEP6M5NA,14,107,0.0123186737278379,0.0,1.0
A3GGZJZZFQ7S5D,1,210,0.02417683628827999,0.0,1.0
A2WTKMK08CVXB0,5,50,0.005756389592447617,0.0,1.0
AEQR0VUFBZXUY,13,218,0.02509785862307161,0.0,1.0
A1C5WS021EL3WO,8,232,0.02670964770895694,0.0,1.0
A1DCN0NZO7E2C,5,50,0.005756389592447617,0.0,1.0
A1KN9R46A9T15V,16,93,0.010706884641952567,0.0,1.0
A2XQW1K6ALWSMZ,20,17,0.00195717246143219,0.0,1.0
ASOG5QER5G0CE,6,402,0.046281372323278835,0.0,1.0
A1YXBYJCCS0R3A,57,6,0.000690766751093714,0.0,1.0
A2A973NYYQYPQS,15,135,0.015542251899608565,0.0,1.0
A2Y1YSXP0CR3JK,11,157,0.018075063320285516,0.0,1.0
A2MFT5N8Y4RXV9,14,107,0.0123186737278379,0.0,1.0
A2XY1CTLU0FE9U,17,53,0.006101772967994474,0.0,1.0
A1TEQLH0UOWNOK,0,32,0.0036840893391664746,0.0,1.0
A3I8KWK1VNN92T,6,402,0.046281372323278835,0.0,1.0
A2UTU1T0P7YTSG,37,15,0.001726916877734285,0.0,1.0
A2VXVM93S96FHS,7,70,0.008058945429426664,0.0,1.0
A1MZ1T2CO2J2Q3,1,173,0.019917107989868753,0.0,1.0
AJP7IKVQXDJ7G,10,224,0.025788625374165323,0.0,1.0
A1QGK864IJ2PQ8,9,45,0.005180750633202855,0.0,1.0
A1H4B09YLQ9IMA,11,16,0.0018420446695832373,0.0,1.0
ANB0OKIDLNTZ,17,22,0.0025328114206769514,0.0,1.0
AZX2RDN9YXZAE,15,135,0.015542251899608565,0.0,1.0
A288QFC30VQKN2,2,217,0.024982730831222655,0.0033850435809537646,0.7345110087045571
A2YQN0Z573XRC1,7,40,0.004605111673958094,0.0,1.0
A33MZ69QV2G5F3,1,173,0.019917107989868753,0.0,1.0
A141E91QV31KER,2,81,0.00932535113976514,3.3090687672187006e-05,0.5212962962962963
A2MMPAHJUJAVWV,64,5,0.0005756389592447617,0.0,1.0
A33BIGD5TBUL2I,6,402,0.046281372323278835,0.0,1.0
ACIAP3IPPGK27,15,50,0.005756389592447617,0.0,1.0
A35LSGTF3H8BYV,10,224,0.025788625374165323,0.0,1.0
A1EUE5JH2881MB,5,105,0.012088418144139995,0.0,1.0
A2NSNH8RW55F32,0,243,0.027976053419295415,0.0,1.0
AH7DLKHSGZKCR,13,218,0.02509785862307161,0.0,1.0
A2N1DWN3DCXNAI,19,69,0.007943817637577712,0.0,1.0
A32J6G16FFL8OC,28,20,0.002302555836979047,0.0,1.0
A1HUDHDSLZ8PFS,5,128,0.014736357356665898,0.0,1.0
A1WLAHPHD07E1N,6,402,0.046281372323278835,0.0,1.0
A3J3XO9BNTVTRS,12,183,0.021068385908358276,0.0,1.0
A3I9HER2MU2OML,8,232,0.02670964770895694,0.0,1.0
A1KFS7EKT2OYL2,8,83,0.009555606723463044,0.0,1.0
A24IS1LEMFQF8C,3,75,0.008634584388671426,0.0,1.0
A2TLDIYYGLF0G,8,232,0.02670964770895694,0.0,1.0
AVVD6V3FYC99O,26,25,0.0028781947962238084,0.0,1.0
A3L1N36J3BOL9V,11,16,0.0018420446695832373,0.0,1.0
A2RQVIY25W6ZD4,6,402,0.046281372323278835,0.0,1.0
AOJBKPV6ELTE9,1,210,0.02417683628827999,0.0,1.0
AZ2X2P045ZFH2,21,69,0.007943817637577712,0.0,1.0
A38EHG0M5YL5YQ,45,9,0.001036150126640571,0.0,1.0
AM5176KRA9JA9,2,27,0.003108450379921713,0.0,1.0
A2SYCZ9Y5Y6IGB,4,551,0.06343541330877274,0.0,1.0
A2VU7N0CHQ6YFJ,15,135,0.015542251899608565,0.0,1.0
AURHQ3OVNNSLK,6,402,0.046281372323278835,0.0,1.0
A1NDHLQN0K23QK,30,18,0.002072300253281142,0.0,1.0
A1X6TD4D3D9YUP,2,34,0.00391434492286438,0.0,1.0
A8THC8D64F5E3,13,218,0.02509785862307161,0.0,1.0
A1GLMR6A34M0VV,2,43,0.0049504950495049506,0.0,1.0
A378RFIJ6U88DI,82,4,0.00046051116739580933,0.0,1.0
A1UVUDG4DQ66L,4,551,0.06343541330877274,0.0,1.0
A1PG70NH85K859,1,186,0.021413769283905135,0.0014668969487622336,0.8692821854112177
A1UF3N52K5CWC2,6,402,0.046281372323278835,0.0,1.0
A1VR9II0HC7ZQ6,4,551,0.06343541330877274,0.0,1.0
A2L5YC5Z8JD34M,2,34,0.00391434492286438,0.0,1.0
A2MPVQT5N0NB20,5,32,0.0036840893391664746,0.0,1.0
A3FGOOWBV8SUCA,0,68,0.00782868984572876,0.0030377528288011405,0.38893766461808604
A1MCVOZSB6GDI8,9,78,0.008979967764218283,0.0,1.0
A36HL8Y5NI4FR9,7,112,0.012894312687082661,0.0004513529073114565,0.9305019305019305
A2MTB7FSEW2KG9,6,402,0.046281372323278835,0.0,1.0
A1M3PFRRYTK9ZE,22,57,0.006562284135390283,0.0,1.0
A3SYB4E5MCEBZL,10,224,0.025788625374165323,0.0,1.0
A1H1TAQ6E1TYAM,17,53,0.006101772967994474,0.0,1.0
A3PZR1PPVVQC6C,5,44,0.005065622841353903,0.0,1.0
AOWOA4AKT3AST,9,45,0.005180750633202855,0.0,1.0
A3N7GBJ5NC8RUC,14,107,0.0123186737278379,0.0,1.0
A2BJUIIQNFRLF9,4,551,0.06343541330877274,0.0,1.0
A1CCKKNSH3QR08,10,224,0.025788625374165323,0.0,1.0
A2EAFOKLI536FJ,8,57,0.006562284135390283,0.0,1.0
AE3B4JNHK2AWA,8,232,0.02670964770895694,0.0,1.0
A3KJQ5BA7AVOCN,6,402,0.046281372323278835,0.0,1.0
A3PCIFT337Q4N3,6,402,0.046281372323278835,0.0,1.0
A2T82KTPTGW2RE,15,135,0.015542251899608565,0.0,1.0
A2GML5RFMHMAYW,14,110,0.012664057103384757,8.462867012089809e-05,0.9479566305254379
ADS4GVLF8HIFU,1,210,0.02417683628827999,0.0,1.0
A26BZ1I78GIPUK,8,232,0.02670964770895694,0.0,1.0
A1N2YDAHTH2U5R,15,135,0.015542251899608565,0.0,1.0
A2N0UGB60G110F,8,232,0.02670964770895694,0.0,1.0
A2EVFD5C3NFKPU,8,9,0.001036150126640571,0.0,1.0
AM9Z8Y09D2KHG,0,18,0.002072300253281142,0.0,1.0
A1JAREBNI5AWYP,5,128,0.014736357356665898,0.0,1.0
AJIA55AVU0CUS,13,218,0.02509785862307161,0.0,1.0
A28XLRMDS3C0P,3,481,0.055376467879346074,0.0,1.0
ATZ1E69I6MF0N,26,25,0.0028781947962238084,0.0,1.0
A246IM7MP7YZ8K,0,20,0.002302555836979047,0.0014668969487622336,0.5210526315789473
A2FKYKDGHWSOIQ,2,26,0.0029933225880727607,0.0,1.0
A2245J0YNO975U,2,26,0.0029933225880727607,0.0,1.0
A3JUJ6UQVE5B92,1,173,0.019917107989868753,0.0,1.0
A1QXBKNTVF2BNV,10,17,0.00195717246143219,0.0,1.0
A1ULAF163Z7PM7,1,210,0.02417683628827999,0.0,1.0
A1Y8NN628X1IMH,2,29,0.0033387059636196177,0.0,1.0
A1D3X5TOQV6FQ7,7,108,0.012433801519686852,0.0,1.0
A1Y949S90RE8FP,12,183,0.021068385908358276,0.0,1.0
A253X5E4L0DM0W,1,173,0.019917107989868753,0.0,1.0
AS0NBFJ2W5NSW,2,68,0.00782868984572876,0.0,1.0
A298Q3B5R3X54L,10,19,0.0021874280451300945,0.0,1.0
A1LCR2QXP8PBB5,25,22,0.0025328114206769514,0.0,1.0
A8PEBDJYN6B16,7,5,0.0005756389592447617,0.0,1.0
A1YUZ3PFNAILHW,37,15,0.001726916877734285,0.0,1.0
A2S3I1ELT364CQ,5,50,0.005756389592447617,0.0,1.0
A3QA0BBQW08DLZ,9,39,0.004489983882109141,0.0,1.0
A2FB6W4914JSAN,4,551,0.06343541330877274,0.0,1.0
A3J7XPPQH4W2O3,1,5,0.0005756389592447617,0.0,1.0
ANRS196NKFVUU,12,183,0.021068385908358276,0.0,1.0
ADD6H83G26BIW,0,49,0.0056412618005986645,0.0,1.0
A29Y0RIJ23SDQW,2,46,0.0052958784250518075,0.00015206813956459542,0.6251207729468599
A153K6XUY9L0CF,17,53,0.006101772967994474,0.0,1.0
ABB3GDPNS9TVW,8,8,0.0009210223347916187,0.0,1.0
A1Z3LA4T9GJM5R,8,232,0.02670964770895694,0.0,1.0
A2EPL9FTJEUSZV,4,551,0.06343541330877274,0.0,1.0
A3B6PCNC86UB86,1,148,0.017038913193644947,0.0,1.0
A24820RRYFYLCO,0,36,0.004144600506562284,0.0,1.0
A2IR9680RV5O5J,4,551,0.06343541330877274,0.0,1.0
APNL8G7JMIY19,5,128,0.014736357356665898,0.0,1.0
A3TPEPYMO2GFN7,9,39,0.004489983882109141,0.0,1.0
AB33ZRXEBG41L,1,173,0.019917107989868753,0.0,1.0
A2YV0F1VTUGV54,8,83,0.009555606723463044,0.0,1.0
A1E6GEYZYQF84I,36,13,0.0014966612940363804,0.0,1.0
ACLU576JJXM93,4,551,0.06343541330877274,0.0,1.0
A3BGPW4WNBZTWS,16,93,0.010706884641952567,0.0,1.0
A3SDQ1BJ9RTQ2B,1,210,0.02417683628827999,0.0,1.0
ALHWZSTAELK9I,4,559,0.06435643564356436,0.000583109042458907,0.9717878187495592
A3IZFW84VV75XS,13,218,0.02509785862307161,0.0,1.0
A1VSJ1YD40Y7PG,14,107,0.0123186737278379,0.0,1.0
A3JNVOV0L3UI0J,14,107,0.0123186737278379,0.0,1.0
A2WER72RHDWH0I,8,57,0.006562284135390283,0.0,1.0
A1UJHREZ7T91J5,4,551,0.06343541330877274,0.0,1.0
A2Q4DC1N1DH67C,9,107,0.0123186737278379,0.0,1.0
A1NHTHTDTL70OV,3,481,0.055376467879346074,0.0,1.0
A2CKQA93KUJUH2,0,26,0.0029933225880727607,2.3030227089285756e-05,0.5015384615384615
A28LUBH5ZQBPIP,0,41,0.004720239465807046,0.0,1.0
A1KW4AGRCOIWI2,7,19,0.0021874280451300945,0.0,1.0
A1JD6COKA3KCEG,6,402,0.046281372323278835,0.0,1.0
AZGNX5BBS3UMW,2,247,0.028436564586691224,0.0063961511769559274,0.7442809650768573
AO5O459IFGVTG,65,5,0.0005756389592447617,0.0,1.0
A1G74Z2NYIIVCM,9,30,0.00345383375546857,0.0,1.0
A2EFLJ4R9F89L5,4,551,0.06343541330877274,0.0,1.0
A127GZ51PD786F,9,107,0.0123186737278379,0.0,1.0
AJPKDAFL8B7MO,8,57,0.006562284135390283,0.0,1.0
A3TUQQWT7KRSEK,6,402,0.046281372323278835,0.0,1.0
AIQZK8PU1F5RA,6,402,0.046281372323278835,0.0,1.0
A1XLCQVGWBU6UX,0,10,0.0011512779184895234,0.0,1.0
A2DQ2G3504O8W2,4,551,0.06343541330877274,0.0,1.0
A3A73UQRD23GVC,11,5,0.0005756389592447617,0.0,1.0
A1VK452U9ILPCZ,0,34,0.00391434492286438,0.0,1.0
A3INI5Z5O4TIXX,7,108,0.012433801519686852,0.0,1.0
A30UHM6OOPVHNA,2,43,0.0049504950495049506,0.0,1.0
A1VKA5J3NF7OU9,0,7,0.0008058945429426663,0.0,1.0
ALLFPK4VJC48D,6,402,0.046281372323278835,0.0,1.0
A206AJFCVJE56W,5,105,0.012088418144139995,0.0,1.0
A3O08GNFMHVJHD,5,128,0.014736357356665898,0.0,1.0
APV4CA1BTAGQ3,3,543,0.06251439097398112,0.0004868705843311464,0.8029126147615068
A1TQF28D7SVOMG,4,551,0.06343541330877274,0.0,1.0
A25EGTGMF8V06Y,9,107,0.0123186737278379,0.0,1.0
A23LF95HUEIGUR,4,551,0.06343541330877274,0.0,1.0
A2ZR2K4JOGBYAG,11,33,0.003799217131015427,0.0,1.0
A2CVWNQMZYG1E,5,50,0.005756389592447617,0.0,1.0
A1AMRAJP3AC0OE,30,18,0.002072300253281142,0.0,1.0
AFXE634F4366L,5,20,0.002302555836979047,0.0,1.0
A2GEK8R4FEXDZU,8,83,0.009555606723463044,0.0,1.0
A3RG6PPAEW83X2,10,60,0.00690766751093714,0.0,1.0
AAUXZRNDAPH2D,5,105,0.012088418144139995,0.0,1.0
A166PLPFD2A42H,15,50,0.005756389592447617,0.0,1.0
A3LMH7M7YGUW81,10,224,0.025788625374165323,0.0,1.0
A2IAOKN86UONF9,5,32,0.0036840893391664746,0.0,1.0
A3Q1EKWQUA0INF,10,224,0.025788625374165323,0.0,1.0
A39F5L16R1ATFS,1,210,0.02417683628827999,0.0,1.0
A307BM12B9ZPWV,3,481,0.055376467879346074,0.0,1.0
A2YDG1XB9J2N35,2,40,0.004605111673958094,0.0,1.0
A3VZ99CCMUESSY,9,107,0.0123186737278379,0.0,1.0
A1IHCWDL071ZZP,5,128,0.014736357356665898,0.0,1.0
A3BHPD32RSZJQX,8,232,0.02670964770895694,0.0,1.0
A3PAR3GOF45UEM,23,47,0.00541100621690076,0.0,1.0
A1Q4DVABELGRQO,7,70,0.008058945429426664,0.0,1.0
A1FZ5XWQ2NNT62,14,107,0.0123186737278379,0.0,1.0
AXKVDODFCKHYJ,4,551,0.06343541330877274,0.0,1.0
A1LR13XK9SU73G,0,121,0.013930462813723232,0.0014885385750563554,0.793939393939394
AP55R45MSCVQ7,11,29,0.0033387059636196177,0.0,1.0
A2FU6ITLPMNK9W,5,105,0.012088418144139995,0.0,1.0
A225F6Y9DTUEDM,12,183,0.021068385908358276,0.0,1.0
A1E2TVC46QZJ3X,18,81,0.00932535113976514,0.0,1.0
APZ51EQUCB79F,1,13,0.0014966612940363804,0.0,1.0
A2CI4FAG7AVRVA,23,47,0.00541100621690076,0.0,1.0
A2TNTY0JVQGGBJ,0,49,0.0056412618005986645,0.0,1.0
A7X0X400YR4W2,6,402,0.046281372323278835,0.0,1.0
A2CGLPWEC9NL0E,2,29,0.0033387059636196177,0.0,1.0
ATLCOMAE8J7FO,11,33,0.003799217131015427,0.0,1.0
A1Q9KLJSSM8RS6,4,551,0.06343541330877274,0.0,1.0
AY18E24VXG8FT,14,107,0.0123186737278379,0.0,1.0
A3VSGMP5KCQ4Q2,13,218,0.02509785862307161,0.0,1.0
A3UXW18DP4WSD6,0,49,0.0056412618005986645,0.0,1.0
A27S55KYD5LCAT,28,20,0.002302555836979047,0.0,1.0
A33U104WVD0P0S,16,93,0.010706884641952567,0.0,1.0
A1FW5ROF3LQC9Q,8,232,0.02670964770895694,0.0,1.0
A3M7JG967UXPE1,7,12,0.001381533502187428,0.0,1.0
A1XZGL8Q0L8G9U,3,481,0.055376467879346074,0.0,1.0
AA75INOMAHULX,5,336,0.038682938061247986,0.0022141524233412766,0.5731876332622601
A11EKN3A8FUEDC,13,218,0.02509785862307161,0.0,1.0
A1KBE34UO4E73Z,17,53,0.006101772967994474,0.0,1.0
A4RASGC2BYMD5,9,107,0.0123186737278379,0.0,1.0
A2O9BLNNEAH7JI,8,232,0.02670964770895694,0.0,1.0
A3PVOKGXUM0QUJ,8,57,0.006562284135390283,0.0,1.0
A1H5FVY4HX3ABU,10,224,0.025788625374165323,0.0,1.0
A3P8ZDHC7XSKSE,23,47,0.00541100621690076,0.0,1.0
A2JXWCXXRMY863,5,128,0.014736357356665898,0.0,1.0
A1WJ9679CCAXNS,12,183,0.021068385908358276,0.0,1.0
A1R4ZEXE3T5PW3,30,18,0.002072300253281142,0.0,1.0
A1URTX250HLGUF,1,210,0.02417683628827999,0.0,1.0
A3O7Z9L168UHBP,1,173,0.019917107989868753,0.0,1.0
AFERF0ZNBKAUS,2,14,0.0016117890858853327,0.0,1.0
A1M24LVM6J1IYY,10,274,0.03154501496661294,0.00265283625615174,0.7007834015133285
A3K7PWRX8GXJZP,1,210,0.02417683628827999,0.0,1.0
AMT7TEOP9X8JS,1,210,0.02417683628827999,0.0,1.0
AWAJT50EE2PBD,2,27,0.003108450379921713,0.0,1.0
A2YOA3UYNZWZL0,5,128,0.014736357356665898,0.0,1.0
A3DGJMO6VPG6FJ,5,44,0.005065622841353903,0.0,1.0
A3JXARXF2KGBIS,64,5,0.0005756389592447617,0.0,1.0
AOAVP3C5WIVNH,0,77,0.00886483997236933,0.0,1.0
A10RHYA8B2K9QT,4,551,0.06343541330877274,0.0,1.0
A3EMAT5NS591P1,3,481,0.055376467879346074,0.0,1.0
A2BW7NHB67AQWP,3,481,0.055376467879346074,0.0,1.0
A3RL4MZ8PH9Q5B,15,50,0.005756389592447617,0.0,1.0
A2NLE392AJ0LOU,14,107,0.0123186737278379,0.0,1.0
A3DM8NDY4EIUP1,7,88,0.010131245682707806,0.0006558549345392079,0.6768547544409613
A3PBQYLXZ77BGK,6,402,0.046281372323278835,0.0,1.0
A32WHPPRFXTHRV,10,224,0.025788625374165323,0.0,1.0
AB5S5DS16EVMJ,11,16,0.0018420446695832373,0.0,1.0
A20Q4FIBCAG2ZV,13,218,0.02509785862307161,0.0,1.0
A1CRUBEW267K0W,0,36,0.004144600506562284,0.0,1.0
A254AGEWJ5VRFI,6,402,0.046281372323278835,0.0,1.0
A3TCV19D652GPU,13,218,0.02509785862307161,0.0,1.0
A1W6QZK6BFJLW2,10,60,0.00690766751093714,0.0,1.0
A26QL0T3E7MOAE,5,35,0.004029472714713332,0.0,1.0
A2HDRD3QSR2XWC,3,481,0.055376467879346074,0.0,1.0
A2KKWNUX1E3HPL,5,128,0.014736357356665898,0.0,1.0
AALVOR2JKHN5Q,26,25,0.0028781947962238084,0.0,1.0
A1LPLXAQRZE8TF,6,402,0.046281372323278835,0.0,1.0
AAYB56GHHGB6R,1,210,0.02417683628827999,0.0,1.0
A3L6A3G6T6IXXF,11,157,0.018075063320285516,0.0,1.0
A1XT816XMPYPZ9,0,8,0.0009210223347916187,0.0,1.0
A2HLXJBE9N7MPQ,5,105,0.012088418144139995,0.0,1.0
A1AIK0Q0EGHR7P,76,4,0.00046051116739580933,0.0,1.0
AOI57C0MJUT6J,0,36,0.004144600506562284,0.0,1.0
A10UQI8QS0Z2N3,1,210,0.02417683628827999,0.0,1.0
AYK7KLKHFHS89,22,57,0.006562284135390283,0.0,1.0
A1GZULYG4M5HHR,17,22,0.0025328114206769514,0.0,1.0
A2Z8UCDJZF6YLG,22,57,0.006562284135390283,0.0,1.0
A105TOJ6LTVMBG,1,173,0.019917107989868753,0.0,1.0
AZD8DMTDUVUDL,12,183,0.021068385908358276,0.0,1.0
A17GV9STD2PEMQ,7,4,0.00046051116739580933,0.0,1.0
A3V7Y6EPPSN6HZ,8,232,0.02670964770895694,0.0,1.0
A2E6A49WGDYWFA,5,105,0.012088418144139995,0.0,1.0
A2RU0H9MD4IH5M,13,218,0.02509785862307161,0.0,1.0
A199IPMLMRRRMH,10,224,0.025788625374165323,0.0,1.0
A2MTXUIGK2736T,2,68,0.00782868984572876,0.0,1.0
A1QKUDP9EUHJXH,13,218,0.02509785862307161,0.0,1.0
AWMFKTA75KJQB,0,7,0.0008058945429426663,0.0,1.0
AFM65NU0UXIGP,6,402,0.046281372323278835,0.0,1.0
A3TNTDRTVYO1SN,10,224,0.025788625374165323,0.0,1.0
A2IDCSC6NVONIZ,13,218,0.02509785862307161,0.0,1.0
A3I996CW1YFR3D,19,69,0.007943817637577712,0.0,1.0
A1OV3CJD0MFYTU,8,232,0.02670964770895694,0.0,1.0
AQT6XL9FRECC7,6,402,0.046281372323278835,0.0,1.0
A3W3XQY4GQRSIY,8,83,0.009555606723463044,0.0,1.0
A2RTUZEUT87V92,4,551,0.06343541330877274,0.0,1.0
ASAE723AV7MYO,9,78,0.008979967764218283,0.0,1.0
A2V1J3JT5OOZFO,33,15,0.001726916877734285,0.0,1.0
A1W9Z0FT00LC06,11,29,0.0033387059636196177,0.0,1.0
A37NYCRAA80CP8,1,173,0.019917107989868753,0.0,1.0
A1DVJIPY0MFSNF,9,45,0.005180750633202855,0.0,1.0
A2VVT23YZNEOUE,21,69,0.007943817637577712,0.0,1.0
AG08KHIO8TVPY,8,83,0.009555606723463044,0.0,1.0
ADMG20HK1BEO7,5,32,0.0036840893391664746,0.0,1.0
AS0RNYRU3YTWW,7,24,0.002763067004374856,0.0,1.0
A2WSDJTS2R1R8J,4,551,0.06343541330877274,0.0,1.0
A1D45GKC02247Y,11,157,0.018075063320285516,0.0,1.0
AS5NJXTCU9LX8,8,232,0.02670964770895694,0.0,1.0
A2JWF9IG8PJAOA,21,69,0.007943817637577712,0.0,1.0
A3LG0DU1ALKTH3,12,45,0.005180750633202855,0.0,1.0
A8ZVKQT47JSH5,11,157,0.018075063320285516,0.0,1.0
A26IJ5PCZRI3V3,6,402,0.046281372323278835,0.0,1.0
AEQZYT45D9V5R,25,22,0.0025328114206769514,0.0,1.0
A1RLSO6B5APQH4,23,47,0.00541100621690076,0.0,1.0
A3STNU0QG5IMCY,67,5,0.0005756389592447617,0.0,1.0
A37LCWTTQMBMFX,2,26,0.0029933225880727607,0.0,1.0
A186SYJ56RFQPG,5,105,0.012088418144139995,0.0,1.0
A3JSJUGQ3WI8MY,24,33,0.003799217131015427,0.0,1.0
A3G0U8SNAL7UV8,7,70,0.008058945429426664,0.0,1.0
A2IYOX0G607ZKS,8,232,0.02670964770895694,0.0,1.0
A72KEKIG7WATK,1,148,0.017038913193644947,0.0,1.0
A23QCWXEG3BJ9H,2,16,0.0018420446695832373,0.0005641911341393207,0.5416666666666666
A3I28B9NJBGB5O,0,11,0.0012664057103384757,0.0,1.0
A12TM9OYN1GR0E,4,551,0.06343541330877274,0.0,1.0
A291IOKN3QEQNQ,1,307,0.03534423209762837,0.00023993556202327965,0.5469332141108344
A1R3NJNVS6HLV7,15,50,0.005756389592447617,0.0,1.0
A2G8DGQ8CHJUQM,25,22,0.0025328114206769514,0.0,1.0
A2UHI6BF37BZ0Z,14,107,0.0123186737278379,0.0,1.0
A27POUEZJP2IDM,30,18,0.002072300253281142,0.0,1.0
ATSVUBE2115N1,15,135,0.015542251899608565,0.0,1.0
A1JXNDR68ZJZX4,5,105,0.012088418144139995,0.0,1.0
A38ONUWY6M0KZU,8,232,0.02670964770895694,0.0,1.0
A5U3O5KSTUOY0,11,16,0.0018420446695832373,0.0,1.0
A21IMS76KY1VPC,29,17,0.00195717246143219,0.0,1.0
AJXQJ5KGNLRVS,3,481,0.055376467879346074,0.0,1.0
A551XNTLYOHAS,2,43,0.0049504950495049506,0.0,1.0
AB42YRI44M2YH,5,105,0.012088418144139995,0.0,1.0
A1SNCVH8GXEJPA,10,224,0.025788625374165323,0.0,1.0
A3BNLLP9KAA1FE,7,24,0.002763067004374856,0.0,1.0
A2T1BB7S1F9YYU,3,481,0.055376467879346074,0.0,1.0
A3NKP1YSDFGW5,38,13,0.0014966612940363804,0.0,1.0
AM3R8PW5WQ7UB,1,173,0.019917107989868753,0.0,1.0
A10VE1GY2DIMOZ,1,173,0.019917107989868753,0.0,1.0
A13EQE9EY2ET93,2,55,0.006332028551692378,0.0,1.0
A20GQ8NXD8TQUG,8,57,0.006562284135390283,0.0,1.0
A34NVQTFD4QYJ0,3,481,0.055376467879346074,0.0,1.0
A2JFHS5XX1PMXZ,10,224,0.025788625374165323,0.0,1.0
A263ACJCNTURTL,5,128,0.014736357356665898,0.0,1.0
AMFXT0836BF87,1,173,0.019917107989868753,0.0,1.0
A3DPT4CDBMX0N7,6,402,0.046281372323278835,0.0,1.0
A3UOSOCRKS3WIH,13,218,0.02509785862307161,0.0,1.0
AXTD5V28KMNTX,6,402,0.046281372323278835,0.0,1.0
A5PC0I3U0OP6O,0,35,0.004029472714713332,0.0,1.0
A19RD443T9F1WX,7,7,0.0008058945429426663,0.0,1.0
A1KNSBM4VIPXED,0,12,0.001381533502187428,0.0,1.0
AG50Y7KCLNM3W,10,60,0.00690766751093714,0.0,1.0
A3GS06T7VKDRPV,12,183,0.021068385908358276,0.0,1.0
A2QT1VUOINR03O,12,183,0.021068385908358276,0.0,1.0
AZOK5STV85FBJ,0,77,0.00886483997236933,0.0,1.0
ASKH5LEPX8O39,0,243,0.027976053419295415,0.0,1.0
A3JZ3PFAD6DXBM,12,183,0.021068385908358276,0.0,1.0
A14QFQFF3ZX575,7,12,0.001381533502187428,0.0,1.0
AZV2U6GU5QA6C,22,57,0.006562284135390283,0.0,1.0
AO84V5QJ6K23Z,7,19,0.0021874280451300945,0.0,1.0
ADWUJZ8865J2A,1,199,0.022910430577941513,0.0021051712651281715,0.7717882340997919
A2T48324YQHU56,1,210,0.02417683628827999,0.0,1.0
A6T02WJLLG3X6,4,551,0.06343541330877274,0.0,1.0
A1XTQULERNAFQ,7,27,0.003108450379921713,0.0,1.0
A2Q230N02UCO8O,5,128,0.014736357356665898,0.0,1.0
A143LJ4G2OPP7T,1,210,0.02417683628827999,0.0,1.0
A3HTMF9ROZGCPK,17,53,0.006101772967994474,0.0,1.0
A3DIEJHDPL4PUC,6,402,0.046281372323278835,0.0,1.0
A3KM0K7M1NN2C5,10,224,0.025788625374165323,0.0,1.0
A2989GGNNTCGZU,8,232,0.02670964770895694,0.0,1.0
A2PNZBN5CNAHTR,7,70,0.008058945429426664,0.0,1.0
A2VTMCHYNBZC07,39,12,0.001381533502187428,0.0,1.0
A1LPDIAKNVQNQ2,1,173,0.019917107989868753,0.0,1.0
A22M9VM8S9YCZ6,17,53,0.006101772967994474,0.0,1.0
A3NVZTGPORNPRW,0,4,0.00046051116739580933,0.0,1.0
A1FR0HJ5QMXV8O,0,13,0.0014966612940363804,0.0,1.0
A7060R14RJF3I,13,218,0.02509785862307161,0.0,1.0
A16Q11SK6172U4,5,128,0.014736357356665898,0.0,1.0
A1ENHG9CYI17HW,12,183,0.021068385908358276,0.0,1.0
A39KES33IH1GXR,4,551,0.06343541330877274,0.0,1.0
A1J2E7CBMOLNKX,11,33,0.003799217131015427,0.0,1.0
A3AGVFQM0TJJW4,22,57,0.006562284135390283,0.0,1.0
A3RHPUZBOP4D47,83,4,0.00046051116739580933,0.0,1.0
A2R7LGGF0XYJGK,0,7,0.0008058945429426663,0.0,1.0
AZQ9DYG38GVBR,1,173,0.019917107989868753,0.0,1.0
AHCXIFBSY3GC6,10,224,0.025788625374165323,0.0,1.0
A1JMUZQQEUAI2T,5,105,0.012088418144139995,0.0,1.0
A10TI8SX6OKJ23,9,107,0.0123186737278379,0.0,1.0
A12BD1BM69K25L,5,128,0.014736357356665898,0.0,1.0
ACCFF5B6TMOOV,4,551,0.06343541330877274,0.0,1.0
A1Z6X34Q50T7BU,15,135,0.015542251899608565,0.0,1.0
A1KD8MR1V4JVK0,25,22,0.0025328114206769514,0.0,1.0
ADX6KUX4WWSJD,0,32,0.0036840893391664746,0.0,1.0
AJ4NMYPGJ43BY,12,45,0.005180750633202855,0.0,1.0
A1889S56VFLVMZ,7,19,0.0021874280451300945,0.0,1.0
A272Y6VXIMOKSF,6,402,0.046281372323278835,0.0,1.0
A37VJLVXDOWABZ,4,551,0.06343541330877274,0.0,1.0
A35B9KQC3483CR,1,148,0.017038913193644947,0.0,1.0
AJ8FMV8SGKUIJ,6,402,0.046281372323278835,0.0,1.0
AOQ1XQTHD9ZNR,6,402,0.046281372323278835,0.0,1.0
A2UO040HWOP0C2,9,45,0.005180750633202855,0.0,1.0
A1HI8X9113YNFB,0,243,0.027976053419295415,0.0,1.0
A2M775WAM2DXTD,9,107,0.0123186737278379,0.0,1.0
A1Y1J6BKWVU4C0,11,157,0.018075063320285516,0.0,1.0
A1WPFIZ8P3O86V,6,402,0.046281372323278835,0.0,1.0
A2H0734J35EB5Q,8,57,0.006562284135390283,0.0,1.0
A3O10ZTQSU6RKX,4,551,0.06343541330877274,0.0,1.0
A2XM50BCI5A9ZT,17,53,0.006101772967994474,0.0,1.0
A17VA7VAEI0PQK,1,210,0.02417683628827999,0.0,1.0
A1U29HNXYN3TIB,10,60,0.00690766751093714,0.0,1.0
A3QHAJV442WLZ2,2,34,0.00391434492286438,0.0,1.0
AVWRG73FEVBQV,1,173,0.019917107989868753,0.0,1.0
A2HYEGYQXWXCJX,1,148,0.017038913193644947,0.0,1.0
A3IC6OB22INS9,13,218,0.02509785862307161,0.0,1.0
A2NS2BWQKIS13C,10,224,0.025788625374165323,0.0,1.0
A1U99PCPE9US61,6,402,0.046281372323278835,0.0,1.0
AZBELVP7XNQ2W,0,55,0.006332028551692378,0.0,1.0
A1YYWUE2ZNN8RK,5,105,0.012088418144139995,0.0,1.0
A24HQQ50SO3A0O,4,551,0.06343541330877274,0.0,1.0
A2QBZA4S1ROX9Q,50,7,0.0008058945429426663,0.0,1.0
AZSH7IFNZR62F,0,57,0.006562284135390283,0.000792498851061638,0.5269423558897243
A1RMTJ6SNY7A6O,8,57,0.006562284135390283,0.0,1.0
A140KFMVPOLASZ,1,148,0.017038913193644947,0.0,1.0
AZ0FIJCBTM6MI,21,69,0.007943817637577712,0.0,1.0
A2JAUEU9WI3D95,8,232,0.02670964770895694,0.0,1.0
A18BVW63F1Y9QX,12,45,0.005180750633202855,0.0,1.0
A2SBFXPN5V6A6X,9,11,0.0012664057103384757,0.0,1.0
ADHABLMCBV9CG,36,13,0.0014966612940363804,0.0,1.0
A18UVDQMISP7YA,8,232,0.02670964770895694,0.0,1.0
A2EARYEYVMMNZZ,6,402,0.046281372323278835,0.0,1.0
A16DPGQQ5MFJ8G,2,12,0.001381533502187428,0.0,1.0
A102ZABPUPNYCT,0,15,0.001726916877734285,0.0,1.0
A352L9PCDDK7NE,0,18,0.002072300253281142,0.0,1.0
A3GVTK181RD96Y,0,4,0.00046051116739580933,0.0,1.0
A1H60O5I18S403,4,551,0.06343541330877274,0.0,1.0
A1X3GSQ1ZM4UEQ,26,25,0.0028781947962238084,0.0,1.0
AFEK14A7MNGTV,5,128,0.014736357356665898,0.0,1.0
A3SUZ5RKR6CNKT,10,60,0.00690766751093714,0.0,1.0
A2NOSUGEJQ3GI3,22,57,0.006562284135390283,0.0,1.0
A96AON1A885W9,2,37,0.004259728298411237,0.0,1.0
A1S71JIN40YHXK,7,40,0.004605111673958094,0.0,1.0
A33PWO1CNL1KAP,0,36,0.004144600506562284,0.0,1.0
A3PUAZ6L97FT78,12,183,0.021068385908358276,0.0,1.0
ASZL6B12IBU69,0,4,0.00046051116739580933,0.0,1.0
A2ZOBJMDF6EZTH,2,12,0.001381533502187428,0.0,1.0
A32M3NV9464KEA,4,551,0.06343541330877274,0.0,1.0
A1MWAFR2POMHPU,7,70,0.008058945429426664,0.0,1.0
A36TM9ZVJF41SS,5,105,0.012088418144139995,0.0,1.0
A2TUXUOKJHAYCI,6,402,0.046281372323278835,0.0,1.0
A36X82VV95S49L,4,551,0.06343541330877274,0.0,1.0
A1IICMPYFNPG01,0,4,0.00046051116739580933,0.0,1.0
A1XSZF2A3ZV2MW,10,17,0.00195717246143219,0.0,1.0
A3KOJO1L2VCAV,2,37,0.004259728298411237,0.0,1.0
A3N8O68DOEQ2FE,1,173,0.019917107989868753,0.0,1.0
A3O64PJAT8FRAU,2,34,0.00391434492286438,0.0,1.0
A6Y2332S1BKOH,4,551,0.06343541330877274,0.0,1.0
A279M2SJNQDWM7,3,75,0.008634584388671426,0.0,1.0
AO94DHGC771SJ,84,4,0.00046051116739580933,0.0,1.0
A3OKIB6PSM1MWI,6,402,0.046281372323278835,0.0,1.0
A3TXZJQWCPYNVS,66,5,0.0005756389592447617,0.0,1.0
A16PPW1E26SZPX,10,224,0.025788625374165323,0.0,1.0
A1T39H43F02PHO,5,128,0.014736357356665898,0.0,1.0
A2IPN5RZ7YAJG7,12,183,0.021068385908358276,0.0,1.0
A3992SE2YUH0B9,10,60,0.00690766751093714,0.0,1.0
ADTRPBYXKK8BE,21,69,0.007943817637577712,0.0,1.0
A25UHHZKAFJ563,1,210,0.02417683628827999,0.0,1.0
A28A0A6EDMP5P8,2,29,0.0033387059636196177,0.0,1.0
A2MGCK4TVZQHIC,12,183,0.021068385908358276,0.0,1.0
A2IEKS5Z84WVSR,3,481,0.055376467879346074,0.0,1.0
AWWBWAEQ8UUO0,14,107,0.0123186737278379,0.0,1.0
A24XQKM79FYFV0,6,402,0.046281372323278835,0.0,1.0
A2Z6M29DOKM8EB,12,183,0.021068385908358276,0.0,1.0
AWUBTQZOBGFKK,45,9,0.001036150126640571,0.0,1.0
A1FAJINGM36NHC,9,107,0.0123186737278379,0.0,1.0
A2J591OLWPBEMQ,32,17,0.00195717246143219,0.0,1.0
A24P9F6NZ7I0EL,10,224,0.025788625374165323,0.0,1.0
A2P38D8T3HQ14T,14,107,0.0123186737278379,0.0,1.0
A3LLE02CO1W5T1,6,402,0.046281372323278835,0.0,1.0
A3HHR7GMW69TFX,6,402,0.046281372323278835,0.0,1.0
A2EQDEKD20ZLGD,54,6,0.000690766751093714,0.0,1.0
A3UI5ODGOLAXEI,4,551,0.06343541330877274,0.0,1.0
A17P5N52BH91E1,0,27,0.003108450379921713,0.0,1.0
A26XK9WTQOWCV,16,93,0.010706884641952567,0.0,1.0
A11T5128OZMUY4,8,83,0.009555606723463044,0.0,1.0
A2EQ0QDOSGH6AC,1,210,0.02417683628827999,0.0,1.0
A3SY619VFSOOZY,0,36,0.004144600506562284,0.0,1.0
A2QLAROSHRF0W3,12,45,0.005180750633202855,0.0,1.0
A2NOQZINOJVPV2,12,45,0.005180750633202855,0.0,1.0
A1BC62X6HZJGZR,5,309,0.03557448768132627,0.0022709557086729847,0.3535703778422225
A1KY771GFD2Z63,4,551,0.06343541330877274,0.0,1.0
AUMJC6WY81CEI,46,9,0.001036150126640571,0.0,1.0
A22WMZMHRAR43Z,17,22,0.0025328114206769514,0.0,1.0
A2LURQYS40HDPR,5,105,0.012088418144139995,0.0,1.0
A29P65DEEZIEB0,11,29,0.0033387059636196177,0.0,1.0
AWELDY8FAE20O,5,128,0.014736357356665898,0.0,1.0
A2HFOS6ULS3BQJ,2,26,0.0029933225880727607,0.0,1.0
AGL4FKIL9IYXA,1,173,0.019917107989868753,0.0,1.0
A2V142MS1OHRFZ,8,232,0.02670964770895694,0.0,1.0
A1GSJ4TMAE2MYC,2,40,0.004605111673958094,0.0,1.0
A184F48SN5WFPU,17,53,0.006101772967994474,0.0,1.0
A3QJFOLL5KGS8H,3,481,0.055376467879346074,0.0,1.0
A1AQU5XF9GP4SB,7,70,0.008058945429426664,0.0,1.0
A1AQ8JT2A3UWMY,0,42,0.004835367257655998,0.0,1.0
A3GN5NR7GDB3DE,8,232,0.02670964770895694,0.0,1.0
A35667Y9Y4EBLE,8,232,0.02670964770895694,0.0,1.0
ATWPVC644K29Z,13,218,0.02509785862307161,0.0,1.0
A329AE4A7Q1FQK,29,17,0.00195717246143219,0.0,1.0
AVPJ9F4OR0VRB,14,107,0.0123186737278379,0.0,1.0
A2XBFJZRMF9BJX,10,60,0.00690766751093714,0.0,1.0
A34NI8DC5AAE2W,8,232,0.02670964770895694,0.0,1.0
A1GFES7JBA2TNR,15,135,0.015542251899608565,0.0,1.0
A94EFB6F2WH98,5,128,0.014736357356665898,0.0,1.0
A2L3ZOXJL8OR9G,0,5,0.0005756389592447617,0.0,1.0
A2DN13HKY0A58L,7,42,0.004835367257655998,0.0,1.0
A1LB1T6HPU2J91,12,183,0.021068385908358276,0.0,1.0
A2IQTGLZ3PIWAM,2,43,0.0049504950495049506,0.0,1.0
AQQTTYTRXWSV,4,551,0.06343541330877274,0.0,1.0
A3GHITPT5SRXBH,1,210,0.02417683628827999,0.0,1.0
A3FP9141P7DHT6,57,6,0.000690766751093714,0.0,1.0
A8LEFDO3AKIJP,1,56,0.006447156343541331,0.007465787660468534,0.512987012987013
A10CT6NX3DLQ8B,6,402,0.046281372323278835,0.0,1.0
AWA8NYOA1CPBS,11,157,0.018075063320285516,0.0,1.0
AI43VKPN5NF7D,9,78,0.008979967764218283,0.0,1.0
A3BAVQ0GF8FI0R,0,35,0.004029472714713332,0.0,1.0
A1Q0SLK0BVABXZ,10,331,0.03810729910200322,0.0025929818008566447,0.5612011352192621
A1SM9R4UGRNV4V,46,9,0.001036150126640571,0.0,1.0
A2L44BPVGMB5FD,11,157,0.018075063320285516,0.0,1.0
A3OCVR5HUT1QAO,19,69,0.007943817637577712,0.0,1.0
A2XJD20SEKWFCK,29,17,0.00195717246143219,0.0,1.0
A20HMQGKR7RET5,37,15,0.001726916877734285,0.0,1.0
A2OTT4J4JLCL1G,2,27,0.003108450379921713,0.0,1.0
A1Y7QU3BUUSI6R,2,27,0.003108450379921713,0.0,1.0
A3A1JKH6FU935A,8,83,0.009555606723463044,0.0,1.0
A2HGQNXVQ8DPA8,0,7,0.0008058945429426663,0.0,1.0
A1LMUHXVNBLTGZ,7,27,0.003108450379921713,0.0,1.0
A2KTANMYE2372G,4,1020,0.11743034768593137,0.004751259400658463,0.5137466566607015
A2TETZJOUBQTJE,7,40,0.004605111673958094,0.0,1.0
A3C2B90CTO7T1V,10,224,0.025788625374165323,0.0,1.0
A1OXZ8PYU1A2J0,0,36,0.004144600506562284,0.0,1.0
A23C4KJDFH9TIK,5,17,0.00195717246143219,0.0,1.0
A3CVMCBTBQ7R79,0,8,0.0009210223347916187,0.0,1.0
A1AJ1LFYJW80AT,4,551,0.06343541330877274,0.0,1.0
A2YAXL6USA6MJO,1,148,0.017038913193644947,0.0,1.0
A12XCRHPREC51Y,13,218,0.02509785862307161,0.0,1.0
A21EXYTX5JWPAU,3,75,0.008634584388671426,0.0,1.0
A99K7S15XOQ45,6,402,0.046281372323278835,0.0,1.0
A4DZOJ79D9BXE,40,12,0.001381533502187428,0.0,1.0
A1PGUHJ9ZN499P,9,78,0.008979967764218283,0.0,1.0
A3PHHFN21LG8L,8,232,0.02670964770895694,0.0,1.0
A29N6KX6PCN26H,4,551,0.06343541330877274,0.0,1.0
A2M02TL1Q0DP5N,6,402,0.046281372323278835,0.0,1.0
A3QJS46YEWWSX4,5,128,0.014736357356665898,0.0,1.0
A928NXDJXHVS8,14,110,0.012664057103384757,8.462867012089809e-05,0.9479566305254379
A342ZILZJ260ST,2,591,0.06804052498273083,0.0032086420262982204,0.8736642863288308
APK74RJ5E0DDX,2,26,0.0029933225880727607,0.0,1.0
A1813WUXSSZUMT,5,105,0.012088418144139995,0.0,1.0
A2NB8QWHLQ60UU,19,69,0.007943817637577712,0.0,1.0
A2KZXS3L7C975N,8,57,0.006562284135390283,0.0,1.0
AFADNTL25LLL8,4,551,0.06343541330877274,0.0,1.0
AB2PV7PVCSMT2,1,210,0.02417683628827999,0.0,1.0
A2XIOXRRYX0KZY,7,42,0.004835367257655998,0.0,1.0
A1M3TSM595RANO,22,57,0.006562284135390283,0.0,1.0
A27BPKU7ZJ3NOO,1,148,0.017038913193644947,0.0,1.0
A1WVSXVCCRRHZN,6,402,0.046281372323278835,0.0,1.0
A2PDNGELZSWCQG,5,105,0.012088418144139995,0.0,1.0
A16TTF45LJY6IJ,1,210,0.02417683628827999,0.0,1.0
A6G3U9XJ8JCZM,4,551,0.06343541330877274,0.0,1.0
AR5UBWWTT2UQM,26,25,0.0028781947962238084,0.0,1.0
AZIQ99PTUQ3PJ,23,47,0.00541100621690076,0.0,1.0
A3KY5RJPX71812,4,551,0.06343541330877274,0.0,1.0
A22VA25WNAMON7,1,148,0.017038913193644947,0.0,1.0
A3OA4DV4L81N1D,9,13,0.0014966612940363804,0.0,1.0
A3PGE0N774CEXW,6,402,0.046281372323278835,0.0,1.0
AUNJAQP3VECI5,6,402,0.046281372323278835,0.0,1.0
A2H1ZKAQN0B49Z,0,27,0.003108450379921713,0.000201343032961889,0.4928774928774929
A30CV4T4I9Y89P,1,307,0.03534423209762837,0.00023993556202327965,0.5469332141108344
A3I4MTIXADZFYS,7,27,0.003108450379921713,0.0,1.0
A3GH0VSG68C8SL,8,83,0.009555606723463044,0.0,1.0
A5ESSBL2PIQBD,12,183,0.021068385908358276,0.0,1.0
A379D24QUVV1X3,8,57,0.006562284135390283,0.0,1.0
ANSKSPEEAKY7S,50,7,0.0008058945429426663,0.0,1.0
A1NUAX0GYD3076,1,173,0.019917107989868753,0.0,1.0
A2Z7FGJ2UCQV7T,0,49,0.0056412618005986645,0.0,1.0
A176P2BEE2LF22,5,128,0.014736357356665898,0.0,1.0
A2FS1U06RM7LCG,19,69,0.007943817637577712,0.0,1.0
A2RBX3L0OJSXN0,14,110,0.012664057103384757,8.462867012089809e-05,0.9479566305254379
AQDP0LRIFC9UU,2,11,0.0012664057103384757,0.0,1.0
A2G4OJFE2Q4HJO,0,21,0.002417683628827999,0.00011833144182286028,0.6
A22XH75Z0895RC,8,83,0.009555606723463044,0.0,1.0
A3J60ZQRDBBJ4S,36,13,0.0014966612940363804,0.0,1.0
A1Q3WWX7DN2XZ3,10,60,0.00690766751093714,0.0,1.0
A3PQBXEJX8WZ14,8,57,0.006562284135390283,0.0,1.0
A3OMBQCLXIYH82,7,70,0.008058945429426664,0.0,1.0
A22EUYXY2KQEKH,0,12,0.001381533502187428,0.0,1.0
A2O26XU8WGOQSC,1,173,0.019917107989868753,0.0,1.0
A1S6B5QFWGVL5U,50,7,0.0008058945429426663,0.0,1.0
A3PJTNFMKC508C,2,27,0.003108450379921713,0.0,1.0
A2YGB747HQLREO,14,107,0.0123186737278379,0.0,1.0
A3JSBSXZRB2BBJ,15,135,0.015542251899608565,0.0,1.0
A3SXP858XO6OCZ,4,551,0.06343541330877274,0.0,1.0
A3FQZZNEHL02WO,14,107,0.0123186737278379,0.0,1.0
A2MF5NKKRVRZTJ,2,13,0.0014966612940363804,0.0,1.0
A3T5H53KJY7ZG,15,135,0.015542251899608565,0.0,1.0
A2NOXTG05AHVB3,13,218,0.02509785862307161,0.0,1.0
A1WORIFR4ZF3J,4,551,0.06343541330877274,0.0,1.0
AQL1IWD29ISFD,20,17,0.00195717246143219,0.0,1.0
AEF4USLDQB9WG,2,37,0.004259728298411237,0.0,1.0
A21FX4X350687H,2,55,0.006332028551692378,0.0,1.0
A27T9BZ9WP57BY,0,49,0.0056412618005986645,0.0,1.0
A1S2M6SA4OAUNK,7,19,0.0021874280451300945,0.0,1.0
A2ATP6ZTCPX1QX,0,12,0.001381533502187428,0.0,1.0
A1EZ520KVSUVST,5,128,0.014736357356665898,0.0,1.0
AE7SDXRY05RW5,55,6,0.000690766751093714,0.0,1.0
A2IVL3B6VM0EHN,4,551,0.06343541330877274,0.0,1.0
A1A5532VDV679B,2,26,0.0029933225880727607,0.0,1.0
AF1NQ69CABFD0,2,37,0.004259728298411237,0.0,1.0
A113JL355TBC33,1,210,0.02417683628827999,0.0,1.0
A3QSBA4YOYLAP5,17,53,0.006101772967994474,0.0,1.0
A3077MQTAKOVFZ,3,530,0.06101772967994474,0.004766050135905964,0.8322930413382317
A1J5BGM658BIUS,1,173,0.019917107989868753,0.0,1.0
A2NHID60GOWHD0,1,173,0.019917107989868753,0.0,1.0
A32B6XWNR55SRL,1,148,0.017038913193644947,0.0,1.0
A1SWUTIQ0QGM38,6,402,0.046281372323278835,0.0,1.0
AS4V31G3T0L3Z,6,402,0.046281372323278835,0.0,1.0
A1ZP77LMY0DTIM,12,183,0.021068385908358276,0.0,1.0
A3MV6ZFPS15FIN,6,402,0.046281372323278835,0.0,1.0
A3I4LKBE81T7QC,4,551,0.06343541330877274,0.0,1.0
ASLAICRA179OS,14,107,0.0123186737278379,0.0,1.0
A3HAPTHHU5B1MT,6,402,0.046281372323278835,0.0,1.0
A37PHA4BWQ4XB9,0,18,0.002072300253281142,0.0,1.0
A3TUOAQ56ZQIJH,15,50,0.005756389592447617,0.0,1.0
A2UG509F865GJK,18,81,0.00932535113976514,0.0,1.0
A6GSTJCNZY4IW,9,78,0.008979967764218283,0.0,1.0
AHU88DJO03XZ7,7,42,0.004835367257655998,0.0,1.0
ADZCA4OI2ZKUX,9,78,0.008979967764218283,0.0,1.0
A18EU4GV8OLOBB,5,105,0.012088418144139995,0.0,1.0
A85PGE2FRU7J8,7,70,0.008058945429426664,0.0,1.0
A21M8JLOHG5Q6V,12,183,0.021068385908358276,0.0,1.0
A1XTVZ9Y9Y6GRU,14,107,0.0123186737278379,0.0,1.0
A1WPDGKWL4ANIS,1,148,0.017038913193644947,0.0,1.0
A2Y6PGW144PYBN,1,173,0.019917107989868753,0.0,1.0
A1SMCTGDM2LK7X,8,232,0.02670964770895694,0.0,1.0
APH8C0RM4GMQB,6,402,0.046281372323278835,0.0,1.0
A15ZT0K8VGFLL2,5,35,0.004029472714713332,0.0,1.0
AN9TUUCDXX6SO,8,57,0.006562284135390283,0.0,1.0
A145GBOUVLGECJ,15,135,0.015542251899608565,0.0,1.0
A3KKULCHWGLL5Q,1,37,0.004259728298411237,0.0,1.0
A506HOOCVL8GW,15,135,0.015542251899608565,0.0,1.0
A1WJBJUQ24G8BU,5,128,0.014736357356665898,0.0,1.0
A265ELQ8QCGJZ1,11,157,0.018075063320285516,0.0,1.0
ALA9EIJ7G1SCF,4,551,0.06343541330877274,0.0,1.0
A1D8JPKIZ9SZYL,1,148,0.017038913193644947,0.0,1.0
A3NN1FTQVVXLP7,6,402,0.046281372323278835,0.0,1.0
A1FPVTPIJF9IIQ,1,13,0.0014966612940363804,0.0,1.0
A25SJLO22V5GXO,4,551,0.06343541330877274,0.0,1.0
A1O3DZU81QWRIF,10,224,0.025788625374165323,0.0,1.0
AYGB2EFZ3O3IW,15,50,0.005756389592447617,0.0,1.0
A3EMIQ5M1G0J4W,30,18,0.002072300253281142,0.0,1.0
A3H0JGT2GLNX5Y,12,5,0.0005756389592447617,0.0,1.0
A2019UPX8SO317,1,148,0.017038913193644947,0.0,1.0
ARZX1CBWP7M2W,10,60,0.00690766751093714,0.0,1.0
A3FMMV53JHL6TU,26,25,0.0028781947962238084,0.0,1.0
ALHC64J88LVWO,12,183,0.021068385908358276,0.0,1.0
A24DDONNQLE0K,2,18,0.002072300253281142,0.0,1.0
A34X9CGJCEE5Q5,9,78,0.008979967764218283,0.0,1.0
ALD4EGIL85Q8,9,39,0.004489983882109141,0.0,1.0
AMEZFR0V0FTFX,10,224,0.025788625374165323,0.0,1.0
A1LYFA5SR8916Y,16,93,0.010706884641952567,0.0,1.0
A2F36RDJUBR6TI,11,33,0.003799217131015427,0.0,1.0
A2MSAU64QJ998A,17,22,0.0025328114206769514,0.0,1.0
A1FZH340EKH640,9,13,0.0014966612940363804,0.0,1.0
A3T3LXK2F3XTEK,6,402,0.046281372323278835,0.0,1.0
A1OPM139NX6MM9,10,224,0.025788625374165323,0.0,1.0
A3S5643F4JNLQQ,13,218,0.02509785862307161,0.0,1.0
A28IAZZI0SNRMW,0,14,0.0016117890858853327,0.0,1.0
A21L12NT10X25E,9,45,0.005180750633202855,0.0,1.0
A1K4AVQIU704DY,2,12,0.001381533502187428,0.0,1.0
A2T5B1BCHNT2S7,4,551,0.06343541330877274,0.0,1.0
A2UHZY5FPP05QI,9,107,0.0123186737278379,0.0,1.0
A11F8JSQ206D9J,12,45,0.005180750633202855,0.0,1.0
A3HAWAR6KX3ENU,13,218,0.02509785862307161,0.0,1.0
A8AIHHQ300K0Q,1,148,0.017038913193644947,0.0,1.0
A1561RLF0OTK39,2,40,0.004605111673958094,0.0,1.0
A36K4VOLWEBG1H,9,78,0.008979967764218283,0.0,1.0
A2DDKCHI03OBE,5,128,0.014736357356665898,0.0,1.0
A2SKDXM0SLR2FN,9,13,0.0014966612940363804,0.0,1.0
A25YWG8NC0DKGH,14,107,0.0123186737278379,0.0,1.0
A2KWOC600DMC0W,8,83,0.009555606723463044,0.0,1.0
A2QYZET30IH2AI,2,18,0.002072300253281142,0.0,1.0
A1SVVOKIP0TQ0Z,4,551,0.06343541330877274,0.0,1.0
A313DADVI76HKM,8,57,0.006562284135390283,0.0,1.0
A3BOV3A8GZJ0AT,1,148,0.017038913193644947,0.0,1.0
AN92U23LYTQBR,2,34,0.00391434492286438,0.0,1.0
A2CNBO4DZDFT0J,5,128,0.014736357356665898,0.0,1.0
A3A1B23YB8VB8X,0,5,0.0005756389592447617,0.0,1.0
A3EDICFQJDXT7L,2,7,0.0008058945429426663,0.0,1.0
A1169WM71ZTLXR,15,135,0.015542251899608565,0.0,1.0
A1GZTVDFGF71XM,9,78,0.008979967764218283,0.0,1.0
A9MGHMVZMJL9Y,4,551,0.06343541330877274,0.0,1.0
APTTY8AYIJRXG,0,8,0.0009210223347916187,0.0,1.0
A10BZC79VVV21R,6,402,0.046281372323278835,0.0,1.0
AYQNWE3AX4H08,13,218,0.02509785862307161,0.0,1.0
A1D1MIFRSG50Y3,10,6,0.000690766751093714,0.0,1.0
A2T463WX091RTX,0,12,0.001381533502187428,0.0,1.0
A1S5251XGPBIVN,30,18,0.002072300253281142,0.0,1.0
AMGN9031D8VKI,8,232,0.02670964770895694,0.0,1.0
A1C47EO3P9UKXJ,0,794,0.09141146672806816,0.027239500461704626,0.5748155300948793
A2YULFEPE7QEHB,4,6,0.000690766751093714,0.0,1.0
A3NQMOURCTVI40,2,4,0.00046051116739580933,0.0,1.0
AX27RYM65B3GI,22,57,0.006562284135390283,0.0,1.0
A9MF6OT936TOB,45,9,0.001036150126640571,0.0,1.0
AZCE11PSTCH1L,5,128,0.014736357356665898,0.0,1.0
A2MXK2BL6EFOPR,9,107,0.0123186737278379,0.0,1.0
A213ELP74FH0SJ,30,18,0.002072300253281142,0.0,1.0
A14PTBE6AR7MTA,21,69,0.007943817637577712,0.0,1.0
A3NYG1OSPK7UW1,9,107,0.0123186737278379,0.0,1.0
A2ITTLEMAY03YD,9,45,0.005180750633202855,0.0,1.0
A9YD1S6VJJMOV,10,224,0.025788625374165323,0.0,1.0
A22UL4BXTSXSCB,13,218,0.02509785862307161,0.0,1.0
A2UT34LEOXUR33,13,218,0.02509785862307161,0.0,1.0
A1KJRNFAO7K5S5,1,173,0.019917107989868753,0.0,1.0
A8JFL6FA9A32P,5,128,0.014736357356665898,0.0,1.0
A3NPVOHK3AMSDK,6,402,0.046281372323278835,0.0,1.0
A1BN36SAWCLCIK,7,19,0.0021874280451300945,0.0,1.0
AKKD4NIONN7DJ,4,551,0.06343541330877274,0.0,1.0
A3N7GQZVV7L78W,5,128,0.014736357356665898,0.0,1.0
A3CJABT03EG9FE,1,307,0.03534423209762837,0.00023993556202327965,0.5469332141108344
A2FWAYS1GIOEX4,13,218,0.02509785862307161,0.0,1.0
A16II8I82LUNW,23,47,0.00541100621690076,0.0,1.0
A3TL4RJQKBB8VK,6,402,0.046281372323278835,0.0,1.0
A3KOA0YU5LB92W,7,19,0.0021874280451300945,0.0,1.0
A7KEXYO4RMXBP,1,210,0.02417683628827999,0.0,1.0
AZ6SUJ5T0KBE5,13,218,0.02509785862307161,0.0,1.0
ASAK3HY21OTNN,5,105,0.012088418144139995,0.0,1.0
A3P0YHGVNXUNL4,6,402,0.046281372323278835,0.0,1.0
A28J56XSN1YQL4,5,128,0.014736357356665898,0.0,1.0
A2W3WWVETOMJBS,5,105,0.012088418144139995,0.0,1.0
A10MVAVRS0Y91,23,47,0.00541100621690076,0.0,1.0
A1I090FC32L88Q,2,9,0.001036150126640571,0.0,1.0
A38VUSBYQZCKUQ,13,218,0.02509785862307161,0.0,1.0
A239ON6G2S2E9E,16,97,0.011167395809348377,0.0004513529073114565,0.9201030927835051
A1Y57JQKN4ICD0,5,128,0.014736357356665898,0.0,1.0
AZBXKUH4AIW3X,2,27,0.003108450379921713,0.0,1.0
A28ZNQA9A9VZNQ,0,8,0.0009210223347916187,0.0,1.0
A1TFS18UUUKO1F,1,173,0.019917107989868753,0.0,1.0
A759KSTT9A8X8,6,402,0.046281372323278835,0.0,1.0
A35HJZ1AACVMKK,0,243,0.027976053419295415,0.0,1.0
A2FSW50DBYKTAG,0,32,0.0036840893391664746,0.0,1.0
A2XOAT7IP6NYCN,3,9,0.001036150126640571,0.0,1.0
AD08RQDB441D,17,53,0.006101772967994474,0.0,1.0
A9II2162E3NEN,5,128,0.014736357356665898,0.0,1.0
AOMQZAS76F3V3,7,19,0.0021874280451300945,0.0,1.0
A1SGSX6LQ01ZPZ,4,551,0.06343541330877274,0.0,1.0
A3NS3XXZCQ5ATQ,7,19,0.0021874280451300945,0.0,1.0
A32MJ9F0FRBUJP,3,481,0.055376467879346074,0.0,1.0
ARHH1P2PLAFSJ,8,9,0.001036150126640571,0.0,1.0
A34N4IZ2X6V08N,2,43,0.0049504950495049506,0.0,1.0
A175DL6WO56TUX,1,173,0.019917107989868753,0.0,1.0
A2DIPUAC4DOZAK,46,9,0.001036150126640571,0.0,1.0
A270124TENJ78B,10,224,0.025788625374165323,0.0,1.0
ATA1ENQCHVZVV,8,57,0.006562284135390283,0.0,1.0
A26W0ZWPNVKDPY,6,402,0.046281372323278835,0.0,1.0
A3300ZHK4SPWC3,14,10,0.0011512779184895234,0.0,1.0
A13UQXD9UWRS7U,15,50,0.005756389592447617,0.0,1.0
AGXY576DF2CJ2,6,402,0.046281372323278835,0.0,1.0
A2ASJCZAYXEK0J,3,481,0.055376467879346074,0.0,1.0
A2K4L3QL76RSG6,9,45,0.005180750633202855,0.0,1.0
A2VUAICVS9XW35,3,657,0.07563895924476169,0.0025758628795615286,0.6131436314363143
A33LOGQTJCM66N,12,183,0.021068385908358276,0.0,1.0
A9D87WNSGOGLW,12,183,0.021068385908358276,0.0,1.0
AE3S5S2B77PJX,9,78,0.008979967764218283,0.0,1.0
A9U3398HENJBM,7,7,0.0008058945429426663,0.0,1.0
AVHB9LLVCTEKY,13,218,0.02509785862307161,0.0,1.0
AQK01UMFP9MND,4,551,0.06343541330877274,0.0,1.0
A1KCI96DKAK1JA,0,9,0.001036150126640571,0.0,1.0
A2886U6R12OVNQ,3,573,0.06596822472944969,0.004745257625698225,0.7307936391706025
A1EGEU2T7ZQQL8,2,40,0.004605111673958094,0.0,1.0
A34ETKDJ29JAQ3,21,69,0.007943817637577712,0.0,1.0
A1A23QM5WA9F0H,0,36,0.004144600506562284,0.0,1.0
A22M88TMGIM65C,5,105,0.012088418144139995,0.0,1.0
A2BQWD54CXBX6R,11,157,0.018075063320285516,0.0,1.0
A8B29NA6R2E6Z,9,107,0.0123186737278379,0.0,1.0
A3EOMRZFU33I6Z,2,4,0.00046051116739580933,0.0,1.0
A3DUWATQEKWLTY,5,271,0.031199631591066083,0.0015829683810113632,0.3971573049063824
A2CF6Z5T5AF6NC,0,4,0.00046051116739580933,0.0,1.0
A2PT4GUA0M95QE,4,551,0.06343541330877274,0.0,1.0
A15KZO444F3B95,1,210,0.02417683628827999,0.0,1.0
A3PY3AMUYBA2RZ,5,44,0.005065622841353903,0.0,1.0
A30F4NMKRP7UZS,37,15,0.001726916877734285,0.0,1.0
AMO1CR5KN8T4P,85,4,0.00046051116739580933,0.0,1.0
A3BS6QRUYSUYGI,15,135,0.015542251899608565,0.0,1.0
A2VUYZAEVAIQHW,3,481,0.055376467879346074,0.0,1.0
AHEP4N0XIJR1K,7,42,0.004835367257655998,0.0,1.0
A3IOXFF191DDTQ,16,93,0.010706884641952567,0.0,1.0
A11ZMOBS6NWMB,5,105,0.012088418144139995,0.0,1.0
AW08US1RAYI0B,5,128,0.014736357356665898,0.0,1.0
AQBLWW13U66XD,13,218,0.02509785862307161,0.0,1.0
A2QV5G2WEWP15M,1,148,0.017038913193644947,0.0,1.0
AAVSL38E1GU2L,3,481,0.055376467879346074,0.0,1.0
A29Z8U6PQ4231Z,5,128,0.014736357356665898,0.0,1.0
A1F6ASVUPBDSKJ,9,107,0.0123186737278379,0.0,1.0
A1JTTI1KH3DOCY,9,39,0.004489983882109141,0.0,1.0
A3LORCWJYRJRU5,4,551,0.06343541330877274,0.0,1.0
AI78BR0UXFPW1,5,128,0.014736357356665898,0.0,1.0
A14R4K86STZFD2,13,218,0.02509785862307161,0.0,1.0
A2L9EICT9AZ9AN,6,402,0.046281372323278835,0.0,1.0
ATOGPZKOA5QKQ,8,57,0.006562284135390283,0.0,1.0
A280GXBY1EV2TL,5,105,0.012088418144139995,0.0,1.0
A14SAQRMULWQBV,4,551,0.06343541330877274,0.0,1.0
A3OY03STLZCY1,4,551,0.06343541330877274,0.0,1.0
ANUB9JPLMT41O,5,5,0.0005756389592447617,0.0,1.0
A337UU54VPYJLP,1,148,0.017038913193644947,0.0,1.0
A30EBZKII2V5VX,4,551,0.06343541330877274,0.0,1.0
A3V8P0O224OBDB,1,148,0.017038913193644947,0.0,1.0
A22A3YXFDLPMFL,12,183,0.021068385908358276,0.0,1.0
A10LSISVUDS2GH,8,232,0.02670964770895694,0.0,1.0
A1CPPZT5ZNIM57,1,173,0.019917107989868753,0.0,1.0
A1NAAI0SBO3FBA,3,481,0.055376467879346074,0.0,1.0
A28X0LT2100RL1,0,106,0.012203545935988947,0.0008708232275375991,0.4984725965858041
A2MML4TOL6Q7BG,3,481,0.055376467879346074,0.0,1.0
A29HHD1M6QPCWX,8,83,0.009555606723463044,0.0,1.0
A1A8YLNAO5G16U,7,70,0.008058945429426664,0.0,1.0
A17FS0XVZ5V35L,18,81,0.00932535113976514,0.0,1.0
A2XXCJLS58H1A7,13,218,0.02509785862307161,0.0,1.0
A2J1QMGQ432RAJ,17,53,0.006101772967994474,0.0,1.0
A1JQ7K37IVD50C,1,210,0.02417683628827999,0.0,1.0
A3VBORHS4H8LES,11,16,0.0018420446695832373,0.0,1.0
A1VY2CG81I1JRR,3,481,0.055376467879346074,0.0,1.0
AND41V9HNRA0X,8,232,0.02670964770895694,0.0,1.0
A18H3X0XGMD1K0,6,402,0.046281372323278835,0.0,1.0
A1MXD8XEA29SL4,3,481,0.055376467879346074,0.0,1.0
A1840PJZBE47TP,24,33,0.003799217131015427,0.0,1.0
AVA8EWZIPA3N5,5,105,0.012088418144139995,0.0,1.0
A393VR8USGJSEO,9,11,0.0012664057103384757,0.0,1.0
AHRWSHIMCV963,9,78,0.008979967764218283,0.0,1.0
A334SPS816A2GG,5,128,0.014736357356665898,0.0,1.0
ABUHPSLHCHE8,1,210,0.02417683628827999,0.0,1.0
A1OQS6JOD52Z84,0,49,0.0056412618005986645,0.0,1.0
A2JEB9JRWW0MFL,12,183,0.021068385908358276,0.0,1.0
A3PJHDLQBKM4PL,8,232,0.02670964770895694,0.0,1.0
A16BSOOMVMXGR9,78,4,0.00046051116739580933,0.0,1.0
A393ITXMCJFQFF,0,9,0.001036150126640571,0.0,1.0
A3TIWKL1FZANAX,6,402,0.046281372323278835,0.0,1.0
A52EFRFBDWU1F,15,135,0.015542251899608565,0.0,1.0
APODYH18FHXC6,6,402,0.046281372323278835,0.0,1.0
A3KN2OBPZ6QJLF,3,657,0.07563895924476169,0.0025758628795615286,0.6131436314363143
A28DUP3ZYFS6NH,2,5,0.0005756389592447617,0.0,1.0
A3OUYFXUOHDGH,3,75,0.008634584388671426,0.0,1.0
A3BEYTAVDKX9BQ,9,107,0.0123186737278379,0.0,1.0
ALIN01RFOIX3G,6,402,0.046281372323278835,0.0,1.0
A1HGK2XHW9J2PL,3,75,0.008634584388671426,0.0,1.0
AXF1G21IMHCU6,17,22,0.0025328114206769514,0.0,1.0
A1EDBC5HQQY98Q,1,210,0.02417683628827999,0.0,1.0
A1ZGFGTX5BQ8WY,1,173,0.019917107989868753,0.0,1.0
A3U3Z6HB5V8ECV,17,53,0.006101772967994474,0.0,1.0
APB1VAE7P1CAV,2,40,0.004605111673958094,0.0,1.0
A1UZ2MQ5FBH7GA,0,7,0.0008058945429426663,0.0,1.0
A12EO7KLFN2JLU,9,107,0.0123186737278379,0.0,1.0
A21EW1CMBF5UKC,3,481,0.055376467879346074,0.0,1.0
A2O8BAXJPDSV0M,12,183,0.021068385908358276,0.0,1.0
AFQSKOVBYW62L,15,135,0.015542251899608565,0.0,1.0
A3EOHF2YSVZA9L,7,42,0.004835367257655998,0.0,1.0
A3H3AW7VY6PI1A,3,481,0.055376467879346074,0.0,1.0
A158D4T6S70AWO,48,8,0.0009210223347916187,0.0,1.0
ARYHWHSUK58LO,10,60,0.00690766751093714,0.0,1.0
AQDNQLKMG7HBX,0,5,0.0005756389592447617,0.0,1.0
A1K7TS096NFI,6,402,0.046281372323278835,0.0,1.0
A4AF29Y2BHYEY,13,218,0.02509785862307161,0.0,1.0
A3202C86H3AD1V,7,70,0.008058945429426664,0.0,1.0
A2SWRBE4RQEBX8,3,481,0.055376467879346074,0.0,1.0
A747BB4QM2SWW,15,135,0.015542251899608565,0.0,1.0
A1JTQ5TNBCTWPV,1,148,0.017038913193644947,0.0,1.0
A3Q7LVUP45XLUZ,6,407,0.0468570112825236,0.0005588278748454439,0.9756720446375619
A1VGFVLWGGR4YX,0,49,0.0056412618005986645,0.0,1.0
A3GM3KMDA3MWIR,2,14,0.0016117890858853327,0.0,1.0
A3MCPNPCOLOCEI,9,39,0.004489983882109141,0.0,1.0
AQ18N1SD6RV2P,14,107,0.0123186737278379,0.0,1.0
A1XAWUIMSX6C1Z,10,224,0.025788625374165323,0.0,1.0
A3LHM5YKF4YCMN,6,402,0.046281372323278835,0.0,1.0
A1V8UZ63FQD382,13,218,0.02509785862307161,0.0,1.0
A14399DQBS4QD1,11,33,0.003799217131015427,0.0,1.0
A1YMC7H5U3TQOU,1,173,0.019917107989868753,0.0,1.0
A258NDMTLH29RJ,14,107,0.0123186737278379,0.0,1.0
A1QRST0A3IQIEF,41,11,0.0012664057103384757,0.0,1.0
A3PL8ENSYWS1PZ,4,6,0.000690766751093714,0.0,1.0
A37FCNU3EY6LZM,23,47,0.00541100621690076,0.0,1.0
AE5HGZPR0FLGF,0,12,0.001381533502187428,0.0,1.0
A387QAUJHI23S8,1,210,0.02417683628827999,0.0,1.0
A19VCE46OWKKLP,8,232,0.02670964770895694,0.0,1.0
A1302F5IP6W9Q1,4,551,0.06343541330877274,0.0,1.0
A2ANICQ82D7RJV,9,39,0.004489983882109141,0.0,1.0
A2GBQVP43UVKTA,1,348,0.040064471563435414,0.0005021200198686686,0.543558912186558
A3S1BO0SLFC5H,13,218,0.02509785862307161,0.0,1.0
A3KE44SZHUFBP1,1,9,0.001036150126640571,0.0,1.0
A2PC1YCLTB3EY9,54,6,0.000690766751093714,0.0,1.0
AQ4CDTEJMPTOS,0,49,0.0056412618005986645,0.0,1.0
A167VTVMWP0BW8,23,47,0.00541100621690076,0.0,1.0
A3E1R7VPFBXDHQ,4,551,0.06343541330877274,0.0,1.0
A2C9MURXVUCBMM,9,143,0.016463274234400183,0.0006105775856767959,0.6315374766078992
AFC1I1MPDJXTL,8,232,0.02670964770895694,0.0,1.0
A1BCS2ROHQ84X8,5,105,0.012088418144139995,0.0,1.0
AQAM9QBPTG66U,6,402,0.046281372323278835,0.0,1.0
A1V5H6GOJ8T2UK,4,551,0.06343541330877274,0.0,1.0
A1YXOCELGUR73P,22,57,0.006562284135390283,0.0,1.0
A2T0WZOJ59N7AD,9,45,0.005180750633202855,0.0,1.0
A3GOSA8HXJ6IHZ,2,37,0.004259728298411237,0.0,1.0
AYIMQYSNJ96YS,5,128,0.014736357356665898,0.0,1.0
A2VA1Q64QRGY5H,24,33,0.003799217131015427,0.0,1.0
AKVYS10ZVTW9H,15,135,0.015542251899608565,0.0,1.0
AXQPJFOALBYAH,14,107,0.0123186737278379,0.0,1.0
A1JRAJNQP2Y4DU,14,107,0.0123186737278379,0.0,1.0
AIGZW643OAYGT,2,34,0.00391434492286438,0.0,1.0
A2CIMOITO2S0ZY,12,45,0.005180750633202855,0.0,1.0
A3QRPQFQLHDF2X,1,173,0.019917107989868753,0.0,1.0
A3G9C63446RUCD,17,22,0.0025328114206769514,0.0,1.0
A3F9CBHV4OHFBS,8,83,0.009555606723463044,0.0,1.0
A1HEFVTXHT1AL1,14,107,0.0123186737278379,0.0,1.0
A28CAQRAIZ1UWU,1,173,0.019917107989868753,0.0,1.0
A39LPV21N28L0D,3,75,0.008634584388671426,0.0,1.0
A1X36T6G2PEYIT,16,93,0.010706884641952567,0.0,1.0
A4IL0CLL27Q33,1,210,0.02417683628827999,0.0,1.0
A1HHEF51V3BA0D,21,69,0.007943817637577712,0.0,1.0
A2OZ5ERO1D2YOX,1,173,0.019917107989868753,0.0,1.0
A2WZRBFLJESCSH,0,14,0.0016117890858853327,0.0,1.0
A28UJ5KGAMD9HH,67,5,0.0005756389592447617,0.0,1.0
A1MNVGWFE6E0J4,9,45,0.005180750633202855,0.0,1.0
A15HFUSQXBTE76,3,481,0.055376467879346074,0.0,1.0
A27PF7CJPO7AH,1,173,0.019917107989868753,0.0,1.0
ALC7DRPKTFF67,8,232,0.02670964770895694,0.0,1.0
A12PFARGH9ELDI,13,218,0.02509785862307161,0.0,1.0
A2QBJEHKTD7R6O,13,218,0.02509785862307161,0.0,1.0
A34II2YYFYNFI9,22,57,0.006562284135390283,0.0,1.0
A154R0EH8V8J23,10,224,0.025788625374165323,0.0,1.0
A22TJPZOUI9DE1,1,148,0.017038913193644947,0.0,1.0
A9DZGSTEJFOP3,39,12,0.001381533502187428,0.0,1.0
A2F1V6JKYFP67M,4,551,0.06343541330877274,0.0,1.0
AK0A6283E5XZE,26,25,0.0028781947962238084,0.0,1.0
A2J5ZIUR1C1KKE,2,29,0.0033387059636196177,0.0,1.0
AC1GUNT7IBLDH,4,551,0.06343541330877274,0.0,1.0
A19YIXNURUGK6I,77,4,0.00046051116739580933,0.0,1.0
A14QXPTYZ90Q7M,2,27,0.003108450379921713,0.0,1.0
AHGYNZ1588WLB,5,105,0.012088418144139995,0.0,1.0
A36LUBBXFGA2Q2,14,107,0.0123186737278379,0.0,1.0
AT09WGFUM934H,50,7,0.0008058945429426663,0.0,1.0
A3U9ECP0UKZYO0,1,210,0.02417683628827999,0.0,1.0
A2VZ43530IHTJU,1,148,0.017038913193644947,0.0,1.0
A1THJB1ORM3U2I,13,218,0.02509785862307161,0.0,1.0
A1RUOPLRT1W7P7,1,148,0.017038913193644947,0.0,1.0
A3M4FU3WQWJHMP,17,53,0.006101772967994474,0.0,1.0
A2SF8O50ZLJOC0,3,75,0.008634584388671426,0.0,1.0
A2QDZ4P82VRC00,0,36,0.004144600506562284,0.0,1.0
A1ILS0R3USIU9O,3,713,0.08208611558830302,0.031255370557749323,0.560407047291867
A1IWR4YH4ZA9BM,0,18,0.002072300253281142,0.0,1.0
A21QQB0GM1B9BS,8,57,0.006562284135390283,0.0,1.0
A2V6XBM524KND3,4,551,0.06343541330877274,0.0,1.0
A12N7MLCZZ797E,0,8,0.0009210223347916187,0.0,1.0
ATIESTXNUFNSW,14,107,0.0123186737278379,0.0,1.0
A1KOOIDITRFGPY,10,224,0.025788625374165323,0.0,1.0
A32T9TM5F7KHIG,9,143,0.016463274234400183,0.0006105775856767959,0.6315374766078992
A13P1SRWGJTBSO,8,232,0.02670964770895694,0.0,1.0
A22H8Y1J3EW2N8,7,80,0.009210223347916187,0.00014689088499415698,0.7854430379746835
A1L2STZ2U6Q607,8,83,0.009555606723463044,0.0,1.0
A2H0U8LGLEXHXV,10,19,0.0021874280451300945,0.0,1.0
A1MML2MUXAA8AM,1,148,0.017038913193644947,0.0,1.0
A23GS2ACRISIER,12,188,0.02164402486760304,0.0005641911341393207,0.9479462965069974
AXL5F6RXDQMEW,7,12,0.001381533502187428,0.0,1.0
A39PXL8TQKMNRY,21,69,0.007943817637577712,0.0,1.0
A1F8FFYPYZ9XJ,1,173,0.019917107989868753,0.0,1.0
A7V2BYVR7KUF0,12,183,0.021068385908358276,0.0,1.0
ABU4LUKJU2QOY,1,391,0.04501496661294036,0.006947426160325733,0.5054757689028789
A3RTSHT0J64TY4,2,29,0.0033387059636196177,0.0,1.0
A1QW4FM8FA63T1,8,83,0.009555606723463044,0.0,1.0
AZSKORJRCSQ38,9,107,0.0123186737278379,0.0,1.0
A3LO3M39AF1HXI,8,232,0.02670964770895694,0.0,1.0
A29CT3MXKBWVQ6,4,551,0.06343541330877274,0.0,1.0
A1ESEP2IGYJDXN,77,4,0.00046051116739580933,0.0,1.0
A3PFLOVUUUDUI3,9,39,0.004489983882109141,0.0,1.0
A1PC3H8P4MZ3BV,2,9,0.001036150126640571,0.0,1.0
A3433V6H1NDFGP,3,481,0.055376467879346074,0.0,1.0
A2GGS3I5BY7R1A,13,218,0.02509785862307161,0.0,1.0
A2SPV96SGOEO2,14,6,0.000690766751093714,0.0,1.0
A3F64PK0D3MLRR,12,45,0.005180750633202855,0.0,1.0
A3F5B6FVK7KOJ7,2,68,0.00782868984572876,0.0,1.0
A2PEUFPOYLY3U7,5,128,0.014736357356665898,0.0,1.0
A1MU2MRUV1541F,0,35,0.004029472714713332,0.0,1.0
A21WOB2CIZVMRX,3,481,0.055376467879346074,0.0,1.0
A6F8NBS48AKJ9,5,128,0.014736357356665898,0.0,1.0
A1BUH3JUQ1MLOO,4,551,0.06343541330877274,0.0,1.0
AS730BK4JQF0V,1,148,0.017038913193644947,0.0,1.0
A2UU3K8KZGCQUK,8,83,0.009555606723463044,0.0,1.0
A2XKROL6XBFHT3,4,551,0.06343541330877274,0.0,1.0
AWZ47W0194UVT,6,402,0.046281372323278835,0.0,1.0
AF9TX1AH6OR65,1,173,0.019917107989868753,0.0,1.0
A3R1ZR6SHNK8CU,17,22,0.0025328114206769514,0.0,1.0
A2K0JL9L38MK8L,7,19,0.0021874280451300945,0.0,1.0
A22ZH10HU692PZ,7,7,0.0008058945429426663,0.0,1.0
A1S8E2JSVXHIPB,13,218,0.02509785862307161,0.0,1.0
A4HRLWU9GJCEF,1,210,0.02417683628827999,0.0,1.0
A34QWZUNR0WNWM,18,81,0.00932535113976514,0.0,1.0
AFA29LL0COYO6,19,69,0.007943817637577712,0.0,1.0
AHH79S8XM1OW6,6,402,0.046281372323278835,0.0,1.0
A3UGXRNRXVNAPI,17,53,0.006101772967994474,0.0,1.0
A3R10ZQFP45LYT,8,57,0.006562284135390283,0.0,1.0
A1ISK0X92M83I8,16,93,0.010706884641952567,0.0,1.0
A3B2DFMVEIT8TS,11,157,0.018075063320285516,0.0,1.0
A3JQDX6UB87982,1,210,0.02417683628827999,0.0,1.0
A306DZDPR77BIG,5,105,0.012088418144139995,0.0,1.0
A1FV6SJ6Z27O1E,1,210,0.02417683628827999,0.0,1.0
AWO7V8RR26RMX,33,15,0.001726916877734285,0.0,1.0
A1XE3M22N91451,3,481,0.055376467879346074,0.0,1.0
A3K6NC9PYFGJ2H,4,551,0.06343541330877274,0.0,1.0
A2FUQX4OMDU3LS,12,183,0.021068385908358276,0.0,1.0
A7ZVK3V3S35CF,10,224,0.025788625374165323,0.0,1.0
A2EGVV7O4CEOIT,2,55,0.006332028551692378,0.0,1.0
AIT3KLQ2691DL,1,173,0.019917107989868753,0.0,1.0
A27K80SBJQQQDS,2,26,0.0029933225880727607,0.0,1.0
A1Y5UABA87I2JI,0,15,0.001726916877734285,0.0,1.0
AHKJXWMSUWE2U,4,551,0.06343541330877274,0.0,1.0
A35SB5XA89HR41,7,44,0.005065622841353903,3.07430128184181e-05,0.5517970401691332
A3L8YH446HUCVM,17,53,0.006101772967994474,0.0,1.0
A1ESVSG3FBJFH7,18,81,0.00932535113976514,0.0,1.0
A26YO5A2Y8EBEG,11,33,0.003799217131015427,0.0,1.0
A34HW115TAJU9J,17,53,0.006101772967994474,0.0,1.0
A2S5T5L2JILR16,10,224,0.025788625374165323,0.0,1.0
A3LX5EDHM91M9J,0,35,0.004029472714713332,0.0,1.0
A2A3B0JX2JRS6S,8,301,0.03465346534653465,0.003996937602887543,0.5992469545957918
A146CA37V0450V,12,227,0.026134008749712178,0.0004322829662152388,0.6881213208062064
AU8A5W8DWEMVP,32,17,0.00195717246143219,0.0,1.0
A2EP0WOZE8HCJX,10,19,0.0021874280451300945,0.0,1.0
A22WODWOZKCO40,1,148,0.017038913193644947,0.0,1.0
A3IYSOTP3HA77N,7,27,0.003108450379921713,0.0,1.0
A1VM0DU10K0DE6,13,218,0.02509785862307161,0.0,1.0
AGAKHE014LQFU,50,7,0.0008058945429426663,0.0,1.0
AOCOIFM61SA7F,56,6,0.000690766751093714,0.0,1.0
A1F3BUDAE2HVK0,8,57,0.006562284135390283,0.0,1.0
A23M2D8GZPCWCV,1,377,0.043403177527055026,0.0014199844323681424,0.5205147017326034
A7ZKJ86MUO5JS,10,224,0.025788625374165323,0.0,1.0
A3IKZ15AVH556K,11,29,0.0033387059636196177,0.0,1.0
A2GTJW5WTDX7H2,12,183,0.021068385908358276,0.0,1.0
AC8PYR6RJY04M,0,49,0.0056412618005986645,0.0,1.0
A3ERS94QZJJ9EP,1,148,0.017038913193644947,0.0,1.0
A1A3XV6SL603AD,15,135,0.015542251899608565,0.0,1.0
A24EAAKE63MTM0,5,128,0.014736357356665898,0.0,1.0
A1EN3TU8BPYH2B,15,50,0.005756389592447617,0.0,1.0
AJUP0PNA44A0A,9,107,0.0123186737278379,0.0,1.0
A2XKCFK69WFJ2Q,10,224,0.025788625374165323,0.0,1.0
A3LM1NSW9FM8IO,0,9,0.001036150126640571,0.0,1.0
A2QJJR9P3IYVO9,0,32,0.0036840893391664746,0.0,1.0
AR6X6ZNF1XN5X,67,5,0.0005756389592447617,0.0,1.0
A29PAGCYHOJN4A,2,37,0.004259728298411237,0.0,1.0
ALQNOSMQR8AFR,39,12,0.001381533502187428,0.0,1.0
A2BUURD9JFCRXJ,3,481,0.055376467879346074,0.0,1.0
A3JI2LW8IB9YOV,1,210,0.02417683628827999,0.0,1.0
A3O12K1YQR2FZ9,2,26,0.0029933225880727607,0.0,1.0
A3HNMDZLMAX9H9,1,148,0.017038913193644947,0.0,1.0
A3TMKO1DO08TQY,10,224,0.025788625374165323,0.0,1.0
AQ60TA0Z5FTGC,4,551,0.06343541330877274,0.0,1.0
A20P79S3FIDLSD,17,6,0.000690766751093714,0.0,1.0
A1KLOJVF9LHYIE,3,481,0.055376467879346074,0.0,1.0
A1FF2PLA84KNAE,3,481,0.055376467879346074,0.0,1.0
A34CK5N0R36M7T,3,481,0.055376467879346074,0.0,1.0
A1S8FVNG0D97AM,7,27,0.003108450379921713,0.0,1.0
A1C2FHDWS02T2Q,3,481,0.055376467879346074,0.0,1.0
A131XK438X81X9,1,173,0.019917107989868753,0.0,1.0
A3RLE0OTW1Y7FW,3,481,0.055376467879346074,0.0,1.0
A2BUXQ05X8GB58,12,183,0.021068385908358276,0.0,1.0
ATKBLA1K7BYE8,8,57,0.006562284135390283,0.0,1.0
A29HDY49CQDCWG,7,108,0.012433801519686852,0.0,1.0
ASOQKF9ZNJ1YO,14,107,0.0123186737278379,0.0,1.0
ANEZ6Z9XPZSJH,4,551,0.06343541330877274,0.0,1.0
A1SXU695DSX72,5,128,0.014736357356665898,0.0,1.0
A3QPJS71FU70MX,13,218,0.02509785862307161,0.0,1.0
A17JY99GDGPQI4,8,83,0.009555606723463044,0.0,1.0
A3IY2QJN869W05,6,402,0.046281372323278835,0.0,1.0
AUHT4M1W3G7PJ,7,12,0.001381533502187428,0.0,1.0
AKKIGH65S6ILU,17,53,0.006101772967994474,0.0,1.0
AZNH6NRP6PVYR,5,128,0.014736357356665898,0.0,1.0
ABQ255D6JXBNV,0,51,0.005871517384296569,0.0026629513579753327,0.5811764705882353
A165EVALNKOZB9,6,17,0.00195717246143219,0.0,1.0
A3UA8KRGIV9IXT,6,402,0.046281372323278835,0.0,1.0
A343JEP7ADY2YD,3,481,0.055376467879346074,0.0,1.0
A81NVWL4MMVT8,13,218,0.02509785862307161,0.0,1.0
AY6A8KPYCE6B0,1,148,0.017038913193644947,0.0,1.0
A1HSGHW38ZSYXN,11,157,0.018075063320285516,0.0,1.0
ARR335JD5JNJ3,2,43,0.0049504950495049506,0.0,1.0
A3DUWI8P66G61C,1,173,0.019917107989868753,0.0,1.0
A2V5UI37R7ESEV,9,39,0.004489983882109141,0.0,1.0
A1PLDDS2NHUD76,1,173,0.019917107989868753,0.0,1.0
A3FQTCYYVX5M5A,3,481,0.055376467879346074,0.0,1.0
A8ZDH1PO2NXBW,4,551,0.06343541330877274,0.0,1.0
A2P6FU1HQ1OFAP,5,595,0.06850103615012663,0.003364225003312162,0.8628130039894746
A3TOCVBMFZTZ2Z,24,33,0.003799217131015427,0.0,1.0
AMHDZ16XSYASU,1,210,0.02417683628827999,0.0,1.0
A7N1JRLTA65IE,9,78,0.008979967764218283,0.0,1.0
A2JMSJO1Z8C8ZQ,15,50,0.005756389592447617,0.0,1.0
A13H8Z0F3FJ5AO,4,551,0.06343541330877274,0.0,1.0
A35TJIUIJDKJ7A,8,232,0.02670964770895694,0.0,1.0
A27VKG07JIMZVT,15,135,0.015542251899608565,0.0,1.0
A3GFS9L5GENQC7,4,551,0.06343541330877274,0.0,1.0
A1X9YWCDW70VCP,1,210,0.02417683628827999,0.0,1.0
A23UZA419K52A9,7,108,0.012433801519686852,0.0,1.0
A1XFI340SHOS5K,2,27,0.003108450379921713,0.0,1.0
A1W33FQTKYHWM,5,128,0.014736357356665898,0.0,1.0
A2MGJ33YCV2DJM,2,563,0.06481694681096016,0.00020256523694487836,0.958407868371649
A2DG4I40CMY9QH,1,210,0.02417683628827999,0.0,1.0
A1R8R7XKJJ3Q3T,0,55,0.006332028551692378,0.0027187234394956765,0.4531986531986532
A1ZBR4NYVGY7U7,4,551,0.06343541330877274,0.0,1.0
A3S5AME3Q5SFDD,1,148,0.017038913193644947,0.0,1.0
A1FM50L5NH0OWE,8,57,0.006562284135390283,0.0,1.0
A1HXLQOYQB889P,10,224,0.025788625374165323,0.0,1.0
AY99XJF8S74Q5,1,13,0.0014966612940363804,0.0,1.0
AZF2N3ZIC9B9M,10,224,0.025788625374165323,0.0,1.0
A7V9WIUIB02OI,13,218,0.02509785862307161,0.0,1.0
A360AVFBKSAY4W,3,481,0.055376467879346074,0.0,1.0
A28YUFBI33QZ28,5,128,0.014736357356665898,0.0,1.0
A2WPNDAAIT2512,4,551,0.06343541330877274,0.0,1.0
A2J6DDH3DPUY8B,0,35,0.004029472714713332,0.0,1.0
A2AD9V438DGUYU,1,210,0.02417683628827999,0.0,1.0
A2VHUAB7SS8PCQ,24,33,0.003799217131015427,0.0,1.0
A32LY2NXFZD2J7,23,47,0.00541100621690076,0.0,1.0
A1F0J7IHM0KX5G,0,12,0.001381533502187428,0.0,1.0
A2ZTSJRF8PYC5Y,3,481,0.055376467879346074,0.0,1.0
A106FBN3SVKSQL,0,32,0.0036840893391664746,0.0,1.0
A11QDRK8G3TVP7,27,21,0.002417683628827999,0.0,1.0
A2P1G7ONLUBJ7O,1,13,0.0014966612940363804,0.0,1.0
A3KORSMLKNAR22,4,551,0.06343541330877274,0.0,1.0
A11YC90BA0KJQ7,2,14,0.0016117890858853327,0.0,1.0
A2XFN1TTYLQHYM,9,107,0.0123186737278379,0.0,1.0
A2N7PWCMIZHH9S,4,551,0.06343541330877274,0.0,1.0
A1XNYVXCXL93RA,4,551,0.06343541330877274,0.0,1.0
A2Y12EX2K0HH8O,12,183,0.021068385908358276,0.0,1.0
A2IDRAYYZ5GKBZ,4,551,0.06343541330877274,0.0,1.0
A1IYWB3X1T6ZJ1,9,45,0.005180750633202855,0.0,1.0
A3G1G50QNGX721,5,128,0.014736357356665898,0.0,1.0
A1HTJX4WSGZI2I,6,402,0.046281372323278835,0.0,1.0
A2L5NKHS28Z6D9,14,21,0.002417683628827999,0.0,1.0
A3S68WYZ3UWRVH,25,6,0.000690766751093714,0.0,1.0
A2ITWFZOOOR7PQ,22,57,0.006562284135390283,0.0,1.0
A2ZRQ6XQ8XNMTO,22,57,0.006562284135390283,0.0,1.0
A2WBQ3AMBGQMAO,6,402,0.046281372323278835,0.0,1.0
A1885J18PY8I7S,1,210,0.02417683628827999,0.0,1.0
A3D1XWMQD0HTZJ,10,224,0.025788625374165323,0.0,1.0
AJT08ZT4NQBYX,16,93,0.010706884641952567,0.0,1.0
A2VSE81NGRBMZ1,27,21,0.002417683628827999,0.0,1.0
A20JX4DJDU67DE,3,481,0.055376467879346074,0.0,1.0
AW9QRZNFIT95F,4,551,0.06343541330877274,0.0,1.0
A2SLS2NDPLQYP,8,83,0.009555606723463044,0.0,1.0
A38LAEUSCK6Z7Z,18,81,0.00932535113976514,0.0,1.0
A1P9FP9ZZ00TU4,4,551,0.06343541330877274,0.0,1.0
A3UW23DBF2KHWC,20,17,0.00195717246143219,0.0,1.0
AHKT9ALJ3T2Y3,7,70,0.008058945429426664,0.0,1.0
A1JB0SYY10KNOJ,46,9,0.001036150126640571,0.0,1.0
A3F0FKIHTLD4BP,3,75,0.008634584388671426,0.0,1.0
A38LHIAC52T0UH,0,323,0.037186276767211604,0.0019873753599877445,0.3890544776262908
AHKLKGLLMS5R5,1,210,0.02417683628827999,0.0,1.0
A1H2O9EQANIGQT,39,12,0.001381533502187428,0.0,1.0
AM2PAP6COUV5J,9,107,0.0123186737278379,0.0,1.0
A372X2HNH627N1,8,232,0.02670964770895694,0.0,1.0
A1ZU09TQ1TGWEX,5,105,0.012088418144139995,0.0,1.0
A5XWJZF0L36W3,9,107,0.0123186737278379,0.0,1.0
A32YRGGWZ56OCS,8,232,0.02670964770895694,0.0,1.0
A2CXHJECJ8R0QL,3,481,0.055376467879346074,0.0,1.0
A1RTXXRXQPWH9F,4,551,0.06343541330877274,0.0,1.0
A108J5O7DG2WIM,9,13,0.0014966612940363804,0.0,1.0
A2NKHNO8VA378W,17,53,0.006101772967994474,0.0,1.0
A35EC54TIQQN01,7,19,0.0021874280451300945,0.0,1.0
A1F81UOEZWZ01A,1,148,0.017038913193644947,0.0,1.0
A242NHKVYIYHHP,4,551,0.06343541330877274,0.0,1.0
A1OG22AV0FS7F1,0,12,0.001381533502187428,0.0,1.0
A8E6QXKIALS43,8,83,0.009555606723463044,0.0,1.0
AIZWYEWMY94L9,11,157,0.018075063320285516,0.0,1.0
AZFF4CX9MQ4AE,2,244,0.02809118121114437,0.0011959704406135831,0.8088443634891722
A3GCULBJ04IYA2,63,5,0.0005756389592447617,0.0,1.0
A1S9YZ2L3GYF2A,5,35,0.004029472714713332,0.0,1.0
A3LSVS4YA2CEAX,13,218,0.02509785862307161,0.0,1.0
A1P560UNX4SBE7,13,218,0.02509785862307161,0.0,1.0
A10SRJNBFF2BGY,2,73,0.008404328804973521,0.0002711251653635796,0.5148401826484018
A3R3W0GZUR17TK,1,148,0.017038913193644947,0.0,1.0
A1Q98ZMHZXOYWI,1,173,0.019917107989868753,0.0,1.0
A10BH1JDT6SNGA,1,148,0.017038913193644947,0.0,1.0
AXSTY40VP4M45,9,107,0.0123186737278379,0.0,1.0
A33AQU9PASHWOZ,2,37,0.004259728298411237,0.0,1.0
ALXIRSNGIYHRY,4,551,0.06343541330877274,0.0,1.0
A21YQTAQRSGPNN,2,34,0.00391434492286438,0.0,1.0
A141NV31GSC2CQ,1,148,0.017038913193644947,0.0,1.0
A366EEYIQBU9I5,3,481,0.055376467879346074,0.0,1.0
A1VBFJXCQ3AK30,0,8,0.0009210223347916187,0.0,1.0
AE8LM3YURTAF4,1,148,0.017038913193644947,0.0,1.0
A3EK5TRR1L1WR8,3,481,0.055376467879346074,0.0,1.0
A3AIM9XS17T39P,3,75,0.008634584388671426,0.0,1.0
A36Z1OLH6B0C2I,7,19,0.0021874280451300945,0.0,1.0
ADNDDTNOTZFXP,5,32,0.0036840893391664746,0.0,1.0
A2D333TODX15EN,0,10,0.0011512779184895234,0.0,1.0
A3OEGVSXY0Y07W,20,17,0.00195717246143219,0.0,1.0
A2GNRMUTWM4TKW,17,53,0.006101772967994474,0.0,1.0
A1RHA553QUE54L,3,481,0.055376467879346074,0.0,1.0
A3CDH6GBMQ8SF6,1,37,0.004259728298411237,0.0,1.0
A14MDHUI5P0029,14,21,0.002417683628827999,0.0,1.0
A1GYV9PJ0U8ERX,2,70,0.008058945429426664,0.001281452570521809,0.5089026915113871
A2BIAZVVPAEB9U,12,183,0.021068385908358276,0.0,1.0
A10AV4PT812CO6,6,402,0.046281372323278835,0.0,1.0
AISN6HORBXNHR,9,107,0.0123186737278379,0.0,1.0
A14QLW52ATB8W5,1,173,0.019917107989868753,0.0,1.0
A32I07L6RTFMUA,7,9,0.001036150126640571,0.0,1.0
AIAT4UQM6AS8G,14,107,0.0123186737278379,0.0,1.0
AGJEFBYEYM9LA,1,173,0.019917107989868753,0.0,1.0
A1BJ26WC90V5KV,5,32,0.0036840893391664746,0.0,1.0
A36Z96ASIRAB1E,1,173,0.019917107989868753,0.0,1.0
A1LM4PSE0HJQDW,9,78,0.008979967764218283,0.0,1.0
AI0EZEXKPZWHF,4,551,0.06343541330877274,0.0,1.0
A2169QCESH3QDF,12,183,0.021068385908358276,0.0,1.0
AQIEN3BHQFFQ,11,29,0.0033387059636196177,0.0,1.0
A2YFWEBG4CGKP0,1,210,0.02417683628827999,0.0,1.0
A2XEO2W78WS34Z,1,173,0.019917107989868753,0.0,1.0
A3RMXJ4XMR56GB,3,481,0.055376467879346074,0.0,1.0
A15VJ6S6HLGYBT,0,76,0.008749712180520378,0.00036948106083292795,0.8312280701754386
AS7J4952JB5XR,5,50,0.005756389592447617,0.0,1.0
A3J2YU2D9BH2J7,1,439,0.05054110062169007,0.006767967404171212,0.3698942178675071
ABGD4FXC1AJPJ,9,107,0.0123186737278379,0.0,1.0
A3QMZJARX8M858,1,148,0.017038913193644947,0.0,1.0
A4ABNXMETDFGW,7,108,0.012433801519686852,0.0,1.0
A3C85GXT2Q6IG1,0,41,0.004720239465807046,0.0,1.0
A3ISA8LBB5P34E,12,183,0.021068385908358276,0.0,1.0
AQJWVL7YBSMOL,11,29,0.0033387059636196177,0.0,1.0
A18NLG35HLRE41,7,70,0.008058945429426664,0.0,1.0
A3EQRG0AYCU91N,4,621,0.0714943587381994,0.00919458811375801,0.7996779388083736
A91BVZEDZYEWW,4,551,0.06343541330877274,0.0,1.0
A1QHJJSS7YNUYW,8,57,0.006562284135390283,0.0,1.0
AZLAKWWT1RKGP,4,551,0.06343541330877274,0.0,1.0
A3EZHN2I12T5XF,8,57,0.006562284135390283,0.0,1.0
A2C1XRZGFO8WK9,16,93,0.010706884641952567,0.0,1.0
A1R6S377HMO6W8,5,17,0.00195717246143219,0.0,1.0
A1YJQ0I05KU3M,9,45,0.005180750633202855,0.0,1.0
A2OHEHPGQ8MNJX,5,44,0.005065622841353903,0.0,1.0
A37OY0QXW9R2ES,11,157,0.018075063320285516,0.0,1.0
A3F67ZFU5YMIDD,0,55,0.006332028551692378,0.0,1.0
A17YPB3JICRUK2,83,4,0.00046051116739580933,0.0,1.0
A75MTT7XI4B02,7,40,0.004605111673958094,0.0,1.0
A1W98MNHYOZR3,18,81,0.00932535113976514,0.0,1.0
A2VIZ3GQZ0O6F6,9,78,0.008979967764218283,0.0,1.0
A3GKRQWPAIZR3L,9,11,0.0012664057103384757,0.0,1.0
A2O6R7X7GS2IM7,4,551,0.06343541330877274,0.0,1.0
A1210QJT54O8T0,41,11,0.0012664057103384757,0.0,1.0
A317RWPY08I5QX,13,620,0.07137923094635044,0.014802652082196943,0.5433060607639794
A1NJU0V7QHV2LT,5,44,0.005065622841353903,0.0,1.0
A2T077JYCTRL60,37,15,0.001726916877734285,0.0,1.0
A1WMEVP3FN3F8J,2,12,0.001381533502187428,0.0,1.0
A1W3D42N13EYZ7,0,55,0.006332028551692378,0.0,1.0
AEJN0RZCBNXTA,8,232,0.02670964770895694,0.0,1.0
ADYRLMDROBAXW,9,107,0.0123186737278379,0.0,1.0
A33E61AGL43KTS,1,148,0.017038913193644947,0.0,1.0
A297R44X7WEQ8T,4,551,0.06343541330877274,0.0,1.0
A3774N0999VO0P,18,81,0.00932535113976514,0.0,1.0
ABM9CL72EGWKN,13,218,0.02509785862307161,0.0,1.0
A246B0QH9QMNFW,12,183,0.021068385908358276,0.0,1.0
A2CRIC1BKMLACP,1,348,0.040064471563435414,0.0005021200198686686,0.543558912186558
A1AFW98PPLSRBB,11,157,0.018075063320285516,0.0,1.0
APL10FPWGNVFV,30,18,0.002072300253281142,0.0,1.0
A3ORS0KYKUXU4Z,9,13,0.0014966612940363804,0.0,1.0
AM4M872Y7AEZL,4,551,0.06343541330877274,0.0,1.0
A39EEI8WLCVVAJ,16,93,0.010706884641952567,0.0,1.0
A3N4QU9537CZ5O,32,17,0.00195717246143219,0.0,1.0
A22NZFCXVF7Y51,28,20,0.002302555836979047,0.0,1.0
A13QGI4AZOB64K,0,4,0.00046051116739580933,0.0,1.0
A3O9CEWSECCH78,14,21,0.002417683628827999,0.0,1.0
A3V7G0CQ3P1I1B,8,83,0.009555606723463044,0.0,1.0
A1RI8HAZRUWZM6,13,218,0.02509785862307161,0.0,1.0
A20YJDWDMWZ9NS,1,210,0.02417683628827999,0.0,1.0
A2BCV9V0BLJ7RI,11,29,0.0033387059636196177,0.0,1.0
AKCDHGUSKVJ72,5,122,0.014045590605572185,0.00041704131153391574,0.5351578376913697
A1Z0NIO16UXTH,0,10,0.0011512779184895234,0.0,1.0
A1TF9EYT8FEPZP,10,224,0.025788625374165323,0.0,1.0
A50ZGWCM3RXW1,8,57,0.006562284135390283,0.0,1.0
A1JY2V24BF8HED,15,135,0.015542251899608565,0.0,1.0
A3FINBR4T5ACH3,3,481,0.055376467879346074,0.0,1.0
APFT40B3WKARC,7,70,0.008058945429426664,0.0,1.0
A1ZPEZMQBCTZQN,13,218,0.02509785862307161,0.0,1.0
A3JOGUHYHZV8LD,7,19,0.0021874280451300945,0.0,1.0
A13HO1F4SW568P,9,78,0.008979967764218283,0.0,1.0
A3TPXFQ9CIK7OF,2,37,0.004259728298411237,0.0,1.0
A2X117IF5LX1B5,1,210,0.02417683628827999,0.0,1.0
A2OEPMLEWAF9A4,12,183,0.021068385908358276,0.0,1.0
ABOTQXNUBA1MM,1,37,0.004259728298411237,0.0,1.0
A2Y7BPLIRE7SHD,0,5,0.0005756389592447617,0.0,1.0
A1ZRKRDFWG1TC,5,5,0.0005756389592447617,0.0,1.0
A21RO7OWHHHUOK,2,34,0.00391434492286438,0.0,1.0
A1XXHS9V80S9VG,6,402,0.046281372323278835,0.0,1.0
ASB7THP27C5SN,26,25,0.0028781947962238084,0.0,1.0
AICUSSCEK2P4C,2,43,0.0049504950495049506,0.0,1.0
A1SH4S5XGTEXZ3,9,78,0.008979967764218283,0.0,1.0
A14LKBOG9SVEFT,5,105,0.012088418144139995,0.0,1.0
AKSTTBUJN6ES8,18,81,0.00932535113976514,0.0,1.0
AJK49DENMS2BT,1,210,0.02417683628827999,0.0,1.0
A1IH9D4IINKH2M,20,17,0.00195717246143219,0.0,1.0
A2XVGWQZN26LX9,8,83,0.009555606723463044,0.0,1.0
A3EWNB6RL13T9G,10,12,0.001381533502187428,0.0,1.0
AI261Y5T8PB0S,32,17,0.00195717246143219,0.0,1.0
A2NJEDYEYUGFM8,6,402,0.046281372323278835,0.0,1.0
A3923W0OJNGUHN,12,183,0.021068385908358276,0.0,1.0
A3E4YU6APQLRKE,13,218,0.02509785862307161,0.0,1.0
A2HRH6UBEXNHJT,3,481,0.055376467879346074,0.0,1.0
A344UAY8CWTXOI,2,22,0.0025328114206769514,0.0,1.0
ALBRTADLPHYNU,7,70,0.008058945429426664,0.0,1.0
A1EUNXD1YH4P25,0,42,0.004835367257655998,0.0,1.0
A3SL7UWG7Z4H4T,0,36,0.004144600506562284,0.0,1.0
A1644SQ9ZZX25B,2,68,0.00782868984572876,0.0,1.0
A3UURD9IGGUGW9,25,6,0.000690766751093714,0.0,1.0
A3EP26M3QHINXT,10,224,0.025788625374165323,0.0,1.0
A1Y9VZ0TXTSWWD,12,45,0.005180750633202855,0.0,1.0
A24KEBS6DN87Q7,7,70,0.008058945429426664,0.0,1.0
A1WI9IDBAP8NDM,24,33,0.003799217131015427,0.0,1.0
A7HY1CEDK0204,5,128,0.014736357356665898,0.0,1.0
A18G22TSZ58V1I,7,27,0.003108450379921713,0.0,1.0
A1FF8RVKS9Y843,6,402,0.046281372323278835,0.0,1.0
A2GR77INMKX9O4,11,157,0.018075063320285516,0.0,1.0
A24B12OG6NW0WH,1,210,0.02417683628827999,0.0,1.0
A3MSO10BPAF01U,8,83,0.009555606723463044,0.0,1.0
AGEWOMQ90BV8R,10,224,0.025788625374165323,0.0,1.0
AYEQSGT02CAP3,4,551,0.06343541330877274,0.0,1.0
A1R3GN9MEJFXM3,1,148,0.017038913193644947,0.0,1.0
A1N3EH28S4DI8L,82,4,0.00046051116739580933,0.0,1.0
A2LRJOFOXNCIU6,0,12,0.001381533502187428,0.0,1.0
A3SCHXMAJDLLUU,1,148,0.017038913193644947,0.0,1.0
A3LBFWWQGQYV48,2,40,0.004605111673958094,0.0,1.0
A1OG5AUTRLC040,1,348,0.040064471563435414,0.0005021200198686686,0.543558912186558
AQDJP0D7EALAD,2,26,0.0029933225880727607,0.0,1.0
AR1ZV5U2DYA7I,3,481,0.055376467879346074,0.0,1.0
AXX1R3B8LRTCS,5,4,0.00046051116739580933,0.0,1.0
A57TH5BVZMB2L,6,402,0.046281372323278835,0.0,1.0
AJT510WEA1QHV,10,17,0.00195717246143219,0.0,1.0
A1OGCPMSIVK7G4,8,83,0.009555606723463044,0.0,1.0
A3VPVJMLX1X3L7,3,75,0.008634584388671426,0.0,1.0
AE8HKSVNLQRC7,7,5,0.0005756389592447617,0.0,1.0
A2V6A9H8LW136P,3,481,0.055376467879346074,0.0,1.0
A13MPH77KVE9NH,9,107,0.0123186737278379,0.0,1.0
A3D1YKQZN1YZXM,63,5,0.0005756389592447617,0.0,1.0
A3H12QDPX7QOKZ,14,10,0.0011512779184895234,0.0,1.0
A3CX02IGUE2FV9,1,173,0.019917107989868753,0.0,1.0
A17T4YZDDWWFTL,11,33,0.003799217131015427,0.0,1.0
A3BMUBUC1N77U8,13,218,0.02509785862307161,0.0,1.0
AWSTQ0RMVNH0R,7,24,0.002763067004374856,0.0,1.0
A1DDNUNC9JNZEV,9,78,0.008979967764218283,0.0,1.0
AVUE941QR0MI2,6,402,0.046281372323278835,0.0,1.0
ASPN95ORQQDS0,7,42,0.004835367257655998,0.0,1.0
A1XN1D2FGCQC8E,0,15,0.001726916877734285,0.0,1.0
A3S0HHSFCDJE1P,6,402,0.046281372323278835,0.0,1.0
A1OKXYEBH75140,0,49,0.0056412618005986645,0.0,1.0
A2TICS1YPCDLKA,5,162,0.01865070227953028,0.000577218027480597,0.668890422513611
AN7PYDVNOVQOA,5,128,0.014736357356665898,0.0,1.0
ARTOW7IV000K8,4,551,0.06343541330877274,0.0,1.0
A1V21SKYOEGN2D,1,210,0.02417683628827999,0.0,1.0
A22KW5YWAI5YDO,7,9,0.001036150126640571,0.0,1.0
A2HSRVGCSNHW97,1,148,0.017038913193644947,0.0,1.0
A1AK6D48SAUFWK,11,29,0.0033387059636196177,0.0,1.0
A2OMWV3WTOJ27N,0,77,0.00886483997236933,0.0,1.0
AHRNDSKWH1YBT,4,551,0.06343541330877274,0.0,1.0
A3APKVUOTQ20KQ,1,148,0.017038913193644947,0.0,1.0
A2PVP1JIIURX7N,5,128,0.014736357356665898,0.0,1.0
A3AWPDBQLK3SZ8,5,44,0.005065622841353903,0.0,1.0
A14GKZOAPB9CHY,26,25,0.0028781947962238084,0.0,1.0
A37JWH7Y3AGPKH,8,57,0.006562284135390283,0.0,1.0
A0266076X6KPZ6CCHGVS,2,29,0.0033387059636196177,0.0,1.0
AECHEZNHB4NGA,11,29,0.0033387059636196177,0.0,1.0
A24ECQCIUKA2Y3,0,49,0.0056412618005986645,0.0,1.0
A20361V1Y2GZ5X,4,551,0.06343541330877274,0.0,1.0
A3C1BQLPUTYFB4,5,128,0.014736357356665898,0.0,1.0
A3MXEIQLQZ9ABW,26,25,0.0028781947962238084,0.0,1.0
A1A92O8IVVHW3Q,7,44,0.005065622841353903,3.07430128184181e-05,0.5517970401691332
A1OLG8WQ4EAPMF,7,12,0.001381533502187428,0.0,1.0
A1V644P4UBN5WZ,4,551,0.06343541330877274,0.0,1.0
A2HRHF83I3NDGT,1,280,0.032235781717706656,0.0035271639123308873,0.5261648745519714
A32B8VX0HMX9YQ,18,81,0.00932535113976514,0.0,1.0
A38R4BGASLLTE1,0,36,0.004144600506562284,0.0,1.0
AAC2WU7ESKOC2,0,27,0.003108450379921713,0.0,1.0
APRO0FN36AK1V,1,210,0.02417683628827999,0.0,1.0
A1TFUS11C1J4F5,8,232,0.02670964770895694,0.0,1.0
A2H4B42VDSFV2V,1,301,0.03465346534653465,0.0017372461004089587,0.5104318936877077
A2A1CFL4A83Q20,7,108,0.012433801519686852,0.0,1.0
A1S2BTVDZV4PYD,7,54,0.006216900759843426,0.00013803233163308724,0.6519916142557652
A1QTYO9O4HCF9E,16,93,0.010706884641952567,0.0,1.0
AHBCFCB295VIS,3,481,0.055376467879346074,0.0,1.0
A1GOTJRHOSQKZK,5,17,0.00195717246143219,0.0,1.0
A15O34J5ECY8TR,5,105,0.012088418144139995,0.0,1.0
A1F958T2GSWCEK,2,4,0.00046051116739580933,0.0,1.0
AACK5P7QALJ7O,12,183,0.021068385908358276,0.0,1.0
AP3XMM1077I50,13,218,0.02509785862307161,0.0,1.0
A2QT4XAXGRNVEO,18,81,0.00932535113976514,0.0,1.0
A2IBK009X2XXDH,2,34,0.00391434492286438,0.0,1.0
A3KAMSQ04EA7MD,3,481,0.055376467879346074,0.0,1.0
A2CJ4DLE8TWAGL,4,642,0.07391204236702739,0.0026834794836124894,0.7573398263033325
AGCWHENEQYV5N,0,41,0.004720239465807046,0.0,1.0
A1FIR4LBQA39YR,7,19,0.0021874280451300945,0.0,1.0
A27FPKOKRNWKJM,9,39,0.004489983882109141,0.0,1.0
A36FRBJ4QO0RQ3,8,232,0.02670964770895694,0.0,1.0
A21B8AV7E3MPXE,7,19,0.0021874280451300945,0.0,1.0
A2N44JXLCGCKVR,5,32,0.0036840893391664746,0.0,1.0
A3EGCYJ41MWIFD,1,173,0.019917107989868753,0.0,1.0
A3J5E2VJRG6KO6,0,35,0.004029472714713332,0.0,1.0
A152ZT3Y3Q4VQQ,0,35,0.004029472714713332,0.0,1.0
AMSAQMLJKCFSB,7,4,0.00046051116739580933,0.0,1.0
ACR4A8H4J7YNA,23,47,0.00541100621690076,0.0,1.0
A2BX0E26599UPQ,11,16,0.0018420446695832373,0.0,1.0
A1WJVU9KICHFI,5,105,0.012088418144139995,0.0,1.0
AXIFW4FX85291,5,128,0.014736357356665898,0.0,1.0
A13BOWET73AJQ1,3,481,0.055376467879346074,0.0,1.0
A3TO0B7DNASJX7,0,49,0.0056412618005986645,0.0,1.0
A2ZZAM4LFM4IE1,7,27,0.003108450379921713,0.0,1.0
A175V5Z3EFCZG,4,551,0.06343541330877274,0.0,1.0
A1TOB2PO3B0MLC,19,69,0.007943817637577712,0.0,1.0
A301ZMQ2FPX1AG,19,69,0.007943817637577712,0.0,1.0
A2DOUSV52ED1HG,9,78,0.008979967764218283,0.0,1.0
A2VHZWRA699KYR,3,877,0.10096707345153119,0.005699191177627838,0.5104627127557103
A1SDKQER8V6DG6,12,45,0.005180750633202855,0.0,1.0
A2UU3ZOWZLA2SP,10,241,0.02774579783559751,0.0012750139027744678,0.8683955739972338
A30HY6CENWVVTA,15,135,0.015542251899608565,0.0,1.0
A3HC7NWLKCPX4X,0,77,0.00886483997236933,0.0,1.0
A1C7AR562HE0TF,2,22,0.0025328114206769514,0.0,1.0
A33FZNPF0TRLYN,53,6,0.000690766751093714,0.0,1.0
A1IAJW86DJU0EM,18,81,0.00932535113976514,0.0,1.0
ADQ073QJ0E5TK,9,45,0.005180750633202855,0.0,1.0
AVDW3OAVWWE05,8,9,0.001036150126640571,0.0,1.0
AHXU85QHWB8JM,1,173,0.019917107989868753,0.0,1.0
A16EE2RD5VLYE6,2,22,0.0025328114206769514,0.0,1.0
A1BYM8XCLZTPMY,2,40,0.004605111673958094,0.0,1.0
A1QLQFG062ZA3R,85,4,0.00046051116739580933,0.0,1.0
A33V7Z377X9KBV,0,41,0.004720239465807046,0.0,1.0
AJNZQZVL8MG6P,9,78,0.008979967764218283,0.0,1.0
AMRRT7RC261OP,30,18,0.002072300253281142,0.0,1.0
A3BSE70YMG6FM0,0,36,0.004144600506562284,0.0,1.0
AYJJDQQ4EZ5V3,3,481,0.055376467879346074,0.0,1.0
A3FOOF7Q2GUMXX,20,17,0.00195717246143219,0.0,1.0
A1RVYSEJCY9BJS,3,481,0.055376467879346074,0.0,1.0
A1AN7HLQB27TWK,6,402,0.046281372323278835,0.0,1.0
A1N9QB2BECD6TS,13,218,0.02509785862307161,0.0,1.0
ATVG5JYNR3EWN,10,224,0.025788625374165323,0.0,1.0
ADOR3TR7GDF68,5,154,0.01772967994473866,0.0010242207910271315,0.7175961293608353
A3M3CZ0MVUOED0,12,45,0.005180750633202855,0.0,1.0
A277VC5WJ818NY,9,30,0.00345383375546857,0.0,1.0
A1RTAG101IYPX6,7,27,0.003108450379921713,0.0,1.0
A28GT8K15D0LIS,12,183,0.021068385908358276,0.0,1.0
A2AQC0GK90K9WX,0,4,0.00046051116739580933,0.0,1.0
AE9QWJETO90U0,12,183,0.021068385908358276,0.0,1.0
A3E6HFD7U91DY,11,157,0.018075063320285516,0.0,1.0
A1JUJM2FDDREHY,9,39,0.004489983882109141,0.0,1.0
A2IN1WZFQAC298,2,34,0.00391434492286438,0.0,1.0
A1T8QZFPHG0S0W,19,69,0.007943817637577712,0.0,1.0
AAN6SCMSOCVM1,6,402,0.046281372323278835,0.0,1.0
A3G8YKV4Q0138F,1,210,0.02417683628827999,0.0,1.0
A3ANRNLZ2LVM8J,1,173,0.019917107989868753,0.0,1.0
A32V4TT1ZJVY2G,4,551,0.06343541330877274,0.0,1.0
A1027EV8A9PV1O,3,481,0.055376467879346074,0.0,1.0
A3HD4V3W6ZLV4N,2,27,0.003108450379921713,0.0,1.0
A34AJOQX9NGT7G,3,481,0.055376467879346074,0.0,1.0
A1EFAJ4Q7XFJWD,55,6,0.000690766751093714,0.0,1.0
A30E0PFBI2LKRC,3,481,0.055376467879346074,0.0,1.0
A1EWQ5Y6HHSJGX,13,218,0.02509785862307161,0.0,1.0
A2Q7VY0358PA3W,1,173,0.019917107989868753,0.0,1.0
AHJPP16N19JGN,5,128,0.014736357356665898,0.0,1.0
A9JDOM7L4EML9,9,45,0.005180750633202855,0.0,1.0
A2H1U31KRK5X5L,13,218,0.02509785862307161,0.0,1.0
A2KR372GZW00MJ,13,218,0.02509785862307161,0.0,1.0
ACDHUPAMZR7DC,7,4,0.00046051116739580933,0.0,1.0
A2M3E53LN2CQT6,9,11,0.0012664057103384757,0.0,1.0
A2X1HXM2TZ7VJV,9,45,0.005180750633202855,0.0,1.0
A1NOM79RDZRLHM,0,7,0.0008058945429426663,0.0,1.0
A38K3YPGRNGXGW,0,9,0.001036150126640571,0.0,1.0
A11JD0X51IJ7RM,18,81,0.00932535113976514,0.0,1.0
A23MY68C1MAZVN,1,210,0.02417683628827999,0.0,1.0
AB31FF0JMPOUP,13,218,0.02509785862307161,0.0,1.0
A21I0B69KHEWMD,12,45,0.005180750633202855,0.0,1.0
A39GD9S0DEQNLD,18,81,0.00932535113976514,0.0,1.0
A2AP059CCLBWPU,0,6,0.000690766751093714,0.0,1.0
A14738H3YYX7ZC,18,81,0.00932535113976514,0.0,1.0
A20WH8FQNXNZSP,3,481,0.055376467879346074,0.0,1.0
A2OZ96KRM10ST1,2,43,0.0049504950495049506,0.0,1.0
A2ZL2WDFMDCJB7,0,49,0.0056412618005986645,0.0,1.0
A32RDPAKVCVXTA,15,135,0.015542251899608565,0.0,1.0
A2C7D65XX6K2OD,9,39,0.004489983882109141,0.0,1.0
AJX474LNBU6TX,11,106,0.012203545935988947,0.0011801218087979094,0.6125786163522012
A2E3L36WTNQJEJ,10,224,0.025788625374165323,0.0,1.0
A2KAOIY8M4D044,37,15,0.001726916877734285,0.0,1.0
A2OOVMY4NX4CIP,6,402,0.046281372323278835,0.0,1.0
A2Y5KXAJSN7NG3,9,45,0.005180750633202855,0.0,1.0
A31WL2DMXTR6SV,14,10,0.0011512779184895234,0.0,1.0
A1UB46NT3QX94A,9,78,0.008979967764218283,0.0,1.0
ASCBJEPXTOU0V,9,78,0.008979967764218283,0.0,1.0
A183602MCC0Y5P,12,45,0.005180750633202855,0.0,1.0
A22MHWKRGV89RZ,21,69,0.007943817637577712,0.0,1.0
AVL70UM8UXA3L,4,551,0.06343541330877274,0.0,1.0
A2PH4RGYVR34L,9,78,0.008979967764218283,0.0,1.0
A2A2STSMRHC225,21,69,0.007943817637577712,0.0,1.0
A13WREJ05GMRA6,1,173,0.019917107989868753,0.0,1.0
AR7DDYZNJSSSK,5,128,0.014736357356665898,0.0,1.0
A7DVK8H0OEA26,3,481,0.055376467879346074,0.0,1.0
A3R749LCFV5I3,18,81,0.00932535113976514,0.0,1.0
A3JIPMKVVJGVFP,2,12,0.001381533502187428,0.0,1.0
A3RS2VSXYYHUM0,4,551,0.06343541330877274,0.0,1.0
A1PVB6CEXP5M9S,3,481,0.055376467879346074,0.0,1.0
A2A0XAOI0QSETY,10,224,0.025788625374165323,0.0,1.0
A25QCRZEUCKW35,5,44,0.005065622841353903,0.0,1.0
A2O254M30LOZCV,6,402,0.046281372323278835,0.0,1.0
A2Y3J7LJSOSN9G,8,57,0.006562284135390283,0.0,1.0
A1LKXQNNHK1NMO,5,4,0.00046051116739580933,0.0,1.0
A37NP1T8KCEMOW,7,9,0.001036150126640571,0.0,1.0
AT4KBG3R728L8,1,148,0.017038913193644947,0.0,1.0
A171OFMZU7XP72,1,148,0.017038913193644947,0.0,1.0
A35ST2XPLHG2BR,14,107,0.0123186737278379,0.0,1.0
A19KVCG1JDOGAB,1,173,0.019917107989868753,0.0,1.0
A3LVDB70Z5ZNP,20,17,0.00195717246143219,0.0,1.0
A8IMDXXLZVN5M,8,83,0.009555606723463044,0.0,1.0
A2LSK5XN4A3PN7,6,402,0.046281372323278835,0.0,1.0
A3HLUBDLMU8RGO,9,107,0.0123186737278379,0.0,1.0
ADL66OTVQYDIC,12,45,0.005180750633202855,0.0,1.0
A2V91VHCO48UO4,1,173,0.019917107989868753,0.0,1.0
A29N9FVO6L2IGO,18,81,0.00932535113976514,0.0,1.0
A2RHF1DLWK3MO4,12,183,0.021068385908358276,0.0,1.0
ABUPXRSDJLOCP,0,6,0.000690766751093714,0.0,1.0
A1AW01QS0NVVDV,1,173,0.019917107989868753,0.0,1.0
A2ZWHO87S7L5DA,8,232,0.02670964770895694,0.0,1.0
A365UWK3K5SD1X,12,183,0.021068385908358276,0.0,1.0
A1L5SWP3JCTO6E,4,551,0.06343541330877274,0.0,1.0
A1T5NZP0LNRAFY,3,481,0.055376467879346074,0.0,1.0
AJCR7L4AXL2OG,10,224,0.025788625374165323,0.0,1.0
A3KLPTNEJ28OS2,3,481,0.055376467879346074,0.0,1.0
A3EML7WV7A5QZW,1,210,0.02417683628827999,0.0,1.0
AUQX2NKVSRZ2A,22,57,0.006562284135390283,0.0,1.0
AW7KZSHZBK75S,4,551,0.06343541330877274,0.0,1.0
A1ZDA6FK1313QJ,8,140,0.016117890858853328,0.00079076226056793,0.5137718396711203
A3FE9EUVTU3UD8,8,83,0.009555606723463044,0.0,1.0
A3H9R0EX67LJE6,15,50,0.005756389592447617,0.0,1.0
A2JOPUWVV0XQJ3,1,175,0.020147363573566657,0.0014080360340987714,0.7375369458128079
A3RR3PDK3FX6CO,2,34,0.00391434492286438,0.0,1.0
A1AMR7YWHX7W7O,9,13,0.0014966612940363804,0.0,1.0
A2HZP3EPX0AB8E,3,481,0.055376467879346074,0.0,1.0
AVV7G36385NL0,3,481,0.055376467879346074,0.0,1.0
A1K5HZNTA6MMAK,14,54,0.006216900759843426,0.0,1.0
A1CTZDO3P9V6N0,5,128,0.014736357356665898,0.0,1.0
A3MT7MPZ20QW4T,5,128,0.014736357356665898,0.0,1.0
A1MC53GFOTUSAB,8,232,0.02670964770895694,0.0,1.0
A32R2880NCFLGR,8,232,0.02670964770895694,0.0,1.0
A1XK4VP74IB9TQ,38,13,0.0014966612940363804,0.0,1.0
A3CO12S3VULW4G,4,551,0.06343541330877274,0.0,1.0
A2O168CJIAEGL5,10,113,0.013009440478931614,0.012189420784551328,0.4974715549936789
A3GG3EQD981OCI,16,93,0.010706884641952567,0.0,1.0
A2YCJJV1QEO655,57,6,0.000690766751093714,0.0,1.0
APVCKYQTCK78F,15,135,0.015542251899608565,0.0,1.0
ADF86HAB3K6EF,3,481,0.055376467879346074,0.0,1.0
ASJSX783R5HTZ,5,105,0.012088418144139995,0.0,1.0
A1PWB41M2CYPTG,5,32,0.0036840893391664746,0.0,1.0
A1H4Z4OSMNDCFC,0,243,0.027976053419295415,0.0,1.0
A3F0HJLB79JQJ4,3,481,0.055376467879346074,0.0,1.0
A1AWXFMOX56DWM,7,27,0.003108450379921713,0.0,1.0
AY1KGMCPIZRBP,57,6,0.000690766751093714,0.0,1.0
ACXBG5KP3VP35,5,105,0.012088418144139995,0.0,1.0
A2M9ME0N2S3R39,0,35,0.004029472714713332,0.0,1.0
A26U6HU35KBSWV,28,20,0.002302555836979047,0.0,1.0
A391VSDDL0NTF4,3,481,0.055376467879346074,0.0,1.0
AVR7XAXTFT3K9,3,75,0.008634584388671426,0.0,1.0
ATR5E4GBL8V1J,4,551,0.06343541330877274,0.0,1.0
A8L8U91R992XJ,1,173,0.019917107989868753,0.0,1.0
A34HEHB3Z0YHO3,11,29,0.0033387059636196177,0.0,1.0
AIN73XQ0LYBTF,17,53,0.006101772967994474,0.0,1.0
AH84JM3TLWA43,12,183,0.021068385908358276,0.0,1.0
A2XMUCJWMWFTDH,4,551,0.06343541330877274,0.0,1.0
A3OIGJHNDIU7OV,1,148,0.017038913193644947,0.0,1.0
A1HMK1KMWQBDTT,13,218,0.02509785862307161,0.0,1.0
A3V8K9BG9DSC11,1,148,0.017038913193644947,0.0,1.0
A369ZU3YLFRDIC,1,173,0.019917107989868753,0.0,1.0
A28ZZVJQDTXKLA,10,224,0.025788625374165323,0.0,1.0
ALHX1KDNFZX40,9,135,0.015542251899608565,0.00028344465955292485,0.5085682697622996
A1YX6YUHJA11KE,12,183,0.021068385908358276,0.0,1.0
A341RBL4H3RJQG,16,93,0.010706884641952567,0.0,1.0
A3DXZIHCHTFM85,0,7,0.0008058945429426663,0.0,1.0
AXJ1QYBUL86ON,9,11,0.0012664057103384757,0.0,1.0
AO5PXGAR6RSYV,0,12,0.001381533502187428,0.0,1.0
A2KZWL4NQ65C7P,10,224,0.025788625374165323,0.0,1.0
A1LLTZ2I28D3MV,16,93,0.010706884641952567,0.0,1.0
AHLF5V8B3Z8C7,5,17,0.00195717246143219,0.0,1.0
A1UEWPPJHPS17C,3,481,0.055376467879346074,0.0,1.0
A18MN3B52HHBH1,21,69,0.007943817637577712,0.0,1.0
A6UONSUT6D70X,4,551,0.06343541330877274,0.0,1.0
A3LQUEB84IR3VO,18,81,0.00932535113976514,0.0,1.0
A236XRE6MLXPKY,5,128,0.014736357356665898,0.0,1.0
A25BHOP1LA4XDA,13,218,0.02509785862307161,0.0,1.0
A3RLSF1NC70JRK,0,5,0.0005756389592447617,0.0,1.0
A19H6TQ0NFXKVT,13,218,0.02509785862307161,0.0,1.0
A12UQZS58C1DQ6,56,6,0.000690766751093714,0.0,1.0
AG0MG2M4DE3P0,15,50,0.005756389592447617,0.0,1.0
AFN973QGO8L9J,1,14,0.0016117890858853327,0.0,1.0
A2R035SIYEQN2O,12,183,0.021068385908358276,0.0,1.0
AKP9TEMA1T01X,1,148,0.017038913193644947,0.0,1.0
A439RDKQQIYR3,1,148,0.017038913193644947,0.0,1.0
A3U38OLADLTYTW,0,25,0.0028781947962238084,0.00032488534718816983,0.5033333333333333
AR2MFHU7NDF9Z,3,481,0.055376467879346074,0.0,1.0
ACW97PWU2VO5D,51,8,0.0009210223347916187,0.0,1.0
AN3ILH8NOGNH4,3,481,0.055376467879346074,0.0,1.0
AR07B1BMVZ3QC,3,481,0.055376467879346074,0.0,1.0
A13BX9O5UDBILC,28,20,0.002302555836979047,0.0,1.0
A1FAOBCBBLQLHE,15,135,0.015542251899608565,0.0,1.0
A3QVRCSJ9TXYM7,6,402,0.046281372323278835,0.0,1.0
A29S8I5VT9TKZA,3,481,0.055376467879346074,0.0,1.0
A2IWFH4JINUQC3,8,57,0.006562284135390283,0.0,1.0
A6H2C3IPC0J9Q,1,148,0.017038913193644947,0.0,1.0
A29ZO7EB4NTC07,4,551,0.06343541330877274,0.0,1.0
A19SXS5PEC80UQ,2,34,0.00391434492286438,0.0,1.0
A1LAT21BT7FUXX,9,107,0.0123186737278379,0.0,1.0
A3HDSPFMOCEUTA,23,47,0.00541100621690076,0.0,1.0
A2I6H0OBCTMNN9,3,481,0.055376467879346074,0.0,1.0
A7EC1AKLPAEY,6,402,0.046281372323278835,0.0,1.0
A33F0ISF1P9RCH,4,551,0.06343541330877274,0.0,1.0
A5YSNNBCMLVX2,9,45,0.005180750633202855,0.0,1.0
A2SNID1IYR1TBU,4,551,0.06343541330877274,0.0,1.0
A3HZ83EUW587RM,1,173,0.019917107989868753,0.0,1.0
A1T7TGDFADVX6Q,9,39,0.004489983882109141,0.0,1.0
A3S58J9HNVKP32,7,19,0.0021874280451300945,0.0,1.0
A4MQ4HZF3Q7JV,2,34,0.00391434492286438,0.0,1.0
A1DTTUZZH3UCJK,30,18,0.002072300253281142,0.0,1.0
A1B48D0I1M9HBI,8,8,0.0009210223347916187,0.0,1.0
ASV6KRCHWHOU2,9,45,0.005180750633202855,0.0,1.0
A228B35PGJ9S8I,2,37,0.004259728298411237,0.0,1.0
AOU1TM9UA1BZF,13,218,0.02509785862307161,0.0,1.0
AI8IWYR71IOQS,3,75,0.008634584388671426,0.0,1.0
A110S8IJ3ZID0D,13,218,0.02509785862307161,0.0,1.0
A11LTGLPJ66GTN,11,157,0.018075063320285516,0.0,1.0
A1RMJZO6G0LJYH,36,13,0.0014966612940363804,0.0,1.0
AO46YPZ1EAGZ,17,53,0.006101772967994474,0.0,1.0
AGP5A25LAX70Y,5,105,0.012088418144139995,0.0,1.0
A2XPPAMKIMK3VE,12,45,0.005180750633202855,0.0,1.0
A3C35YQCMRP4Q6,4,551,0.06343541330877274,0.0,1.0
A2JNBBSGJFN7EF,3,481,0.055376467879346074,0.0,1.0
A23S2XCWFZM976,13,218,0.02509785862307161,0.0,1.0
A28FSKNDEGW9EM,8,232,0.02670964770895694,0.0,1.0
A2JXAZZI9PHK9Z,0,4,0.00046051116739580933,0.0,1.0
A3L0JLM9CB0IW0,6,402,0.046281372323278835,0.0,1.0
A10KDHOU58875,3,481,0.055376467879346074,0.0,1.0
A4DZ12AFVZ6LT,12,183,0.021068385908358276,0.0,1.0
A1CWC70ZUIJNOU,4,551,0.06343541330877274,0.0,1.0
A1L7M2JXN4EZCR,3,481,0.055376467879346074,0.0,1.0
A119UPKK8J0VWQ,26,25,0.0028781947962238084,0.0,1.0
A39JL3OBJIBIX7,11,16,0.0018420446695832373,0.0,1.0
A22IDP8YERZ79X,3,481,0.055376467879346074,0.0,1.0
A2LX285KLNY8M3,0,32,0.0036840893391664746,0.0,1.0
A3PGAICBV5O6QR,2,81,0.00932535113976514,3.3090687672187006e-05,0.5212962962962963
A1ZBG4HKXZTVBF,11,16,0.0018420446695832373,0.0,1.0
A3HSJ2H5Q075JP,0,10,0.0011512779184895234,0.0,1.0
A1JZHU0WUCTO4C,2,12,0.001381533502187428,0.0,1.0
A3STK5WDK5UB58,6,402,0.046281372323278835,0.0,1.0
AODSDJXUR4CGZ,16,93,0.010706884641952567,0.0,1.0
A104F83PVACKQF,2,43,0.0049504950495049506,0.0,1.0
A2R0FHBR9OBFGM,4,551,0.06343541330877274,0.0,1.0
A4WEZJOIZIV4U,8,232,0.02670964770895694,0.0,1.0
A2H9S6PTI94ELV,1,307,0.03534423209762837,0.00023993556202327965,0.5469332141108344
A1A13SOBLDFVNX,16,93,0.010706884641952567,0.0,1.0
A4PYOAQ2GH8FQ,22,57,0.006562284135390283,0.0,1.0
A1P8W0HATB9U86,1,148,0.017038913193644947,0.0,1.0
A3HCZTTUH3CW9Z,8,57,0.006562284135390283,0.0,1.0
A1THVLECOV14YL,11,157,0.018075063320285516,0.0,1.0
A12EMDRJ838FPF,4,551,0.06343541330877274,0.0,1.0
A1FJSCNYLU4126,5,128,0.014736357356665898,0.0,1.0
A3BTBXXZ7LG6LW,12,45,0.005180750633202855,0.0,1.0
A38YN01J31JTBD,10,224,0.025788625374165323,0.0,1.0
A32P0B3INF7HF5,12,45,0.005180750633202855,0.0,1.0
A371ZZ95ZQEIZV,13,218,0.02509785862307161,0.0,1.0
A187ADBPN8OOY7,87,4,0.00046051116739580933,0.0,1.0
A323304W2UIUTX,23,47,0.00541100621690076,0.0,1.0
A1K1YV2K1958SE,2,43,0.0049504950495049506,0.0,1.0
A3SGQUKYUATAM8,2,18,0.002072300253281142,0.0,1.0
A10S9NK38WEQ65,13,218,0.02509785862307161,0.0,1.0
A18LW76H2OQ1KE,18,81,0.00932535113976514,0.0,1.0
A2V84I2M1DT1TZ,6,402,0.046281372323278835,0.0,1.0
A3GTTII3IQTANG,4,551,0.06343541330877274,0.0,1.0
A2Q9ZWQ5NVT19E,26,25,0.0028781947962238084,0.0,1.0
A3TAT80JCWYGB4,13,218,0.02509785862307161,0.0,1.0
A2B9AYXPRI38IV,16,93,0.010706884641952567,0.0,1.0
AO8Q98Z14CRAZ,5,128,0.014736357356665898,0.0,1.0
A30XCXBX58I43B,10,5,0.0005756389592447617,0.0,1.0
A449KVVGC9J7I,0,12,0.001381533502187428,0.0,1.0
A29BHRFANZXQ3C,64,5,0.0005756389592447617,0.0,1.0
AXCUPHHJJWZ3C,3,481,0.055376467879346074,0.0,1.0
A266AKA2T51O0C,4,551,0.06343541330877274,0.0,1.0
AARTX8A7CN0PB,12,183,0.021068385908358276,0.0,1.0
A3JRRJ9W47KFJ7,4,551,0.06343541330877274,0.0,1.0
A3EX8ZFNVDHGPM,30,18,0.002072300253281142,0.0,1.0
A2ZT9UP11DGS0O,1,37,0.004259728298411237,0.0,1.0
A3NR9E16US91MM,2,12,0.001381533502187428,0.0,1.0
A34LK05I5S49LP,17,22,0.0025328114206769514,0.0,1.0
A3IKQ1HN8KQJFD,15,50,0.005756389592447617,0.0,1.0
AI5CL94ZW72ZM,3,481,0.055376467879346074,0.0,1.0
A1QP9QVNM4OMWR,8,57,0.006562284135390283,0.0,1.0
A2PIXJPHL8RSRW,16,93,0.010706884641952567,0.0,1.0
A1BNL6HCVVEDN0,7,19,0.0021874280451300945,0.0,1.0
ATRZDZST8GM5W,3,481,0.055376467879346074,0.0,1.0
A16BCKU6WTSGRL,14,107,0.0123186737278379,0.0,1.0
A3D4B6J0ZAA6D,33,15,0.001726916877734285,0.0,1.0
A313VOS25H6G2F,24,33,0.003799217131015427,0.0,1.0
A2ZWPLINHIK3DS,7,108,0.012433801519686852,0.0,1.0
AIY63PF337QF4,9,11,0.0012664057103384757,0.0,1.0
A2B7R69TZSJA8C,21,69,0.007943817637577712,0.0,1.0
A6CT51FUL6UT8,14,107,0.0123186737278379,0.0,1.0
A1CP551C8355WH,10,224,0.025788625374165323,0.0,1.0
AMYQVXWY2MIFK,14,21,0.002417683628827999,0.0,1.0
A2CQAEX92SXVKR,8,83,0.009555606723463044,0.0,1.0
A4OGL6HINEZVL,9,78,0.008979967764218283,0.0,1.0
A1ED8VDWRL12Q5,4,551,0.06343541330877274,0.0,1.0
A2QARZA980DE7S,7,70,0.008058945429426664,0.0,1.0
AXHEZ7BIWEYX6,5,105,0.012088418144139995,0.0,1.0
A2K3WCT5GZY4FN,13,218,0.02509785862307161,0.0,1.0
A8PW0WUVGYF9P,21,69,0.007943817637577712,0.0,1.0
AE38XXG3CPZ0L,12,45,0.005180750633202855,0.0,1.0
A27DHWJ275D678,39,12,0.001381533502187428,0.0,1.0
A1LZSBV038CISF,10,224,0.025788625374165323,0.0,1.0
A100SER4Z9YAWR,21,69,0.007943817637577712,0.0,1.0
A1EUVBIPRTHTCX,18,81,0.00932535113976514,0.0,1.0
A1E6U796EWSWXL,2,68,0.00782868984572876,0.0,1.0
A2MBKEPPUSAVUS,7,108,0.012433801519686852,0.0,1.0
AIZFG6OQA55AP,9,107,0.0123186737278379,0.0,1.0
A6KRB71JYJRBT,17,53,0.006101772967994474,0.0,1.0
A1OYKEHNH3E23C,3,481,0.055376467879346074,0.0,1.0
ANL4KC4GZU82E,4,551,0.06343541330877274,0.0,1.0
A34VKO642QP76Z,21,69,0.007943817637577712,0.0,1.0
A2265X68RLA8AD,0,11,0.0012664057103384757,0.0,1.0
A3G636N0YXQA7A,7,70,0.008058945429426664,0.0,1.0
A28ESPSP0O6LUM,15,135,0.015542251899608565,0.0,1.0
A3OLGVL02YNQDK,3,481,0.055376467879346074,0.0,1.0
A3TSAQ6H6HKXIZ,24,33,0.003799217131015427,0.0,1.0
A1W18337L4X2LD,4,551,0.06343541330877274,0.0,1.0
A1IE3DQMCUAKBT,3,75,0.008634584388671426,0.0,1.0
A388UKVL7CLB2K,15,135,0.015542251899608565,0.0,1.0
AI82OB24HV0BO,4,551,0.06343541330877274,0.0,1.0
A1OYA1IESSJ8F6,13,218,0.02509785862307161,0.0,1.0
ALVKOFR0B1MN2,4,551,0.06343541330877274,0.0,1.0
A1JLW42JHQRJBP,12,45,0.005180750633202855,0.0,1.0
A7R9S61MMVO2H,10,224,0.025788625374165323,0.0,1.0
A8DV5O0AE04R1,3,481,0.055376467879346074,0.0,1.0
A3FBX7QRP0B7S8,3,481,0.055376467879346074,0.0,1.0
A3U521S7IPSFZG,4,551,0.06343541330877274,0.0,1.0
A91K5V1GJ9ASA,8,57,0.006562284135390283,0.0,1.0
A3ISZ8KLXYYI7P,13,218,0.02509785862307161,0.0,1.0
A2PNSG656BQTHC,12,45,0.005180750633202855,0.0,1.0
A1YMK7AK1WQEOB,16,93,0.010706884641952567,0.0,1.0
A3D7IRV9BPFK5J,3,481,0.055376467879346074,0.0,1.0
AUFX5ZHXKCQ8V,0,35,0.004029472714713332,0.0,1.0
AGIBNCDLA1IS2,5,35,0.004029472714713332,0.0,1.0
A1ZTSV4IDULSP0,16,93,0.010706884641952567,0.0,1.0
A3J9C4DT8XKMCP,4,551,0.06343541330877274,0.0,1.0
A2UWPFYTMPW6S5,4,551,0.06343541330877274,0.0,1.0
AQIYMF4X90D8E,7,67,0.007713562053879806,0.0001237619339485488,0.5151515151515151
A2IFTSL05L8NP,12,183,0.021068385908358276,0.0,1.0
A1RYHZGUQ705BR,2,9,0.001036150126640571,0.0,1.0
A21EHWHI9XQY10,19,69,0.007943817637577712,0.0,1.0
A1BTULXPTQBGQ0,7,27,0.003108450379921713,0.0,1.0
A2Z6K5LQUZU08X,0,55,0.006332028551692378,0.0,1.0
A1W476YCP7DZ2S,1,210,0.02417683628827999,0.0,1.0
A1EX7MNFZYL58,6,402,0.046281372323278835,0.0,1.0
A30OCGX9SUDKUE,2,22,0.0025328114206769514,0.0,1.0
A1XTM47DUD1K7D,10,60,0.00690766751093714,0.0,1.0
A25Q4C2UDIOPXC,5,35,0.004029472714713332,0.0,1.0
A12GIOKE26ZFKJ,17,53,0.006101772967994474,0.0,1.0
A1RO7LHPEVFKY1,24,33,0.003799217131015427,0.0,1.0
A13RIB5M9L611E,39,12,0.001381533502187428,0.0,1.0
A2QDO2ACVW88GT,12,183,0.021068385908358276,0.0,1.0
A1LXHQM4NSC1T4,1,173,0.019917107989868753,0.0,1.0
A22KNT28RO8DXL,12,45,0.005180750633202855,0.0,1.0
A32V1A0ER6VKTX,1,148,0.017038913193644947,0.0,1.0
A3DVCKQY3WN6ZU,1,148,0.017038913193644947,0.0,1.0
A7958QGR5LEDZ,1,148,0.017038913193644947,0.0,1.0
A1MRDNCRZT1AWC,3,481,0.055376467879346074,0.0,1.0
A58HIMN3EW2NN,25,6,0.000690766751093714,0.0,1.0
A3IONEIQB9028N,4,551,0.06343541330877274,0.0,1.0
A1OEIH3SU8TSJC,0,49,0.0056412618005986645,0.0,1.0
A9P4Q7KX35RS2,9,78,0.008979967764218283,0.0,1.0
ARHPPI71WHUZ3,3,481,0.055376467879346074,0.0,1.0
A6U34RDGWDAP0,16,93,0.010706884641952567,0.0,1.0
A1NX2S8MYXGEM,3,481,0.055376467879346074,0.0,1.0
A1K73H16UK8XU4,4,551,0.06343541330877274,0.0,1.0
A3R2US71Y3CV9R,7,42,0.004835367257655998,0.0,1.0
A1FXR3BGMW7F22,3,481,0.055376467879346074,0.0,1.0
A2ADXHHQWZ630U,12,183,0.021068385908358276,0.0,1.0
A3PNHNCDRNJYUX,4,551,0.06343541330877274,0.0,1.0
A28621TSIR5EOG,40,12,0.001381533502187428,0.0,1.0
AI8SCFYK5I0YB,12,183,0.021068385908358276,0.0,1.0
AK2XW27R76ZTC,30,18,0.002072300253281142,0.0,1.0
A2MBOX3TNBCBV6,26,25,0.0028781947962238084,0.0,1.0
A2SZMPX5JFBFFF,4,551,0.06343541330877274,0.0,1.0
A2MCRCK1V61FWQ,6,402,0.046281372323278835,0.0,1.0
A2AIDS3RG8GKWW,14,588,0.06769514160718397,0.024705140674308422,0.7017812235626789
A1KM3IPZ9H0JKZ,13,218,0.02509785862307161,0.0,1.0
A1R5NYTW214KG4,3,481,0.055376467879346074,0.0,1.0
A1VXOAVRGKGEAK,0,19,0.0021874280451300945,8.109900972095642e-06,0.7192982456140351
A5SRH9OLR37VY,9,39,0.004489983882109141,0.0,1.0
A3QX0ERX4D03TF,1,173,0.019917107989868753,0.0,1.0
A18VHVC7JXA7H7,0,36,0.004144600506562284,0.0,1.0
A3U04KS55VJLSR,0,4,0.00046051116739580933,0.0,1.0
A2JWZ2WBSBMTV3,10,224,0.025788625374165323,0.0,1.0
A3SPRSLV03DT6Y,6,402,0.046281372323278835,0.0,1.0
A6FGKXU6ZPW64,13,218,0.02509785862307161,0.0,1.0
ALUYNO0PD2ARM,3,75,0.008634584388671426,0.0,1.0
A10X3LYWCWIDAH,6,402,0.046281372323278835,0.0,1.0
A1R8LFZ1EMGK75,9,45,0.005180750633202855,0.0,1.0
AZ9QAIBGTLTLB,1,242,0.027860925627446465,0.0006065546106211562,0.7696581050032578
A24WJXSXVNB9KF,12,183,0.021068385908358276,0.0,1.0
A38LYJ7NQ65G5L,13,218,0.02509785862307161,0.0,1.0
A1PMOO5BRBUCJP,2,68,0.00782868984572876,0.0,1.0
A3A1ENOW12T0QY,7,27,0.003108450379921713,0.0,1.0
A2Z5WCWTUTWFO9,5,6,0.000690766751093714,0.0,1.0
A194CASS07MYI7,10,224,0.025788625374165323,0.0,1.0
ASYWPMAIO0HGD,0,10,0.0011512779184895234,0.0,1.0
A1C8K8UTDSXRXS,0,10,0.0011512779184895234,0.0,1.0
AOTY596BG2YX7,9,107,0.0123186737278379,0.0,1.0
A35Z26M69ZK7EJ,9,78,0.008979967764218283,0.0,1.0
A2KJ43Z9LSL6S7,7,27,0.003108450379921713,0.0,1.0
A1H0NIDFVV1FTU,4,551,0.06343541330877274,0.0,1.0
A1NKFLGVEZP8SE,4,551,0.06343541330877274,0.0,1.0
A2725N1VSUMBIQ,26,25,0.0028781947962238084,0.0,1.0
AA70BU7RTBOMM,18,81,0.00932535113976514,0.0,1.0
A27A10YC94A9G2,5,32,0.0036840893391664746,0.0,1.0
A2PUDX7VRQN5M5,0,10,0.0011512779184895234,0.0,1.0
A2TAY3SZ3TF5EI,1,148,0.017038913193644947,0.0,1.0
A2ZCKOJM6MOBVY,25,6,0.000690766751093714,0.0,1.0
A39K52QDP4C3ZS,18,81,0.00932535113976514,0.0,1.0
A2MFRJZCVA0QWY,0,36,0.004144600506562284,0.0,1.0
A15SF8FPL1RF63,15,135,0.015542251899608565,0.0,1.0
A39I7G8W0SSL9V,18,81,0.00932535113976514,0.0,1.0
A13E4PY6OVAGTX,2,22,0.0025328114206769514,0.0,1.0
ASRSXQNGDV0HG,9,107,0.0123186737278379,0.0,1.0
A20AAU9AUQ2ATE,10,242,0.027860925627446465,0.00033171106638978185,0.862418984259799
A2SXJZGMY90RZN,0,11,0.0012664057103384757,0.0,1.0
A32VSTSDEPUBHU,40,12,0.001381533502187428,0.0,1.0
A2I4J1INDYAIZL,19,69,0.007943817637577712,0.0,1.0
A3NAJLO81N0SEY,7,27,0.003108450379921713,0.0,1.0
A2STWCKJD4TMK8,87,4,0.00046051116739580933,0.0,1.0
A1IV22RC7DF26R,4,658,0.07575408703661063,0.01020729809579345,0.7273042705861126
A26W5C2OC26ZXI,1,148,0.017038913193644947,0.0,1.0
A1PR7UDVQ8QSFF,8,232,0.02670964770895694,0.0,1.0
AQ7322MXNS3G0,0,77,0.00886483997236933,0.0,1.0
AJ2RVTE5ZN68V,1,173,0.019917107989868753,0.0,1.0
ASKFD1IPJ0PQ9,3,481,0.055376467879346074,0.0,1.0
A39OM6SPWHS3FK,5,105,0.012088418144139995,0.0,1.0
AQA9PLI2LH3MK,5,20,0.002302555836979047,0.0,1.0
A183L9ZWVA5KLQ,16,93,0.010706884641952567,0.0,1.0
A3E37ZYITKUQNL,9,30,0.00345383375546857,0.0,1.0
A35BXS8M3HZZV4,0,12,0.001381533502187428,0.0,1.0
A1TIAPDVMPJ0Z0,4,551,0.06343541330877274,0.0,1.0
AMF75VWP2SV6M,14,107,0.0123186737278379,0.0,1.0
A2U27A197AH87W,17,53,0.006101772967994474,0.0,1.0
A34818POYHM1GD,8,57,0.006562284135390283,0.0,1.0
A3U47B6C3QW94L,4,551,0.06343541330877274,0.0,1.0
A3HXSYE3AEP812,0,49,0.0056412618005986645,0.0,1.0
A2DCZF2RN31FNK,14,21,0.002417683628827999,0.0,1.0
A1ZGIIHI1LDEAO,5,17,0.00195717246143219,0.0,1.0
A2L6U1XA9WQR2M,4,551,0.06343541330877274,0.0,1.0
A3U525HTP9WZX5,8,57,0.006562284135390283,0.0,1.0
A2XVE0GEZ4G16A,3,75,0.008634584388671426,0.0,1.0
A27DUWMSKPPGLT,2,13,0.0014966612940363804,0.0,1.0
A24MX6O7YJGFBO,3,9,0.001036150126640571,0.0,1.0
AW96RTBLM8068,12,45,0.005180750633202855,0.0,1.0
A3VAJFVJMB8RI4,14,54,0.006216900759843426,0.0,1.0
ACGEI811KV9OY,11,157,0.018075063320285516,0.0,1.0
A3A18QLK7CNIVX,3,481,0.055376467879346074,0.0,1.0
A200C5ZDWEKTRA,5,128,0.014736357356665898,0.0,1.0
A1UEYVSBWUNOGZ,23,47,0.00541100621690076,0.0,1.0
AFROGMQUUAQK2,4,551,0.06343541330877274,0.0,1.0
A3LXBD5R25MX7P,9,107,0.0123186737278379,0.0,1.0
A3RHCLAFMG8W8,1,173,0.019917107989868753,0.0,1.0
ASFUUFA3EKP6T,0,243,0.027976053419295415,0.0,1.0
AJ7RK6IXOYK4U,9,107,0.0123186737278379,0.0,1.0
A148IYQMD3J6YD,6,402,0.046281372323278835,0.0,1.0
A3445SRT7KJ6FN,8,232,0.02670964770895694,0.0,1.0
A1LCLRSPWAMYLE,23,47,0.00541100621690076,0.0,1.0
A2FM9BOFK3RS94,8,57,0.006562284135390283,0.0,1.0
A3TLV6X0NJV934,8,232,0.02670964770895694,0.0,1.0
A37FB0STAIM5PY,39,12,0.001381533502187428,0.0,1.0
A2ZY199QQQY3FB,0,12,0.001381533502187428,0.0,1.0
AEPTZ4SG6U3UE,58,6,0.000690766751093714,0.0,1.0
A2XWP890G6ARFW,1,210,0.02417683628827999,0.0,1.0
A1W6VR9F0OKMWM,18,81,0.00932535113976514,0.0,1.0
A2S4X009TZ0C26,13,218,0.02509785862307161,0.0,1.0
A24FQNZ2ZCP9UH,9,78,0.008979967764218283,0.0,1.0
A1D34RQ7RIERSY,8,232,0.02670964770895694,0.0,1.0
A14BXZ2BXGLTXN,15,135,0.015542251899608565,0.0,1.0
A29UCTPWD0NNHQ,10,224,0.025788625374165323,0.0,1.0
A3P9WO6BXBSM54,18,81,0.00932535113976514,0.0,1.0
A3PK8RJRO4GNVZ,5,105,0.012088418144139995,0.0,1.0
A3PXZ8TOQNGLA,14,107,0.0123186737278379,0.0,1.0
A3T6Z4XWXWGEEN,4,551,0.06343541330877274,0.0,1.0
A1TNB51HOW0V8Q,5,35,0.004029472714713332,0.0,1.0
AG0UP5II9OSP2,24,33,0.003799217131015427,0.0,1.0
A37IXQTOMZDPNA,6,402,0.046281372323278835,0.0,1.0
AQ4T1DUD9HI3F,3,481,0.055376467879346074,0.0,1.0
A2K0R61CIS5RCH,5,128,0.014736357356665898,0.0,1.0
A3E3P8LUD48X6C,4,551,0.06343541330877274,0.0,1.0
A3BSSJ6SJ5NVWJ,7,24,0.002763067004374856,0.0,1.0
A3AG0DHBLDYVPZ,3,657,0.07563895924476169,0.0025758628795615286,0.6131436314363143
ATCBM6W5YELBY,4,551,0.06343541330877274,0.0,1.0
A2YBKKLYAMSJMU,6,402,0.046281372323278835,0.0,1.0
A24V0SRCB8XBAC,11,29,0.0033387059636196177,0.0,1.0
A9DW3IODLLHJG,24,33,0.003799217131015427,0.0,1.0
A10MB3X3QKRDI0,15,135,0.015542251899608565,0.0,1.0
A19DJFABUM7D1K,17,22,0.0025328114206769514,0.0,1.0
AQRQFC49CR3YJ,11,29,0.0033387059636196177,0.0,1.0
ART6PY1KQ0CR7,3,481,0.055376467879346074,0.0,1.0
A3NH30B70DU5IH,9,78,0.008979967764218283,0.0,1.0
A2BYV7S1QP2YIG,9,78,0.008979967764218283,0.0,1.0
A1DB2EVH0HGHBP,4,551,0.06343541330877274,0.0,1.0
A2H2H6SQVHRIER,87,4,0.00046051116739580933,0.0,1.0
A1FFCR74WU1E6Z,13,218,0.02509785862307161,0.0,1.0
A1U5IJHJK84S54,6,402,0.046281372323278835,0.0,1.0
A5MTZTDSIBX09,6,402,0.046281372323278835,0.0,1.0
A35JCASWZL0XBH,7,19,0.0021874280451300945,0.0,1.0
A3S3P2TWEVS69L,6,402,0.046281372323278835,0.0,1.0
A30BQ1F0T0IES8,12,183,0.021068385908358276,0.0,1.0
A2OXGLRMYMXCHY,1,210,0.02417683628827999,0.0,1.0
A3P1V5EP4RJDKS,1,210,0.02417683628827999,0.0,1.0
A1VNONWPXHI3LT,1,148,0.017038913193644947,0.0,1.0
A1Z27AHFNIFBG6,9,107,0.0123186737278379,0.0,1.0
A196D8WNI6JXBZ,8,232,0.02670964770895694,0.0,1.0
A3VWCQP7XS2JD,12,45,0.005180750633202855,0.0,1.0
A3UTY0UCKWXRY9,0,243,0.027976053419295415,0.0,1.0
A3PDU0KJO6QKYW,0,18,0.002072300253281142,0.0,1.0
A1I1H1EHPOH6ZW,18,81,0.00932535113976514,0.0,1.0
A2BD5KVPI6CSPU,7,42,0.004835367257655998,0.0,1.0
A179LO7TV9N1BT,1,173,0.019917107989868753,0.0,1.0
A3O4CQSM06AP8Q,6,402,0.046281372323278835,0.0,1.0
A23COTZ159C7E5,8,232,0.02670964770895694,0.0,1.0
A52CNGFJTZZM4,15,135,0.015542251899608565,0.0,1.0
A1KZP366BCW0CR,3,481,0.055376467879346074,0.0,1.0
A162MNFD5CGQ03,13,218,0.02509785862307161,0.0,1.0
A3KZEGBTPH6MMF,6,17,0.00195717246143219,0.0,1.0
AZXP46IB63PU8,2,29,0.0033387059636196177,0.0,1.0
AFW5OSWR85WRY,1,148,0.017038913193644947,0.0,1.0
A35T95CVL2QB9O,8,232,0.02670964770895694,0.0,1.0
A11QNB7FPVY3V,8,83,0.009555606723463044,0.0,1.0
ARX6W8UN2PYJ1,1,210,0.02417683628827999,0.0,1.0
A2CC9R0KDGDFQP,14,107,0.0123186737278379,0.0,1.0
A2IPBE3XFMT2MY,5,105,0.012088418144139995,0.0,1.0
A2CTXDLXKOHCEH,5,128,0.014736357356665898,0.0,1.0
A2X92GFMN2QUY2,10,224,0.025788625374165323,0.0,1.0
A3DQ3Q2GPZRLT7,22,57,0.006562284135390283,0.0,1.0
A25X0R6758CLWJ,58,6,0.000690766751093714,0.0,1.0
A1WWUZUK1ONXXV,10,224,0.025788625374165323,0.0,1.0
A3D0WID5KX7YQ0,14,54,0.006216900759843426,0.0,1.0
AZOTUFIYPVNDT,0,41,0.004720239465807046,0.0,1.0
A23GNFDESFFY6C,2,34,0.00391434492286438,0.0,1.0
A2WNVDIUMPMD87,3,481,0.055376467879346074,0.0,1.0
A1NP3RUUZSMR8J,8,57,0.006562284135390283,0.0,1.0
AJOA5W5YFUCCV,8,232,0.02670964770895694,0.0,1.0
A3EPT8ENSU0TU,39,12,0.001381533502187428,0.0,1.0
A2LMF5Q6FO9TOI,10,60,0.00690766751093714,0.0,1.0
A2CPG57XFTOBDL,18,81,0.00932535113976514,0.0,1.0
A3TBMGNSEQBWIL,9,107,0.0123186737278379,0.0,1.0
A8VNRW9OJGDV0,5,32,0.0036840893391664746,0.0,1.0
A39B0SSJKCS0WY,28,20,0.002302555836979047,0.0,1.0
A38WZ0ITR34AFN,9,107,0.0123186737278379,0.0,1.0
A2GZKGGQ6U0YL0,15,135,0.015542251899608565,0.0,1.0
A203Q1G7IMYOVY,8,232,0.02670964770895694,0.0,1.0
A31PZ5TL8HYZ84,9,107,0.0123186737278379,0.0,1.0
AO91OW1SZKSJK,1,173,0.019917107989868753,0.0,1.0
A2LHZKX1R0HW2M,7,108,0.012433801519686852,0.0,1.0
A127KI9JEAESJ1,18,81,0.00932535113976514,0.0,1.0
A1579YT6JXUHUF,2,26,0.0029933225880727607,0.0,1.0
AQCJ6YL20AICG,12,183,0.021068385908358276,0.0,1.0
A2BLRT79WUTLXW,13,218,0.02509785862307161,0.0,1.0
AFWPH07F1FTXE,7,27,0.003108450379921713,0.0,1.0
AZQTJ6HUS5L2Q,18,81,0.00932535113976514,0.0,1.0
AW4ZR3T63NCP0,14,107,0.0123186737278379,0.0,1.0
A1U8BMNVUVNXW7,7,27,0.003108450379921713,0.0,1.0
A2JWFLMUIV5N2P,9,11,0.0012664057103384757,0.0,1.0
A3TMZ2H98O43I,5,35,0.004029472714713332,0.0,1.0
A2IQMBBNQQREPT,21,69,0.007943817637577712,0.0,1.0
A4KNTF8EEFAKK,1,148,0.017038913193644947,0.0,1.0
A2ENBKGI9TI7DX,5,128,0.014736357356665898,0.0,1.0
A3IIGCFLKVFW8M,13,218,0.02509785862307161,0.0,1.0
A4J4J2V4KH7LY,1,210,0.02417683628827999,0.0,1.0
A9SSQJ46YXCHY,27,21,0.002417683628827999,0.0,1.0
A340AUQWQ33Y69,3,481,0.055376467879346074,0.0,1.0
A2U9XX4Q5NQBG6,13,218,0.02509785862307161,0.0,1.0
A2MII7AJ7ID0NR,4,551,0.06343541330877274,0.0,1.0
A1VNI8SZ045QY1,12,183,0.021068385908358276,0.0,1.0
A2L8545I1KHY19,0,4,0.00046051116739580933,0.0,1.0
AZDFE5RF3TZLT,6,402,0.046281372323278835,0.0,1.0
A4DO6F431LOO2,10,60,0.00690766751093714,0.0,1.0
A2BXVR4XBE18T6,26,25,0.0028781947962238084,0.0,1.0
A1Y4MY6KYVUTIA,2,12,0.001381533502187428,0.0,1.0
A1D1ZUWM0MMBVK,9,107,0.0123186737278379,0.0,1.0
AI3FJ2DZ7IQYM,0,55,0.006332028551692378,0.0,1.0
A2K4IDHREI1GLM,7,42,0.004835367257655998,0.0,1.0
A5KBC6M1KUIC8,7,27,0.003108450379921713,0.0,1.0
A3NE9ABP7PAYK3,6,402,0.046281372323278835,0.0,1.0
ALTD3G36MJTGO,1,148,0.017038913193644947,0.0,1.0
AN7AELA3YHNZK,6,402,0.046281372323278835,0.0,1.0
A3S47OYFMIQT5N,2,29,0.0033387059636196177,0.0,1.0
A3FNF36SELJ49S,87,4,0.00046051116739580933,0.0,1.0
A2RZVD8A0T6ZF1,5,20,0.002302555836979047,0.0,1.0
A3WFXFCLASQMP,4,551,0.06343541330877274,0.0,1.0
A351TM1V66NOEJ,27,21,0.002417683628827999,0.0,1.0
A143X0EUX2LCDS,3,481,0.055376467879346074,0.0,1.0
A2KJXBI3V1MZNM,9,107,0.0123186737278379,0.0,1.0
A3VDWR7HE54SB2,1,13,0.0014966612940363804,0.0,1.0
A3T643FOKZCYEC,9,78,0.008979967764218283,0.0,1.0
AQHYPU9OIL1IL,1,14,0.0016117890858853327,0.0,1.0
A2X9H68QLS42Q7,2,55,0.006332028551692378,0.0,1.0
AV1B3S6ONDIWL,8,232,0.02670964770895694,0.0,1.0
A4Q1AC81B9TO4,5,50,0.005756389592447617,0.0,1.0
A148WA455FCXQZ,9,107,0.0123186737278379,0.0,1.0
A3JAL9LX5XMKB3,15,50,0.005756389592447617,0.0,1.0
A14344GE7UZNTJ,2,43,0.0049504950495049506,0.0,1.0
AIKDNESAP7MX2,10,224,0.025788625374165323,0.0,1.0
A2GJU27367VVCX,18,81,0.00932535113976514,0.0,1.0
A340RN4767K964,11,157,0.018075063320285516,0.0,1.0
A38BJJO4VGJIQ5,24,33,0.003799217131015427,0.0,1.0
A3A5JAWFOSZ5Y5,15,135,0.015542251899608565,0.0,1.0
A3BB2RC775TBZ1,23,47,0.00541100621690076,0.0,1.0
A3QNHDUBMA6WQM,6,402,0.046281372323278835,0.0,1.0
A15N5RY4YGRQRQ,4,551,0.06343541330877274,0.0,1.0
A17IVNVGY54H15,4,551,0.06343541330877274,0.0,1.0
A2N67VW99YXWAQ,3,481,0.055376467879346074,0.0,1.0
A2XI34EU8N0J4X,6,402,0.046281372323278835,0.0,1.0
A212REVB5AFP02,13,218,0.02509785862307161,0.0,1.0
AHWVTOXGM4SZ9,13,218,0.02509785862307161,0.0,1.0
ACJWRLQLI9EYZ,14,107,0.0123186737278379,0.0,1.0
A2CNN71709T4Y2,5,105,0.012088418144139995,0.0,1.0
A18E7XYFB86Q84,1,148,0.017038913193644947,0.0,1.0
A16AF8BFMCVOWW,1,210,0.02417683628827999,0.0,1.0
A18409QMZ6CMQD,5,105,0.012088418144139995,0.0,1.0
AGMRCXA1AX1TJ,10,224,0.025788625374165323,0.0,1.0
A3AZED5QHTI9M7,4,551,0.06343541330877274,0.0,1.0
A20YIDMSMXPS3E,8,232,0.02670964770895694,0.0,1.0
A2VF6TEWSJZ1WG,15,135,0.015542251899608565,0.0,1.0
A29YS5OVDXOJVL,4,551,0.06343541330877274,0.0,1.0
A24O7WFLDZG8EN,8,232,0.02670964770895694,0.0,1.0
A21OA8773GTIKD,2,34,0.00391434492286438,0.0,1.0
A1RWHQCLGP7MJJ,5,128,0.014736357356665898,0.0,1.0
A3A2QISZ44247F,1,148,0.017038913193644947,0.0,1.0
A2XF4BFQ1WPR2E,2,27,0.003108450379921713,0.0,1.0
A37UU7LD4MWAJQ,4,551,0.06343541330877274,0.0,1.0
ANY6JUFM0GH8U,50,7,0.0008058945429426663,0.0,1.0
A3D5PYW78GKDWV,2,34,0.00391434492286438,0.0,1.0
A299WE3SXXMRTD,10,224,0.025788625374165323,0.0,1.0
A1ISGQPXW3BOHN,9,107,0.0123186737278379,0.0,1.0
A3SNB53I64J9N5,0,34,0.00391434492286438,0.0,1.0
A2FUMBORC5EMXG,7,9,0.001036150126640571,0.0,1.0
A40U43VX39NR9,85,4,0.00046051116739580933,0.0,1.0
APRFTIZ7PB4S8,9,78,0.008979967764218283,0.0,1.0
A2VNAGUP6GD6ZW,9,185,0.02129864149205618,0.0011425438610750333,0.5101645123384254
A326UIIB1O2UUR,13,218,0.02509785862307161,0.0,1.0
A1H5P52BNEMM2P,5,20,0.002302555836979047,0.0,1.0
A3QM50LF2CHU6,5,21,0.002417683628827999,0.0,1.0
A3MW8B6I2LXVWR,1,148,0.017038913193644947,0.0,1.0
A2SVJ8MKR2VB0T,5,32,0.0036840893391664746,0.0,1.0
A2SDA5LOD7577T,15,50,0.005756389592447617,0.0,1.0
A2MVO3996P4E4Y,16,93,0.010706884641952567,0.0,1.0
A1YIBJJC910PCQ,14,107,0.0123186737278379,0.0,1.0
A3E47AJOQG6UK2,26,25,0.0028781947962238084,0.0,1.0
A355M74J438SGG,2,12,0.001381533502187428,0.0,1.0
A1WLP6S3L9V3VL,0,18,0.002072300253281142,0.0,1.0
A32IJ34W2PUHT7,1,148,0.017038913193644947,0.0,1.0
A3TEP6U427LK9Z,5,32,0.0036840893391664746,0.0,1.0
AVLWZUZ594UT4,2,12,0.001381533502187428,0.0,1.0
A1D3CJ9QKBXC1Y,10,281,0.0323509095095556,0.0039001434020694485,0.6755719369598373
A1JVJPIRK7MXGD,10,224,0.025788625374165323,0.0,1.0
A1NL56D0Y0TORY,6,402,0.046281372323278835,0.0,1.0
A38ZKGP6U1QOF0,8,83,0.009555606723463044,0.0,1.0
AWHT8HM8R4B3Z,10,224,0.025788625374165323,0.0,1.0
A4U8NV8P13RH9,1,148,0.017038913193644947,0.0,1.0
A2QAGLOY2VFUYU,3,481,0.055376467879346074,0.0,1.0
A24S76CQYV9ONA,58,6,0.000690766751093714,0.0,1.0
APDDHVTJHY2JL,5,35,0.004029472714713332,0.0,1.0
A1BM3CYLFRE4X5,1,210,0.02417683628827999,0.0,1.0
A1AU09HM08FADZ,19,69,0.007943817637577712,0.0,1.0
A69HUWNHTPGA7,24,33,0.003799217131015427,0.0,1.0
A17A6OOXUV6ULM,10,224,0.025788625374165323,0.0,1.0
A32TEHZX11HR1A,0,5,0.0005756389592447617,0.0,1.0
A17BH0ZOXHDFJJ,9,107,0.0123186737278379,0.0,1.0
AU61SDVMO3PQG,12,183,0.021068385908358276,0.0,1.0
A2I9HGYUMH5H4Y,8,232,0.02670964770895694,0.0,1.0
A3RTCA21S7BQ3P,16,93,0.010706884641952567,0.0,1.0
A1F5865RG4YKHV,6,402,0.046281372323278835,0.0,1.0
A1FSFYP29DRI4L,4,551,0.06343541330877274,0.0,1.0
A3BRJW85SMKZF,18,81,0.00932535113976514,0.0,1.0
A1YJ09IVYZ0FW0,2,22,0.0025328114206769514,0.0,1.0
A3703H5T2Y0R0K,39,12,0.001381533502187428,0.0,1.0
A25PBJDH4ZRJFQ,9,107,0.0123186737278379,0.0,1.0
A1L8H91F2X4Z6H,3,481,0.055376467879346074,0.0,1.0
A3IIOKFJDSKW9H,9,107,0.0123186737278379,0.0,1.0
AQZ64R6S3R1VF,9,107,0.0123186737278379,0.0,1.0
A2ERKJWKPRWZU5,9,107,0.0123186737278379,0.0,1.0
A18EQZ8EIR31YU,1,148,0.017038913193644947,0.0,1.0
APJB1OLRJC53N,2,37,0.004259728298411237,0.0,1.0
A1IJOBQD8CY8K1,10,17,0.00195717246143219,0.0,1.0
A3AK2R0N3CKTUP,4,551,0.06343541330877274,0.0,1.0
A2E9VW8175STQV,17,53,0.006101772967994474,0.0,1.0
A17TPXJ2U4MJAB,5,44,0.005065622841353903,0.0,1.0
A1VLZAAASQE9DH,18,81,0.00932535113976514,0.0,1.0
A2N607UFKAA5MM,1,148,0.017038913193644947,0.0,1.0
A2WROWUBLQ9GZZ,0,18,0.002072300253281142,0.0,1.0
A1R3T01MVZU6Z5,9,107,0.0123186737278379,0.0,1.0
AK087HW5YS5QZ,26,25,0.0028781947962238084,0.0,1.0
AD5E41KLIJGG2,4,551,0.06343541330877274,0.0,1.0
A2WR5U7RS4IIBY,16,93,0.010706884641952567,0.0,1.0
A28OZBLQKKYGOR,7,28,0.0032235781717706653,0.0004489425607227629,0.5476190476190477
A1FWP4ZSTC8W5O,19,69,0.007943817637577712,0.0,1.0
A36DNPFCX8A0Q3,8,57,0.006562284135390283,0.0,1.0
A33JJRB8ZAU2LF,19,69,0.007943817637577712,0.0,1.0
A2T6E660Y0AXFQ,11,29,0.0033387059636196177,0.0,1.0
A7MN8VRWL2JOK,2,26,0.0029933225880727607,0.0,1.0
A2J9469C2BM1P1,16,93,0.010706884641952567,0.0,1.0
A35CLCBHMOLSIN,36,13,0.0014966612940363804,0.0,1.0
A2E8OEDYD88CN0,23,47,0.00541100621690076,0.0,1.0
A1VUA80DLZGWIP,9,107,0.0123186737278379,0.0,1.0
AFWU5UXKHJI29,4,551,0.06343541330877274,0.0,1.0
AFV0UZAXA95TL,14,21,0.002417683628827999,0.0,1.0
A11V9E4044WFNK,26,25,0.0028781947962238084,0.0,1.0
A1SF59X4FDUGQG,14,107,0.0123186737278379,0.0,1.0
A2XHVJXV58MHVL,24,33,0.003799217131015427,0.0,1.0
ANC58RQKSQ5DG,1,173,0.019917107989868753,0.0,1.0
A3EUUHAB232JOI,26,25,0.0028781947962238084,0.0,1.0
A30E73YLNXH2LJ,3,481,0.055376467879346074,0.0,1.0
ADR6157NMQOTV,14,107,0.0123186737278379,0.0,1.0
A1X7X8KB9NXPAA,4,551,0.06343541330877274,0.0,1.0
AUKMX8TAFE3BA,11,16,0.0018420446695832373,0.0,1.0
A14GSHEE7T0KCC,4,551,0.06343541330877274,0.0,1.0
A2CBIY2WT8XCRC,8,83,0.009555606723463044,0.0,1.0
A2IXOX389FMB4T,3,481,0.055376467879346074,0.0,1.0
A9D6Y6RL8ILK4,86,4,0.00046051116739580933,0.0,1.0
A1CA40102FA5N0,13,218,0.02509785862307161,0.0,1.0
A2089FS2PJ9OZB,0,49,0.0056412618005986645,0.0,1.0
AS4A8GH1B5QBP,39,12,0.001381533502187428,0.0,1.0
A2DCBGK8J5E6PC,19,69,0.007943817637577712,0.0,1.0
A25E3UVEKH8D5,12,45,0.005180750633202855,0.0,1.0
A1IKC2YBHXIE1M,67,5,0.0005756389592447617,0.0,1.0
A3L7TRIJ13ROR3,8,232,0.02670964770895694,0.0,1.0
AHZ0OA3U26THX,1,148,0.017038913193644947,0.0,1.0
A3TJ2K4LP6V71U,9,107,0.0123186737278379,0.0,1.0
A9WFV9DEWY4S0,2,34,0.00391434492286438,0.0,1.0
A3J3MXHLT5EPA9,9,107,0.0123186737278379,0.0,1.0
A2ZWLZHPWI6JGG,2,27,0.003108450379921713,0.0,1.0
A87CILADRIZW0,10,224,0.025788625374165323,0.0,1.0
A3SE4NU7AGO47Q,20,17,0.00195717246143219,0.0,1.0
A11B7E8ERAX3KD,18,81,0.00932535113976514,0.0,1.0
A3NTH97MXHCPA9,6,402,0.046281372323278835,0.0,1.0
A3CELQN8FLDW0Y,4,551,0.06343541330877274,0.0,1.0
A31FHQVCAND5TD,8,232,0.02670964770895694,0.0,1.0
AYO28MSBV9F,18,81,0.00932535113976514,0.0,1.0
A3DMARFI3FQRJ9,8,232,0.02670964770895694,0.0,1.0
A1IGVPJTW1ED3W,1,504,0.058024407091871975,0.0019323847920142878,0.37528006563791855
A1LL87239YH1NM,0,4,0.00046051116739580933,0.0,1.0
A3FL5F9G2X4M4U,4,551,0.06343541330877274,0.0,1.0
A1F7XETXDDGRBE,4,551,0.06343541330877274,0.0,1.0
A3C60TAOFVQB45,5,128,0.014736357356665898,0.0,1.0
A39WT88YZXIJTB,13,218,0.02509785862307161,0.0,1.0
A1HSM98KUGTHNY,8,232,0.02670964770895694,0.0,1.0
A31L967UMFOLPT,4,551,0.06343541330877274,0.0,1.0
A3LBEV0UWH9V2G,14,21,0.002417683628827999,0.0,1.0
A80SFDVGOCBU8,26,25,0.0028781947962238084,0.0,1.0
A18011LY5SHJSV,28,20,0.002302555836979047,0.0,1.0
A3J0IFH0TYTVHQ,9,78,0.008979967764218283,0.0,1.0
A38X3FR7G0B6EN,5,50,0.005756389592447617,0.0,1.0
A2GPNXFUUV51ZZ,13,218,0.02509785862307161,0.0,1.0
A14QOPWXLIA7A8,8,564,0.06493207460280911,0.007001865010353214,0.748598566443697
A1PCHVTAXXQYSR,9,11,0.0012664057103384757,0.0,1.0
A22YUW6VX3I8PK,10,60,0.00690766751093714,0.0,1.0
A1ANK8ZVPWIL1P,14,21,0.002417683628827999,0.0,1.0
A1ESWWU4DNXRJV,6,402,0.046281372323278835,0.0,1.0
A2AAN5OO6QZ905,11,157,0.018075063320285516,0.0,1.0
AFJ6LHAGTA6LS,37,15,0.001726916877734285,0.0,1.0
AOHNLSWSOLK8N,0,49,0.0056412618005986645,0.0,1.0
A395TYPUVG7KNR,6,402,0.046281372323278835,0.0,1.0
A3GR935UY6LX03,0,7,0.0008058945429426663,0.0,1.0
A2RKKWRIGGMOWU,19,69,0.007943817637577712,0.0,1.0
AQCZRP5A2QHBR,1,210,0.02417683628827999,0.0,1.0
A3LM4LWX9M14BI,9,78,0.008979967764218283,0.0,1.0
A32MZZ6LEZCGRL,15,135,0.015542251899608565,0.0,1.0
A3LMUTT4V5P0QG,18,81,0.00932535113976514,0.0,1.0
A1Z5E1Z9V8G2SU,18,81,0.00932535113976514,0.0,1.0
A3BLG23IUDWFOF,6,402,0.046281372323278835,0.0,1.0
A1ICDP1SXHZE0U,3,481,0.055376467879346074,0.0,1.0
A365PBEOWM7EI7,4,551,0.06343541330877274,0.0,1.0
A1LZUJF8AQ796R,1,232,0.02670964770895694,0.0007503525205072856,0.8276608449022242
ANJFSFOYEOUXL,5,128,0.014736357356665898,0.0,1.0
A1W0XZWS8QC8IV,3,481,0.055376467879346074,0.0,1.0
A2KVSY1005QJDF,15,50,0.005756389592447617,0.0,1.0
AOVTLYTHVDNUX,14,107,0.0123186737278379,0.0,1.0
A2LB8VDT59VTP5,2,26,0.0029933225880727607,0.0,1.0
A1WFTIOEH30UJY,15,135,0.015542251899608565,0.0,1.0
A8BW6F16DEZOZ,18,81,0.00932535113976514,0.0,1.0
A310FK6D7P891I,1,210,0.02417683628827999,0.0,1.0
A3DWCCNBLNKWAQ,0,129,0.01485148514851485,0.0007384926336907678,0.5350048449612403
AD7PVSLW69R4F,32,17,0.00195717246143219,0.0,1.0
A3SVCU49WCUHHY,5,229,0.026364264333410083,0.0005876060197604239,0.5203018463188539
A1LA54IU9QKJWO,10,224,0.025788625374165323,0.0,1.0
A17WKG6ZXE7Y3O,12,183,0.021068385908358276,0.0,1.0
A24AB6DJ00YOJ6,12,183,0.021068385908358276,0.0,1.0
A3LQI6DLFEXOVJ,9,78,0.008979967764218283,0.0,1.0
ALVO1A5UB8DG0,12,183,0.021068385908358276,0.0,1.0
AUIZCHYZLLQCX,6,402,0.046281372323278835,0.0,1.0
A1UJJMFTG7WCX7,0,36,0.004144600506562284,0.0,1.0
AWPRJUXW39ZYC,8,57,0.006562284135390283,0.0,1.0
A2VSI9JA8Q1OPM,1,37,0.004259728298411237,0.0,1.0
A2DXC3PKBFPQDS,14,107,0.0123186737278379,0.0,1.0
A38W29I8J03QW8,33,15,0.001726916877734285,0.0,1.0
A1UULANW6F0NZC,39,12,0.001381533502187428,0.0,1.0
AKMEGQ2D4VS55,58,6,0.000690766751093714,0.0,1.0
A16BIH1Z3L050B,6,402,0.046281372323278835,0.0,1.0
A11Y89064TEGQ8,0,8,0.0009210223347916187,0.0,1.0
A2SJVK0G3KLIB1,19,69,0.007943817637577712,0.0,1.0
A1PYTLRARR1W0K,45,9,0.001036150126640571,0.0,1.0
A2FB4H1WFR1GDL,1,9,0.001036150126640571,0.0,1.0
A2XD50D7HKTTZE,1,148,0.017038913193644947,0.0,1.0
A3RH8D7NKLP2JS,18,81,0.00932535113976514,0.0,1.0
AUKEU9CW56TT4,13,218,0.02509785862307161,0.0,1.0
A7OAAZPLNSMXJ,6,402,0.046281372323278835,0.0,1.0
AA9PPYMDF4M4Q,9,45,0.005180750633202855,0.0,1.0
A2F30TRZIIDMXY,4,551,0.06343541330877274,0.0,1.0
AZOPTWUSS6UM0,18,81,0.00932535113976514,0.0,1.0
A10G7GOD9ZWVVV,54,6,0.000690766751093714,0.0,1.0
A3PSL549ERGXLD,12,183,0.021068385908358276,0.0,1.0
A362UVNTN7KI68,6,402,0.046281372323278835,0.0,1.0
A24UIMLT48Z09O,33,15,0.001726916877734285,0.0,1.0
A14WXFRFJLJPP5,14,10,0.0011512779184895234,0.0,1.0
ACMRDAKUXXN5D,0,36,0.004144600506562284,0.0,1.0
A3I1E3B371G9AD,4,559,0.06435643564356436,0.000583109042458907,0.9717878187495592
A3L9UYRI7SE826,4,551,0.06343541330877274,0.0,1.0
AN9FFU7XP6TL5,1,275,0.03166014275846189,0.0007487882385809789,0.5051625746516257
A3OYMK6UMM871F,7,58,0.006677411927239235,1.8223285062663295e-05,0.6231094978826376
A21C8Y7YS25NI9,2,29,0.0033387059636196177,0.0,1.0
A2V69PY52MG7PO,18,81,0.00932535113976514,0.0,1.0
A3LJOSAYINSWU3,10,19,0.0021874280451300945,0.0,1.0
A1C82BC5GNABOA,8,92,0.010591756850103615,0.00016384023649809048,0.8220258002866698
A23Y94TEJPW8YP,15,135,0.015542251899608565,0.0,1.0
A3OLLN3VV2SF0L,7,27,0.003108450379921713,0.0,1.0
A1LE0VV01B2LF2,17,53,0.006101772967994474,0.0,1.0
A2VZET5SXXG5AJ,4,551,0.06343541330877274,0.0,1.0
A27WR1MUJH2RNP,41,11,0.0012664057103384757,0.0,1.0
AKVKO4R1KZ0WR,21,69,0.007943817637577712,0.0,1.0
A2MYRMQWSWGR29,0,5,0.0005756389592447617,0.0,1.0
A32DT10X9WS4D0,2,37,0.004259728298411237,0.0,1.0
A3LFBEOD5RIGMK,5,32,0.0036840893391664746,0.0,1.0
A2CRZP89XOHVKK,44,11,0.0012664057103384757,0.0,1.0
A20BHA430QDYV2,2,27,0.003108450379921713,0.0,1.0
A3ARNJ9NF0H6YD,2,37,0.004259728298411237,0.0,1.0
A25QM6LQRU4BO,11,29,0.0033387059636196177,0.0,1.0
A37FBFYV7JGRVN,4,551,0.06343541330877274,0.0,1.0
A1J1ORDE07JZ46,0,55,0.006332028551692378,0.0,1.0
A3L8CZT6T4K4PC,2,74,0.008519456596822473,0.0023378872311325357,0.5301740096260644
AUCIFMWP3DU8R,12,183,0.021068385908358276,0.0,1.0
AZXKUK895VGSM,2,22,0.0025328114206769514,0.0,1.0
A3QY9MCAQ6CRFH,11,157,0.018075063320285516,0.0,1.0
ALB2U20GGGJWU,13,218,0.02509785862307161,0.0,1.0
A1FLK39UE4Q0UW,23,47,0.00541100621690076,0.0,1.0
A3A5VMQMYTLXV9,2,27,0.003108450379921713,0.0,1.0
A3T1KATJEI7I29,10,224,0.025788625374165323,0.0,1.0
A1YW7H051M0ME3,18,81,0.00932535113976514,0.0,1.0
AEMTCO56SDFS3,1,210,0.02417683628827999,0.0,1.0
A37AQ1M5701JCG,9,107,0.0123186737278379,0.0,1.0
A18MVVNA2U9YNU,1,210,0.02417683628827999,0.0,1.0
A2ZD33OULX0OG,15,135,0.015542251899608565,0.0,1.0
ACASEIWET37PO,9,107,0.0123186737278379,0.0,1.0
ALO7PEIIIGXA9,8,83,0.009555606723463044,0.0,1.0
A7S2B0I67WNWB,50,7,0.0008058945429426663,0.0,1.0
A2HLNXOYLMERTC,13,218,0.02509785862307161,0.0,1.0
AZI2LSICN77KW,1,148,0.017038913193644947,0.0,1.0
A1QK91G8NM5XI1,8,57,0.006562284135390283,0.0,1.0
A2NYUHO4HL2CYG,9,39,0.004489983882109141,0.0,1.0
A38DL9ER9ZHC9P,4,551,0.06343541330877274,0.0,1.0
A22966W52J34CH,54,6,0.000690766751093714,0.0,1.0
A2OXV9Q03XSKV6,2,40,0.004605111673958094,0.0,1.0
AQC42OVV9FLWV,11,157,0.018075063320285516,0.0,1.0
A34MAO138NIMQ4,17,53,0.006101772967994474,0.0,1.0
A2AJ77KV1AA7T0,17,22,0.0025328114206769514,0.0,1.0
A204N1U3TI06GO,58,6,0.000690766751093714,0.0,1.0
A3RYHP2OYFJ3YC,8,8,0.0009210223347916187,0.0,1.0
A4RKE6DNDRTY2,4,551,0.06343541330877274,0.0,1.0
ABKYBNND374AW,10,224,0.025788625374165323,0.0,1.0
A24CLCP2DPE9ML,1,173,0.019917107989868753,0.0,1.0
A25PJ0QJ61SC80,1,173,0.019917107989868753,0.0,1.0
A1TCD3JA870YCJ,2,37,0.004259728298411237,0.0,1.0
A38RS419QDS06O,5,105,0.012088418144139995,0.0,1.0
A1XD710QD1HCI1,0,9,0.001036150126640571,0.0,1.0
AX9FIZX89LNFQ,15,50,0.005756389592447617,0.0,1.0
A2K64Z8VT8T43Z,19,69,0.007943817637577712,0.0,1.0
A20Q8IOS2PWZKI,1,210,0.02417683628827999,0.0,1.0
A15GJXWN6IKKLS,14,107,0.0123186737278379,0.0,1.0
A3UMZ8DDGIC0DO,1,210,0.02417683628827999,0.0,1.0
A3QZV5S4BD1XPJ,9,78,0.008979967764218283,0.0,1.0
A1G6M86XS35YS3,2,26,0.0029933225880727607,0.0,1.0
A25E8V5JMW43RY,2,54,0.006216900759843426,7.991486774083296e-05,0.5981830887491265
A35Z3TBNCQU3VY,3,481,0.055376467879346074,0.0,1.0
A1DYB9MKFYEGS4,2,37,0.004259728298411237,0.0,1.0
A2RRYDCPJ4T8OV,1,173,0.019917107989868753,0.0,1.0
A33LBTRTH6XOLE,9,78,0.008979967764218283,0.0,1.0
A3B5ITYRN84C4H,4,551,0.06343541330877274,0.0,1.0
A29GQ42XFJQDI8,6,402,0.046281372323278835,0.0,1.0
AK9MBNYNX20W5,0,77,0.00886483997236933,0.0,1.0
AGXS84QRM01ZE,1,210,0.02417683628827999,0.0,1.0
AG4D06TQLDFMH,87,4,0.00046051116739580933,0.0,1.0
A3D20C3LM506B2,18,81,0.00932535113976514,0.0,1.0
A19LF8H78H24KJ,67,5,0.0005756389592447617,0.0,1.0
A1VDK3E3HBWUCF,6,17,0.00195717246143219,0.0,1.0
A4OAW3JQC5UNM,2,12,0.001381533502187428,0.0,1.0
ACHQT7HI9PFPG,6,402,0.046281372323278835,0.0,1.0
A27QB80ZPR6SWR,9,78,0.008979967764218283,0.0,1.0
A2C00NNG1ZQQG2,1,13,0.0014966612940363804,0.0,1.0
AGUOI1ESL2O52,17,53,0.006101772967994474,0.0,1.0
A2E7W2XGXMG6RU,17,53,0.006101772967994474,0.0,1.0
A14UXJ0TN7VIST,7,70,0.008058945429426664,0.0,1.0
A2KZKZSOJDBBIQ,1,210,0.02417683628827999,0.0,1.0
A2UO1LAZGQQMDR,12,183,0.021068385908358276,0.0,1.0
A3J5AG30K8Q7QH,3,481,0.055376467879346074,0.0,1.0
AAPW9O14YB64T,9,78,0.008979967764218283,0.0,1.0
A26AY1BPGZ50AG,4,551,0.06343541330877274,0.0,1.0
A2A28DJDS6LEHP,86,4,0.00046051116739580933,0.0,1.0
A1P7GKSA09Z20U,1,148,0.017038913193644947,0.0,1.0
AZG6CV3B3279V,17,53,0.006101772967994474,0.0,1.0
A28Y1YD0QK88M5,5,5,0.0005756389592447617,0.0,1.0
AJ7ILS8P4WD2M,4,551,0.06343541330877274,0.0,1.0
A2FZQFX80KE9CJ,30,18,0.002072300253281142,0.0,1.0
A2P5U7BDKKT7FW,0,4,0.00046051116739580933,0.0,1.0
A3IYASOMZQO5PI,11,29,0.0033387059636196177,0.0,1.0
A2T3R3E038PSYR,10,224,0.025788625374165323,0.0,1.0
A2I9X30JGIAG,86,4,0.00046051116739580933,0.0,1.0
A22V3DIEBWPRKW,3,543,0.06251439097398112,0.0004868705843311464,0.8029126147615068
A451H9FVEZTWR,0,8,0.0009210223347916187,0.0,1.0
A3T7POAJUPYA06,18,81,0.00932535113976514,0.0,1.0
A54S9CIUV5VNB,3,481,0.055376467879346074,0.0,1.0
AYQLU316XEFAG,58,6,0.000690766751093714,0.0,1.0
A2MQ3Z1UX5EXUC,77,4,0.00046051116739580933,0.0,1.0
AC1SOWF86U4IJ,0,243,0.027976053419295415,0.0,1.0
A3639Z6O5JBLIZ,12,183,0.021068385908358276,0.0,1.0
A4BPS6GEFHNAY,4,551,0.06343541330877274,0.0,1.0
A2V8SHOF5ZU931,12,183,0.021068385908358276,0.0,1.0
A2JQ3SEXKF86TF,4,551,0.06343541330877274,0.0,1.0
A9BKIPTBOUDSV,18,81,0.00932535113976514,0.0,1.0
A3O3BZP8IM8SP0,2,13,0.0014966612940363804,0.0,1.0
A2TXG0E15EEHKG,2,22,0.0025328114206769514,0.0,1.0
A3QPWNKTUC8N2B,7,12,0.001381533502187428,0.0,1.0
A1GHIHEYT9EI43,10,224,0.025788625374165323,0.0,1.0
A1Y448U695FUVR,5,128,0.014736357356665898,0.0,1.0
A1ES9YOD55CMER,3,9,0.001036150126640571,0.0,1.0
A1UWY9OB9080JS,9,107,0.0123186737278379,0.0,1.0
A3J1QBB1ULWDOQ,10,224,0.025788625374165323,0.0,1.0
A1J9LVA298D5OF,1,173,0.019917107989868753,0.0,1.0
AAW4JYVF4B845,3,481,0.055376467879346074,0.0,1.0
AXO2I2EINB39S,18,81,0.00932535113976514,0.0,1.0
A2RM5ZSZJQL7WY,5,128,0.014736357356665898,0.0,1.0
A1DQEJN9C8AM5K,0,27,0.003108450379921713,0.0,1.0
AJCICNS67U8BD,24,33,0.003799217131015427,0.0,1.0
A11V8U5E758U8U,16,93,0.010706884641952567,0.0,1.0
A34DUTUH6VLRWB,1,173,0.019917107989868753,0.0,1.0
A329P043ENCM1R,27,21,0.002417683628827999,0.0,1.0
A3HFCOYO3TOZ24,4,551,0.06343541330877274,0.0,1.0
AAZ084UMH8VZ2,0,15,0.001726916877734285,0.0004315131831739152,0.580952380952381
A2MGM6AJYYLSAG,1,148,0.017038913193644947,0.0,1.0
A2LH14QP9ZKF3G,9,39,0.004489983882109141,0.0,1.0
A2BX0EBZOTLDAA,4,551,0.06343541330877274,0.0,1.0
A1LIAYBBNHUCB4,0,4,0.00046051116739580933,0.0,1.0
A3HICVLF4PFFMN,50,7,0.0008058945429426663,0.0,1.0
A2PQZH1SJGRV4Y,7,42,0.004835367257655998,0.0,1.0
AKDY7BC9798XP,18,81,0.00932535113976514,0.0,1.0
A24VMHXIDF3ZTC,55,6,0.000690766751093714,0.0,1.0
A1G166HPVNLWIB,4,551,0.06343541330877274,0.0,1.0
A20HOZHZ2URRLW,1,210,0.02417683628827999,0.0,1.0
AJDNE10BS99IC,1,210,0.02417683628827999,0.0,1.0
A1L87D9KX3MT41,6,402,0.046281372323278835,0.0,1.0
A1CN4ZCDTGCJCT,10,224,0.025788625374165323,0.0,1.0
A2LD9KDNCD0WCG,18,81,0.00932535113976514,0.0,1.0
A3P2N9P842C3UB,15,135,0.015542251899608565,0.0,1.0
A33LUG9R954H0Q,9,107,0.0123186737278379,0.0,1.0
A38BUEXQR3ERCX,18,81,0.00932535113976514,0.0,1.0
AB8AYATYO2EQ0,88,4,0.00046051116739580933,0.0,1.0
A153OJR22XJQF1,4,551,0.06343541330877274,0.0,1.0
A3JR1HTAZYM9K4,12,5,0.0005756389592447617,0.0,1.0
ARFRKSZXZF0PS,18,81,0.00932535113976514,0.0,1.0
A3TNOAG3UIFQDI,1,173,0.019917107989868753,0.0,1.0
A3FFNWA0T3QXDN,17,53,0.006101772967994474,0.0,1.0
A2BSW8L2WPWNAT,2,5,0.0005756389592447617,0.0,1.0
AOBGKBBDODKIP,18,81,0.00932535113976514,0.0,1.0
A3C5B6DI5QZHKG,10,224,0.025788625374165323,0.0,1.0
A3TMH3ESKQN3L4,0,11,0.0012664057103384757,0.0,1.0
AMZI3ABA7O19,16,93,0.010706884641952567,0.0,1.0
AHK4UKGQZYB1H,16,93,0.010706884641952567,0.0,1.0
A16C19G0I2DE8S,1,14,0.0016117890858853327,0.0,1.0
A2DCXXNQCZERQ8,0,12,0.001381533502187428,0.0,1.0
A3P2TXT2WDMZR6,8,57,0.006562284135390283,0.0,1.0
A2GMJ3DJ7CBM1D,9,78,0.008979967764218283,0.0,1.0
A13REZ5NPV6L,1,173,0.019917107989868753,0.0,1.0
AFY57BND7NSN2,16,93,0.010706884641952567,0.0,1.0
ACQINODHP6L4A,3,481,0.055376467879346074,0.0,1.0
A2TVQ7WEVEU2R8,22,57,0.006562284135390283,0.0,1.0
A2W27OK4XZK1NZ,4,551,0.06343541330877274,0.0,1.0
A3M7WD5FSOCITM,4,551,0.06343541330877274,0.0,1.0
A2VDJCGMWDY43P,11,29,0.0033387059636196177,0.0,1.0
AM5JHS4J9K4SP,3,481,0.055376467879346074,0.0,1.0
A2JL1GIC0JAFW9,9,107,0.0123186737278379,0.0,1.0
A3BHLQE9PAJI0,0,23,0.0026479392125259038,0.0,1.0
A3CFH7IL0GL187,11,106,0.012203545935988947,0.0011801218087979094,0.6125786163522012
A2R1ASJJDBM2S4,77,4,0.00046051116739580933,0.0,1.0
A2EQVLY0BKQINM,1,205,0.023601197329035227,0.0008535172024078133,0.5967957914873266
A2KYC21WDNY5L,18,81,0.00932535113976514,0.0,1.0
AV5QKR5O2XE1I,0,15,0.001726916877734285,0.0,1.0
A2Z2VZEOYK3EMX,10,224,0.025788625374165323,0.0,1.0
ANZHPMJLXBU9T,6,402,0.046281372323278835,0.0,1.0
A2IX2BCH9YA2K4,9,45,0.005180750633202855,0.0,1.0
A1EB8F8AYQAR5A,18,81,0.00932535113976514,0.0,1.0
A2QIDS8473FW29,46,9,0.001036150126640571,0.0,1.0
A1QIT9HX39HLI0,4,551,0.06343541330877274,0.0,1.0
AOYZWX4I1LA44,1,210,0.02417683628827999,0.0,1.0
AOK9U912FK03L,5,35,0.004029472714713332,0.0,1.0
A3AXXUSU4KJQ6R,66,5,0.0005756389592447617,0.0,1.0
A3M7VAYKYYHEAX,5,17,0.00195717246143219,0.0,1.0
A1Z7U9K6X3FEOU,4,551,0.06343541330877274,0.0,1.0
AP8GT460DVVCU,10,224,0.025788625374165323,0.0,1.0
A37WO4IXM2HON1,10,224,0.025788625374165323,0.0,1.0
A1Q2YZMM79RW0N,17,53,0.006101772967994474,0.0,1.0
A2TZ1P4VNJLYQQ,11,33,0.003799217131015427,0.0,1.0
AGI34T5QZWBBC,40,12,0.001381533502187428,0.0,1.0
A2ZPDPOF7M2PKN,5,50,0.005756389592447617,0.0,1.0
A25ZRQBJFOIQNA,19,69,0.007943817637577712,0.0,1.0
A1KRX2VH2CM111,5,44,0.005065622841353903,0.0,1.0
A2TPCUVV4A98H3,1,173,0.019917107989868753,0.0,1.0
A284J4XHAKPYM6,21,69,0.007943817637577712,0.0,1.0
A14NSELR34WBZE,18,81,0.00932535113976514,0.0,1.0
A2KFAJY4JA7JQ1,0,9,0.001036150126640571,0.0,1.0
A1IZZLH62NT5F1,9,78,0.008979967764218283,0.0,1.0
AOW5OPZTW1C28,4,551,0.06343541330877274,0.0,1.0
A3V5YGSE1SBERA,1,173,0.019917107989868753,0.0,1.0
A3SZ4CWC3X19SI,2,34,0.00391434492286438,0.0,1.0
A3FHMNZ3V6LJU7,4,551,0.06343541330877274,0.0,1.0
A18WG75O9GGKTT,10,224,0.025788625374165323,0.0,1.0
A1MRESWHA86B5B,0,49,0.0056412618005986645,0.0,1.0
A2CBWSM32C6VLU,5,170,0.019571724614321898,0.00037837024277904464,0.6316742081447964
A1H4HIMWZPFZUQ,9,13,0.0014966612940363804,0.0,1.0
A3SKD7PP6S0II4,1,148,0.017038913193644947,0.0,1.0
A3RNIG506NCWWO,1,173,0.019917107989868753,0.0,1.0
A1E7VTRDMI4XMV,2,40,0.004605111673958094,0.0,1.0
A3N3HVST9WIHZR,14,21,0.002417683628827999,0.0,1.0
AQDRAF7MX0BRM,16,93,0.010706884641952567,0.0,1.0
A2U1Y4U4HXJ9QP,8,57,0.006562284135390283,0.0,1.0
AKFXN2QUBIKZA,9,107,0.0123186737278379,0.0,1.0
AL2CD0KF155Y8,10,224,0.025788625374165323,0.0,1.0
A2SXL0NDPTP9X9,18,81,0.00932535113976514,0.0,1.0
AT3P5M14UHVCX,4,551,0.06343541330877274,0.0,1.0
A1QBD8ROX93T4H,10,224,0.025788625374165323,0.0,1.0
A1RQEQ9N5YLNLU,9,45,0.005180750633202855,0.0,1.0
A1IJ9KI79QIGCU,2,55,0.006332028551692378,0.0,1.0
A3JHBKWQWS36YL,2,34,0.00391434492286438,0.0,1.0
AEH6EQL2LG02J,0,15,0.001726916877734285,0.0,1.0
AIO00LM9IL7FA,5,35,0.004029472714713332,0.0,1.0
A2IQSNBMGS45X9,9,11,0.0012664057103384757,0.0,1.0
A1K2Q0OI20VB24,1,148,0.017038913193644947,0.0,1.0
A356BWNK80JKVP,18,81,0.00932535113976514,0.0,1.0
AFBHZ8QV4S61,7,70,0.008058945429426664,0.0,1.0
A2QBZTG2TIZDER,0,6,0.000690766751093714,0.0,1.0
A1F4MJOW5947LT,4,551,0.06343541330877274,0.0,1.0
A2O28GXZHU7P3C,2,37,0.004259728298411237,0.0,1.0
A3Z3817Z6WTXU,18,81,0.00932535113976514,0.0,1.0
A3F29V1XQ72M3M,0,36,0.004144600506562284,0.0,1.0
A2PGE5RPSV9BFH,86,4,0.00046051116739580933,0.0,1.0
A3TTM5JYI2ZB7Z,22,57,0.006562284135390283,0.0,1.0
A1HZXIWZ2BFEI9,11,157,0.018075063320285516,0.0,1.0
A34GH8QDLI43CL,7,70,0.008058945429426664,0.0,1.0
A394KTQFK85XPW,16,93,0.010706884641952567,0.0,1.0
A2I3RZM3UC2Z3G,1,148,0.017038913193644947,0.0,1.0
A2YHVZ52FRPAOR,4,551,0.06343541330877274,0.0,1.0
A1NS6O584WD5FJ,61,5,0.0005756389592447617,0.0,1.0
A3U5UT3EH2REVK,4,551,0.06343541330877274,0.0,1.0
AHXWPY977L7VF,4,551,0.06343541330877274,0.0,1.0
A3OYXL97N0ATAT,23,47,0.00541100621690076,0.0,1.0
A1M26RAR1R86S4,0,6,0.000690766751093714,0.0,1.0
A202Y9F2VN8KY2,1,210,0.02417683628827999,0.0,1.0
A897O2C4YYKIA,4,551,0.06343541330877274,0.0,1.0
A1TDXHM6S7HOET,2,12,0.001381533502187428,0.0,1.0
A3AWXCFD0J6S65,10,224,0.025788625374165323,0.0,1.0
A3GFK87L3P68AH,1,37,0.004259728298411237,0.0,1.0
A20DJOMXBJJAEJ,4,551,0.06343541330877274,0.0,1.0
AFTMJLMVGC26P,0,8,0.0009210223347916187,0.0,1.0
ASY5SLOQQNPR9,3,481,0.055376467879346074,0.0,1.0
A3DVM2YS59Z3ZF,6,402,0.046281372323278835,0.0,1.0
A2BHAEL2Q4HR4A,1,173,0.019917107989868753,0.0,1.0
A3RVAT0EUNM2MI,1,307,0.03534423209762837,0.00023993556202327965,0.5469332141108344
A2DVQ6P0I1UUYH,2,9,0.001036150126640571,0.0,1.0
A2TA5TMGUTPVQ2,6,402,0.046281372323278835,0.0,1.0
A1I43PYV1DMIIF,51,8,0.0009210223347916187,0.0,1.0
A2IBUZECB34CMS,12,183,0.021068385908358276,0.0,1.0
A3J4B4J72FTKC8,19,69,0.007943817637577712,0.0,1.0
A2XR40GPJM6I6L,1,857,0.09866451761455215,0.012482893290841327,0.48318683955114017
A2013X1OLSB1O9,1,210,0.02417683628827999,0.0,1.0
A1QV9FV8OBTHZ4,1,210,0.02417683628827999,0.0,1.0
AVV7UXTHR0NWS,0,64,0.007368178678332949,0.00017636617147183018,0.7544642857142857
A2DT7XKLELB1MX,6,402,0.046281372323278835,0.0,1.0
A2VB5FKZMKLVPV,8,232,0.02670964770895694,0.0,1.0
AR64CEBJWBICU,4,551,0.06343541330877274,0.0,1.0
A2J11LO19PHVDC,0,7,0.0008058945429426663,0.0,1.0
A3V0NS2UB8H0BB,16,93,0.010706884641952567,0.0,1.0
A1RH4OXWSKPQL6,3,75,0.008634584388671426,0.0,1.0
AM7IDMQK0MCGX,11,29,0.0033387059636196177,0.0,1.0
A1FNVTIU6Q062Z,4,551,0.06343541330877274,0.0,1.0
A1IF0EV2GXK873,6,402,0.046281372323278835,0.0,1.0
AOA7NY2649Z9I,5,32,0.0036840893391664746,0.0,1.0
A1HMZSNXP2MC8L,25,6,0.000690766751093714,0.0,1.0
A3AT8MXBJ8ZWEK,8,232,0.02670964770895694,0.0,1.0
A3F5EZF0JJ207G,9,78,0.008979967764218283,0.0,1.0
AM9OC1FTXJICQ,18,81,0.00932535113976514,0.0,1.0
A1RWYA52UUOCC0,9,45,0.005180750633202855,0.0,1.0
A3NKRADYHW2CIP,1,173,0.019917107989868753,0.0,1.0
A2AG8VKBKJY40R,0,9,0.001036150126640571,0.0,1.0
AGC75EPFB7CYD,3,481,0.055376467879346074,0.0,1.0
A1OZAYRJQAERTK,6,402,0.046281372323278835,0.0,1.0
AYAH3223TN3YU,2,40,0.004605111673958094,0.0,1.0
A1J4HV7EVBZZTC,5,128,0.014736357356665898,0.0,1.0
A271VNQZ9NCM42,3,481,0.055376467879346074,0.0,1.0
AD3VW9VRW7MMB,12,183,0.021068385908358276,0.0,1.0
A339DV3S739GE8,3,481,0.055376467879346074,0.0,1.0
A3RBVDH87QF1A,16,93,0.010706884641952567,0.0,1.0
A26WI0BMA91S32,2,5,0.0005756389592447617,0.0,1.0
A3GYWZE27QBMY7,5,50,0.005756389592447617,0.0,1.0
A39M6RURHUXPR,10,224,0.025788625374165323,0.0,1.0
A1KHHZYK9BF0B1,4,551,0.06343541330877274,0.0,1.0
A2QZP0Q6G02AFZ,63,5,0.0005756389592447617,0.0,1.0
A1N1VUJCILPR55,11,29,0.0033387059636196177,0.0,1.0
A7Y4EVU8LZ7FV,39,12,0.001381533502187428,0.0,1.0
AJL9UH9G5AC9P,4,551,0.06343541330877274,0.0,1.0
A3KHL3O4K6WMXN,1,210,0.02417683628827999,0.0,1.0
A2XW6VPIR979KN,1,210,0.02417683628827999,0.0,1.0
A2XJ3J0UDEANER,15,135,0.015542251899608565,0.0,1.0
A10P8UG177H2XR,0,29,0.0033387059636196177,0.0,1.0
A3LX8CS6G6RQSZ,18,81,0.00932535113976514,0.0,1.0
A2GZBPJ1HTFM67,7,12,0.001381533502187428,0.0,1.0
A1RM8B6R7JRPNI,4,551,0.06343541330877274,0.0,1.0
A3IDY8FCU6GYEW,6,402,0.046281372323278835,0.0,1.0
ADGRGGF9V645P,0,41,0.004720239465807046,0.0,1.0
AN24ATCW3AY5C,17,53,0.006101772967994474,0.0,1.0
A7JDRR7KJA6HG,12,183,0.021068385908358276,0.0,1.0
A24YVSD40AOB0U,5,128,0.014736357356665898,0.0,1.0
A2GP3MF3JV9XSO,4,551,0.06343541330877274,0.0,1.0
A16ISYMCYGT0NB,18,81,0.00932535113976514,0.0,1.0
A2DCWFE9TAMT6P,0,15,0.001726916877734285,0.0,1.0
AYNE96AZ7GLLB,3,481,0.055376467879346074,0.0,1.0
A12OILS0DDD1K9,1,173,0.019917107989868753,0.0,1.0
A20VSTDILG9K7H,13,218,0.02509785862307161,0.0,1.0
A2RV56C21T320Y,10,705,0.0811650932535114,0.007478848663346713,0.5659937137330754
A3P24ZSF9IQRJJ,13,218,0.02509785862307161,0.0,1.0
A37FULV9NLQYXU,1,173,0.019917107989868753,0.0,1.0
A3SUG1O5YSG659,3,481,0.055376467879346074,0.0,1.0
A36J60Z5VCWBQZ,0,12,0.001381533502187428,0.0,1.0
A38ZPLOD8GA3VJ,18,81,0.00932535113976514,0.0,1.0
A1R1D0D9HW83QU,8,83,0.009555606723463044,0.0,1.0
A3735ONQL764JD,56,6,0.000690766751093714,0.0,1.0
A33K8EOQH55J62,25,6,0.000690766751093714,0.0,1.0
A2VM1WK24SIX6O,3,481,0.055376467879346074,0.0,1.0
A3O2DF7P03JMD2,4,551,0.06343541330877274,0.0,1.0
A1VUHTQ6GC4LH,1,173,0.019917107989868753,0.0,1.0
AT9TLGZ5UHY0C,8,57,0.006562284135390283,0.0,1.0
APP5G31NNOHID,10,224,0.025788625374165323,0.0,1.0
A377WOEALNCQY4,11,29,0.0033387059636196177,0.0,1.0
A3H482CX4KZBK4,9,39,0.004489983882109141,0.0,1.0
A3AE2N9PGYQU7L,18,81,0.00932535113976514,0.0,1.0
A12SQEAX4EOM13,0,9,0.001036150126640571,0.0,1.0
A39V9ZEGFFD7JB,2,4,0.00046051116739580933,0.0,1.0
A1BMWYN78HO3Q3,3,481,0.055376467879346074,0.0,1.0
AR2D9G4V4GGUF,14,107,0.0123186737278379,0.0,1.0
A1O6GTTLXORHZV,6,402,0.046281372323278835,0.0,1.0
A2MG5RDEK195A8,11,157,0.018075063320285516,0.0,1.0
A8UY3MKZ9OHDF,12,183,0.021068385908358276,0.0,1.0
A1WREU7PGTX98P,18,81,0.00932535113976514,0.0,1.0
A15ZWZKUIPUUVH,19,69,0.007943817637577712,0.0,1.0
A25TM6Q7ROIR0Y,0,8,0.0009210223347916187,0.0,1.0
A2J7JBVL369IIR,3,481,0.055376467879346074,0.0,1.0
A5QVPEDG62HV2,9,107,0.0123186737278379,0.0,1.0
AKG02HTYGM88L,39,12,0.001381533502187428,0.0,1.0
A39KC1FTFJ6WE7,40,12,0.001381533502187428,0.0,1.0
AO8IMELSF9A7F,8,232,0.02670964770895694,0.0,1.0
A1UGRZN0EE60FN,3,75,0.008634584388671426,0.0,1.0
A2F3Q2C4S0TUH5,2,9,0.001036150126640571,0.0,1.0
ADKYANLVMPKSC,10,224,0.025788625374165323,0.0,1.0
AU9LWFAOXCZOV,12,183,0.021068385908358276,0.0,1.0
A2ZY49IDE6TY5I,2,40,0.004605111673958094,0.0,1.0
A3UE78V8Z8G1YP,9,107,0.0123186737278379,0.0,1.0
A21O3NIG8WX0X4,4,551,0.06343541330877274,0.0,1.0
A2HOI48JK8838M,8,57,0.006562284135390283,0.0,1.0
A1R494W7UBXL90,86,4,0.00046051116739580933,0.0,1.0
AV4OIRMTG6QXC,1,148,0.017038913193644947,0.0,1.0
AN9CP6J4JF91X,4,551,0.06343541330877274,0.0,1.0
A23LM7S0TPQSCZ,3,657,0.07563895924476169,0.0025758628795615286,0.6131436314363143
A3A2Z3KKF6GEH,5,128,0.014736357356665898,0.0,1.0
A2EJ8QA6Q2X9BL,11,33,0.003799217131015427,0.0,1.0
A3766V4YCREN0D,1,210,0.02417683628827999,0.0,1.0
A1XQYFPZW6TA45,10,224,0.025788625374165323,0.0,1.0
A1VY688L9N9QXD,0,27,0.003108450379921713,0.0,1.0
A27181AF6YYMRF,0,9,0.001036150126640571,0.0,1.0
A1IK1ZTDHJS6WW,7,40,0.004605111673958094,0.0,1.0
A2VC84WRAOKSDQ,26,25,0.0028781947962238084,0.0,1.0
A3IBHBAQY6K9OA,0,27,0.003108450379921713,0.0,1.0
A2BB4DGBRVGKWW,0,12,0.001381533502187428,0.0,1.0
A4RQ2TQJVJ58Q,8,57,0.006562284135390283,0.0,1.0
A2IV2LFAX3E6D9,3,75,0.008634584388671426,0.0,1.0
A232X0D2CYSOG3,4,551,0.06343541330877274,0.0,1.0
A37AO20OXS51QA,58,6,0.000690766751093714,0.0,1.0
A22HBQKBPEL4MF,15,50,0.005756389592447617,0.0,1.0
A149VXBN2A971G,12,45,0.005180750633202855,0.0,1.0
A30HUZHJBOX1LK,18,81,0.00932535113976514,0.0,1.0
A98VFCJP80FD5,45,9,0.001036150126640571,0.0,1.0
A3R4Q2UEPTZPSQ,9,107,0.0123186737278379,0.0,1.0
A3L61G6N7AT8N2,0,41,0.004720239465807046,0.0,1.0
A2HZLT6N4OLB4J,1,210,0.02417683628827999,0.0,1.0
A1MADL7UMDRH89,10,224,0.025788625374165323,0.0,1.0
A1UWVLJM65EEFX,2,34,0.00391434492286438,0.0,1.0
A1WNEVIRLVH12R,11,157,0.018075063320285516,0.0,1.0
A1CXVAOCM2IN5Q,0,13,0.0014966612940363804,0.0,1.0
A2OYSRFTFIJSE,23,47,0.00541100621690076,0.0,1.0
A3EU4P3GZRYHN3,17,53,0.006101772967994474,0.0,1.0
A1E5D73Z5Q73A0,8,83,0.009555606723463044,0.0,1.0
A1G0E1SQB3SGSZ,9,107,0.0123186737278379,0.0,1.0
A13A9XV81EQF30,1,173,0.019917107989868753,0.0,1.0
A2EAW9C31JE4L6,4,551,0.06343541330877274,0.0,1.0
AT961EZ6E5L0A,4,551,0.06343541330877274,0.0,1.0
A65VEN5RKAEA8,14,107,0.0123186737278379,0.0,1.0
A209J4NK7GR9S3,24,33,0.003799217131015427,0.0,1.0
A1JZJLZD7GNWD7,6,402,0.046281372323278835,0.0,1.0
A1GE51A2O3NM3W,4,551,0.06343541330877274,0.0,1.0
A2AVX8HN2XX0WQ,5,32,0.0036840893391664746,0.0,1.0
A2SK02OCIRA12P,4,551,0.06343541330877274,0.0,1.0
A3OU81LAFVJOIN,4,551,0.06343541330877274,0.0,1.0
A3FS3FJPD3RJTD,4,551,0.06343541330877274,0.0,1.0
A2K3H7TWURVJSX,4,551,0.06343541330877274,0.0,1.0
A1F4P9AXMQ4XZU,1,210,0.02417683628827999,0.0,1.0
A2GKF3Q0YG4XS5,8,232,0.02670964770895694,0.0,1.0
AQIBGC2OCCAHQ,13,218,0.02509785862307161,0.0,1.0
A3REYP3W0BLUNA,6,402,0.046281372323278835,0.0,1.0
A2VRYQBXSTA424,9,78,0.008979967764218283,0.0,1.0
A2CUOPUW0ZDPW6,3,481,0.055376467879346074,0.0,1.0
A3BJTAZ6UPDYCW,6,402,0.046281372323278835,0.0,1.0
A1AHII2R0R6FAE,6,402,0.046281372323278835,0.0,1.0
A3EPCX4M6IKD85,4,551,0.06343541330877274,0.0,1.0
A2PGQ584ZF9B3F,21,69,0.007943817637577712,0.0,1.0
A298GL2D0BHGKZ,6,402,0.046281372323278835,0.0,1.0
AN2Y0K0LM7IGF,8,232,0.02670964770895694,0.0,1.0
A2TE3USS8JS1UO,1,210,0.02417683628827999,0.0,1.0
A1WWW237KEJDJY,1,307,0.03534423209762837,0.00023993556202327965,0.5469332141108344
AUM9K0KZGK653,14,107,0.0123186737278379,0.0,1.0
A31PXV9XPENREQ,1,173,0.019917107989868753,0.0,1.0
A21SDYUVDLYATM,4,551,0.06343541330877274,0.0,1.0
A26SCAZO579H8K,3,481,0.055376467879346074,0.0,1.0
A2R1MSD6OMF7V3,5,44,0.005065622841353903,0.0,1.0
A3HOU7C1FRGTXI,1,148,0.017038913193644947,0.0,1.0
A99TMXJYXUL55,3,481,0.055376467879346074,0.0,1.0
A2RMLJU43O2OQI,4,551,0.06343541330877274,0.0,1.0
AUDW7XTPPD79T,8,232,0.02670964770895694,0.0,1.0
A1KLKPXJK0BRY3,4,551,0.06343541330877274,0.0,1.0
A3SHDDL7T2HDC9,15,135,0.015542251899608565,0.0,1.0
AHBZAMNRZ1NVY,22,57,0.006562284135390283,0.0,1.0
A34ZFS8Z5ISLQR,7,27,0.003108450379921713,0.0,1.0
A2LHANCVBGV36U,7,24,0.002763067004374856,0.0,1.0
A2NEMZPEE1NIWE,9,78,0.008979967764218283,0.0,1.0
A3EMZ433QPZU0O,9,78,0.008979967764218283,0.0,1.0
A1WVS59FQETT75,0,23,0.0026479392125259038,0.0,1.0
A13L45CSY7TEQZ,6,402,0.046281372323278835,0.0,1.0
A3LBTC13EYE4MS,6,402,0.046281372323278835,0.0,1.0
A3CRB5KQ3SPFYF,6,402,0.046281372323278835,0.0,1.0
A2MLKJWU2K5SGP,11,29,0.0033387059636196177,0.0,1.0
A3NRMHM2N9GQ3N,7,27,0.003108450379921713,0.0,1.0
A27LEONMJN31DW,0,11,0.0012664057103384757,0.0,1.0
A25789FH7X4BMI,8,57,0.006562284135390283,0.0,1.0
A3OD7IIQBNTB0D,4,551,0.06343541330877274,0.0,1.0
A3HUJBSBIG4HPG,4,551,0.06343541330877274,0.0,1.0
A1FQUFDI4Y67I2,2,34,0.00391434492286438,0.0,1.0
A3D1I68IHM51XJ,24,33,0.003799217131015427,0.0,1.0
A1FERFOI1OU1OF,37,15,0.001726916877734285,0.0,1.0
A2F0XN0L5K7N0T,15,135,0.015542251899608565,0.0,1.0
A2ZD6GWOWGMC11,1,307,0.03534423209762837,0.00023993556202327965,0.5469332141108344
A3SRZ0L60PNCVE,0,11,0.0012664057103384757,0.0,1.0
A108EEYSHGDL6O,63,5,0.0005756389592447617,0.0,1.0
A2EWTVSGOPKWIT,6,402,0.046281372323278835,0.0,1.0
A2T5P0O707ESH6,3,481,0.055376467879346074,0.0,1.0
A3RXK7UUDWQRTQ,10,60,0.00690766751093714,0.0,1.0
A2TCCKKIPJCM0L,0,13,0.0014966612940363804,0.0,1.0
A920ZPU0N924N,5,44,0.005065622841353903,0.0,1.0
A19Q4XJNQ1J97K,17,53,0.006101772967994474,0.0,1.0
A2ALCI2BU43KTU,5,105,0.012088418144139995,0.0,1.0
A2YY8BZ30MXT5Y,5,6,0.000690766751093714,0.0,1.0
A2BBUA32IHWXB1,18,81,0.00932535113976514,0.0,1.0
A19BR6M0VG7AHZ,15,50,0.005756389592447617,0.0,1.0
A3FVSZUAV37MYM,4,551,0.06343541330877274,0.0,1.0
A2E81T06VRM5LY,4,551,0.06343541330877274,0.0,1.0
A2J13N66WSPPPF,5,32,0.0036840893391664746,0.0,1.0
A3OZQGMISIJK61,2,7,0.0008058945429426663,0.0,1.0
A38ZQZ8N7EDWQA,1,173,0.019917107989868753,0.0,1.0
A3JR704FL9YJ26,18,81,0.00932535113976514,0.0,1.0
A98EMXHC6883S,0,243,0.027976053419295415,0.0,1.0
APFDM4RTT2E0B,10,224,0.025788625374165323,0.0,1.0
A3IGETH1M17L0W,1,148,0.017038913193644947,0.0,1.0
AO49H7W3JR6RL,15,135,0.015542251899608565,0.0,1.0
A3QJVGI8XV8UVV,1,210,0.02417683628827999,0.0,1.0
A2EU2DD8LJT35E,12,183,0.021068385908358276,0.0,1.0
A1QF996642YT9L,6,402,0.046281372323278835,0.0,1.0
AXMV0OS9TZN0I,18,81,0.00932535113976514,0.0,1.0
A3AIEQAJMNVI6F,14,10,0.0011512779184895234,0.0,1.0
A37KC1KU0JPI1K,5,20,0.002302555836979047,0.0,1.0
A1FW6JOS06AD1X,15,135,0.015542251899608565,0.0,1.0
A974M938BZ9HE,23,47,0.00541100621690076,0.0,1.0
APYJH0HLLK09U,4,551,0.06343541330877274,0.0,1.0
A2W29HD38V9F8X,2,34,0.00391434492286438,0.0,1.0
A2ZI97NDT655W4,2,48,0.005526134008749712,0.00027144933571054844,0.649822695035461
A1LUE84R341L1Q,1,173,0.019917107989868753,0.0,1.0
ANR0DW93W06R5,7,108,0.012433801519686852,0.0,1.0
A23YK4DYOYWI55,12,183,0.021068385908358276,0.0,1.0
A28ICNCNINMC7Q,43,10,0.0011512779184895234,0.0,1.0
A29XKP2TLNL7V,23,47,0.00541100621690076,0.0,1.0
A2UOK8UV9AITAW,9,39,0.004489983882109141,0.0,1.0
A1SLK8FRYWEISP,8,232,0.02670964770895694,0.0,1.0
A3P4YPMCWTDPA7,8,232,0.02670964770895694,0.0,1.0
A3UOID9VI8CC0C,0,12,0.001381533502187428,0.0,1.0
A1L1TSQFQ0HQL5,2,26,0.0029933225880727607,0.0,1.0
AQBNT8J46B726,8,57,0.006562284135390283,0.0,1.0
A3TD47N9K6V0FU,6,402,0.046281372323278835,0.0,1.0
A4O7NPE5C5DS9,1,5,0.0005756389592447617,0.0,1.0
A1K1I1LQE8DFFN,1,173,0.019917107989868753,0.0,1.0
A1BAOU9WXR429D,1,210,0.02417683628827999,0.0,1.0
A1NRSZN52JUEM3,3,14,0.0016117890858853327,0.0,1.0
AEZ3CR6BKIROJ,0,4,0.00046051116739580933,0.0,1.0
AS28WVBBZ3G99,1,210,0.02417683628827999,0.0,1.0
AMC5Y9SMC96Z1,2,27,0.003108450379921713,0.0,1.0
AQN56XCI2R7L5,1,210,0.02417683628827999,0.0,1.0
A3BUBZG2VAP67E,2,27,0.003108450379921713,0.0,1.0
ARXYNHFIXEYO2,1,173,0.019917107989868753,0.0,1.0
A1GWUB4XO5OFVE,4,551,0.06343541330877274,0.0,1.0
A20XXTXWF2TCPY,13,218,0.02509785862307161,0.0,1.0
A2LKEE1EP7KLD2,1,148,0.017038913193644947,0.0,1.0
A3NGABXDIB0POU,12,183,0.021068385908358276,0.0,1.0
AZXWUZ9PPSOTL,12,183,0.021068385908358276,0.0,1.0
A3PUCUV4ORFEAJ,0,6,0.000690766751093714,0.0,1.0
A1MCDTLCGM8IEE,10,224,0.025788625374165323,0.0,1.0
A1A4WRN8PF4VK0,7,24,0.002763067004374856,0.0,1.0
A3TVMXWL9LNESD,4,551,0.06343541330877274,0.0,1.0
A3B86XJSLQSSJH,35,13,0.0014966612940363804,0.0,1.0
A19Q4JC53BX7KB,8,232,0.02670964770895694,0.0,1.0
A3S3XESYDHV39U,6,402,0.046281372323278835,0.0,1.0
A3O75UULU0XR60,9,107,0.0123186737278379,0.0,1.0
AYC7L2YJMZOOC,9,11,0.0012664057103384757,0.0,1.0
A3JZ898Q8XXL6K,7,108,0.012433801519686852,0.0,1.0
AUTNL9E3MTR4M,7,27,0.003108450379921713,0.0,1.0
AR6VJYNAOOY0X,19,69,0.007943817637577712,0.0,1.0
A2J753YWOBIOSR,12,183,0.021068385908358276,0.0,1.0
