user_id,reviews_per_user,reviews_per_day,burst_activity_score,unique_products,product_concentration,avg_hours_between_reviews,days_active
A0266076X6KPZ6CCHGVS,1,1.0,0.0,1,0.0,0.0,1
A100SER4Z9YAWR,1,1.0,0.0,1,0.0,0.0,1
A100WHX0JSGXDB,1,1.0,0.0,1,0.0,0.0,1
A100WO06OQR8BQ,2,0.008849557522123894,0.0,2,0.0,5400.0,226
A101OAAMZYWQ3U,1,1.0,0.0,1,0.0,0.0,1
A1027EV8A9PV1O,1,1.0,0.0,1,0.0,0.0,1
A1028XZRNI0NRP,1,1.0,0.0,1,0.0,0.0,1
A102EC3XGCBZ81,1,1.0,0.0,1,0.0,0.0,1
A102RLOGIBBDMW,1,1.0,0.0,1,0.0,0.0,1
A102ZABPUPNYCT,1,1.0,0.0,1,0.0,0.0,1
A1038957GWRBP375RU5T,1,1.0,0.0,1,0.0,0.0,1
A104F83PVACKQF,1,1.0,0.0,1,0.0,0.0,1
A104VHQ06KFLDT,1,1.0,0.0,1,0.0,0.0,1
A1056H518CJ5XD,1,1.0,0.0,1,0.0,0.0,1
A105AZN9C8UAOJ,1,1.0,0.0,1,0.0,0.0,1
A105GWGM7PDAI2,2,0.019801980198019802,0.0,2,0.0,2400.0,101
A105R38CAPDBGU,1,1.0,0.0,1,0.0,0.0,1
A105TOJ6LTVMBG,1,1.0,0.0,1,0.0,0.0,1
A106FBN3SVKSQL,1,1.0,0.0,1,0.0,0.0,1
A1089S59XSJT2T,1,1.0,0.0,1,0.0,0.0,1
A108EEYSHGDL6O,1,1.0,0.0,1,0.0,0.0,1
A108J5O7DG2WIM,1,1.0,0.0,1,0.0,0.0,1
A108QN0VQPX1W2,1,1.0,0.0,1,0.0,0.0,1
A10ARISO1UMIUN,1,1.0,0.0,1,0.0,0.0,1
A10AV4PT812CO6,1,1.0,0.0,1,0.0,0.0,1
A10AW7H143CP9M,1,1.0,0.0,1,0.0,0.0,1
A10BH1JDT6SNGA,1,1.0,0.0,1,0.0,0.0,1
A10BOETDPAFJ4C,1,1.0,0.0,1,0.0,0.0,1
A10BZC79VVV21R,1,1.0,0.0,1,0.0,0.0,1
A10C84Y38RT22P,2,0.04,0.0,2,0.0,1176.0,50
A10CRW7XRJBJ2G,1,1.0,0.0,1,0.0,0.0,1
A10CT6NX3DLQ8B,1,1.0,0.0,1,0.0,0.0,1
A10CY1HLD2P2Y0,1,1.0,0.0,1,0.0,0.0,1
A10DKG2D2J845R,1,1.0,0.0,1,0.0,0.0,1
A10G67NY7XQQIQ,1,1.0,0.0,1,0.0,0.0,1
A10G7GOD9ZWVVV,1,1.0,0.0,1,0.0,0.0,1
A10GWHRIUD964P,1,1.0,0.0,1,0.0,0.0,1
A10H073G5MOLJA,1,1.0,0.0,1,0.0,0.0,1
A10JU0DFXS3WR8,1,1.0,0.0,1,0.0,0.0,1
A10K1AI4CC0588,1,1.0,0.0,1,0.0,0.0,1
A10K41QA6YVOXR,1,1.0,0.0,1,0.0,0.0,1
A10K4IH3C93O4L,1,1.0,0.0,1,0.0,0.0,1
A10KDHOU58875,1,1.0,0.0,1,0.0,0.0,1
A10KI8CUGFN14O,1,1.0,0.0,1,0.0,0.0,1
A10LSISVUDS2GH,1,1.0,0.0,1,0.0,0.0,1
A10LWFKVC21F82,1,1.0,0.0,1,0.0,0.0,1
A10M0GF5ZFODYU,1,1.0,0.0,1,0.0,0.0,1
A10MB3X3QKRDI0,1,1.0,0.0,1,0.0,0.0,1
A10MVAVRS0Y91,1,1.0,0.0,1,0.0,0.0,1
A10MVOFKTZVNN4,1,1.0,0.0,1,0.0,0.0,1
A10N9KVV3DIUWD,1,1.0,0.0,1,0.0,0.0,1
A10NIIWUHCDI0Q,1,1.0,0.0,1,0.0,0.0,1
A10NQKIG7NXUR7,1,1.0,0.0,1,0.0,0.0,1
A10ONZJPXOK6G7,1,1.0,0.0,1,0.0,0.0,1
A10P8UG177H2XR,1,1.0,0.0,1,0.0,0.0,1
A10PEXB6XAQ5XF,1,1.0,0.0,1,0.0,0.0,1
A10QQWAYZVX2QS,1,1.0,0.0,1,0.0,0.0,1
A10R0C79S921EP,1,1.0,0.0,1,0.0,0.0,1
A10RHYA8B2K9QT,1,1.0,0.0,1,0.0,0.0,1
A10S9NK38WEQ65,1,1.0,0.0,1,0.0,0.0,1
A10SRJNBFF2BGY,2,0.012987012987012988,0.0,2,0.0,3672.0,154
A10TI75YHEDJ55,1,1.0,0.0,1,0.0,0.0,1
A10TI8SX6OKJ23,1,1.0,0.0,1,0.0,0.0,1
A10TTUZKZRCT44,1,1.0,0.0,1,0.0,0.0,1
A10U7PLPODFA0M,1,1.0,0.0,1,0.0,0.0,1
A10UHQH1YL5Q6B,1,1.0,0.0,1,0.0,0.0,1
A10UQI8QS0Z2N3,1,1.0,0.0,1,0.0,0.0,1
A10VE1GY2DIMOZ,1,1.0,0.0,1,0.0,0.0,1
A10VGVCS9EFVGZ,1,1.0,0.0,1,0.0,0.0,1
A10WET3ZP50AFG,1,1.0,0.0,1,0.0,0.0,1
A10WILNLQ44MGQ,1,1.0,0.0,1,0.0,0.0,1
A10X33VL24RGDK,1,1.0,0.0,1,0.0,0.0,1
A10X3LYWCWIDAH,1,1.0,0.0,1,0.0,0.0,1
A10X9ME6R66JDX,1,1.0,0.0,1,0.0,0.0,1
A10XB56QFYLVC8,1,1.0,0.0,1,0.0,0.0,1
A10Y058K7B96C6,1,1.0,0.0,1,0.0,0.0,1
A10YZUINKZHDJW,1,1.0,0.0,1,0.0,0.0,1
A10ZEOXLINIOEP,1,1.0,0.0,1,0.0,0.0,1
A110PC8C5Y7MQD,1,1.0,0.0,1,0.0,0.0,1
A110S8IJ3ZID0D,1,1.0,0.0,1,0.0,0.0,1
A111XJY4XSDIY9,1,1.0,0.0,1,0.0,0.0,1
A11229C4LTJ4JG,1,1.0,0.0,1,0.0,0.0,1
A112SYEKX4ZTUI,1,1.0,0.0,1,0.0,0.0,1
A11312A9J5RL9J,1,1.0,0.0,1,0.0,0.0,1
A1134O4T95NOR2,1,1.0,0.0,1,0.0,0.0,1
A113JL355TBC33,1,1.0,0.0,1,0.0,0.0,1
A113KNP2LMBXMI,1,1.0,0.0,1,0.0,0.0,1
A114Z5X6UH93GT,1,1.0,0.0,1,0.0,0.0,1
A115J29WONV2JZ,1,1.0,0.0,1,0.0,0.0,1
A11617B1NW474D,1,1.0,0.0,1,0.0,0.0,1
A1169WM71ZTLXR,1,1.0,0.0,1,0.0,0.0,1
A116JE9WSXSETB,1,1.0,0.0,1,0.0,0.0,1
A1179AOJ8WJL5U,1,1.0,0.0,1,0.0,0.0,1
A117L29JBUWK5U,1,1.0,0.0,1,0.0,0.0,1
A118A49ORGNEUM,2,0.0030349013657056147,0.0,2,0.0,15792.0,659
A118PJ95C6GDJI,1,1.0,0.0,1,0.0,0.0,1
A119IU67AHNE2W,1,1.0,0.0,1,0.0,0.0,1
A119UPKK8J0VWQ,1,1.0,0.0,1,0.0,0.0,1
A119VL7KR5EIR6,1,1.0,0.0,1,0.0,0.0,1
A11A8GWG0IXBZH,1,1.0,0.0,1,0.0,0.0,1
A11B7E8ERAX3KD,1,1.0,0.0,1,0.0,0.0,1
A11CH52DG6EF6P,2,0.0011068068622025456,0.0,2,0.0,43344.0,1807
A11D1KHM7DVOQK,3,0.0029644268774703555,0.0,3,0.0,12132.0,1012
A11D3W4CFYZNHM,1,1.0,0.0,1,0.0,0.0,1
A11DJX3UKJD737,1,1.0,0.0,1,0.0,0.0,1
A11ED8O95W2103,5,0.015105740181268883,0.39999968000025604,5,0.0,1980.0,331
A11EKN3A8FUEDC,1,1.0,0.0,1,0.0,0.0,1
A11F8JSQ206D9J,1,1.0,0.0,1,0.0,0.0,1
A11HV501OX9MNV,1,1.0,0.0,1,0.0,0.0,1
A11IFJDOZ0T6Z2,1,1.0,0.0,1,0.0,0.0,1
A11IR07H8SYDD0,1,1.0,0.0,1,0.0,0.0,1
A11JCTWMX14IGZ,2,0.0027816411682892906,0.0,2,0.0,17232.0,719
A11JD0X51IJ7RM,1,1.0,0.0,1,0.0,0.0,1
A11JDD2KZVUOT6,1,1.0,0.0,1,0.0,0.0,1
A11KX4PSKOL7VL,1,1.0,0.0,1,0.0,0.0,1
A11KZ906QD08C5,1,1.0,0.0,1,0.0,0.0,1
A11L3AWH521WFV,1,1.0,0.0,1,0.0,0.0,1
A11L90R7RWJA8H,1,1.0,0.0,1,0.0,0.0,1
A11LTGLPJ66GTN,1,1.0,0.0,1,0.0,0.0,1
A11N54DYZ6NT3K,1,1.0,0.0,1,0.0,0.0,1
A11NR4AJK9TNQM,1,1.0,0.0,1,0.0,0.0,1
A11NRU3W8RS375,1,1.0,0.0,1,0.0,0.0,1
A11QDRK8G3TVP7,1,1.0,0.0,1,0.0,0.0,1
A11QNB7FPVY3V,1,1.0,0.0,1,0.0,0.0,1
A11T5128OZMUY4,1,1.0,0.0,1,0.0,0.0,1
A11T76EZ8AG96E,1,1.0,0.0,1,0.0,0.0,1
A11V8U5E758U8U,1,1.0,0.0,1,0.0,0.0,1
A11V9E4044WFNK,1,1.0,0.0,1,0.0,0.0,1
A11VI2ORDN0AHS,1,1.0,0.0,1,0.0,0.0,1
A11Y89064TEGQ8,1,1.0,0.0,1,0.0,0.0,1
A11YC90BA0KJQ7,1,1.0,0.0,1,0.0,0.0,1
A11ZI425LVTVH7,1,1.0,0.0,1,0.0,0.0,1
A11ZMOBS6NWMB,1,1.0,0.0,1,0.0,0.0,1
A11ZP93TJED4T6,1,1.0,0.0,1,0.0,0.0,1
A120ULF73SUTI9,1,1.0,0.0,1,0.0,0.0,1
A1210QJT54O8T0,1,1.0,0.0,1,0.0,0.0,1
A124AKDXC26XT9,1,1.0,0.0,1,0.0,0.0,1
A124ZQ5I18IAB,1,1.0,0.0,1,0.0,0.0,1
A1263RB8HKHD76,1,1.0,0.0,1,0.0,0.0,1
A127GZ51PD786F,1,1.0,0.0,1,0.0,0.0,1
A127KI9JEAESJ1,1,1.0,0.0,1,0.0,0.0,1
A127P8A5QQ05KN,1,1.0,0.0,1,0.0,0.0,1
A127X09WZNT908,1,1.0,0.0,1,0.0,0.0,1
A129AN1EZZVG61,1,1.0,0.0,1,0.0,0.0,1
A12A8LU93A132U,1,1.0,0.0,1,0.0,0.0,1
A12AT4IWHODYRP,1,1.0,0.0,1,0.0,0.0,1
A12AU3CNAWYO5D,1,1.0,0.0,1,0.0,0.0,1
A12AYONFLIYMSZ,1,1.0,0.0,1,0.0,0.0,1
A12BD1BM69K25L,1,1.0,0.0,1,0.0,0.0,1
A12C1TVFHW1JX2,1,1.0,0.0,1,0.0,0.0,1
A12D2E7JYO5IPG,1,1.0,0.0,1,0.0,0.0,1
A12DLJESJKM1OQ,1,1.0,0.0,1,0.0,0.0,1
A12EMDRJ838FPF,1,1.0,0.0,1,0.0,0.0,1
A12ENBT314RFXR,1,1.0,0.0,1,0.0,0.0,1
A12EO7KLFN2JLU,1,1.0,0.0,1,0.0,0.0,1
A12EPLIQ9BBXIZ,1,1.0,0.0,1,0.0,0.0,1
A12F8OG8CKZU9L,1,1.0,0.0,1,0.0,0.0,1
A12G7V6HEAQ9JK,1,1.0,0.0,1,0.0,0.0,1
A12GIOKE26ZFKJ,1,1.0,0.0,1,0.0,0.0,1
A12HW0ECID12WF,1,1.0,0.0,1,0.0,0.0,1
A12I3HHLUD6WY9,1,1.0,0.0,1,0.0,0.0,1
A12L8U16SFK06N,1,1.0,0.0,1,0.0,0.0,1
A12LIH1OJZIDKZ,1,1.0,0.0,1,0.0,0.0,1
A12N7MLCZZ797E,1,1.0,0.0,1,0.0,0.0,1
A12NAEUGYXUIRD,1,1.0,0.0,1,0.0,0.0,1
A12OILS0DDD1K9,1,1.0,0.0,1,0.0,0.0,1
A12PFARGH9ELDI,1,1.0,0.0,1,0.0,0.0,1
A12Q2PV6TZ6XX9,1,1.0,0.0,1,0.0,0.0,1
A12Q2ZZJFKNQ4S,1,1.0,0.0,1,0.0,0.0,1
A12RHMNTCAV5Z7,2,0.00980392156862745,0.0,2,0.0,4872.0,204
A12RHQPWEZWAAH,1,1.0,0.0,1,0.0,0.0,1
A12S3E4HK8330R,2,2.0,0.0,2,0.0,0.0,1
A12SBVZP1QK9GM,1,1.0,0.0,1,0.0,0.0,1
A12SQEAX4EOM13,1,1.0,0.0,1,0.0,0.0,1
A12T2YJDP004C2,1,1.0,0.0,1,0.0,0.0,1
A12TAFRBBG9EI6,1,1.0,0.0,1,0.0,0.0,1
A12TECTYSRJ3UR,1,1.0,0.0,1,0.0,0.0,1
A12TM9OYN1GR0E,1,1.0,0.0,1,0.0,0.0,1
A12U739X0STRAO,1,1.0,0.0,1,0.0,0.0,1
A12UB0W1MAK18U,1,1.0,0.0,1,0.0,0.0,1
A12UGBVBI2NI7X,1,1.0,0.0,1,0.0,0.0,1
A12UQZS58C1DQ6,1,1.0,0.0,1,0.0,0.0,1
A12VYWCG0OBMM9,1,1.0,0.0,1,0.0,0.0,1
A12XCRHPREC51Y,1,1.0,0.0,1,0.0,0.0,1
A12YC1CY1XZ6KQ,1,1.0,0.0,1,0.0,0.0,1
A1302F5IP6W9Q1,1,1.0,0.0,1,0.0,0.0,1
A130VGG4P4PW5J,1,1.0,0.0,1,0.0,0.0,1
A130WL3J4YFXK9,1,1.0,0.0,1,0.0,0.0,1
A131XK438X81X9,1,1.0,0.0,1,0.0,0.0,1
A132Q9YLCIRHDN,1,1.0,0.0,1,0.0,0.0,1
A132UAXQEMO52E,1,1.0,0.0,1,0.0,0.0,1
A133RMLL2B6OC9,1,1.0,0.0,1,0.0,0.0,1
A133Z74IY6J9D7,1,1.0,0.0,1,0.0,0.0,1
A134XZNXCGU7JD,1,1.0,0.0,1,0.0,0.0,1
A135MK4P9G8EDX,1,1.0,0.0,1,0.0,0.0,1
A1365J9VYWUHXB,1,1.0,0.0,1,0.0,0.0,1
A137OOBMF8P43D,1,1.0,0.0,1,0.0,0.0,1
A13831TMEGELTX,1,1.0,0.0,1,0.0,0.0,1
A138B0GK83O33R,1,1.0,0.0,1,0.0,0.0,1
A139TU0DN7WHEG,1,1.0,0.0,1,0.0,0.0,1
A13A9XV81EQF30,1,1.0,0.0,1,0.0,0.0,1
A13B39ZS8W9SQO,1,1.0,0.0,1,0.0,0.0,1
A13BOWET73AJQ1,1,1.0,0.0,1,0.0,0.0,1
A13BRR77UOED7D,1,1.0,0.0,1,0.0,0.0,1
A13BWQDECDDVIZ,1,1.0,0.0,1,0.0,0.0,1
A13BX9O5UDBILC,1,1.0,0.0,1,0.0,0.0,1
A13CEEFTSM9ZAZ,1,1.0,0.0,1,0.0,0.0,1
A13DD17X1AZFGJ,1,1.0,0.0,1,0.0,0.0,1
A13DDUENBR1CW8,1,1.0,0.0,1,0.0,0.0,1
A13E4PY6OVAGTX,1,1.0,0.0,1,0.0,0.0,1
A13EQE9EY2ET93,1,1.0,0.0,1,0.0,0.0,1
A13F9YN2DTH4D4,1,1.0,0.0,1,0.0,0.0,1
A13H8Z0F3FJ5AO,1,1.0,0.0,1,0.0,0.0,1
A13HO1F4SW568P,1,1.0,0.0,1,0.0,0.0,1
A13HUHXEQPX3YI,1,1.0,0.0,1,0.0,0.0,1
A13JB1PC2F89MY,1,1.0,0.0,1,0.0,0.0,1
A13JZ1WIEZMJXX,1,1.0,0.0,1,0.0,0.0,1
A13KJO7XGQGBD0,1,1.0,0.0,1,0.0,0.0,1
A13KTNVB5IG8SB,1,1.0,0.0,1,0.0,0.0,1
A13L45CSY7TEQZ,1,1.0,0.0,1,0.0,0.0,1
A13LR4L955N2NI,1,1.0,0.0,1,0.0,0.0,1
A13LRIL8P0TYK0,1,1.0,0.0,1,0.0,0.0,1
A13M0YEMOZZKDL,1,1.0,0.0,1,0.0,0.0,1
A13M65IGNEQXW1,1,1.0,0.0,1,0.0,0.0,1
A13MPH77KVE9NH,1,1.0,0.0,1,0.0,0.0,1
A13NWJUMVNS6YZ,1,1.0,0.0,1,0.0,0.0,1
A13OA6RAGTF183,1,1.0,0.0,1,0.0,0.0,1
A13OMZX5UHL36K,1,1.0,0.0,1,0.0,0.0,1
A13OR6VTA2EBH9,1,1.0,0.0,1,0.0,0.0,1
A13P1SRWGJTBSO,1,1.0,0.0,1,0.0,0.0,1
A13P785VXM6DBU,1,1.0,0.0,1,0.0,0.0,1
A13QF33ZVNS0SB,1,1.0,0.0,1,0.0,0.0,1
A13QGI4AZOB64K,1,1.0,0.0,1,0.0,0.0,1
A13QUJ8535XWSP,1,1.0,0.0,1,0.0,0.0,1
A13R0XX727WQB8,1,1.0,0.0,1,0.0,0.0,1
A13RCE7C3EU2EP,1,1.0,0.0,1,0.0,0.0,1
A13REZ5NPV6L,1,1.0,0.0,1,0.0,0.0,1
A13RIB5M9L611E,1,1.0,0.0,1,0.0,0.0,1
A13RLDI2F7OQOH,1,1.0,0.0,1,0.0,0.0,1
A13SAVYJLEH4D1,1,1.0,0.0,1,0.0,0.0,1
A13UQXD9UWRS7U,1,1.0,0.0,1,0.0,0.0,1
A13VCBOZ3ZG2UV,1,1.0,0.0,1,0.0,0.0,1
A13VF2IKG8W3K8,1,1.0,0.0,1,0.0,0.0,1
A13WL1MBY347F7,1,1.0,0.0,1,0.0,0.0,1
A13WNGIMC3PSXM,1,1.0,0.0,1,0.0,0.0,1
A13WREJ05GMRA6,1,1.0,0.0,1,0.0,0.0,1
A13X3KB8XPS0ZX,2,0.002152852529601722,0.0,2,0.0,22272.0,929
A13YCUYVQ1S2WP,1,1.0,0.0,1,0.0,0.0,1
A13YHMQKJF3ZL5,1,1.0,0.0,1,0.0,0.0,1
A13ZFIPTZ0IVGF,1,1.0,0.0,1,0.0,0.0,1
A13ZRACMTM4ENB,1,1.0,0.0,1,0.0,0.0,1
A13ZT5G31M5WJ5,1,1.0,0.0,1,0.0,0.0,1
A1400N2R4PQTWF,1,1.0,0.0,1,0.0,0.0,1
A1409QCA0NZMYG,1,1.0,0.0,1,0.0,0.0,1
A140KFMVPOLASZ,1,1.0,0.0,1,0.0,0.0,1
A140SPVDYIRXZA,1,1.0,0.0,1,0.0,0.0,1
A1413HQ9UF22C5,1,1.0,0.0,1,0.0,0.0,1
A1415PRQTR4HMY,1,1.0,0.0,1,0.0,0.0,1
A141E91QV31KER,2,2.0,0.0,2,0.0,0.0,1
A141NV31GSC2CQ,1,1.0,0.0,1,0.0,0.0,1
A1423HNZ15ZCQZ,2,0.0021810250817884407,0.0,2,0.0,21984.0,917
A14344GE7UZNTJ,1,1.0,0.0,1,0.0,0.0,1
A1435OKJPDTTGP,1,1.0,0.0,1,0.0,0.0,1
A1435P5AMCPB3X,1,1.0,0.0,1,0.0,0.0,1
A14399DQBS4QD1,1,1.0,0.0,1,0.0,0.0,1
A143LJ4G2OPP7T,1,1.0,0.0,1,0.0,0.0,1
A143X0EUX2LCDS,1,1.0,0.0,1,0.0,0.0,1
A14453U0KFWF31,1,1.0,0.0,1,0.0,0.0,1
A145GBOUVLGECJ,1,1.0,0.0,1,0.0,0.0,1
A145LBW8ZHF0TW,2,0.1,0.0,2,0.0,456.0,20
A1463ASM7QMU2I,1,1.0,0.0,1,0.0,0.0,1
A146CA37V0450V,2,0.024691358024691357,0.0,2,0.0,1920.0,81
A146H9ZF0SNKLW,1,1.0,0.0,1,0.0,0.0,1
A146K5OQPHQUMR,1,1.0,0.0,1,0.0,0.0,1
A14738H3YYX7ZC,1,1.0,0.0,1,0.0,0.0,1
A1482ISQT966WC,1,1.0,0.0,1,0.0,0.0,1
A148IYQMD3J6YD,1,1.0,0.0,1,0.0,0.0,1
A148WA455FCXQZ,1,1.0,0.0,1,0.0,0.0,1
A149C701MLJDJC,2,2.0,0.0,2,0.0,0.0,1
A149OQRFVTWJA8,1,1.0,0.0,1,0.0,0.0,1
A149RNR5RH19YY,4,0.00392156862745098,0.0,4,0.0,8152.0,1020
A149VXBN2A971G,1,1.0,0.0,1,0.0,0.0,1
A14BXZ2BXGLTXN,1,1.0,0.0,1,0.0,0.0,1
A14DNCG5WHM86Z,1,1.0,0.0,1,0.0,0.0,1
A14EO36F2S1A90,1,1.0,0.0,1,0.0,0.0,1
A14FFSOOTP0FR,1,1.0,0.0,1,0.0,0.0,1
A14G7W2YFFNM43,1,1.0,0.0,1,0.0,0.0,1
A14GKZOAPB9CHY,1,1.0,0.0,1,0.0,0.0,1
A14GSHEE7T0KCC,1,1.0,0.0,1,0.0,0.0,1
A14GSTIN77TLSR,1,1.0,0.0,1,0.0,0.0,1
A14HHLBGGNNCFK,1,1.0,0.0,1,0.0,0.0,1
A14I1F2H7NOYDC,1,1.0,0.0,1,0.0,0.0,1
A14JBDSWKPKTZA,7,0.0032407407407407406,0.0,7,0.0,8636.0,2160
A14JTZ14GIYM3E,1,1.0,0.0,1,0.0,0.0,1
A14LG64GIVZIGS,2,0.0015860428231562252,0.0,2,0.0,30240.0,1261
A14LKBOG9SVEFT,1,1.0,0.0,1,0.0,0.0,1
A14MDHUI5P0029,1,1.0,0.0,1,0.0,0.0,1
A14ME4FQBNFYWH,2,0.014184397163120567,0.0,2,0.0,3360.0,141
A14MER71N2DCDW,1,1.0,0.0,1,0.0,0.0,1
A14NAUYC6CGPDG,1,1.0,0.0,1,0.0,0.0,1
A14NF0ZJXRYNO3,1,1.0,0.0,1,0.0,0.0,1
A14NIA30HFV68D,1,1.0,0.0,1,0.0,0.0,1
A14NSELR34WBZE,1,1.0,0.0,1,0.0,0.0,1
A14O9P3DV5EHKO,1,1.0,0.0,1,0.0,0.0,1
A14OG85Y77RQVY,1,1.0,0.0,1,0.0,0.0,1
A14PHG6QJ1DTG,3,0.012048192771084338,0.0,3,0.0,2976.0,249
A14PTBE6AR7MTA,1,1.0,0.0,1,0.0,0.0,1
A14Q1WGNF9DM3A,1,1.0,0.0,1,0.0,0.0,1
A14QFQFF3ZX575,1,1.0,0.0,1,0.0,0.0,1
A14QLW52ATB8W5,1,1.0,0.0,1,0.0,0.0,1
A14QOPWXLIA7A8,2,2.0,0.0,2,0.0,0.0,1
A14QXPTYZ90Q7M,1,1.0,0.0,1,0.0,0.0,1
A14R4K86STZFD2,1,1.0,0.0,1,0.0,0.0,1
A14RFF9JUIM34U,1,1.0,0.0,1,0.0,0.0,1
A14SAQRMULWQBV,1,1.0,0.0,1,0.0,0.0,1
A14SPNJ9UVG42,1,1.0,0.0,1,0.0,0.0,1
A14UXJ0TN7VIST,1,1.0,0.0,1,0.0,0.0,1
A14VEJF020O9D2,1,1.0,0.0,1,0.0,0.0,1
A14VMJEA22VY1A,2,2.0,0.0,2,0.0,0.0,1
A14VXKTBKGZ9SD,2,0.015748031496062992,0.0,2,0.0,3024.0,127
A14WXFRFJLJPP5,1,1.0,0.0,1,0.0,0.0,1
A14XUCN5OC998O,1,1.0,0.0,1,0.0,0.0,1
A14Y070B40ZGMR,1,1.0,0.0,1,0.0,0.0,1
A14YZVQTMRO7NE,1,1.0,0.0,1,0.0,0.0,1
A150YMM55VZQ4A,1,1.0,0.0,1,0.0,0.0,1
A15225S9RRISLK,3,0.010869565217391304,0.0,3,0.0,3300.0,276
A1522TN5FVJL0Y,2,0.25,0.0,2,0.0,168.0,8
A152ZT3Y3Q4VQQ,1,1.0,0.0,1,0.0,0.0,1
A152ZZZPA3BAGU,1,1.0,0.0,1,0.0,0.0,1
A153K6XUY9L0CF,1,1.0,0.0,1,0.0,0.0,1
A153OJR22XJQF1,1,1.0,0.0,1,0.0,0.0,1
A154N4DL6101SC,1,1.0,0.0,1,0.0,0.0,1
A154R0EH8V8J23,1,1.0,0.0,1,0.0,0.0,1
A1554THSW3S7WZ,1,1.0,0.0,1,0.0,0.0,1
A155DQ97UZVJSR,1,1.0,0.0,1,0.0,0.0,1
A155E6PQ1EO3NO,1,1.0,0.0,1,0.0,0.0,1
A155WK4J425WSQ,1,1.0,0.0,1,0.0,0.0,1
A155YL0Y0GKUW5,1,1.0,0.0,1,0.0,0.0,1
A1561RLF0OTK39,1,1.0,0.0,1,0.0,0.0,1
A1579YT6JXUHUF,1,1.0,0.0,1,0.0,0.0,1
A158D4T6S70AWO,1,1.0,0.0,1,0.0,0.0,1
A1590KJR2FEHI7,1,1.0,0.0,1,0.0,0.0,1
A1591PJYM84XQT,1,1.0,0.0,1,0.0,0.0,1
A15AWJSRSMYJ60,1,1.0,0.0,1,0.0,0.0,1
A15BN1AMRT8FP1,2,0.06666666666666667,0.0,2,0.0,696.0,30
A15DIP9QPUR6IR,1,1.0,0.0,1,0.0,0.0,1
A15DKJQPGXVLQ3,1,1.0,0.0,1,0.0,0.0,1
A15EJW1B60SVCA,2,0.003968253968253968,0.0,2,0.0,12072.0,504
A15ESHE412BUGE,1,1.0,0.0,1,0.0,0.0,1
A15F2LYQBHNHDK,1,1.0,0.0,1,0.0,0.0,1
A15GJXWN6IKKLS,1,1.0,0.0,1,0.0,0.0,1
A15H3X6YH5LFPN,1,1.0,0.0,1,0.0,0.0,1
A15HFIL37EBL9V,1,1.0,0.0,1,0.0,0.0,1
A15HFUSQXBTE76,1,1.0,0.0,1,0.0,0.0,1
A15ILDWLB5EY55,1,1.0,0.0,1,0.0,0.0,1
A15K7HV1XD6YWR,1,1.0,0.0,1,0.0,0.0,1
A15KCEKCUCYF0O,1,1.0,0.0,1,0.0,0.0,1
A15KFU3ZSAOUG0,2,0.0021929824561403508,0.0,2,0.0,21864.0,912
A15KZO444F3B95,1,1.0,0.0,1,0.0,0.0,1
A15L0EDQMU28DA,1,1.0,0.0,1,0.0,0.0,1
A15N3ETU8WWAUB,1,1.0,0.0,1,0.0,0.0,1
A15N5D547HXVXL,1,1.0,0.0,1,0.0,0.0,1
A15N5RY4YGRQRQ,1,1.0,0.0,1,0.0,0.0,1
A15O34J5ECY8TR,1,1.0,0.0,1,0.0,0.0,1
A15OQ0YZCQ787E,1,1.0,0.0,1,0.0,0.0,1
A15P0849E4NHIG,1,1.0,0.0,1,0.0,0.0,1
A15PL3C9OFSM1B,1,1.0,0.0,1,0.0,0.0,1
A15PWO8ELUJPH3,1,1.0,0.0,1,0.0,0.0,1
A15QYHQH80W30L,1,1.0,0.0,1,0.0,0.0,1
A15RDC4BZWPPQW,2,2.0,0.0,2,0.0,0.0,1
A15SF8FPL1RF63,1,1.0,0.0,1,0.0,0.0,1
A15TN4GCH7DBXR,1,1.0,0.0,1,0.0,0.0,1
A15U38AWJ3JDN5,1,1.0,0.0,1,0.0,0.0,1
A15UNI5A23UA4J,1,1.0,0.0,1,0.0,0.0,1
A15VJ6S6HLGYBT,2,2.0,0.0,2,0.0,0.0,1
A15XI2BEGGFEOW,1,1.0,0.0,1,0.0,0.0,1
A15XMUY3LA6O71,1,1.0,0.0,1,0.0,0.0,1
A15ZT0K8VGFLL2,1,1.0,0.0,1,0.0,0.0,1
A15ZWZKUIPUUVH,1,1.0,0.0,1,0.0,0.0,1
A15ZZDKRKP7L4R,1,1.0,0.0,1,0.0,0.0,1
A1602WP8OHESZD,1,1.0,0.0,1,0.0,0.0,1
A160H0YEDV1DA0,1,1.0,0.0,1,0.0,0.0,1
A160RGARQLLB05,1,1.0,0.0,1,0.0,0.0,1
A162MNFD5CGQ03,1,1.0,0.0,1,0.0,0.0,1
A1644SQ9ZZX25B,1,1.0,0.0,1,0.0,0.0,1
A165EVALNKOZB9,1,1.0,0.0,1,0.0,0.0,1
A1660JZPHFX90N,1,1.0,0.0,1,0.0,0.0,1
A1665GGGDM0ZPO,1,1.0,0.0,1,0.0,0.0,1
A166PLPFD2A42H,1,1.0,0.0,1,0.0,0.0,1
A16723ZETJAWIS,1,1.0,0.0,1,0.0,0.0,1
A167VTVMWP0BW8,1,1.0,0.0,1,0.0,0.0,1
A168SAOQWU7A63,1,1.0,0.0,1,0.0,0.0,1
A16AF8BFMCVOWW,1,1.0,0.0,1,0.0,0.0,1
A16BCKU6WTSGRL,1,1.0,0.0,1,0.0,0.0,1
A16BIH1Z3L050B,1,1.0,0.0,1,0.0,0.0,1
A16BSOOMVMXGR9,1,1.0,0.0,1,0.0,0.0,1
A16C19G0I2DE8S,1,1.0,0.0,1,0.0,0.0,1
A16CV6OJMT3RVO,1,1.0,0.0,1,0.0,0.0,1
A16DISUEZB83W6,1,1.0,0.0,1,0.0,0.0,1
A16DPGQQ5MFJ8G,1,1.0,0.0,1,0.0,0.0,1
A16EE2RD5VLYE6,1,1.0,0.0,1,0.0,0.0,1
A16EQGG2OZD7AE,1,1.0,0.0,1,0.0,0.0,1
A16F3IAR2659FN,1,1.0,0.0,1,0.0,0.0,1
A16GBXDS51J019,1,1.0,0.0,1,0.0,0.0,1
A16GLKC0TJEAK2,1,1.0,0.0,1,0.0,0.0,1
A16HZ3PVXRYR4A,1,1.0,0.0,1,0.0,0.0,1
A16IFD5H3B2SSJ,1,1.0,0.0,1,0.0,0.0,1
A16II8I82LUNW,1,1.0,0.0,1,0.0,0.0,1
A16ISYMCYGT0NB,1,1.0,0.0,1,0.0,0.0,1
A16J5TH0JAVRZ3,1,1.0,0.0,1,0.0,0.0,1
A16JV9KHNCJQGF,1,1.0,0.0,1,0.0,0.0,1
A16KIQ83QUDL68,1,1.0,0.0,1,0.0,0.0,1
A16LG9GOHGELD1,1,1.0,0.0,1,0.0,0.0,1
A16NHVBIU3VE4B,1,1.0,0.0,1,0.0,0.0,1
A16OL0K4WZL53E,1,1.0,0.0,1,0.0,0.0,1
A16OL6XJCMNFQ2,1,1.0,0.0,1,0.0,0.0,1
A16PPW1E26SZPX,1,1.0,0.0,1,0.0,0.0,1
A16Q11SK6172U4,1,1.0,0.0,1,0.0,0.0,1
A16QY8VBHHP9MT,1,1.0,0.0,1,0.0,0.0,1
A16RGMORD80K9V,1,1.0,0.0,1,0.0,0.0,1
A16RZ80WPLJVC5,1,1.0,0.0,1,0.0,0.0,1
A16SONX6KV5EIY,1,1.0,0.0,1,0.0,0.0,1
A16T3JEEDK4JLI,1,1.0,0.0,1,0.0,0.0,1
A16TTF45LJY6IJ,1,1.0,0.0,1,0.0,0.0,1
A16U2XUA72CHR8,1,1.0,0.0,1,0.0,0.0,1
A16WC792GYEGGD,1,1.0,0.0,1,0.0,0.0,1
A16WND1BVJCQJV,1,1.0,0.0,1,0.0,0.0,1
A16X61RLY1YJL7,2,0.03125,0.0,2,0.0,1512.0,64
A16X9K6CTHEYXO,1,1.0,0.0,1,0.0,0.0,1
A16Z9C8ESLGOPL,1,1.0,0.0,1,0.0,0.0,1
A170EFO2P2A4FJ,1,1.0,0.0,1,0.0,0.0,1
A171JOM1WWO69U,1,1.0,0.0,1,0.0,0.0,1
A171OFMZU7XP72,1,1.0,0.0,1,0.0,0.0,1
A1720HQJ5FZ87L,1,1.0,0.0,1,0.0,0.0,1
A172O6GT6GLUIB,1,1.0,0.0,1,0.0,0.0,1
A174P367YZ02ZE,1,1.0,0.0,1,0.0,0.0,1
A175DL6WO56TUX,1,1.0,0.0,1,0.0,0.0,1
A175V5Z3EFCZG,1,1.0,0.0,1,0.0,0.0,1
A176P2BEE2LF22,1,1.0,0.0,1,0.0,0.0,1
A178RW5ZI68YR3,1,1.0,0.0,1,0.0,0.0,1
A179EHWXB6NSIQ,1,1.0,0.0,1,0.0,0.0,1
A179LO7TV9N1BT,1,1.0,0.0,1,0.0,0.0,1
A17A6OOXUV6ULM,1,1.0,0.0,1,0.0,0.0,1
A17BH0ZOXHDFJJ,1,1.0,0.0,1,0.0,0.0,1
A17C1GS384ORCX,1,1.0,0.0,1,0.0,0.0,1
A17CLCMTRBDKEZ,1,1.0,0.0,1,0.0,0.0,1
A17FS0XVZ5V35L,1,1.0,0.0,1,0.0,0.0,1
A17FYFDILT57M0,1,1.0,0.0,1,0.0,0.0,1
A17GV9STD2PEMQ,1,1.0,0.0,1,0.0,0.0,1
A17GXMTHZLL8OC,1,1.0,0.0,1,0.0,0.0,1
A17HKNU77UWH4Y,1,1.0,0.0,1,0.0,0.0,1
A17HMM1M7T9PJ1,1,1.0,0.0,1,0.0,0.0,1
A17HNPM0R7HT9Y,1,1.0,0.0,1,0.0,0.0,1
A17HVJ3WXQXJ8J,1,1.0,0.0,1,0.0,0.0,1
A17INQNCZ1HMHL,1,1.0,0.0,1,0.0,0.0,1
A17INU4IPI2F8M,1,1.0,0.0,1,0.0,0.0,1
A17IVNVGY54H15,1,1.0,0.0,1,0.0,0.0,1
A17JY99GDGPQI4,1,1.0,0.0,1,0.0,0.0,1
A17KYU38U9WRVW,2,0.0007112375533428165,0.0,2,0.0,67464.0,2812
A17MH3UHMGOOC5,1,1.0,0.0,1,0.0,0.0,1
A17MR3U4MPW65C,3,0.3,0.47140420652156073,3,0.0,108.0,10
A17OOVKR08H7FR,1,1.0,0.0,1,0.0,0.0,1
A17P5N52BH91E1,1,1.0,0.0,1,0.0,0.0,1
A17QAS8K17V9EC,2,0.003875968992248062,0.0,2,0.0,12360.0,516
A17S75Z5MR29B6,2,0.0005988023952095808,0.0,2,0.0,80136.0,3340
A17SJC2BPIF6RA,1,1.0,0.0,1,0.0,0.0,1
A17T4YZDDWWFTL,1,1.0,0.0,1,0.0,0.0,1
A17TPXJ2U4MJAB,1,1.0,0.0,1,0.0,0.0,1
A17U12E2LNDSYL,1,1.0,0.0,1,0.0,0.0,1
A17VA7VAEI0PQK,1,1.0,0.0,1,0.0,0.0,1
A17WKG6ZXE7Y3O,1,1.0,0.0,1,0.0,0.0,1
A17WPU84HJCK4S,1,1.0,0.0,1,0.0,0.0,1
A17YINFAHQJ7GA,1,1.0,0.0,1,0.0,0.0,1
A17YNSMOWM7U3I,1,1.0,0.0,1,0.0,0.0,1
A17YPB3JICRUK2,1,1.0,0.0,1,0.0,0.0,1
A17YPTSJ9UFDJ5,1,1.0,0.0,1,0.0,0.0,1
A17Z0LVY96TO53,1,1.0,0.0,1,0.0,0.0,1
A17Z9D1UHLZDXR,1,1.0,0.0,1,0.0,0.0,1
A17ZGZHO81XVC2,1,1.0,0.0,1,0.0,0.0,1
A18011LY5SHJSV,1,1.0,0.0,1,0.0,0.0,1
A180BZHVJIRWBZ,1,1.0,0.0,1,0.0,0.0,1
A1813WUXSSZUMT,1,1.0,0.0,1,0.0,0.0,1
A181QOJBZ8O5AY,1,1.0,0.0,1,0.0,0.0,1
A181R0DUML7VOY,1,1.0,0.0,1,0.0,0.0,1
A182GCZ1JR1TWH,1,1.0,0.0,1,0.0,0.0,1
A182U5XEA20G3G,1,1.0,0.0,1,0.0,0.0,1
A182YOL7ZA0PGK,1,1.0,0.0,1,0.0,0.0,1
A183602MCC0Y5P,1,1.0,0.0,1,0.0,0.0,1
A183L9ZWVA5KLQ,1,1.0,0.0,1,0.0,0.0,1
A183S80WADLOCU,1,1.0,0.0,1,0.0,0.0,1
A183VLQN2JD01,1,1.0,0.0,1,0.0,0.0,1
A18409QMZ6CMQD,1,1.0,0.0,1,0.0,0.0,1
A1840PJZBE47TP,1,1.0,0.0,1,0.0,0.0,1
A184F48SN5WFPU,1,1.0,0.0,1,0.0,0.0,1
A184HKN286B6XS,1,1.0,0.0,1,0.0,0.0,1
A185LIJJXANIWM,1,1.0,0.0,1,0.0,0.0,1
A186R37OQQ8TP1,1,1.0,0.0,1,0.0,0.0,1
A186SYJ56RFQPG,1,1.0,0.0,1,0.0,0.0,1
A18759AMQBHXCW,1,1.0,0.0,1,0.0,0.0,1
A187ADBPN8OOY7,1,1.0,0.0,1,0.0,0.0,1
A187PAE50KMV5M,1,1.0,0.0,1,0.0,0.0,1
A187S6RMLW86N,1,1.0,0.0,1,0.0,0.0,1
A1885J18PY8I7S,1,1.0,0.0,1,0.0,0.0,1
A1889S56VFLVMZ,1,1.0,0.0,1,0.0,0.0,1
A188SIPN9JC3HE,1,1.0,0.0,1,0.0,0.0,1
A189TQGLN9IERW,1,1.0,0.0,1,0.0,0.0,1
A18A2Q0UNZU1LQ,1,1.0,0.0,1,0.0,0.0,1
A18A4AMMJ5KV7T,1,1.0,0.0,1,0.0,0.0,1
A18APJULAWONNE,1,1.0,0.0,1,0.0,0.0,1
A18AW14NE61NOT,1,1.0,0.0,1,0.0,0.0,1
A18BPTL4TMTBY9,1,1.0,0.0,1,0.0,0.0,1
A18BVW63F1Y9QX,1,1.0,0.0,1,0.0,0.0,1
A18BX7HMYDZ7IP,1,1.0,0.0,1,0.0,0.0,1
A18D1RLW38LVLW,1,1.0,0.0,1,0.0,0.0,1
A18DON5KI1ERFX,1,1.0,0.0,1,0.0,0.0,1
A18E7XYFB86Q84,1,1.0,0.0,1,0.0,0.0,1
A18EA7MNLXP9H5,1,1.0,0.0,1,0.0,0.0,1
A18ECVX2RJ7HUE,1,1.0,0.0,1,0.0,0.0,1
A18EQZ8EIR31YU,1,1.0,0.0,1,0.0,0.0,1
A18EU4GV8OLOBB,1,1.0,0.0,1,0.0,0.0,1
A18EUQFB1I3CGA,1,1.0,0.0,1,0.0,0.0,1
A18FTRFQQ141CP,1,1.0,0.0,1,0.0,0.0,1
A18G22TSZ58V1I,1,1.0,0.0,1,0.0,0.0,1
A18H2E8QLI8XGZ,1,1.0,0.0,1,0.0,0.0,1
A18H3X0XGMD1K0,1,1.0,0.0,1,0.0,0.0,1
A18H6KCOM1IPDZ,2,0.0033783783783783786,0.0,2,0.0,14184.0,592
A18HE80910BTZI,2,0.0015015015015015015,0.0,2,0.0,31944.0,1332
A18HHON17J3LH0,2,0.0006195786864931846,0.0,2,0.0,77448.0,3228
A18L768JGNLTJC,1,1.0,0.0,1,0.0,0.0,1
A18LJ72NBKZ6JC,1,1.0,0.0,1,0.0,0.0,1
A18LW76H2OQ1KE,1,1.0,0.0,1,0.0,0.0,1
A18MN3B52HHBH1,1,1.0,0.0,1,0.0,0.0,1
A18MQWHBYS6MLN,1,1.0,0.0,1,0.0,0.0,1
A18MVVNA2U9YNU,1,1.0,0.0,1,0.0,0.0,1
A18N2RPPBF5MF9,1,1.0,0.0,1,0.0,0.0,1
A18NLG35HLRE41,1,1.0,0.0,1,0.0,0.0,1
A18PDUB7HSEP10,1,1.0,0.0,1,0.0,0.0,1
A18Q0YU1FMO7TE,1,1.0,0.0,1,0.0,0.0,1
A18RZ493P29JW5,1,1.0,0.0,1,0.0,0.0,1
A18RZLFVFN6697,1,1.0,0.0,1,0.0,0.0,1
A18S2VGUH9SCV5,1,1.0,0.0,1,0.0,0.0,1
A18SK3MILJ272B,1,1.0,0.0,1,0.0,0.0,1
A18U05IGMK1FVV,1,1.0,0.0,1,0.0,0.0,1
A18U8ASOYBRF53,1,1.0,0.0,1,0.0,0.0,1
A18UVDQMISP7YA,1,1.0,0.0,1,0.0,0.0,1
A18VF30YX62V1N,1,1.0,0.0,1,0.0,0.0,1
A18VHVC7JXA7H7,1,1.0,0.0,1,0.0,0.0,1
A18VP6LYBOEW6X,1,1.0,0.0,1,0.0,0.0,1
A18VT083FG5FLJ,2,0.017241379310344827,0.0,2,0.0,2760.0,116
A18WG75O9GGKTT,1,1.0,0.0,1,0.0,0.0,1
A18X6ZT4AEYVKB,2,0.01015228426395939,0.0,2,0.0,4704.0,197
A18XNFAMBG11VB,1,1.0,0.0,1,0.0,0.0,1
A18XYVCNR720UC,1,1.0,0.0,1,0.0,0.0,1
A1907DLJNSAAQC,1,1.0,0.0,1,0.0,0.0,1
A191KD41X3I93D,1,1.0,0.0,1,0.0,0.0,1
A191ZKMLDYIMZX,2,0.0004711425206124853,0.0,2,0.0,101856.0,4245
A192GMTQ2TVISY,2,0.0007034822370735139,0.0,2,0.0,68208.0,2843
A193QPX2Z8K4HR,1,1.0,0.0,1,0.0,0.0,1
A193Z1VJBI7TRC,1,1.0,0.0,1,0.0,0.0,1
A194CASS07MYI7,1,1.0,0.0,1,0.0,0.0,1
A196D02N89FEK,1,1.0,0.0,1,0.0,0.0,1
A196D8WNI6JXBZ,1,1.0,0.0,1,0.0,0.0,1
A196K5YM49XXAE,1,1.0,0.0,1,0.0,0.0,1
A196U4AE2M1G44,1,1.0,0.0,1,0.0,0.0,1
A1977GWEGAYE2N,1,1.0,0.0,1,0.0,0.0,1
A197BQFMF77D24,1,1.0,0.0,1,0.0,0.0,1
A197KHD1GQ96ZH,1,1.0,0.0,1,0.0,0.0,1
A1980MGZXSGJP,1,1.0,0.0,1,0.0,0.0,1
A1980UDWGL6J3N,1,1.0,0.0,1,0.0,0.0,1
A1989944VHPI2I,1,1.0,0.0,1,0.0,0.0,1
A198JGOF1W0D69,1,1.0,0.0,1,0.0,0.0,1
A1991DX3FIMS3P,1,1.0,0.0,1,0.0,0.0,1
A199IPMLMRRRMH,1,1.0,0.0,1,0.0,0.0,1
A19ALNTBQGCWO7,1,1.0,0.0,1,0.0,0.0,1
A19B0UB53D820Y,1,1.0,0.0,1,0.0,0.0,1
A19B3LR2VGAP88,1,1.0,0.0,1,0.0,0.0,1
A19BR6M0VG7AHZ,1,1.0,0.0,1,0.0,0.0,1
A19CV4KEXXAA1N,1,1.0,0.0,1,0.0,0.0,1
A19CYR02E7UPBV,1,1.0,0.0,1,0.0,0.0,1
A19D2SBM4FLBT7,1,1.0,0.0,1,0.0,0.0,1
A19DJFABUM7D1K,1,1.0,0.0,1,0.0,0.0,1
A19E3ZCQH6TJBD,1,1.0,0.0,1,0.0,0.0,1
A19FCOXA6VVR9Z,1,1.0,0.0,1,0.0,0.0,1
A19GDOQK033YCM,1,1.0,0.0,1,0.0,0.0,1
A19H6TQ0NFXKVT,1,1.0,0.0,1,0.0,0.0,1
A19HKRB4LU5YR,1,1.0,0.0,1,0.0,0.0,1
A19HP1ACNFQDT,1,1.0,0.0,1,0.0,0.0,1
A19HT7YC1UW3D6,1,1.0,0.0,1,0.0,0.0,1
A19HUD2T33F945,1,1.0,0.0,1,0.0,0.0,1
A19J2S0JHH69F2,1,1.0,0.0,1,0.0,0.0,1
A19J4IR55H1NZI,1,1.0,0.0,1,0.0,0.0,1
A19JDXB5R33C7R,1,1.0,0.0,1,0.0,0.0,1
A19JO0D9LYFJZF,1,1.0,0.0,1,0.0,0.0,1
A19KVCG1JDOGAB,1,1.0,0.0,1,0.0,0.0,1
A19KWXOS9L6WIO,1,1.0,0.0,1,0.0,0.0,1
A19LF8H78H24KJ,1,1.0,0.0,1,0.0,0.0,1
A19MDKEDNOK76X,1,1.0,0.0,1,0.0,0.0,1
A19MJFMEE3035J,1,1.0,0.0,1,0.0,0.0,1
A19MNLXNDBHI54,1,1.0,0.0,1,0.0,0.0,1
A19N3S7CBSU6O7,2,0.002844950213371266,0.0,2,0.0,16848.0,703
A19Q4JC53BX7KB,1,1.0,0.0,1,0.0,0.0,1
A19Q4XJNQ1J97K,1,1.0,0.0,1,0.0,0.0,1
A19QYI46CNL5JL,1,1.0,0.0,1,0.0,0.0,1
A19R7EJI4CNE1X,1,1.0,0.0,1,0.0,0.0,1
A19RD443T9F1WX,1,1.0,0.0,1,0.0,0.0,1
A19RE9LBQIX90B,1,1.0,0.0,1,0.0,0.0,1
A19RRN85DY4SB2,2,0.030303030303030304,0.0,2,0.0,1560.0,66
A19SXS5PEC80UQ,1,1.0,0.0,1,0.0,0.0,1
A19TAB9NLAVPPK,1,1.0,0.0,1,0.0,0.0,1
A19TDF7NK6BZHZ,1,1.0,0.0,1,0.0,0.0,1
A19TH613LUQJ4X,1,1.0,0.0,1,0.0,0.0,1
A19VCE46OWKKLP,1,1.0,0.0,1,0.0,0.0,1
A19VISO9EHD1OM,2,0.004282655246252677,0.0,2,0.0,11184.0,467
A19VPQUXLUT46J,1,1.0,0.0,1,0.0,0.0,1
A19VS67HZOKT6X,1,1.0,0.0,1,0.0,0.0,1
A19W47CXJJP1MI,1,1.0,0.0,1,0.0,0.0,1
A19W821ER7GWHZ,1,1.0,0.0,1,0.0,0.0,1
A19XKJA47R6AJ9,1,1.0,0.0,1,0.0,0.0,1
A19XMHRB3G4DIR,1,1.0,0.0,1,0.0,0.0,1
A19Y5TZ03B0Z7C,1,1.0,0.0,1,0.0,0.0,1
A19YIXNURUGK6I,1,1.0,0.0,1,0.0,0.0,1
A1A016H61PMGYA,1,1.0,0.0,1,0.0,0.0,1
A1A13SOBLDFVNX,1,1.0,0.0,1,0.0,0.0,1
A1A14CF173OQJ4,1,1.0,0.0,1,0.0,0.0,1
A1A22RM1NZTVQV,1,1.0,0.0,1,0.0,0.0,1
A1A23C8SJI7OCV,1,1.0,0.0,1,0.0,0.0,1
A1A23QM5WA9F0H,1,1.0,0.0,1,0.0,0.0,1
A1A2UR00NVQ37J,1,1.0,0.0,1,0.0,0.0,1
A1A3XV6SL603AD,1,1.0,0.0,1,0.0,0.0,1
A1A4WRN8PF4VK0,1,1.0,0.0,1,0.0,0.0,1
A1A5532VDV679B,1,1.0,0.0,1,0.0,0.0,1
A1A5KUIIIHFF4U,1,1.0,0.0,1,0.0,0.0,1
A1A629D04LRFUD,1,1.0,0.0,1,0.0,0.0,1
A1A87C7E8W4W66,1,1.0,0.0,1,0.0,0.0,1
A1A8Q7LYKJ7B9Z,1,1.0,0.0,1,0.0,0.0,1
A1A8YLNAO5G16U,1,1.0,0.0,1,0.0,0.0,1
A1A92O8IVVHW3Q,2,2.0,0.0,2,0.0,0.0,1
A1A9BAB8AO2GK4,1,1.0,0.0,1,0.0,0.0,1
A1AAOEN7K6SI3U,1,1.0,0.0,1,0.0,0.0,1
A1AB2F8XOU928I,1,1.0,0.0,1,0.0,0.0,1
A1ABUXDEZODI5T,1,1.0,0.0,1,0.0,0.0,1
A1ABVP0DV1ZN89,2,0.005291005291005291,0.0,2,0.0,9048.0,378
A1AC0ZLC6SVXSD,3,0.42857142857142855,0.0,3,0.0,72.0,7
A1ACUIN0UZC4K4,1,1.0,0.0,1,0.0,0.0,1
A1AFW98PPLSRBB,1,1.0,0.0,1,0.0,0.0,1
A1AGGVT4VE56D,2,0.0012012012012012011,0.0,2,0.0,39936.0,1665
A1AGU2XO1LL0BI,1,1.0,0.0,1,0.0,0.0,1
A1AHII2R0R6FAE,1,1.0,0.0,1,0.0,0.0,1
A1AHL90POX6J9K,1,1.0,0.0,1,0.0,0.0,1
A1AHSLKOKA3MC3,1,1.0,0.0,1,0.0,0.0,1
A1AHYRIK9DX6NY,1,1.0,0.0,1,0.0,0.0,1
A1AIK0Q0EGHR7P,1,1.0,0.0,1,0.0,0.0,1
A1AJ1LFYJW80AT,1,1.0,0.0,1,0.0,0.0,1
A1AK5068R1WJAK,1,1.0,0.0,1,0.0,0.0,1
A1AK6D48SAUFWK,1,1.0,0.0,1,0.0,0.0,1
A1AKKYXG0Y0ULL,1,1.0,0.0,1,0.0,0.0,1
A1AM1RHN5GXOOG,1,1.0,0.0,1,0.0,0.0,1
A1AM97PWBXRM6D,1,1.0,0.0,1,0.0,0.0,1
A1AMCR6ISCN2Z6,1,1.0,0.0,1,0.0,0.0,1
A1AMOQQ6GCKDNQ,2,0.0017953321364452424,0.0,2,0.0,26712.0,1114
A1AMR7YWHX7W7O,1,1.0,0.0,1,0.0,0.0,1
A1AMRAJP3AC0OE,1,1.0,0.0,1,0.0,0.0,1
A1AN7HLQB27TWK,1,1.0,0.0,1,0.0,0.0,1
A1ANK8ZVPWIL1P,1,1.0,0.0,1,0.0,0.0,1
A1ANPXJB9B0R5V,1,1.0,0.0,1,0.0,0.0,1
A1AOK8IY4F9OKZ,2,0.007633587786259542,0.0,2,0.0,6264.0,262
A1AOM32TWI2BN9,1,1.0,0.0,1,0.0,0.0,1
A1AP9NRICWMME4,1,1.0,0.0,1,0.0,0.0,1
A1APZA6WOY8J8,1,1.0,0.0,1,0.0,0.0,1
A1AQ8JT2A3UWMY,1,1.0,0.0,1,0.0,0.0,1
A1AQ8LQW5QQSTD,2,0.007168458781362007,0.0,2,0.0,6672.0,279
A1AQU5XF9GP4SB,1,1.0,0.0,1,0.0,0.0,1
A1AS0WT5Q7WE9M,1,1.0,0.0,1,0.0,0.0,1
A1AU09HM08FADZ,1,1.0,0.0,1,0.0,0.0,1
A1AU6042JEI734,1,1.0,0.0,1,0.0,0.0,1
A1AUBZQQ1AWSP9,1,1.0,0.0,1,0.0,0.0,1
A1AUYEJD621EHQ,1,1.0,0.0,1,0.0,0.0,1
A1AVDAS4VK9FCL,1,1.0,0.0,1,0.0,0.0,1
A1AW01QS0NVVDV,1,1.0,0.0,1,0.0,0.0,1
A1AWPV3PS9IH3U,1,1.0,0.0,1,0.0,0.0,1
A1AWXFMOX56DWM,1,1.0,0.0,1,0.0,0.0,1
A1AXJJTN6GPQ0I,2,0.014285714285714285,0.0,2,0.0,3336.0,140
A1B00KVE1YFKCR,1,1.0,0.0,1,0.0,0.0,1
A1B0RBLA5N0J74,1,1.0,0.0,1,0.0,0.0,1
A1B0RTVS4SE88W,1,1.0,0.0,1,0.0,0.0,1
A1B1W7XEX2DRD5,1,1.0,0.0,1,0.0,0.0,1
A1B29I661YGZEU,1,1.0,0.0,1,0.0,0.0,1
A1B30WMI3SO6CB,1,1.0,0.0,1,0.0,0.0,1
A1B3GNO9C8YX0N,1,1.0,0.0,1,0.0,0.0,1
A1B48D0I1M9HBI,1,1.0,0.0,1,0.0,0.0,1
A1B4MIXYVIKMU2,1,1.0,0.0,1,0.0,0.0,1
A1B4RFR5BLLQI5,1,1.0,0.0,1,0.0,0.0,1
A1B52QAAMM1OUJ,1,1.0,0.0,1,0.0,0.0,1
A1B58TDQ0XQGU6,1,1.0,0.0,1,0.0,0.0,1
A1B5Z5OG2NPFDT,1,1.0,0.0,1,0.0,0.0,1
A1B6M00USHUR6O,1,1.0,0.0,1,0.0,0.0,1
A1B6O7SAIYG2N0,2,0.0007270083605961468,0.0,2,0.0,66000.0,2751
A1B75TZD1XLC0A,1,1.0,0.0,1,0.0,0.0,1
A1B7VOFF2O3VQE,1,1.0,0.0,1,0.0,0.0,1
A1B8EJQU73YGL9,1,1.0,0.0,1,0.0,0.0,1
A1B9W7LG5CQ8LL,1,1.0,0.0,1,0.0,0.0,1
A1BAOU9WXR429D,1,1.0,0.0,1,0.0,0.0,1
A1BAT4NZAP6B07,5,0.0013908205841446453,0.39999968000025604,5,0.0,21564.0,3595
A1BBAECLOD0XFN,1,1.0,0.0,1,0.0,0.0,1
A1BBTNE0NGNTJW,2,0.006230529595015576,0.0,2,0.0,7680.0,321
A1BC62X6HZJGZR,3,0.022388059701492536,0.47140420652156073,3,0.0,1596.0,134
A1BCS2ROHQ84X8,1,1.0,0.0,1,0.0,0.0,1
A1BD4T41QJZBHB,1,1.0,0.0,1,0.0,0.0,1
A1BDMSJDPX5MDF,1,1.0,0.0,1,0.0,0.0,1
A1BDZE0TP6L492,1,1.0,0.0,1,0.0,0.0,1
A1BEMKOWN1TJK4,2,0.0036496350364963502,0.0,2,0.0,13128.0,548
A1BFNBD9CPHHSW,1,1.0,0.0,1,0.0,0.0,1
A1BHRKM387NKXH,1,1.0,0.0,1,0.0,0.0,1
A1BHU6FHSC0BJF,1,1.0,0.0,1,0.0,0.0,1
A1BIPJK03QKFQA,1,1.0,0.0,1,0.0,0.0,1
A1BIUX1OVAE5N8,1,1.0,0.0,1,0.0,0.0,1
A1BJ26WC90V5KV,1,1.0,0.0,1,0.0,0.0,1
A1BJQJZUQI20FC,1,1.0,0.0,1,0.0,0.0,1
A1BJUDYO6TJ6S9,1,1.0,0.0,1,0.0,0.0,1
A1BJUMKKRLK9XX,1,1.0,0.0,1,0.0,0.0,1
A1BK60GZ4QME6I,1,1.0,0.0,1,0.0,0.0,1
A1BKKEWFMHS7XU,1,1.0,0.0,1,0.0,0.0,1
A1BM3CYLFRE4X5,1,1.0,0.0,1,0.0,0.0,1
A1BM3ER2HHHR7T,1,1.0,0.0,1,0.0,0.0,1
A1BMA0RHTVO7X5,1,1.0,0.0,1,0.0,0.0,1
A1BMPAGUVC0T9W,1,1.0,0.0,1,0.0,0.0,1
A1BMQC79FGKV00,1,1.0,0.0,1,0.0,0.0,1
A1BMWYN78HO3Q3,1,1.0,0.0,1,0.0,0.0,1
A1BN36SAWCLCIK,1,1.0,0.0,1,0.0,0.0,1
A1BNL6HCVVEDN0,1,1.0,0.0,1,0.0,0.0,1
A1BPJ55PLYUA77,1,1.0,0.0,1,0.0,0.0,1
A1BPRRT5QIKU8J,2,2.0,0.0,2,0.0,0.0,1
A1BQ9NX14RQZVX,1,1.0,0.0,1,0.0,0.0,1
A1BQLUMAXH49VN,1,1.0,0.0,1,0.0,0.0,1
A1BRX51FAKAAVH,1,1.0,0.0,1,0.0,0.0,1
A1BSER3P7ZCIB6,1,1.0,0.0,1,0.0,0.0,1
A1BT3B317O829E,1,1.0,0.0,1,0.0,0.0,1
A1BT9SD02Q6DO7,2,2.0,0.0,2,0.0,0.0,1
A1BTULXPTQBGQ0,1,1.0,0.0,1,0.0,0.0,1
A1BU7ES6F0OOAA,1,1.0,0.0,1,0.0,0.0,1
A1BUH3JUQ1MLOO,1,1.0,0.0,1,0.0,0.0,1
A1BVIANDXCX7RW,3,0.007075471698113208,0.0,3,0.0,5076.0,424
A1BVQGCOMB4H3W,1,1.0,0.0,1,0.0,0.0,1
A1BWD4UA5QTBOI,1,1.0,0.0,1,0.0,0.0,1
A1BYM8XCLZTPMY,1,1.0,0.0,1,0.0,0.0,1
A1BZ18U2EF4FAI,3,0.003409090909090909,0.47140420652156073,3,0.0,10548.0,880
A1BZHVUHARTXS6,1,1.0,0.0,1,0.0,0.0,1
A1C00XXCYWEKK1,1,1.0,0.0,1,0.0,0.0,1
A1C0WNM0G18HJ0,1,1.0,0.0,1,0.0,0.0,1
A1C2FHDWS02T2Q,1,1.0,0.0,1,0.0,0.0,1
A1C3OZ383EUS8W,1,1.0,0.0,1,0.0,0.0,1
A1C47EO3P9UKXJ,2,0.014285714285714285,0.0,2,0.0,3336.0,140
A1C4J9CUHT3UXE,2,0.03636363636363636,0.0,2,0.0,1296.0,55
A1C4YDZGWGH9FX,1,1.0,0.0,1,0.0,0.0,1
A1C5WS021EL3WO,1,1.0,0.0,1,0.0,0.0,1
A1C60KQ8VJZBS5,2,0.0016542597187758478,0.0,2,0.0,28992.0,1209
A1C7AR562HE0TF,1,1.0,0.0,1,0.0,0.0,1
A1C7E59Y13WKBL,1,1.0,0.0,1,0.0,0.0,1
A1C82BC5GNABOA,2,0.6666666666666666,0.0,2,0.0,48.0,3
A1C8K8UTDSXRXS,1,1.0,0.0,1,0.0,0.0,1
A1C8V13RD60LTR,3,0.018867924528301886,0.47140420652156073,3,0.0,1896.0,159
A1C92FV1I5FM4T,1,1.0,0.0,1,0.0,0.0,1
A1CA40102FA5N0,1,1.0,0.0,1,0.0,0.0,1
A1CA960UP1AYXE,1,1.0,0.0,1,0.0,0.0,1
A1CAGTNRSFHJNJ,3,0.0009897723523589574,0.0,3,0.0,36360.0,3031
A1CAP5AJ7JMHKS,1,1.0,0.0,1,0.0,0.0,1
A1CBFIXDW95M5X,1,1.0,0.0,1,0.0,0.0,1
A1CBVD5P2MTW3S,1,1.0,0.0,1,0.0,0.0,1
A1CC0801G6N9GO,1,1.0,0.0,1,0.0,0.0,1
A1CCBLW6NH70ID,1,1.0,0.0,1,0.0,0.0,1
A1CCKKNSH3QR08,1,1.0,0.0,1,0.0,0.0,1
A1CCPHN8WYSN8O,1,1.0,0.0,1,0.0,0.0,1
A1CEGZTK2CO8FF,1,1.0,0.0,1,0.0,0.0,1
A1CFU5XJXN3PV4,1,1.0,0.0,1,0.0,0.0,1
A1CGJPFN8KPTDH,1,1.0,0.0,1,0.0,0.0,1
A1CGUQU1YQNJFX,1,1.0,0.0,1,0.0,0.0,1
A1CHRL0JWA2OO8,1,1.0,0.0,1,0.0,0.0,1
A1CIFFHXSYF5KT,1,1.0,0.0,1,0.0,0.0,1
A1CIU572HUUE5A,1,1.0,0.0,1,0.0,0.0,1
A1CIUI32P2UOED,1,1.0,0.0,1,0.0,0.0,1
A1CKJBI0HE140F,1,1.0,0.0,1,0.0,0.0,1
A1CL2397W0CAC3,2,2.0,0.0,2,0.0,0.0,1
A1CLCC5UY1S149,1,1.0,0.0,1,0.0,0.0,1
A1CLS326NEN86Y,1,1.0,0.0,1,0.0,0.0,1
A1CM4HI4S5P0WO,1,1.0,0.0,1,0.0,0.0,1
A1CMJDOKUWCE1S,1,1.0,0.0,1,0.0,0.0,1
A1CN4JZZTW31JK,1,1.0,0.0,1,0.0,0.0,1
A1CN4ZCDTGCJCT,1,1.0,0.0,1,0.0,0.0,1
A1CN7L05XSZMRX,1,1.0,0.0,1,0.0,0.0,1
A1CNN84Q3V84AC,2,0.0029154518950437317,0.0,2,0.0,16440.0,686
A1CP551C8355WH,1,1.0,0.0,1,0.0,0.0,1
A1CPPZT5ZNIM57,1,1.0,0.0,1,0.0,0.0,1
A1CQJYMTE8C6WJ,1,1.0,0.0,1,0.0,0.0,1
A1CQRJFY5EEMDZ,1,1.0,0.0,1,0.0,0.0,1
A1CRCLL00ULF20,1,1.0,0.0,1,0.0,0.0,1
A1CRKXZHTI95AI,1,1.0,0.0,1,0.0,0.0,1
A1CRUBEW267K0W,1,1.0,0.0,1,0.0,0.0,1
A1CSFRO37ZRVTW,1,1.0,0.0,1,0.0,0.0,1
A1CSKKTDNT13BD,1,1.0,0.0,1,0.0,0.0,1
A1CTZDO3P9V6N0,1,1.0,0.0,1,0.0,0.0,1
A1CV19Z3EDXMJ6,2,0.1111111111111111,0.0,2,0.0,408.0,18
A1CW4FAG34ENZO,1,1.0,0.0,1,0.0,0.0,1
A1CWC70ZUIJNOU,1,1.0,0.0,1,0.0,0.0,1
A1CWMO3LQQ7P0P,1,1.0,0.0,1,0.0,0.0,1
A1CWZPZKD7874S,1,1.0,0.0,1,0.0,0.0,1
A1CX5JZD7J6M0N,1,1.0,0.0,1,0.0,0.0,1
A1CXH0ECJCO3US,1,1.0,0.0,1,0.0,0.0,1
A1CXVAOCM2IN5Q,1,1.0,0.0,1,0.0,0.0,1
A1CXY93H6HE4EH,1,1.0,0.0,1,0.0,0.0,1
A1CYTBE7LLUQ8F,1,1.0,0.0,1,0.0,0.0,1
A1CZ8JTF1JCI72,1,1.0,0.0,1,0.0,0.0,1
A1D03FD9LVW44O,2,0.009950248756218905,0.0,2,0.0,4800.0,201
A1D07L5D2CF59L,1,1.0,0.0,1,0.0,0.0,1
A1D0KL9ZD7SU56,2,2.0,0.0,2,0.0,0.0,1
A1D0ZQA3MD7VLG,1,1.0,0.0,1,0.0,0.0,1
A1D1MIFRSG50Y3,1,1.0,0.0,1,0.0,0.0,1
A1D1ZUWM0MMBVK,1,1.0,0.0,1,0.0,0.0,1
A1D27BCSYV7VWH,2,0.005025125628140704,0.0,2,0.0,9528.0,398
A1D311UPNHZTHV,1,1.0,0.0,1,0.0,0.0,1
A1D34RQ7RIERSY,1,1.0,0.0,1,0.0,0.0,1
A1D3CJ9QKBXC1Y,2,0.05128205128205128,0.0,2,0.0,912.0,39
A1D3CQN43Q2T3F,1,1.0,0.0,1,0.0,0.0,1
A1D3X5TOQV6FQ7,1,1.0,0.0,1,0.0,0.0,1
A1D45GKC02247Y,1,1.0,0.0,1,0.0,0.0,1
A1D5HLEQD8J0MI,1,1.0,0.0,1,0.0,0.0,1
A1D678H20KE69R,1,1.0,0.0,1,0.0,0.0,1
A1D6XJGWCLNM3W,1,1.0,0.0,1,0.0,0.0,1
A1D75IF0B4H4L,1,1.0,0.0,1,0.0,0.0,1
A1D7WKS43Y6AVY,1,1.0,0.0,1,0.0,0.0,1
A1D82T9H3X8AB4,1,1.0,0.0,1,0.0,0.0,1
A1D8JPKIZ9SZYL,1,1.0,0.0,1,0.0,0.0,1
A1D9U33OHQTO18,1,1.0,0.0,1,0.0,0.0,1
A1DA35S1UET846,1,1.0,0.0,1,0.0,0.0,1
A1DARGMU0J830E,1,1.0,0.0,1,0.0,0.0,1
A1DB2EVH0HGHBP,1,1.0,0.0,1,0.0,0.0,1
A1DBDCQASEIMDW,2,0.027777777777777776,0.0,2,0.0,1704.0,72
A1DCN0NZO7E2C,1,1.0,0.0,1,0.0,0.0,1
A1DCNMRBNSTN59,1,1.0,0.0,1,0.0,0.0,1
A1DDG2R80UWTPI,1,1.0,0.0,1,0.0,0.0,1
A1DDNUNC9JNZEV,1,1.0,0.0,1,0.0,0.0,1
A1DE6049MCZ3CE,1,1.0,0.0,1,0.0,0.0,1
A1DE7W7O9L1UYX,3,0.016129032258064516,0.0,3,0.0,2220.0,186
A1DF5D8N00SQR0,1,1.0,0.0,1,0.0,0.0,1
A1DGED31BJ7H4D,1,1.0,0.0,1,0.0,0.0,1
A1DIFL0333QPEB,1,1.0,0.0,1,0.0,0.0,1
A1DIK3X5W8SX51,1,1.0,0.0,1,0.0,0.0,1
A1DIZO95XRBLPO,1,1.0,0.0,1,0.0,0.0,1
A1DJ72M95U7GPD,2,0.0042643923240938165,0.0,2,0.0,11232.0,469
A1DJ7PH72PMJIO,1,1.0,0.0,1,0.0,0.0,1
A1DKICE5Z4EQNR,1,1.0,0.0,1,0.0,0.0,1
A1DL9IH75MWT8R,1,1.0,0.0,1,0.0,0.0,1
A1DLFC5GG1RQFL,1,1.0,0.0,1,0.0,0.0,1
A1DLMTOTHQ4AST,1,1.0,0.0,1,0.0,0.0,1
A1DNAYILPPR7NL,1,1.0,0.0,1,0.0,0.0,1
A1DNFRUWF2PXDT,1,1.0,0.0,1,0.0,0.0,1
A1DO9LRCO23EOM,1,1.0,0.0,1,0.0,0.0,1
A1DOFBSJT3SSKZ,1,1.0,0.0,1,0.0,0.0,1
A1DPUZDTVNJUMX,1,1.0,0.0,1,0.0,0.0,1
A1DPYRDSP17UT0,1,1.0,0.0,1,0.0,0.0,1
A1DQEJN9C8AM5K,1,1.0,0.0,1,0.0,0.0,1
A1DQHS7MOVYYYA,1,1.0,0.0,1,0.0,0.0,1
A1DRM3JV6T5O6P,1,1.0,0.0,1,0.0,0.0,1
A1DS1VQA47ACCC,1,1.0,0.0,1,0.0,0.0,1
A1DTTUZZH3UCJK,1,1.0,0.0,1,0.0,0.0,1
A1DUC23R0YP9F7,1,1.0,0.0,1,0.0,0.0,1
A1DV1Z52G42EX2,1,1.0,0.0,1,0.0,0.0,1
A1DVJIPY0MFSNF,1,1.0,0.0,1,0.0,0.0,1
A1DVKQE6BFL98Q,1,1.0,0.0,1,0.0,0.0,1
A1DYB9MKFYEGS4,1,1.0,0.0,1,0.0,0.0,1
A1DYHNSD4T1LEH,1,1.0,0.0,1,0.0,0.0,1
A1E00WMEXK151D,1,1.0,0.0,1,0.0,0.0,1
A1E04XSIX1OAOM,1,1.0,0.0,1,0.0,0.0,1
A1E2TVC46QZJ3X,1,1.0,0.0,1,0.0,0.0,1
A1E3OB6QMBKRYZ,1,1.0,0.0,1,0.0,0.0,1
A1E4FASFO78Z77,1,1.0,0.0,1,0.0,0.0,1
A1E5D73Z5Q73A0,1,1.0,0.0,1,0.0,0.0,1
A1E5M5Q3L9PCVV,1,1.0,0.0,1,0.0,0.0,1
A1E6GEYZYQF84I,1,1.0,0.0,1,0.0,0.0,1
A1E6U796EWSWXL,1,1.0,0.0,1,0.0,0.0,1
A1E6YJH0YZYFU5,1,1.0,0.0,1,0.0,0.0,1
A1E71PU53N45Y0,1,1.0,0.0,1,0.0,0.0,1
A1E7VTRDMI4XMV,1,1.0,0.0,1,0.0,0.0,1
A1E8PWW106DRBE,1,1.0,0.0,1,0.0,0.0,1
A1E8XGHM6Z4W93,1,1.0,0.0,1,0.0,0.0,1
A1E9RGETV1X5LK,1,1.0,0.0,1,0.0,0.0,1
A1E9ZB5LT45ON1,1,1.0,0.0,1,0.0,0.0,1
A1EA08F54PPH4O,1,1.0,0.0,1,0.0,0.0,1
A1EAN2SFKYBJ05,1,1.0,0.0,1,0.0,0.0,1
A1EARN5PUVIF1S,2,0.0004930966469428008,0.0,2,0.0,97320.0,4056
A1EAXVLKPVL8W5,1,1.0,0.0,1,0.0,0.0,1
A1EAY9UVLFSBYL,1,1.0,0.0,1,0.0,0.0,1
A1EB8F8AYQAR5A,1,1.0,0.0,1,0.0,0.0,1
A1EB93IMG9QWBB,1,1.0,0.0,1,0.0,0.0,1
A1EBGQUBPD16Y0,1,1.0,0.0,1,0.0,0.0,1
A1EC1IGNE6G5UP,1,1.0,0.0,1,0.0,0.0,1
A1ED8VDWRL12Q5,1,1.0,0.0,1,0.0,0.0,1
A1EDBC5HQQY98Q,1,1.0,0.0,1,0.0,0.0,1
A1EDI0X3GI1SK7,1,1.0,0.0,1,0.0,0.0,1
A1EDIAKY68UOFG,1,1.0,0.0,1,0.0,0.0,1
A1EDPGHC9EYBUN,1,1.0,0.0,1,0.0,0.0,1
A1EE1HLYUIJPIG,1,1.0,0.0,1,0.0,0.0,1
A1EFAJ4Q7XFJWD,1,1.0,0.0,1,0.0,0.0,1
A1EGD8EGNINP52,1,1.0,0.0,1,0.0,0.0,1
A1EGEU2T7ZQQL8,1,1.0,0.0,1,0.0,0.0,1
A1EH2S92FHWZRP,3,0.0031282586027111575,0.0,3,0.0,11496.0,959
A1EIFZLXET92Q2,1,1.0,0.0,1,0.0,0.0,1
A1EKB0SYZ81ZV,2,2.0,0.0,2,0.0,0.0,1
A1EKSETIBS9ETQ,1,1.0,0.0,1,0.0,0.0,1
A1EKSHKY9G1K18,2,0.0005040322580645161,0.0,2,0.0,95208.0,3968
A1EMDSTJDUE6B0,1,1.0,0.0,1,0.0,0.0,1
A1EN0HIRFDGC8T,1,1.0,0.0,1,0.0,0.0,1
A1EN3TU8BPYH2B,1,1.0,0.0,1,0.0,0.0,1
A1EN4XAKX9LK4A,1,1.0,0.0,1,0.0,0.0,1
A1ENHG9CYI17HW,1,1.0,0.0,1,0.0,0.0,1
A1EO5YR1238VL3,1,1.0,0.0,1,0.0,0.0,1
A1ER23A7CRR5S5,2,0.0012232415902140672,0.0,2,0.0,39216.0,1635
A1ER9BE147BD5E,1,1.0,0.0,1,0.0,0.0,1
A1ERWR5A8OVLDH,3,0.009259259259259259,0.0,3,0.0,3876.0,324
A1ES2Z4ZX6IWBK,1,1.0,0.0,1,0.0,0.0,1
A1ES9IQ5EZ4XQF,1,1.0,0.0,1,0.0,0.0,1
A1ES9YOD55CMER,1,1.0,0.0,1,0.0,0.0,1
A1ESBJOHHB8LFN,1,1.0,0.0,1,0.0,0.0,1
A1ESEP2IGYJDXN,1,1.0,0.0,1,0.0,0.0,1
A1ESIPXHHGJS16,1,1.0,0.0,1,0.0,0.0,1
A1ESVSG3FBJFH7,1,1.0,0.0,1,0.0,0.0,1
A1ESWWU4DNXRJV,1,1.0,0.0,1,0.0,0.0,1
A1ETGPDALZIMVA,1,1.0,0.0,1,0.0,0.0,1
A1EU2HO4Y1SKHQ,1,1.0,0.0,1,0.0,0.0,1
A1EUE5JH2881MB,1,1.0,0.0,1,0.0,0.0,1
A1EUNXD1YH4P25,1,1.0,0.0,1,0.0,0.0,1
A1EUVBIPRTHTCX,1,1.0,0.0,1,0.0,0.0,1
A1EWQ5Y6HHSJGX,1,1.0,0.0,1,0.0,0.0,1
A1EX7MNFZYL58,1,1.0,0.0,1,0.0,0.0,1
A1EXGL6L0QQ0M5,1,1.0,0.0,1,0.0,0.0,1
A1EXXVCOOMXEQ0,2,0.0018975332068311196,0.0,2,0.0,25272.0,1054
A1EZ520KVSUVST,1,1.0,0.0,1,0.0,0.0,1
A1F041LBLQNOZW,1,1.0,0.0,1,0.0,0.0,1
A1F087XDF48WQT,1,1.0,0.0,1,0.0,0.0,1
A1F0J7IHM0KX5G,1,1.0,0.0,1,0.0,0.0,1
A1F1A0QQP2XVH5,3,0.0032017075773745998,0.0,3,0.0,11232.0,937
A1F234IKW8X91O,1,1.0,0.0,1,0.0,0.0,1
A1F2QYMDONSF7I,3,0.007518796992481203,0.0,3,0.0,4776.0,399
A1F3A3MMY54FUP,1,1.0,0.0,1,0.0,0.0,1
A1F3BUDAE2HVK0,1,1.0,0.0,1,0.0,0.0,1
A1F3YT1298K5DX,1,1.0,0.0,1,0.0,0.0,1
A1F4EPSDCON365,1,1.0,0.0,1,0.0,0.0,1
A1F4MJOW5947LT,1,1.0,0.0,1,0.0,0.0,1
A1F4P9AXMQ4XZU,1,1.0,0.0,1,0.0,0.0,1
A1F5865RG4YKHV,1,1.0,0.0,1,0.0,0.0,1
A1F5IRG9LIKM2H,1,1.0,0.0,1,0.0,0.0,1
A1F5L6NPU5SWP1,1,1.0,0.0,1,0.0,0.0,1
A1F5ME1J70I0W6,1,1.0,0.0,1,0.0,0.0,1
A1F6ASVUPBDSKJ,1,1.0,0.0,1,0.0,0.0,1
A1F7XETXDDGRBE,1,1.0,0.0,1,0.0,0.0,1
A1F81SAQBP04IW,1,1.0,0.0,1,0.0,0.0,1
A1F81UOEZWZ01A,1,1.0,0.0,1,0.0,0.0,1
A1F898XZRR8C28,1,1.0,0.0,1,0.0,0.0,1
A1F8ABPW3WRF6T,1,1.0,0.0,1,0.0,0.0,1
A1F8F5LZ9GCHSB,1,1.0,0.0,1,0.0,0.0,1
A1F8FFYPYZ9XJ,1,1.0,0.0,1,0.0,0.0,1
A1F958T2GSWCEK,1,1.0,0.0,1,0.0,0.0,1
A1F9X6Z1EGWMNI,1,1.0,0.0,1,0.0,0.0,1
A1F9YNY2KTBO5H,2,0.013986013986013986,0.0,2,0.0,3408.0,143
A1F9Z42CFF9IAY,3,0.001139384732244588,0.0,3,0.0,31584.0,2633
A1FA27A4WMCDZL,1,1.0,0.0,1,0.0,0.0,1
A1FA8AAON1UIV9,1,1.0,0.0,1,0.0,0.0,1
A1FAJINGM36NHC,1,1.0,0.0,1,0.0,0.0,1
A1FAOBCBBLQLHE,1,1.0,0.0,1,0.0,0.0,1
A1FDYXJ28RDHIS,1,1.0,0.0,1,0.0,0.0,1
A1FERFOI1OU1OF,1,1.0,0.0,1,0.0,0.0,1
A1FF0KZ7KWFDDH,1,1.0,0.0,1,0.0,0.0,1
A1FF2PLA84KNAE,1,1.0,0.0,1,0.0,0.0,1
A1FF8RVKS9Y843,1,1.0,0.0,1,0.0,0.0,1
A1FFCR74WU1E6Z,1,1.0,0.0,1,0.0,0.0,1
A1FFGVSTLEIXVR,1,1.0,0.0,1,0.0,0.0,1
A1FFKKJYBNSAYM,1,1.0,0.0,1,0.0,0.0,1
A1FGK3N8GZHGZJ,1,1.0,0.0,1,0.0,0.0,1
A1FGL6IPRPCR9J,1,1.0,0.0,1,0.0,0.0,1
A1FI3PMS0U7KQL,1,1.0,0.0,1,0.0,0.0,1
A1FIGM5NXX9J3Q,1,1.0,0.0,1,0.0,0.0,1
A1FIR4LBQA39YR,1,1.0,0.0,1,0.0,0.0,1
A1FISS9YFJCXVG,2,2.0,0.0,2,0.0,0.0,1
A1FJSCNYLU4126,1,1.0,0.0,1,0.0,0.0,1
A1FJU0BFGSBF3K,1,1.0,0.0,1,0.0,0.0,1
A1FLK39UE4Q0UW,1,1.0,0.0,1,0.0,0.0,1
A1FLNRFSXRF3QQ,1,1.0,0.0,1,0.0,0.0,1
A1FM50L5NH0OWE,1,1.0,0.0,1,0.0,0.0,1
A1FMPZZL2642ZL,1,1.0,0.0,1,0.0,0.0,1
A1FMZGVDOLOP9W,1,1.0,0.0,1,0.0,0.0,1
A1FNBZLJI88MQJ,1,1.0,0.0,1,0.0,0.0,1
A1FNHDWSN2KA0G,1,1.0,0.0,1,0.0,0.0,1
A1FNVTIU6Q062Z,1,1.0,0.0,1,0.0,0.0,1
A1FP2LA6M2OJX0,1,1.0,0.0,1,0.0,0.0,1
A1FP5PIA2TSJQE,1,1.0,0.0,1,0.0,0.0,1
A1FPS4R13KT9ZC,1,1.0,0.0,1,0.0,0.0,1
A1FPSSELKQNTK4,1,1.0,0.0,1,0.0,0.0,1
A1FPU7R5Q7HIDS,1,1.0,0.0,1,0.0,0.0,1
A1FPVTPIJF9IIQ,1,1.0,0.0,1,0.0,0.0,1
A1FQUFDI4Y67I2,1,1.0,0.0,1,0.0,0.0,1
A1FR0HJ5QMXV8O,1,1.0,0.0,1,0.0,0.0,1
A1FREHYUPLCMTC,1,1.0,0.0,1,0.0,0.0,1
A1FRPICT2SH2LH,1,1.0,0.0,1,0.0,0.0,1
A1FSFYP29DRI4L,1,1.0,0.0,1,0.0,0.0,1
A1FT3XZ2GWQAC3,1,1.0,0.0,1,0.0,0.0,1
A1FUBPW8U2RYUY,1,1.0,0.0,1,0.0,0.0,1
A1FV6SJ6Z27O1E,1,1.0,0.0,1,0.0,0.0,1
A1FVN80HHHR3RA,2,0.002861230329041488,0.0,2,0.0,16752.0,699
A1FW5ROF3LQC9Q,1,1.0,0.0,1,0.0,0.0,1
A1FW6JOS06AD1X,1,1.0,0.0,1,0.0,0.0,1
A1FWP4ZSTC8W5O,1,1.0,0.0,1,0.0,0.0,1
A1FXR3BGMW7F22,1,1.0,0.0,1,0.0,0.0,1
A1FYX3RHM6B6EX,2,0.004415011037527594,0.0,2,0.0,10848.0,453
A1FZ5XWQ2NNT62,1,1.0,0.0,1,0.0,0.0,1
A1FZH340EKH640,1,1.0,0.0,1,0.0,0.0,1
A1FZZV7MKUE0MK,1,1.0,0.0,1,0.0,0.0,1
A1G0E1SQB3SGSZ,1,1.0,0.0,1,0.0,0.0,1
A1G0N4WP7EDQ1H,1,1.0,0.0,1,0.0,0.0,1
A1G166HPVNLWIB,1,1.0,0.0,1,0.0,0.0,1
A1G18MU8RQQ4GY,3,0.006535947712418301,0.0,3,0.0,5496.0,459
A1G1CPDNPRIHD4,1,1.0,0.0,1,0.0,0.0,1
A1G1SBEB82NDRU,1,1.0,0.0,1,0.0,0.0,1
A1G25CG7UWQ3XO,1,1.0,0.0,1,0.0,0.0,1
A1G3LFZTTQQI5C,1,1.0,0.0,1,0.0,0.0,1
A1G4AW937NAPVA,1,1.0,0.0,1,0.0,0.0,1
A1G4PDC7AI56XG,1,1.0,0.0,1,0.0,0.0,1
A1G5508T5XY1RS,1,1.0,0.0,1,0.0,0.0,1
A1G6M86XS35YS3,1,1.0,0.0,1,0.0,0.0,1
A1G74Z2NYIIVCM,1,1.0,0.0,1,0.0,0.0,1
A1G84JVGCWCUEJ,1,1.0,0.0,1,0.0,0.0,1
A1G8GOK1OYID5X,1,1.0,0.0,1,0.0,0.0,1
A1G9SOE51HET8E,2,0.015151515151515152,0.0,2,0.0,3144.0,132
A1GBT4UN2RW7XY,2,0.0625,0.0,2,0.0,744.0,32
A1GBU479WXR7UG,1,1.0,0.0,1,0.0,0.0,1
A1GCKBZ5B7XHPC,1,1.0,0.0,1,0.0,0.0,1
A1GCLR2XBUFH6,1,1.0,0.0,1,0.0,0.0,1
A1GDAIVRFY8832,1,1.0,0.0,1,0.0,0.0,1
A1GE51A2O3NM3W,1,1.0,0.0,1,0.0,0.0,1
A1GE6AROZ4IEAJ,2,2.0,0.0,2,0.0,0.0,1
A1GEGWTL027WIL,1,1.0,0.0,1,0.0,0.0,1
A1GEV4XRR3YJ0F,1,1.0,0.0,1,0.0,0.0,1
A1GF4BH6WPBZ4Y,2,0.003590664272890485,0.0,2,0.0,13344.0,557
A1GFB47CXP4LKR,2,0.0035335689045936395,0.0,2,0.0,13560.0,566
A1GFES7JBA2TNR,1,1.0,0.0,1,0.0,0.0,1
A1GFH98ATO6D5I,1,1.0,0.0,1,0.0,0.0,1
A1GG82ALWJIGE8,1,1.0,0.0,1,0.0,0.0,1
A1GGD7MP7HKJAJ,1,1.0,0.0,1,0.0,0.0,1
A1GGWEX2RW0IRW,1,1.0,0.0,1,0.0,0.0,1
A1GHIHEYT9EI43,1,1.0,0.0,1,0.0,0.0,1
A1GHIZOF6W4VON,1,1.0,0.0,1,0.0,0.0,1
A1GHZFYE83R2GA,1,1.0,0.0,1,0.0,0.0,1
A1GIMMNRJM94RX,1,1.0,0.0,1,0.0,0.0,1
A1GIRH2N6B2VZL,1,1.0,0.0,1,0.0,0.0,1
A1GJ913L9IZR7G,1,1.0,0.0,1,0.0,0.0,1
A1GKAGU5JZODFN,1,1.0,0.0,1,0.0,0.0,1
A1GLL5CJ1SFAMS,1,1.0,0.0,1,0.0,0.0,1
A1GLMR6A34M0VV,1,1.0,0.0,1,0.0,0.0,1
A1GNSLNCXXG2HE,1,1.0,0.0,1,0.0,0.0,1
A1GNYV0RA0EQSS,1,1.0,0.0,1,0.0,0.0,1
A1GOTJRHOSQKZK,1,1.0,0.0,1,0.0,0.0,1
A1GP5D3MXBKUQE,1,1.0,0.0,1,0.0,0.0,1
A1GPS3ULIPNN4R,1,1.0,0.0,1,0.0,0.0,1
A1GPS8D0AWIEG8,1,1.0,0.0,1,0.0,0.0,1
A1GPVV2XWNGSDX,2,0.0035087719298245615,0.0,2,0.0,13656.0,570
A1GQK49Z3G4J8G,1,1.0,0.0,1,0.0,0.0,1
A1GR9JZSPOYPJC,1,1.0,0.0,1,0.0,0.0,1
A1GRYKT7TUE9CE,1,1.0,0.0,1,0.0,0.0,1
A1GSJ4TMAE2MYC,1,1.0,0.0,1,0.0,0.0,1
A1GT1QSKQ5FAIE,1,1.0,0.0,1,0.0,0.0,1
A1GUJGGRLM6V30,1,1.0,0.0,1,0.0,0.0,1
A1GWQIOSUI37T4,1,1.0,0.0,1,0.0,0.0,1
A1GWS2NJ324IY1,1,1.0,0.0,1,0.0,0.0,1
A1GWUB4XO5OFVE,1,1.0,0.0,1,0.0,0.0,1
A1GWYS0HGHQKB7,1,1.0,0.0,1,0.0,0.0,1
A1GX2E4VJH1NAD,1,1.0,0.0,1,0.0,0.0,1
A1GXOJYENYFP6W,1,1.0,0.0,1,0.0,0.0,1
A1GY1HIA0XKF2G,2,0.5,0.0,2,0.0,72.0,4
A1GYAEE9ISZKUA,1,1.0,0.0,1,0.0,0.0,1
A1GYJC4UO4YCQQ,1,1.0,0.0,1,0.0,0.0,1
A1GYN77I2M4LQN,2,0.00749063670411985,0.0,2,0.0,6384.0,267
A1GYR0Q9BRCNQ4,1,1.0,0.0,1,0.0,0.0,1
A1GYV9PJ0U8ERX,2,0.2222222222222222,0.0,2,0.0,192.0,9
A1GYYOE13EFKKW,1,1.0,0.0,1,0.0,0.0,1
A1GZTVDFGF71XM,1,1.0,0.0,1,0.0,0.0,1
A1GZULYG4M5HHR,1,1.0,0.0,1,0.0,0.0,1
A1GZWPGIYCQLVP,1,1.0,0.0,1,0.0,0.0,1
A1GZZEI9LGAIRQ,1,1.0,0.0,1,0.0,0.0,1
A1H0NIDFVV1FTU,1,1.0,0.0,1,0.0,0.0,1
A1H0XHTUZEE8LF,1,1.0,0.0,1,0.0,0.0,1
A1H1TAQ6E1TYAM,1,1.0,0.0,1,0.0,0.0,1
A1H1WE211BQL7F,1,1.0,0.0,1,0.0,0.0,1
A1H2KQF6MKA1DJ,1,1.0,0.0,1,0.0,0.0,1
A1H2O9EQANIGQT,1,1.0,0.0,1,0.0,0.0,1
A1H2V4OF8BZ4FC,2,1.0,0.0,2,0.0,24.0,2
A1H4B09YLQ9IMA,1,1.0,0.0,1,0.0,0.0,1
A1H4HIMWZPFZUQ,1,1.0,0.0,1,0.0,0.0,1
A1H4P50KI3ZR78,1,1.0,0.0,1,0.0,0.0,1
A1H4Z4OSMNDCFC,1,1.0,0.0,1,0.0,0.0,1
A1H5FVY4HX3ABU,1,1.0,0.0,1,0.0,0.0,1
A1H5P52BNEMM2P,1,1.0,0.0,1,0.0,0.0,1
A1H60O5I18S403,1,1.0,0.0,1,0.0,0.0,1
A1H6G9KAJFX19Z,1,1.0,0.0,1,0.0,0.0,1
A1H7JRH18L2BXG,1,1.0,0.0,1,0.0,0.0,1
A1H8EOX4LE3PNQ,1,1.0,0.0,1,0.0,0.0,1
A1H8I2PH00UQ2K,1,1.0,0.0,1,0.0,0.0,1
A1H8PY3QHMQQA0,1,1.0,0.0,1,0.0,0.0,1
A1H9UFWNIWTPFV,1,1.0,0.0,1,0.0,0.0,1
A1HACP80YXJRPP,1,1.0,0.0,1,0.0,0.0,1
A1HBINFSVAQ7G3,1,1.0,0.0,1,0.0,0.0,1
A1HBLNE8QYSG3Z,1,1.0,0.0,1,0.0,0.0,1
A1HBNCPHMW87Y0,1,1.0,0.0,1,0.0,0.0,1
A1HC9B0Y05N95A,1,1.0,0.0,1,0.0,0.0,1
A1HCMIM33ZPNWR,1,1.0,0.0,1,0.0,0.0,1
A1HCVRIFI6V6T7,1,1.0,0.0,1,0.0,0.0,1
A1HD8EWSHR9FM6,1,1.0,0.0,1,0.0,0.0,1
A1HE9XEZ3LPP6B,1,1.0,0.0,1,0.0,0.0,1
A1HEFVTXHT1AL1,1,1.0,0.0,1,0.0,0.0,1
A1HENIY6ASC7ZO,1,1.0,0.0,1,0.0,0.0,1
A1HGK2XHW9J2PL,1,1.0,0.0,1,0.0,0.0,1
A1HH11STE53V5,2,0.07142857142857142,0.0,2,0.0,648.0,28
A1HH194Z0PL1E4,1,1.0,0.0,1,0.0,0.0,1
A1HH1DPK1ASVDN,1,1.0,0.0,1,0.0,0.0,1
A1HHEF51V3BA0D,1,1.0,0.0,1,0.0,0.0,1
A1HHME9SRDVXWB,1,1.0,0.0,1,0.0,0.0,1
A1HI8X9113YNFB,1,1.0,0.0,1,0.0,0.0,1
A1HIOG0DOWHGM2,1,1.0,0.0,1,0.0,0.0,1
A1HIZC2BJYEY5P,1,1.0,0.0,1,0.0,0.0,1
A1HK6XKQEQDKXK,1,1.0,0.0,1,0.0,0.0,1
A1HLEJA9NGG4O4,1,1.0,0.0,1,0.0,0.0,1
A1HMI0JPCWQY4E,1,1.0,0.0,1,0.0,0.0,1
A1HMK1KMWQBDTT,1,1.0,0.0,1,0.0,0.0,1
A1HML2C0J5JKG,1,1.0,0.0,1,0.0,0.0,1
A1HMZSNXP2MC8L,1,1.0,0.0,1,0.0,0.0,1
A1HN2ZEPOV8JOG,1,1.0,0.0,1,0.0,0.0,1
A1HO6RWO0CRWBB,1,1.0,0.0,1,0.0,0.0,1
A1HO7J528F9WC,1,1.0,0.0,1,0.0,0.0,1
A1HOV5ICDDKI03,1,1.0,0.0,1,0.0,0.0,1
A1HRYC60VTMYC0,2,0.0025806451612903226,0.0,2,0.0,18576.0,775
A1HS11O0GNTDEW,1,1.0,0.0,1,0.0,0.0,1
A1HSAYB9K98OGX,2,0.0011607661056297156,0.0,2,0.0,41328.0,1723
A1HSGHW38ZSYXN,1,1.0,0.0,1,0.0,0.0,1
A1HSM98KUGTHNY,1,1.0,0.0,1,0.0,0.0,1
A1HSX3ZEQI9QAB,1,1.0,0.0,1,0.0,0.0,1
A1HTB488P5GRCP,1,1.0,0.0,1,0.0,0.0,1
A1HTJX4WSGZI2I,1,1.0,0.0,1,0.0,0.0,1
A1HTUOY4NOVZSK,1,1.0,0.0,1,0.0,0.0,1
A1HTXF6132KVZY,3,3.0,0.0,3,0.0,0.0,1
A1HUCUAIH6U5W2,1,1.0,0.0,1,0.0,0.0,1
A1HUDHDSLZ8PFS,1,1.0,0.0,1,0.0,0.0,1
A1HW4M029I31C8,1,1.0,0.0,1,0.0,0.0,1
A1HWSRLE5IBCTV,1,1.0,0.0,1,0.0,0.0,1
A1HWV9AYUMH3HV,1,1.0,0.0,1,0.0,0.0,1
A1HXLQOYQB889P,1,1.0,0.0,1,0.0,0.0,1
A1HZIKS8JFCM9U,1,1.0,0.0,1,0.0,0.0,1
A1HZWHI3JLGZ5N,1,1.0,0.0,1,0.0,0.0,1
A1HZXIWZ2BFEI9,1,1.0,0.0,1,0.0,0.0,1
A1I002WK1LELAO,1,1.0,0.0,1,0.0,0.0,1
A1I090FC32L88Q,1,1.0,0.0,1,0.0,0.0,1
A1I0ET8C0DHJ8G,1,1.0,0.0,1,0.0,0.0,1
A1I0M1C381UQNZ,1,1.0,0.0,1,0.0,0.0,1
A1I0MV8SWXSWDQ,1,1.0,0.0,1,0.0,0.0,1
A1I1H1EHPOH6ZW,1,1.0,0.0,1,0.0,0.0,1
A1I1ZGZUDM326L,1,1.0,0.0,1,0.0,0.0,1
A1I2S55T0R9DTX,1,1.0,0.0,1,0.0,0.0,1
A1I3AJXVJ8PDS4,1,1.0,0.0,1,0.0,0.0,1
A1I3GL5GLBEQ7X,1,1.0,0.0,1,0.0,0.0,1
A1I43PYV1DMIIF,1,1.0,0.0,1,0.0,0.0,1
A1I4CSPYVVDOR3,1,1.0,0.0,1,0.0,0.0,1
A1I68HGX9VG1PY,1,1.0,0.0,1,0.0,0.0,1
A1I6TR7R336BXH,1,1.0,0.0,1,0.0,0.0,1
A1I7UZEKGFIYP,1,1.0,0.0,1,0.0,0.0,1
A1I8SSEK2E846I,1,1.0,0.0,1,0.0,0.0,1
A1I9B4PSCDDWOO,1,1.0,0.0,1,0.0,0.0,1
A1IAFOBW8ZR469,1,1.0,0.0,1,0.0,0.0,1
A1IAJW86DJU0EM,1,1.0,0.0,1,0.0,0.0,1
A1IANEBSMVGHS9,2,2.0,0.0,2,0.0,0.0,1
A1IBBI5YMPAUCW,1,1.0,0.0,1,0.0,0.0,1
A1IBKN1GXYJ3K4,1,1.0,0.0,1,0.0,0.0,1
A1ICDP1SXHZE0U,1,1.0,0.0,1,0.0,0.0,1
A1IDFR483R23N,1,1.0,0.0,1,0.0,0.0,1
A1IDWUYX4QXTUE,1,1.0,0.0,1,0.0,0.0,1
A1IE3DQMCUAKBT,1,1.0,0.0,1,0.0,0.0,1
A1IEFXS4C1TSB8,1,1.0,0.0,1,0.0,0.0,1
A1IEGPT1Q5D3R2,1,1.0,0.0,1,0.0,0.0,1
A1IF0EV2GXK873,1,1.0,0.0,1,0.0,0.0,1
A1IF3VUAXBTX00,2,1.0,0.0,2,0.0,24.0,2
A1IF5UP2PK2T4U,1,1.0,0.0,1,0.0,0.0,1
A1IG7GSIP42RDJ,1,1.0,0.0,1,0.0,0.0,1
A1IGVPJTW1ED3W,3,3.0,0.0,3,0.0,0.0,1
A1IH42TUIZ2XJL,2,0.002053388090349076,0.0,2,0.0,23352.0,974
A1IH9D4IINKH2M,1,1.0,0.0,1,0.0,0.0,1
A1IHCWDL071ZZP,1,1.0,0.0,1,0.0,0.0,1
A1IICMPYFNPG01,1,1.0,0.0,1,0.0,0.0,1
A1IICUMRPXC4AL,1,1.0,0.0,1,0.0,0.0,1
A1IJ9KI79QIGCU,1,1.0,0.0,1,0.0,0.0,1
A1IJOBQD8CY8K1,1,1.0,0.0,1,0.0,0.0,1
A1IJT5YXUFPYAH,1,1.0,0.0,1,0.0,0.0,1
A1IK1ZTDHJS6WW,1,1.0,0.0,1,0.0,0.0,1
A1IKC2YBHXIE1M,1,1.0,0.0,1,0.0,0.0,1
A1IL8I2ZD6QVVC,1,1.0,0.0,1,0.0,0.0,1
A1ILS0R3USIU9O,2,0.01694915254237288,0.0,2,0.0,2808.0,118
A1ILWPH1GHUXE2,1,1.0,0.0,1,0.0,0.0,1
A1IMK99FD7RPOL,1,1.0,0.0,1,0.0,0.0,1
A1IO8365H969TU,1,1.0,0.0,1,0.0,0.0,1
A1IQ0A8IBIVF7R,1,1.0,0.0,1,0.0,0.0,1
A1ISGQPXW3BOHN,1,1.0,0.0,1,0.0,0.0,1
A1ISK0X92M83I8,1,1.0,0.0,1,0.0,0.0,1
A1ISUNUWG0K02V,7,0.1206896551724138,0.34992680617462013,7,0.0,228.0,58
A1IT7KPZW9DY05,5,0.02092050209205021,0.0,5,0.0,1428.0,239
A1ITCVZ46MUB3A,1,1.0,0.0,1,0.0,0.0,1
A1ITXFX7GG8I60,1,1.0,0.0,1,0.0,0.0,1
A1IU7S4HCK1XK0,2,0.0004307559767391773,0.0,2,0.0,111408.0,4643
A1IV22RC7DF26R,2,0.047619047619047616,0.0,2,0.0,984.0,42
A1IWMPKH1ELQQP,3,3.0,0.0,3,0.0,0.0,1
A1IWR4YH4ZA9BM,1,1.0,0.0,1,0.0,0.0,1
A1IYWB3X1T6ZJ1,1,1.0,0.0,1,0.0,0.0,1
A1IZIT95268N0V,1,1.0,0.0,1,0.0,0.0,1
A1IZZLH62NT5F1,1,1.0,0.0,1,0.0,0.0,1
A1J07V3G9MK6KM,1,1.0,0.0,1,0.0,0.0,1
A1J0GICFWG7G5A,2,2.0,0.0,2,0.0,0.0,1
A1J1ORDE07JZ46,1,1.0,0.0,1,0.0,0.0,1
A1J1XPQP1K4PLL,1,1.0,0.0,1,0.0,0.0,1
A1J2E7CBMOLNKX,1,1.0,0.0,1,0.0,0.0,1
A1J2ULAFZ7G74Z,1,1.0,0.0,1,0.0,0.0,1
A1J4HV7EVBZZTC,1,1.0,0.0,1,0.0,0.0,1
A1J5BGM658BIUS,1,1.0,0.0,1,0.0,0.0,1
A1J5N0JZIVP4DA,1,1.0,0.0,1,0.0,0.0,1
A1J5RNQJD3TPVN,1,1.0,0.0,1,0.0,0.0,1
A1J75JJ0Q2OEJN,2,0.01,0.0,2,0.0,4776.0,200
A1J87C2DKBO441,3,0.0189873417721519,0.47140420652156073,3,0.0,1884.0,158
A1J93485GAAGED,1,1.0,0.0,1,0.0,0.0,1
A1J98WSXXXWGY2,1,1.0,0.0,1,0.0,0.0,1
A1J9LVA298D5OF,1,1.0,0.0,1,0.0,0.0,1
A1JAJO1BULTYMZ,1,1.0,0.0,1,0.0,0.0,1
A1JAQM73RYX8WQ,1,1.0,0.0,1,0.0,0.0,1
A1JAREBNI5AWYP,1,1.0,0.0,1,0.0,0.0,1
A1JAY1EEQ2E60H,1,1.0,0.0,1,0.0,0.0,1
A1JB0SYY10KNOJ,1,1.0,0.0,1,0.0,0.0,1
A1JD6COKA3KCEG,1,1.0,0.0,1,0.0,0.0,1
A1JDP8UAE7HVW7,1,1.0,0.0,1,0.0,0.0,1
A1JEJEDR7NDZ7C,1,1.0,0.0,1,0.0,0.0,1
A1JERSJES55IBU,1,1.0,0.0,1,0.0,0.0,1
A1JETHCL85UIBW,2,0.0006474587245063128,0.0,2,0.0,74112.0,3089
A1JEXR3E3E8T2G,1,1.0,0.0,1,0.0,0.0,1
A1JFNZ4UAMEZN3,1,1.0,0.0,1,0.0,0.0,1
A1JFXOFDRZ9CFQ,1,1.0,0.0,1,0.0,0.0,1
A1JH4RE328VB3K,1,1.0,0.0,1,0.0,0.0,1
A1JI3XL5ME8CWM,1,1.0,0.0,1,0.0,0.0,1
A1JIPRN4LLM20G,1,1.0,0.0,1,0.0,0.0,1
A1JJOV69MAU2J2,6,0.05172413793103448,0.3726776856852269,6,0.0,552.0,116
A1JK8EE51BF3RE,1,1.0,0.0,1,0.0,0.0,1
A1JLW42JHQRJBP,1,1.0,0.0,1,0.0,0.0,1
A1JMD10TTUPVB4,1,1.0,0.0,1,0.0,0.0,1
A1JMUZQQEUAI2T,1,1.0,0.0,1,0.0,0.0,1
A1JNMBNRE7AKR6,1,1.0,0.0,1,0.0,0.0,1
A1JPQUAOR6BU2I,1,1.0,0.0,1,0.0,0.0,1
A1JQ7K37IVD50C,1,1.0,0.0,1,0.0,0.0,1
A1JR6JQRZTIBQX,1,1.0,0.0,1,0.0,0.0,1
A1JRAJNQP2Y4DU,1,1.0,0.0,1,0.0,0.0,1
A1JRB7WNDFJSZP,2,0.125,0.0,2,0.0,360.0,16
A1JSO7PPEA0W72,5,0.012626262626262626,0.39999968000025604,5,0.0,2370.0,396
A1JT0IN757D4J2,1,1.0,0.0,1,0.0,0.0,1
A1JTQ5TNBCTWPV,1,1.0,0.0,1,0.0,0.0,1
A1JTSRG8SU4VFO,1,1.0,0.0,1,0.0,0.0,1
A1JTTI1KH3DOCY,1,1.0,0.0,1,0.0,0.0,1
A1JUJGHMNIUSWR,1,1.0,0.0,1,0.0,0.0,1
A1JUJM2FDDREHY,1,1.0,0.0,1,0.0,0.0,1
A1JVJPIRK7MXGD,1,1.0,0.0,1,0.0,0.0,1
A1JWSDDIH5Z7DV,2,0.0011534025374855825,0.0,2,0.0,41592.0,1734
A1JXNDR68ZJZX4,1,1.0,0.0,1,0.0,0.0,1
A1JXTW4HW1DZN2,1,1.0,0.0,1,0.0,0.0,1
A1JY2V24BF8HED,1,1.0,0.0,1,0.0,0.0,1
A1JZEPPYFZDRPC,1,1.0,0.0,1,0.0,0.0,1
A1JZHU0WUCTO4C,1,1.0,0.0,1,0.0,0.0,1
A1JZJFVE1K61LU,1,1.0,0.0,1,0.0,0.0,1
A1JZJLZD7GNWD7,1,1.0,0.0,1,0.0,0.0,1
A1K1AAZSD9KWX,1,1.0,0.0,1,0.0,0.0,1
A1K1I1LQE8DFFN,1,1.0,0.0,1,0.0,0.0,1
A1K1YV2K1958SE,1,1.0,0.0,1,0.0,0.0,1
A1K22IFHM99SVT,1,1.0,0.0,1,0.0,0.0,1
A1K28ISPKGE4N1,1,1.0,0.0,1,0.0,0.0,1
A1K2Q0OI20VB24,1,1.0,0.0,1,0.0,0.0,1
A1K2RV81XU6XUC,1,1.0,0.0,1,0.0,0.0,1
A1K3LZFVAZMPMN,2,0.0031446540880503146,0.0,2,0.0,15240.0,636
A1K3O5HTQ3CY0C,1,1.0,0.0,1,0.0,0.0,1
A1K4AVQIU704DY,1,1.0,0.0,1,0.0,0.0,1
A1K4G5YJDJQI6Q,1,1.0,0.0,1,0.0,0.0,1
A1K599CFNJ1AU1,1,1.0,0.0,1,0.0,0.0,1
A1K5BHC4LS2XWY,1,1.0,0.0,1,0.0,0.0,1
A1K5H8RA39DKT4,1,1.0,0.0,1,0.0,0.0,1
A1K5HZNTA6MMAK,1,1.0,0.0,1,0.0,0.0,1
A1K69BBLY0NVOW,1,1.0,0.0,1,0.0,0.0,1
A1K6G765GJLOZE,1,1.0,0.0,1,0.0,0.0,1
A1K73H16UK8XU4,1,1.0,0.0,1,0.0,0.0,1
A1K77RMH56CQVC,1,1.0,0.0,1,0.0,0.0,1
A1K79LEZS4KGUM,1,1.0,0.0,1,0.0,0.0,1
A1K7AEP8WWSKHX,1,1.0,0.0,1,0.0,0.0,1
A1K7TS096NFI,1,1.0,0.0,1,0.0,0.0,1
A1K8H6L63RZFP4,1,1.0,0.0,1,0.0,0.0,1
A1K9FIA48K45PD,1,1.0,0.0,1,0.0,0.0,1
A1KAE1LOY4TBSV,1,1.0,0.0,1,0.0,0.0,1
A1KAERT0MPBZOO,2,0.25,0.0,2,0.0,168.0,8
A1KBE34UO4E73Z,1,1.0,0.0,1,0.0,0.0,1
A1KCI96DKAK1JA,1,1.0,0.0,1,0.0,0.0,1
A1KCSW7Y04ZWYJ,1,1.0,0.0,1,0.0,0.0,1
A1KCTFZ4OUC6S4,1,1.0,0.0,1,0.0,0.0,1
A1KD8MR1V4JVK0,1,1.0,0.0,1,0.0,0.0,1
A1KD8NJPZ01R37,4,0.026143790849673203,0.0,4,0.0,1216.0,153
A1KDA0U9H4I3XY,1,1.0,0.0,1,0.0,0.0,1
A1KDLNTVTMT0RA,1,1.0,0.0,1,0.0,0.0,1
A1KDUQ2HU0WD68,1,1.0,0.0,1,0.0,0.0,1
A1KE06KXZCYVWG,1,1.0,0.0,1,0.0,0.0,1
A1KFS7EKT2OYL2,1,1.0,0.0,1,0.0,0.0,1
A1KFSMS14CY4ON,1,1.0,0.0,1,0.0,0.0,1
A1KGKPWWG61U42,1,1.0,0.0,1,0.0,0.0,1
A1KGMLV9UME4EX,1,1.0,0.0,1,0.0,0.0,1
A1KH2YVJA0B6MB,3,0.3333333333333333,0.47140420652156073,3,0.0,96.0,9
A1KHBL5M5UO0OH,1,1.0,0.0,1,0.0,0.0,1
A1KHHZYK9BF0B1,1,1.0,0.0,1,0.0,0.0,1
A1KI5B6SW3GUBY,1,1.0,0.0,1,0.0,0.0,1
A1KJAFKBSRL2RF,1,1.0,0.0,1,0.0,0.0,1
A1KJAMZ82D1Z44,1,1.0,0.0,1,0.0,0.0,1
A1KJEDEL6B3E8G,1,1.0,0.0,1,0.0,0.0,1
A1KJRNFAO7K5S5,1,1.0,0.0,1,0.0,0.0,1
A1KKHE3R5PBZ7Q,1,1.0,0.0,1,0.0,0.0,1
A1KL1YVYYMQE2E,1,1.0,0.0,1,0.0,0.0,1
A1KLBWKUQHSQVW,2,0.002728512960436562,0.0,2,0.0,17568.0,733
A1KLKPXJK0BRY3,1,1.0,0.0,1,0.0,0.0,1
A1KLOJVF9LHYIE,1,1.0,0.0,1,0.0,0.0,1
A1KM3IPZ9H0JKZ,1,1.0,0.0,1,0.0,0.0,1
A1KN9R46A9T15V,1,1.0,0.0,1,0.0,0.0,1
A1KNHTFGH5X84I,1,1.0,0.0,1,0.0,0.0,1
A1KNSBM4VIPXED,1,1.0,0.0,1,0.0,0.0,1
A1KOOIDITRFGPY,1,1.0,0.0,1,0.0,0.0,1
A1KRANXN8ON8SC,1,1.0,0.0,1,0.0,0.0,1
A1KRFQ0HKNHZ7,1,1.0,0.0,1,0.0,0.0,1
A1KRX2VH2CM111,1,1.0,0.0,1,0.0,0.0,1
A1KSTH3S1COKUU,1,1.0,0.0,1,0.0,0.0,1
A1KT19TDP9VE63,1,1.0,0.0,1,0.0,0.0,1
A1KT8699WEJXS8,1,1.0,0.0,1,0.0,0.0,1
A1KT8QQ74E3SVQ,1,1.0,0.0,1,0.0,0.0,1
A1KUEYKLNP6CIW,3,0.03125,0.47140420652156073,3,0.0,1140.0,96
A1KUKFI8NWFT57,1,1.0,0.0,1,0.0,0.0,1
A1KW4AGRCOIWI2,1,1.0,0.0,1,0.0,0.0,1
A1KXONFPU2XQ5K,1,1.0,0.0,1,0.0,0.0,1
A1KXYKTOZEWDTL,1,1.0,0.0,1,0.0,0.0,1
A1KY5G5FP31F2F,2,0.0011210762331838565,0.0,2,0.0,42792.0,1784
A1KY771GFD2Z63,1,1.0,0.0,1,0.0,0.0,1
A1KYIYS7EGCTOF,1,1.0,0.0,1,0.0,0.0,1
A1KYUOPBGQCLUF,1,1.0,0.0,1,0.0,0.0,1
A1KZDMCI54UXIY,1,1.0,0.0,1,0.0,0.0,1
A1KZMSXC9JOI7Q,1,1.0,0.0,1,0.0,0.0,1
A1KZP366BCW0CR,1,1.0,0.0,1,0.0,0.0,1
A1L0D739FY7T6G,1,1.0,0.0,1,0.0,0.0,1
A1L0MEXMESE4C4,1,1.0,0.0,1,0.0,0.0,1
A1L14TJ4LSADUP,1,1.0,0.0,1,0.0,0.0,1
A1L1N3J6XNABO2,1,1.0,0.0,1,0.0,0.0,1
A1L1TSQFQ0HQL5,1,1.0,0.0,1,0.0,0.0,1
A1L21TBR5TJ21T,1,1.0,0.0,1,0.0,0.0,1
A1L2OPQR7TTEY9,1,1.0,0.0,1,0.0,0.0,1
A1L2STZ2U6Q607,1,1.0,0.0,1,0.0,0.0,1
A1L34X2F3YTD7E,1,1.0,0.0,1,0.0,0.0,1
A1L3U9ZRIBJEHJ,1,1.0,0.0,1,0.0,0.0,1
A1L4BY5GG3U3LX,1,1.0,0.0,1,0.0,0.0,1
A1L4X5WXISICFR,1,1.0,0.0,1,0.0,0.0,1
A1L5SWP3JCTO6E,1,1.0,0.0,1,0.0,0.0,1
A1L5YXWSMMIV54,1,1.0,0.0,1,0.0,0.0,1
A1L65N1MS8WRGZ,1,1.0,0.0,1,0.0,0.0,1
A1L6PBIR22S3FA,1,1.0,0.0,1,0.0,0.0,1
A1L7I7J1A2GBL6,1,1.0,0.0,1,0.0,0.0,1
A1L7JCX9IKGKIQ,1,1.0,0.0,1,0.0,0.0,1
A1L7M2JXN4EZCR,1,1.0,0.0,1,0.0,0.0,1
A1L7QES3JBISFS,1,1.0,0.0,1,0.0,0.0,1
A1L87D9KX3MT41,1,1.0,0.0,1,0.0,0.0,1
A1L8H91F2X4Z6H,1,1.0,0.0,1,0.0,0.0,1
A1LA4K5JF78BER,1,1.0,0.0,1,0.0,0.0,1
A1LA54IU9QKJWO,1,1.0,0.0,1,0.0,0.0,1
A1LAAZUR8YFRW8,2,0.004395604395604396,0.0,2,0.0,10896.0,455
A1LAGLKT5I2ME0,1,1.0,0.0,1,0.0,0.0,1
A1LAH0VUZGP0HX,1,1.0,0.0,1,0.0,0.0,1
A1LAT21BT7FUXX,1,1.0,0.0,1,0.0,0.0,1
A1LB1T6HPU2J91,1,1.0,0.0,1,0.0,0.0,1
A1LBH85DP0NEVO,1,1.0,0.0,1,0.0,0.0,1
A1LC6X68UIRTSN,1,1.0,0.0,1,0.0,0.0,1
A1LCLRSPWAMYLE,1,1.0,0.0,1,0.0,0.0,1
A1LCO3C4LIJANB,1,1.0,0.0,1,0.0,0.0,1
A1LCOMU8L6C05Z,1,1.0,0.0,1,0.0,0.0,1
A1LCR2QXP8PBB5,1,1.0,0.0,1,0.0,0.0,1
A1LCVSECISPGSO,1,1.0,0.0,1,0.0,0.0,1
A1LDJW4JY58DGO,1,1.0,0.0,1,0.0,0.0,1
A1LE0VV01B2LF2,1,1.0,0.0,1,0.0,0.0,1
A1LEMDY6BDO34U,1,1.0,0.0,1,0.0,0.0,1
A1LEREL38EC0AI,1,1.0,0.0,1,0.0,0.0,1
A1LHCUV1YEFCDV,1,1.0,0.0,1,0.0,0.0,1
A1LHMSY3Q46PJS,1,1.0,0.0,1,0.0,0.0,1
A1LIAYBBNHUCB4,1,1.0,0.0,1,0.0,0.0,1
A1LKXQNNHK1NMO,1,1.0,0.0,1,0.0,0.0,1
A1LL87239YH1NM,1,1.0,0.0,1,0.0,0.0,1
A1LLTZ2I28D3MV,1,1.0,0.0,1,0.0,0.0,1
A1LM4PSE0HJQDW,1,1.0,0.0,1,0.0,0.0,1
A1LMUHXVNBLTGZ,1,1.0,0.0,1,0.0,0.0,1
A1LPDIAKNVQNQ2,1,1.0,0.0,1,0.0,0.0,1
A1LPLXAQRZE8TF,1,1.0,0.0,1,0.0,0.0,1
A1LR13XK9SU73G,2,0.15384615384615385,0.0,2,0.0,288.0,13
A1LSNQQ37FA5J9,1,1.0,0.0,1,0.0,0.0,1
A1LTG32UR3XK3P,1,1.0,0.0,1,0.0,0.0,1
A1LTZ8LRRWIE9N,1,1.0,0.0,1,0.0,0.0,1
A1LUE84R341L1Q,1,1.0,0.0,1,0.0,0.0,1
A1LUQ4UWRA1REZ,1,1.0,0.0,1,0.0,0.0,1
A1LVDHMAHS387Q,1,1.0,0.0,1,0.0,0.0,1
A1LWYVLGA3N2R4,2,0.004016064257028112,0.0,2,0.0,11928.0,498
A1LX9GSMN66L7E,1,1.0,0.0,1,0.0,0.0,1
A1LXE1JF4B4KQ4,1,1.0,0.0,1,0.0,0.0,1
A1LXFDHH2V42BC,1,1.0,0.0,1,0.0,0.0,1
A1LXHQM4NSC1T4,1,1.0,0.0,1,0.0,0.0,1
A1LXOMK4K8CPPU,1,1.0,0.0,1,0.0,0.0,1
A1LXQEATSZ228H,1,1.0,0.0,1,0.0,0.0,1
A1LY7Z60TNV629,1,1.0,0.0,1,0.0,0.0,1
A1LYFA5SR8916Y,1,1.0,0.0,1,0.0,0.0,1
A1LYN3ZK230TGE,1,1.0,0.0,1,0.0,0.0,1
A1LYZ1VWGLCI1X,1,1.0,0.0,1,0.0,0.0,1
A1LZ2BZTMFPGI2,1,1.0,0.0,1,0.0,0.0,1
A1LZSBV038CISF,1,1.0,0.0,1,0.0,0.0,1
A1LZUJF8AQ796R,2,0.027777777777777776,0.0,2,0.0,1704.0,72
A1M03LEAHM933E,1,1.0,0.0,1,0.0,0.0,1
A1M0M3TOS6CD1A,1,1.0,0.0,1,0.0,0.0,1
A1M1B4JA1SX1U9,1,1.0,0.0,1,0.0,0.0,1
A1M24LVM6J1IYY,2,0.007722007722007722,0.0,2,0.0,6192.0,259
A1M26RAR1R86S4,1,1.0,0.0,1,0.0,0.0,1
A1M2C49S4GG5CA,1,1.0,0.0,1,0.0,0.0,1
A1M2MPPL6OK3QJ,1,1.0,0.0,1,0.0,0.0,1
A1M31HB05OCA8X,1,1.0,0.0,1,0.0,0.0,1
A1M3PFRRYTK9ZE,1,1.0,0.0,1,0.0,0.0,1
A1M3TSM595RANO,1,1.0,0.0,1,0.0,0.0,1
A1M4NJYP0WNL8Q,2,0.008264462809917356,0.0,2,0.0,5784.0,242
A1M4WV5THDIYYF,1,1.0,0.0,1,0.0,0.0,1
A1M542G46C8C7N,4,0.0784313725490196,0.4330123771329366,4,0.0,400.0,51
A1M5LJSCJ19S6F,1,1.0,0.0,1,0.0,0.0,1
A1M6X8CH3J2K4J,1,1.0,0.0,1,0.0,0.0,1
A1M6Z0NSZJB8AM,1,1.0,0.0,1,0.0,0.0,1
A1M9126YPQPS3L,2,0.008620689655172414,0.0,2,0.0,5544.0,232
A1M9URNKLM42TG,1,1.0,0.0,1,0.0,0.0,1
A1MA3OY6Z3DGO9,1,1.0,0.0,1,0.0,0.0,1
A1MADL7UMDRH89,1,1.0,0.0,1,0.0,0.0,1
A1MASM2C2VL2R,1,1.0,0.0,1,0.0,0.0,1
A1MC4013WKDABW,1,1.0,0.0,1,0.0,0.0,1
A1MC53GFOTUSAB,1,1.0,0.0,1,0.0,0.0,1
A1MCDTLCGM8IEE,1,1.0,0.0,1,0.0,0.0,1
A1MCVOZSB6GDI8,1,1.0,0.0,1,0.0,0.0,1
A1MD9AEU9C4WJN,1,1.0,0.0,1,0.0,0.0,1
A1MDAPKTOTWIKC,2,0.16666666666666666,0.0,2,0.0,264.0,12
A1ME5FUV8TPAK8,2,0.2222222222222222,0.0,2,0.0,192.0,9
A1MEY9ETHMVX4Q,1,1.0,0.0,1,0.0,0.0,1
A1MFVAHTT2BHM0,1,1.0,0.0,1,0.0,0.0,1
A1MG8G1VL8C1WY,1,1.0,0.0,1,0.0,0.0,1
A1MGS94AG7NSZL,1,1.0,0.0,1,0.0,0.0,1
A1MH0S2LR24DGH,1,1.0,0.0,1,0.0,0.0,1
A1MH5BLELS53AS,1,1.0,0.0,1,0.0,0.0,1
A1MHDCGQE5186H,1,1.0,0.0,1,0.0,0.0,1
A1MIASCYLDH24Q,1,1.0,0.0,1,0.0,0.0,1
A1MIEAEK1K9ZJI,1,1.0,0.0,1,0.0,0.0,1
A1MIXY59EXC90L,2,0.018518518518518517,0.0,2,0.0,2568.0,108
A1MJ35T7A49TCC,1,1.0,0.0,1,0.0,0.0,1
A1MJ4WTOYW9WXZ,2,0.00641025641025641,0.0,2,0.0,7464.0,312
A1MJMYLRTZ76ZX,13,0.02564102564102564,0.0,13,0.0,1012.0,507
A1MJS1YRKNMU04,1,1.0,0.0,1,0.0,0.0,1
A1MJWOYNJSZPPJ,3,0.14285714285714285,0.0,3,0.0,240.0,21
A1MLNJK9HDCQLV,1,1.0,0.0,1,0.0,0.0,1
A1MM1QVMHQGTZ,1,1.0,0.0,1,0.0,0.0,1
A1MM4GI4DEMAJ8,1,1.0,0.0,1,0.0,0.0,1
A1MMEARDASNIA0,1,1.0,0.0,1,0.0,0.0,1
A1MML2MUXAA8AM,1,1.0,0.0,1,0.0,0.0,1
A1MNVGWFE6E0J4,1,1.0,0.0,1,0.0,0.0,1
A1MO77HMZ0QYLL,1,1.0,0.0,1,0.0,0.0,1
A1MPW1WTMFFQDG,1,1.0,0.0,1,0.0,0.0,1
A1MQQEM7W77L62,2,0.006369426751592357,0.0,2,0.0,7512.0,314
A1MRDNCRZT1AWC,1,1.0,0.0,1,0.0,0.0,1
A1MRESWHA86B5B,1,1.0,0.0,1,0.0,0.0,1
A1MRX4ZBEF5CB8,1,1.0,0.0,1,0.0,0.0,1
A1MSEO4MD7ZT33,1,1.0,0.0,1,0.0,0.0,1
A1MSO6LERG39PC,1,1.0,0.0,1,0.0,0.0,1
A1MU2MRUV1541F,1,1.0,0.0,1,0.0,0.0,1
A1MV4UAKFMA51Y,1,1.0,0.0,1,0.0,0.0,1
A1MWAFR2POMHPU,1,1.0,0.0,1,0.0,0.0,1
A1MWYPWY444AHF,1,1.0,0.0,1,0.0,0.0,1
A1MXD8XEA29SL4,1,1.0,0.0,1,0.0,0.0,1
A1MXXBKX2AWBR8,1,1.0,0.0,1,0.0,0.0,1
A1MYL1VV9LMDVF,1,1.0,0.0,1,0.0,0.0,1
A1MYO26LV8X7JI,1,1.0,0.0,1,0.0,0.0,1
A1MYPJEG8ST7F5,1,1.0,0.0,1,0.0,0.0,1
A1MYZWL405PBUB,1,1.0,0.0,1,0.0,0.0,1
A1MZ1T2CO2J2Q3,1,1.0,0.0,1,0.0,0.0,1
A1MZ2BJHUSTW0W,2,0.08695652173913043,0.0,2,0.0,528.0,23
A1MZVETF38AMZ6,1,1.0,0.0,1,0.0,0.0,1
A1N03V52IRZ5PR,1,1.0,0.0,1,0.0,0.0,1
A1N0CTKU6VZPIT,1,1.0,0.0,1,0.0,0.0,1
A1N0GWQ9B9POKD,1,1.0,0.0,1,0.0,0.0,1
A1N1VUJCILPR55,1,1.0,0.0,1,0.0,0.0,1
A1N2D7LLBAY25B,1,1.0,0.0,1,0.0,0.0,1
A1N2YDAHTH2U5R,1,1.0,0.0,1,0.0,0.0,1
A1N3DFHTSVCORA,1,1.0,0.0,1,0.0,0.0,1
A1N3EH28S4DI8L,1,1.0,0.0,1,0.0,0.0,1
A1N3GNCJWXQ1ZP,1,1.0,0.0,1,0.0,0.0,1
A1N3IS6ZQE7Y8L,1,1.0,0.0,1,0.0,0.0,1
A1N4DKWTQ9YP1Q,1,1.0,0.0,1,0.0,0.0,1
A1N4UL33MD8BOY,1,1.0,0.0,1,0.0,0.0,1
A1N5U7RRKEJS9T,2,2.0,0.0,2,0.0,0.0,1
A1N73M40MPPWSR,1,1.0,0.0,1,0.0,0.0,1
A1N798ZTE2S4F2,1,1.0,0.0,1,0.0,0.0,1
A1N7QSP1U513KJ,1,1.0,0.0,1,0.0,0.0,1
A1N8FRMRYUHHV0,1,1.0,0.0,1,0.0,0.0,1
A1N9QB2BECD6TS,1,1.0,0.0,1,0.0,0.0,1
A1N9QUJASE2N76,1,1.0,0.0,1,0.0,0.0,1
A1NAA1R38JSNHV,1,1.0,0.0,1,0.0,0.0,1
A1NAAI0SBO3FBA,1,1.0,0.0,1,0.0,0.0,1
A1NAP0D9XV7KA5,2,0.06666666666666667,0.0,2,0.0,696.0,30
A1NAR74A45O0AV,2,2.0,0.0,2,0.0,0.0,1
A1NBYDWT892WMS,2,0.10526315789473684,0.0,2,0.0,432.0,19
A1NDHLQN0K23QK,1,1.0,0.0,1,0.0,0.0,1
A1NEHV50RHWYE7,1,1.0,0.0,1,0.0,0.0,1
A1NEL661KNJR4A,1,1.0,0.0,1,0.0,0.0,1
A1NELB08S5MHGT,1,1.0,0.0,1,0.0,0.0,1
A1NG78LRAUOUWL,1,1.0,0.0,1,0.0,0.0,1
A1NGKLLPET4J88,1,1.0,0.0,1,0.0,0.0,1
A1NHTHTDTL70OV,1,1.0,0.0,1,0.0,0.0,1
A1NHV6PPZY45FD,1,1.0,0.0,1,0.0,0.0,1
A1NI52A6BBZSZO,1,1.0,0.0,1,0.0,0.0,1
A1NI8QXW52SARP,1,1.0,0.0,1,0.0,0.0,1
A1NJLUKL3K8BDK,1,1.0,0.0,1,0.0,0.0,1
A1NJU0V7QHV2LT,1,1.0,0.0,1,0.0,0.0,1
A1NKE9ESVFDJ8M,1,1.0,0.0,1,0.0,0.0,1
A1NKFLGVEZP8SE,1,1.0,0.0,1,0.0,0.0,1
A1NL56D0Y0TORY,1,1.0,0.0,1,0.0,0.0,1
A1NMFG57527DGM,1,1.0,0.0,1,0.0,0.0,1
A1NMV4MGCEHLZS,1,1.0,0.0,1,0.0,0.0,1
A1NN8I840LYGDO,1,1.0,0.0,1,0.0,0.0,1
A1NOE0PC1W7ROU,2,0.019417475728155338,0.0,2,0.0,2448.0,103
A1NOM79RDZRLHM,1,1.0,0.0,1,0.0,0.0,1
A1NOWEOLKMRRXM,2,0.0031201248049922,0.0,2,0.0,15360.0,641
A1NP3RUUZSMR8J,1,1.0,0.0,1,0.0,0.0,1
A1NP78VYIMHCKK,1,1.0,0.0,1,0.0,0.0,1
A1NPKJKOQ7KOE6,1,1.0,0.0,1,0.0,0.0,1
A1NRSZN52JUEM3,1,1.0,0.0,1,0.0,0.0,1
A1NS37O7XRA5KG,1,1.0,0.0,1,0.0,0.0,1
A1NS6O584WD5FJ,1,1.0,0.0,1,0.0,0.0,1
A1NSF87AMGGXF5,1,1.0,0.0,1,0.0,0.0,1
A1NTD0TGF56T85,1,1.0,0.0,1,0.0,0.0,1
A1NUAX0GYD3076,1,1.0,0.0,1,0.0,0.0,1
A1NVCFX4PU0NYK,1,1.0,0.0,1,0.0,0.0,1
A1NVD0TKNS1GT5,14,0.08917197452229299,0.5773499805146355,14,0.0,288.0,157
A1NVD27K83L3BO,1,1.0,0.0,1,0.0,0.0,1
A1NWHDUUV9V7VT,1,1.0,0.0,1,0.0,0.0,1
A1NX2S8MYXGEM,1,1.0,0.0,1,0.0,0.0,1
A1NY3TMEB8KEW2,1,1.0,0.0,1,0.0,0.0,1
A1NYJPZ6687EUD,1,1.0,0.0,1,0.0,0.0,1
A1NZ1PX75H8JK9,1,1.0,0.0,1,0.0,0.0,1
A1NZLRAZJGD99W,3,0.0010131712259371835,0.0,3,0.0,35520.0,2961
A1O0TOFN85RIPH,1,1.0,0.0,1,0.0,0.0,1
A1O229NVVDJUX2,1,1.0,0.0,1,0.0,0.0,1
A1O3DZU81QWRIF,1,1.0,0.0,1,0.0,0.0,1
A1O3FYVHHWC8CJ,1,1.0,0.0,1,0.0,0.0,1
A1O3LAET0L3BHU,1,1.0,0.0,1,0.0,0.0,1
A1O6GTTLXORHZV,1,1.0,0.0,1,0.0,0.0,1
A1O7E72EQTCHHB,1,1.0,0.0,1,0.0,0.0,1
A1O7IMK0R5L0S0,1,1.0,0.0,1,0.0,0.0,1
A1O7NN2SNJZ9XY,1,1.0,0.0,1,0.0,0.0,1
A1O8B339CM5VAU,1,1.0,0.0,1,0.0,0.0,1
A1OA1WF8AOR39T,1,1.0,0.0,1,0.0,0.0,1
A1OAE2FSDZAXTL,1,1.0,0.0,1,0.0,0.0,1
A1ODOGXEYECQQ8,1,1.0,0.0,1,0.0,0.0,1
A1OEIH3SU8TSJC,1,1.0,0.0,1,0.0,0.0,1
A1OEV2NKRD59M4,1,1.0,0.0,1,0.0,0.0,1
A1OFIP9PEMFF4X,1,1.0,0.0,1,0.0,0.0,1
A1OFU9LH1ZHQ3M,1,1.0,0.0,1,0.0,0.0,1
A1OG22AV0FS7F1,1,1.0,0.0,1,0.0,0.0,1
A1OG5AUTRLC040,2,0.6666666666666666,0.0,2,0.0,48.0,3
A1OGCPMSIVK7G4,1,1.0,0.0,1,0.0,0.0,1
A1OH6EB0V4L138,1,1.0,0.0,1,0.0,0.0,1
A1OHCHEFNO345R,1,1.0,0.0,1,0.0,0.0,1
A1OJ07VIDHI8BL,1,1.0,0.0,1,0.0,0.0,1
A1OKH9AX5EZ7GI,1,1.0,0.0,1,0.0,0.0,1
A1OKPC1K12YZEP,1,1.0,0.0,1,0.0,0.0,1
A1OKXYEBH75140,1,1.0,0.0,1,0.0,0.0,1
A1OL8IISTUIYBC,1,1.0,0.0,1,0.0,0.0,1
A1OLG8WQ4EAPMF,1,1.0,0.0,1,0.0,0.0,1
A1OMXVXXP07F05,1,1.0,0.0,1,0.0,0.0,1
A1OMZ3YU1W9L99,1,1.0,0.0,1,0.0,0.0,1
A1ONY0WZAL2I3U,2,0.007220216606498195,0.0,2,0.0,6624.0,277
A1OO1DO6DNG0IP,1,1.0,0.0,1,0.0,0.0,1
A1OO228VP8O47W,1,1.0,0.0,1,0.0,0.0,1
A1OO2SELSSU128,1,1.0,0.0,1,0.0,0.0,1
A1OO9N1MRNQ7K0,1,1.0,0.0,1,0.0,0.0,1
A1OOCC4V3H670F,1,1.0,0.0,1,0.0,0.0,1
A1OPERQ94O8SNS,2,0.0022172949002217295,0.0,2,0.0,21624.0,902
A1OPKNO7IXWV27,1,1.0,0.0,1,0.0,0.0,1
A1OPM139NX6MM9,1,1.0,0.0,1,0.0,0.0,1
A1OPS8Q346ZPRV,1,1.0,0.0,1,0.0,0.0,1
A1OQS6JOD52Z84,1,1.0,0.0,1,0.0,0.0,1
A1ORUSHRRG0VWN,5,0.03731343283582089,0.39999968000025604,5,0.0,798.0,134
A1OTANPNRO4UNJ,1,1.0,0.0,1,0.0,0.0,1
A1OU7JI6NKAYOF,1,1.0,0.0,1,0.0,0.0,1
A1OV3CJD0MFYTU,1,1.0,0.0,1,0.0,0.0,1
A1OW73WWCZL9M8,1,1.0,0.0,1,0.0,0.0,1
A1OX19PDA486CD,1,1.0,0.0,1,0.0,0.0,1
A1OXZ8PYU1A2J0,1,1.0,0.0,1,0.0,0.0,1
A1OY33KGOG3IX8,1,1.0,0.0,1,0.0,0.0,1
A1OYA1IESSJ8F6,1,1.0,0.0,1,0.0,0.0,1
A1OYKEHNH3E23C,1,1.0,0.0,1,0.0,0.0,1
A1OZ926T4SI75C,1,1.0,0.0,1,0.0,0.0,1
A1OZAYRJQAERTK,1,1.0,0.0,1,0.0,0.0,1
A1OZOJ8YVQQZCS,1,1.0,0.0,1,0.0,0.0,1
A1OZYQ4V83X8K4,1,1.0,0.0,1,0.0,0.0,1
A1P0KMRBCKB133,1,1.0,0.0,1,0.0,0.0,1
A1P2V821D899GB,1,1.0,0.0,1,0.0,0.0,1
A1P38QD8R0S590,1,1.0,0.0,1,0.0,0.0,1
A1P3DDFL423B3C,2,1.0,0.0,2,0.0,24.0,2
A1P3LH0J7QS8DO,1,1.0,0.0,1,0.0,0.0,1
A1P3WH08J6VEXF,1,1.0,0.0,1,0.0,0.0,1
A1P4XD7IORSEFN,2,0.0025575447570332483,0.0,2,0.0,18744.0,782
A1P560UNX4SBE7,1,1.0,0.0,1,0.0,0.0,1
A1P5JY2RNICG8F,1,1.0,0.0,1,0.0,0.0,1
A1P6EK8AZ4MHTA,1,1.0,0.0,1,0.0,0.0,1
A1P6FGVEYCS4FQ,1,1.0,0.0,1,0.0,0.0,1
A1P7BH2FLQ4O8R,1,1.0,0.0,1,0.0,0.0,1
A1P7GKSA09Z20U,1,1.0,0.0,1,0.0,0.0,1
A1P8W0HATB9U86,1,1.0,0.0,1,0.0,0.0,1
A1P98E8Z20JD1Q,1,1.0,0.0,1,0.0,0.0,1
A1P9FP9ZZ00TU4,1,1.0,0.0,1,0.0,0.0,1
A1P9N5P77WPZPL,1,1.0,0.0,1,0.0,0.0,1
A1PA728IKLN8SI,1,1.0,0.0,1,0.0,0.0,1
A1PACH221DODGO,1,1.0,0.0,1,0.0,0.0,1
A1PAGHECG401K1,2,0.020618556701030927,0.0,2,0.0,2304.0,97
A1PB3G548WPFBV,1,1.0,0.0,1,0.0,0.0,1
A1PB739AHGIX1N,1,1.0,0.0,1,0.0,0.0,1
A1PBRDRW4WUCYM,1,1.0,0.0,1,0.0,0.0,1
A1PC3H8P4MZ3BV,1,1.0,0.0,1,0.0,0.0,1
A1PCHVTAXXQYSR,1,1.0,0.0,1,0.0,0.0,1
A1PEITQQFYXYLM,1,1.0,0.0,1,0.0,0.0,1
A1PG70NH85K859,2,0.08695652173913043,0.0,2,0.0,528.0,23
A1PGGWY26N3SP4,1,1.0,0.0,1,0.0,0.0,1
A1PGUHJ9ZN499P,1,1.0,0.0,1,0.0,0.0,1
A1PHNXJQYNX7BH,1,1.0,0.0,1,0.0,0.0,1
A1PHOPS0I4ADML,1,1.0,0.0,1,0.0,0.0,1
A1PIWW0T6LW91O,1,1.0,0.0,1,0.0,0.0,1
A1PJPFFTRMO8M3,1,1.0,0.0,1,0.0,0.0,1
A1PL7QILVQV3IF,1,1.0,0.0,1,0.0,0.0,1
A1PLCSMLPR3ZQ9,1,1.0,0.0,1,0.0,0.0,1
A1PLDDS2NHUD76,1,1.0,0.0,1,0.0,0.0,1
A1PLW9IUWONJUS,1,1.0,0.0,1,0.0,0.0,1
A1PMOO5BRBUCJP,1,1.0,0.0,1,0.0,0.0,1
A1PN2U0AWXGVML,1,1.0,0.0,1,0.0,0.0,1
A1POFVVXUZR3IQ,1,1.0,0.0,1,0.0,0.0,1
A1POGSPD4HN8Y1,1,1.0,0.0,1,0.0,0.0,1
A1PORN92IWDNBP,1,1.0,0.0,1,0.0,0.0,1
A1POXXTXRSNEYU,1,1.0,0.0,1,0.0,0.0,1
A1PPD5TOR6VVYV,1,1.0,0.0,1,0.0,0.0,1
A1PPDBGCKM9AM0,1,1.0,0.0,1,0.0,0.0,1
A1PPS91NLI7KEH,1,1.0,0.0,1,0.0,0.0,1
A1PQU7KH22ZPBM,1,1.0,0.0,1,0.0,0.0,1
A1PR7UDVQ8QSFF,1,1.0,0.0,1,0.0,0.0,1
A1PRF8YIK73VH5,1,1.0,0.0,1,0.0,0.0,1
A1PRYEYET17MPW,1,1.0,0.0,1,0.0,0.0,1
A1PSBR1T610QYI,1,1.0,0.0,1,0.0,0.0,1
A1PSVZBM894R5H,2,0.0032310177705977385,0.0,2,0.0,14832.0,619
A1PVB6CEXP5M9S,1,1.0,0.0,1,0.0,0.0,1
A1PW7TQL858WPS,1,1.0,0.0,1,0.0,0.0,1
A1PWB41M2CYPTG,1,1.0,0.0,1,0.0,0.0,1
A1PWQRQY0K6GWP,1,1.0,0.0,1,0.0,0.0,1
A1PYNMFFQ9IBNL,1,1.0,0.0,1,0.0,0.0,1
A1PYTLRARR1W0K,1,1.0,0.0,1,0.0,0.0,1
A1Q0SLK0BVABXZ,2,0.015037593984962405,0.0,2,0.0,3168.0,133
A1Q29INJ9IN570,2,0.0034662045060658577,0.0,2,0.0,13824.0,577
A1Q2YZMM79RW0N,1,1.0,0.0,1,0.0,0.0,1
A1Q3WWX7DN2XZ3,1,1.0,0.0,1,0.0,0.0,1
A1Q4DVABELGRQO,1,1.0,0.0,1,0.0,0.0,1
A1Q4HTJCDAU1VI,1,1.0,0.0,1,0.0,0.0,1
A1Q4XF1ZK42BVV,1,1.0,0.0,1,0.0,0.0,1
A1Q587F0FDB3EV,1,1.0,0.0,1,0.0,0.0,1
A1Q5M90ZZEEAL1,1,1.0,0.0,1,0.0,0.0,1
A1Q6BOVHAOZ04E,1,1.0,0.0,1,0.0,0.0,1
A1Q6GJE1V2FZ02,1,1.0,0.0,1,0.0,0.0,1
A1Q98ZMHZXOYWI,1,1.0,0.0,1,0.0,0.0,1
A1Q9KLJSSM8RS6,1,1.0,0.0,1,0.0,0.0,1
A1Q9NE8OY1XD5J,1,1.0,0.0,1,0.0,0.0,1
A1QBD8ROX93T4H,1,1.0,0.0,1,0.0,0.0,1
A1QCZTQ1QBG892,2,2.0,0.0,2,0.0,0.0,1
A1QE936PWGY7BE,1,1.0,0.0,1,0.0,0.0,1
A1QF996642YT9L,1,1.0,0.0,1,0.0,0.0,1
A1QFMC6B2O1QMG,1,1.0,0.0,1,0.0,0.0,1
A1QGK864IJ2PQ8,1,1.0,0.0,1,0.0,0.0,1
A1QHJJSS7YNUYW,1,1.0,0.0,1,0.0,0.0,1
A1QHTHV3S8J3GJ,1,1.0,0.0,1,0.0,0.0,1
A1QI2OEKR1TXQR,1,1.0,0.0,1,0.0,0.0,1
A1QIT9HX39HLI0,1,1.0,0.0,1,0.0,0.0,1
A1QK3W42I9LS30,1,1.0,0.0,1,0.0,0.0,1
A1QK91G8NM5XI1,1,1.0,0.0,1,0.0,0.0,1
A1QKBG5JZ0CDPG,1,1.0,0.0,1,0.0,0.0,1
A1QKJJM2T4E21H,1,1.0,0.0,1,0.0,0.0,1
A1QKUDP9EUHJXH,1,1.0,0.0,1,0.0,0.0,1
A1QLQFG062ZA3R,1,1.0,0.0,1,0.0,0.0,1
A1QLZMPVXL281Y,1,1.0,0.0,1,0.0,0.0,1
A1QMJBMMEDO0RM,1,1.0,0.0,1,0.0,0.0,1
A1QMJF9VR808JM,2,0.2222222222222222,0.0,2,0.0,192.0,9
A1QNOY9QHX1YS9,1,1.0,0.0,1,0.0,0.0,1
A1QO494VNTR54U,1,1.0,0.0,1,0.0,0.0,1
A1QOCN3CJRVIGG,1,1.0,0.0,1,0.0,0.0,1
A1QOF415R8PIJO,1,1.0,0.0,1,0.0,0.0,1
A1QP9QVNM4OMWR,1,1.0,0.0,1,0.0,0.0,1
A1QPUBF6U5EQM6,2,0.002369668246445498,0.0,2,0.0,20232.0,844
A1QPV43SWY9CGI,1,1.0,0.0,1,0.0,0.0,1
A1QR3OYDFRFNE5,1,1.0,0.0,1,0.0,0.0,1
A1QRRMR2MQCN5,1,1.0,0.0,1,0.0,0.0,1
A1QRST0A3IQIEF,1,1.0,0.0,1,0.0,0.0,1
A1QRUMZRWUEWEK,2,0.0016806722689075631,0.0,2,0.0,28536.0,1190
A1QS9CHFCEB3WJ,2,0.012422360248447204,0.0,2,0.0,3840.0,161
A1QT6PHXDA5XDF,1,1.0,0.0,1,0.0,0.0,1
A1QTIQP307ERN3,1,1.0,0.0,1,0.0,0.0,1
A1QTYO9O4HCF9E,1,1.0,0.0,1,0.0,0.0,1
A1QV9FV8OBTHZ4,1,1.0,0.0,1,0.0,0.0,1
A1QVS34FWGRAVG,3,0.027777777777777776,0.47140420652156073,3,0.0,1284.0,108
A1QW4FM8FA63T1,1,1.0,0.0,1,0.0,0.0,1
A1QWGPBP61DPQP,1,1.0,0.0,1,0.0,0.0,1
A1QWYAWB1DRSQF,2,0.0005785363031530228,0.0,2,0.0,82944.0,3457
A1QX9VE4U6FQMM,1,1.0,0.0,1,0.0,0.0,1
A1QXBKNTVF2BNV,1,1.0,0.0,1,0.0,0.0,1
A1QXM4FWKL7CMW,1,1.0,0.0,1,0.0,0.0,1
A1QXPDCEU0ZUE,1,1.0,0.0,1,0.0,0.0,1
A1QYFJP4PJMXGC,1,1.0,0.0,1,0.0,0.0,1
A1R0Z1BJGWRH8E,1,1.0,0.0,1,0.0,0.0,1
A1R0ZOYR1ZCH6K,2,0.05128205128205128,0.0,2,0.0,912.0,39
A1R19YYR5OR26T,2,0.0091324200913242,0.0,2,0.0,5232.0,219
A1R1B3C8CFK4CZ,1,1.0,0.0,1,0.0,0.0,1
A1R1D0D9HW83QU,1,1.0,0.0,1,0.0,0.0,1
A1R22WL520D4L0,1,1.0,0.0,1,0.0,0.0,1
A1R2514DVWIIMV,1,1.0,0.0,1,0.0,0.0,1
A1R377IPZOKLMM,2,0.0004934616333580064,0.0,2,0.0,97248.0,4053
A1R3GN9MEJFXM3,1,1.0,0.0,1,0.0,0.0,1
A1R3NJNVS6HLV7,1,1.0,0.0,1,0.0,0.0,1
A1R3T01MVZU6Z5,1,1.0,0.0,1,0.0,0.0,1
A1R494W7UBXL90,1,1.0,0.0,1,0.0,0.0,1
A1R4ZEXE3T5PW3,1,1.0,0.0,1,0.0,0.0,1
A1R5GNP5CWJG44,1,1.0,0.0,1,0.0,0.0,1
A1R5NYTW214KG4,1,1.0,0.0,1,0.0,0.0,1
A1R60PGGS6TEQC,1,1.0,0.0,1,0.0,0.0,1
A1R6S377HMO6W8,1,1.0,0.0,1,0.0,0.0,1
A1R87GD4CLPKTK,1,1.0,0.0,1,0.0,0.0,1
A1R8LFZ1EMGK75,1,1.0,0.0,1,0.0,0.0,1
A1R8R7XKJJ3Q3T,3,0.016483516483516484,0.0,3,0.0,2172.0,182
A1R8RXVOGP7Q7C,1,1.0,0.0,1,0.0,0.0,1
A1R9QOPV6HVEKF,1,1.0,0.0,1,0.0,0.0,1
A1RDVQCQH9I4Q0,1,1.0,0.0,1,0.0,0.0,1
A1REC5AYMCAXBA,1,1.0,0.0,1,0.0,0.0,1
A1REOLG5QU1EFV,1,1.0,0.0,1,0.0,0.0,1
A1RFYCSNNOJ0VW,3,0.005681818181818182,0.0,3,0.0,6324.0,528
A1RGEORG34AQAY,1,1.0,0.0,1,0.0,0.0,1
A1RH3DQBG3GQW1,1,1.0,0.0,1,0.0,0.0,1
A1RH4OXWSKPQL6,1,1.0,0.0,1,0.0,0.0,1
A1RHA553QUE54L,1,1.0,0.0,1,0.0,0.0,1
A1RHQFEIREK0KU,1,1.0,0.0,1,0.0,0.0,1
A1RHVVY6U02LN2,1,1.0,0.0,1,0.0,0.0,1
A1RI8HAZRUWZM6,1,1.0,0.0,1,0.0,0.0,1
A1RIVGXTRWO8EE,1,1.0,0.0,1,0.0,0.0,1
A1RJUXDK64O91A,1,1.0,0.0,1,0.0,0.0,1
A1RLP0R1N8H8C4,2,0.0018570102135561746,0.0,2,0.0,25824.0,1077
A1RLSO6B5APQH4,1,1.0,0.0,1,0.0,0.0,1
A1RM4PM0D4BNEJ,1,1.0,0.0,1,0.0,0.0,1
A1RM8B6R7JRPNI,1,1.0,0.0,1,0.0,0.0,1
A1RMI9FN0HUR60,1,1.0,0.0,1,0.0,0.0,1
A1RMJZO6G0LJYH,1,1.0,0.0,1,0.0,0.0,1
A1RMPGNNAEJCVI,1,1.0,0.0,1,0.0,0.0,1
A1RMT8M3X6SYFN,1,1.0,0.0,1,0.0,0.0,1
A1RMTJ6SNY7A6O,1,1.0,0.0,1,0.0,0.0,1
A1RN6WJRZDOTZL,1,1.0,0.0,1,0.0,0.0,1
A1RO3O4905L66T,1,1.0,0.0,1,0.0,0.0,1
A1RO7LHPEVFKY1,1,1.0,0.0,1,0.0,0.0,1
A1RP09FD797OVG,1,1.0,0.0,1,0.0,0.0,1
A1RPKCLVRLU062,1,1.0,0.0,1,0.0,0.0,1
A1RPTVW5VEOSI,9,0.034220532319391636,0.31426940117677565,9,0.0,786.0,263
A1RQEQ9N5YLNLU,1,1.0,0.0,1,0.0,0.0,1
A1RQWM3PIX7XS4,1,1.0,0.0,1,0.0,0.0,1
A1RR8ZVMBHQFIJ,1,1.0,0.0,1,0.0,0.0,1
A1RRO3BUQIZ8QF,1,1.0,0.0,1,0.0,0.0,1
A1RTAG101IYPX6,1,1.0,0.0,1,0.0,0.0,1
A1RTXXRXQPWH9F,1,1.0,0.0,1,0.0,0.0,1
A1RUOPLRT1W7P7,1,1.0,0.0,1,0.0,0.0,1
A1RVSPTDB45J2M,2,0.016,0.0,2,0.0,2976.0,125
A1RVYSEJCY9BJS,1,1.0,0.0,1,0.0,0.0,1
A1RW48VM5K7UU,1,1.0,0.0,1,0.0,0.0,1
A1RWHQCLGP7MJJ,1,1.0,0.0,1,0.0,0.0,1
A1RWYA52UUOCC0,1,1.0,0.0,1,0.0,0.0,1
A1RXA718FHHMO3,1,1.0,0.0,1,0.0,0.0,1
A1RYHZGUQ705BR,1,1.0,0.0,1,0.0,0.0,1
A1RYOQDUVY5B0,1,1.0,0.0,1,0.0,0.0,1
A1S1KROAK7QNGT,1,1.0,0.0,1,0.0,0.0,1
A1S2BTVDZV4PYD,2,2.0,0.0,2,0.0,0.0,1
A1S2M6SA4OAUNK,1,1.0,0.0,1,0.0,0.0,1
A1S3FOP19D8W1X,1,1.0,0.0,1,0.0,0.0,1
A1S45WQWHNQBF2,1,1.0,0.0,1,0.0,0.0,1
A1S5251XGPBIVN,1,1.0,0.0,1,0.0,0.0,1
A1S5QVS3YLY6FK,1,1.0,0.0,1,0.0,0.0,1
A1S6B5QFWGVL5U,1,1.0,0.0,1,0.0,0.0,1
A1S70Q21XUZU1Q,1,1.0,0.0,1,0.0,0.0,1
A1S71JIN40YHXK,1,1.0,0.0,1,0.0,0.0,1
A1S7ZHV3VCF4IQ,1,1.0,0.0,1,0.0,0.0,1
A1S8E2JSVXHIPB,1,1.0,0.0,1,0.0,0.0,1
A1S8FVNG0D97AM,1,1.0,0.0,1,0.0,0.0,1
A1S95WASXJ02VX,1,1.0,0.0,1,0.0,0.0,1
A1S9YZ2L3GYF2A,1,1.0,0.0,1,0.0,0.0,1
A1SA2FGQE2INBK,1,1.0,0.0,1,0.0,0.0,1
A1SAQB40R8C44A,3,0.061224489795918366,0.0,3,0.0,576.0,49
A1SBTS8FHR10EZ,1,1.0,0.0,1,0.0,0.0,1
A1SCE1YMBH86WE,1,1.0,0.0,1,0.0,0.0,1
A1SCWY8O0IL2HU,3,0.21428571428571427,0.47140420652156073,3,0.0,156.0,14
A1SDKQER8V6DG6,1,1.0,0.0,1,0.0,0.0,1
A1SDPA1J98UP4L,1,1.0,0.0,1,0.0,0.0,1
A1SEHRRSCQTQ42,2,0.028169014084507043,0.0,2,0.0,1680.0,71
A1SELTWFSOHSJV,1,1.0,0.0,1,0.0,0.0,1
A1SF0589DRG9AD,1,1.0,0.0,1,0.0,0.0,1
A1SF59X4FDUGQG,1,1.0,0.0,1,0.0,0.0,1
A1SGSX6LQ01ZPZ,1,1.0,0.0,1,0.0,0.0,1
A1SH4S5XGTEXZ3,1,1.0,0.0,1,0.0,0.0,1
A1SHK7D1XG7RIY,1,1.0,0.0,1,0.0,0.0,1
A1SIX968W2WNZM,2,2.0,0.0,2,0.0,0.0,1
A1SJN10JTU3BON,1,1.0,0.0,1,0.0,0.0,1
A1SKOP77DH7TEP,1,1.0,0.0,1,0.0,0.0,1
A1SL5FHOMDDY15,1,1.0,0.0,1,0.0,0.0,1
A1SLK8FRYWEISP,1,1.0,0.0,1,0.0,0.0,1
A1SM9R4UGRNV4V,1,1.0,0.0,1,0.0,0.0,1
A1SMCTGDM2LK7X,1,1.0,0.0,1,0.0,0.0,1
A1SMIJLAMGWXCJ,1,1.0,0.0,1,0.0,0.0,1
A1SMPBX582OIDY,1,1.0,0.0,1,0.0,0.0,1
A1SNCVH8GXEJPA,1,1.0,0.0,1,0.0,0.0,1
A1SNT83NFD4U8N,1,1.0,0.0,1,0.0,0.0,1
A1SNYIW6EDDE4R,1,1.0,0.0,1,0.0,0.0,1
A1STE8GFJV0JBM,1,1.0,0.0,1,0.0,0.0,1
A1STW7ZA3XZ9VV,1,1.0,0.0,1,0.0,0.0,1
A1SUF6BBG0T2ZQ,1,1.0,0.0,1,0.0,0.0,1
A1SUJD55AUD0S7,1,1.0,0.0,1,0.0,0.0,1
A1SV0FYYADJLPG,1,1.0,0.0,1,0.0,0.0,1
A1SVVOKIP0TQ0Z,1,1.0,0.0,1,0.0,0.0,1
A1SW7P73Z8BUUJ,2,0.011764705882352941,0.0,2,0.0,4056.0,170
A1SWUTIQ0QGM38,1,1.0,0.0,1,0.0,0.0,1
A1SX9PHJWTDMF9,2,0.003179650238473768,0.0,2,0.0,15072.0,629
A1SXU695DSX72,1,1.0,0.0,1,0.0,0.0,1
A1SYGY98J1RWIY,1,1.0,0.0,1,0.0,0.0,1
A1SYLII0808HD6,1,1.0,0.0,1,0.0,0.0,1
A1SZJC7I20X82N,1,1.0,0.0,1,0.0,0.0,1
A1T1YSCDW0PD25,2,0.0008896797153024911,0.0,2,0.0,53928.0,2248
A1T39H43F02PHO,1,1.0,0.0,1,0.0,0.0,1
A1T5NZP0LNRAFY,1,1.0,0.0,1,0.0,0.0,1
A1T6R772Q80FW7,1,1.0,0.0,1,0.0,0.0,1
A1T7TGDFADVX6Q,1,1.0,0.0,1,0.0,0.0,1
A1T8A6OCVV0UYU,2,0.004282655246252677,0.0,2,0.0,11184.0,467
A1T8IVXCCBEA44,1,1.0,0.0,1,0.0,0.0,1
A1T8QZFPHG0S0W,1,1.0,0.0,1,0.0,0.0,1
A1T9YSDAYS097M,1,1.0,0.0,1,0.0,0.0,1
A1TAFEUKHIFV6L,1,1.0,0.0,1,0.0,0.0,1
A1TAW91SQSU2AH,2,2.0,0.0,2,0.0,0.0,1
A1TBH7Z4RK7PRK,3,0.0037641154328732747,0.0,3,0.0,9552.0,797
A1TCD3JA870YCJ,1,1.0,0.0,1,0.0,0.0,1
A1TDHAKEDTJL2J,1,1.0,0.0,1,0.0,0.0,1
A1TDR7Y90SVCHL,2,0.0005001250312578145,0.0,2,0.0,95952.0,3999
A1TDU9KYO4EFE4,1,1.0,0.0,1,0.0,0.0,1
A1TDXHM6S7HOET,1,1.0,0.0,1,0.0,0.0,1
A1TEKCBCU3ZBXE,1,1.0,0.0,1,0.0,0.0,1
A1TEQLH0UOWNOK,1,1.0,0.0,1,0.0,0.0,1
A1TF9EYT8FEPZP,1,1.0,0.0,1,0.0,0.0,1
A1TFAKVCUOR9PD,1,1.0,0.0,1,0.0,0.0,1
A1TFOXCKW4JHIB,2,0.18181818181818182,0.0,2,0.0,240.0,11
A1TFS18UUUKO1F,1,1.0,0.0,1,0.0,0.0,1
A1TFUS11C1J4F5,1,1.0,0.0,1,0.0,0.0,1
A1TG615MWIBJT2,2,0.004434589800443459,0.0,2,0.0,10800.0,451
A1TH70AZA3XZOL,1,1.0,0.0,1,0.0,0.0,1
A1THF19PO0LXRD,2,0.005037783375314861,0.0,2,0.0,9504.0,397
A1THJB1ORM3U2I,1,1.0,0.0,1,0.0,0.0,1
A1THVLECOV14YL,1,1.0,0.0,1,0.0,0.0,1
A1TIAPDVMPJ0Z0,1,1.0,0.0,1,0.0,0.0,1
A1TIWOJFIX21RY,1,1.0,0.0,1,0.0,0.0,1
A1TJPE10C8FPJD,1,1.0,0.0,1,0.0,0.0,1
A1TNB51HOW0V8Q,1,1.0,0.0,1,0.0,0.0,1
A1TND9THMFVTQG,2,0.0009852216748768472,0.0,2,0.0,48696.0,2030
A1TNK6MP89YXY2,1,1.0,0.0,1,0.0,0.0,1
A1TNK82XJQ0XPK,3,0.011278195488721804,0.47140420652156073,3,0.0,3180.0,266
A1TOB2PO3B0MLC,1,1.0,0.0,1,0.0,0.0,1
A1TOXCG4QWQLHA,1,1.0,0.0,1,0.0,0.0,1
A1TP3ZYYNA6KNE,1,1.0,0.0,1,0.0,0.0,1
A1TPQIM8DOH9JN,1,1.0,0.0,1,0.0,0.0,1
A1TQBAHI3M4ZBQ,1,1.0,0.0,1,0.0,0.0,1
A1TQF28D7SVOMG,1,1.0,0.0,1,0.0,0.0,1
A1TR3G8YUR8QMG,1,1.0,0.0,1,0.0,0.0,1
A1TRAEV7QWA5DX,1,1.0,0.0,1,0.0,0.0,1
A1TRLPG01CL8V9,1,1.0,0.0,1,0.0,0.0,1
A1TST756Q1U2JM,1,1.0,0.0,1,0.0,0.0,1
A1TUUSQODOPXOE,1,1.0,0.0,1,0.0,0.0,1
A1TV0MBAF13ZMS,1,1.0,0.0,1,0.0,0.0,1
A1TWM78I835NGZ,2,2.0,0.0,2,0.0,0.0,1
A1TX3VNWII1TOJ,1,1.0,0.0,1,0.0,0.0,1
A1TX6FWFGA1QVO,1,1.0,0.0,1,0.0,0.0,1
A1TYWW54WOSKCF,1,1.0,0.0,1,0.0,0.0,1
A1TZ0VDFSS1Z4C,1,1.0,0.0,1,0.0,0.0,1
A1U074CMWNWS7W,1,1.0,0.0,1,0.0,0.0,1
A1U0RNXMUOP9XI,1,1.0,0.0,1,0.0,0.0,1
A1U1CQ51DLZX67,1,1.0,0.0,1,0.0,0.0,1
A1U1Y59XC65U2F,1,1.0,0.0,1,0.0,0.0,1
A1U29HNXYN3TIB,1,1.0,0.0,1,0.0,0.0,1
A1U2SXPJT1WQIX,1,1.0,0.0,1,0.0,0.0,1
A1U489SYAGQ2FM,2,2.0,0.0,2,0.0,0.0,1
A1U4GOVZWL8ZTL,1,1.0,0.0,1,0.0,0.0,1
A1U57C8E45X01Z,1,1.0,0.0,1,0.0,0.0,1
A1U58436RQI0GI,1,1.0,0.0,1,0.0,0.0,1
A1U5IJHJK84S54,1,1.0,0.0,1,0.0,0.0,1
A1U5NWJOYH2QQH,3,0.010033444816053512,0.0,3,0.0,3576.0,299
A1U6C4G5YT51E,1,1.0,0.0,1,0.0,0.0,1
A1U6XPYATU9OPG,1,1.0,0.0,1,0.0,0.0,1
A1U7RWHQX3W141,1,1.0,0.0,1,0.0,0.0,1
A1U8BMNVUVNXW7,1,1.0,0.0,1,0.0,0.0,1
A1U8KP7V6DFXN8,1,1.0,0.0,1,0.0,0.0,1
A1U8YBMDRO6YA5,1,1.0,0.0,1,0.0,0.0,1
A1U99PCPE9US61,1,1.0,0.0,1,0.0,0.0,1
A1U9EJYPPU0VA4,1,1.0,0.0,1,0.0,0.0,1
A1UB3T4KB2SJ1E,1,1.0,0.0,1,0.0,0.0,1
A1UB46NT3QX94A,1,1.0,0.0,1,0.0,0.0,1
A1UBZQMYXWI1DH,1,1.0,0.0,1,0.0,0.0,1
A1UCUVJNLUS8ES,1,1.0,0.0,1,0.0,0.0,1
A1UD1HKRVHZAVC,1,1.0,0.0,1,0.0,0.0,1
A1UDJYFICROJ3X,1,1.0,0.0,1,0.0,0.0,1
A1UDQ2FIUN3JUT,1,1.0,0.0,1,0.0,0.0,1
A1UEW6E8MAN95V,1,1.0,0.0,1,0.0,0.0,1
A1UEWPPJHPS17C,1,1.0,0.0,1,0.0,0.0,1
A1UEYVSBWUNOGZ,1,1.0,0.0,1,0.0,0.0,1
A1UEZ7R88W631V,1,1.0,0.0,1,0.0,0.0,1
A1UF3N52K5CWC2,1,1.0,0.0,1,0.0,0.0,1
A1UGRZN0EE60FN,1,1.0,0.0,1,0.0,0.0,1
A1UHPSQD4TOWQI,1,1.0,0.0,1,0.0,0.0,1
A1UHTJ2NZ0IYJH,1,1.0,0.0,1,0.0,0.0,1
A1UIISX5YBC7ML,1,1.0,0.0,1,0.0,0.0,1
A1UIUV0YRYPAAV,1,1.0,0.0,1,0.0,0.0,1
A1UJB03PXSGQON,1,1.0,0.0,1,0.0,0.0,1
A1UJHREZ7T91J5,1,1.0,0.0,1,0.0,0.0,1
A1UJJMFTG7WCX7,1,1.0,0.0,1,0.0,0.0,1
A1UK24C5XO8UKI,1,1.0,0.0,1,0.0,0.0,1
A1UKWI7HRNRTGO,1,1.0,0.0,1,0.0,0.0,1
A1ULAF163Z7PM7,1,1.0,0.0,1,0.0,0.0,1
A1UN8HF1AY2KJF,1,1.0,0.0,1,0.0,0.0,1
A1UNJ46NSB352E,1,1.0,0.0,1,0.0,0.0,1
A1UOBB4DO4WB4S,1,1.0,0.0,1,0.0,0.0,1
A1UP5CIELABXA7,2,0.0010070493454179255,0.0,2,0.0,47640.0,1986
A1UQFK8TIKD5YY,1,1.0,0.0,1,0.0,0.0,1
A1UQRSCLF8GW1T,1,1.0,0.0,1,0.0,0.0,1
A1URTX250HLGUF,1,1.0,0.0,1,0.0,0.0,1
A1URXSRV6WDHVY,2,0.002890173410404624,0.0,2,0.0,16584.0,692
A1URZMYX7LYOGI,1,1.0,0.0,1,0.0,0.0,1
A1US87X5YUEQ7A,4,0.26666666666666666,0.7071064276333338,4,0.0,112.0,15
A1USUT1GJPMNAN,1,1.0,0.0,1,0.0,0.0,1
A1UULANW6F0NZC,1,1.0,0.0,1,0.0,0.0,1
A1UVUDG4DQ66L,1,1.0,0.0,1,0.0,0.0,1
A1UVUFYKDK4N41,1,1.0,0.0,1,0.0,0.0,1
A1UVYL2G0XYX8W,1,1.0,0.0,1,0.0,0.0,1
A1UWIIW0NJEKFL,1,1.0,0.0,1,0.0,0.0,1
A1UWT5AETD0NY2,1,1.0,0.0,1,0.0,0.0,1
A1UWVLJM65EEFX,1,1.0,0.0,1,0.0,0.0,1
A1UWY9OB9080JS,1,1.0,0.0,1,0.0,0.0,1
A1UYLCO4MXXB70,1,1.0,0.0,1,0.0,0.0,1
A1UZ2MQ5FBH7GA,1,1.0,0.0,1,0.0,0.0,1
A1V21SKYOEGN2D,1,1.0,0.0,1,0.0,0.0,1
A1V2ZO1JLPJS8E,1,1.0,0.0,1,0.0,0.0,1
A1V3R7M9T7QNZ6,1,1.0,0.0,1,0.0,0.0,1
A1V3TRGWOMA8LC,3,3.0,0.0,3,0.0,0.0,1
A1V427MUP6WWFE,1,1.0,0.0,1,0.0,0.0,1
A1V4VVBQBFXRHC,1,1.0,0.0,1,0.0,0.0,1
A1V5H6GOJ8T2UK,1,1.0,0.0,1,0.0,0.0,1
A1V5M5ENS5YBK9,1,1.0,0.0,1,0.0,0.0,1
A1V5QP5KNFAM6X,1,1.0,0.0,1,0.0,0.0,1
A1V5TRJXTI6F01,1,1.0,0.0,1,0.0,0.0,1
A1V5UCC82BEETQ,2,0.007722007722007722,0.0,2,0.0,6192.0,259
A1V644P4UBN5WZ,1,1.0,0.0,1,0.0,0.0,1
A1V68CETC0BXV7,1,1.0,0.0,1,0.0,0.0,1
A1V6GWOYZEVVKT,1,1.0,0.0,1,0.0,0.0,1
A1V6OO610O7MAO,1,1.0,0.0,1,0.0,0.0,1
A1V7XAW40AHFQF,1,1.0,0.0,1,0.0,0.0,1
A1V8UZ63FQD382,1,1.0,0.0,1,0.0,0.0,1
A1V8ZZOQ50N74V,1,1.0,0.0,1,0.0,0.0,1
A1VA1QF8KZNBLL,1,1.0,0.0,1,0.0,0.0,1
A1VASOVPUGUYEJ,1,1.0,0.0,1,0.0,0.0,1
A1VBFJXCQ3AK30,1,1.0,0.0,1,0.0,0.0,1
A1VDK3E3HBWUCF,1,1.0,0.0,1,0.0,0.0,1
A1VDWRJEBBIGWH,1,1.0,0.0,1,0.0,0.0,1
A1VEOIQ85IRL66,1,1.0,0.0,1,0.0,0.0,1
A1VFIY34F94XHY,2,1.0,0.0,2,0.0,24.0,2
A1VGFVLWGGR4YX,1,1.0,0.0,1,0.0,0.0,1
A1VH4YW78W1G6O,1,1.0,0.0,1,0.0,0.0,1
A1VHCO8RQFIGQJ,1,1.0,0.0,1,0.0,0.0,1
A1VHDGG2CXBQ6T,1,1.0,0.0,1,0.0,0.0,1
A1VICFJYF0NK83,1,1.0,0.0,1,0.0,0.0,1
A1VIG5MS365HSE,1,1.0,0.0,1,0.0,0.0,1
A1VJ0V58N0698J,1,1.0,0.0,1,0.0,0.0,1
A1VJGPW4W8FBFV,1,1.0,0.0,1,0.0,0.0,1
A1VK3B8TFUUHM3,1,1.0,0.0,1,0.0,0.0,1
A1VK452U9ILPCZ,1,1.0,0.0,1,0.0,0.0,1
A1VKA5J3NF7OU9,1,1.0,0.0,1,0.0,0.0,1
A1VL6XFRL2NALY,1,1.0,0.0,1,0.0,0.0,1
A1VLZAAASQE9DH,1,1.0,0.0,1,0.0,0.0,1
A1VM0DU10K0DE6,1,1.0,0.0,1,0.0,0.0,1
A1VMCMYWVQ6YBG,1,1.0,0.0,1,0.0,0.0,1
A1VMDYBJRZ0M12,1,1.0,0.0,1,0.0,0.0,1
A1VNI8SZ045QY1,1,1.0,0.0,1,0.0,0.0,1
A1VNJIS05GETA4,1,1.0,0.0,1,0.0,0.0,1
A1VNONWPXHI3LT,1,1.0,0.0,1,0.0,0.0,1
A1VPAHPK6H0267,1,1.0,0.0,1,0.0,0.0,1
A1VPV97Z0340WI,2,0.0008594757198109154,0.0,2,0.0,55824.0,2327
A1VQ61UT9WKCV2,1,1.0,0.0,1,0.0,0.0,1
A1VQA08VWB9ALB,1,1.0,0.0,1,0.0,0.0,1
A1VQHH85U7PX0,2,0.01694915254237288,0.0,2,0.0,2808.0,118
A1VR9II0HC7ZQ6,1,1.0,0.0,1,0.0,0.0,1
A1VRWURI5XLNU5,1,1.0,0.0,1,0.0,0.0,1
A1VSJ1YD40Y7PG,1,1.0,0.0,1,0.0,0.0,1
A1VUA80DLZGWIP,1,1.0,0.0,1,0.0,0.0,1
A1VUCCLEP5OADL,1,1.0,0.0,1,0.0,0.0,1
A1VUHTQ6GC4LH,1,1.0,0.0,1,0.0,0.0,1
A1VUUO6EEBON7Y,1,1.0,0.0,1,0.0,0.0,1
A1VXOAVRGKGEAK,2,2.0,0.0,2,0.0,0.0,1
A1VXQW4UQTLDQM,1,1.0,0.0,1,0.0,0.0,1
A1VY2CG81I1JRR,1,1.0,0.0,1,0.0,0.0,1
A1VY688L9N9QXD,1,1.0,0.0,1,0.0,0.0,1
A1W0CHSU0O5VUK,1,1.0,0.0,1,0.0,0.0,1
A1W0QK53EN02H5,1,1.0,0.0,1,0.0,0.0,1
A1W0XQLEYWGQC5,1,1.0,0.0,1,0.0,0.0,1
A1W0XZWS8QC8IV,1,1.0,0.0,1,0.0,0.0,1
A1W18337L4X2LD,1,1.0,0.0,1,0.0,0.0,1
A1W1V6RD1I9R2D,1,1.0,0.0,1,0.0,0.0,1
A1W2DP25RTN59X,1,1.0,0.0,1,0.0,0.0,1
A1W33FQTKYHWM,1,1.0,0.0,1,0.0,0.0,1
A1W3D42N13EYZ7,1,1.0,0.0,1,0.0,0.0,1
A1W476YCP7DZ2S,1,1.0,0.0,1,0.0,0.0,1
A1W5CI9L3JPTF,1,1.0,0.0,1,0.0,0.0,1
A1W5ERSUQ9RX8F,1,1.0,0.0,1,0.0,0.0,1
A1W5G9ITZQ64TN,1,1.0,0.0,1,0.0,0.0,1
A1W6G74P9FYOQG,1,1.0,0.0,1,0.0,0.0,1
A1W6QZK6BFJLW2,1,1.0,0.0,1,0.0,0.0,1
A1W6VR9F0OKMWM,1,1.0,0.0,1,0.0,0.0,1
A1W8308SYXBSAL,1,1.0,0.0,1,0.0,0.0,1
A1W98MNHYOZR3,1,1.0,0.0,1,0.0,0.0,1
A1W9Z0FT00LC06,1,1.0,0.0,1,0.0,0.0,1
A1WAYVM44HACOO,1,1.0,0.0,1,0.0,0.0,1
A1WBEIH7Z37LN9,1,1.0,0.0,1,0.0,0.0,1
A1WE2JDDCUG2L0,1,1.0,0.0,1,0.0,0.0,1
A1WF4CS5PX9N73,1,1.0,0.0,1,0.0,0.0,1
A1WFDJHDWDVGW8,1,1.0,0.0,1,0.0,0.0,1
A1WFQPYY8YBXEM,1,1.0,0.0,1,0.0,0.0,1
A1WFTIOEH30UJY,1,1.0,0.0,1,0.0,0.0,1
A1WGEIDK19JKH3,1,1.0,0.0,1,0.0,0.0,1
A1WGFWCQ8IQCWV,1,1.0,0.0,1,0.0,0.0,1
A1WI9IDBAP8NDM,1,1.0,0.0,1,0.0,0.0,1
A1WILC2XNV5R04,1,1.0,0.0,1,0.0,0.0,1
A1WJ9679CCAXNS,1,1.0,0.0,1,0.0,0.0,1
A1WJBJUQ24G8BU,1,1.0,0.0,1,0.0,0.0,1
A1WJBY269CG7AC,1,1.0,0.0,1,0.0,0.0,1
A1WJE2B0N0I3T1,1,1.0,0.0,1,0.0,0.0,1
A1WJVU9KICHFI,1,1.0,0.0,1,0.0,0.0,1
A1WKJRJRP3BLVS,1,1.0,0.0,1,0.0,0.0,1
A1WKMDL85JLIFM,1,1.0,0.0,1,0.0,0.0,1
A1WKUY7T0EM0GM,2,2.0,0.0,2,0.0,0.0,1
A1WKVJZ5V4L08N,1,1.0,0.0,1,0.0,0.0,1
A1WLAHPHD07E1N,1,1.0,0.0,1,0.0,0.0,1
A1WLP6S3L9V3VL,1,1.0,0.0,1,0.0,0.0,1
A1WLV9I6MMMDM5,1,1.0,0.0,1,0.0,0.0,1
A1WM8DNWJ8SCEL,2,0.2,0.0,2,0.0,216.0,10
A1WMEVP3FN3F8J,1,1.0,0.0,1,0.0,0.0,1
A1WMHFPD9YLVFV,1,1.0,0.0,1,0.0,0.0,1
A1WNEVIRLVH12R,1,1.0,0.0,1,0.0,0.0,1
A1WNJ4AP6KWDJP,1,1.0,0.0,1,0.0,0.0,1
A1WO5XDNFM80Y8,1,1.0,0.0,1,0.0,0.0,1
A1WORIFR4ZF3J,1,1.0,0.0,1,0.0,0.0,1
A1WPDGKWL4ANIS,1,1.0,0.0,1,0.0,0.0,1
A1WPFIZ8P3O86V,1,1.0,0.0,1,0.0,0.0,1
A1WPXG000113YQ,1,1.0,0.0,1,0.0,0.0,1
A1WR0KA61A2CTW,1,1.0,0.0,1,0.0,0.0,1
A1WREU7PGTX98P,1,1.0,0.0,1,0.0,0.0,1
A1WRXACOKPITBQ,1,1.0,0.0,1,0.0,0.0,1
A1WV0XTJROAYGK,2,0.07407407407407407,0.0,2,0.0,624.0,27
A1WVESLCYWGW0Q,1,1.0,0.0,1,0.0,0.0,1
A1WVIO1Z0N8JG2,1,1.0,0.0,1,0.0,0.0,1
A1WVMDRJU19AFD,8,0.011510791366906475,0.0,8,0.0,2379.4285714285716,695
A1WVS59FQETT75,1,1.0,0.0,1,0.0,0.0,1
A1WVSXVCCRRHZN,1,1.0,0.0,1,0.0,0.0,1
A1WWUZUK1ONXXV,1,1.0,0.0,1,0.0,0.0,1
A1WWW237KEJDJY,2,2.0,0.0,2,0.0,0.0,1
A1WWZXNOXBCIMN,1,1.0,0.0,1,0.0,0.0,1
A1WYKNREHQ30KE,1,1.0,0.0,1,0.0,0.0,1
A1X00K34LV0PBB,1,1.0,0.0,1,0.0,0.0,1
A1X0990QXMJIY7,1,1.0,0.0,1,0.0,0.0,1
A1X0QMZ0M21J9U,1,1.0,0.0,1,0.0,0.0,1
A1X244QTQDFT49,1,1.0,0.0,1,0.0,0.0,1
A1X36T6G2PEYIT,1,1.0,0.0,1,0.0,0.0,1
A1X3DA7C61WZLQ,3,0.0039946737683089215,0.0,3,0.0,9000.0,751
A1X3GSQ1ZM4UEQ,1,1.0,0.0,1,0.0,0.0,1
A1X3T9VBU5GQX4,1,1.0,0.0,1,0.0,0.0,1
A1X5KSUPUR5GFO,1,1.0,0.0,1,0.0,0.0,1
A1X696GX2VPV5C,2,0.004819277108433735,0.0,2,0.0,9936.0,415
A1X6TD4D3D9YUP,1,1.0,0.0,1,0.0,0.0,1
A1X6VVP8JLFEJ,2,2.0,0.0,2,0.0,0.0,1
A1X7X8KB9NXPAA,1,1.0,0.0,1,0.0,0.0,1
A1X8WKS6S294JE,1,1.0,0.0,1,0.0,0.0,1
A1X8YM80GSTO66,1,1.0,0.0,1,0.0,0.0,1
A1X951MG53YRW0,1,1.0,0.0,1,0.0,0.0,1
A1X9MCVB19GEPM,1,1.0,0.0,1,0.0,0.0,1
A1X9YWCDW70VCP,1,1.0,0.0,1,0.0,0.0,1
A1XAWUIMSX6C1Z,1,1.0,0.0,1,0.0,0.0,1
A1XCA99IXPBIKV,1,1.0,0.0,1,0.0,0.0,1
A1XD710QD1HCI1,1,1.0,0.0,1,0.0,0.0,1
A1XDHHQ549Q2JI,1,1.0,0.0,1,0.0,0.0,1
A1XE3M22N91451,1,1.0,0.0,1,0.0,0.0,1
A1XEBSAXW4GRWZ,1,1.0,0.0,1,0.0,0.0,1
A1XEL9W3JBAT4P,2,0.015748031496062992,0.0,2,0.0,3024.0,127
A1XESQ7C7NNZX4,1,1.0,0.0,1,0.0,0.0,1
A1XEYWWDJ09OEA,1,1.0,0.0,1,0.0,0.0,1
A1XFI340SHOS5K,1,1.0,0.0,1,0.0,0.0,1
A1XFVNFGS78TX1,1,1.0,0.0,1,0.0,0.0,1
A1XG38WOY3LY4V,1,1.0,0.0,1,0.0,0.0,1
A1XH86OU75RY6Y,1,1.0,0.0,1,0.0,0.0,1
A1XHC34F2MFZ4I,1,1.0,0.0,1,0.0,0.0,1
A1XHKQ5R31843B,1,1.0,0.0,1,0.0,0.0,1
A1XISLQOHN41MN,1,1.0,0.0,1,0.0,0.0,1
A1XJCT8CHG2G2J,1,1.0,0.0,1,0.0,0.0,1
A1XJF5OXN7NWGG,1,1.0,0.0,1,0.0,0.0,1
A1XJOSJN6FHFO0,1,1.0,0.0,1,0.0,0.0,1
A1XK4VP74IB9TQ,1,1.0,0.0,1,0.0,0.0,1
A1XKCHZELFYG6D,1,1.0,0.0,1,0.0,0.0,1
A1XL5KOLSQT6KH,1,1.0,0.0,1,0.0,0.0,1
A1XLCQVGWBU6UX,1,1.0,0.0,1,0.0,0.0,1
A1XLLEHKFY3TN2,2,0.013245033112582781,0.0,2,0.0,3600.0,151
A1XLUNECWHYP6N,1,1.0,0.0,1,0.0,0.0,1
A1XMNRX9WW7JXR,1,1.0,0.0,1,0.0,0.0,1
A1XMW0DEX90OEA,1,1.0,0.0,1,0.0,0.0,1
A1XN1D2FGCQC8E,1,1.0,0.0,1,0.0,0.0,1
A1XNP1G5HWNGB7,1,1.0,0.0,1,0.0,0.0,1
A1XNYVXCXL93RA,1,1.0,0.0,1,0.0,0.0,1
A1XNZ5YOKS51G7,1,1.0,0.0,1,0.0,0.0,1
A1XP2TMQOYBPE3,1,1.0,0.0,1,0.0,0.0,1
A1XP5DDWIHLH0Q,1,1.0,0.0,1,0.0,0.0,1
A1XP5GMAIXJ10A,1,1.0,0.0,1,0.0,0.0,1
A1XPNKJWTITV0W,1,1.0,0.0,1,0.0,0.0,1
A1XPRBIGV1SR9,1,1.0,0.0,1,0.0,0.0,1
A1XQCLOF5MP5OB,1,1.0,0.0,1,0.0,0.0,1
A1XQYFPZW6TA45,1,1.0,0.0,1,0.0,0.0,1
A1XSSIGIY4WGX5,1,1.0,0.0,1,0.0,0.0,1
A1XSZF2A3ZV2MW,1,1.0,0.0,1,0.0,0.0,1
A1XT816XMPYPZ9,1,1.0,0.0,1,0.0,0.0,1
A1XTM47DUD1K7D,1,1.0,0.0,1,0.0,0.0,1
A1XTMFRRN9DPK2,1,1.0,0.0,1,0.0,0.0,1
A1XTQULERNAFQ,1,1.0,0.0,1,0.0,0.0,1
A1XTVZ9Y9Y6GRU,1,1.0,0.0,1,0.0,0.0,1
A1XU4L0QTHU93T,1,1.0,0.0,1,0.0,0.0,1
A1XU87EET0N0NL,1,1.0,0.0,1,0.0,0.0,1
A1XUQIA7Q0BGJ1,1,1.0,0.0,1,0.0,0.0,1
A1XVBF3IR76QPL,1,1.0,0.0,1,0.0,0.0,1
A1XWGTKBH3GGXP,1,1.0,0.0,1,0.0,0.0,1
A1XX37HBK45UG8,1,1.0,0.0,1,0.0,0.0,1
A1XXFXNL0TDS5X,1,1.0,0.0,1,0.0,0.0,1
A1XXHS9V80S9VG,1,1.0,0.0,1,0.0,0.0,1
A1XXTDDNAKXLHO,1,1.0,0.0,1,0.0,0.0,1
A1XY86U23W6LQ,1,1.0,0.0,1,0.0,0.0,1
A1XYXUV7IFHC4A,1,1.0,0.0,1,0.0,0.0,1
A1XZ16AFVCACUN,1,1.0,0.0,1,0.0,0.0,1
A1XZGL8Q0L8G9U,1,1.0,0.0,1,0.0,0.0,1
A1XZRI9693K0N5,1,1.0,0.0,1,0.0,0.0,1
A1Y09QLADQYQJG,2,0.0091324200913242,0.0,2,0.0,5232.0,219
A1Y0OMDO1NIKOT,1,1.0,0.0,1,0.0,0.0,1
A1Y1J6BKWVU4C0,1,1.0,0.0,1,0.0,0.0,1
A1Y249FQCV6MNN,1,1.0,0.0,1,0.0,0.0,1
A1Y2BG1GPW1VT6,1,1.0,0.0,1,0.0,0.0,1
A1Y363HWR2D0B7,1,1.0,0.0,1,0.0,0.0,1
A1Y3ECGECWDCAZ,1,1.0,0.0,1,0.0,0.0,1
A1Y423LYVSNQCK,2,0.25,0.0,2,0.0,168.0,8
A1Y448U695FUVR,1,1.0,0.0,1,0.0,0.0,1
A1Y4EWMUTW73GD,1,1.0,0.0,1,0.0,0.0,1
A1Y4G3WZ321YAE,1,1.0,0.0,1,0.0,0.0,1
A1Y4MY6KYVUTIA,1,1.0,0.0,1,0.0,0.0,1
A1Y57JQKN4ICD0,1,1.0,0.0,1,0.0,0.0,1
A1Y5UABA87I2JI,1,1.0,0.0,1,0.0,0.0,1
A1Y6N4X8FV6IAC,1,1.0,0.0,1,0.0,0.0,1
A1Y7B873VOTAHM,1,1.0,0.0,1,0.0,0.0,1
A1Y7D7F0FM6GWK,1,1.0,0.0,1,0.0,0.0,1
A1Y7QU3BUUSI6R,1,1.0,0.0,1,0.0,0.0,1
A1Y8NN628X1IMH,1,1.0,0.0,1,0.0,0.0,1
A1Y949S90RE8FP,1,1.0,0.0,1,0.0,0.0,1
A1Y9VZ0TXTSWWD,1,1.0,0.0,1,0.0,0.0,1
A1YCDZ4K4G0CN3,2,0.00558659217877095,0.0,2,0.0,8568.0,358
A1YDFJVQ8GUHTP,1,1.0,0.0,1,0.0,0.0,1
A1YDI2SNP4CISY,1,1.0,0.0,1,0.0,0.0,1
A1YDTDW310M6TZ,1,1.0,0.0,1,0.0,0.0,1
A1YF0SKMGV2BIL,2,0.10526315789473684,0.0,2,0.0,432.0,19
A1YF63MMH5AZJC,1,1.0,0.0,1,0.0,0.0,1
A1YGOQLHZUGTW8,1,1.0,0.0,1,0.0,0.0,1
A1YH4N1ILGHXC9,1,1.0,0.0,1,0.0,0.0,1
A1YIBJJC910PCQ,1,1.0,0.0,1,0.0,0.0,1
A1YIJSP53GAXGW,1,1.0,0.0,1,0.0,0.0,1
A1YJ09IVYZ0FW0,1,1.0,0.0,1,0.0,0.0,1
A1YJ541O10BM5U,1,1.0,0.0,1,0.0,0.0,1
A1YJQ0I05KU3M,1,1.0,0.0,1,0.0,0.0,1
A1YLBWLRPCN0A8,1,1.0,0.0,1,0.0,0.0,1
A1YLJGGB0EDFV2,1,1.0,0.0,1,0.0,0.0,1
A1YLL71R2M75LC,1,1.0,0.0,1,0.0,0.0,1
A1YMC7H5U3TQOU,1,1.0,0.0,1,0.0,0.0,1
A1YMI27NURH2YC,1,1.0,0.0,1,0.0,0.0,1
A1YMK7AK1WQEOB,1,1.0,0.0,1,0.0,0.0,1
A1YOGD8K6EV6VI,1,1.0,0.0,1,0.0,0.0,1
A1YOQKB992308L,1,1.0,0.0,1,0.0,0.0,1
A1YQLAR46BS347,1,1.0,0.0,1,0.0,0.0,1
A1YRI31DB4921S,1,1.0,0.0,1,0.0,0.0,1
A1YRPXMYDV2QE3,1,1.0,0.0,1,0.0,0.0,1
A1YRUUY14KW853,1,1.0,0.0,1,0.0,0.0,1
A1YSTRGTX7B66G,1,1.0,0.0,1,0.0,0.0,1
A1YUB4V9OHM4YI,1,1.0,0.0,1,0.0,0.0,1
A1YUZ3PFNAILHW,1,1.0,0.0,1,0.0,0.0,1
A1YV5G4GL5N6XV,1,1.0,0.0,1,0.0,0.0,1
A1YW7H051M0ME3,1,1.0,0.0,1,0.0,0.0,1
A1YWOG0NT12J96,1,1.0,0.0,1,0.0,0.0,1
A1YX6YUHJA11KE,1,1.0,0.0,1,0.0,0.0,1
A1YXBYJCCS0R3A,1,1.0,0.0,1,0.0,0.0,1
A1YXEYOWESHVLJ,1,1.0,0.0,1,0.0,0.0,1
A1YXOCELGUR73P,1,1.0,0.0,1,0.0,0.0,1
A1YY6103EIE3H4,1,1.0,0.0,1,0.0,0.0,1
A1YY7XFFU5IGE8,1,1.0,0.0,1,0.0,0.0,1
A1YYWUE2ZNN8RK,1,1.0,0.0,1,0.0,0.0,1
A1YZEEDWCHXZUU,1,1.0,0.0,1,0.0,0.0,1
A1Z0NIO16UXTH,1,1.0,0.0,1,0.0,0.0,1
A1Z0VDSYKCQTRH,1,1.0,0.0,1,0.0,0.0,1
A1Z27AHFNIFBG6,1,1.0,0.0,1,0.0,0.0,1
A1Z2HOY56LNIQA,1,1.0,0.0,1,0.0,0.0,1
A1Z31WP1M6XWTQ,1,1.0,0.0,1,0.0,0.0,1
A1Z3LA4T9GJM5R,1,1.0,0.0,1,0.0,0.0,1
A1Z45DENVX2PQ1,1,1.0,0.0,1,0.0,0.0,1
A1Z4930RTKRTKV,1,1.0,0.0,1,0.0,0.0,1
A1Z4FT2OMHIYFU,1,1.0,0.0,1,0.0,0.0,1
A1Z54EM24Y40LL,1,1.0,0.0,1,0.0,0.0,1
A1Z5E1Z9V8G2SU,1,1.0,0.0,1,0.0,0.0,1
A1Z5LG7YZ0GWIU,1,1.0,0.0,1,0.0,0.0,1
A1Z5OW2BJI5LN2,1,1.0,0.0,1,0.0,0.0,1
A1Z64RLLQYQ959,1,1.0,0.0,1,0.0,0.0,1
A1Z6TERCYMMECJ,1,1.0,0.0,1,0.0,0.0,1
A1Z6X34Q50T7BU,1,1.0,0.0,1,0.0,0.0,1
A1Z7U9K6X3FEOU,1,1.0,0.0,1,0.0,0.0,1
A1Z8SLW84NV7WJ,1,1.0,0.0,1,0.0,0.0,1
A1Z93YS0KD9M9N,2,0.0008992805755395684,0.0,2,0.0,53352.0,2224
A1Z9P17UJQKRKI,1,1.0,0.0,1,0.0,0.0,1
A1ZBG4HKXZTVBF,1,1.0,0.0,1,0.0,0.0,1
A1ZBR4NYVGY7U7,1,1.0,0.0,1,0.0,0.0,1
A1ZC0H05U51M3C,1,1.0,0.0,1,0.0,0.0,1
A1ZCJ4VQPKV3W4,1,1.0,0.0,1,0.0,0.0,1
A1ZDA6FK1313QJ,2,0.03773584905660377,0.0,2,0.0,1248.0,53
A1ZDP5PMM6RTSO,1,1.0,0.0,1,0.0,0.0,1
A1ZE020J0M1603,1,1.0,0.0,1,0.0,0.0,1
A1ZEUALB9OHGNE,1,1.0,0.0,1,0.0,0.0,1
A1ZFST7RH39RT7,1,1.0,0.0,1,0.0,0.0,1
A1ZG9WMHNMGY62,1,1.0,0.0,1,0.0,0.0,1
A1ZGFGTX5BQ8WY,1,1.0,0.0,1,0.0,0.0,1
A1ZGIIHI1LDEAO,1,1.0,0.0,1,0.0,0.0,1
A1ZGQVTLT3PCE9,1,1.0,0.0,1,0.0,0.0,1
A1ZIPGAG8KMU66,1,1.0,0.0,1,0.0,0.0,1
A1ZJ8BWVM5L5GW,1,1.0,0.0,1,0.0,0.0,1
A1ZJF8YB4LZ356,1,1.0,0.0,1,0.0,0.0,1
A1ZKA59YVVN4PF,1,1.0,0.0,1,0.0,0.0,1
A1ZKG86UBD8K8,1,1.0,0.0,1,0.0,0.0,1
A1ZLD397GS5ZCR,1,1.0,0.0,1,0.0,0.0,1
A1ZM846Y7AUYD,1,1.0,0.0,1,0.0,0.0,1
A1ZNLNA7BEZJCP,1,1.0,0.0,1,0.0,0.0,1
A1ZP77LMY0DTIM,1,1.0,0.0,1,0.0,0.0,1
A1ZPEZMQBCTZQN,1,1.0,0.0,1,0.0,0.0,1
A1ZR6RT42KHUIF,5,0.0015552099533437014,0.39999968000025604,5,0.0,19284.0,3215
A1ZRKRDFWG1TC,1,1.0,0.0,1,0.0,0.0,1
A1ZTCLOO7CCXBC,1,1.0,0.0,1,0.0,0.0,1
A1ZTSV4IDULSP0,1,1.0,0.0,1,0.0,0.0,1
A1ZU09TQ1TGWEX,1,1.0,0.0,1,0.0,0.0,1
A1ZU55TM45Y2R8,1,1.0,0.0,1,0.0,0.0,1
A1ZWKAFL352WRK,1,1.0,0.0,1,0.0,0.0,1
A1ZWKX2XRUHGYO,1,1.0,0.0,1,0.0,0.0,1
A1ZWMRDI2N6EMS,1,1.0,0.0,1,0.0,0.0,1
A1ZWZP8X1F8WVB,1,1.0,0.0,1,0.0,0.0,1
A1ZXMMQPYC3Z9I,1,1.0,0.0,1,0.0,0.0,1
A1ZYDU26TKRNAW,1,1.0,0.0,1,0.0,0.0,1
A1ZZR25X0CNOJX,1,1.0,0.0,1,0.0,0.0,1
A200C5ZDWEKTRA,1,1.0,0.0,1,0.0,0.0,1
A200J986WKWH08,2,0.2,0.0,2,0.0,216.0,10
A200RY2ELZL2Q3,1,1.0,0.0,1,0.0,0.0,1
A2013X1OLSB1O9,1,1.0,0.0,1,0.0,0.0,1
A2019UPX8SO317,1,1.0,0.0,1,0.0,0.0,1
A201DLHZ2NJ3CD,1,1.0,0.0,1,0.0,0.0,1
A202Y9F2VN8KY2,1,1.0,0.0,1,0.0,0.0,1
A20361V1Y2GZ5X,1,1.0,0.0,1,0.0,0.0,1
A203OCQQ12MAVT,1,1.0,0.0,1,0.0,0.0,1
A203Q1G7IMYOVY,1,1.0,0.0,1,0.0,0.0,1
A204ETWOV23HO4,7,0.007909604519774011,0.34992680617462013,7,0.0,3536.0,885
A204N1U3TI06GO,1,1.0,0.0,1,0.0,0.0,1
A20535WAMJUP3U,1,1.0,0.0,1,0.0,0.0,1
A206AJFCVJE56W,1,1.0,0.0,1,0.0,0.0,1
A206XQ50UQS1GG,1,1.0,0.0,1,0.0,0.0,1
A207G6DL5D61W,1,1.0,0.0,1,0.0,0.0,1
A2089FS2PJ9OZB,1,1.0,0.0,1,0.0,0.0,1
A208F20NUCU1T4,1,1.0,0.0,1,0.0,0.0,1
A208OZ5XMMPKGS,3,0.025423728813559324,0.0,3,0.0,1404.0,118
A209G57KXCBF4C,1,1.0,0.0,1,0.0,0.0,1
A209J4NK7GR9S3,1,1.0,0.0,1,0.0,0.0,1
A209QRVZ99UQDC,1,1.0,0.0,1,0.0,0.0,1
A20AAU9AUQ2ATE,2,0.05,0.0,2,0.0,936.0,40
A20AOQWXYDFAU7,1,1.0,0.0,1,0.0,0.0,1
A20AQR382659T9,1,1.0,0.0,1,0.0,0.0,1
A20BB7TPL5F7G2,1,1.0,0.0,1,0.0,0.0,1
A20BHA430QDYV2,1,1.0,0.0,1,0.0,0.0,1
A20CC4CZ7EL7D7,1,1.0,0.0,1,0.0,0.0,1
A20CQ20J30DJZT,1,1.0,0.0,1,0.0,0.0,1
A20DHSLIR6QPO0,1,1.0,0.0,1,0.0,0.0,1
A20DHT8BPBOCP8,1,1.0,0.0,1,0.0,0.0,1
A20DJOMXBJJAEJ,1,1.0,0.0,1,0.0,0.0,1
A20EQ98GMJSGG8,1,1.0,0.0,1,0.0,0.0,1
A20F5RFH0WVFNF,1,1.0,0.0,1,0.0,0.0,1
A20FMZR1LNNYJS,1,1.0,0.0,1,0.0,0.0,1
A20G957N2TEVQX,1,1.0,0.0,1,0.0,0.0,1
A20GHPA3NAOCSA,1,1.0,0.0,1,0.0,0.0,1
A20GQ8NXD8TQUG,1,1.0,0.0,1,0.0,0.0,1
A20GQIUFA2LJ9C,1,1.0,0.0,1,0.0,0.0,1
A20H1M28WLI9J2,1,1.0,0.0,1,0.0,0.0,1
A20HABKJ0CDE1F,1,1.0,0.0,1,0.0,0.0,1
A20HBRHKA0PKK4,1,1.0,0.0,1,0.0,0.0,1
A20HM81911V9KD,1,1.0,0.0,1,0.0,0.0,1
A20HMQGKR7RET5,1,1.0,0.0,1,0.0,0.0,1
A20HOZHZ2URRLW,1,1.0,0.0,1,0.0,0.0,1
A20ICEO8M18VHR,1,1.0,0.0,1,0.0,0.0,1
A20ICK2UGU8PIJ,1,1.0,0.0,1,0.0,0.0,1
A20IGHP5BJ4OD5,1,1.0,0.0,1,0.0,0.0,1
A20IZXV0FQ6P5G,1,1.0,0.0,1,0.0,0.0,1
A20J3G8AWR8F28,1,1.0,0.0,1,0.0,0.0,1
A20JX4DJDU67DE,1,1.0,0.0,1,0.0,0.0,1
A20JYIHL1W1U54,2,0.045454545454545456,0.0,2,0.0,1032.0,44
A20KJABXJLXG9G,1,1.0,0.0,1,0.0,0.0,1
A20N7Y8YFR0MPE,1,1.0,0.0,1,0.0,0.0,1
A20NL7QAHXDCU5,2,0.0003878975950349108,0.0,2,0.0,123720.0,5156
A20NUW4T1DB7UQ,1,1.0,0.0,1,0.0,0.0,1
A20OQMLRFNZADL,1,1.0,0.0,1,0.0,0.0,1
A20ORTSQTEQX0Y,1,1.0,0.0,1,0.0,0.0,1
A20P79S3FIDLSD,1,1.0,0.0,1,0.0,0.0,1
A20Q4FIBCAG2ZV,1,1.0,0.0,1,0.0,0.0,1
A20Q8IOS2PWZKI,1,1.0,0.0,1,0.0,0.0,1
A20RIYQIMFLVM5,1,1.0,0.0,1,0.0,0.0,1
A20S66SKYXULG2,1,1.0,0.0,1,0.0,0.0,1
A20TZ1MQ0KMJRR,1,1.0,0.0,1,0.0,0.0,1
A20UU20K7M9ZPF,1,1.0,0.0,1,0.0,0.0,1
A20VSTDILG9K7H,1,1.0,0.0,1,0.0,0.0,1
A20W4W9KGWJV12,1,1.0,0.0,1,0.0,0.0,1
A20WH8FQNXNZSP,1,1.0,0.0,1,0.0,0.0,1
A20X3J5AMM7FHE,1,1.0,0.0,1,0.0,0.0,1
A20XXTXWF2TCPY,1,1.0,0.0,1,0.0,0.0,1
A20Y4QKFFH7A2X,1,1.0,0.0,1,0.0,0.0,1
A20Y7REXQZ1REW,1,1.0,0.0,1,0.0,0.0,1
A20YIDMSMXPS3E,1,1.0,0.0,1,0.0,0.0,1
A20YJDWDMWZ9NS,1,1.0,0.0,1,0.0,0.0,1
A20ZDV9ZEESN5K,1,1.0,0.0,1,0.0,0.0,1
A210UZTIFQ6FLD,1,1.0,0.0,1,0.0,0.0,1
A211A51H4XNPUF,1,1.0,0.0,1,0.0,0.0,1
A211RZCTZCNLZK,1,1.0,0.0,1,0.0,0.0,1
A212MDP6K4VJS5,1,1.0,0.0,1,0.0,0.0,1
A212REVB5AFP02,1,1.0,0.0,1,0.0,0.0,1
A213ELP74FH0SJ,1,1.0,0.0,1,0.0,0.0,1
A213UFMBOI3IUF,2,0.014388489208633094,0.0,2,0.0,3312.0,139
A214AXZWCBZLBO,1,1.0,0.0,1,0.0,0.0,1
A214DG8Y09M3W9,1,1.0,0.0,1,0.0,0.0,1
A214RF6HHFZ5R5,1,1.0,0.0,1,0.0,0.0,1
A21519P9B7ACHJ,1,1.0,0.0,1,0.0,0.0,1
A215SE0FJ3R2GI,1,1.0,0.0,1,0.0,0.0,1
A21623VNZ5H1YE,1,1.0,0.0,1,0.0,0.0,1
A2169QCESH3QDF,1,1.0,0.0,1,0.0,0.0,1
A2183499CPCTIA,1,1.0,0.0,1,0.0,0.0,1
A21A9F84S9AZIP,1,1.0,0.0,1,0.0,0.0,1
A21AOHWYUQ3QEY,2,0.002886002886002886,0.0,2,0.0,16608.0,693
A21AX7U9UNIV75,1,1.0,0.0,1,0.0,0.0,1
A21B8AV7E3MPXE,1,1.0,0.0,1,0.0,0.0,1
A21BPMOV9NV2DJ,1,1.0,0.0,1,0.0,0.0,1
A21BRJ72OZGU98,1,1.0,0.0,1,0.0,0.0,1
A21BX2V5UK4IPN,1,1.0,0.0,1,0.0,0.0,1
A21C8Y7YS25NI9,1,1.0,0.0,1,0.0,0.0,1
A21CJLXIU27CBK,1,1.0,0.0,1,0.0,0.0,1
A21CL3NXLUNU9E,1,1.0,0.0,1,0.0,0.0,1
A21EHWHI9XQY10,1,1.0,0.0,1,0.0,0.0,1
A21EW1CMBF5UKC,1,1.0,0.0,1,0.0,0.0,1
A21EXYTX5JWPAU,1,1.0,0.0,1,0.0,0.0,1
A21FX4X350687H,1,1.0,0.0,1,0.0,0.0,1
A21GJHZCME5BS,1,1.0,0.0,1,0.0,0.0,1
A21GNL0UCLB2SI,1,1.0,0.0,1,0.0,0.0,1
A21HD9LIRFID71,1,1.0,0.0,1,0.0,0.0,1
A21I0B69KHEWMD,1,1.0,0.0,1,0.0,0.0,1
A21IMS76KY1VPC,1,1.0,0.0,1,0.0,0.0,1
A21IOH964XF1AI,1,1.0,0.0,1,0.0,0.0,1
A21J0FB66EIBM9,1,1.0,0.0,1,0.0,0.0,1
A21L12NT10X25E,1,1.0,0.0,1,0.0,0.0,1
A21LAY2T4KERFL,1,1.0,0.0,1,0.0,0.0,1
A21M8JLOHG5Q6V,1,1.0,0.0,1,0.0,0.0,1
A21MJJDFBNUJ3L,1,1.0,0.0,1,0.0,0.0,1
A21ML571MPRGXC,1,1.0,0.0,1,0.0,0.0,1
A21NS06GDEA3V0,1,1.0,0.0,1,0.0,0.0,1
A21NY1BE30PD7J,1,1.0,0.0,1,0.0,0.0,1
A21O3NIG8WX0X4,1,1.0,0.0,1,0.0,0.0,1
A21O9932IN4OEW,1,1.0,0.0,1,0.0,0.0,1
A21OA8773GTIKD,1,1.0,0.0,1,0.0,0.0,1
A21OEH01WLWRF2,1,1.0,0.0,1,0.0,0.0,1
A21OS6PWQG5YOO,1,1.0,0.0,1,0.0,0.0,1
A21PJEIX2MIM1X,1,1.0,0.0,1,0.0,0.0,1
A21PY549E3M51S,1,1.0,0.0,1,0.0,0.0,1
A21Q1LBZP2671X,1,1.0,0.0,1,0.0,0.0,1
A21QMWC2TEC3N4,1,1.0,0.0,1,0.0,0.0,1
A21QQB0GM1B9BS,1,1.0,0.0,1,0.0,0.0,1
A21RO7OWHHHUOK,1,1.0,0.0,1,0.0,0.0,1
A21RU23FMI0XSS,1,1.0,0.0,1,0.0,0.0,1
A21SDYUVDLYATM,1,1.0,0.0,1,0.0,0.0,1
A21T321YCLK17C,1,1.0,0.0,1,0.0,0.0,1
A21TU2TDCOCDI,1,1.0,0.0,1,0.0,0.0,1
A21U4DR8M6I9QN,2,0.014184397163120567,0.0,2,0.0,3360.0,141
A21UD8A89984GP,1,1.0,0.0,1,0.0,0.0,1
A21UXK2Q4138Q3,1,1.0,0.0,1,0.0,0.0,1
A21VM9WVF8EOSJ,1,1.0,0.0,1,0.0,0.0,1
A21VUD32OENHJE,1,1.0,0.0,1,0.0,0.0,1
A21WOB2CIZVMRX,1,1.0,0.0,1,0.0,0.0,1
A21WV6SJFB21AM,1,1.0,0.0,1,0.0,0.0,1
A21YJPHV31QQ92,1,1.0,0.0,1,0.0,0.0,1
A21YOY2I4CFF02,1,1.0,0.0,1,0.0,0.0,1
A21YQTAQRSGPNN,1,1.0,0.0,1,0.0,0.0,1
A21ZZUXAM2PUCA,3,0.009836065573770493,0.47140420652156073,3,0.0,3648.0,305
A220059NEEBEX7,1,1.0,0.0,1,0.0,0.0,1
A220WCFHHMV2X4,1,1.0,0.0,1,0.0,0.0,1
A2211XQCAX9TD4,1,1.0,0.0,1,0.0,0.0,1
A222VKIXTH31TZ,1,1.0,0.0,1,0.0,0.0,1
A2245J0YNO975U,1,1.0,0.0,1,0.0,0.0,1
A225F6Y9DTUEDM,1,1.0,0.0,1,0.0,0.0,1
A225G2TFM76GYX,1,1.0,0.0,1,0.0,0.0,1
A2265X68RLA8AD,1,1.0,0.0,1,0.0,0.0,1
A227BV4KDDDZHZ,1,1.0,0.0,1,0.0,0.0,1
A22870XFVVBHIJ,1,1.0,0.0,1,0.0,0.0,1
A228B35PGJ9S8I,1,1.0,0.0,1,0.0,0.0,1
A22966W52J34CH,1,1.0,0.0,1,0.0,0.0,1
A229KNRZM9URT,1,1.0,0.0,1,0.0,0.0,1
A22A28CW42M1M9,1,1.0,0.0,1,0.0,0.0,1
A22A3YXFDLPMFL,1,1.0,0.0,1,0.0,0.0,1
A22B72SJ9IDUQW,1,1.0,0.0,1,0.0,0.0,1
A22BPC7LRSGSYQ,2,0.005434782608695652,0.0,2,0.0,8808.0,368
A22CGPNH63WDJZ,1,1.0,0.0,1,0.0,0.0,1
A22CW0ZHY3NJH8,1,1.0,0.0,1,0.0,0.0,1
A22DV4ZASA1MX3,1,1.0,0.0,1,0.0,0.0,1
A22ELKXGNSSWDQ,1,1.0,0.0,1,0.0,0.0,1
A22EP447IBQNB2,1,1.0,0.0,1,0.0,0.0,1
A22EUYXY2KQEKH,1,1.0,0.0,1,0.0,0.0,1
A22G1YTUVN14MN,1,1.0,0.0,1,0.0,0.0,1
A22G6CZZXS4MZ8,1,1.0,0.0,1,0.0,0.0,1
A22H8Y1J3EW2N8,2,2.0,0.0,2,0.0,0.0,1
A22HBQKBPEL4MF,1,1.0,0.0,1,0.0,0.0,1
A22IDP8YERZ79X,1,1.0,0.0,1,0.0,0.0,1
A22J6L1NSD0U5B,1,1.0,0.0,1,0.0,0.0,1
A22JNORZI4KPAP,1,1.0,0.0,1,0.0,0.0,1
A22K8OBJPM3FL5,1,1.0,0.0,1,0.0,0.0,1
A22KD7ATICQIPK,1,1.0,0.0,1,0.0,0.0,1
A22KNT28RO8DXL,1,1.0,0.0,1,0.0,0.0,1
A22KW5YWAI5YDO,1,1.0,0.0,1,0.0,0.0,1
A22LE2JAII1U84,3,0.041666666666666664,0.47140420652156073,3,0.0,852.0,72
A22M88TMGIM65C,1,1.0,0.0,1,0.0,0.0,1
A22M9VM8S9YCZ6,1,1.0,0.0,1,0.0,0.0,1
A22MHWKRGV89RZ,1,1.0,0.0,1,0.0,0.0,1
A22MRNZZGWJXBC,1,1.0,0.0,1,0.0,0.0,1
A22NZFCXVF7Y51,1,1.0,0.0,1,0.0,0.0,1
A22P177ZFTOVMC,1,1.0,0.0,1,0.0,0.0,1
A22PNO62IYQ4WM,1,1.0,0.0,1,0.0,0.0,1
A22QIJY2CB21MV,3,0.004081632653061225,0.0,3,0.0,8808.0,735
A22QKPZ2BV00NK,1,1.0,0.0,1,0.0,0.0,1
A22QLK442U2GP0,4,0.009174311926605505,0.4330123771329365,4,0.0,3480.0,436
A22QTBGOS7C3FL,1,1.0,0.0,1,0.0,0.0,1
A22R9L5DAVYYWR,1,1.0,0.0,1,0.0,0.0,1
A22RW51298Z15M,1,1.0,0.0,1,0.0,0.0,1
A22RY8N8CNDF3A,1,1.0,0.0,1,0.0,0.0,1
A22TJPZOUI9DE1,1,1.0,0.0,1,0.0,0.0,1
A22UL4BXTSXSCB,1,1.0,0.0,1,0.0,0.0,1
A22V3DIEBWPRKW,2,2.0,0.0,2,0.0,0.0,1
A22VA25WNAMON7,1,1.0,0.0,1,0.0,0.0,1
A22VIIBDPVRNPZ,1,1.0,0.0,1,0.0,0.0,1
A22W4064FH1VHE,1,1.0,0.0,1,0.0,0.0,1
A22W70BE1TM55T,1,1.0,0.0,1,0.0,0.0,1
A22WMZMHRAR43Z,1,1.0,0.0,1,0.0,0.0,1
A22WODWOZKCO40,1,1.0,0.0,1,0.0,0.0,1
A22X8SXCBIY746,1,1.0,0.0,1,0.0,0.0,1
A22XH75Z0895RC,1,1.0,0.0,1,0.0,0.0,1
A22XTZPWSYJY8H,1,1.0,0.0,1,0.0,0.0,1
A22Y586YTVSY10,1,1.0,0.0,1,0.0,0.0,1
A22YUW6VX3I8PK,1,1.0,0.0,1,0.0,0.0,1
A22ZH10HU692PZ,1,1.0,0.0,1,0.0,0.0,1
A22ZZQG4FOCNCM,1,1.0,0.0,1,0.0,0.0,1
A230F2ZKGFGY8A,1,1.0,0.0,1,0.0,0.0,1
A230OZ6DNS1SWC,1,1.0,0.0,1,0.0,0.0,1
A230PPNNJYJ6HR,1,1.0,0.0,1,0.0,0.0,1
A231WM2Z2JL0U3,23,0.017996870109546165,0.0,23,0.0,1393.090909090909,1278
A23205H9PLIOC0,1,1.0,0.0,1,0.0,0.0,1
A232X0D2CYSOG3,1,1.0,0.0,1,0.0,0.0,1
A233BX8N5692C6,1,1.0,0.0,1,0.0,0.0,1
A234GO3KZYKKTE,3,0.17647058823529413,0.47140420652156073,3,0.0,192.0,17
A235UFZGCFN3J5,1,1.0,0.0,1,0.0,0.0,1
A236XRE6MLXPKY,1,1.0,0.0,1,0.0,0.0,1
A237680FOULTZ8,1,1.0,0.0,1,0.0,0.0,1
A2379RPKARK5IE,1,1.0,0.0,1,0.0,0.0,1
A238V1XTSK9NFE,2,2.0,0.0,2,0.0,0.0,1
A238WA18BQAU8A,1,1.0,0.0,1,0.0,0.0,1
A23956TW9D1LTN,1,1.0,0.0,1,0.0,0.0,1
A2396ASCFP9L7F,2,0.013986013986013986,0.0,2,0.0,3408.0,143
A2399LYFEX2HV0,1,1.0,0.0,1,0.0,0.0,1
A239ON6G2S2E9E,2,0.1111111111111111,0.0,2,0.0,408.0,18
A23A0SXUF6KKF3,1,1.0,0.0,1,0.0,0.0,1
A23A3FEXAMBOIJ,1,1.0,0.0,1,0.0,0.0,1
A23A7OH3AM0PDA,1,1.0,0.0,1,0.0,0.0,1
A23B499FWWOSAX,1,1.0,0.0,1,0.0,0.0,1
A23BXVNBGXQ33Y,1,1.0,0.0,1,0.0,0.0,1
A23C0R77ZP9Z84,1,1.0,0.0,1,0.0,0.0,1
A23C4KJDFH9TIK,1,1.0,0.0,1,0.0,0.0,1
A23CIS24TPIQZP,1,1.0,0.0,1,0.0,0.0,1
A23COTZ159C7E5,1,1.0,0.0,1,0.0,0.0,1
A23EMFB4JBX0P9,1,1.0,0.0,1,0.0,0.0,1
A23EN1JWF1RQ1N,1,1.0,0.0,1,0.0,0.0,1
A23GFTVIETX7DS,1,1.0,0.0,1,0.0,0.0,1
A23GNFDESFFY6C,1,1.0,0.0,1,0.0,0.0,1
A23GS2ACRISIER,2,0.008438818565400843,0.0,2,0.0,5664.0,237
A23JEB4NAIIH2P,1,1.0,0.0,1,0.0,0.0,1
A23JXBO3D3ELAA,1,1.0,0.0,1,0.0,0.0,1
A23K0A6DL5HQQ3,1,1.0,0.0,1,0.0,0.0,1
A23K7QXXKSZ8D2,1,1.0,0.0,1,0.0,0.0,1
A23KEN4HK5CBN3,1,1.0,0.0,1,0.0,0.0,1
A23KLGJ105C5LV,1,1.0,0.0,1,0.0,0.0,1
A23LF95HUEIGUR,1,1.0,0.0,1,0.0,0.0,1
A23LM7S0TPQSCZ,2,2.0,0.0,2,0.0,0.0,1
A23M2D8GZPCWCV,2,0.6666666666666666,0.0,2,0.0,48.0,3
A23MY68C1MAZVN,1,1.0,0.0,1,0.0,0.0,1
A23O5LZQT3VANF,1,1.0,0.0,1,0.0,0.0,1
A23O8T3LNL9YY8,1,1.0,0.0,1,0.0,0.0,1
A23ONMGKEWDG4M,1,1.0,0.0,1,0.0,0.0,1
A23P9INV8GRN48,2,0.003110419906687403,0.0,2,0.0,15408.0,643
A23PCEL26412R1,1,1.0,0.0,1,0.0,0.0,1
A23Q32B7VTOXE9,4,0.025477707006369428,0.0,4,0.0,1248.0,157
A23QCWXEG3BJ9H,2,0.08333333333333333,0.0,2,0.0,552.0,24
A23QTZE764PJNS,3,0.0030864197530864196,0.0,3,0.0,11652.0,972
A23RCAS3DH5555,1,1.0,0.0,1,0.0,0.0,1
A23S2XCWFZM976,1,1.0,0.0,1,0.0,0.0,1
A23SB6VGGB9E8U,3,0.3333333333333333,0.47140420652156073,3,0.0,96.0,9
A23SRAOAAD81FF,1,1.0,0.0,1,0.0,0.0,1
A23UFEVSV8IBPQ,1,1.0,0.0,1,0.0,0.0,1
A23UX0TM93QIQZ,1,1.0,0.0,1,0.0,0.0,1
A23UZA419K52A9,1,1.0,0.0,1,0.0,0.0,1
A23VGBG17K5NJ3,1,1.0,0.0,1,0.0,0.0,1
A23W4SGMFMSE5N,1,1.0,0.0,1,0.0,0.0,1
A23XSCX5MNVTA3,1,1.0,0.0,1,0.0,0.0,1
A23Y94TEJPW8YP,1,1.0,0.0,1,0.0,0.0,1
A23YK4DYOYWI55,1,1.0,0.0,1,0.0,0.0,1
A23YS38RRW4YW6,1,1.0,0.0,1,0.0,0.0,1
A23ZO1BVFFLGHO,9,0.015789473684210527,0.37951639985611857,9,0.0,1707.0,570
A23ZWJ9CS8OG30,1,1.0,0.0,1,0.0,0.0,1
A240E6DLMP5KEK,1,1.0,0.0,1,0.0,0.0,1
A240M3IVP8HR0L,1,1.0,0.0,1,0.0,0.0,1
A240MCV0HMI7VP,1,1.0,0.0,1,0.0,0.0,1
A2424YRQZO9LE0,1,1.0,0.0,1,0.0,0.0,1
A242NHKVYIYHHP,1,1.0,0.0,1,0.0,0.0,1
A243GF4FL8TW1X,1,1.0,0.0,1,0.0,0.0,1
A243HY69GIAHFI,7,0.014705882352941176,0.34992680617462013,7,0.0,1900.0,476
A243PC8288DLU0,1,1.0,0.0,1,0.0,0.0,1
A244ASJUKMUGSI,1,1.0,0.0,1,0.0,0.0,1
A245C6II33C74U,1,1.0,0.0,1,0.0,0.0,1
A2462LPFBLFKT6,1,1.0,0.0,1,0.0,0.0,1
A246B0QH9QMNFW,1,1.0,0.0,1,0.0,0.0,1
A246IM7MP7YZ8K,2,2.0,0.0,2,0.0,0.0,1
A24820RRYFYLCO,1,1.0,0.0,1,0.0,0.0,1
A248LSBZT4P38V,3,0.0013698630136986301,0.47140420652156073,3,0.0,26268.0,2190
A248QWX79TFHAT,1,1.0,0.0,1,0.0,0.0,1
A249UW8K5A9JPB,1,1.0,0.0,1,0.0,0.0,1
A249W26VWPJ8DF,1,1.0,0.0,1,0.0,0.0,1
A24AB6DJ00YOJ6,1,1.0,0.0,1,0.0,0.0,1
A24ANAR5QTRBOO,1,1.0,0.0,1,0.0,0.0,1
A24B12OG6NW0WH,1,1.0,0.0,1,0.0,0.0,1
A24C863NNAPCLW,1,1.0,0.0,1,0.0,0.0,1
A24CLCP2DPE9ML,1,1.0,0.0,1,0.0,0.0,1
A24DDONNQLE0K,1,1.0,0.0,1,0.0,0.0,1
A24EAAKE63MTM0,1,1.0,0.0,1,0.0,0.0,1
A24ECQCIUKA2Y3,1,1.0,0.0,1,0.0,0.0,1
A24EV6RXELQZ63,1,1.0,0.0,1,0.0,0.0,1
A24F1UX8ZT5IXY,1,1.0,0.0,1,0.0,0.0,1
A24FAKTJVQKSA0,1,1.0,0.0,1,0.0,0.0,1
A24FQNZ2ZCP9UH,1,1.0,0.0,1,0.0,0.0,1
A24G8O1KZ911TW,1,1.0,0.0,1,0.0,0.0,1
A24HIIPOF1E2EJ,1,1.0,0.0,1,0.0,0.0,1
A24HNXH032I6ST,3,0.3333333333333333,0.0,3,0.0,96.0,9
A24HQQ50SO3A0O,1,1.0,0.0,1,0.0,0.0,1
A24ICO449X5CE6,1,1.0,0.0,1,0.0,0.0,1
A24ILKC00ROWQM,1,1.0,0.0,1,0.0,0.0,1
A24IS1LEMFQF8C,1,1.0,0.0,1,0.0,0.0,1
A24KBB6X5URQ63,1,1.0,0.0,1,0.0,0.0,1
A24KEBS6DN87Q7,1,1.0,0.0,1,0.0,0.0,1
A24KM9R4RYUAG4,1,1.0,0.0,1,0.0,0.0,1
A24LLNKVW5NX8U,1,1.0,0.0,1,0.0,0.0,1
A24MX6O7YJGFBO,1,1.0,0.0,1,0.0,0.0,1
A24N1BAS3CU27H,1,1.0,0.0,1,0.0,0.0,1
A24NT6ZIGSJFWG,1,1.0,0.0,1,0.0,0.0,1
A24O7WFLDZG8EN,1,1.0,0.0,1,0.0,0.0,1
A24OHQK700QEIW,1,1.0,0.0,1,0.0,0.0,1
A24OJFC9EGH3KQ,1,1.0,0.0,1,0.0,0.0,1
A24P7YUPH9L5XU,1,1.0,0.0,1,0.0,0.0,1
A24P9F6NZ7I0EL,1,1.0,0.0,1,0.0,0.0,1
A24PTVSZSM8968,1,1.0,0.0,1,0.0,0.0,1
A24QCKJ232QM52,1,1.0,0.0,1,0.0,0.0,1
A24QH83RNAKZGR,1,1.0,0.0,1,0.0,0.0,1
A24QURRFX7F7YV,1,1.0,0.0,1,0.0,0.0,1
A24QX6M2GAHF0T,1,1.0,0.0,1,0.0,0.0,1
A24R30PNVRG4VG,1,1.0,0.0,1,0.0,0.0,1
A24RBKSMOOSPAB,1,1.0,0.0,1,0.0,0.0,1
A24RT6AVJXJZHF,1,1.0,0.0,1,0.0,0.0,1
A24S76CQYV9ONA,1,1.0,0.0,1,0.0,0.0,1
A24SCH81NLQW9A,2,0.09090909090909091,0.0,2,0.0,504.0,22
A24SDFQWN8HVAK,1,1.0,0.0,1,0.0,0.0,1
A24UIMLT48Z09O,1,1.0,0.0,1,0.0,0.0,1
A24V0SRCB8XBAC,1,1.0,0.0,1,0.0,0.0,1
A24VMHXIDF3ZTC,1,1.0,0.0,1,0.0,0.0,1
A24VVE3E7D4GVQ,3,3.0,0.0,3,0.0,0.0,1
A24WJXSXVNB9KF,1,1.0,0.0,1,0.0,0.0,1
A24WS0HVBX9D3L,1,1.0,0.0,1,0.0,0.0,1
A24X8P2TG2AR02,1,1.0,0.0,1,0.0,0.0,1
A24XFCZJKMAONS,1,1.0,0.0,1,0.0,0.0,1
A24XQKM79FYFV0,1,1.0,0.0,1,0.0,0.0,1
A24YVSD40AOB0U,1,1.0,0.0,1,0.0,0.0,1
A24ZVABN47L98A,1,1.0,0.0,1,0.0,0.0,1
A250AXLRBVYKB4,2,0.01904761904761905,0.0,2,0.0,2496.0,105
A250YP5XTKH243,1,1.0,0.0,1,0.0,0.0,1
A2519QDPSKTSAV,1,1.0,0.0,1,0.0,0.0,1
A251DNCRYU6LQX,1,1.0,0.0,1,0.0,0.0,1
A253X5E4L0DM0W,1,1.0,0.0,1,0.0,0.0,1
A254AGEWJ5VRFI,1,1.0,0.0,1,0.0,0.0,1
A255MXZ2359C3Y,1,1.0,0.0,1,0.0,0.0,1
A256S0SNCGFKGC,1,1.0,0.0,1,0.0,0.0,1
A25789FH7X4BMI,1,1.0,0.0,1,0.0,0.0,1
A257GFB4MEE56X,1,1.0,0.0,1,0.0,0.0,1
A2582KMXLK2P06,1,1.0,0.0,1,0.0,0.0,1
A2583R6OPKM7CN,1,1.0,0.0,1,0.0,0.0,1
A258NDMTLH29RJ,1,1.0,0.0,1,0.0,0.0,1
A258SMAC3H58CO,2,0.018691588785046728,0.0,2,0.0,2544.0,107
A2598DC654IRTQ,1,1.0,0.0,1,0.0,0.0,1
A259MPG6SOL02P,3,0.01694915254237288,0.47140420652156073,3,0.0,2112.0,177
A25BHOP1LA4XDA,1,1.0,0.0,1,0.0,0.0,1
A25C1PGDWZ5G3V,2,0.16666666666666666,0.0,2,0.0,264.0,12
A25D7KKZFL2PH0,1,1.0,0.0,1,0.0,0.0,1
A25DV2T1HW6WTR,1,1.0,0.0,1,0.0,0.0,1
A25E3UVEKH8D5,1,1.0,0.0,1,0.0,0.0,1
A25E8V5JMW43RY,3,3.0,0.0,3,0.0,0.0,1
A25EGTGMF8V06Y,1,1.0,0.0,1,0.0,0.0,1
A25F2NO8JVV7WI,1,1.0,0.0,1,0.0,0.0,1
A25FD86NG19ICC,1,1.0,0.0,1,0.0,0.0,1
A25GCAD2QGXD55,1,1.0,0.0,1,0.0,0.0,1
A25HBO5V8S8SEA,2,2.0,0.0,2,0.0,0.0,1
A25K6D8IF14MW2,1,1.0,0.0,1,0.0,0.0,1
A25KDAMREZ38KJ,1,1.0,0.0,1,0.0,0.0,1
A25KZDHFZKWC4V,1,1.0,0.0,1,0.0,0.0,1
A25M2X8KHSS2NC,1,1.0,0.0,1,0.0,0.0,1
A25MMGY5LQ9R8J,1,1.0,0.0,1,0.0,0.0,1
A25PBJDH4ZRJFQ,1,1.0,0.0,1,0.0,0.0,1
A25PJ0QJ61SC80,1,1.0,0.0,1,0.0,0.0,1
A25PM9JGHPU8EI,1,1.0,0.0,1,0.0,0.0,1
A25Q4C2UDIOPXC,1,1.0,0.0,1,0.0,0.0,1
A25QCRZEUCKW35,1,1.0,0.0,1,0.0,0.0,1
A25QM6LQRU4BO,1,1.0,0.0,1,0.0,0.0,1
A25QY9B9W2FQCF,1,1.0,0.0,1,0.0,0.0,1
A25RR4OLL774IK,1,1.0,0.0,1,0.0,0.0,1
A25RTRAPQAJBDJ,1,1.0,0.0,1,0.0,0.0,1
A25SDTIJI2EFPG,1,1.0,0.0,1,0.0,0.0,1
A25SJLO22V5GXO,1,1.0,0.0,1,0.0,0.0,1
A25SMO52DJBB1Y,1,1.0,0.0,1,0.0,0.0,1
A25SPTJVZ8DT1Z,1,1.0,0.0,1,0.0,0.0,1
A25TFVJ6B9U1NU,1,1.0,0.0,1,0.0,0.0,1
A25TM6Q7ROIR0Y,1,1.0,0.0,1,0.0,0.0,1
A25UHHZKAFJ563,1,1.0,0.0,1,0.0,0.0,1
A25UNN91ZTFZX7,1,1.0,0.0,1,0.0,0.0,1
A25UWYG38UIHF6,1,1.0,0.0,1,0.0,0.0,1
A25UZ1X4MF9C8L,1,1.0,0.0,1,0.0,0.0,1
A25V0QNH29GCX4,1,1.0,0.0,1,0.0,0.0,1
A25X0R6758CLWJ,1,1.0,0.0,1,0.0,0.0,1
A25X6171VCSJQH,1,1.0,0.0,1,0.0,0.0,1
A25YWG8NC0DKGH,1,1.0,0.0,1,0.0,0.0,1
A25ZRQBJFOIQNA,1,1.0,0.0,1,0.0,0.0,1
A260ZC4PRM3Z7V,1,1.0,0.0,1,0.0,0.0,1
A261321MIS0YPB,1,1.0,0.0,1,0.0,0.0,1
A2620FU6M0WOXM,1,1.0,0.0,1,0.0,0.0,1
A262G6Q4J29VPD,1,1.0,0.0,1,0.0,0.0,1
A263ACJCNTURTL,1,1.0,0.0,1,0.0,0.0,1
A2641PDNZ2GV33,1,1.0,0.0,1,0.0,0.0,1
A264DG2U0C0BYH,1,1.0,0.0,1,0.0,0.0,1
A264KSWO7ADT2W,1,1.0,0.0,1,0.0,0.0,1
A265AV8CSQZRRW,1,1.0,0.0,1,0.0,0.0,1
A265ELQ8QCGJZ1,1,1.0,0.0,1,0.0,0.0,1
A265S153QJNV70,1,1.0,0.0,1,0.0,0.0,1
A26624KSJ3FBMZ,1,1.0,0.0,1,0.0,0.0,1
A266AKA2T51O0C,1,1.0,0.0,1,0.0,0.0,1
A266PY9OPJHHQW,1,1.0,0.0,1,0.0,0.0,1
A2682BOZU0ZTCF,1,1.0,0.0,1,0.0,0.0,1
A2683OJ85CLWFA,1,1.0,0.0,1,0.0,0.0,1
A268WAQS5WNMGJ,1,1.0,0.0,1,0.0,0.0,1
A2690TEJA2N778,1,1.0,0.0,1,0.0,0.0,1
A26AY1BPGZ50AG,1,1.0,0.0,1,0.0,0.0,1
A26BM4G76GAPCM,1,1.0,0.0,1,0.0,0.0,1
A26BZ1I78GIPUK,1,1.0,0.0,1,0.0,0.0,1
A26D3NDNGDLIC4,4,0.6666666666666666,0.0,4,0.0,40.0,6
A26FYKG5LAHRUH,3,0.012711864406779662,0.47140420652156073,3,0.0,2820.0,236
A26HC0DYVSVNUS,1,1.0,0.0,1,0.0,0.0,1
A26IJ5PCZRI3V3,1,1.0,0.0,1,0.0,0.0,1
A26KXNN6H1IL0I,1,1.0,0.0,1,0.0,0.0,1
A26QCCO0101CO1,1,1.0,0.0,1,0.0,0.0,1
A26QL0T3E7MOAE,1,1.0,0.0,1,0.0,0.0,1
A26SCAZO579H8K,1,1.0,0.0,1,0.0,0.0,1
A26SDXLH2076YY,1,1.0,0.0,1,0.0,0.0,1
A26U6HU35KBSWV,1,1.0,0.0,1,0.0,0.0,1
A26UGCSD0QA6FC,1,1.0,0.0,1,0.0,0.0,1
A26UZ7UQWAHAVJ,1,1.0,0.0,1,0.0,0.0,1
A26W0ZWPNVKDPY,1,1.0,0.0,1,0.0,0.0,1
A26W5C2OC26ZXI,1,1.0,0.0,1,0.0,0.0,1
A26WI0BMA91S32,1,1.0,0.0,1,0.0,0.0,1
A26X7W5UM5QFT4,1,1.0,0.0,1,0.0,0.0,1
A26XK9WTQOWCV,1,1.0,0.0,1,0.0,0.0,1
A26Y3GDR2X0V6V,2,0.004796163069544364,0.0,2,0.0,9984.0,417
A26YO5A2Y8EBEG,1,1.0,0.0,1,0.0,0.0,1
A270124TENJ78B,1,1.0,0.0,1,0.0,0.0,1
A270443KWP6PER,1,1.0,0.0,1,0.0,0.0,1
A27181AF6YYMRF,1,1.0,0.0,1,0.0,0.0,1
A271VNQZ9NCM42,1,1.0,0.0,1,0.0,0.0,1
A2725N1VSUMBIQ,1,1.0,0.0,1,0.0,0.0,1
A272JDNEVXGADX,1,1.0,0.0,1,0.0,0.0,1
A272Y6VXIMOKSF,1,1.0,0.0,1,0.0,0.0,1
A273WV7N5H7D5B,1,1.0,0.0,1,0.0,0.0,1
A2749BTS2KRMVH,1,1.0,0.0,1,0.0,0.0,1
A274MXTX3DYLUV,1,1.0,0.0,1,0.0,0.0,1
A2756CRIGV5V7T,1,1.0,0.0,1,0.0,0.0,1
A2759PRDPCNGXF,1,1.0,0.0,1,0.0,0.0,1
A275POKNNSDTC4,1,1.0,0.0,1,0.0,0.0,1
A277GN3987433U,1,1.0,0.0,1,0.0,0.0,1
A277VC5WJ818NY,1,1.0,0.0,1,0.0,0.0,1
A279M2SJNQDWM7,1,1.0,0.0,1,0.0,0.0,1
A27A10YC94A9G2,1,1.0,0.0,1,0.0,0.0,1
A27BPKU7ZJ3NOO,1,1.0,0.0,1,0.0,0.0,1
A27C68294LPSDE,1,1.0,0.0,1,0.0,0.0,1
A27DHWJ275D678,1,1.0,0.0,1,0.0,0.0,1
A27DUWMSKPPGLT,1,1.0,0.0,1,0.0,0.0,1
A27EXUP9VDZ5FV,1,1.0,0.0,1,0.0,0.0,1
A27F7B3PXZ0RVE,1,1.0,0.0,1,0.0,0.0,1
A27FPKOKRNWKJM,1,1.0,0.0,1,0.0,0.0,1
A27HJKSWIJZ131,1,1.0,0.0,1,0.0,0.0,1
A27HLTDITCL1O8,1,1.0,0.0,1,0.0,0.0,1
A27IPICV6MUXIE,1,1.0,0.0,1,0.0,0.0,1
A27K5RT7VDB7BU,1,1.0,0.0,1,0.0,0.0,1
A27K80SBJQQQDS,1,1.0,0.0,1,0.0,0.0,1
A27KTLDSBWXNED,1,1.0,0.0,1,0.0,0.0,1
A27L67S8O0TU0A,1,1.0,0.0,1,0.0,0.0,1
A27LEONMJN31DW,1,1.0,0.0,1,0.0,0.0,1
A27LYK37L6L37M,1,1.0,0.0,1,0.0,0.0,1
A27MW1FQ52O87S,1,1.0,0.0,1,0.0,0.0,1
A27N36BPXB2EKB,1,1.0,0.0,1,0.0,0.0,1
A27NKDSY5J9MEB,1,1.0,0.0,1,0.0,0.0,1
A27NNZQQWWXW4P,1,1.0,0.0,1,0.0,0.0,1
A27OMVFGJXH1VB,1,1.0,0.0,1,0.0,0.0,1
A27PF7CJPO7AH,1,1.0,0.0,1,0.0,0.0,1
A27POUEZJP2IDM,1,1.0,0.0,1,0.0,0.0,1
A27PQJHUSWNZZ0,1,1.0,0.0,1,0.0,0.0,1
A27QB80ZPR6SWR,1,1.0,0.0,1,0.0,0.0,1
A27QJSPXDC0982,1,1.0,0.0,1,0.0,0.0,1
A27R1FLUS2KTIX,1,1.0,0.0,1,0.0,0.0,1
A27R1GTG9L16K3,1,1.0,0.0,1,0.0,0.0,1
A27S55KYD5LCAT,1,1.0,0.0,1,0.0,0.0,1
A27T9BZ9WP57BY,1,1.0,0.0,1,0.0,0.0,1
A27TQB8CIV25OX,1,1.0,0.0,1,0.0,0.0,1
A27VKG07JIMZVT,1,1.0,0.0,1,0.0,0.0,1
A27WE8BLO92HGW,1,1.0,0.0,1,0.0,0.0,1
A27WR1MUJH2RNP,1,1.0,0.0,1,0.0,0.0,1
A27X48PMUGK6U4,1,1.0,0.0,1,0.0,0.0,1
A27XULAA9X5ZGQ,1,1.0,0.0,1,0.0,0.0,1
A27Y4OEC9MD9PA,1,1.0,0.0,1,0.0,0.0,1
A27YPCR3ZXWVFE,1,1.0,0.0,1,0.0,0.0,1
A27ZSW3DO2RR5W,1,1.0,0.0,1,0.0,0.0,1
A280GXBY1EV2TL,1,1.0,0.0,1,0.0,0.0,1
A280Z5W5NYT9B9,2,0.004819277108433735,0.0,2,0.0,9936.0,415
A2812T15HPAR06,1,1.0,0.0,1,0.0,0.0,1
A282XABZ9J36WT,1,1.0,0.0,1,0.0,0.0,1
A283A424XAZCGX,1,1.0,0.0,1,0.0,0.0,1
A284J4XHAKPYM6,1,1.0,0.0,1,0.0,0.0,1
A284KBVQ4OSZR,1,1.0,0.0,1,0.0,0.0,1
A2859C020TGTJV,1,1.0,0.0,1,0.0,0.0,1
A28621TSIR5EOG,1,1.0,0.0,1,0.0,0.0,1
A286412C4WR3J9,1,1.0,0.0,1,0.0,0.0,1
A2865Q3GBNDKFV,1,1.0,0.0,1,0.0,0.0,1
A2886U6R12OVNQ,2,0.03076923076923077,0.0,2,0.0,1536.0,65
A288QFC30VQKN2,2,2.0,0.0,2,0.0,0.0,1
A28A0A6EDMP5P8,1,1.0,0.0,1,0.0,0.0,1
A28B1DZ3CLMCYI,1,1.0,0.0,1,0.0,0.0,1
A28CAQRAIZ1UWU,1,1.0,0.0,1,0.0,0.0,1
A28CDVITG60706,1,1.0,0.0,1,0.0,0.0,1
A28DFWTBTUDAJJ,1,1.0,0.0,1,0.0,0.0,1
A28DUP3ZYFS6NH,1,1.0,0.0,1,0.0,0.0,1
A28ESDJPORMVEY,1,1.0,0.0,1,0.0,0.0,1
A28ESPSP0O6LUM,1,1.0,0.0,1,0.0,0.0,1
A28EZVGVWMQ071,1,1.0,0.0,1,0.0,0.0,1
A28FSKNDEGW9EM,1,1.0,0.0,1,0.0,0.0,1
A28GOYAWYITYYJ,1,1.0,0.0,1,0.0,0.0,1
A28GT8K15D0LIS,1,1.0,0.0,1,0.0,0.0,1
A28IAZZI0SNRMW,1,1.0,0.0,1,0.0,0.0,1
A28ICNCNINMC7Q,1,1.0,0.0,1,0.0,0.0,1
A28IK37GNGUDUX,1,1.0,0.0,1,0.0,0.0,1
A28J0LAHKSFTQI,1,1.0,0.0,1,0.0,0.0,1
A28J56XSN1YQL4,1,1.0,0.0,1,0.0,0.0,1
A28JDCKBEDSI1D,1,1.0,0.0,1,0.0,0.0,1
A28KIQ00R1B50X,1,1.0,0.0,1,0.0,0.0,1
A28LI4KXSRSVLY,1,1.0,0.0,1,0.0,0.0,1
A28LUBH5ZQBPIP,1,1.0,0.0,1,0.0,0.0,1
A28LXIZQOEQ6KY,1,1.0,0.0,1,0.0,0.0,1
A28M7EFC3YLY3F,2,2.0,0.0,2,0.0,0.0,1
A28MT6UWXNPW8P,1,1.0,0.0,1,0.0,0.0,1
A28NNY8RA9EVW1,1,1.0,0.0,1,0.0,0.0,1
A28ORIA0YWRKEK,2,2.0,0.0,2,0.0,0.0,1
A28OZBLQKKYGOR,2,0.25,0.0,2,0.0,168.0,8
A28Q0JA9H8WZOD,2,0.002197802197802198,0.0,2,0.0,21816.0,910
A28QRX1HWDLNL1,1,1.0,0.0,1,0.0,0.0,1
A28RVT20CEXA8B,1,1.0,0.0,1,0.0,0.0,1
A28TEYUOFXAJCK,1,1.0,0.0,1,0.0,0.0,1
A28TVBEH7FWGPC,1,1.0,0.0,1,0.0,0.0,1
A28UJ5KGAMD9HH,1,1.0,0.0,1,0.0,0.0,1
A28V3C26BYK04D,1,1.0,0.0,1,0.0,0.0,1
A28X0LT2100RL1,2,0.006230529595015576,0.0,2,0.0,7680.0,321
A28X7NZ02016FO,2,0.002976190476190476,0.0,2,0.0,16104.0,672
A28XLRMDS3C0P,1,1.0,0.0,1,0.0,0.0,1
A28Y1YD0QK88M5,1,1.0,0.0,1,0.0,0.0,1
A28Y587UOB6VCS,1,1.0,0.0,1,0.0,0.0,1
A28YEO2J0XTA41,1,1.0,0.0,1,0.0,0.0,1
A28YUFBI33QZ28,1,1.0,0.0,1,0.0,0.0,1
A28ZNQA9A9VZNQ,1,1.0,0.0,1,0.0,0.0,1
A28ZZVJQDTXKLA,1,1.0,0.0,1,0.0,0.0,1
A2909VBH8409LU,1,1.0,0.0,1,0.0,0.0,1
A290P12SRG78VQ,2,0.0038314176245210726,0.0,2,0.0,12504.0,522
A290RDSYTFRU7J,1,1.0,0.0,1,0.0,0.0,1
A290XSFY4NQDJQ,1,1.0,0.0,1,0.0,0.0,1
A291IOKN3QEQNQ,2,2.0,0.0,2,0.0,0.0,1
A291XTI6NO7DEG,1,1.0,0.0,1,0.0,0.0,1
A294CSQXGL76CV,1,1.0,0.0,1,0.0,0.0,1
A2959OYCZX0D4Y,1,1.0,0.0,1,0.0,0.0,1
A296QHS9BLVFLH,1,1.0,0.0,1,0.0,0.0,1
A297R44X7WEQ8T,1,1.0,0.0,1,0.0,0.0,1
A2989GGNNTCGZU,1,1.0,0.0,1,0.0,0.0,1
A298COFUERZQWL,1,1.0,0.0,1,0.0,0.0,1
A298GL2D0BHGKZ,1,1.0,0.0,1,0.0,0.0,1
A298Q3B5R3X54L,1,1.0,0.0,1,0.0,0.0,1
A299PV3CRFH3C5,1,1.0,0.0,1,0.0,0.0,1
A299WE3SXXMRTD,1,1.0,0.0,1,0.0,0.0,1
A29BDFO26ZEITL,1,1.0,0.0,1,0.0,0.0,1
A29BHRFANZXQ3C,1,1.0,0.0,1,0.0,0.0,1
A29C2DK1SF1GI4,1,1.0,0.0,1,0.0,0.0,1
A29CIMCVNUZQ8B,1,1.0,0.0,1,0.0,0.0,1
A29CT3MXKBWVQ6,1,1.0,0.0,1,0.0,0.0,1
A29EGA8RIDPUJ1,1,1.0,0.0,1,0.0,0.0,1
A29ELZ0R2VXILG,1,1.0,0.0,1,0.0,0.0,1
A29G75YOG3SOW2,2,0.001189767995240928,0.0,2,0.0,40320.0,1681
A29GDAD8IAEOKT,1,1.0,0.0,1,0.0,0.0,1
A29GQ42XFJQDI8,1,1.0,0.0,1,0.0,0.0,1
A29GWIJL72GXXZ,1,1.0,0.0,1,0.0,0.0,1
A29HDY49CQDCWG,1,1.0,0.0,1,0.0,0.0,1
A29HHD1M6QPCWX,1,1.0,0.0,1,0.0,0.0,1
A29IE483D5HY5R,1,1.0,0.0,1,0.0,0.0,1
A29KEBGOFM7WP3,2,2.0,0.0,2,0.0,0.0,1
A29LNXUJP5ANAL,1,1.0,0.0,1,0.0,0.0,1
A29N6KX6PCN26H,1,1.0,0.0,1,0.0,0.0,1
A29N9FVO6L2IGO,1,1.0,0.0,1,0.0,0.0,1
A29O2CYBUENAB1,1,1.0,0.0,1,0.0,0.0,1
A29P1GQGK08W6Z,1,1.0,0.0,1,0.0,0.0,1
A29P65DEEZIEB0,1,1.0,0.0,1,0.0,0.0,1
A29PAGCYHOJN4A,1,1.0,0.0,1,0.0,0.0,1
A29PQH8RIUG4KZ,4,0.0027137042062415195,0.0,4,0.0,11784.0,1474
A29Q4R53TBNAYR,1,1.0,0.0,1,0.0,0.0,1
A29QYVLSXFQ9HB,1,1.0,0.0,1,0.0,0.0,1
A29R3O02O0PON4,1,1.0,0.0,1,0.0,0.0,1
A29S1MTFU2DJMW,1,1.0,0.0,1,0.0,0.0,1
A29S8I5VT9TKZA,1,1.0,0.0,1,0.0,0.0,1
A29SZ81DMZAYC5,1,1.0,0.0,1,0.0,0.0,1
A29UCTPWD0NNHQ,1,1.0,0.0,1,0.0,0.0,1
A29UH663BZ88D9,1,1.0,0.0,1,0.0,0.0,1
A29UNXK7F3S93L,1,1.0,0.0,1,0.0,0.0,1
A29VGSEOXFSJC4,1,1.0,0.0,1,0.0,0.0,1
A29VR9CPO02WV3,1,1.0,0.0,1,0.0,0.0,1
A29WPOE56CCG1X,1,1.0,0.0,1,0.0,0.0,1
A29WUMT65XEQE9,1,1.0,0.0,1,0.0,0.0,1
A29XK5H3AA5S01,2,0.008298755186721992,0.0,2,0.0,5760.0,241
A29XKP2TLNL7V,1,1.0,0.0,1,0.0,0.0,1
A29XOCWBBZCUI0,1,1.0,0.0,1,0.0,0.0,1
A29Y0RIJ23SDQW,2,0.006230529595015576,0.0,2,0.0,7680.0,321
A29YS5OVDXOJVL,1,1.0,0.0,1,0.0,0.0,1
A29Z8U6PQ4231Z,1,1.0,0.0,1,0.0,0.0,1
A29ZO7EB4NTC07,1,1.0,0.0,1,0.0,0.0,1
A2A039TZMZHH9Y,1,1.0,0.0,1,0.0,0.0,1
A2A0HREDAG2QIC,1,1.0,0.0,1,0.0,0.0,1
A2A0XAOI0QSETY,1,1.0,0.0,1,0.0,0.0,1
A2A1CFL4A83Q20,1,1.0,0.0,1,0.0,0.0,1
A2A1LYCNNE9WES,1,1.0,0.0,1,0.0,0.0,1
A2A1RBR2MG7LHY,1,1.0,0.0,1,0.0,0.0,1
A2A26KED39175E,1,1.0,0.0,1,0.0,0.0,1
A2A28DJDS6LEHP,1,1.0,0.0,1,0.0,0.0,1
A2A2JYDOR6GJ3E,1,1.0,0.0,1,0.0,0.0,1
A2A2M8EGBY2FV0,1,1.0,0.0,1,0.0,0.0,1
A2A2STSMRHC225,1,1.0,0.0,1,0.0,0.0,1
A2A3B0JX2JRS6S,2,2.0,0.0,2,0.0,0.0,1
A2A3BLPBHISRZ4,1,1.0,0.0,1,0.0,0.0,1
A2A3HDJXDN8W47,1,1.0,0.0,1,0.0,0.0,1
A2A3HQJM4VQGBL,1,1.0,0.0,1,0.0,0.0,1
A2A817AADURYEF,2,0.0011702750146284377,0.0,2,0.0,40992.0,1709
A2A973NYYQYPQS,1,1.0,0.0,1,0.0,0.0,1
A2A9X58G2GTBLP,1,1.0,0.0,1,0.0,0.0,1
A2A9ZF3KYXL5D0,1,1.0,0.0,1,0.0,0.0,1
A2AA9EL5OTG0T5,3,3.0,0.0,3,0.0,0.0,1
A2AAB4Y69I91Y0,1,1.0,0.0,1,0.0,0.0,1
A2AAN5OO6QZ905,1,1.0,0.0,1,0.0,0.0,1
A2ABALJP4ZTH4P,1,1.0,0.0,1,0.0,0.0,1
A2AD9V438DGUYU,1,1.0,0.0,1,0.0,0.0,1
A2ADK1Y7WSPSGP,1,1.0,0.0,1,0.0,0.0,1
A2ADXHHQWZ630U,1,1.0,0.0,1,0.0,0.0,1
A2AEG2K27AHN95,1,1.0,0.0,1,0.0,0.0,1
A2AEZQ3DGBBLPR,4,0.002840909090909091,0.4330123771329365,4,0.0,11256.0,1408
A2AF0NOCM71J0B,1,1.0,0.0,1,0.0,0.0,1
A2AFGNDUPNWVSN,1,1.0,0.0,1,0.0,0.0,1
A2AFT2VCH2S01B,4,0.015209125475285171,0.0,4,0.0,2096.0,263
A2AFZNODU90LOV,1,1.0,0.0,1,0.0,0.0,1
A2AG8VKBKJY40R,1,1.0,0.0,1,0.0,0.0,1
A2AGGWPJZODA0A,1,1.0,0.0,1,0.0,0.0,1
A2AIDS3RG8GKWW,2,2.0,0.0,2,0.0,0.0,1
A2AJ77KV1AA7T0,1,1.0,0.0,1,0.0,0.0,1
A2AK9QCWJ7PJHV,1,1.0,0.0,1,0.0,0.0,1
A2ALCI2BU43KTU,1,1.0,0.0,1,0.0,0.0,1
A2AM9IPXQKNO8L,1,1.0,0.0,1,0.0,0.0,1
A2ANICQ82D7RJV,1,1.0,0.0,1,0.0,0.0,1
A2ANKYHOZSYZ4Q,1,1.0,0.0,1,0.0,0.0,1
A2AO270D2JMUK9,1,1.0,0.0,1,0.0,0.0,1
A2AOB5EFWI6SI7,1,1.0,0.0,1,0.0,0.0,1
A2AOZQ3WTNVVOK,1,1.0,0.0,1,0.0,0.0,1
A2AP059CCLBWPU,1,1.0,0.0,1,0.0,0.0,1
A2AQC0GK90K9WX,1,1.0,0.0,1,0.0,0.0,1
A2AQK72ZFPKQJI,1,1.0,0.0,1,0.0,0.0,1
A2AS9PYAJYXQW2,1,1.0,0.0,1,0.0,0.0,1
A2ASJCZAYXEK0J,1,1.0,0.0,1,0.0,0.0,1
A2ASW6L6IEKU5L,1,1.0,0.0,1,0.0,0.0,1
A2ATP6ZTCPX1QX,1,1.0,0.0,1,0.0,0.0,1
A2AU3BJPWB4TT8,1,1.0,0.0,1,0.0,0.0,1
A2AVX8HN2XX0WQ,1,1.0,0.0,1,0.0,0.0,1
A2AWJVTRURCGX3,1,1.0,0.0,1,0.0,0.0,1
A2AWP1RAJ2GOGE,1,1.0,0.0,1,0.0,0.0,1
A2AXDNZG8JIVAW,1,1.0,0.0,1,0.0,0.0,1
A2AZTRF410E765,1,1.0,0.0,1,0.0,0.0,1
A2AZWCITJKQMWA,1,1.0,0.0,1,0.0,0.0,1
A2B0HYERQR96HI,1,1.0,0.0,1,0.0,0.0,1
A2B1OJ22IYM3NR,1,1.0,0.0,1,0.0,0.0,1
A2B201HPHQVX3V,1,1.0,0.0,1,0.0,0.0,1
A2B37JAQUAZ29N,1,1.0,0.0,1,0.0,0.0,1
A2B3QTNPR6EFDO,1,1.0,0.0,1,0.0,0.0,1
A2B40QQALLN0I2,1,1.0,0.0,1,0.0,0.0,1
A2B54000WDS6D2,1,1.0,0.0,1,0.0,0.0,1
A2B5F8N1BO2CQA,2,0.01,0.0,2,0.0,4776.0,200
A2B7BUH8834Y6M,5,0.028409090909090908,0.39999968000025604,5,0.0,1050.0,176
A2B7R69TZSJA8C,1,1.0,0.0,1,0.0,0.0,1
A2B7WSIBZIC2F5,1,1.0,0.0,1,0.0,0.0,1
A2B8GN9RVQ0EFA,1,1.0,0.0,1,0.0,0.0,1
A2B9AYXPRI38IV,1,1.0,0.0,1,0.0,0.0,1
A2BAKWNFT9N7L5,2,2.0,0.0,2,0.0,0.0,1
A2BB4DGBRVGKWW,1,1.0,0.0,1,0.0,0.0,1
A2BBN72TP5QOPK,1,1.0,0.0,1,0.0,0.0,1
A2BBUA32IHWXB1,1,1.0,0.0,1,0.0,0.0,1
A2BBZGVLEGIAVN,1,1.0,0.0,1,0.0,0.0,1
A2BCB516A8HV6K,1,1.0,0.0,1,0.0,0.0,1
A2BCDZO1XQLDH,1,1.0,0.0,1,0.0,0.0,1
A2BCV9V0BLJ7RI,1,1.0,0.0,1,0.0,0.0,1
A2BD5KVPI6CSPU,1,1.0,0.0,1,0.0,0.0,1
A2BDQ38RNRXIRQ,1,1.0,0.0,1,0.0,0.0,1
A2BDT8C8FGPNF4,1,1.0,0.0,1,0.0,0.0,1
A2BE471PVBBG6Z,1,1.0,0.0,1,0.0,0.0,1
A2BEI9QC4XQFYD,1,1.0,0.0,1,0.0,0.0,1
A2BF3B582JCRZ4,1,1.0,0.0,1,0.0,0.0,1
A2BFNGFKQWHJN7,1,1.0,0.0,1,0.0,0.0,1
A2BFQZMGDGXC2M,1,1.0,0.0,1,0.0,0.0,1
A2BFYFA5C5JFWU,1,1.0,0.0,1,0.0,0.0,1
A2BG1N1J4R84GM,1,1.0,0.0,1,0.0,0.0,1
A2BGJ5ABQEERDU,1,1.0,0.0,1,0.0,0.0,1
A2BGZ52M908MJY,6,0.0821917808219178,0.3726776856852269,6,0.0,345.6,73
A2BH04B9G9LOYA,1,1.0,0.0,1,0.0,0.0,1
A2BH42X4GDFUAY,1,1.0,0.0,1,0.0,0.0,1
A2BH53SGUYGXQE,1,1.0,0.0,1,0.0,0.0,1
A2BH9DHKBIBDX3,1,1.0,0.0,1,0.0,0.0,1
A2BHAEL2Q4HR4A,1,1.0,0.0,1,0.0,0.0,1
A2BHNIWHUFKE9D,1,1.0,0.0,1,0.0,0.0,1
A2BI702GCWNYJ4,1,1.0,0.0,1,0.0,0.0,1
A2BIAZVVPAEB9U,1,1.0,0.0,1,0.0,0.0,1
A2BIQJIXLDSJSE,1,1.0,0.0,1,0.0,0.0,1
A2BJUIIQNFRLF9,1,1.0,0.0,1,0.0,0.0,1
A2BK7LBCEWRREY,3,0.003115264797507788,0.0,3,0.0,11544.0,963
A2BLGQ2SCSKCCY,1,1.0,0.0,1,0.0,0.0,1
A2BLITJITO97N5,5,0.006954102920723227,0.0,5,0.0,4308.0,719
A2BLRT79WUTLXW,1,1.0,0.0,1,0.0,0.0,1
A2BMRAASBON4Q8,1,1.0,0.0,1,0.0,0.0,1
A2BMZRO0H7TFCS,1,1.0,0.0,1,0.0,0.0,1
A2BQWD54CXBX6R,1,1.0,0.0,1,0.0,0.0,1
A2BRXREMT5WZJ0,1,1.0,0.0,1,0.0,0.0,1
A2BSW8L2WPWNAT,1,1.0,0.0,1,0.0,0.0,1
A2BTUPD2PM2MRU,1,1.0,0.0,1,0.0,0.0,1
A2BUA0W0E6NM2D,1,1.0,0.0,1,0.0,0.0,1
A2BUPVAQ8NN7EU,1,1.0,0.0,1,0.0,0.0,1
A2BUURD9JFCRXJ,1,1.0,0.0,1,0.0,0.0,1
A2BUXQ05X8GB58,1,1.0,0.0,1,0.0,0.0,1
A2BV8E2VPVORN3,1,1.0,0.0,1,0.0,0.0,1
A2BW2AE4FVJ0SL,1,1.0,0.0,1,0.0,0.0,1
A2BW7NHB67AQWP,1,1.0,0.0,1,0.0,0.0,1
A2BWTWFVI6D9SD,1,1.0,0.0,1,0.0,0.0,1
A2BX0E26599UPQ,1,1.0,0.0,1,0.0,0.0,1
A2BX0EBZOTLDAA,1,1.0,0.0,1,0.0,0.0,1
A2BXDDRQGI34PW,1,1.0,0.0,1,0.0,0.0,1
A2BXVR4XBE18T6,1,1.0,0.0,1,0.0,0.0,1
A2BYV7S1QP2YIG,1,1.0,0.0,1,0.0,0.0,1
A2BYYFGBZHELAF,1,1.0,0.0,1,0.0,0.0,1
A2BZF12UZ53GAU,1,1.0,0.0,1,0.0,0.0,1
A2BZJFF352W2OD,1,1.0,0.0,1,0.0,0.0,1
A2BZNMPV1FDG9T,1,1.0,0.0,1,0.0,0.0,1
A2C00NNG1ZQQG2,1,1.0,0.0,1,0.0,0.0,1
A2C1XRZGFO8WK9,1,1.0,0.0,1,0.0,0.0,1
A2C27IQUH9N1Z,1,1.0,0.0,1,0.0,0.0,1
A2C4N3KROL6WA2,1,1.0,0.0,1,0.0,0.0,1
A2C4O93BXM5ROE,1,1.0,0.0,1,0.0,0.0,1
A2C7D65XX6K2OD,1,1.0,0.0,1,0.0,0.0,1
A2C9MURXVUCBMM,2,0.13333333333333333,0.0,2,0.0,336.0,15
A2CA374K5ZZWI7,1,1.0,0.0,1,0.0,0.0,1
A2CBIY2WT8XCRC,1,1.0,0.0,1,0.0,0.0,1
A2CBWSM32C6VLU,2,2.0,0.0,2,0.0,0.0,1
A2CBYGMX1S6KS6,1,1.0,0.0,1,0.0,0.0,1
A2CBZMETQJTNEE,1,1.0,0.0,1,0.0,0.0,1
A2CC2CRU24E44X,2,0.005649717514124294,0.0,2,0.0,8472.0,354
A2CC9R0KDGDFQP,1,1.0,0.0,1,0.0,0.0,1
A2CCHCGJY0IR9F,1,1.0,0.0,1,0.0,0.0,1
A2CDEOM9RZMI74,1,1.0,0.0,1,0.0,0.0,1
A2CF6Z5T5AF6NC,1,1.0,0.0,1,0.0,0.0,1
A2CFCASXVT8OIT,1,1.0,0.0,1,0.0,0.0,1
A2CFRF9SRM00HE,1,1.0,0.0,1,0.0,0.0,1
A2CGLPWEC9NL0E,1,1.0,0.0,1,0.0,0.0,1
A2CGLTQSOX2UYM,1,1.0,0.0,1,0.0,0.0,1
A2CI4FAG7AVRVA,1,1.0,0.0,1,0.0,0.0,1
A2CIMOITO2S0ZY,1,1.0,0.0,1,0.0,0.0,1
A2CJ4DLE8TWAGL,2,0.0625,0.0,2,0.0,744.0,32
A2CJ6BOXPMVDZ9,1,1.0,0.0,1,0.0,0.0,1
A2CJIF5L72V65I,1,1.0,0.0,1,0.0,0.0,1
A2CKNYM4Y87MYC,2,0.0008654262224145391,0.0,2,0.0,55440.0,2311
A2CKQA93KUJUH2,2,0.007575757575757576,0.0,2,0.0,6312.0,264
A2CLD5FSSXMYBT,2,2.0,0.0,2,0.0,0.0,1
A2CMDNV9KR1OCF,1,1.0,0.0,1,0.0,0.0,1
A2CNBO4DZDFT0J,1,1.0,0.0,1,0.0,0.0,1
A2CNN71709T4Y2,1,1.0,0.0,1,0.0,0.0,1
A2CNXXVWOAPE0B,1,1.0,0.0,1,0.0,0.0,1
A2CNZUBFWM361Q,2,0.005221932114882507,0.0,2,0.0,9168.0,383
A2CP8OUNLHJXX8,1,1.0,0.0,1,0.0,0.0,1
A2CPG57XFTOBDL,1,1.0,0.0,1,0.0,0.0,1
A2CQAEX92SXVKR,1,1.0,0.0,1,0.0,0.0,1
A2CQC1UQ7E2YPU,1,1.0,0.0,1,0.0,0.0,1
A2CQET6JR59YEY,1,1.0,0.0,1,0.0,0.0,1
A2CRF098PBFCLK,1,1.0,0.0,1,0.0,0.0,1
A2CRIC1BKMLACP,2,2.0,0.0,2,0.0,0.0,1
A2CRUZQT2OUT0E,1,1.0,0.0,1,0.0,0.0,1
A2CRZP89XOHVKK,1,1.0,0.0,1,0.0,0.0,1
A2CS5VHXSF8ABK,2,0.07142857142857142,0.0,2,0.0,648.0,28
A2CSUA388LZ26O,1,1.0,0.0,1,0.0,0.0,1
A2CTBK9W1K01W7,1,1.0,0.0,1,0.0,0.0,1
A2CTXDLXKOHCEH,1,1.0,0.0,1,0.0,0.0,1
A2CUBYMC4PVHY8,1,1.0,0.0,1,0.0,0.0,1
A2CUOPUW0ZDPW6,1,1.0,0.0,1,0.0,0.0,1
A2CVWNQMZYG1E,1,1.0,0.0,1,0.0,0.0,1
A2CX4X0IIKGSNJ,1,1.0,0.0,1,0.0,0.0,1
A2CX79FL19TP46,1,1.0,0.0,1,0.0,0.0,1
A2CX7KMO48MCW0,1,1.0,0.0,1,0.0,0.0,1
A2CXHJECJ8R0QL,1,1.0,0.0,1,0.0,0.0,1
A2CY10DLP6U5MH,2,0.004016064257028112,0.0,2,0.0,11928.0,498
A2CYA3J5K1ZYJ6,1,1.0,0.0,1,0.0,0.0,1
A2CYDCJKZ7F0IO,1,1.0,0.0,1,0.0,0.0,1
A2CZW7M6NJT8KB,1,1.0,0.0,1,0.0,0.0,1
A2D0F87RY5YMHN,1,1.0,0.0,1,0.0,0.0,1
A2D1N6Z7WS9AQQ,1,1.0,0.0,1,0.0,0.0,1
A2D23Q75DN4LLH,1,1.0,0.0,1,0.0,0.0,1
A2D2AORHOMU0CV,1,1.0,0.0,1,0.0,0.0,1
A2D333TODX15EN,1,1.0,0.0,1,0.0,0.0,1
A2D5UR2N8TYK17,1,1.0,0.0,1,0.0,0.0,1
A2D77G2B5FTSKM,1,1.0,0.0,1,0.0,0.0,1
A2D82GLVKG2EIW,1,1.0,0.0,1,0.0,0.0,1
A2D9GMF2DUV4S0,1,1.0,0.0,1,0.0,0.0,1
A2DA3JJXKSWW3K,1,1.0,0.0,1,0.0,0.0,1
A2DAX9YH4EVXB0,1,1.0,0.0,1,0.0,0.0,1
A2DCBGK8J5E6PC,1,1.0,0.0,1,0.0,0.0,1
A2DCG7B6C3YA5K,1,1.0,0.0,1,0.0,0.0,1
A2DCWFE9TAMT6P,1,1.0,0.0,1,0.0,0.0,1
A2DCXXNQCZERQ8,1,1.0,0.0,1,0.0,0.0,1
A2DCZF2RN31FNK,1,1.0,0.0,1,0.0,0.0,1
A2DD6S47KYGQEV,1,1.0,0.0,1,0.0,0.0,1
A2DDKCHI03OBE,1,1.0,0.0,1,0.0,0.0,1
A2DDTHUPCXB6Y,1,1.0,0.0,1,0.0,0.0,1
A2DE1BPU8QCNSD,1,1.0,0.0,1,0.0,0.0,1
A2DF62DP20RIXF,1,1.0,0.0,1,0.0,0.0,1
A2DG4I40CMY9QH,1,1.0,0.0,1,0.0,0.0,1
A2DGF0LAMJQHQF,1,1.0,0.0,1,0.0,0.0,1
A2DGP3CC6D0TKL,1,1.0,0.0,1,0.0,0.0,1
A2DGUUI336IOPT,1,1.0,0.0,1,0.0,0.0,1
A2DIPUAC4DOZAK,1,1.0,0.0,1,0.0,0.0,1
A2DIPVQAX7SN18,2,0.0033333333333333335,0.0,2,0.0,14376.0,600
A2DJ7MDPBNZW6J,1,1.0,0.0,1,0.0,0.0,1
A2DJBNB0VZU3X3,1,1.0,0.0,1,0.0,0.0,1
A2DJGZP9NFJDZB,1,1.0,0.0,1,0.0,0.0,1
A2DKVFYCQAICA0,1,1.0,0.0,1,0.0,0.0,1
A2DLK5DI4S3OIX,1,1.0,0.0,1,0.0,0.0,1
A2DLK5KEQU4TX9,2,0.010101010101010102,0.0,2,0.0,4728.0,198
A2DLY1BLDQRWGX,1,1.0,0.0,1,0.0,0.0,1
A2DN13HKY0A58L,1,1.0,0.0,1,0.0,0.0,1
A2DN7RUNX06BZ1,1,1.0,0.0,1,0.0,0.0,1
A2DOKI3HUPALWE,1,1.0,0.0,1,0.0,0.0,1
A2DOUSV52ED1HG,1,1.0,0.0,1,0.0,0.0,1
A2DQ2G3504O8W2,1,1.0,0.0,1,0.0,0.0,1
A2DT7XKLELB1MX,1,1.0,0.0,1,0.0,0.0,1
A2DTXMVW1EQEW2,1,1.0,0.0,1,0.0,0.0,1
A2DTZUZK9YRJVK,1,1.0,0.0,1,0.0,0.0,1
A2DU3ID6V8TCW6,1,1.0,0.0,1,0.0,0.0,1
A2DVPGMT4IU827,2,0.0011154489682097045,0.0,2,0.0,43008.0,1793
A2DVQ6P0I1UUYH,1,1.0,0.0,1,0.0,0.0,1
A2DXC3PKBFPQDS,1,1.0,0.0,1,0.0,0.0,1
A2DXENZNO2JT4F,1,1.0,0.0,1,0.0,0.0,1
A2DXXJR0N8BXOK,1,1.0,0.0,1,0.0,0.0,1
A2DY4K74PF6JST,1,1.0,0.0,1,0.0,0.0,1
A2DYPUU188F6BV,2,0.0019138755980861245,0.0,2,0.0,25056.0,1045
A2DZZZ8D81Q8X,1,1.0,0.0,1,0.0,0.0,1
A2E2BMXO5WCNNJ,1,1.0,0.0,1,0.0,0.0,1
A2E2I580OO3HET,2,0.011111111111111112,0.0,2,0.0,4296.0,180
A2E2XG7HG79EO5,1,1.0,0.0,1,0.0,0.0,1
A2E30AV53XVK1D,2,0.003372681281618887,0.0,2,0.0,14208.0,593
A2E3CXT3CJDCUC,3,0.0046875,0.0,3,0.0,7668.0,640
A2E3L36WTNQJEJ,1,1.0,0.0,1,0.0,0.0,1
A2E4JRA6MHBR4F,1,1.0,0.0,1,0.0,0.0,1
A2E4ROH3UVXCEJ,1,1.0,0.0,1,0.0,0.0,1
A2E5IK9TUH8UPD,1,1.0,0.0,1,0.0,0.0,1
A2E6A49WGDYWFA,1,1.0,0.0,1,0.0,0.0,1
A2E6HU14P1OY1L,1,1.0,0.0,1,0.0,0.0,1
A2E74YKJXGZCJB,1,1.0,0.0,1,0.0,0.0,1
A2E7E9EWADK4S6,1,1.0,0.0,1,0.0,0.0,1
A2E7W2XGXMG6RU,1,1.0,0.0,1,0.0,0.0,1
A2E7X11Z8FU5IG,1,1.0,0.0,1,0.0,0.0,1
A2E81T06VRM5LY,1,1.0,0.0,1,0.0,0.0,1
A2E8OEDYD88CN0,1,1.0,0.0,1,0.0,0.0,1
A2E95ZZNAQ24GS,1,1.0,0.0,1,0.0,0.0,1
A2E9VW8175STQV,1,1.0,0.0,1,0.0,0.0,1
A2EAFOKLI536FJ,1,1.0,0.0,1,0.0,0.0,1
A2EARYEYVMMNZZ,1,1.0,0.0,1,0.0,0.0,1
A2EAW9C31JE4L6,1,1.0,0.0,1,0.0,0.0,1
A2EBEC60QO7QGW,1,1.0,0.0,1,0.0,0.0,1
A2EBPFXZNLL753,1,1.0,0.0,1,0.0,0.0,1
A2EC3UBQ9TB89F,1,1.0,0.0,1,0.0,0.0,1
A2ECC8ZVI96BNV,1,1.0,0.0,1,0.0,0.0,1
A2ED2S3APUJCWD,1,1.0,0.0,1,0.0,0.0,1
A2ED50E3KWKUKW,2,0.05555555555555555,0.0,2,0.0,840.0,36
A2EDFATBY4VNTS,3,0.002471169686985173,0.0,3,0.0,14556.0,1214
A2EF8N7ZE7ONWX,1,1.0,0.0,1,0.0,0.0,1
A2EFLJ4R9F89L5,1,1.0,0.0,1,0.0,0.0,1
A2EGVV7O4CEOIT,1,1.0,0.0,1,0.0,0.0,1
A2EHRDDOVUN7PN,1,1.0,0.0,1,0.0,0.0,1
A2EJ8QA6Q2X9BL,1,1.0,0.0,1,0.0,0.0,1
A2EJPGQV89WOTD,2,2.0,0.0,2,0.0,0.0,1
A2EJZ5ZIGVNYSE,1,1.0,0.0,1,0.0,0.0,1
A2EM4AZL4SQU4R,1,1.0,0.0,1,0.0,0.0,1
A2EMM9HWOSY2Q5,1,1.0,0.0,1,0.0,0.0,1
A2ENBKGI9TI7DX,1,1.0,0.0,1,0.0,0.0,1
A2ENU7RB48VUF5,1,1.0,0.0,1,0.0,0.0,1
A2ENZ4FESUXXMT,1,1.0,0.0,1,0.0,0.0,1
A2EOJNVW4NF4AE,1,1.0,0.0,1,0.0,0.0,1
A2EORZSMHG45DB,1,1.0,0.0,1,0.0,0.0,1
A2EP0WOZE8HCJX,1,1.0,0.0,1,0.0,0.0,1
A2EPAYUAQ8P78W,2,0.06896551724137931,0.0,2,0.0,672.0,29
A2EPL9FTJEUSZV,1,1.0,0.0,1,0.0,0.0,1
A2EQ0QDOSGH6AC,1,1.0,0.0,1,0.0,0.0,1
A2EQDEKD20ZLGD,1,1.0,0.0,1,0.0,0.0,1
A2EQPRSBX2R6ES,1,1.0,0.0,1,0.0,0.0,1
A2EQVLY0BKQINM,2,2.0,0.0,2,0.0,0.0,1
A2ERKJWKPRWZU5,1,1.0,0.0,1,0.0,0.0,1
A2EU2DD8LJT35E,1,1.0,0.0,1,0.0,0.0,1
A2EU4JERXUZDSI,1,1.0,0.0,1,0.0,0.0,1
A2EVFD5C3NFKPU,1,1.0,0.0,1,0.0,0.0,1
A2EVQ8S7FMLGL,3,0.0011198208286674132,0.0,3,0.0,32136.0,2679
A2EWTVSGOPKWIT,1,1.0,0.0,1,0.0,0.0,1
A2EXIALPK106OW,1,1.0,0.0,1,0.0,0.0,1
A2EYZJBTX8X9XU,1,1.0,0.0,1,0.0,0.0,1
A2EZ80LJMEMJM9,1,1.0,0.0,1,0.0,0.0,1
A2EZTM9WY5B5IL,1,1.0,0.0,1,0.0,0.0,1
A2F0AE8YOO8Q9U,1,1.0,0.0,1,0.0,0.0,1
A2F0L17JPRRIF7,1,1.0,0.0,1,0.0,0.0,1
A2F0TTEP4W354Y,1,1.0,0.0,1,0.0,0.0,1
A2F0XN0L5K7N0T,1,1.0,0.0,1,0.0,0.0,1
A2F0Z8Y0QN29UF,1,1.0,0.0,1,0.0,0.0,1
A2F1P10GGZ7K2T,1,1.0,0.0,1,0.0,0.0,1
A2F1V6JKYFP67M,1,1.0,0.0,1,0.0,0.0,1
A2F30TRZIIDMXY,1,1.0,0.0,1,0.0,0.0,1
A2F36RDJUBR6TI,1,1.0,0.0,1,0.0,0.0,1
A2F3Q2C4S0TUH5,1,1.0,0.0,1,0.0,0.0,1
A2FB4H1WFR1GDL,1,1.0,0.0,1,0.0,0.0,1
A2FB6W4914JSAN,1,1.0,0.0,1,0.0,0.0,1
A2FC3ME27RF1N,1,1.0,0.0,1,0.0,0.0,1
A2FD03H5CQG76E,4,0.0011827321111768185,0.4330123771329365,4,0.0,27048.0,3382
A2FE2YG8W9G8UW,1,1.0,0.0,1,0.0,0.0,1
A2FE3EQGIYQTLG,1,1.0,0.0,1,0.0,0.0,1
A2FF7EUEB7NB74,1,1.0,0.0,1,0.0,0.0,1
A2FG90RW53W8WS,1,1.0,0.0,1,0.0,0.0,1
A2FGU9ML27G3Q2,1,1.0,0.0,1,0.0,0.0,1
A2FHM5FB0BXKGA,3,0.007177033492822967,0.0,3,0.0,5004.0,418
A2FKEI4ANHJD1Z,1,1.0,0.0,1,0.0,0.0,1
A2FKY5R4NSHJ93,1,1.0,0.0,1,0.0,0.0,1
A2FKYKDGHWSOIQ,1,1.0,0.0,1,0.0,0.0,1
A2FM9BOFK3RS94,1,1.0,0.0,1,0.0,0.0,1
A2FNQOFEMCUKW6,1,1.0,0.0,1,0.0,0.0,1
A2FOF0GY8A3U3,1,1.0,0.0,1,0.0,0.0,1
A2FPGZXBPCLMMM,1,1.0,0.0,1,0.0,0.0,1
A2FQIOU39ZHLM5,1,1.0,0.0,1,0.0,0.0,1
A2FQTFYS3E1VFE,1,1.0,0.0,1,0.0,0.0,1
A2FRFAQCWZJT3Q,1,1.0,0.0,1,0.0,0.0,1
A2FRFWHCZ4AZWL,1,1.0,0.0,1,0.0,0.0,1
A2FS1U06RM7LCG,1,1.0,0.0,1,0.0,0.0,1
A2FSW50DBYKTAG,1,1.0,0.0,1,0.0,0.0,1
A2FU6ITLPMNK9W,1,1.0,0.0,1,0.0,0.0,1
A2FUD7TNC8HRYG,1,1.0,0.0,1,0.0,0.0,1
A2FUMBORC5EMXG,1,1.0,0.0,1,0.0,0.0,1
A2FUQX4OMDU3LS,1,1.0,0.0,1,0.0,0.0,1
A2FVNLWPFKGIEK,1,1.0,0.0,1,0.0,0.0,1
A2FW8B993V84VI,1,1.0,0.0,1,0.0,0.0,1
A2FWAYS1GIOEX4,1,1.0,0.0,1,0.0,0.0,1
A2FXX9VTD10J6C,1,1.0,0.0,1,0.0,0.0,1
A2FY4A86W9E31S,1,1.0,0.0,1,0.0,0.0,1
A2FY4IRPNJCRUK,1,1.0,0.0,1,0.0,0.0,1
A2FYZRR780Y3PN,1,1.0,0.0,1,0.0,0.0,1
A2FZQFX80KE9CJ,1,1.0,0.0,1,0.0,0.0,1
A2G0O4Y8QE10AE,2,0.0006073489219556636,0.0,2,0.0,79008.0,3293
A2G25VSOQ8CCGS,1,1.0,0.0,1,0.0,0.0,1
A2G2QNKDL1Y6AC,8,0.1702127659574468,0.3307186245042774,8,0.0,157.71428571428572,47
A2G4OJFE2Q4HJO,2,2.0,0.0,2,0.0,0.0,1
A2G88IFSSK591Y,1,1.0,0.0,1,0.0,0.0,1
A2G8DGQ8CHJUQM,1,1.0,0.0,1,0.0,0.0,1
A2G9DTRPLG0VED,1,1.0,0.0,1,0.0,0.0,1
A2GAKGT138CJZS,1,1.0,0.0,1,0.0,0.0,1
A2GARLO234WK85,1,1.0,0.0,1,0.0,0.0,1
A2GBHZL855WFH3,1,1.0,0.0,1,0.0,0.0,1
A2GBQVP43UVKTA,2,2.0,0.0,2,0.0,0.0,1
A2GCVUZ1N1TBZ2,1,1.0,0.0,1,0.0,0.0,1
A2GDMNWEJ3F8SO,1,1.0,0.0,1,0.0,0.0,1
A2GDYTF1TU1GJT,1,1.0,0.0,1,0.0,0.0,1
A2GE48B0B9588V,1,1.0,0.0,1,0.0,0.0,1
A2GEK8R4FEXDZU,1,1.0,0.0,1,0.0,0.0,1
A2GGKJ318HO2GE,1,1.0,0.0,1,0.0,0.0,1
A2GGS3I5BY7R1A,1,1.0,0.0,1,0.0,0.0,1
A2GHFM7D00AMGW,2,2.0,0.0,2,0.0,0.0,1
A2GJU27367VVCX,1,1.0,0.0,1,0.0,0.0,1
A2GKF3Q0YG4XS5,1,1.0,0.0,1,0.0,0.0,1
A2GKFYK7QKPUS6,1,1.0,0.0,1,0.0,0.0,1
A2GKTKX1U5HW5J,1,1.0,0.0,1,0.0,0.0,1
A2GKUSRRPCOV17,1,1.0,0.0,1,0.0,0.0,1
A2GKXXW2731VKS,1,1.0,0.0,1,0.0,0.0,1
A2GLAFB46IUJP7,1,1.0,0.0,1,0.0,0.0,1
A2GLM2NA1SLN43,1,1.0,0.0,1,0.0,0.0,1
A2GMJ3DJ7CBM1D,1,1.0,0.0,1,0.0,0.0,1
A2GML5RFMHMAYW,2,0.2222222222222222,0.0,2,0.0,192.0,9
A2GNATC9V28GJS,1,1.0,0.0,1,0.0,0.0,1
A2GNP3FHYG63XI,1,1.0,0.0,1,0.0,0.0,1
A2GNRMUTWM4TKW,1,1.0,0.0,1,0.0,0.0,1
A2GOWDUXFP5P18,2,0.002898550724637681,0.0,2,0.0,16536.0,690
A2GP3MF3JV9XSO,1,1.0,0.0,1,0.0,0.0,1
A2GP6XJ1V3MM3L,1,1.0,0.0,1,0.0,0.0,1
A2GPNXFUUV51ZZ,1,1.0,0.0,1,0.0,0.0,1
A2GQEXMQQHPEUB,1,1.0,0.0,1,0.0,0.0,1
A2GR77INMKX9O4,1,1.0,0.0,1,0.0,0.0,1
A2GR90IHQAO1HL,1,1.0,0.0,1,0.0,0.0,1
A2GRLLJC2JK9FN,1,1.0,0.0,1,0.0,0.0,1
A2GRYN2DYGFM8L,1,1.0,0.0,1,0.0,0.0,1
A2GT4B9RTOZJHW,1,1.0,0.0,1,0.0,0.0,1
A2GTJW5WTDX7H2,1,1.0,0.0,1,0.0,0.0,1
A2GW1F1LPHQOZA,1,1.0,0.0,1,0.0,0.0,1
A2GZBPJ1HTFM67,1,1.0,0.0,1,0.0,0.0,1
A2GZBRT6DBCCZY,1,1.0,0.0,1,0.0,0.0,1
A2GZKGGQ6U0YL0,1,1.0,0.0,1,0.0,0.0,1
A2H0734J35EB5Q,1,1.0,0.0,1,0.0,0.0,1
A2H0U8LGLEXHXV,1,1.0,0.0,1,0.0,0.0,1
A2H0XJ7I2FUZBD,1,1.0,0.0,1,0.0,0.0,1
A2H1U31KRK5X5L,1,1.0,0.0,1,0.0,0.0,1
A2H1X4B3ISLHOG,1,1.0,0.0,1,0.0,0.0,1
A2H1ZKAQN0B49Z,2,0.1,0.0,2,0.0,456.0,20
A2H2H6SQVHRIER,1,1.0,0.0,1,0.0,0.0,1
A2H2I5FY1PUHP1,1,1.0,0.0,1,0.0,0.0,1
A2H2VSTCFJMMTP,1,1.0,0.0,1,0.0,0.0,1
A2H4B42VDSFV2V,2,0.01818181818181818,0.0,2,0.0,2616.0,110
A2H5LR3VHM0TIY,1,1.0,0.0,1,0.0,0.0,1
A2H5N8YQ50U3CJ,1,1.0,0.0,1,0.0,0.0,1
A2H629SI5VJGRM,1,1.0,0.0,1,0.0,0.0,1
A2H781SEVV7GNT,1,1.0,0.0,1,0.0,0.0,1
A2H7ICQGFXDI4S,1,1.0,0.0,1,0.0,0.0,1
A2H856C9T0XWL5,1,1.0,0.0,1,0.0,0.0,1
A2H9S6PTI94ELV,2,0.3333333333333333,0.0,2,0.0,120.0,6
A2HC3SUL6QC33I,1,1.0,0.0,1,0.0,0.0,1
A2HCMW0RU59GPJ,1,1.0,0.0,1,0.0,0.0,1
A2HD75EMZR8QLN,1,1.0,0.0,1,0.0,0.0,1
A2HDRD3QSR2XWC,1,1.0,0.0,1,0.0,0.0,1
A2HDTOF8222KN3,6,0.015544041450777202,0.3726776856852269,6,0.0,1848.0,386
A2HFOS6ULS3BQJ,1,1.0,0.0,1,0.0,0.0,1
A2HG4AFBEP9084,1,1.0,0.0,1,0.0,0.0,1
A2HGEG82645YF4,1,1.0,0.0,1,0.0,0.0,1
A2HGQNXVQ8DPA8,1,1.0,0.0,1,0.0,0.0,1
A2HGVGBEVX1XE,1,1.0,0.0,1,0.0,0.0,1
A2HI35H2BOCV9R,2,0.006535947712418301,0.0,2,0.0,7320.0,306
A2HKIW9RMMSKXI,1,1.0,0.0,1,0.0,0.0,1
A2HLMXUSTCSK8N,1,1.0,0.0,1,0.0,0.0,1
A2HLNXOYLMERTC,1,1.0,0.0,1,0.0,0.0,1
A2HLXJBE9N7MPQ,1,1.0,0.0,1,0.0,0.0,1
A2HMD9LSALP7N1,1,1.0,0.0,1,0.0,0.0,1
A2HMF8ZR67BNZS,2,0.002386634844868735,0.0,2,0.0,20088.0,838
A2HOI48JK8838M,1,1.0,0.0,1,0.0,0.0,1
A2HOJS4E005E7T,1,1.0,0.0,1,0.0,0.0,1
A2HONG3KI05QIX,1,1.0,0.0,1,0.0,0.0,1
A2HOPYNO8PMUHP,1,1.0,0.0,1,0.0,0.0,1
A2HOQ2FIB8ZK0P,1,1.0,0.0,1,0.0,0.0,1
A2HOYLB0HXLLJJ,1,1.0,0.0,1,0.0,0.0,1
A2HOZZLPREEY4G,1,1.0,0.0,1,0.0,0.0,1
A2HPF56C5C13I1,1,1.0,0.0,1,0.0,0.0,1
A2HPFRNPZZ405N,1,1.0,0.0,1,0.0,0.0,1
A2HPJKM7L4EOQB,1,1.0,0.0,1,0.0,0.0,1
A2HQYNDVHRWZWL,1,1.0,0.0,1,0.0,0.0,1
A2HRH6UBEXNHJT,1,1.0,0.0,1,0.0,0.0,1
A2HRHF83I3NDGT,2,0.3333333333333333,0.0,2,0.0,120.0,6
A2HRL1T8QRAXU7,1,1.0,0.0,1,0.0,0.0,1
A2HRWONDPECN9L,1,1.0,0.0,1,0.0,0.0,1
A2HS0J5LRYD1WF,1,1.0,0.0,1,0.0,0.0,1
A2HSQ44YJXSVAX,1,1.0,0.0,1,0.0,0.0,1
A2HSRVGCSNHW97,1,1.0,0.0,1,0.0,0.0,1
A2HT87FB90NI27,3,0.009966777408637873,0.0,3,0.0,3600.0,301
A2HUXYU0IQOMOB,1,1.0,0.0,1,0.0,0.0,1
A2HW2SL0WG09OR,1,1.0,0.0,1,0.0,0.0,1
A2HW660OT2KXUM,1,1.0,0.0,1,0.0,0.0,1
A2HXEJXEQQTM1D,1,1.0,0.0,1,0.0,0.0,1
A2HXOW9NN7XRNT,1,1.0,0.0,1,0.0,0.0,1
A2HYEGYQXWXCJX,1,1.0,0.0,1,0.0,0.0,1
A2HZLT6N4OLB4J,1,1.0,0.0,1,0.0,0.0,1
A2HZP3EPX0AB8E,1,1.0,0.0,1,0.0,0.0,1
A2HZSCP2YBACIN,1,1.0,0.0,1,0.0,0.0,1
A2I0X163CQDBFA,1,1.0,0.0,1,0.0,0.0,1
A2I16SKF3RHED6,2,0.0011217049915872126,0.0,2,0.0,42768.0,1783
A2I1V1XF9Z3JFT,1,1.0,0.0,1,0.0,0.0,1
A2I2DE1DJUVQOO,2,0.0009541984732824427,0.0,2,0.0,50280.0,2096
A2I3RZM3UC2Z3G,1,1.0,0.0,1,0.0,0.0,1
A2I4J1INDYAIZL,1,1.0,0.0,1,0.0,0.0,1
A2I4KBEA963U0F,1,1.0,0.0,1,0.0,0.0,1
A2I4NRKPMGL07Z,1,1.0,0.0,1,0.0,0.0,1
A2I5LVVQ7WXEH6,1,1.0,0.0,1,0.0,0.0,1
A2I5M1X863QB8L,1,1.0,0.0,1,0.0,0.0,1
A2I6H0OBCTMNN9,1,1.0,0.0,1,0.0,0.0,1
A2I6KBFBFIORH7,1,1.0,0.0,1,0.0,0.0,1
A2I6MHMAZZDCRX,1,1.0,0.0,1,0.0,0.0,1
A2I76U2KSA7QWL,1,1.0,0.0,1,0.0,0.0,1
A2I7955ZFHEGUB,1,1.0,0.0,1,0.0,0.0,1
A2I7KTCQGLOI50,1,1.0,0.0,1,0.0,0.0,1
A2I7TWQ62H1VF,1,1.0,0.0,1,0.0,0.0,1
A2I85TDI7XF3C3,1,1.0,0.0,1,0.0,0.0,1
A2I87F2QCJ6RK3,1,1.0,0.0,1,0.0,0.0,1
A2I8J6GW1H6LWU,1,1.0,0.0,1,0.0,0.0,1
A2I9HGYUMH5H4Y,1,1.0,0.0,1,0.0,0.0,1
A2I9LWY5PN73YI,1,1.0,0.0,1,0.0,0.0,1
A2I9X30JGIAG,1,1.0,0.0,1,0.0,0.0,1
A2I9XSZSHXQ3OZ,1,1.0,0.0,1,0.0,0.0,1
A2IA23HHLMUXA6,1,1.0,0.0,1,0.0,0.0,1
A2IA5Q0TDWE81X,1,1.0,0.0,1,0.0,0.0,1
A2IAD8XA81CQWQ,1,1.0,0.0,1,0.0,0.0,1
A2IAOKN86UONF9,1,1.0,0.0,1,0.0,0.0,1
A2IATJLZM78N9Z,1,1.0,0.0,1,0.0,0.0,1
A2IBDTAQUO9UI8,1,1.0,0.0,1,0.0,0.0,1
A2IBK009X2XXDH,1,1.0,0.0,1,0.0,0.0,1
A2IBUZECB34CMS,1,1.0,0.0,1,0.0,0.0,1
A2IC2FBX0GPV1H,1,1.0,0.0,1,0.0,0.0,1
A2ICE47SJFD90U,1,1.0,0.0,1,0.0,0.0,1
A2ICKE6A3MJMM5,1,1.0,0.0,1,0.0,0.0,1
A2ICT9A9NFH6X8,1,1.0,0.0,1,0.0,0.0,1
A2ICY670PVUTAD,1,1.0,0.0,1,0.0,0.0,1
A2ID51FCQFBOFS,1,1.0,0.0,1,0.0,0.0,1
A2IDCSC6NVONIZ,1,1.0,0.0,1,0.0,0.0,1
A2IDRAYYZ5GKBZ,1,1.0,0.0,1,0.0,0.0,1
A2IE2U4SL7JWX2,1,1.0,0.0,1,0.0,0.0,1
A2IEKS5Z84WVSR,1,1.0,0.0,1,0.0,0.0,1
A2IF9ZFPVR0E15,1,1.0,0.0,1,0.0,0.0,1
A2IFGGXG3YV3Y6,2,0.0032948929159802307,0.0,2,0.0,14544.0,607
A2IFT8RDBN3P35,2,0.02127659574468085,0.0,2,0.0,2232.0,94
A2IFTSL05L8NP,1,1.0,0.0,1,0.0,0.0,1
A2IFZ00ICAERE4,1,1.0,0.0,1,0.0,0.0,1
A2IGPYY0ULFD11,1,1.0,0.0,1,0.0,0.0,1
A2IGYAKJZAIK7M,1,1.0,0.0,1,0.0,0.0,1
A2II4B6CJ4O47Q,2,2.0,0.0,2,0.0,0.0,1
A2IIAQ7VVAHXTD,1,1.0,0.0,1,0.0,0.0,1
A2IIHXGM8ZF1NC,1,1.0,0.0,1,0.0,0.0,1
A2IIZ25SZSQGCC,1,1.0,0.0,1,0.0,0.0,1
A2IJ8OWXSJQV27,1,1.0,0.0,1,0.0,0.0,1
A2IKA32YQXLDUF,1,1.0,0.0,1,0.0,0.0,1
A2IKX7H2PLHULP,1,1.0,0.0,1,0.0,0.0,1
A2ILMCJBXWF5TS,1,1.0,0.0,1,0.0,0.0,1
A2IMLPUXYQJTSY,4,0.010810810810810811,0.4330123771329365,4,0.0,2952.0,370
A2IMYG68MPGPF9,1,1.0,0.0,1,0.0,0.0,1
A2IMZNPSJGB2HQ,1,1.0,0.0,1,0.0,0.0,1
A2IN1WZFQAC298,1,1.0,0.0,1,0.0,0.0,1
A2INA3KNWJWM1Z,1,1.0,0.0,1,0.0,0.0,1
A2INGDHZFPDBFP,2,0.014285714285714285,0.0,2,0.0,3336.0,140
A2IP0Z4VPCAXZ1,1,1.0,0.0,1,0.0,0.0,1
A2IPBE3XFMT2MY,1,1.0,0.0,1,0.0,0.0,1
A2IPC51HL9UUYF,1,1.0,0.0,1,0.0,0.0,1
A2IPDJISO5T6AX,1,1.0,0.0,1,0.0,0.0,1
A2IPN5RZ7YAJG7,1,1.0,0.0,1,0.0,0.0,1
A2IQMBBNQQREPT,1,1.0,0.0,1,0.0,0.0,1
A2IQSNBMGS45X9,1,1.0,0.0,1,0.0,0.0,1
A2IQTGLZ3PIWAM,1,1.0,0.0,1,0.0,0.0,1
A2IR9680RV5O5J,1,1.0,0.0,1,0.0,0.0,1
A2ITS3FO21AYA3,1,1.0,0.0,1,0.0,0.0,1
A2ITSA62XD9VUD,1,1.0,0.0,1,0.0,0.0,1
A2ITTLEMAY03YD,1,1.0,0.0,1,0.0,0.0,1
A2ITWFZOOOR7PQ,1,1.0,0.0,1,0.0,0.0,1
A2IUAT0NF7OVTC,1,1.0,0.0,1,0.0,0.0,1
A2IV2LFAX3E6D9,1,1.0,0.0,1,0.0,0.0,1
A2IVL3B6VM0EHN,1,1.0,0.0,1,0.0,0.0,1
A2IWFH4JINUQC3,1,1.0,0.0,1,0.0,0.0,1
A2IX2BCH9YA2K4,1,1.0,0.0,1,0.0,0.0,1
A2IXAPF182DWBL,1,1.0,0.0,1,0.0,0.0,1
A2IXOX389FMB4T,1,1.0,0.0,1,0.0,0.0,1
A2IY49V4ARN4HC,1,1.0,0.0,1,0.0,0.0,1
A2IYAZCZSLHDI3,1,1.0,0.0,1,0.0,0.0,1
A2IYECKOTKGOMA,1,1.0,0.0,1,0.0,0.0,1
A2IYOX0G607ZKS,1,1.0,0.0,1,0.0,0.0,1
A2IZHXL66QBRNW,1,1.0,0.0,1,0.0,0.0,1
A2J0SM6KGZKSS8,1,1.0,0.0,1,0.0,0.0,1
A2J11LO19PHVDC,1,1.0,0.0,1,0.0,0.0,1
A2J13N66WSPPPF,1,1.0,0.0,1,0.0,0.0,1
A2J1DWBCD63Q54,1,1.0,0.0,1,0.0,0.0,1
A2J1QMGQ432RAJ,1,1.0,0.0,1,0.0,0.0,1
A2J1WRE1KQ5CS2,1,1.0,0.0,1,0.0,0.0,1
A2J2JNUHJSJXEQ,1,1.0,0.0,1,0.0,0.0,1
A2J2YV329EVMNA,1,1.0,0.0,1,0.0,0.0,1
A2J4GBHSDLP4DF,1,1.0,0.0,1,0.0,0.0,1
A2J52UTHU107PQ,1,1.0,0.0,1,0.0,0.0,1
A2J591OLWPBEMQ,1,1.0,0.0,1,0.0,0.0,1
A2J5ZIUR1C1KKE,1,1.0,0.0,1,0.0,0.0,1
A2J6DDH3DPUY8B,1,1.0,0.0,1,0.0,0.0,1
A2J753YWOBIOSR,1,1.0,0.0,1,0.0,0.0,1
A2J7JBVL369IIR,1,1.0,0.0,1,0.0,0.0,1
A2J8IE3Q5LLB96,1,1.0,0.0,1,0.0,0.0,1
A2J9469C2BM1P1,1,1.0,0.0,1,0.0,0.0,1
A2J9NEE5C5D2AU,4,0.0071301247771836,0.0,4,0.0,4480.0,561
A2JA7C0WEMB1M7,1,1.0,0.0,1,0.0,0.0,1
A2JAB206O2PG9J,1,1.0,0.0,1,0.0,0.0,1
A2JAGOIH2DZAN,1,1.0,0.0,1,0.0,0.0,1
A2JAOZ2CINPUTT,1,1.0,0.0,1,0.0,0.0,1
A2JAUEU9WI3D95,1,1.0,0.0,1,0.0,0.0,1
A2JBLIOT433R9L,1,1.0,0.0,1,0.0,0.0,1
A2JCLEDQTNXMPT,1,1.0,0.0,1,0.0,0.0,1
A2JDDUN6YNRYKU,1,1.0,0.0,1,0.0,0.0,1
A2JEB9JRWW0MFL,1,1.0,0.0,1,0.0,0.0,1
A2JFF23K5FUHE3,1,1.0,0.0,1,0.0,0.0,1
A2JFHS5XX1PMXZ,1,1.0,0.0,1,0.0,0.0,1
A2JFOHC9W629IE,1,1.0,0.0,1,0.0,0.0,1
A2JHHYYOOO4DS6,1,1.0,0.0,1,0.0,0.0,1
A2JIQ6SZ1PQ6P9,1,1.0,0.0,1,0.0,0.0,1
A2JJNP8GJFL0DM,1,1.0,0.0,1,0.0,0.0,1
A2JL1GIC0JAFW9,1,1.0,0.0,1,0.0,0.0,1
A2JLDER5UES1Q3,2,0.00041135335252982314,0.0,2,0.0,116664.0,4862
A2JMN2JA9LSHVL,1,1.0,0.0,1,0.0,0.0,1
A2JMSJO1Z8C8ZQ,1,1.0,0.0,1,0.0,0.0,1
A2JNBBSGJFN7EF,1,1.0,0.0,1,0.0,0.0,1
A2JNIVIFZNKF61,1,1.0,0.0,1,0.0,0.0,1
A2JO8NBR9VJG6E,1,1.0,0.0,1,0.0,0.0,1
A2JOEQNS9LR0NF,1,1.0,0.0,1,0.0,0.0,1
A2JOPUWVV0XQJ3,2,0.011363636363636364,0.0,2,0.0,4200.0,176
A2JPY5OA6FSW0T,1,1.0,0.0,1,0.0,0.0,1
A2JQ3SEXKF86TF,1,1.0,0.0,1,0.0,0.0,1
A2JQZ1WA1UEQWK,1,1.0,0.0,1,0.0,0.0,1
A2JSFCLWWRXIJ4,1,1.0,0.0,1,0.0,0.0,1
A2JSKM60VTCNI,1,1.0,0.0,1,0.0,0.0,1
A2JT5X557H8JWX,1,1.0,0.0,1,0.0,0.0,1
A2JTL1WA0R3J3V,2,0.005376344086021506,0.0,2,0.0,8904.0,372
A2JVIA9P648H6Y,1,1.0,0.0,1,0.0,0.0,1
A2JWDEMXQ8SQTI,1,1.0,0.0,1,0.0,0.0,1
A2JWF9IG8PJAOA,1,1.0,0.0,1,0.0,0.0,1
A2JWFLMUIV5N2P,1,1.0,0.0,1,0.0,0.0,1
A2JWZ2WBSBMTV3,1,1.0,0.0,1,0.0,0.0,1
A2JXAZZI9PHK9Z,1,1.0,0.0,1,0.0,0.0,1
A2JXS1JII6SAUD,1,1.0,0.0,1,0.0,0.0,1
A2JXT7KS8OU2L,1,1.0,0.0,1,0.0,0.0,1
A2JXWCXXRMY863,1,1.0,0.0,1,0.0,0.0,1
A2K0JL9L38MK8L,1,1.0,0.0,1,0.0,0.0,1
A2K0R61CIS5RCH,1,1.0,0.0,1,0.0,0.0,1
A2K17Y2WL5SA84,1,1.0,0.0,1,0.0,0.0,1
A2K33VWYQC9C2W,1,1.0,0.0,1,0.0,0.0,1
A2K3H7TWURVJSX,1,1.0,0.0,1,0.0,0.0,1
A2K3VNO28J98KR,1,1.0,0.0,1,0.0,0.0,1
A2K3WCT5GZY4FN,1,1.0,0.0,1,0.0,0.0,1
A2K3XAK8BP8LA,2,2.0,0.0,2,0.0,0.0,1
A2K4IDHREI1GLM,1,1.0,0.0,1,0.0,0.0,1
A2K4L3QL76RSG6,1,1.0,0.0,1,0.0,0.0,1
A2K51F7XMZ3YY3,1,1.0,0.0,1,0.0,0.0,1
A2K5FK58JSWXJ9,6,1.0,0.6666662222225186,6,0.0,24.0,6
A2K5I02PHHTTNQ,1,1.0,0.0,1,0.0,0.0,1
A2K5NFUOAFUBD2,1,1.0,0.0,1,0.0,0.0,1
A2K64Z8VT8T43Z,1,1.0,0.0,1,0.0,0.0,1
A2K71J7YK6K91A,1,1.0,0.0,1,0.0,0.0,1
A2KAOIY8M4D044,1,1.0,0.0,1,0.0,0.0,1
A2KAU5BF41AKHN,2,2.0,0.0,2,0.0,0.0,1
A2KE3HCVYS1GH1,1,1.0,0.0,1,0.0,0.0,1
A2KFAJY4JA7JQ1,1,1.0,0.0,1,0.0,0.0,1
A2KFWHHUFVKFXZ,1,1.0,0.0,1,0.0,0.0,1
A2KH10RLFZLN47,1,1.0,0.0,1,0.0,0.0,1
A2KHUQBX39VZC3,1,1.0,0.0,1,0.0,0.0,1
A2KHV9BF02Y4LH,1,1.0,0.0,1,0.0,0.0,1
A2KIJBT9HRIOM8,1,1.0,0.0,1,0.0,0.0,1
A2KJ43Z9LSL6S7,1,1.0,0.0,1,0.0,0.0,1
A2KJV9P3Q523CI,1,1.0,0.0,1,0.0,0.0,1
A2KJXBI3V1MZNM,1,1.0,0.0,1,0.0,0.0,1
A2KK14LTLA9DPK,1,1.0,0.0,1,0.0,0.0,1
A2KK3KCSA118PF,1,1.0,0.0,1,0.0,0.0,1
A2KKVYSLUE5JFR,1,1.0,0.0,1,0.0,0.0,1
A2KKWNUX1E3HPL,1,1.0,0.0,1,0.0,0.0,1
A2KL8TMCBUR036,1,1.0,0.0,1,0.0,0.0,1
A2KNQ0P1G1ZIE6,1,1.0,0.0,1,0.0,0.0,1
A2KPCPTR2Z3KA7,1,1.0,0.0,1,0.0,0.0,1
A2KQDWZZUBBNOJ,1,1.0,0.0,1,0.0,0.0,1
A2KR372GZW00MJ,1,1.0,0.0,1,0.0,0.0,1
A2KS0FVY2CNJ8M,1,1.0,0.0,1,0.0,0.0,1
A2KTANMYE2372G,2,2.0,0.0,2,0.0,0.0,1
A2KUEGMSLHUNNP,1,1.0,0.0,1,0.0,0.0,1
A2KUOQLRGGHCQX,1,1.0,0.0,1,0.0,0.0,1
A2KV9CT1CGLC1E,1,1.0,0.0,1,0.0,0.0,1
A2KVMXLAVXYXBE,1,1.0,0.0,1,0.0,0.0,1
A2KVSY1005QJDF,1,1.0,0.0,1,0.0,0.0,1
A2KWADO4SA275J,1,1.0,0.0,1,0.0,0.0,1
A2KWHJ272EKLO2,1,1.0,0.0,1,0.0,0.0,1
A2KWOC600DMC0W,1,1.0,0.0,1,0.0,0.0,1
A2KWQ3YQ5C3SPD,1,1.0,0.0,1,0.0,0.0,1
A2KYC21WDNY5L,1,1.0,0.0,1,0.0,0.0,1
A2KZ1JXW8J1VC8,1,1.0,0.0,1,0.0,0.0,1
A2KZKZSOJDBBIQ,1,1.0,0.0,1,0.0,0.0,1
A2KZOIOFXXMC1H,2,1.0,0.0,2,0.0,24.0,2
A2KZWL4NQ65C7P,1,1.0,0.0,1,0.0,0.0,1
A2KZXS3L7C975N,1,1.0,0.0,1,0.0,0.0,1
A2L39O6FW4ES51,2,0.4,0.0,2,0.0,96.0,5
A2L3OAPBMBGHHD,1,1.0,0.0,1,0.0,0.0,1
A2L3ZOXJL8OR9G,1,1.0,0.0,1,0.0,0.0,1
A2L44BPVGMB5FD,1,1.0,0.0,1,0.0,0.0,1
A2L5NKHS28Z6D9,1,1.0,0.0,1,0.0,0.0,1
A2L5YC5Z8JD34M,1,1.0,0.0,1,0.0,0.0,1
A2L6ARD2XWNC9P,1,1.0,0.0,1,0.0,0.0,1
A2L6U1XA9WQR2M,1,1.0,0.0,1,0.0,0.0,1
A2L7DQQSGCBA46,1,1.0,0.0,1,0.0,0.0,1
A2L7URQ9FR0U92,2,0.008097165991902834,0.0,2,0.0,5904.0,247
A2L7WYA5OENV03,3,0.0007372818874416319,0.47140420652156073,3,0.0,48816.0,4069
A2L8545I1KHY19,1,1.0,0.0,1,0.0,0.0,1
A2L9EICT9AZ9AN,1,1.0,0.0,1,0.0,0.0,1
A2L9O39O92M77C,1,1.0,0.0,1,0.0,0.0,1
A2LAY11C7LCM2W,1,1.0,0.0,1,0.0,0.0,1
A2LB8VDT59VTP5,1,1.0,0.0,1,0.0,0.0,1
A2LCJASTNJO98K,1,1.0,0.0,1,0.0,0.0,1
A2LCO1J0MNWB43,1,1.0,0.0,1,0.0,0.0,1
A2LD9KDNCD0WCG,1,1.0,0.0,1,0.0,0.0,1
A2LDA4B81XDVJM,1,1.0,0.0,1,0.0,0.0,1
A2LELPJEN3H7A2,1,1.0,0.0,1,0.0,0.0,1
A2LFDHTL18INZQ,2,0.015625,0.0,2,0.0,3048.0,128
A2LFIYTONVQMEQ,1,1.0,0.0,1,0.0,0.0,1
A2LH14QP9ZKF3G,1,1.0,0.0,1,0.0,0.0,1
A2LHANCVBGV36U,1,1.0,0.0,1,0.0,0.0,1
A2LHZKX1R0HW2M,1,1.0,0.0,1,0.0,0.0,1
A2LIZECHRMJAEI,1,1.0,0.0,1,0.0,0.0,1
A2LKEE1EP7KLD2,1,1.0,0.0,1,0.0,0.0,1
A2LKNC4N87YVN0,1,1.0,0.0,1,0.0,0.0,1
A2LME30OB5OHTN,1,1.0,0.0,1,0.0,0.0,1
A2LMF5Q6FO9TOI,1,1.0,0.0,1,0.0,0.0,1
A2LMVRUCHB6G8K,1,1.0,0.0,1,0.0,0.0,1
A2LNQQ1N2DZBUJ,1,1.0,0.0,1,0.0,0.0,1
A2LO26RUD8RCXH,2,0.0011634671320535194,0.0,2,0.0,41232.0,1719
A2LOZRM8IWNT7Z,1,1.0,0.0,1,0.0,0.0,1
A2LQN25HW5IGSB,1,1.0,0.0,1,0.0,0.0,1
A2LR9WP2JGDT8E,1,1.0,0.0,1,0.0,0.0,1
A2LRJOFOXNCIU6,1,1.0,0.0,1,0.0,0.0,1
A2LSK5XN4A3PN7,1,1.0,0.0,1,0.0,0.0,1
A2LT6YBLXOV3YD,1,1.0,0.0,1,0.0,0.0,1
A2LUJ7HIK09GEU,1,1.0,0.0,1,0.0,0.0,1
A2LURQYS40HDPR,1,1.0,0.0,1,0.0,0.0,1
A2LUW64R1VY53N,1,1.0,0.0,1,0.0,0.0,1
A2LVL416FFXCSI,1,1.0,0.0,1,0.0,0.0,1
A2LVSXBNK9VN3R,1,1.0,0.0,1,0.0,0.0,1
A2LVYHHNQVX8M8,3,0.004464285714285714,0.0,3,0.0,8052.0,672
A2LX285KLNY8M3,1,1.0,0.0,1,0.0,0.0,1
A2LYF3DJN9X5JN,1,1.0,0.0,1,0.0,0.0,1
A2LYK1AGZ4U9L8,1,1.0,0.0,1,0.0,0.0,1
A2LYL1FEOLWFSJ,1,1.0,0.0,1,0.0,0.0,1
A2LZ3HGE6UMSQF,1,1.0,0.0,1,0.0,0.0,1
A2LZHJH0LL0FM6,1,1.0,0.0,1,0.0,0.0,1
A2LZSPR192KEX6,1,1.0,0.0,1,0.0,0.0,1
A2M02TL1Q0DP5N,1,1.0,0.0,1,0.0,0.0,1
A2M0ZILSGJQS4,1,1.0,0.0,1,0.0,0.0,1
A2M1NZLZCHEP6A,1,1.0,0.0,1,0.0,0.0,1
A2M2LMZMDFI35Y,1,1.0,0.0,1,0.0,0.0,1
A2M3E53LN2CQT6,1,1.0,0.0,1,0.0,0.0,1
A2M4NHKCBDV4OD,1,1.0,0.0,1,0.0,0.0,1
A2M5GKAGV88LWD,4,0.03007518796992481,0.0,4,0.0,1056.0,133
A2M5KSLIOG4T4Y,1,1.0,0.0,1,0.0,0.0,1
A2M67X3IJ1EMIH,1,1.0,0.0,1,0.0,0.0,1
A2M775WAM2DXTD,1,1.0,0.0,1,0.0,0.0,1
A2M7G89B9WKLG9,1,1.0,0.0,1,0.0,0.0,1
A2M7NKO97UIVAH,3,0.0024958402662229617,0.0,3,0.0,14412.0,1202
A2M83KG7MS2VSR,1,1.0,0.0,1,0.0,0.0,1
A2M8GFU93TXKCN,1,1.0,0.0,1,0.0,0.0,1
A2M8QP8TSNRK5P,1,1.0,0.0,1,0.0,0.0,1
A2M9ME0N2S3R39,1,1.0,0.0,1,0.0,0.0,1
A2M9SJDWEJR7JN,1,1.0,0.0,1,0.0,0.0,1
A2MAXHANV8EETT,3,0.6,0.47140420652156073,3,0.0,48.0,5
A2MBKEPPUSAVUS,1,1.0,0.0,1,0.0,0.0,1
A2MBLVMVDLHK1L,1,1.0,0.0,1,0.0,0.0,1
A2MBOX3TNBCBV6,1,1.0,0.0,1,0.0,0.0,1
A2MBSC4S2PJNRD,1,1.0,0.0,1,0.0,0.0,1
A2MCRCK1V61FWQ,1,1.0,0.0,1,0.0,0.0,1
A2MCZGSS6UJHDS,2,0.04081632653061224,0.0,2,0.0,1152.0,49
A2MCZOZ2X2ZQYK,1,1.0,0.0,1,0.0,0.0,1
A2MD10BMUUTCV2,1,1.0,0.0,1,0.0,0.0,1
A2ME1L7ZCJFQOH,1,1.0,0.0,1,0.0,0.0,1
A2MF5NKKRVRZTJ,1,1.0,0.0,1,0.0,0.0,1
A2MFRJZCVA0QWY,1,1.0,0.0,1,0.0,0.0,1
A2MFT5N8Y4RXV9,1,1.0,0.0,1,0.0,0.0,1
A2MG5RDEK195A8,1,1.0,0.0,1,0.0,0.0,1
A2MG743ZMA5Y6N,1,1.0,0.0,1,0.0,0.0,1
A2MG95DI29NJTJ,1,1.0,0.0,1,0.0,0.0,1
A2MGCK4TVZQHIC,1,1.0,0.0,1,0.0,0.0,1
A2MGJ33YCV2DJM,2,0.011111111111111112,0.0,2,0.0,4296.0,180
A2MGM6AJYYLSAG,1,1.0,0.0,1,0.0,0.0,1
A2MHH4FWA6B6FV,1,1.0,0.0,1,0.0,0.0,1
A2MHHD7Q2ZCZLQ,1,1.0,0.0,1,0.0,0.0,1
A2MII7AJ7ID0NR,1,1.0,0.0,1,0.0,0.0,1
A2MJHJ3VYTS7V8,1,1.0,0.0,1,0.0,0.0,1
A2ML7WMTUSADPA,1,1.0,0.0,1,0.0,0.0,1
A2MLKJWU2K5SGP,1,1.0,0.0,1,0.0,0.0,1
A2MML4TOL6Q7BG,1,1.0,0.0,1,0.0,0.0,1
A2MMPAHJUJAVWV,1,1.0,0.0,1,0.0,0.0,1
A2MMTMB7CKROY0,1,1.0,0.0,1,0.0,0.0,1
A2MNB77YGJ3CN0,1,1.0,0.0,1,0.0,0.0,1
A2MNHYUXMW4KW7,1,1.0,0.0,1,0.0,0.0,1
A2MOD50IHEDH3G,1,1.0,0.0,1,0.0,0.0,1
A2MOJANFPX353G,1,1.0,0.0,1,0.0,0.0,1
A2MOM7UV3ZY4H1,1,1.0,0.0,1,0.0,0.0,1
A2MPKE7P1DFYTK,1,1.0,0.0,1,0.0,0.0,1
A2MPLELJPDNTUQ,1,1.0,0.0,1,0.0,0.0,1
A2MPQHYMT258ZV,1,1.0,0.0,1,0.0,0.0,1
A2MPT0SEX1ORN7,1,1.0,0.0,1,0.0,0.0,1
A2MPVQT5N0NB20,1,1.0,0.0,1,0.0,0.0,1
A2MQ3Z1UX5EXUC,1,1.0,0.0,1,0.0,0.0,1
A2MQYBL04OEG6B,1,1.0,0.0,1,0.0,0.0,1
A2MSAU64QJ998A,1,1.0,0.0,1,0.0,0.0,1
A2MSQT2P5PH6O3,1,1.0,0.0,1,0.0,0.0,1
A2MTB7FSEW2KG9,1,1.0,0.0,1,0.0,0.0,1
A2MTMN4A9KGE2X,1,1.0,0.0,1,0.0,0.0,1
A2MTPVXL6HD5VP,1,1.0,0.0,1,0.0,0.0,1
A2MTU2IXXZ35ZF,2,0.0028735632183908046,0.0,2,0.0,16680.0,696
A2MTXUIGK2736T,1,1.0,0.0,1,0.0,0.0,1
A2MUCVJJFNIP4S,1,1.0,0.0,1,0.0,0.0,1
A2MVO3996P4E4Y,1,1.0,0.0,1,0.0,0.0,1
A2MWHD94CP06QL,1,1.0,0.0,1,0.0,0.0,1
A2MWNYW5IB8Y0N,1,1.0,0.0,1,0.0,0.0,1
A2MXK2BL6EFOPR,1,1.0,0.0,1,0.0,0.0,1
A2MY9VXHZYAHUZ,2,0.0009478672985781991,0.0,2,0.0,50616.0,2110
A2MYK96VGMBV0S,1,1.0,0.0,1,0.0,0.0,1
A2MYRMQWSWGR29,1,1.0,0.0,1,0.0,0.0,1
A2MYX5ZQDAZH2Z,1,1.0,0.0,1,0.0,0.0,1
A2MZRCGX947V40,1,1.0,0.0,1,0.0,0.0,1
A2N07D07YVB08S,1,1.0,0.0,1,0.0,0.0,1
A2N09FAU09DKYD,1,1.0,0.0,1,0.0,0.0,1
A2N0UGB60G110F,1,1.0,0.0,1,0.0,0.0,1
A2N0XYJE6MU9LZ,1,1.0,0.0,1,0.0,0.0,1
A2N1DWN3DCXNAI,1,1.0,0.0,1,0.0,0.0,1
A2N1GE2B8QXK08,1,1.0,0.0,1,0.0,0.0,1
A2N1VI3PB6IXMP,1,1.0,0.0,1,0.0,0.0,1
A2N2C8O2RYL3M3,1,1.0,0.0,1,0.0,0.0,1
A2N2GPFRRUPP1J,1,1.0,0.0,1,0.0,0.0,1
A2N3OJ1T4IKZBM,1,1.0,0.0,1,0.0,0.0,1
A2N3PTK1ZZGHSJ,1,1.0,0.0,1,0.0,0.0,1
A2N44JXLCGCKVR,1,1.0,0.0,1,0.0,0.0,1
A2N607UFKAA5MM,1,1.0,0.0,1,0.0,0.0,1
A2N63B3300IC70,1,1.0,0.0,1,0.0,0.0,1
A2N67VW99YXWAQ,1,1.0,0.0,1,0.0,0.0,1
A2N7PWCMIZHH9S,1,1.0,0.0,1,0.0,0.0,1
A2N8DYL17G3I7C,1,1.0,0.0,1,0.0,0.0,1
A2NA41EE5VUMY0,1,1.0,0.0,1,0.0,0.0,1
A2NA9VZN5VA9GW,1,1.0,0.0,1,0.0,0.0,1
A2NAD5DJUIU877,2,0.02857142857142857,0.0,2,0.0,1656.0,70
A2NB2E5DXE319Z,1,1.0,0.0,1,0.0,0.0,1
A2NB8QWHLQ60UU,1,1.0,0.0,1,0.0,0.0,1
A2NBQ9E181AC8O,1,1.0,0.0,1,0.0,0.0,1
A2NCO79BXDXVCQ,1,1.0,0.0,1,0.0,0.0,1
A2NCSPA53VB4OK,1,1.0,0.0,1,0.0,0.0,1
A2ND0D2JVW04KS,1,1.0,0.0,1,0.0,0.0,1
A2ND1OJCS96L69,1,1.0,0.0,1,0.0,0.0,1
A2NEASNMHL1A4O,2,0.004273504273504274,0.0,2,0.0,11208.0,468
A2NEMZPEE1NIWE,1,1.0,0.0,1,0.0,0.0,1
A2NF9AB5M72QTE,1,1.0,0.0,1,0.0,0.0,1
A2NFWBJGGT9BM5,1,1.0,0.0,1,0.0,0.0,1
A2NGUYX6A691YS,2,0.000662471016893011,0.0,2,0.0,72432.0,3019
A2NHID60GOWHD0,1,1.0,0.0,1,0.0,0.0,1
A2NICY8I08AZL2,2,2.0,0.0,2,0.0,0.0,1
A2NIT6BKW11XJQ,1,1.0,0.0,1,0.0,0.0,1
A2NJ72QP6SU0MQ,1,1.0,0.0,1,0.0,0.0,1
A2NJEDYEYUGFM8,1,1.0,0.0,1,0.0,0.0,1
A2NKHNO8VA378W,1,1.0,0.0,1,0.0,0.0,1
A2NLE392AJ0LOU,1,1.0,0.0,1,0.0,0.0,1
A2NMQWBDWT3SQF,1,1.0,0.0,1,0.0,0.0,1
A2NMY5UF624JGE,1,1.0,0.0,1,0.0,0.0,1
A2NOQZINOJVPV2,1,1.0,0.0,1,0.0,0.0,1
A2NOSUGEJQ3GI3,1,1.0,0.0,1,0.0,0.0,1
A2NOW4U7W3F7RI,1,1.0,0.0,1,0.0,0.0,1
A2NOXTG05AHVB3,1,1.0,0.0,1,0.0,0.0,1
A2NQ5LLFYUKUFL,1,1.0,0.0,1,0.0,0.0,1
A2NRAA6WNNQ4O5,1,1.0,0.0,1,0.0,0.0,1
A2NS2BWQKIS13C,1,1.0,0.0,1,0.0,0.0,1
A2NSNH8RW55F32,1,1.0,0.0,1,0.0,0.0,1
A2NSR2R4M8CWC2,1,1.0,0.0,1,0.0,0.0,1
A2NSS0L3NIU6CN,1,1.0,0.0,1,0.0,0.0,1
A2NUN3UYLJYKFN,1,1.0,0.0,1,0.0,0.0,1
A2NV4YCNVT7W98,1,1.0,0.0,1,0.0,0.0,1
A2NVQZ4Y7Y0J1R,1,1.0,0.0,1,0.0,0.0,1
A2NX6MFZP8TM6S,2,0.037037037037037035,0.0,2,0.0,1272.0,54
A2NX6PABLIJLP1,1,1.0,0.0,1,0.0,0.0,1
A2NXHKW2R4IZNG,1,1.0,0.0,1,0.0,0.0,1
A2NXNDJVTMANZM,1,1.0,0.0,1,0.0,0.0,1
A2NYK9KWFMJV4Y,2,0.0005198856251624642,0.0,2,0.0,92304.0,3847
A2NYUHO4HL2CYG,1,1.0,0.0,1,0.0,0.0,1
A2NYY8Z3CWT3IB,1,1.0,0.0,1,0.0,0.0,1
A2NZB5S3QTQRVS,1,1.0,0.0,1,0.0,0.0,1
A2O0OMNWUPRF59,1,1.0,0.0,1,0.0,0.0,1
A2O168CJIAEGL5,2,2.0,0.0,2,0.0,0.0,1
A2O1L50DB0VQYB,1,1.0,0.0,1,0.0,0.0,1
A2O254M30LOZCV,1,1.0,0.0,1,0.0,0.0,1
A2O26XU8WGOQSC,1,1.0,0.0,1,0.0,0.0,1
A2O28GXZHU7P3C,1,1.0,0.0,1,0.0,0.0,1
A2O2D7JV0QU630,1,1.0,0.0,1,0.0,0.0,1
A2O5TLE802NTA8,1,1.0,0.0,1,0.0,0.0,1
A2O5V1WMIXX0NO,1,1.0,0.0,1,0.0,0.0,1
A2O6AAW9WZ1XJB,1,1.0,0.0,1,0.0,0.0,1
A2O6R7X7GS2IM7,1,1.0,0.0,1,0.0,0.0,1
A2O8BAXJPDSV0M,1,1.0,0.0,1,0.0,0.0,1
A2O9BLNNEAH7JI,1,1.0,0.0,1,0.0,0.0,1
A2O9JVPA8VZFXE,1,1.0,0.0,1,0.0,0.0,1
A2O9UK5B50KKYB,1,1.0,0.0,1,0.0,0.0,1
A2OAJN06TQ9KAT,1,1.0,0.0,1,0.0,0.0,1
A2OAUV1E9YV1ID,1,1.0,0.0,1,0.0,0.0,1
A2OB0IK83HTU18,1,1.0,0.0,1,0.0,0.0,1
A2OBHC9ED59WO1,2,0.013888888888888888,0.0,2,0.0,3432.0,144
A2OCFY81BELYVJ,1,1.0,0.0,1,0.0,0.0,1
A2OCNEE5JHLJI9,1,1.0,0.0,1,0.0,0.0,1
A2OD0GJGVMA07I,1,1.0,0.0,1,0.0,0.0,1
A2ODZAM2HH1COJ,1,1.0,0.0,1,0.0,0.0,1
A2OEPMLEWAF9A4,1,1.0,0.0,1,0.0,0.0,1
A2OF7E89T1UYZT,1,1.0,0.0,1,0.0,0.0,1
A2OFPV99TN5FA9,1,1.0,0.0,1,0.0,0.0,1
A2OGXHE7PVLTOE,1,1.0,0.0,1,0.0,0.0,1
A2OH11RXZJDOEV,1,1.0,0.0,1,0.0,0.0,1
A2OH37ZS0I1RSK,1,1.0,0.0,1,0.0,0.0,1
A2OHEHPGQ8MNJX,1,1.0,0.0,1,0.0,0.0,1
A2OHGA790ZR35V,1,1.0,0.0,1,0.0,0.0,1
A2OKCS5234ZV7S,2,0.6666666666666666,0.0,2,0.0,48.0,3
A2OKLYBFUKQNU4,1,1.0,0.0,1,0.0,0.0,1
A2OLJ3NHHOHCHQ,1,1.0,0.0,1,0.0,0.0,1
A2OLQ18EOBZPE6,6,0.025,0.3726776856852269,6,0.0,1147.2,240
A2OLTRWQKKDD5E,1,1.0,0.0,1,0.0,0.0,1
A2OMG3GYEFXOC9,1,1.0,0.0,1,0.0,0.0,1
A2OMVGNP2F5O6T,2,0.019230769230769232,0.0,2,0.0,2472.0,104
A2OMVQGC33VSNC,1,1.0,0.0,1,0.0,0.0,1
A2OMWV3WTOJ27N,1,1.0,0.0,1,0.0,0.0,1
A2OMXJJJU63L5Q,1,1.0,0.0,1,0.0,0.0,1
A2ONNRUVWQN0HU,1,1.0,0.0,1,0.0,0.0,1
A2OOVMY4NX4CIP,1,1.0,0.0,1,0.0,0.0,1
A2OPFKDHSH8T31,1,1.0,0.0,1,0.0,0.0,1
A2OR94VN7XQCUO,1,1.0,0.0,1,0.0,0.0,1
A2OTFNASZFDVFT,1,1.0,0.0,1,0.0,0.0,1
A2OTT4J4JLCL1G,1,1.0,0.0,1,0.0,0.0,1
A2OVKPY380S7M3,1,1.0,0.0,1,0.0,0.0,1
A2OXGLRMYMXCHY,1,1.0,0.0,1,0.0,0.0,1
A2OXV9Q03XSKV6,1,1.0,0.0,1,0.0,0.0,1
A2OYSRFTFIJSE,1,1.0,0.0,1,0.0,0.0,1
A2OZ5ERO1D2YOX,1,1.0,0.0,1,0.0,0.0,1
A2OZ96KRM10ST1,1,1.0,0.0,1,0.0,0.0,1
A2OZDMW87K5XSO,1,1.0,0.0,1,0.0,0.0,1
A2P0HSG8FQUO76,1,1.0,0.0,1,0.0,0.0,1
A2P0SF8FSBIOKM,1,1.0,0.0,1,0.0,0.0,1
A2P1ESXY3TK3UM,1,1.0,0.0,1,0.0,0.0,1
A2P1G7ONLUBJ7O,1,1.0,0.0,1,0.0,0.0,1
A2P1ZALAC93BHH,1,1.0,0.0,1,0.0,0.0,1
A2P2FU0YG5IEYI,1,1.0,0.0,1,0.0,0.0,1
A2P38D8T3HQ14T,1,1.0,0.0,1,0.0,0.0,1
A2P3LG0CZ2WNX0,2,2.0,0.0,2,0.0,0.0,1
A2P3V1BG6FMUS5,1,1.0,0.0,1,0.0,0.0,1
A2P45JTLZQ5C8V,1,1.0,0.0,1,0.0,0.0,1
A2P52SPNEHYPZ9,1,1.0,0.0,1,0.0,0.0,1
A2P533MRZ7JB2Y,1,1.0,0.0,1,0.0,0.0,1
A2P5U7BDKKT7FW,1,1.0,0.0,1,0.0,0.0,1
A2P6FU1HQ1OFAP,2,0.011428571428571429,0.0,2,0.0,4176.0,175
A2P73QZC75DD2A,1,1.0,0.0,1,0.0,0.0,1
A2P7N9VW82JOKE,1,1.0,0.0,1,0.0,0.0,1
A2P9KNX5JRKPKH,1,1.0,0.0,1,0.0,0.0,1
A2P9W6KDKYFSXO,2,0.0026490066225165563,0.0,2,0.0,18096.0,755
A2PAD826IH1HFE,1,1.0,0.0,1,0.0,0.0,1
A2PATWWZAXHQYA,1,1.0,0.0,1,0.0,0.0,1
A2PC1YCLTB3EY9,1,1.0,0.0,1,0.0,0.0,1
A2PC6KJ50P32KE,1,1.0,0.0,1,0.0,0.0,1
A2PC9ZZIFV31B1,1,1.0,0.0,1,0.0,0.0,1
A2PDNGELZSWCQG,1,1.0,0.0,1,0.0,0.0,1
A2PE6WM9V5A45Y,1,1.0,0.0,1,0.0,0.0,1
A2PEAJVDLTBHL2,1,1.0,0.0,1,0.0,0.0,1
A2PECP2HBQG4AS,1,1.0,0.0,1,0.0,0.0,1
A2PEUFPOYLY3U7,1,1.0,0.0,1,0.0,0.0,1
A2PGE5RPSV9BFH,1,1.0,0.0,1,0.0,0.0,1
A2PGQ584ZF9B3F,1,1.0,0.0,1,0.0,0.0,1
A2PH4RGYVR34L,1,1.0,0.0,1,0.0,0.0,1
A2PIAVZR2957GK,1,1.0,0.0,1,0.0,0.0,1
A2PIXJPHL8RSRW,1,1.0,0.0,1,0.0,0.0,1
A2PK64OVZA1U8Z,1,1.0,0.0,1,0.0,0.0,1
A2PL7ZNZNA1S68,1,1.0,0.0,1,0.0,0.0,1
A2PLKZ6IW9MXRZ,1,1.0,0.0,1,0.0,0.0,1
A2PLSZ90SNG3FV,1,1.0,0.0,1,0.0,0.0,1
A2PMM1LP41I6IN,1,1.0,0.0,1,0.0,0.0,1
A2PMSS7I2J8ZBE,1,1.0,0.0,1,0.0,0.0,1
A2PN8S9QT7INHE,1,1.0,0.0,1,0.0,0.0,1
A2PNCASV102XS4,1,1.0,0.0,1,0.0,0.0,1
A2PNSG656BQTHC,1,1.0,0.0,1,0.0,0.0,1
A2PNSW5ZWFISHU,1,1.0,0.0,1,0.0,0.0,1
A2PNVJCCV4GKE1,1,1.0,0.0,1,0.0,0.0,1
A2PNZBN5CNAHTR,1,1.0,0.0,1,0.0,0.0,1
A2POPDGIZ1XGFE,1,1.0,0.0,1,0.0,0.0,1
A2PQZH1SJGRV4Y,1,1.0,0.0,1,0.0,0.0,1
A2PRAB4P64SXLK,1,1.0,0.0,1,0.0,0.0,1
A2PS6H6NHW0ZVK,1,1.0,0.0,1,0.0,0.0,1
A2PT4GUA0M95QE,1,1.0,0.0,1,0.0,0.0,1
A2PUDX7VRQN5M5,1,1.0,0.0,1,0.0,0.0,1
A2PVD9N0YBE1E3,1,1.0,0.0,1,0.0,0.0,1
A2PVP1JIIURX7N,1,1.0,0.0,1,0.0,0.0,1
A2PWNYM29NJ2J4,1,1.0,0.0,1,0.0,0.0,1
A2PYISW9CMNCJB,1,1.0,0.0,1,0.0,0.0,1
A2PYL7WLGVIBT7,1,1.0,0.0,1,0.0,0.0,1
A2PYS280Q1UH7V,2,2.0,0.0,2,0.0,0.0,1
A2PZ3URE2O6S8G,1,1.0,0.0,1,0.0,0.0,1
A2PZJYHC2342W,1,1.0,0.0,1,0.0,0.0,1
A2PZKHQ3CDLU8Y,1,1.0,0.0,1,0.0,0.0,1
A2Q12G0CRKK0KP,1,1.0,0.0,1,0.0,0.0,1
A2Q230N02UCO8O,1,1.0,0.0,1,0.0,0.0,1
A2Q2NQODHFA2C9,1,1.0,0.0,1,0.0,0.0,1
A2Q4DC1N1DH67C,1,1.0,0.0,1,0.0,0.0,1
A2Q5OH3DGQGMXD,1,1.0,0.0,1,0.0,0.0,1
A2Q5RORSLPNHIN,1,1.0,0.0,1,0.0,0.0,1
A2Q6I453ZNXBE2,1,1.0,0.0,1,0.0,0.0,1
A2Q6VIQLGXXLGD,2,0.0020222446916076846,0.0,2,0.0,23712.0,989
A2Q7QOQTWLLQMA,1,1.0,0.0,1,0.0,0.0,1
A2Q7VY0358PA3W,1,1.0,0.0,1,0.0,0.0,1
A2Q89DEW2Y91A7,2,0.024691358024691357,0.0,2,0.0,1920.0,81
A2Q8J8IL6V9M5T,1,1.0,0.0,1,0.0,0.0,1
A2Q90UILXT8BNI,2,0.05555555555555555,0.0,2,0.0,840.0,36
A2Q9ZWQ5NVT19E,1,1.0,0.0,1,0.0,0.0,1
A2QA43U4AHHCC,1,1.0,0.0,1,0.0,0.0,1
A2QAGLOY2VFUYU,1,1.0,0.0,1,0.0,0.0,1
A2QAH6UNUXCSP1,1,1.0,0.0,1,0.0,0.0,1
A2QAOP52OEB5EV,2,0.0007377351530800443,0.0,2,0.0,65040.0,2711
A2QARZA980DE7S,1,1.0,0.0,1,0.0,0.0,1
A2QAS68TU5KOZT,1,1.0,0.0,1,0.0,0.0,1
A2QB3BKGDVG6DX,1,1.0,0.0,1,0.0,0.0,1
A2QBJEHKTD7R6O,1,1.0,0.0,1,0.0,0.0,1
A2QBZA4S1ROX9Q,1,1.0,0.0,1,0.0,0.0,1
A2QBZTG2TIZDER,1,1.0,0.0,1,0.0,0.0,1
A2QCJ9VR3SEIR0,1,1.0,0.0,1,0.0,0.0,1
A2QDO2ACVW88GT,1,1.0,0.0,1,0.0,0.0,1
A2QDSC731OQC3P,1,1.0,0.0,1,0.0,0.0,1
A2QDZ4P82VRC00,1,1.0,0.0,1,0.0,0.0,1
A2QGPKUCZ60X24,1,1.0,0.0,1,0.0,0.0,1
A2QGQ5KO0RRENL,5,0.0010078613182826044,0.0,5,0.0,29760.0,4961
A2QHNWXQ4CU2J3,1,1.0,0.0,1,0.0,0.0,1
A2QI2JHSIQ3SN3,1,1.0,0.0,1,0.0,0.0,1
A2QIB13E4TR50S,1,1.0,0.0,1,0.0,0.0,1
A2QIC4G483SQQA,1,1.0,0.0,1,0.0,0.0,1
A2QIDS8473FW29,1,1.0,0.0,1,0.0,0.0,1
A2QIK74BPWV7NR,1,1.0,0.0,1,0.0,0.0,1
A2QJ3GNQ3SYKCQ,1,1.0,0.0,1,0.0,0.0,1
A2QJJR9P3IYVO9,1,1.0,0.0,1,0.0,0.0,1
A2QJW1H9XD1U3B,1,1.0,0.0,1,0.0,0.0,1
A2QK0CVRJVW7PX,1,1.0,0.0,1,0.0,0.0,1
A2QKEU7GJSD6FN,1,1.0,0.0,1,0.0,0.0,1
A2QKYGD9QERARX,1,1.0,0.0,1,0.0,0.0,1
A2QL8RR6HVSXR9,1,1.0,0.0,1,0.0,0.0,1
A2QLAROSHRF0W3,1,1.0,0.0,1,0.0,0.0,1
A2QLJA07RV41US,1,1.0,0.0,1,0.0,0.0,1
A2QMPB2I0Z5K6W,1,1.0,0.0,1,0.0,0.0,1
A2QO4JQX6MTS75,1,1.0,0.0,1,0.0,0.0,1
A2QOLHSESSJZWJ,1,1.0,0.0,1,0.0,0.0,1
A2QQU4THUEX7I,1,1.0,0.0,1,0.0,0.0,1
A2QRX9OJKW9TM9,1,1.0,0.0,1,0.0,0.0,1
A2QS3VN107MRZH,1,1.0,0.0,1,0.0,0.0,1
A2QT1VUOINR03O,1,1.0,0.0,1,0.0,0.0,1
A2QT4XAXGRNVEO,1,1.0,0.0,1,0.0,0.0,1
A2QV5G2WEWP15M,1,1.0,0.0,1,0.0,0.0,1
A2QVJHFRB94AI1,1,1.0,0.0,1,0.0,0.0,1
A2QVSQFCJRDRX5,2,0.001394700139470014,0.0,2,0.0,34392.0,1434
A2QVVJUAHMMFQU,1,1.0,0.0,1,0.0,0.0,1
A2QXRKY45PAGU9,1,1.0,0.0,1,0.0,0.0,1
A2QY6S1O0Y0Z65,1,1.0,0.0,1,0.0,0.0,1
A2QYH0JNDSB7CT,1,1.0,0.0,1,0.0,0.0,1
A2QYV2416XB0BQ,1,1.0,0.0,1,0.0,0.0,1
A2QYZET30IH2AI,1,1.0,0.0,1,0.0,0.0,1
A2QZ7Z48X4I4TA,1,1.0,0.0,1,0.0,0.0,1
A2QZP0Q6G02AFZ,1,1.0,0.0,1,0.0,0.0,1
A2R035SIYEQN2O,1,1.0,0.0,1,0.0,0.0,1
A2R0FHBR9OBFGM,1,1.0,0.0,1,0.0,0.0,1
A2R0PC25CYTJUW,2,0.008888888888888889,0.0,2,0.0,5376.0,225
A2R0SHL1G7GV38,1,1.0,0.0,1,0.0,0.0,1
A2R1ASJJDBM2S4,1,1.0,0.0,1,0.0,0.0,1
A2R1MSD6OMF7V3,1,1.0,0.0,1,0.0,0.0,1
A2R2ZMVX4ENQTU,1,1.0,0.0,1,0.0,0.0,1
A2R4W72HCKFQHZ,1,1.0,0.0,1,0.0,0.0,1
A2R5CUTW2NJ3G,1,1.0,0.0,1,0.0,0.0,1
A2R5QQBR79XURA,1,1.0,0.0,1,0.0,0.0,1
A2R5SM2C87PDOQ,1,1.0,0.0,1,0.0,0.0,1
A2R6F8XP2DL6RC,1,1.0,0.0,1,0.0,0.0,1
A2R6RA8FRBS608,8,0.007162041181736795,0.3307186245042774,8,0.0,3826.285714285714,1117
A2R6SB61DQ1VXU,1,1.0,0.0,1,0.0,0.0,1
A2R7LGGF0XYJGK,1,1.0,0.0,1,0.0,0.0,1
A2R81A5S1AJC3F,1,1.0,0.0,1,0.0,0.0,1
A2R9DK7JEEQD2D,1,1.0,0.0,1,0.0,0.0,1
A2R9J5LULVKF6T,2,0.008097165991902834,0.0,2,0.0,5904.0,247
A2R9M9ALI356JU,1,1.0,0.0,1,0.0,0.0,1
A2RA2SK1H0WLQG,1,1.0,0.0,1,0.0,0.0,1
A2RB0X2T3VWV1B,1,1.0,0.0,1,0.0,0.0,1
A2RB7KPCTJEP4Z,2,0.05263157894736842,0.0,2,0.0,888.0,38
A2RBMWT2ZB95JY,1,1.0,0.0,1,0.0,0.0,1
A2RBX3L0OJSXN0,2,2.0,0.0,2,0.0,0.0,1
A2RE73VUCARNE0,1,1.0,0.0,1,0.0,0.0,1
A2RFNIOYR9YO69,1,1.0,0.0,1,0.0,0.0,1
A2RHF1DLWK3MO4,1,1.0,0.0,1,0.0,0.0,1
A2RI4QE6EO29CA,1,1.0,0.0,1,0.0,0.0,1
A2RKKWRIGGMOWU,1,1.0,0.0,1,0.0,0.0,1
A2RL9JHYNEJ1QR,2,2.0,0.0,2,0.0,0.0,1
A2RM5ZSZJQL7WY,1,1.0,0.0,1,0.0,0.0,1
A2RMLJU43O2OQI,1,1.0,0.0,1,0.0,0.0,1
A2RMTTDT5Z6G86,1,1.0,0.0,1,0.0,0.0,1
A2RPRWKVCY13FI,1,1.0,0.0,1,0.0,0.0,1
A2RQKWQP4W3I2M,1,1.0,0.0,1,0.0,0.0,1
A2RQVIY25W6ZD4,1,1.0,0.0,1,0.0,0.0,1
A2RRT5Z4D43CZV,1,1.0,0.0,1,0.0,0.0,1
A2RRYDCPJ4T8OV,1,1.0,0.0,1,0.0,0.0,1
A2RSBGN7RNQ3S0,1,1.0,0.0,1,0.0,0.0,1
A2RTUZEUT87V92,1,1.0,0.0,1,0.0,0.0,1
A2RU0H9MD4IH5M,1,1.0,0.0,1,0.0,0.0,1
A2RU2K55M9S25C,2,2.0,0.0,2,0.0,0.0,1
A2RUJAHQLGIOGP,1,1.0,0.0,1,0.0,0.0,1
A2RULKDI00UF1F,1,1.0,0.0,1,0.0,0.0,1
A2RUN82QPU60PN,1,1.0,0.0,1,0.0,0.0,1
A2RV56C21T320Y,2,0.15384615384615385,0.0,2,0.0,288.0,13
A2RW587355CMVA,1,1.0,0.0,1,0.0,0.0,1
A2RWBBQ4TLBQTY,1,1.0,0.0,1,0.0,0.0,1
A2RWHTNM5P3I8Y,3,0.0010822510822510823,0.0,3,0.0,33252.0,2772
A2RWLVFGTWL41S,1,1.0,0.0,1,0.0,0.0,1
A2RYI0YNOEB1LM,1,1.0,0.0,1,0.0,0.0,1
A2RYWJMMS08S29,1,1.0,0.0,1,0.0,0.0,1
A2RZGU7NDOEN8S,1,1.0,0.0,1,0.0,0.0,1
A2RZVD8A0T6ZF1,1,1.0,0.0,1,0.0,0.0,1
A2S081Y72FI34Z,1,1.0,0.0,1,0.0,0.0,1
A2S13NSRLNW59V,1,1.0,0.0,1,0.0,0.0,1
A2S2PG1LKF4YCX,1,1.0,0.0,1,0.0,0.0,1
A2S33I8S9FJF7,1,1.0,0.0,1,0.0,0.0,1
A2S3CS0WLR616U,1,1.0,0.0,1,0.0,0.0,1
A2S3G3C84ATVST,1,1.0,0.0,1,0.0,0.0,1
A2S3I1ELT364CQ,1,1.0,0.0,1,0.0,0.0,1
A2S462MQ984OD2,1,1.0,0.0,1,0.0,0.0,1
A2S4ALQNVY89W0,1,1.0,0.0,1,0.0,0.0,1
A2S4OCXPJ9SA01,1,1.0,0.0,1,0.0,0.0,1
A2S4UO73LBY2EZ,1,1.0,0.0,1,0.0,0.0,1
A2S4X009TZ0C26,1,1.0,0.0,1,0.0,0.0,1
A2S5T5L2JILR16,1,1.0,0.0,1,0.0,0.0,1
A2S5XJK8PFYKH9,2,0.25,0.0,2,0.0,168.0,8
A2S67FYOJ408L0,2,1.0,0.0,2,0.0,24.0,2
A2S6QXXEDVCZHY,1,1.0,0.0,1,0.0,0.0,1
A2S728U0V6CZET,1,1.0,0.0,1,0.0,0.0,1
A2SAI9GPI7NLK,1,1.0,0.0,1,0.0,0.0,1
A2SATO5BNKWY3Y,2,0.0014771048744460858,0.0,2,0.0,32472.0,1354
A2SBFXPN5V6A6X,1,1.0,0.0,1,0.0,0.0,1
A2SD0UPTBP3T0F,1,1.0,0.0,1,0.0,0.0,1
A2SDA5LOD7577T,1,1.0,0.0,1,0.0,0.0,1
A2SEEDV7NNPIBG,1,1.0,0.0,1,0.0,0.0,1
A2SEHOBX4M0OZ0,1,1.0,0.0,1,0.0,0.0,1
A2SEJZ4E8N675N,1,1.0,0.0,1,0.0,0.0,1
A2SEQUFN8W7D07,1,1.0,0.0,1,0.0,0.0,1
A2SF8O50ZLJOC0,1,1.0,0.0,1,0.0,0.0,1
A2SHQJP6PNQTLD,1,1.0,0.0,1,0.0,0.0,1
A2SI71XM3BMLAD,1,1.0,0.0,1,0.0,0.0,1
A2SIYIHLRRM7J1,1,1.0,0.0,1,0.0,0.0,1
A2SJ2SD6WIG56,1,1.0,0.0,1,0.0,0.0,1
A2SJ3UV3NVZKG5,1,1.0,0.0,1,0.0,0.0,1
A2SJD44C37X1LS,1,1.0,0.0,1,0.0,0.0,1
A2SJVK0G3KLIB1,1,1.0,0.0,1,0.0,0.0,1
A2SK02OCIRA12P,1,1.0,0.0,1,0.0,0.0,1
A2SKDOP44GNUTP,1,1.0,0.0,1,0.0,0.0,1
A2SKDXM0SLR2FN,1,1.0,0.0,1,0.0,0.0,1
A2SKEQT0WTB954,1,1.0,0.0,1,0.0,0.0,1
A2SKHEHJ4TM1LE,1,1.0,0.0,1,0.0,0.0,1
A2SKR9O60ZE62D,2,2.0,0.0,2,0.0,0.0,1
A2SKUS5ULRZ8ZA,1,1.0,0.0,1,0.0,0.0,1
A2SKVCKORF8J9Y,3,0.016483516483516484,0.0,3,0.0,2172.0,182
A2SL5IW096Z2BL,1,1.0,0.0,1,0.0,0.0,1
A2SLS2NDPLQYP,1,1.0,0.0,1,0.0,0.0,1
A2SN4KPZ2G45V3,1,1.0,0.0,1,0.0,0.0,1
A2SNID1IYR1TBU,1,1.0,0.0,1,0.0,0.0,1
A2SOKOONUQ850N,1,1.0,0.0,1,0.0,0.0,1
A2SONKFWNN2R2R,1,1.0,0.0,1,0.0,0.0,1
A2SPHO9F2ZL98F,1,1.0,0.0,1,0.0,0.0,1
A2SPV96SGOEO2,1,1.0,0.0,1,0.0,0.0,1
A2SPVQNKOW9YNN,1,1.0,0.0,1,0.0,0.0,1
A2SRMKY38HBNS6,1,1.0,0.0,1,0.0,0.0,1
A2SS9DRRQQ7EG5,1,1.0,0.0,1,0.0,0.0,1
A2SSVSLIHRX2CJ,1,1.0,0.0,1,0.0,0.0,1
A2STLT852H9K75,2,0.007407407407407408,0.0,2,0.0,6456.0,270
A2STWCKJD4TMK8,1,1.0,0.0,1,0.0,0.0,1
A2SU3IL3MIBXZP,1,1.0,0.0,1,0.0,0.0,1
A2SU3YFX8T4UJ7,1,1.0,0.0,1,0.0,0.0,1
A2SVJ8MKR2VB0T,1,1.0,0.0,1,0.0,0.0,1
A2SVXQ66G7BWBR,1,1.0,0.0,1,0.0,0.0,1
A2SW560X584UEF,1,1.0,0.0,1,0.0,0.0,1
A2SWRBE4RQEBX8,1,1.0,0.0,1,0.0,0.0,1
A2SWSQTATYKT0C,1,1.0,0.0,1,0.0,0.0,1
A2SXJZGMY90RZN,1,1.0,0.0,1,0.0,0.0,1
A2SXL0NDPTP9X9,1,1.0,0.0,1,0.0,0.0,1
A2SYCZ9Y5Y6IGB,1,1.0,0.0,1,0.0,0.0,1
A2SZMPX5JFBFFF,1,1.0,0.0,1,0.0,0.0,1
A2SZOQBR5IWD59,1,1.0,0.0,1,0.0,0.0,1
A2T001N0QCRMZ1,1,1.0,0.0,1,0.0,0.0,1
A2T049UQONS0OY,2,0.0011337868480725624,0.0,2,0.0,42312.0,1764
A2T04VAIXSKJH2,2,2.0,0.0,2,0.0,0.0,1
A2T077JYCTRL60,1,1.0,0.0,1,0.0,0.0,1
A2T0WZOJ59N7AD,1,1.0,0.0,1,0.0,0.0,1
A2T1BB7S1F9YYU,1,1.0,0.0,1,0.0,0.0,1
A2T1DD07FMCAKQ,1,1.0,0.0,1,0.0,0.0,1
A2T2NVQ14BBBAS,1,1.0,0.0,1,0.0,0.0,1
A2T3R3E038PSYR,1,1.0,0.0,1,0.0,0.0,1
A2T3S3VTW65VO5,1,1.0,0.0,1,0.0,0.0,1
A2T463WX091RTX,1,1.0,0.0,1,0.0,0.0,1
A2T48324YQHU56,1,1.0,0.0,1,0.0,0.0,1
A2T4KPVN5XQ5V6,1,1.0,0.0,1,0.0,0.0,1
A2T4OX8NH9LIIC,1,1.0,0.0,1,0.0,0.0,1
A2T5B1BCHNT2S7,1,1.0,0.0,1,0.0,0.0,1
A2T5P0O707ESH6,1,1.0,0.0,1,0.0,0.0,1
A2T6E660Y0AXFQ,1,1.0,0.0,1,0.0,0.0,1
A2T70SN2VZHOR4,2,2.0,0.0,2,0.0,0.0,1
A2T82KTPTGW2RE,1,1.0,0.0,1,0.0,0.0,1
A2T8BSIIGDZYJS,1,1.0,0.0,1,0.0,0.0,1
A2T9HCIVTG1OAA,1,1.0,0.0,1,0.0,0.0,1
A2T9W5ND8N17O0,1,1.0,0.0,1,0.0,0.0,1
A2TA5TMGUTPVQ2,1,1.0,0.0,1,0.0,0.0,1
A2TAAKL8DQDMSA,2,0.03125,0.0,2,0.0,1512.0,64
A2TAY3SZ3TF5EI,1,1.0,0.0,1,0.0,0.0,1
A2TCCKKIPJCM0L,1,1.0,0.0,1,0.0,0.0,1
A2TCM8INS6BA74,1,1.0,0.0,1,0.0,0.0,1
A2TCXL888UE26K,1,1.0,0.0,1,0.0,0.0,1
A2TDEHV2JAV4VS,1,1.0,0.0,1,0.0,0.0,1
A2TE3USS8JS1UO,1,1.0,0.0,1,0.0,0.0,1
A2TEAQ7XD3B11B,1,1.0,0.0,1,0.0,0.0,1
A2TER9CFVU6V93,1,1.0,0.0,1,0.0,0.0,1
A2TETZJOUBQTJE,1,1.0,0.0,1,0.0,0.0,1
A2TH825DJHB3P1,3,0.0010413051023950017,0.47140420652156073,3,0.0,34560.0,2881
A2THQCHKR89E16,1,1.0,0.0,1,0.0,0.0,1
A2TI9BIKPB7TZJ,1,1.0,0.0,1,0.0,0.0,1
A2TIA4WQ8RRHJO,1,1.0,0.0,1,0.0,0.0,1
A2TICS1YPCDLKA,2,2.0,0.0,2,0.0,0.0,1
A2TJT33BAEDZVW,1,1.0,0.0,1,0.0,0.0,1
A2TKM1UFHSTM8R,1,1.0,0.0,1,0.0,0.0,1
A2TKWMX4563NR6,1,1.0,0.0,1,0.0,0.0,1
A2TL5R8RQGN4DL,1,1.0,0.0,1,0.0,0.0,1
A2TLDIYYGLF0G,1,1.0,0.0,1,0.0,0.0,1
A2TLISI5OZ83UK,1,1.0,0.0,1,0.0,0.0,1
A2TLKM8E9CDIMP,1,1.0,0.0,1,0.0,0.0,1
A2TLLMXNKFCHJ7,1,1.0,0.0,1,0.0,0.0,1
A2TN0U8173HM7A,1,1.0,0.0,1,0.0,0.0,1
A2TNTY0JVQGGBJ,1,1.0,0.0,1,0.0,0.0,1
A2TOLOXNDL6SKR,1,1.0,0.0,1,0.0,0.0,1
A2TOUTL6Z74SMQ,1,1.0,0.0,1,0.0,0.0,1
A2TPCUVV4A98H3,1,1.0,0.0,1,0.0,0.0,1
A2TQ16HTB6F0JU,1,1.0,0.0,1,0.0,0.0,1
A2TQUTVIN89ZXD,1,1.0,0.0,1,0.0,0.0,1
A2TUOJ0NZ5T01H,1,1.0,0.0,1,0.0,0.0,1
A2TUQMWV186OQ6,1,1.0,0.0,1,0.0,0.0,1
A2TUXUOKJHAYCI,1,1.0,0.0,1,0.0,0.0,1
A2TVJ0YDW3QO63,1,1.0,0.0,1,0.0,0.0,1
A2TVQ7WEVEU2R8,1,1.0,0.0,1,0.0,0.0,1
A2TVR5J3BNQBX3,1,1.0,0.0,1,0.0,0.0,1
A2TVT03TGAMFL4,2,0.003629764065335753,0.0,2,0.0,13200.0,551
A2TWZPSSY63TGK,1,1.0,0.0,1,0.0,0.0,1
A2TXG0E15EEHKG,1,1.0,0.0,1,0.0,0.0,1
A2TXR85WQLE32N,1,1.0,0.0,1,0.0,0.0,1
A2TXTCIOBK1NMQ,2,2.0,0.0,2,0.0,0.0,1
A2TXTO6FBY2EB4,1,1.0,0.0,1,0.0,0.0,1
A2TYHWXZPE415M,2,2.0,0.0,2,0.0,0.0,1
A2TZ1P4VNJLYQQ,1,1.0,0.0,1,0.0,0.0,1
A2TZJGHNHCFRA2,1,1.0,0.0,1,0.0,0.0,1
A2U0ZD08F7EJ87,1,1.0,0.0,1,0.0,0.0,1
A2U1CMEGA3950K,1,1.0,0.0,1,0.0,0.0,1
A2U1Y4U4HXJ9QP,1,1.0,0.0,1,0.0,0.0,1
A2U27A197AH87W,1,1.0,0.0,1,0.0,0.0,1
A2U3HFFK3XQZOG,1,1.0,0.0,1,0.0,0.0,1
A2U3HG214VNP9N,1,1.0,0.0,1,0.0,0.0,1
A2U3OEIK1CUPIK,1,1.0,0.0,1,0.0,0.0,1
A2U3TXDWG3U3XS,1,1.0,0.0,1,0.0,0.0,1
A2U4W69NZJT4LD,1,1.0,0.0,1,0.0,0.0,1
A2U4Z76U7DF68,3,0.0024813895781637717,0.0,3,0.0,14496.0,1209
A2U68XR09T58BG,1,1.0,0.0,1,0.0,0.0,1
A2U6LD5AY97MJR,1,1.0,0.0,1,0.0,0.0,1
A2U6X0GHPCODVV,1,1.0,0.0,1,0.0,0.0,1
A2U7QPASO59UO1,1,1.0,0.0,1,0.0,0.0,1
A2U86YNYOVTMD4,1,1.0,0.0,1,0.0,0.0,1
A2U889P9EBQD3,1,1.0,0.0,1,0.0,0.0,1
A2U9UL88VXBMJ4,2,2.0,0.0,2,0.0,0.0,1
A2U9WJOGZSYM0U,1,1.0,0.0,1,0.0,0.0,1
A2U9XX4Q5NQBG6,1,1.0,0.0,1,0.0,0.0,1
A2UA726E8SLXY,1,1.0,0.0,1,0.0,0.0,1
A2UAS6OGCR8IUG,1,1.0,0.0,1,0.0,0.0,1
A2UB3DLGTRBHVT,1,1.0,0.0,1,0.0,0.0,1
A2UBM2Y060XR7R,1,1.0,0.0,1,0.0,0.0,1
A2UBS120XE605X,1,1.0,0.0,1,0.0,0.0,1
A2UCGQ82BQW5B8,1,1.0,0.0,1,0.0,0.0,1
A2UCOSEHTW6I0H,1,1.0,0.0,1,0.0,0.0,1
A2UCQH27E2E312,1,1.0,0.0,1,0.0,0.0,1
A2UD5EG63WWTUR,1,1.0,0.0,1,0.0,0.0,1
A2UE0QBDSPVE6O,1,1.0,0.0,1,0.0,0.0,1
A2UE2PMAZZL34K,1,1.0,0.0,1,0.0,0.0,1
A2UEW04N38LVB,1,1.0,0.0,1,0.0,0.0,1
A2UEYDQ3VZNBF,1,1.0,0.0,1,0.0,0.0,1
A2UFAKH7Y8VH5N,2,0.07407407407407407,0.0,2,0.0,624.0,27
A2UFC4VCQXX4F,2,0.005128205128205128,0.0,2,0.0,9336.0,390
A2UG509F865GJK,1,1.0,0.0,1,0.0,0.0,1
A2UH53Z5LKV0BI,1,1.0,0.0,1,0.0,0.0,1
A2UHI6BF37BZ0Z,1,1.0,0.0,1,0.0,0.0,1
A2UHIN9H9DDZMX,1,1.0,0.0,1,0.0,0.0,1
A2UHZY5FPP05QI,1,1.0,0.0,1,0.0,0.0,1
A2UJW6DKFDEPAS,1,1.0,0.0,1,0.0,0.0,1
A2UK5HQS62ESQP,1,1.0,0.0,1,0.0,0.0,1
A2UKE398XW8Z6J,1,1.0,0.0,1,0.0,0.0,1
A2UL4M5SXL7L0A,1,1.0,0.0,1,0.0,0.0,1
A2ULPJ9UDZCGQ2,1,1.0,0.0,1,0.0,0.0,1
A2UNI5F2K6TFQH,1,1.0,0.0,1,0.0,0.0,1
A2UNPQIED8UO2O,2,0.0015527950310559005,0.0,2,0.0,30888.0,1288
A2UO040HWOP0C2,1,1.0,0.0,1,0.0,0.0,1
A2UO1LAZGQQMDR,1,1.0,0.0,1,0.0,0.0,1
A2UOK8UV9AITAW,1,1.0,0.0,1,0.0,0.0,1
A2UQIQUOAB47OT,1,1.0,0.0,1,0.0,0.0,1
A2UQK3DAZ8NO2T,1,1.0,0.0,1,0.0,0.0,1
A2UREP3Z9EU6V5,2,0.1,0.0,2,0.0,456.0,20
A2UROXC3FXJKX0,1,1.0,0.0,1,0.0,0.0,1
A2USR6TZWUFN7B,1,1.0,0.0,1,0.0,0.0,1
A2UT34LEOXUR33,1,1.0,0.0,1,0.0,0.0,1
A2UTU1T0P7YTSG,1,1.0,0.0,1,0.0,0.0,1
A2UU3K8KZGCQUK,1,1.0,0.0,1,0.0,0.0,1
A2UU3ZOWZLA2SP,2,2.0,0.0,2,0.0,0.0,1
A2UWPFYTMPW6S5,1,1.0,0.0,1,0.0,0.0,1
A2UWPPU5GZLMQZ,1,1.0,0.0,1,0.0,0.0,1
A2UZ08JP9E384H,1,1.0,0.0,1,0.0,0.0,1
A2UZAE40KB0DA9,1,1.0,0.0,1,0.0,0.0,1
A2UZOEYWC4H6R4,1,1.0,0.0,1,0.0,0.0,1
A2V0I904FH7ABY,2,0.045454545454545456,0.0,2,0.0,1032.0,44
A2V0SRJJJ3PD91,1,1.0,0.0,1,0.0,0.0,1
A2V0V7KOZ857NX,1,1.0,0.0,1,0.0,0.0,1
A2V142MS1OHRFZ,1,1.0,0.0,1,0.0,0.0,1
A2V1CW0YZ25USU,1,1.0,0.0,1,0.0,0.0,1
A2V1E7EAKW3CWB,1,1.0,0.0,1,0.0,0.0,1
A2V1J3JT5OOZFO,1,1.0,0.0,1,0.0,0.0,1
A2V24K8UWPPDSB,1,1.0,0.0,1,0.0,0.0,1
A2V2XRUGEYYCGG,1,1.0,0.0,1,0.0,0.0,1
A2V4T35IYF9G0V,1,1.0,0.0,1,0.0,0.0,1
A2V504B39HC7IQ,1,1.0,0.0,1,0.0,0.0,1
A2V5K7WIPS4XOG,1,1.0,0.0,1,0.0,0.0,1
A2V5OS0QGHIUDS,1,1.0,0.0,1,0.0,0.0,1
A2V5UI37R7ESEV,1,1.0,0.0,1,0.0,0.0,1
A2V5UR27QR2L7W,1,1.0,0.0,1,0.0,0.0,1
A2V69PY52MG7PO,1,1.0,0.0,1,0.0,0.0,1
A2V69WVX5K1CHO,1,1.0,0.0,1,0.0,0.0,1
A2V6A9H8LW136P,1,1.0,0.0,1,0.0,0.0,1
A2V6XBM524KND3,1,1.0,0.0,1,0.0,0.0,1
A2V7EO331SFUF6,1,1.0,0.0,1,0.0,0.0,1
A2V84I2M1DT1TZ,1,1.0,0.0,1,0.0,0.0,1
A2V8FNIO634ZRD,1,1.0,0.0,1,0.0,0.0,1
A2V8Q6IQ602H4O,1,1.0,0.0,1,0.0,0.0,1
A2V8SHOF5ZU931,1,1.0,0.0,1,0.0,0.0,1
A2V8VLTPY3W01E,1,1.0,0.0,1,0.0,0.0,1
A2V8WQ7E1OD7XL,1,1.0,0.0,1,0.0,0.0,1
A2V91VHCO48UO4,1,1.0,0.0,1,0.0,0.0,1
A2V99RXY8L0HL7,1,1.0,0.0,1,0.0,0.0,1
A2VA0ZJFWZK4Q1,1,1.0,0.0,1,0.0,0.0,1
A2VA1Q64QRGY5H,1,1.0,0.0,1,0.0,0.0,1
A2VAJSG4VJ0II2,1,1.0,0.0,1,0.0,0.0,1
A2VAUN3R0OV1MB,1,1.0,0.0,1,0.0,0.0,1
A2VB2Q9DVM2K39,1,1.0,0.0,1,0.0,0.0,1
A2VB5FKZMKLVPV,1,1.0,0.0,1,0.0,0.0,1
A2VBJ937PKSBG8,1,1.0,0.0,1,0.0,0.0,1
A2VC84WRAOKSDQ,1,1.0,0.0,1,0.0,0.0,1
A2VC9CVEP6M5NA,1,1.0,0.0,1,0.0,0.0,1
A2VCAIFRFMLMMD,1,1.0,0.0,1,0.0,0.0,1
A2VCC3QW23GK3S,1,1.0,0.0,1,0.0,0.0,1
A2VCRXCLV08SDH,1,1.0,0.0,1,0.0,0.0,1
A2VCW0573Q0GW0,1,1.0,0.0,1,0.0,0.0,1
A2VD05UT6B7RE6,1,1.0,0.0,1,0.0,0.0,1
A2VDIU6H955TJK,1,1.0,0.0,1,0.0,0.0,1
A2VDJCGMWDY43P,1,1.0,0.0,1,0.0,0.0,1
A2VDVWA2TYAS4J,1,1.0,0.0,1,0.0,0.0,1
A2VF3U1XNCH3BH,1,1.0,0.0,1,0.0,0.0,1
A2VF6TEWSJZ1WG,1,1.0,0.0,1,0.0,0.0,1
A2VG364UUGYFHI,1,1.0,0.0,1,0.0,0.0,1
A2VGUQIG98B6R5,1,1.0,0.0,1,0.0,0.0,1
A2VHNK9KG4FN9F,1,1.0,0.0,1,0.0,0.0,1
A2VHUAB7SS8PCQ,1,1.0,0.0,1,0.0,0.0,1
A2VHZWRA699KYR,2,0.5,0.0,2,0.0,72.0,4
A2VI9F9LH3117S,1,1.0,0.0,1,0.0,0.0,1
A2VIZ3GQZ0O6F6,1,1.0,0.0,1,0.0,0.0,1
A2VIZTW4DMVVWK,1,1.0,0.0,1,0.0,0.0,1
A2VJTJTQPCS6GO,1,1.0,0.0,1,0.0,0.0,1
A2VK5XXNEQTXLC,1,1.0,0.0,1,0.0,0.0,1
A2VM1WK24SIX6O,1,1.0,0.0,1,0.0,0.0,1
A2VME004JAPD41,1,1.0,0.0,1,0.0,0.0,1
A2VN72NFU33MO8,2,0.010256410256410256,0.0,2,0.0,4656.0,195
A2VNAGUP6GD6ZW,2,0.022988505747126436,0.0,2,0.0,2064.0,87
A2VNNFURJ55S4G,1,1.0,0.0,1,0.0,0.0,1
A2VPSHOKIKSLJY,1,1.0,0.0,1,0.0,0.0,1
A2VQLV2GUC4H8J,1,1.0,0.0,1,0.0,0.0,1
A2VR3SNZMCUTZ6,1,1.0,0.0,1,0.0,0.0,1
A2VRTT04CKK484,1,1.0,0.0,1,0.0,0.0,1
A2VRYMER23944K,1,1.0,0.0,1,0.0,0.0,1
A2VRYQBXSTA424,1,1.0,0.0,1,0.0,0.0,1
A2VSE81NGRBMZ1,1,1.0,0.0,1,0.0,0.0,1
A2VSI9JA8Q1OPM,1,1.0,0.0,1,0.0,0.0,1
A2VT9DGL3UU8HQ,1,1.0,0.0,1,0.0,0.0,1
A2VTAZ74VGR64W,1,1.0,0.0,1,0.0,0.0,1
A2VTHY6NTE15G3,1,1.0,0.0,1,0.0,0.0,1
A2VTMCHYNBZC07,1,1.0,0.0,1,0.0,0.0,1
A2VU7N0CHQ6YFJ,1,1.0,0.0,1,0.0,0.0,1
A2VUAICVS9XW35,2,0.046511627906976744,0.0,2,0.0,1008.0,43
A2VUYZAEVAIQHW,1,1.0,0.0,1,0.0,0.0,1
A2VV0TJNJT9D3O,1,1.0,0.0,1,0.0,0.0,1
A2VV9CK8ZN1DQQ,1,1.0,0.0,1,0.0,0.0,1
A2VVT23YZNEOUE,1,1.0,0.0,1,0.0,0.0,1
A2VW4FYZILSXF2,1,1.0,0.0,1,0.0,0.0,1
A2VW6E1M1JP8JI,1,1.0,0.0,1,0.0,0.0,1
A2VWE41ZS0TYEN,1,1.0,0.0,1,0.0,0.0,1
A2VWHEZTQQU1U9,1,1.0,0.0,1,0.0,0.0,1
A2VXVM93S96FHS,1,1.0,0.0,1,0.0,0.0,1
A2VYE9EF6VA5CJ,1,1.0,0.0,1,0.0,0.0,1
A2VZ43530IHTJU,1,1.0,0.0,1,0.0,0.0,1
A2VZET5SXXG5AJ,1,1.0,0.0,1,0.0,0.0,1
A2VZRPRIOAYJEV,1,1.0,0.0,1,0.0,0.0,1
A2W0GY64CJSV5D,1,1.0,0.0,1,0.0,0.0,1
A2W1LLW1Y682PW,1,1.0,0.0,1,0.0,0.0,1
A2W27OK4XZK1NZ,1,1.0,0.0,1,0.0,0.0,1
A2W29HD38V9F8X,1,1.0,0.0,1,0.0,0.0,1
A2W3CVBKM239H5,1,1.0,0.0,1,0.0,0.0,1
A2W3JMA1P62IXL,1,1.0,0.0,1,0.0,0.0,1
A2W3KBMFRUDU4J,1,1.0,0.0,1,0.0,0.0,1
A2W3WWVETOMJBS,1,1.0,0.0,1,0.0,0.0,1
A2W4X464V5KALG,1,1.0,0.0,1,0.0,0.0,1
A2W5S26XTAFD97,1,1.0,0.0,1,0.0,0.0,1
A2W75LE521OOTH,1,1.0,0.0,1,0.0,0.0,1
A2W7FH5YOZ6KWD,1,1.0,0.0,1,0.0,0.0,1
A2W7MB4GB7CWWF,1,1.0,0.0,1,0.0,0.0,1
A2W8L7O2RC73OX,1,1.0,0.0,1,0.0,0.0,1
A2WAU01PM6FPD9,1,1.0,0.0,1,0.0,0.0,1
A2WB7LZ595CR50,1,1.0,0.0,1,0.0,0.0,1
A2WBEJH71SND3T,1,1.0,0.0,1,0.0,0.0,1
A2WBQ3AMBGQMAO,1,1.0,0.0,1,0.0,0.0,1
A2WBT0TCU7YHW8,1,1.0,0.0,1,0.0,0.0,1
A2WDCAMKCCP1UR,1,1.0,0.0,1,0.0,0.0,1
A2WE8VVT8JZOCI,1,1.0,0.0,1,0.0,0.0,1
A2WER6C7Y0T4D2,2,0.02702702702702703,0.0,2,0.0,1752.0,74
A2WER72RHDWH0I,1,1.0,0.0,1,0.0,0.0,1
A2WFBRX9R0D84U,1,1.0,0.0,1,0.0,0.0,1
A2WH3Y3YZVTHY2,1,1.0,0.0,1,0.0,0.0,1
A2WHVT3GA5J71X,1,1.0,0.0,1,0.0,0.0,1
A2WI99LSF1RRXG,1,1.0,0.0,1,0.0,0.0,1
A2WJ5XSE4I9F55,1,1.0,0.0,1,0.0,0.0,1
A2WKTACW026L63,1,1.0,0.0,1,0.0,0.0,1
A2WL2ZWWGHM2J1,1,1.0,0.0,1,0.0,0.0,1
A2WL349JI5LCWX,1,1.0,0.0,1,0.0,0.0,1
A2WL4FEGN510I7,1,1.0,0.0,1,0.0,0.0,1
A2WLNSZ9U0T1S3,1,1.0,0.0,1,0.0,0.0,1
A2WNVDIUMPMD87,1,1.0,0.0,1,0.0,0.0,1
A2WO3HF88DF4PW,1,1.0,0.0,1,0.0,0.0,1
A2WPNDAAIT2512,1,1.0,0.0,1,0.0,0.0,1
A2WQ0T7U3ETN5S,1,1.0,0.0,1,0.0,0.0,1
A2WQA5YPH8P4SB,1,1.0,0.0,1,0.0,0.0,1
A2WQNHK82VTJWT,1,1.0,0.0,1,0.0,0.0,1
A2WR5U7RS4IIBY,1,1.0,0.0,1,0.0,0.0,1
A2WROWUBLQ9GZZ,1,1.0,0.0,1,0.0,0.0,1
A2WSDJTS2R1R8J,1,1.0,0.0,1,0.0,0.0,1
A2WTAKAN3KH2IR,1,1.0,0.0,1,0.0,0.0,1
A2WTKMK08CVXB0,1,1.0,0.0,1,0.0,0.0,1
A2WTZZ1O3XXY5,1,1.0,0.0,1,0.0,0.0,1
A2WUGQKN584PCJ,1,1.0,0.0,1,0.0,0.0,1
A2WV8Y608V90IJ,1,1.0,0.0,1,0.0,0.0,1
A2WVD0V1MKJ638,1,1.0,0.0,1,0.0,0.0,1
A2WWF532XMFHRE,1,1.0,0.0,1,0.0,0.0,1
A2WXLG4AYEDOQI,1,1.0,0.0,1,0.0,0.0,1
A2WY7M2G4FUK9Y,1,1.0,0.0,1,0.0,0.0,1
A2WYFLTDS19XQY,1,1.0,0.0,1,0.0,0.0,1
A2WYNTUJ91DLZW,1,1.0,0.0,1,0.0,0.0,1
A2WYP6MZRK4G4A,1,1.0,0.0,1,0.0,0.0,1
A2WYV6E1ZFMLL5,1,1.0,0.0,1,0.0,0.0,1
A2WZ9UMCNUGRUD,1,1.0,0.0,1,0.0,0.0,1
A2WZRBFLJESCSH,1,1.0,0.0,1,0.0,0.0,1
A2WZX2MXMMNYBA,1,1.0,0.0,1,0.0,0.0,1
A2X0T8HIOCL0AM,1,1.0,0.0,1,0.0,0.0,1
A2X117IF5LX1B5,1,1.0,0.0,1,0.0,0.0,1
A2X179NHCLFQ60,1,1.0,0.0,1,0.0,0.0,1
A2X1HXM2TZ7VJV,1,1.0,0.0,1,0.0,0.0,1
A2X2VP3OBZ6VFE,1,1.0,0.0,1,0.0,0.0,1
A2X34LIRHZ7OIN,1,1.0,0.0,1,0.0,0.0,1
A2X435VE2DGZFG,1,1.0,0.0,1,0.0,0.0,1
A2X61KKXXR6WNP,2,0.0015432098765432098,0.0,2,0.0,31080.0,1296
A2X6CTUCGR89UU,1,1.0,0.0,1,0.0,0.0,1
A2X70YC7WIRT23,1,1.0,0.0,1,0.0,0.0,1
A2X7OZLHUKAAAT,1,1.0,0.0,1,0.0,0.0,1
A2X8KN82L07RSK,2,0.0019704433497536944,0.0,2,0.0,24336.0,1015
A2X8NZUNAWX9SO,1,1.0,0.0,1,0.0,0.0,1
A2X8ORQE9W3GIH,1,1.0,0.0,1,0.0,0.0,1
A2X92GFMN2QUY2,1,1.0,0.0,1,0.0,0.0,1
A2X9H68QLS42Q7,1,1.0,0.0,1,0.0,0.0,1
A2X9SQSKV4WKT0,1,1.0,0.0,1,0.0,0.0,1
A2XAHEQG61OQN1,1,1.0,0.0,1,0.0,0.0,1
A2XAMPN1ZH4FGT,1,1.0,0.0,1,0.0,0.0,1
A2XBFJZRMF9BJX,1,1.0,0.0,1,0.0,0.0,1
A2XBKTBMLQRQAM,1,1.0,0.0,1,0.0,0.0,1
A2XCALYSPH9WUV,3,3.0,0.0,3,0.0,0.0,1
A2XCE6WWTX57R4,2,0.002098635886673662,0.0,2,0.0,22848.0,953
A2XD50D7HKTTZE,1,1.0,0.0,1,0.0,0.0,1
A2XDJAEWOYWEYA,1,1.0,0.0,1,0.0,0.0,1
A2XEO2W78WS34Z,1,1.0,0.0,1,0.0,0.0,1
A2XEU185B1GGUL,1,1.0,0.0,1,0.0,0.0,1
A2XEW6HJK34RXU,1,1.0,0.0,1,0.0,0.0,1
A2XF4BFQ1WPR2E,1,1.0,0.0,1,0.0,0.0,1
A2XF8X3W4OXI06,1,1.0,0.0,1,0.0,0.0,1
A2XFN1TTYLQHYM,1,1.0,0.0,1,0.0,0.0,1
A2XFVS9GBQW2U1,1,1.0,0.0,1,0.0,0.0,1
A2XHRN1WV0B6MV,1,1.0,0.0,1,0.0,0.0,1
A2XHVJXV58MHVL,1,1.0,0.0,1,0.0,0.0,1
A2XI34EU8N0J4X,1,1.0,0.0,1,0.0,0.0,1
A2XIOXRRYX0KZY,1,1.0,0.0,1,0.0,0.0,1
A2XJ3J0UDEANER,1,1.0,0.0,1,0.0,0.0,1
A2XJD20SEKWFCK,1,1.0,0.0,1,0.0,0.0,1
A2XK854TOM88L2,1,1.0,0.0,1,0.0,0.0,1
A2XKCFK69WFJ2Q,1,1.0,0.0,1,0.0,0.0,1
A2XKROL6XBFHT3,1,1.0,0.0,1,0.0,0.0,1
A2XLEVG4HE14CQ,1,1.0,0.0,1,0.0,0.0,1
A2XM50BCI5A9ZT,1,1.0,0.0,1,0.0,0.0,1
A2XMAO31ZFZVIW,1,1.0,0.0,1,0.0,0.0,1
A2XMUCJWMWFTDH,1,1.0,0.0,1,0.0,0.0,1
A2XNOB1T796Y6B,1,1.0,0.0,1,0.0,0.0,1
A2XNOKX6FQPXNF,1,1.0,0.0,1,0.0,0.0,1
A2XOAT7IP6NYCN,1,1.0,0.0,1,0.0,0.0,1
A2XOUBTCDPFMBB,1,1.0,0.0,1,0.0,0.0,1
A2XPPAMKIMK3VE,1,1.0,0.0,1,0.0,0.0,1
A2XQ1TZ9RJQHL0,1,1.0,0.0,1,0.0,0.0,1
A2XQD6IU77PC5F,2,0.014598540145985401,0.0,2,0.0,3264.0,137
A2XQW1K6ALWSMZ,1,1.0,0.0,1,0.0,0.0,1
A2XR40GPJM6I6L,3,3.0,0.0,3,0.0,0.0,1
A2XTK6CZTWSCKH,1,1.0,0.0,1,0.0,0.0,1
A2XTPC8OBW4BLB,1,1.0,0.0,1,0.0,0.0,1
A2XTQXZ1FUFTO5,1,1.0,0.0,1,0.0,0.0,1
A2XTTBXNX2FKOT,1,1.0,0.0,1,0.0,0.0,1
A2XUTJJ678UBQ5,1,1.0,0.0,1,0.0,0.0,1
A2XUW6VTPD0ILX,1,1.0,0.0,1,0.0,0.0,1
A2XVE0GEZ4G16A,1,1.0,0.0,1,0.0,0.0,1
A2XVGWQZN26LX9,1,1.0,0.0,1,0.0,0.0,1
A2XW2J2M66JC1A,1,1.0,0.0,1,0.0,0.0,1
A2XW3HYL9YSJGW,1,1.0,0.0,1,0.0,0.0,1
A2XW6VPIR979KN,1,1.0,0.0,1,0.0,0.0,1
A2XWJK6POTDSP7,1,1.0,0.0,1,0.0,0.0,1
A2XWP890G6ARFW,1,1.0,0.0,1,0.0,0.0,1
A2XWZHQ52BND8R,1,1.0,0.0,1,0.0,0.0,1
A2XXCCT0TBVDIE,2,0.002185792349726776,0.0,2,0.0,21936.0,915
A2XXCJLS58H1A7,1,1.0,0.0,1,0.0,0.0,1
A2XXO4NDGULP0M,1,1.0,0.0,1,0.0,0.0,1
A2XY1CTLU0FE9U,1,1.0,0.0,1,0.0,0.0,1
A2XYGJ7FAK0QR7,1,1.0,0.0,1,0.0,0.0,1
A2Y06YSBK1YYWT,1,1.0,0.0,1,0.0,0.0,1
A2Y10VCBFO7YKD,2,0.0005449591280653951,0.0,2,0.0,88056.0,3670
A2Y12EX2K0HH8O,1,1.0,0.0,1,0.0,0.0,1
A2Y1YSXP0CR3JK,1,1.0,0.0,1,0.0,0.0,1
A2Y23OZSZPO2D1,1,1.0,0.0,1,0.0,0.0,1
A2Y30NE63L0KFK,1,1.0,0.0,1,0.0,0.0,1
A2Y3DTTBOU77MO,1,1.0,0.0,1,0.0,0.0,1
A2Y3J7LJSOSN9G,1,1.0,0.0,1,0.0,0.0,1
A2Y4H3PXB07WQI,1,1.0,0.0,1,0.0,0.0,1
A2Y4N0IFVNNP46,2,0.0016299918500407497,0.0,2,0.0,29424.0,1227
A2Y4QQTCIP2E0E,1,1.0,0.0,1,0.0,0.0,1
A2Y5KXAJSN7NG3,1,1.0,0.0,1,0.0,0.0,1
A2Y6IDYSDC9QTY,1,1.0,0.0,1,0.0,0.0,1
A2Y6MZHG0MPCTN,1,1.0,0.0,1,0.0,0.0,1
A2Y6PGW144PYBN,1,1.0,0.0,1,0.0,0.0,1
A2Y739CRM15WDL,2,0.008032128514056224,0.0,2,0.0,5952.0,249
A2Y7BPLIRE7SHD,1,1.0,0.0,1,0.0,0.0,1
A2Y7D6A2W3GY6V,1,1.0,0.0,1,0.0,0.0,1
A2Y870S7P44V4C,1,1.0,0.0,1,0.0,0.0,1
A2Y8QYR1IOIA06,1,1.0,0.0,1,0.0,0.0,1
A2Y8WX30L9NFD4,1,1.0,0.0,1,0.0,0.0,1
A2Y9CTL628GL7K,1,1.0,0.0,1,0.0,0.0,1
A2YA6QX577CK8Q,1,1.0,0.0,1,0.0,0.0,1
A2YA8HT95FIXB8,1,1.0,0.0,1,0.0,0.0,1
A2YAVWHYO1PZMK,1,1.0,0.0,1,0.0,0.0,1
A2YAXL6USA6MJO,1,1.0,0.0,1,0.0,0.0,1
A2YBKKLYAMSJMU,1,1.0,0.0,1,0.0,0.0,1
A2YBMSUMVETP0K,1,1.0,0.0,1,0.0,0.0,1
A2YBYKUXJM5LW4,1,1.0,0.0,1,0.0,0.0,1
A2YC0ADOK1SNMK,2,0.004273504273504274,0.0,2,0.0,11208.0,468
A2YCEKVUN1W5F1,1,1.0,0.0,1,0.0,0.0,1
A2YCEVZLNY3ZO2,1,1.0,0.0,1,0.0,0.0,1
A2YCJJV1QEO655,1,1.0,0.0,1,0.0,0.0,1
A2YD3067K4RN5P,1,1.0,0.0,1,0.0,0.0,1
A2YDG1XB9J2N35,1,1.0,0.0,1,0.0,0.0,1
A2YDNC4J5GUZL9,1,1.0,0.0,1,0.0,0.0,1
A2YF3QW52PBL3C,1,1.0,0.0,1,0.0,0.0,1
A2YF4URKFGNEEV,1,1.0,0.0,1,0.0,0.0,1
A2YFS3AYX720ZX,1,1.0,0.0,1,0.0,0.0,1
A2YFWEBG4CGKP0,1,1.0,0.0,1,0.0,0.0,1
A2YG0C7JIOSZZ2,2,0.0011890606420927466,0.0,2,0.0,40344.0,1682
A2YG15FR3JP4JC,2,0.006006006006006006,0.0,2,0.0,7968.0,333
A2YGB747HQLREO,1,1.0,0.0,1,0.0,0.0,1
A2YHABRZJVRSYF,1,1.0,0.0,1,0.0,0.0,1
A2YHVZ52FRPAOR,1,1.0,0.0,1,0.0,0.0,1
A2YHXGPCTENZY3,2,0.017857142857142856,0.0,2,0.0,2664.0,112
A2YIHGB6WSRI85,1,1.0,0.0,1,0.0,0.0,1
A2YIHYJLTKN8YJ,1,1.0,0.0,1,0.0,0.0,1
A2YIMB2LF7HH1C,1,1.0,0.0,1,0.0,0.0,1
A2YKIR73T6AE2O,1,1.0,0.0,1,0.0,0.0,1
A2YKN8E68KVMZL,1,1.0,0.0,1,0.0,0.0,1
A2YL9FWBDJR4KL,1,1.0,0.0,1,0.0,0.0,1
A2YM85TO0H2JET,1,1.0,0.0,1,0.0,0.0,1
A2YOA3UYNZWZL0,1,1.0,0.0,1,0.0,0.0,1
A2YOI67EI4N4D,2,2.0,0.0,2,0.0,0.0,1
A2YORH3MSOM6P8,1,1.0,0.0,1,0.0,0.0,1
A2YQHMDUS67VDC,1,1.0,0.0,1,0.0,0.0,1
A2YQN0Z573XRC1,1,1.0,0.0,1,0.0,0.0,1
A2YRMTUDRXBMYR,1,1.0,0.0,1,0.0,0.0,1
A2YRX8J4WM5BRX,1,1.0,0.0,1,0.0,0.0,1
A2YSEA25OUUR6X,1,1.0,0.0,1,0.0,0.0,1
A2YSLAI9DJ32I9,1,1.0,0.0,1,0.0,0.0,1
A2YSY26ZVMNNV2,2,0.0005664117813650524,0.0,2,0.0,84720.0,3531
A2YULFEPE7QEHB,1,1.0,0.0,1,0.0,0.0,1
A2YV0F1VTUGV54,1,1.0,0.0,1,0.0,0.0,1
A2YVLGHD3YK5M,1,1.0,0.0,1,0.0,0.0,1
A2YVT92OFFUJEI,1,1.0,0.0,1,0.0,0.0,1
A2YW6XOID7GV6G,1,1.0,0.0,1,0.0,0.0,1
A2YW90U088SMQB,1,1.0,0.0,1,0.0,0.0,1
A2YXS8NCIO205E,1,1.0,0.0,1,0.0,0.0,1
A2YXYJ4JJC5BQB,1,1.0,0.0,1,0.0,0.0,1
A2YY8BZ30MXT5Y,1,1.0,0.0,1,0.0,0.0,1
A2YY8ZX8R5HYMF,1,1.0,0.0,1,0.0,0.0,1
A2YZ9XYWX9NQEW,1,1.0,0.0,1,0.0,0.0,1
A2Z2VZEOYK3EMX,1,1.0,0.0,1,0.0,0.0,1
A2Z5C2MD0XL1QB,1,1.0,0.0,1,0.0,0.0,1
A2Z5WCWTUTWFO9,1,1.0,0.0,1,0.0,0.0,1
A2Z6K5LQUZU08X,1,1.0,0.0,1,0.0,0.0,1
A2Z6M29DOKM8EB,1,1.0,0.0,1,0.0,0.0,1
A2Z7FGJ2UCQV7T,1,1.0,0.0,1,0.0,0.0,1
A2Z7MIEHHW9AIT,1,1.0,0.0,1,0.0,0.0,1
A2Z7ZRN6NMASI0,1,1.0,0.0,1,0.0,0.0,1
A2Z80Q127S64HA,1,1.0,0.0,1,0.0,0.0,1
A2Z8UCDJZF6YLG,1,1.0,0.0,1,0.0,0.0,1
A2Z93Q5OYD39G9,1,1.0,0.0,1,0.0,0.0,1
A2Z9H86XRXBVEI,1,1.0,0.0,1,0.0,0.0,1
A2Z9S2RQD542CP,1,1.0,0.0,1,0.0,0.0,1
A2ZAIKFQ0LQ0WV,1,1.0,0.0,1,0.0,0.0,1
A2ZAJGOIF88NLJ,1,1.0,0.0,1,0.0,0.0,1
A2ZB6BETR6IC27,2,0.006289308176100629,0.0,2,0.0,7608.0,318
A2ZBL197CLFKPK,1,1.0,0.0,1,0.0,0.0,1
A2ZCKOJM6MOBVY,1,1.0,0.0,1,0.0,0.0,1
A2ZCWFNMC84GPY,1,1.0,0.0,1,0.0,0.0,1
A2ZD33OULX0OG,1,1.0,0.0,1,0.0,0.0,1
A2ZD6GWOWGMC11,2,2.0,0.0,2,0.0,0.0,1
A2ZDADVIBD50VB,1,1.0,0.0,1,0.0,0.0,1
A2ZDMIP49N36UJ,1,1.0,0.0,1,0.0,0.0,1
A2ZG7SSHO1VKI4,1,1.0,0.0,1,0.0,0.0,1
A2ZH26QW2ZPK2C,2,0.0009178522257916476,0.0,2,0.0,52272.0,2179
A2ZHSHIVYKUFQQ,1,1.0,0.0,1,0.0,0.0,1
A2ZI97NDT655W4,2,2.0,0.0,2,0.0,0.0,1
A2ZIXNYGNZBDYS,1,1.0,0.0,1,0.0,0.0,1
A2ZJPDH0YP90SD,1,1.0,0.0,1,0.0,0.0,1
A2ZL2WDFMDCJB7,1,1.0,0.0,1,0.0,0.0,1
A2ZL6GEH9ZW4ES,1,1.0,0.0,1,0.0,0.0,1
A2ZL75KJU11RLO,1,1.0,0.0,1,0.0,0.0,1
A2ZLWZUP0D44SS,1,1.0,0.0,1,0.0,0.0,1
A2ZM9BGE3K3SY2,2,0.03076923076923077,0.0,2,0.0,1536.0,65
A2ZMEHV9S4FXV5,1,1.0,0.0,1,0.0,0.0,1
A2ZNMPZMLRRC8R,1,1.0,0.0,1,0.0,0.0,1
A2ZOBJMDF6EZTH,1,1.0,0.0,1,0.0,0.0,1
A2ZODK2UVATV0N,1,1.0,0.0,1,0.0,0.0,1
A2ZOEOGAKDKF0U,1,1.0,0.0,1,0.0,0.0,1
A2ZP7F2XXKGUCR,1,1.0,0.0,1,0.0,0.0,1
A2ZPDPOF7M2PKN,1,1.0,0.0,1,0.0,0.0,1
A2ZQ8RJULU5ON3,1,1.0,0.0,1,0.0,0.0,1
A2ZR2K4JOGBYAG,1,1.0,0.0,1,0.0,0.0,1
A2ZR3YTMEEIIZ4,1,1.0,0.0,1,0.0,0.0,1
A2ZRD6US50VB2E,1,1.0,0.0,1,0.0,0.0,1
A2ZRQ6XQ8XNMTO,1,1.0,0.0,1,0.0,0.0,1
A2ZRYWFYQBVOQ2,1,1.0,0.0,1,0.0,0.0,1
A2ZT1CSHU62UOL,1,1.0,0.0,1,0.0,0.0,1
A2ZT5LYQVJQJAU,1,1.0,0.0,1,0.0,0.0,1
A2ZT9UP11DGS0O,1,1.0,0.0,1,0.0,0.0,1
A2ZTI6CV56ESV3,1,1.0,0.0,1,0.0,0.0,1
A2ZTSJRF8PYC5Y,1,1.0,0.0,1,0.0,0.0,1
A2ZU4ZTPJ8PURX,1,1.0,0.0,1,0.0,0.0,1
A2ZVNM8J2Q4HQT,1,1.0,0.0,1,0.0,0.0,1
A2ZW4Q5B43JOFP,1,1.0,0.0,1,0.0,0.0,1
A2ZWHO87S7L5DA,1,1.0,0.0,1,0.0,0.0,1
A2ZWLZHPWI6JGG,1,1.0,0.0,1,0.0,0.0,1
A2ZWPLINHIK3DS,1,1.0,0.0,1,0.0,0.0,1
A2ZWT8VQXLOFLL,1,1.0,0.0,1,0.0,0.0,1
A2ZY199QQQY3FB,1,1.0,0.0,1,0.0,0.0,1
A2ZY49IDE6TY5I,1,1.0,0.0,1,0.0,0.0,1
A2ZY56ETQFB9L8,1,1.0,0.0,1,0.0,0.0,1
A2ZYC0DMBEHKM9,1,1.0,0.0,1,0.0,0.0,1
A2ZYFIRTB2V11J,1,1.0,0.0,1,0.0,0.0,1
A2ZZAM4LFM4IE1,1,1.0,0.0,1,0.0,0.0,1
A300M5BZZ1FWRX,1,1.0,0.0,1,0.0,0.0,1
A300RFTV7HKI5S,1,1.0,0.0,1,0.0,0.0,1
A3014KJFHAIMGP,1,1.0,0.0,1,0.0,0.0,1
A301OOJQXCXXO5,4,0.07272727272727272,0.0,4,0.0,432.0,55
A301ZMQ2FPX1AG,1,1.0,0.0,1,0.0,0.0,1
A303UDTZGJRFL,1,1.0,0.0,1,0.0,0.0,1
A304AY9M0FAI3Y,2,0.1111111111111111,0.0,2,0.0,408.0,18
A304GUEPCPYM3Z,2,0.0012254901960784314,0.0,2,0.0,39144.0,1632
A304TZYJIWBA0C,1,1.0,0.0,1,0.0,0.0,1
A305EHGTB1OGTA,1,1.0,0.0,1,0.0,0.0,1
A305FHDAKFC9LQ,1,1.0,0.0,1,0.0,0.0,1
A305KK5LXBJOK3,1,1.0,0.0,1,0.0,0.0,1
A305XJYZOLQ4M2,1,1.0,0.0,1,0.0,0.0,1
A306DZDPR77BIG,1,1.0,0.0,1,0.0,0.0,1
A306LNS6H0P1W,1,1.0,0.0,1,0.0,0.0,1
A3077MQTAKOVFZ,2,0.0106951871657754,0.0,2,0.0,4464.0,187
A307BM12B9ZPWV,1,1.0,0.0,1,0.0,0.0,1
A3085YHTXL9NRA,1,1.0,0.0,1,0.0,0.0,1
A3097DNGRCNJEV,1,1.0,0.0,1,0.0,0.0,1
A309PFW8T6DMMZ,1,1.0,0.0,1,0.0,0.0,1
A309WRQUO9GY7T,1,1.0,0.0,1,0.0,0.0,1
A30BQ1F0T0IES8,1,1.0,0.0,1,0.0,0.0,1
A30CV4T4I9Y89P,2,0.034482758620689655,0.0,2,0.0,1368.0,58
A30E0PFBI2LKRC,1,1.0,0.0,1,0.0,0.0,1
A30E73YLNXH2LJ,1,1.0,0.0,1,0.0,0.0,1
A30EBZKII2V5VX,1,1.0,0.0,1,0.0,0.0,1
A30EV1UN18OKR6,1,1.0,0.0,1,0.0,0.0,1
A30F4NMKRP7UZS,1,1.0,0.0,1,0.0,0.0,1
A30H2335OM7RD6,2,0.0004986287708800798,0.0,2,0.0,96240.0,4011
A30HAGYXB3WZ1E,1,1.0,0.0,1,0.0,0.0,1
A30HU780JBS1GS,1,1.0,0.0,1,0.0,0.0,1
A30HUZHJBOX1LK,1,1.0,0.0,1,0.0,0.0,1
A30HY6CENWVVTA,1,1.0,0.0,1,0.0,0.0,1
A30I0LXKTAP4F,1,1.0,0.0,1,0.0,0.0,1
A30IP3E4MDQ36,1,1.0,0.0,1,0.0,0.0,1
A30ISDN6ZV58L4,1,1.0,0.0,1,0.0,0.0,1
A30J7WQV0ZNRXG,1,1.0,0.0,1,0.0,0.0,1
A30LET3M8GQNMZ,1,1.0,0.0,1,0.0,0.0,1
A30LT7I4GHR1H2,1,1.0,0.0,1,0.0,0.0,1
A30NZYWSJ5WT7I,2,2.0,0.0,2,0.0,0.0,1
A30OCGX9SUDKUE,1,1.0,0.0,1,0.0,0.0,1
A30RMQZADGBG6V,1,1.0,0.0,1,0.0,0.0,1
A30TX7RLZY0M0G,1,1.0,0.0,1,0.0,0.0,1
A30UHM6OOPVHNA,1,1.0,0.0,1,0.0,0.0,1
A30UM9C69L5W5G,1,1.0,0.0,1,0.0,0.0,1
A30UO2HV1289CO,1,1.0,0.0,1,0.0,0.0,1
A30UV3IIH7IJF,2,2.0,0.0,2,0.0,0.0,1
A30VJALZMOTNW3,1,1.0,0.0,1,0.0,0.0,1
A30W19TNWBB6SH,1,1.0,0.0,1,0.0,0.0,1
A30WDIW9B3XQY1,1,1.0,0.0,1,0.0,0.0,1
A30XCXBX58I43B,1,1.0,0.0,1,0.0,0.0,1
A30YRZHUDGLEK0,1,1.0,0.0,1,0.0,0.0,1
A310AKTMTWOZ17,1,1.0,0.0,1,0.0,0.0,1
A310FK6D7P891I,1,1.0,0.0,1,0.0,0.0,1
A3119E8HWUNIR6,1,1.0,0.0,1,0.0,0.0,1
A311NAIRZC7EGO,1,1.0,0.0,1,0.0,0.0,1
A311UKPJDYZOVL,1,1.0,0.0,1,0.0,0.0,1
A3129B0UL290DD,1,1.0,0.0,1,0.0,0.0,1
A312JTRQVEA4G7,1,1.0,0.0,1,0.0,0.0,1
A3132X0691CH4V,1,1.0,0.0,1,0.0,0.0,1
A313DADVI76HKM,1,1.0,0.0,1,0.0,0.0,1
A313H6238N589,1,1.0,0.0,1,0.0,0.0,1
A313VOS25H6G2F,1,1.0,0.0,1,0.0,0.0,1
A314GYAJRTK8Y7,1,1.0,0.0,1,0.0,0.0,1
A314ZLRAHHWEPZ,1,1.0,0.0,1,0.0,0.0,1
A317L56T9Q55C2,1,1.0,0.0,1,0.0,0.0,1
A317RWPY08I5QX,2,1.0,0.0,2,0.0,24.0,2
A3194LALPLNT8Y,1,1.0,0.0,1,0.0,0.0,1
A319CJUZ04SQL7,1,1.0,0.0,1,0.0,0.0,1
A319UCRTOK0V9P,1,1.0,0.0,1,0.0,0.0,1
A31B95W75QU2MJ,1,1.0,0.0,1,0.0,0.0,1
A31BD4RXCON7QO,3,0.0037688442211055275,0.0,3,0.0,9540.0,796
A31C4P50CH9ET4,1,1.0,0.0,1,0.0,0.0,1
A31COKWABW2WH2,1,1.0,0.0,1,0.0,0.0,1
A31DLX6GSOPHLI,1,1.0,0.0,1,0.0,0.0,1
A31E19FNC235UQ,1,1.0,0.0,1,0.0,0.0,1
A31ECARG9W729,1,1.0,0.0,1,0.0,0.0,1
A31EMKD6ZGNC9W,1,1.0,0.0,1,0.0,0.0,1
A31F722DD3E761,1,1.0,0.0,1,0.0,0.0,1
A31FHQVCAND5TD,1,1.0,0.0,1,0.0,0.0,1
A31FYGE53VGBH7,1,1.0,0.0,1,0.0,0.0,1
A31GHUVQ0N2NXH,1,1.0,0.0,1,0.0,0.0,1
A31GOE0Y2JM17C,1,1.0,0.0,1,0.0,0.0,1
A31GRJW986YY2E,1,1.0,0.0,1,0.0,0.0,1
A31HVP4R32FSVZ,1,1.0,0.0,1,0.0,0.0,1
A31IRISM6DRTG7,1,1.0,0.0,1,0.0,0.0,1
A31K78RDPK1UKE,1,1.0,0.0,1,0.0,0.0,1
A31KBA8LLZIDS2,1,1.0,0.0,1,0.0,0.0,1
A31L967UMFOLPT,1,1.0,0.0,1,0.0,0.0,1
A31LD9CUER3EGH,1,1.0,0.0,1,0.0,0.0,1
A31N0XY2UTB25C,1,1.0,0.0,1,0.0,0.0,1
A31OQEN2R4QZKE,1,1.0,0.0,1,0.0,0.0,1
A31P3WRM4BRRAV,1,1.0,0.0,1,0.0,0.0,1
A31PDR78F1MNDI,1,1.0,0.0,1,0.0,0.0,1
A31PXV9XPENREQ,1,1.0,0.0,1,0.0,0.0,1
A31PZ5TL8HYZ84,1,1.0,0.0,1,0.0,0.0,1
A31QWIVYZ7XU53,1,1.0,0.0,1,0.0,0.0,1
A31QX4MCDU5235,1,1.0,0.0,1,0.0,0.0,1
A31U2QT7SAL7K,1,1.0,0.0,1,0.0,0.0,1
A31UHOIFMFSCN1,2,2.0,0.0,2,0.0,0.0,1
A31UM38UFS5OF5,1,1.0,0.0,1,0.0,0.0,1
A31WL2DMXTR6SV,1,1.0,0.0,1,0.0,0.0,1
A31XREIO9ZOYH4,1,1.0,0.0,1,0.0,0.0,1
A31Y28UEDXQ0HB,2,0.011428571428571429,0.0,2,0.0,4176.0,175
A31Y54OKMYME6G,1,1.0,0.0,1,0.0,0.0,1
A31YMI20E4F0RI,1,1.0,0.0,1,0.0,0.0,1
A31Z1N67RKI5A,1,1.0,0.0,1,0.0,0.0,1
A3202C86H3AD1V,1,1.0,0.0,1,0.0,0.0,1
A320DLHQTRFL5L,1,1.0,0.0,1,0.0,0.0,1
A320HZ92MYZ2FC,1,1.0,0.0,1,0.0,0.0,1
A321QMD4CPT21S,1,1.0,0.0,1,0.0,0.0,1
A321UWX6A3K66B,1,1.0,0.0,1,0.0,0.0,1
A323304W2UIUTX,1,1.0,0.0,1,0.0,0.0,1
A3237FOR4LVBZO,2,0.023809523809523808,0.0,2,0.0,1992.0,84
A324X6N1112OAX,1,1.0,0.0,1,0.0,0.0,1
A325DQLHV6GUOT,1,1.0,0.0,1,0.0,0.0,1
A326CJOIAVMKIR,1,1.0,0.0,1,0.0,0.0,1
A326F2HO1FPAPB,1,1.0,0.0,1,0.0,0.0,1
A326UIIB1O2UUR,1,1.0,0.0,1,0.0,0.0,1
A326VH8IUJ7JSV,1,1.0,0.0,1,0.0,0.0,1
A327GK6XKAKQZG,1,1.0,0.0,1,0.0,0.0,1
A328ER55DPOCMO,1,1.0,0.0,1,0.0,0.0,1
A328GLDSDNFYII,1,1.0,0.0,1,0.0,0.0,1
A328YKP8SAY73L,1,1.0,0.0,1,0.0,0.0,1
A328Z8A4GQWOQI,2,0.0008302200083022001,0.0,2,0.0,57792.0,2409
A329AE4A7Q1FQK,1,1.0,0.0,1,0.0,0.0,1
A329B6BKTHQ41A,1,1.0,0.0,1,0.0,0.0,1
A329L3HF2QK7E,1,1.0,0.0,1,0.0,0.0,1
A329P043ENCM1R,1,1.0,0.0,1,0.0,0.0,1
A329TQLDBZDAAF,1,1.0,0.0,1,0.0,0.0,1
A329X6LME4DZ9,1,1.0,0.0,1,0.0,0.0,1
A32AFX2PUJ82HG,1,1.0,0.0,1,0.0,0.0,1
A32AKKZRP848H8,1,1.0,0.0,1,0.0,0.0,1
A32B6XWNR55SRL,1,1.0,0.0,1,0.0,0.0,1
A32B832WK76HYN,1,1.0,0.0,1,0.0,0.0,1
A32B8VX0HMX9YQ,1,1.0,0.0,1,0.0,0.0,1
A32B969NDCPVWQ,1,1.0,0.0,1,0.0,0.0,1
A32BART9O61O3E,1,1.0,0.0,1,0.0,0.0,1
A32BQI4PD4MC1K,1,1.0,0.0,1,0.0,0.0,1
A32D4R7O5KQWBC,1,1.0,0.0,1,0.0,0.0,1
A32DT10X9WS4D0,1,1.0,0.0,1,0.0,0.0,1
A32F6TVKKA6JX4,1,1.0,0.0,1,0.0,0.0,1
A32I07L6RTFMUA,1,1.0,0.0,1,0.0,0.0,1
A32IAWS84M6SYO,1,1.0,0.0,1,0.0,0.0,1
A32IJ34W2PUHT7,1,1.0,0.0,1,0.0,0.0,1
A32J6G16FFL8OC,1,1.0,0.0,1,0.0,0.0,1
A32JA9FA6O0XST,1,1.0,0.0,1,0.0,0.0,1
A32JZ9XNHMNWOO,1,1.0,0.0,1,0.0,0.0,1
A32LX4XJ2LU740,2,0.001402524544179523,0.0,2,0.0,34200.0,1426
A32LY2NXFZD2J7,1,1.0,0.0,1,0.0,0.0,1
A32M3NV9464KEA,1,1.0,0.0,1,0.0,0.0,1
A32M7HKY7SQ602,1,1.0,0.0,1,0.0,0.0,1
A32MJ9F0FRBUJP,1,1.0,0.0,1,0.0,0.0,1
A32MZZ6LEZCGRL,1,1.0,0.0,1,0.0,0.0,1
A32NKAW0Q7A9IQ,1,1.0,0.0,1,0.0,0.0,1
A32OKDKPS1DAO6,1,1.0,0.0,1,0.0,0.0,1
A32OOHIQN9GFMH,1,1.0,0.0,1,0.0,0.0,1
A32P0B3INF7HF5,1,1.0,0.0,1,0.0,0.0,1
A32PP5VY9GEJ43,1,1.0,0.0,1,0.0,0.0,1
A32PQEIVGTNG4J,1,1.0,0.0,1,0.0,0.0,1
A32PY9MW5928O5,2,0.0008361204013377926,0.0,2,0.0,57384.0,2392
A32QNGGSX3YTAH,1,1.0,0.0,1,0.0,0.0,1
A32QOZWIKQDNZX,2,0.015625,0.0,2,0.0,3048.0,128
A32QUS5HTNB6GO,1,1.0,0.0,1,0.0,0.0,1
A32R2880NCFLGR,1,1.0,0.0,1,0.0,0.0,1
A32R3RWA8KQ6C6,1,1.0,0.0,1,0.0,0.0,1
A32R6DMRW8JBNT,1,1.0,0.0,1,0.0,0.0,1
A32RDPAKVCVXTA,1,1.0,0.0,1,0.0,0.0,1
A32RMUE2HOPW69,1,1.0,0.0,1,0.0,0.0,1
A32S5XUIJ6NEX0,1,1.0,0.0,1,0.0,0.0,1
A32SE19753YIL4,1,1.0,0.0,1,0.0,0.0,1
A32SUIEEW3K443,1,1.0,0.0,1,0.0,0.0,1
A32SVEX626XG20,1,1.0,0.0,1,0.0,0.0,1
A32T9TM5F7KHIG,2,2.0,0.0,2,0.0,0.0,1
A32TEHZX11HR1A,1,1.0,0.0,1,0.0,0.0,1
A32TSY95CFGCL2,1,1.0,0.0,1,0.0,0.0,1
A32UKJ89I78SH5,1,1.0,0.0,1,0.0,0.0,1
A32UT0N3BGO8KN,1,1.0,0.0,1,0.0,0.0,1
A32UWXGT2UZIPT,1,1.0,0.0,1,0.0,0.0,1
A32V1A0ER6VKTX,1,1.0,0.0,1,0.0,0.0,1
A32V4TT1ZJVY2G,1,1.0,0.0,1,0.0,0.0,1
A32VHSD0V87NOU,1,1.0,0.0,1,0.0,0.0,1
A32VIPOLAO12KV,1,1.0,0.0,1,0.0,0.0,1
A32VSTSDEPUBHU,1,1.0,0.0,1,0.0,0.0,1
A32VUK5VY3V11D,1,1.0,0.0,1,0.0,0.0,1
A32WCCXGTR5UFX,2,0.025,0.0,2,0.0,1896.0,80
A32WHPPRFXTHRV,1,1.0,0.0,1,0.0,0.0,1
A32YRGGWZ56OCS,1,1.0,0.0,1,0.0,0.0,1
A32Z1V9II49XZY,1,1.0,0.0,1,0.0,0.0,1
A32ZNPZDXOK609,1,1.0,0.0,1,0.0,0.0,1
A3300ZHK4SPWC3,1,1.0,0.0,1,0.0,0.0,1
A33152QEGO2MZN,1,1.0,0.0,1,0.0,0.0,1
A331TXDQ3NFCHG,1,1.0,0.0,1,0.0,0.0,1
A3322RJGG8TZHC,1,1.0,0.0,1,0.0,0.0,1
A332E6XGZ46RAW,1,1.0,0.0,1,0.0,0.0,1
A333CVW40B69M4,1,1.0,0.0,1,0.0,0.0,1
A3346F1Q4PT8Q1,1,1.0,0.0,1,0.0,0.0,1
A334SPS816A2GG,1,1.0,0.0,1,0.0,0.0,1
A334X69Y2AJHJ6,1,1.0,0.0,1,0.0,0.0,1
A3355TU2GYGQQ3,1,1.0,0.0,1,0.0,0.0,1
A335QXPTV1RIV1,1,1.0,0.0,1,0.0,0.0,1
A33775AIB1A664,2,0.009433962264150943,0.0,2,0.0,5064.0,212
A337NTGIG1VMB5,1,1.0,0.0,1,0.0,0.0,1
A337UU54VPYJLP,1,1.0,0.0,1,0.0,0.0,1
A337XUY8HSGC33,1,1.0,0.0,1,0.0,0.0,1
A338WMJ8QUF79,1,1.0,0.0,1,0.0,0.0,1
A339BQZ2491E6N,1,1.0,0.0,1,0.0,0.0,1
A339DV3S739GE8,1,1.0,0.0,1,0.0,0.0,1
A339ZN69W7N8PW,1,1.0,0.0,1,0.0,0.0,1
A33AQU9PASHWOZ,1,1.0,0.0,1,0.0,0.0,1
A33BIGD5TBUL2I,1,1.0,0.0,1,0.0,0.0,1
A33BVOFXW2WA8M,1,1.0,0.0,1,0.0,0.0,1
A33CNFK776MTWR,1,1.0,0.0,1,0.0,0.0,1
A33E61AGL43KTS,1,1.0,0.0,1,0.0,0.0,1
A33ENNU5G60VIH,1,1.0,0.0,1,0.0,0.0,1
A33F0ISF1P9RCH,1,1.0,0.0,1,0.0,0.0,1
A33FS5H3CPDR6D,1,1.0,0.0,1,0.0,0.0,1
A33FZNPF0TRLYN,1,1.0,0.0,1,0.0,0.0,1
A33GO0KKMW20BK,1,1.0,0.0,1,0.0,0.0,1
A33GQ5EG104KN7,1,1.0,0.0,1,0.0,0.0,1
A33GR4CDLG08T1,1,1.0,0.0,1,0.0,0.0,1
A33H0WC9MI8OVW,2,0.07692307692307693,0.0,2,0.0,600.0,26
A33H8NZQ7UVSC7,1,1.0,0.0,1,0.0,0.0,1
A33IJGLTVS5MDS,1,1.0,0.0,1,0.0,0.0,1
A33J5VPBSW64XC,1,1.0,0.0,1,0.0,0.0,1
A33JJRB8ZAU2LF,1,1.0,0.0,1,0.0,0.0,1
A33K8EOQH55J62,1,1.0,0.0,1,0.0,0.0,1
A33L4OCSS2MJ2G,1,1.0,0.0,1,0.0,0.0,1
A33LBTRTH6XOLE,1,1.0,0.0,1,0.0,0.0,1
A33LOGQTJCM66N,1,1.0,0.0,1,0.0,0.0,1
A33LUG9R954H0Q,1,1.0,0.0,1,0.0,0.0,1
A33M07VZBYRMPY,1,1.0,0.0,1,0.0,0.0,1
A33MZ69QV2G5F3,1,1.0,0.0,1,0.0,0.0,1
A33N08AT51YRK0,1,1.0,0.0,1,0.0,0.0,1
A33O0L7DTMBKUK,1,1.0,0.0,1,0.0,0.0,1
A33O79GQ8QW4TU,1,1.0,0.0,1,0.0,0.0,1
A33O7L1ZGWEYTL,1,1.0,0.0,1,0.0,0.0,1
A33PWO1CNL1KAP,1,1.0,0.0,1,0.0,0.0,1
A33PZPS7NFLWKR,1,1.0,0.0,1,0.0,0.0,1
A33R77IXUMAGL6,1,1.0,0.0,1,0.0,0.0,1
A33SG2UA24DJ9P,1,1.0,0.0,1,0.0,0.0,1
A33TA4K8TO0MJH,1,1.0,0.0,1,0.0,0.0,1
A33TDBE3822NTY,1,1.0,0.0,1,0.0,0.0,1
A33U104WVD0P0S,1,1.0,0.0,1,0.0,0.0,1
A33UD2JQGUVLAO,1,1.0,0.0,1,0.0,0.0,1
A33UIQMVOBGFS8,1,1.0,0.0,1,0.0,0.0,1
A33US71RSEBUSC,1,1.0,0.0,1,0.0,0.0,1
A33V7Z377X9KBV,1,1.0,0.0,1,0.0,0.0,1
A33XZNU0PFPX3Y,1,1.0,0.0,1,0.0,0.0,1
A33YH22HNC1POY,1,1.0,0.0,1,0.0,0.0,1
A33YNEPUTEG8I0,1,1.0,0.0,1,0.0,0.0,1
A33YZNZIRA3H97,2,0.0273972602739726,0.0,2,0.0,1728.0,73
A33Z318TMDAFDM,1,1.0,0.0,1,0.0,0.0,1
A33ZDZUEF1GXXA,1,1.0,0.0,1,0.0,0.0,1
A33ZNSZSZ580D9,1,1.0,0.0,1,0.0,0.0,1
A33ZNV7VQ925SB,1,1.0,0.0,1,0.0,0.0,1
A33ZO4XGZ09MPG,1,1.0,0.0,1,0.0,0.0,1
A340AUQWQ33Y69,1,1.0,0.0,1,0.0,0.0,1
A340RN4767K964,1,1.0,0.0,1,0.0,0.0,1
A341HCMGNZCBIT,1,1.0,0.0,1,0.0,0.0,1
A341RBL4H3RJQG,1,1.0,0.0,1,0.0,0.0,1
A342ZILZJ260ST,2,0.007722007722007722,0.0,2,0.0,6192.0,259
A3433V6H1NDFGP,1,1.0,0.0,1,0.0,0.0,1
A343CF9RXZ7DNG,1,1.0,0.0,1,0.0,0.0,1
A343JEP7ADY2YD,1,1.0,0.0,1,0.0,0.0,1
A343QC2O211PHA,1,1.0,0.0,1,0.0,0.0,1
A3445SRT7KJ6FN,1,1.0,0.0,1,0.0,0.0,1
A344ITZYE55Q68,1,1.0,0.0,1,0.0,0.0,1
A344UAY8CWTXOI,1,1.0,0.0,1,0.0,0.0,1
A344VCIOO3EG21,1,1.0,0.0,1,0.0,0.0,1
A3479FS9K87E6O,1,1.0,0.0,1,0.0,0.0,1
A347LTN4RU2FL1,1,1.0,0.0,1,0.0,0.0,1
A34818POYHM1GD,1,1.0,0.0,1,0.0,0.0,1
A34AJOQX9NGT7G,1,1.0,0.0,1,0.0,0.0,1
A34AMRIGX4RVKU,1,1.0,0.0,1,0.0,0.0,1
A34BFOXOM87TCY,1,1.0,0.0,1,0.0,0.0,1
A34C8TEM5H2JG9,1,1.0,0.0,1,0.0,0.0,1
A34CK5N0R36M7T,1,1.0,0.0,1,0.0,0.0,1
A34DUTUH6VLRWB,1,1.0,0.0,1,0.0,0.0,1
A34DXV6MS7G9CL,1,1.0,0.0,1,0.0,0.0,1
A34ETKDJ29JAQ3,1,1.0,0.0,1,0.0,0.0,1
A34F15TPWKCU50,1,1.0,0.0,1,0.0,0.0,1
A34G4GSIYY4JJ3,1,1.0,0.0,1,0.0,0.0,1
A34GH8QDLI43CL,1,1.0,0.0,1,0.0,0.0,1
A34H1TFXR2MZ7U,3,0.006772009029345372,0.0,3,0.0,5304.0,443
A34HEHB3Z0YHO3,1,1.0,0.0,1,0.0,0.0,1
A34HJQ50HKYUQ3,1,1.0,0.0,1,0.0,0.0,1
A34HW115TAJU9J,1,1.0,0.0,1,0.0,0.0,1
A34II2YYFYNFI9,1,1.0,0.0,1,0.0,0.0,1
A34IJACMU8C3IM,1,1.0,0.0,1,0.0,0.0,1
A34J2IUA5DJLYU,1,1.0,0.0,1,0.0,0.0,1
A34LIVUNCQNHA,1,1.0,0.0,1,0.0,0.0,1
A34LK05I5S49LP,1,1.0,0.0,1,0.0,0.0,1
A34LPMU4LNSJC6,1,1.0,0.0,1,0.0,0.0,1
A34LQ791ACZ0JC,1,1.0,0.0,1,0.0,0.0,1
A34LSBBIKLTOOV,1,1.0,0.0,1,0.0,0.0,1
A34LWZYRIOIC7H,1,1.0,0.0,1,0.0,0.0,1
A34MAO138NIMQ4,1,1.0,0.0,1,0.0,0.0,1
A34N0OYW8076L6,1,1.0,0.0,1,0.0,0.0,1
A34N351EUCEMHO,1,1.0,0.0,1,0.0,0.0,1
A34N4IZ2X6V08N,1,1.0,0.0,1,0.0,0.0,1
A34NI8DC5AAE2W,1,1.0,0.0,1,0.0,0.0,1
A34NP9Q7KBGH63,1,1.0,0.0,1,0.0,0.0,1
A34NPP4LLJL4HU,1,1.0,0.0,1,0.0,0.0,1
A34NVQTFD4QYJ0,1,1.0,0.0,1,0.0,0.0,1
A34P5X5GO870GJ,1,1.0,0.0,1,0.0,0.0,1
A34P7YFJQPS07T,1,1.0,0.0,1,0.0,0.0,1
A34PNHKNM05TXD,2,0.04878048780487805,0.0,2,0.0,960.0,41
A34QWZUNR0WNWM,1,1.0,0.0,1,0.0,0.0,1
A34S0X8F7V9UBK,1,1.0,0.0,1,0.0,0.0,1
A34SHL7JJVHLNJ,1,1.0,0.0,1,0.0,0.0,1
A34T45LDD85VZ7,1,1.0,0.0,1,0.0,0.0,1
A34UVV757IKPVB,1,1.0,0.0,1,0.0,0.0,1
A34V0V1CGJPKIU,1,1.0,0.0,1,0.0,0.0,1
A34VCCL1YO6D0I,3,0.017045454545454544,0.0,3,0.0,2100.0,176
A34VKO642QP76Z,1,1.0,0.0,1,0.0,0.0,1
A34W3C38EAN5WL,1,1.0,0.0,1,0.0,0.0,1
A34WISS43CVLDP,1,1.0,0.0,1,0.0,0.0,1
A34WPI852H7AVB,1,1.0,0.0,1,0.0,0.0,1
A34WYT35SQGBH3,1,1.0,0.0,1,0.0,0.0,1
A34X9CGJCEE5Q5,1,1.0,0.0,1,0.0,0.0,1
A34XU2SMQ7LRQO,1,1.0,0.0,1,0.0,0.0,1
A34ZFS8Z5ISLQR,1,1.0,0.0,1,0.0,0.0,1
A3507DMCU3IEGI,1,1.0,0.0,1,0.0,0.0,1
A350VVPCU2J3EH,1,1.0,0.0,1,0.0,0.0,1
A351TM1V66NOEJ,1,1.0,0.0,1,0.0,0.0,1
A352GZK70MPY2R,1,1.0,0.0,1,0.0,0.0,1
A352L9PCDDK7NE,1,1.0,0.0,1,0.0,0.0,1
A353N8AMEU296G,1,1.0,0.0,1,0.0,0.0,1
A353UAPCDFKIYD,1,1.0,0.0,1,0.0,0.0,1
A354OVU5DU050Q,1,1.0,0.0,1,0.0,0.0,1
A3552ZMW6AKTR3,1,1.0,0.0,1,0.0,0.0,1
A355B9HM87SFHE,2,0.06896551724137931,0.0,2,0.0,672.0,29
A355M74J438SGG,1,1.0,0.0,1,0.0,0.0,1
A35667Y9Y4EBLE,1,1.0,0.0,1,0.0,0.0,1
A356BWNK80JKVP,1,1.0,0.0,1,0.0,0.0,1
A356RFKNIG043B,1,1.0,0.0,1,0.0,0.0,1
A357HQZDY3YE58,1,1.0,0.0,1,0.0,0.0,1
A35AAI6C5QX0HA,1,1.0,0.0,1,0.0,0.0,1
A35B9KQC3483CR,1,1.0,0.0,1,0.0,0.0,1
A35BXS8M3HZZV4,1,1.0,0.0,1,0.0,0.0,1
A35C08P4HELIMI,1,1.0,0.0,1,0.0,0.0,1
A35CLCBHMOLSIN,1,1.0,0.0,1,0.0,0.0,1
A35EC54TIQQN01,1,1.0,0.0,1,0.0,0.0,1
A35EXMSN4DPU9I,1,1.0,0.0,1,0.0,0.0,1
A35FPAMOA9XI55,1,1.0,0.0,1,0.0,0.0,1
A35FTKYO9UQZWF,1,1.0,0.0,1,0.0,0.0,1
A35GCX48AVAQPB,1,1.0,0.0,1,0.0,0.0,1
A35HFZ8O44O062,1,1.0,0.0,1,0.0,0.0,1
A35HJZ1AACVMKK,1,1.0,0.0,1,0.0,0.0,1
A35HK0ZU7MWA4X,1,1.0,0.0,1,0.0,0.0,1
A35HR13MDW19RP,1,1.0,0.0,1,0.0,0.0,1
A35HUT8MQMT21L,1,1.0,0.0,1,0.0,0.0,1
A35IK5PV6GLP31,1,1.0,0.0,1,0.0,0.0,1
A35IODHDPM2SLS,1,1.0,0.0,1,0.0,0.0,1
A35JCASWZL0XBH,1,1.0,0.0,1,0.0,0.0,1
A35JHHE1NW0DIK,1,1.0,0.0,1,0.0,0.0,1
A35JP8KSV9281K,1,1.0,0.0,1,0.0,0.0,1
A35JT7XCQM7D37,1,1.0,0.0,1,0.0,0.0,1
A35K21L7HIH76Q,1,1.0,0.0,1,0.0,0.0,1
A35LFO0F2ROTNG,1,1.0,0.0,1,0.0,0.0,1
A35LSGTF3H8BYV,1,1.0,0.0,1,0.0,0.0,1
A35MUY1T5C335X,4,0.0011477761836441894,0.4330123771329365,4,0.0,27872.0,3485
A35NPKN2RKX8LH,1,1.0,0.0,1,0.0,0.0,1
A35O0043BLN6FS,1,1.0,0.0,1,0.0,0.0,1
A35O0DIWXOOS1V,1,1.0,0.0,1,0.0,0.0,1
A35OGQY4CFTKVK,1,1.0,0.0,1,0.0,0.0,1
A35OQ29USFZHDN,1,1.0,0.0,1,0.0,0.0,1
A35PIJ9XIK1QDG,1,1.0,0.0,1,0.0,0.0,1
A35PIXLJIUTKZN,1,1.0,0.0,1,0.0,0.0,1
A35SB5XA89HR41,2,0.011299435028248588,0.0,2,0.0,4224.0,177
A35ST2XPLHG2BR,1,1.0,0.0,1,0.0,0.0,1
A35ST5ADM1MSQX,1,1.0,0.0,1,0.0,0.0,1
A35SXNALXC54WU,1,1.0,0.0,1,0.0,0.0,1
A35T95CVL2QB9O,1,1.0,0.0,1,0.0,0.0,1
A35TD8QAUMV0DB,2,0.02,0.0,2,0.0,2376.0,100
A35TJIUIJDKJ7A,1,1.0,0.0,1,0.0,0.0,1
A35U66IR43E4U6,1,1.0,0.0,1,0.0,0.0,1
A35V32HZEGZH04,1,1.0,0.0,1,0.0,0.0,1
A35W3JQYP0M655,1,1.0,0.0,1,0.0,0.0,1
A35WP5LHJSZ4HC,1,1.0,0.0,1,0.0,0.0,1
A35YJ7SBI8ZTME,1,1.0,0.0,1,0.0,0.0,1
A35Z26M69ZK7EJ,1,1.0,0.0,1,0.0,0.0,1
A35Z3TBNCQU3VY,1,1.0,0.0,1,0.0,0.0,1
A360AVFBKSAY4W,1,1.0,0.0,1,0.0,0.0,1
A362UVNTN7KI68,1,1.0,0.0,1,0.0,0.0,1
A3639Z6O5JBLIZ,1,1.0,0.0,1,0.0,0.0,1
A363QRXP83K8ZE,1,1.0,0.0,1,0.0,0.0,1
A365PBEOWM7EI7,1,1.0,0.0,1,0.0,0.0,1
A365UWK3K5SD1X,1,1.0,0.0,1,0.0,0.0,1
A3669T2UVJZR41,1,1.0,0.0,1,0.0,0.0,1
A366EEYIQBU9I5,1,1.0,0.0,1,0.0,0.0,1
A366NR0YOJ0NVZ,1,1.0,0.0,1,0.0,0.0,1
A36890902KUCK5,1,1.0,0.0,1,0.0,0.0,1
A369AXZV1Q2LDC,1,1.0,0.0,1,0.0,0.0,1
A369WEIVFS31G7,1,1.0,0.0,1,0.0,0.0,1
A369ZU3YLFRDIC,1,1.0,0.0,1,0.0,0.0,1
A36ARO7W03JMXV,3,0.0017172295363480253,0.0,3,0.0,20952.0,1747
A36CA7WO8H60SK,1,1.0,0.0,1,0.0,0.0,1
A36CB8LS12L46X,1,1.0,0.0,1,0.0,0.0,1
A36CCV2B7XQGJK,1,1.0,0.0,1,0.0,0.0,1
A36CLMUHL8OBHJ,1,1.0,0.0,1,0.0,0.0,1
A36DNPFCX8A0Q3,1,1.0,0.0,1,0.0,0.0,1
A36DSZZST9T1RQ,1,1.0,0.0,1,0.0,0.0,1
A36E0HUM2Q6BSU,1,1.0,0.0,1,0.0,0.0,1
A36ETJ4I1FEG6J,1,1.0,0.0,1,0.0,0.0,1
A36EWCNCF4OQG8,1,1.0,0.0,1,0.0,0.0,1
A36FLCHRBNUUCV,1,1.0,0.0,1,0.0,0.0,1
A36FRBJ4QO0RQ3,1,1.0,0.0,1,0.0,0.0,1
A36GB0BMOGXTM0,1,1.0,0.0,1,0.0,0.0,1
A36GTKCSONG3YQ,1,1.0,0.0,1,0.0,0.0,1
A36H6CP232NRYD,1,1.0,0.0,1,0.0,0.0,1
A36HL8Y5NI4FR9,2,2.0,0.0,2,0.0,0.0,1
A36I8TB372U04R,1,1.0,0.0,1,0.0,0.0,1
A36J60Z5VCWBQZ,1,1.0,0.0,1,0.0,0.0,1
A36K2N527TXXJN,1,1.0,0.0,1,0.0,0.0,1
A36K4VOLWEBG1H,1,1.0,0.0,1,0.0,0.0,1
A36KQQ89928GK2,1,1.0,0.0,1,0.0,0.0,1
A36LDA9339NE8Q,2,0.000617093489663684,0.0,2,0.0,77760.0,3241
A36LUBBXFGA2Q2,1,1.0,0.0,1,0.0,0.0,1
A36MDL9RQGO7EN,1,1.0,0.0,1,0.0,0.0,1
A36MHSUQIH1XJE,1,1.0,0.0,1,0.0,0.0,1
A36N2I7T8KSQEF,1,1.0,0.0,1,0.0,0.0,1
A36NE7OSWUC5KS,1,1.0,0.0,1,0.0,0.0,1
A36QDG8RP3T5AM,1,1.0,0.0,1,0.0,0.0,1
A36R1GGNDJ0R5I,1,1.0,0.0,1,0.0,0.0,1
A36T60KRYUZ6OC,1,1.0,0.0,1,0.0,0.0,1
A36TM9ZVJF41SS,1,1.0,0.0,1,0.0,0.0,1
A36VJLLJTI7TIA,3,0.0375,0.0,3,0.0,948.0,80
A36VX41XBE84P7,1,1.0,0.0,1,0.0,0.0,1
A36WC1DIS1PVS2,1,1.0,0.0,1,0.0,0.0,1
A36WEPNLF8S8P3,1,1.0,0.0,1,0.0,0.0,1
A36X4SWF1TX93Q,1,1.0,0.0,1,0.0,0.0,1
A36X82VV95S49L,1,1.0,0.0,1,0.0,0.0,1
A36XMNKPKOG69I,1,1.0,0.0,1,0.0,0.0,1
A36XQ1OK9UUSB0,3,0.15789473684210525,0.47140420652156073,3,0.0,216.0,19
A36YGJOFWHHRAC,1,1.0,0.0,1,0.0,0.0,1
A36Z1OLH6B0C2I,1,1.0,0.0,1,0.0,0.0,1
A36Z96ASIRAB1E,1,1.0,0.0,1,0.0,0.0,1
A3703H5T2Y0R0K,1,1.0,0.0,1,0.0,0.0,1
A370ZOS3HOG1JH,1,1.0,0.0,1,0.0,0.0,1
A37187ZFJZKUPY,1,1.0,0.0,1,0.0,0.0,1
A371ZZ95ZQEIZV,1,1.0,0.0,1,0.0,0.0,1
A372X2HNH627N1,1,1.0,0.0,1,0.0,0.0,1
A3735ONQL764JD,1,1.0,0.0,1,0.0,0.0,1
A3759SJ9AA9QVU,1,1.0,0.0,1,0.0,0.0,1
A375DGFZH425FM,1,1.0,0.0,1,0.0,0.0,1
A3766V4YCREN0D,1,1.0,0.0,1,0.0,0.0,1
A3774N0999VO0P,1,1.0,0.0,1,0.0,0.0,1
A3775OP5VTX5ON,1,1.0,0.0,1,0.0,0.0,1
A377WOEALNCQY4,1,1.0,0.0,1,0.0,0.0,1
A37894K753YF3J,1,1.0,0.0,1,0.0,0.0,1
A378RFIJ6U88DI,1,1.0,0.0,1,0.0,0.0,1
A379D24QUVV1X3,1,1.0,0.0,1,0.0,0.0,1
A379VJJGXWIZFE,1,1.0,0.0,1,0.0,0.0,1
A37A27YO5I79IZ,1,1.0,0.0,1,0.0,0.0,1
A37AO20OXS51QA,1,1.0,0.0,1,0.0,0.0,1
A37AO7DNHVKB28,1,1.0,0.0,1,0.0,0.0,1
A37AQ1M5701JCG,1,1.0,0.0,1,0.0,0.0,1
A37AQI4AU3JWSR,1,1.0,0.0,1,0.0,0.0,1
A37BPVPTAM7JWP,1,1.0,0.0,1,0.0,0.0,1
A37D0RO6MQ230W,1,1.0,0.0,1,0.0,0.0,1
A37E5KVAKOZFVS,1,1.0,0.0,1,0.0,0.0,1
A37F1PDYYBKLGD,1,1.0,0.0,1,0.0,0.0,1
A37FB0STAIM5PY,1,1.0,0.0,1,0.0,0.0,1
A37FBFYV7JGRVN,1,1.0,0.0,1,0.0,0.0,1
A37FCNU3EY6LZM,1,1.0,0.0,1,0.0,0.0,1
A37FRCTCXFL6CU,1,1.0,0.0,1,0.0,0.0,1
A37FULV9NLQYXU,1,1.0,0.0,1,0.0,0.0,1
A37GFV0AL784BL,1,1.0,0.0,1,0.0,0.0,1
A37I377QOTELM1,1,1.0,0.0,1,0.0,0.0,1
A37IXQTOMZDPNA,1,1.0,0.0,1,0.0,0.0,1
A37JNUJSVAJKYN,1,1.0,0.0,1,0.0,0.0,1
A37JWH7Y3AGPKH,1,1.0,0.0,1,0.0,0.0,1
A37KC1KU0JPI1K,1,1.0,0.0,1,0.0,0.0,1
A37KD47W5WONHK,1,1.0,0.0,1,0.0,0.0,1
A37KEW14MD925E,1,1.0,0.0,1,0.0,0.0,1
A37LCWTTQMBMFX,1,1.0,0.0,1,0.0,0.0,1
A37MO3JSJKWYQ8,1,1.0,0.0,1,0.0,0.0,1
A37NODCIL8PP75,1,1.0,0.0,1,0.0,0.0,1
A37NP1T8KCEMOW,1,1.0,0.0,1,0.0,0.0,1
A37NYCRAA80CP8,1,1.0,0.0,1,0.0,0.0,1
A37OD7AIUMV3EO,1,1.0,0.0,1,0.0,0.0,1
A37OTRJO1NM63H,1,1.0,0.0,1,0.0,0.0,1
A37OY0QXW9R2ES,1,1.0,0.0,1,0.0,0.0,1
A37PHA4BWQ4XB9,1,1.0,0.0,1,0.0,0.0,1
A37Q5MOP4E2YLZ,1,1.0,0.0,1,0.0,0.0,1
A37RCN295YXNKD,2,0.002570694087403599,0.0,2,0.0,18648.0,778
A37T4NN3DV3U75,1,1.0,0.0,1,0.0,0.0,1
A37U6OGB6BRJPQ,1,1.0,0.0,1,0.0,0.0,1
A37UU7LD4MWAJQ,1,1.0,0.0,1,0.0,0.0,1
A37VJLVXDOWABZ,1,1.0,0.0,1,0.0,0.0,1
A37WO4IXM2HON1,1,1.0,0.0,1,0.0,0.0,1
A37WVR9M1STQDU,1,1.0,0.0,1,0.0,0.0,1
A37WWMRMNR2KSA,1,1.0,0.0,1,0.0,0.0,1
A37WZJIGAQRPSL,1,1.0,0.0,1,0.0,0.0,1
A37YBFELWPSCLB,1,1.0,0.0,1,0.0,0.0,1
A37YWL8YILUNDL,1,1.0,0.0,1,0.0,0.0,1
A37Z65SZVT0TVB,2,2.0,0.0,2,0.0,0.0,1
A37ZW5VNQTIO5S,1,1.0,0.0,1,0.0,0.0,1
A380W12QEPG2BO,3,0.00804289544235925,0.47140420652156073,3,0.0,4464.0,373
A38155DKJODLWZ,1,1.0,0.0,1,0.0,0.0,1
A381YC9NE1K8R8,1,1.0,0.0,1,0.0,0.0,1
A3823WQPK4LXLL,2,0.021505376344086023,0.0,2,0.0,2208.0,93
A382XPXKY11IIN,1,1.0,0.0,1,0.0,0.0,1
A382YHBEX6MPS9,1,1.0,0.0,1,0.0,0.0,1
A384P5XYDRGBCF,1,1.0,0.0,1,0.0,0.0,1
A384UZZIZDHSNJ,1,1.0,0.0,1,0.0,0.0,1
A386NVAVQV5WUO,2,0.024390243902439025,0.0,2,0.0,1944.0,82
A387C579TCK3BG,1,1.0,0.0,1,0.0,0.0,1
A387QAUJHI23S8,1,1.0,0.0,1,0.0,0.0,1
A388UKVL7CLB2K,1,1.0,0.0,1,0.0,0.0,1
A3890NYX72ZQ,1,1.0,0.0,1,0.0,0.0,1
A38986T7SECVKX,1,1.0,0.0,1,0.0,0.0,1
A389M5HYNF26PN,1,1.0,0.0,1,0.0,0.0,1
A38AAY3HJVHZAU,1,1.0,0.0,1,0.0,0.0,1
A38B7DTWWL4JE,1,1.0,0.0,1,0.0,0.0,1
A38BJJO4VGJIQ5,1,1.0,0.0,1,0.0,0.0,1
A38BUEXQR3ERCX,1,1.0,0.0,1,0.0,0.0,1
A38CQJJOWSL8A7,1,1.0,0.0,1,0.0,0.0,1
A38D9RSMAYZSCM,1,1.0,0.0,1,0.0,0.0,1
A38DL9ER9ZHC9P,1,1.0,0.0,1,0.0,0.0,1
A38EHG0M5YL5YQ,1,1.0,0.0,1,0.0,0.0,1
A38FEJ8BPFY320,1,1.0,0.0,1,0.0,0.0,1
A38FGQVJM18OWV,1,1.0,0.0,1,0.0,0.0,1
A38FSZIH7JWJU5,1,1.0,0.0,1,0.0,0.0,1
A38GBRWMMP0UI1,1,1.0,0.0,1,0.0,0.0,1
A38GZ9522SW4T3,1,1.0,0.0,1,0.0,0.0,1
A38HCBJDXTSWKK,2,0.015267175572519083,0.0,2,0.0,3120.0,131
A38IFC31823UST,1,1.0,0.0,1,0.0,0.0,1
A38IFPLTEGTWM6,1,1.0,0.0,1,0.0,0.0,1
A38IPXVQFX7KBP,1,1.0,0.0,1,0.0,0.0,1
A38IWCW17QMNI9,1,1.0,0.0,1,0.0,0.0,1
A38K3YPGRNGXGW,1,1.0,0.0,1,0.0,0.0,1
A38K8WFKSUTNJ2,1,1.0,0.0,1,0.0,0.0,1
A38L5I9MY8A959,1,1.0,0.0,1,0.0,0.0,1
A38LAEUSCK6Z7Z,1,1.0,0.0,1,0.0,0.0,1
A38LHIAC52T0UH,3,1.5,0.47140420652156073,3,0.0,12.0,2
A38LIND13AS5OI,1,1.0,0.0,1,0.0,0.0,1
A38LYJ7NQ65G5L,1,1.0,0.0,1,0.0,0.0,1
A38LYMP23O1111,1,1.0,0.0,1,0.0,0.0,1
A38M7PZ5DEOOCC,1,1.0,0.0,1,0.0,0.0,1
A38O4PIHV41EWX,1,1.0,0.0,1,0.0,0.0,1
A38ON1MOZNBCGE,1,1.0,0.0,1,0.0,0.0,1
A38ONUWY6M0KZU,1,1.0,0.0,1,0.0,0.0,1
A38Q2EI3LM24VT,1,1.0,0.0,1,0.0,0.0,1
A38Q75AJQ69TDO,2,0.047619047619047616,0.0,2,0.0,984.0,42
A38QEATH3NODFM,2,0.009950248756218905,0.0,2,0.0,4800.0,201
A38QGN16XWQ8SL,1,1.0,0.0,1,0.0,0.0,1
A38R4BGASLLTE1,1,1.0,0.0,1,0.0,0.0,1
A38RLBIN8LASPE,1,1.0,0.0,1,0.0,0.0,1
A38RMU1Y5TDP9,1,1.0,0.0,1,0.0,0.0,1
A38RS419QDS06O,1,1.0,0.0,1,0.0,0.0,1
A38SHOPZADNOLN,1,1.0,0.0,1,0.0,0.0,1
A38SK72V6NORUP,1,1.0,0.0,1,0.0,0.0,1
A38SN37XVGG1R7,1,1.0,0.0,1,0.0,0.0,1
A38T55CCT4B3E6,1,1.0,0.0,1,0.0,0.0,1
A38T7HEXGCAWJA,1,1.0,0.0,1,0.0,0.0,1
A38UKFBS0Y3KZY,1,1.0,0.0,1,0.0,0.0,1
A38VIVDARCVC1,1,1.0,0.0,1,0.0,0.0,1
A38VUSBYQZCKUQ,1,1.0,0.0,1,0.0,0.0,1
A38W29I8J03QW8,1,1.0,0.0,1,0.0,0.0,1
A38WJKB6YULQ6J,1,1.0,0.0,1,0.0,0.0,1
A38WNTZ2E1SNFW,1,1.0,0.0,1,0.0,0.0,1
A38WZ0ITR34AFN,1,1.0,0.0,1,0.0,0.0,1
A38X3FR7G0B6EN,1,1.0,0.0,1,0.0,0.0,1
A38X9XX2ZRR0ON,1,1.0,0.0,1,0.0,0.0,1
A38Y6WG21NAEMB,2,0.034482758620689655,0.0,2,0.0,1368.0,58
A38YN01J31JTBD,1,1.0,0.0,1,0.0,0.0,1
A38YWVKHDGWXFF,1,1.0,0.0,1,0.0,0.0,1
A38Z1QNI3H0JDB,1,1.0,0.0,1,0.0,0.0,1
A38ZKGP6U1QOF0,1,1.0,0.0,1,0.0,0.0,1
A38ZPLOD8GA3VJ,1,1.0,0.0,1,0.0,0.0,1
A38ZQZ8N7EDWQA,1,1.0,0.0,1,0.0,0.0,1
A3901UFHY19IGV,1,1.0,0.0,1,0.0,0.0,1
A390CDHLS6NHWP,1,1.0,0.0,1,0.0,0.0,1
A390KWCJRLHPOD,1,1.0,0.0,1,0.0,0.0,1
A390Y4PZY8XTYL,1,1.0,0.0,1,0.0,0.0,1
A391RJ8646SYY1,2,0.0006199628022318661,0.0,2,0.0,77400.0,3226
A391VSDDL0NTF4,1,1.0,0.0,1,0.0,0.0,1
A39239F78V03U4,3,0.012658227848101266,0.0,3,0.0,2832.0,237
A3923W0OJNGUHN,1,1.0,0.0,1,0.0,0.0,1
A392YS0W837HFU,1,1.0,0.0,1,0.0,0.0,1
A393ITXMCJFQFF,1,1.0,0.0,1,0.0,0.0,1
A393L8KPRNFKMU,1,1.0,0.0,1,0.0,0.0,1
A393VR8USGJSEO,1,1.0,0.0,1,0.0,0.0,1
A3945ZO3MNKVMO,1,1.0,0.0,1,0.0,0.0,1
A394KTQFK85XPW,1,1.0,0.0,1,0.0,0.0,1
A3956O40ZZYFMY,2,0.00315955766192733,0.0,2,0.0,15168.0,633
A395TYPUVG7KNR,1,1.0,0.0,1,0.0,0.0,1
A3963R7EPE3A7E,1,1.0,0.0,1,0.0,0.0,1
A3977M5S0GIG5H,1,1.0,0.0,1,0.0,0.0,1
A3992SE2YUH0B9,1,1.0,0.0,1,0.0,0.0,1
A399F6C7WP0NPG,1,1.0,0.0,1,0.0,0.0,1
A39AB1CZ74VSGG,1,1.0,0.0,1,0.0,0.0,1
A39ANGL5T77E0B,1,1.0,0.0,1,0.0,0.0,1
A39B0SSJKCS0WY,1,1.0,0.0,1,0.0,0.0,1
A39B4ZJFZRGX1I,1,1.0,0.0,1,0.0,0.0,1
A39C3BAC8J9KVA,1,1.0,0.0,1,0.0,0.0,1
A39CUQBMV62S5O,1,1.0,0.0,1,0.0,0.0,1
A39DPQ464LPGVP,1,1.0,0.0,1,0.0,0.0,1
A39DQIQ1GO2J4Y,1,1.0,0.0,1,0.0,0.0,1
A39DZU4YRGKWAG,3,3.0,0.0,3,0.0,0.0,1
A39EEI8WLCVVAJ,1,1.0,0.0,1,0.0,0.0,1
A39F5L16R1ATFS,1,1.0,0.0,1,0.0,0.0,1
A39F6S9OFDFF1N,1,1.0,0.0,1,0.0,0.0,1
A39F7XOVXQ0LZK,1,1.0,0.0,1,0.0,0.0,1
A39FKRQK3E8VZQ,1,1.0,0.0,1,0.0,0.0,1
A39FOHN4RAHGB6,1,1.0,0.0,1,0.0,0.0,1
A39G12JD41N65D,1,1.0,0.0,1,0.0,0.0,1
A39GD9S0DEQNLD,1,1.0,0.0,1,0.0,0.0,1
A39HB69V29EDTX,1,1.0,0.0,1,0.0,0.0,1
A39I7G8W0SSL9V,1,1.0,0.0,1,0.0,0.0,1
A39JC4OBLTFWYG,1,1.0,0.0,1,0.0,0.0,1
A39JL3OBJIBIX7,1,1.0,0.0,1,0.0,0.0,1
A39K52QDP4C3ZS,1,1.0,0.0,1,0.0,0.0,1
A39K7R4Y1ZD5SZ,2,0.04,0.0,2,0.0,1176.0,50
A39KBWLS6TURMR,1,1.0,0.0,1,0.0,0.0,1
A39KC1FTFJ6WE7,1,1.0,0.0,1,0.0,0.0,1
A39KES33IH1GXR,1,1.0,0.0,1,0.0,0.0,1
A39KGML5OYIU00,1,1.0,0.0,1,0.0,0.0,1
A39KOJG83K8F1U,1,1.0,0.0,1,0.0,0.0,1
A39KTSPC3MP53O,2,2.0,0.0,2,0.0,0.0,1
A39LPV21N28L0D,1,1.0,0.0,1,0.0,0.0,1
A39M6RURHUXPR,1,1.0,0.0,1,0.0,0.0,1
A39M7D6VKFKWRN,1,1.0,0.0,1,0.0,0.0,1
A39OM6SPWHS3FK,1,1.0,0.0,1,0.0,0.0,1
A39PXL8TQKMNRY,1,1.0,0.0,1,0.0,0.0,1
A39Q5JH09VUMR5,2,0.022988505747126436,0.0,2,0.0,2064.0,87
A39RHVY97AQINP,1,1.0,0.0,1,0.0,0.0,1
A39TSOLD1HTE8M,1,1.0,0.0,1,0.0,0.0,1
A39UWP91J5MQGE,1,1.0,0.0,1,0.0,0.0,1
A39V7MMKAIL55K,1,1.0,0.0,1,0.0,0.0,1
A39V9ZEGFFD7JB,1,1.0,0.0,1,0.0,0.0,1
A39VG5STMCQBI,1,1.0,0.0,1,0.0,0.0,1
A39VTD9COHHY34,1,1.0,0.0,1,0.0,0.0,1
A39W1MVZ5BYPSR,1,1.0,0.0,1,0.0,0.0,1
A39WALMR3G46FU,1,1.0,0.0,1,0.0,0.0,1
A39WL7TJZW0ALV,1,1.0,0.0,1,0.0,0.0,1
A39WT88YZXIJTB,1,1.0,0.0,1,0.0,0.0,1
A39Z1MT92AMF5E,1,1.0,0.0,1,0.0,0.0,1
A39Z4OU2C7ENWH,1,1.0,0.0,1,0.0,0.0,1
A3A0KPQ1458501,1,1.0,0.0,1,0.0,0.0,1
A3A0ULRM4SEHG3,1,1.0,0.0,1,0.0,0.0,1
A3A15L96IYUO6V,7,0.017994858611825194,0.5471008918031122,7,0.0,1552.0,389
A3A18QLK7CNIVX,1,1.0,0.0,1,0.0,0.0,1
A3A1B23YB8VB8X,1,1.0,0.0,1,0.0,0.0,1
A3A1ENOW12T0QY,1,1.0,0.0,1,0.0,0.0,1
A3A1JKH6FU935A,1,1.0,0.0,1,0.0,0.0,1
A3A276HARIYM4Y,2,0.2857142857142857,0.0,2,0.0,144.0,7
A3A2QISZ44247F,1,1.0,0.0,1,0.0,0.0,1
A3A2SZ8VFI6M00,1,1.0,0.0,1,0.0,0.0,1
A3A2Z3KKF6GEH,1,1.0,0.0,1,0.0,0.0,1
A3A36VG147MKYA,1,1.0,0.0,1,0.0,0.0,1
A3A3F5N7NZCVMT,1,1.0,0.0,1,0.0,0.0,1
A3A3LNDYHH53L0,1,1.0,0.0,1,0.0,0.0,1
A3A48XEYWLWH7T,2,0.15384615384615385,0.0,2,0.0,288.0,13
A3A4NX6KSX3Q8F,1,1.0,0.0,1,0.0,0.0,1
A3A4PWZFZU29MW,1,1.0,0.0,1,0.0,0.0,1
A3A4WASUJDYCE3,1,1.0,0.0,1,0.0,0.0,1
A3A4XDZBCJKIS9,1,1.0,0.0,1,0.0,0.0,1
A3A53X9NSO3M4Z,1,1.0,0.0,1,0.0,0.0,1
A3A55IAQ5UNIYW,2,0.04,0.0,2,0.0,1176.0,50
A3A57GX8FJ4QNQ,3,0.0010413051023950017,0.0,3,0.0,34560.0,2881
A3A59WOOIH35HF,1,1.0,0.0,1,0.0,0.0,1
A3A5JAWFOSZ5Y5,1,1.0,0.0,1,0.0,0.0,1
A3A5TZ3IHOOYM9,1,1.0,0.0,1,0.0,0.0,1
A3A5VMQMYTLXV9,1,1.0,0.0,1,0.0,0.0,1
A3A73UQRD23GVC,1,1.0,0.0,1,0.0,0.0,1
A3A7ZJ4QS65X15,1,1.0,0.0,1,0.0,0.0,1
A3A8EWK181RGFU,1,1.0,0.0,1,0.0,0.0,1
A3A95AGMVFVNAH,1,1.0,0.0,1,0.0,0.0,1
A3A9O355TNBWKK,2,0.010101010101010102,0.0,2,0.0,4728.0,198
A3AAL5TGOW29X3,2,0.008130081300813009,0.0,2,0.0,5880.0,246
A3AAP038P5FGSN,1,1.0,0.0,1,0.0,0.0,1
A3AD2Z84TP6P2S,1,1.0,0.0,1,0.0,0.0,1
A3ADJ00F29DU5I,1,1.0,0.0,1,0.0,0.0,1
A3ADZPLY7C1TQV,1,1.0,0.0,1,0.0,0.0,1
A3AE2N9PGYQU7L,1,1.0,0.0,1,0.0,0.0,1
A3AFDN9UFIHVN1,1,1.0,0.0,1,0.0,0.0,1
A3AFPQWM1RGSDE,1,1.0,0.0,1,0.0,0.0,1
A3AG0DHBLDYVPZ,2,0.047619047619047616,0.0,2,0.0,984.0,42
A3AGIOKDN01U4U,1,1.0,0.0,1,0.0,0.0,1
A3AGQAXTX6VRJ3,1,1.0,0.0,1,0.0,0.0,1
A3AGSFLNNIFKNJ,2,0.0010152284263959391,0.0,2,0.0,47256.0,1970
A3AGVFQM0TJJW4,1,1.0,0.0,1,0.0,0.0,1
A3AIEQAJMNVI6F,1,1.0,0.0,1,0.0,0.0,1
A3AIL332D1GIX5,1,1.0,0.0,1,0.0,0.0,1
A3AIM9XS17T39P,1,1.0,0.0,1,0.0,0.0,1
A3AK2R0N3CKTUP,1,1.0,0.0,1,0.0,0.0,1
A3AKVALGT4Y02G,1,1.0,0.0,1,0.0,0.0,1
A3ANBGDAJX55HD,1,1.0,0.0,1,0.0,0.0,1
A3ANRNLZ2LVM8J,1,1.0,0.0,1,0.0,0.0,1
A3AOGYPD6MVBYZ,1,1.0,0.0,1,0.0,0.0,1
A3APKVUOTQ20KQ,1,1.0,0.0,1,0.0,0.0,1
A3APPU8QXY4DFI,1,1.0,0.0,1,0.0,0.0,1
A3AQOHP0SK2JBY,1,1.0,0.0,1,0.0,0.0,1
A3ARNJ9NF0H6YD,1,1.0,0.0,1,0.0,0.0,1
A3ARPUKCI6R91Y,1,1.0,0.0,1,0.0,0.0,1
A3ASFGE40HGXFD,1,1.0,0.0,1,0.0,0.0,1
A3ASKO4R2SZE3D,1,1.0,0.0,1,0.0,0.0,1
A3AT8MXBJ8ZWEK,1,1.0,0.0,1,0.0,0.0,1
A3ATF868IEP191,1,1.0,0.0,1,0.0,0.0,1
A3ATYUPQYD15TK,1,1.0,0.0,1,0.0,0.0,1
A3AUWB5YGG0W20,1,1.0,0.0,1,0.0,0.0,1
A3AVNLTWWNIEO9,1,1.0,0.0,1,0.0,0.0,1
A3AWPDBQLK3SZ8,1,1.0,0.0,1,0.0,0.0,1
A3AWXCFD0J6S65,1,1.0,0.0,1,0.0,0.0,1
A3AX4XM1LHS0GU,1,1.0,0.0,1,0.0,0.0,1
A3AXR6XRTDTD3C,1,1.0,0.0,1,0.0,0.0,1
A3AXW3V7YBRKCE,1,1.0,0.0,1,0.0,0.0,1
A3AXXUSU4KJQ6R,1,1.0,0.0,1,0.0,0.0,1
A3AZED5QHTI9M7,1,1.0,0.0,1,0.0,0.0,1
A3AZUX1EW379D0,1,1.0,0.0,1,0.0,0.0,1
A3B0D8Z49UW0P9,1,1.0,0.0,1,0.0,0.0,1
A3B0PPZOUA6U9I,1,1.0,0.0,1,0.0,0.0,1
A3B20R4ZAH0Y2Y,1,1.0,0.0,1,0.0,0.0,1
A3B21ZWOW9I4X7,1,1.0,0.0,1,0.0,0.0,1
A3B2DFMVEIT8TS,1,1.0,0.0,1,0.0,0.0,1
A3B3HBKN6PR2N7,1,1.0,0.0,1,0.0,0.0,1
A3B4132NC4T9V5,1,1.0,0.0,1,0.0,0.0,1
A3B5E90IEV2PW5,1,1.0,0.0,1,0.0,0.0,1
A3B5ITYRN84C4H,1,1.0,0.0,1,0.0,0.0,1
A3B6PCNC86UB86,1,1.0,0.0,1,0.0,0.0,1
A3B7TD1VKB2K8N,1,1.0,0.0,1,0.0,0.0,1
A3B7ZAWRSGO0TX,1,1.0,0.0,1,0.0,0.0,1
A3B86XJSLQSSJH,1,1.0,0.0,1,0.0,0.0,1
A3B9FWS53WZIT,1,1.0,0.0,1,0.0,0.0,1
A3BA8YMGPWARPM,1,1.0,0.0,1,0.0,0.0,1
A3BAEV1COL0XKT,1,1.0,0.0,1,0.0,0.0,1
A3BAVQ0GF8FI0R,1,1.0,0.0,1,0.0,0.0,1
A3BB2RC775TBZ1,1,1.0,0.0,1,0.0,0.0,1
A3BC51PZJ8L67R,1,1.0,0.0,1,0.0,0.0,1
A3BCTEEX0YKXEA,1,1.0,0.0,1,0.0,0.0,1
A3BEYFBHNGZ9S6,1,1.0,0.0,1,0.0,0.0,1
A3BEYTAVDKX9BQ,1,1.0,0.0,1,0.0,0.0,1
A3BFPY4HS3FG9C,1,1.0,0.0,1,0.0,0.0,1
A3BGPW4WNBZTWS,1,1.0,0.0,1,0.0,0.0,1
A3BHLQE9PAJI0,1,1.0,0.0,1,0.0,0.0,1
A3BHPD32RSZJQX,1,1.0,0.0,1,0.0,0.0,1
A3BI8BKIHESDNQ,2,0.016,0.0,2,0.0,2976.0,125
A3BI9UH1SCIQG9,1,1.0,0.0,1,0.0,0.0,1
A3BJ2MFE8LZ8Y5,1,1.0,0.0,1,0.0,0.0,1
A3BJDNLXO9V10F,1,1.0,0.0,1,0.0,0.0,1
A3BJOJLK4FN1JC,1,1.0,0.0,1,0.0,0.0,1
A3BJTAZ6UPDYCW,1,1.0,0.0,1,0.0,0.0,1
A3BKOOED6SA0G9,1,1.0,0.0,1,0.0,0.0,1
A3BL333OWK3I4J,1,1.0,0.0,1,0.0,0.0,1
A3BLG23IUDWFOF,1,1.0,0.0,1,0.0,0.0,1
A3BMUBUC1N77U8,1,1.0,0.0,1,0.0,0.0,1
A3BMZALEIUMFBE,1,1.0,0.0,1,0.0,0.0,1
A3BNLLP9KAA1FE,1,1.0,0.0,1,0.0,0.0,1
A3BO1VM9CSCWW1,1,1.0,0.0,1,0.0,0.0,1
A3BOPY9EERVP3G,1,1.0,0.0,1,0.0,0.0,1
A3BOQADZVJB6C3,1,1.0,0.0,1,0.0,0.0,1
A3BOV3A8GZJ0AT,1,1.0,0.0,1,0.0,0.0,1
A3BOVI9G971LA7,1,1.0,0.0,1,0.0,0.0,1
A3BQ16UFNMAPW,1,1.0,0.0,1,0.0,0.0,1
A3BQPLQONW58RK,1,1.0,0.0,1,0.0,0.0,1
A3BRJW85SMKZF,1,1.0,0.0,1,0.0,0.0,1
A3BS6QRUYSUYGI,1,1.0,0.0,1,0.0,0.0,1
A3BSE70YMG6FM0,1,1.0,0.0,1,0.0,0.0,1
A3BSPXD2A2UQ2T,2,0.05263157894736842,0.0,2,0.0,888.0,38
A3BSR1TPMAXW3T,1,1.0,0.0,1,0.0,0.0,1
A3BSSJ6SJ5NVWJ,1,1.0,0.0,1,0.0,0.0,1
A3BSYRSX8N8FQ8,1,1.0,0.0,1,0.0,0.0,1
A3BTBXXZ7LG6LW,1,1.0,0.0,1,0.0,0.0,1
A3BTFKDNAC29JL,1,1.0,0.0,1,0.0,0.0,1
A3BUBZG2VAP67E,1,1.0,0.0,1,0.0,0.0,1
A3BUDM5FYDLU71,1,1.0,0.0,1,0.0,0.0,1
A3BVSAZREDP9RH,1,1.0,0.0,1,0.0,0.0,1
A3BY5KCNQZXV5U,2,0.0006347191367819739,0.0,2,0.0,75600.0,3151
A3BZ20YGTVLAG5,1,1.0,0.0,1,0.0,0.0,1
A3C00N4UHA5XYX,1,1.0,0.0,1,0.0,0.0,1
A3C0H04U0QRNGO,2,2.0,0.0,2,0.0,0.0,1
A3C1BQLPUTYFB4,1,1.0,0.0,1,0.0,0.0,1
A3C1GV89DSSCEB,1,1.0,0.0,1,0.0,0.0,1
A3C1MJ6AYAJ1PP,3,0.045454545454545456,0.47140420652156073,3,0.0,780.0,66
A3C25PH9AWIHKO,1,1.0,0.0,1,0.0,0.0,1
A3C2B90CTO7T1V,1,1.0,0.0,1,0.0,0.0,1
A3C2P53X7OVOKX,1,1.0,0.0,1,0.0,0.0,1
A3C35YQCMRP4Q6,1,1.0,0.0,1,0.0,0.0,1
A3C3VITIMY0DJJ,1,1.0,0.0,1,0.0,0.0,1
A3C4JNSTXZEMTL,2,0.0019083969465648854,0.0,2,0.0,25128.0,1048
A3C4ZHX8UM3FGA,1,1.0,0.0,1,0.0,0.0,1
A3C51ESBUD8QAJ,1,1.0,0.0,1,0.0,0.0,1
A3C5B6DI5QZHKG,1,1.0,0.0,1,0.0,0.0,1
A3C5JFSAPHWJU3,1,1.0,0.0,1,0.0,0.0,1
A3C5WJ09BI3EBO,1,1.0,0.0,1,0.0,0.0,1
A3C60TAOFVQB45,1,1.0,0.0,1,0.0,0.0,1
A3C65DHC8UBUNC,1,1.0,0.0,1,0.0,0.0,1
A3C6RY5QEY89CE,1,1.0,0.0,1,0.0,0.0,1
A3C6RYB83KD1GX,1,1.0,0.0,1,0.0,0.0,1
A3C7PUJ7THYRNY,1,1.0,0.0,1,0.0,0.0,1
A3C85GXT2Q6IG1,1,1.0,0.0,1,0.0,0.0,1
A3C88ZDIZALRMN,1,1.0,0.0,1,0.0,0.0,1
A3CA8KTWWHA0JI,1,1.0,0.0,1,0.0,0.0,1
A3CBBQQXA7VV6J,1,1.0,0.0,1,0.0,0.0,1
A3CCITVF0WL6KE,1,1.0,0.0,1,0.0,0.0,1
A3CCYAQRHUTPIQ,2,0.01834862385321101,0.0,2,0.0,2592.0,109
A3CDH6GBMQ8SF6,1,1.0,0.0,1,0.0,0.0,1
A3CELQN8FLDW0Y,1,1.0,0.0,1,0.0,0.0,1
A3CFH7IL0GL187,2,0.038461538461538464,0.0,2,0.0,1224.0,52
A3CFO6309H5H0,1,1.0,0.0,1,0.0,0.0,1
A3CG6YLYZJXQG4,2,0.0010995052226498076,0.0,2,0.0,43632.0,1819
A3CGEKPKOO35B3,1,1.0,0.0,1,0.0,0.0,1
A3CIV9WPFHNX0K,1,1.0,0.0,1,0.0,0.0,1
A3CJABT03EG9FE,2,2.0,0.0,2,0.0,0.0,1
A3CJC7K4QZBYW5,1,1.0,0.0,1,0.0,0.0,1
A3CJGCQI6RKRNJ,1,1.0,0.0,1,0.0,0.0,1
A3CJHIIROCDAEJ,1,1.0,0.0,1,0.0,0.0,1
A3CK1XNRHTN402,1,1.0,0.0,1,0.0,0.0,1
A3CKHLERBVJ86H,1,1.0,0.0,1,0.0,0.0,1
A3CL2MI40GZGPR,1,1.0,0.0,1,0.0,0.0,1
A3CL82UITQJLWS,1,1.0,0.0,1,0.0,0.0,1
A3CLWR1UUZT6TG,2,0.0021008403361344537,0.0,2,0.0,22824.0,952
A3CM3MI6Y5G12R,1,1.0,0.0,1,0.0,0.0,1
A3CMO216CWOF5N,2,2.0,0.0,2,0.0,0.0,1
A3CMO6EORUNEYQ,1,1.0,0.0,1,0.0,0.0,1
A3CMSRCYUJ9ZA5,1,1.0,0.0,1,0.0,0.0,1
A3CO12S3VULW4G,1,1.0,0.0,1,0.0,0.0,1
A3CPX9XWN4ZAFK,1,1.0,0.0,1,0.0,0.0,1
A3CQUQ28OKOMMT,1,1.0,0.0,1,0.0,0.0,1
A3CRB5KQ3SPFYF,1,1.0,0.0,1,0.0,0.0,1
A3CRIG5P35VKUB,1,1.0,0.0,1,0.0,0.0,1
A3CRQJ402U1G0J,2,0.011049723756906077,0.0,2,0.0,4320.0,181
A3CSDS5RW4XUPG,2,0.004310344827586207,0.0,2,0.0,11112.0,464
A3CSEHN7WKCTZ5,1,1.0,0.0,1,0.0,0.0,1
A3CTI2ARGG2T7X,1,1.0,0.0,1,0.0,0.0,1
A3CVMCBTBQ7R79,1,1.0,0.0,1,0.0,0.0,1
A3CW0ZLUO5X2B1,1,1.0,0.0,1,0.0,0.0,1
A3CW2UZMZ4I0MI,1,1.0,0.0,1,0.0,0.0,1
A3CWLHT8Y2BZB6,3,0.42857142857142855,0.47140420652156073,3,0.0,72.0,7
A3CX02IGUE2FV9,1,1.0,0.0,1,0.0,0.0,1
A3CYGJR5YNON0D,1,1.0,0.0,1,0.0,0.0,1
A3CZV7DEX2ARGE,1,1.0,0.0,1,0.0,0.0,1
A3D0WID5KX7YQ0,1,1.0,0.0,1,0.0,0.0,1
A3D1I68IHM51XJ,1,1.0,0.0,1,0.0,0.0,1
A3D1MNFKW1Z3QJ,1,1.0,0.0,1,0.0,0.0,1
A3D1XWMQD0HTZJ,1,1.0,0.0,1,0.0,0.0,1
A3D1YKQZN1YZXM,1,1.0,0.0,1,0.0,0.0,1
A3D20C3LM506B2,1,1.0,0.0,1,0.0,0.0,1
A3D296RVX0JVKB,1,1.0,0.0,1,0.0,0.0,1
A3D2VIUT2HWP0Z,1,1.0,0.0,1,0.0,0.0,1
A3D4B6J0ZAA6D,1,1.0,0.0,1,0.0,0.0,1
A3D4OB8I3HPULA,1,1.0,0.0,1,0.0,0.0,1
A3D550GH0U6T5C,1,1.0,0.0,1,0.0,0.0,1
A3D5B2CBFNJB0K,1,1.0,0.0,1,0.0,0.0,1
A3D5PYW78GKDWV,1,1.0,0.0,1,0.0,0.0,1
A3D6ITN1HM1FQG,2,0.007194244604316547,0.0,2,0.0,6648.0,278
A3D6OHGHXN95AS,1,1.0,0.0,1,0.0,0.0,1
A3D7BGK0P5QY0X,2,0.041666666666666664,0.0,2,0.0,1128.0,48
A3D7IRV9BPFK5J,1,1.0,0.0,1,0.0,0.0,1
A3D819E3ZQPNLA,1,1.0,0.0,1,0.0,0.0,1
A3D822N1K2IAQD,1,1.0,0.0,1,0.0,0.0,1
A3DAURGJAL0Y0S,1,1.0,0.0,1,0.0,0.0,1
A3DB5AX3HWU2UN,1,1.0,0.0,1,0.0,0.0,1
A3DCWVLM3XWU2Z,2,0.4,0.0,2,0.0,96.0,5
A3DDKMEJPK9XQS,1,1.0,0.0,1,0.0,0.0,1
A3DF1AEPLTX0CA,1,1.0,0.0,1,0.0,0.0,1
A3DGGVZIS0QCQ9,1,1.0,0.0,1,0.0,0.0,1
A3DGJMO6VPG6FJ,1,1.0,0.0,1,0.0,0.0,1
A3DGJXTSR0R73C,1,1.0,0.0,1,0.0,0.0,1
A3DGWKQFZ11K9P,1,1.0,0.0,1,0.0,0.0,1
A3DH53FPYSP9E,1,1.0,0.0,1,0.0,0.0,1
A3DH74L21G9QFJ,1,1.0,0.0,1,0.0,0.0,1
A3DHCTLD4XJJIG,1,1.0,0.0,1,0.0,0.0,1
A3DIEJHDPL4PUC,1,1.0,0.0,1,0.0,0.0,1
A3DJ8DG0WPNXQA,1,1.0,0.0,1,0.0,0.0,1
A3DKP8M0GSP8UK,1,1.0,0.0,1,0.0,0.0,1
A3DKWGWZSZC7PN,1,1.0,0.0,1,0.0,0.0,1
A3DL67RLSWPJ15,1,1.0,0.0,1,0.0,0.0,1
A3DM8NDY4EIUP1,2,0.02564102564102564,0.0,2,0.0,1848.0,78
A3DMARFI3FQRJ9,1,1.0,0.0,1,0.0,0.0,1
A3DMK9OFGHKA8U,1,1.0,0.0,1,0.0,0.0,1
A3DODUI5D91JKN,1,1.0,0.0,1,0.0,0.0,1
A3DOG3PQ6UT7XT,1,1.0,0.0,1,0.0,0.0,1
A3DOQ1AI1MU74K,1,1.0,0.0,1,0.0,0.0,1
A3DPT4CDBMX0N7,1,1.0,0.0,1,0.0,0.0,1
A3DQ3Q2GPZRLT7,1,1.0,0.0,1,0.0,0.0,1
A3DQWFWINN3V5A,1,1.0,0.0,1,0.0,0.0,1
A3DRT9IRH63ZHB,1,1.0,0.0,1,0.0,0.0,1
A3DU46KRC2JFKH,2,0.003424657534246575,0.0,2,0.0,13992.0,584
A3DUWATQEKWLTY,3,0.01060070671378092,0.0,3,0.0,3384.0,283
A3DUWI8P66G61C,1,1.0,0.0,1,0.0,0.0,1
A3DVCKQY3WN6ZU,1,1.0,0.0,1,0.0,0.0,1
A3DVGMO8DCK8AX,1,1.0,0.0,1,0.0,0.0,1
A3DVM2YS59Z3ZF,1,1.0,0.0,1,0.0,0.0,1
A3DWCCNBLNKWAQ,2,0.021739130434782608,0.0,2,0.0,2184.0,92
A3DWLI9VIYXI16,1,1.0,0.0,1,0.0,0.0,1
A3DWO9ZI48DJL1,1,1.0,0.0,1,0.0,0.0,1
A3DXRN8UPJ6W2N,1,1.0,0.0,1,0.0,0.0,1
A3DXZIHCHTFM85,1,1.0,0.0,1,0.0,0.0,1
A3DYB4VNXP9RBE,1,1.0,0.0,1,0.0,0.0,1
A3DZIDWH11X2BF,2,2.0,0.0,2,0.0,0.0,1
A3E0CXFVZHO626,2,2.0,0.0,2,0.0,0.0,1
A3E11WHSG52T0M,1,1.0,0.0,1,0.0,0.0,1
A3E1IXJ949VL29,1,1.0,0.0,1,0.0,0.0,1
A3E1R7VPFBXDHQ,1,1.0,0.0,1,0.0,0.0,1
A3E23UCQ27R3SU,1,1.0,0.0,1,0.0,0.0,1
A3E2P9J7SMPEXK,2,0.00261437908496732,0.0,2,0.0,18336.0,765
A3E2SQ61RG4KPF,1,1.0,0.0,1,0.0,0.0,1
A3E37ZYITKUQNL,1,1.0,0.0,1,0.0,0.0,1
A3E3P8LUD48X6C,1,1.0,0.0,1,0.0,0.0,1
A3E3YJJ0KLYECK,1,1.0,0.0,1,0.0,0.0,1
A3E44J6UX651BC,1,1.0,0.0,1,0.0,0.0,1
A3E47AJOQG6UK2,1,1.0,0.0,1,0.0,0.0,1
A3E4EN8NV92TUE,1,1.0,0.0,1,0.0,0.0,1
A3E4N4UWZN8KK6,1,1.0,0.0,1,0.0,0.0,1
A3E4QDD0JTGT2T,1,1.0,0.0,1,0.0,0.0,1
A3E4YU6APQLRKE,1,1.0,0.0,1,0.0,0.0,1
A3E5KFCYN26O2B,1,1.0,0.0,1,0.0,0.0,1
A3E5SOPIL985NQ,1,1.0,0.0,1,0.0,0.0,1
A3E68EBGXTWDNP,1,1.0,0.0,1,0.0,0.0,1
A3E6HFD7U91DY,1,1.0,0.0,1,0.0,0.0,1
A3E6JBXN9KFHRX,1,1.0,0.0,1,0.0,0.0,1
A3E6ZJMPO9SQWO,1,1.0,0.0,1,0.0,0.0,1
A3E9VBNS25Z9FI,2,0.0011560693641618498,0.0,2,0.0,41496.0,1730
A3EAA602DJCZQ4,1,1.0,0.0,1,0.0,0.0,1
A3EAKDPOB7H96W,1,1.0,0.0,1,0.0,0.0,1
A3EDICFQJDXT7L,1,1.0,0.0,1,0.0,0.0,1
A3EFWIRQLWS0G,1,1.0,0.0,1,0.0,0.0,1
A3EGCYJ41MWIFD,1,1.0,0.0,1,0.0,0.0,1
A3EIVEAH4J9KIR,1,1.0,0.0,1,0.0,0.0,1
A3EJDV2RTFROU4,1,1.0,0.0,1,0.0,0.0,1
A3EK5TRR1L1WR8,1,1.0,0.0,1,0.0,0.0,1
A3EKNB6HM09LN8,1,1.0,0.0,1,0.0,0.0,1
A3ELMB2P2QFT7U,1,1.0,0.0,1,0.0,0.0,1
A3EM40VV41YOHH,1,1.0,0.0,1,0.0,0.0,1
A3EMAT5NS591P1,1,1.0,0.0,1,0.0,0.0,1
A3EMIQ5M1G0J4W,1,1.0,0.0,1,0.0,0.0,1
A3EML7WV7A5QZW,1,1.0,0.0,1,0.0,0.0,1
A3EMZ433QPZU0O,1,1.0,0.0,1,0.0,0.0,1
A3ENO7ZDMZ62TK,1,1.0,0.0,1,0.0,0.0,1
A3EO7H0UOYYVJ,1,1.0,0.0,1,0.0,0.0,1
A3EOHF2YSVZA9L,1,1.0,0.0,1,0.0,0.0,1
A3EOMRZFU33I6Z,1,1.0,0.0,1,0.0,0.0,1
A3EOT20YH2QDX4,1,1.0,0.0,1,0.0,0.0,1
A3EP26M3QHINXT,1,1.0,0.0,1,0.0,0.0,1
A3EP4YIS9W1LR1,1,1.0,0.0,1,0.0,0.0,1
A3EPCX4M6IKD85,1,1.0,0.0,1,0.0,0.0,1
A3EPJSPH03AS29,1,1.0,0.0,1,0.0,0.0,1
A3EPOKANU798QW,2,2.0,0.0,2,0.0,0.0,1
A3EPT8ENSU0TU,1,1.0,0.0,1,0.0,0.0,1
A3EPZNFF590EXL,1,1.0,0.0,1,0.0,0.0,1
A3EQ61ES6HQ090,2,0.08333333333333333,0.0,2,0.0,552.0,24
A3EQQHWJ1EEYEU,3,0.004398826979472141,0.0,3,0.0,8172.0,682
A3EQRG0AYCU91N,2,2.0,0.0,2,0.0,0.0,1
A3ER4LUKW3PO2W,1,1.0,0.0,1,0.0,0.0,1
A3ER6ARJ23CIN8,1,1.0,0.0,1,0.0,0.0,1
A3ERS94QZJJ9EP,1,1.0,0.0,1,0.0,0.0,1
A3ERWBVZHT86CB,1,1.0,0.0,1,0.0,0.0,1
A3ES51FL3H0QCR,1,1.0,0.0,1,0.0,0.0,1
A3ESX9NVYHRQD9,1,1.0,0.0,1,0.0,0.0,1
A3ET92C0O9XNS6,1,1.0,0.0,1,0.0,0.0,1
A3EU0497R9UFX2,1,1.0,0.0,1,0.0,0.0,1
A3EU21JSI4F2QH,2,0.029850746268656716,0.0,2,0.0,1584.0,67
A3EU4P3GZRYHN3,1,1.0,0.0,1,0.0,0.0,1
A3EUQ5G81AN9LN,1,1.0,0.0,1,0.0,0.0,1
A3EUSH8DPW75LR,1,1.0,0.0,1,0.0,0.0,1
A3EUUHAB232JOI,1,1.0,0.0,1,0.0,0.0,1
A3EV8JA23IUP7O,1,1.0,0.0,1,0.0,0.0,1
A3EVJFU8OGK8IT,1,1.0,0.0,1,0.0,0.0,1
A3EVTPOJDS5OQ9,1,1.0,0.0,1,0.0,0.0,1
A3EWNB6RL13T9G,1,1.0,0.0,1,0.0,0.0,1
A3EX8ZFNVDHGPM,1,1.0,0.0,1,0.0,0.0,1
A3EXWV8FNSSFL6,1,1.0,0.0,1,0.0,0.0,1
A3EZEP0FX5BC1P,1,1.0,0.0,1,0.0,0.0,1
A3EZHN2I12T5XF,1,1.0,0.0,1,0.0,0.0,1
A3EZVW0KD3EUA8,1,1.0,0.0,1,0.0,0.0,1
A3EZY90TIZ2MMA,1,1.0,0.0,1,0.0,0.0,1
A3F0FKIHTLD4BP,1,1.0,0.0,1,0.0,0.0,1
A3F0HJLB79JQJ4,1,1.0,0.0,1,0.0,0.0,1
A3F29V1XQ72M3M,1,1.0,0.0,1,0.0,0.0,1
A3F2M27L02YDLM,3,0.0018963337547408343,0.0,3,0.0,18972.0,1582
A3F2NSR3N0UKP0,1,1.0,0.0,1,0.0,0.0,1
A3F3XQGPOVXJET,1,1.0,0.0,1,0.0,0.0,1
A3F4DSZ38VDKNR,1,1.0,0.0,1,0.0,0.0,1
A3F4OHY3R93F78,1,1.0,0.0,1,0.0,0.0,1
A3F4VCTXZZ449P,1,1.0,0.0,1,0.0,0.0,1
A3F5B6FVK7KOJ7,1,1.0,0.0,1,0.0,0.0,1
A3F5EZF0JJ207G,1,1.0,0.0,1,0.0,0.0,1
A3F5G02JODRZ10,1,1.0,0.0,1,0.0,0.0,1
A3F5JV08JUY06C,3,0.025,0.47140420652156073,3,0.0,1428.0,120
A3F64PK0D3MLRR,1,1.0,0.0,1,0.0,0.0,1
A3F67ZFU5YMIDD,1,1.0,0.0,1,0.0,0.0,1
A3F68N9OI8Y67,1,1.0,0.0,1,0.0,0.0,1
A3F81TPV4IQ2BG,1,1.0,0.0,1,0.0,0.0,1
A3F85164PLQFTP,1,1.0,0.0,1,0.0,0.0,1
A3F85J4C6F7A7Z,2,2.0,0.0,2,0.0,0.0,1
A3F9CBHV4OHFBS,1,1.0,0.0,1,0.0,0.0,1
A3FBKSJY4UPVU,1,1.0,0.0,1,0.0,0.0,1
A3FBX7QRP0B7S8,1,1.0,0.0,1,0.0,0.0,1
A3FDXCRC4LAOZP,1,1.0,0.0,1,0.0,0.0,1
A3FE2B2X39IFJJ,1,1.0,0.0,1,0.0,0.0,1
A3FE9EUVTU3UD8,1,1.0,0.0,1,0.0,0.0,1
A3FF3RNKGCE8YV,1,1.0,0.0,1,0.0,0.0,1
A3FFNWA0T3QXDN,1,1.0,0.0,1,0.0,0.0,1
A3FGOOWBV8SUCA,3,0.0410958904109589,0.47140420652156073,3,0.0,864.0,73
A3FHMNZ3V6LJU7,1,1.0,0.0,1,0.0,0.0,1
A3FHSLWEMH7JD8,1,1.0,0.0,1,0.0,0.0,1
A3FINBR4T5ACH3,1,1.0,0.0,1,0.0,0.0,1
A3FJXFLTQZU978,1,1.0,0.0,1,0.0,0.0,1
A3FKLAPAZ8PFMO,1,1.0,0.0,1,0.0,0.0,1
A3FKQQTSMHOCE0,1,1.0,0.0,1,0.0,0.0,1
A3FL4Q6TEPST6C,1,1.0,0.0,1,0.0,0.0,1
A3FL5F9G2X4M4U,1,1.0,0.0,1,0.0,0.0,1
A3FMMV53JHL6TU,1,1.0,0.0,1,0.0,0.0,1
A3FNF36SELJ49S,1,1.0,0.0,1,0.0,0.0,1
A3FNOSCPPESDF9,1,1.0,0.0,1,0.0,0.0,1
A3FOOF7Q2GUMXX,1,1.0,0.0,1,0.0,0.0,1
A3FOXL24P5ZGE8,1,1.0,0.0,1,0.0,0.0,1
A3FP9141P7DHT6,1,1.0,0.0,1,0.0,0.0,1
A3FPR82M4TB5S,1,1.0,0.0,1,0.0,0.0,1
A3FQOR3G5Y7UZ,1,1.0,0.0,1,0.0,0.0,1
A3FQTCYYVX5M5A,1,1.0,0.0,1,0.0,0.0,1
A3FQZZNEHL02WO,1,1.0,0.0,1,0.0,0.0,1
A3FRF7VQOR28S0,1,1.0,0.0,1,0.0,0.0,1
A3FS3FJPD3RJTD,1,1.0,0.0,1,0.0,0.0,1
A3FSH1DQMR9M0M,1,1.0,0.0,1,0.0,0.0,1
A3FTI86WAVJOLG,11,0.01544943820224719,0.9620907736020863,11,0.0,1706.4,712
A3FTRN2V98QBCP,2,0.0056179775280898875,0.0,2,0.0,8520.0,356
A3FTWBJH7BFDJQ,1,1.0,0.0,1,0.0,0.0,1
A3FUTKW59AWR6C,1,1.0,0.0,1,0.0,0.0,1
A3FUXDNOST7H2Q,1,1.0,0.0,1,0.0,0.0,1
A3FV80G5TGF2YN,1,1.0,0.0,1,0.0,0.0,1
A3FVSZUAV37MYM,1,1.0,0.0,1,0.0,0.0,1
A3FY3S8KMC5X82,1,1.0,0.0,1,0.0,0.0,1
A3FYSRXY46VSF1,1,1.0,0.0,1,0.0,0.0,1
A3FZI1RHDOZEJO,1,1.0,0.0,1,0.0,0.0,1
A3G01RI3MUWWQ6,1,1.0,0.0,1,0.0,0.0,1
A3G0U8SNAL7UV8,1,1.0,0.0,1,0.0,0.0,1
A3G0YKIR4F1SCY,1,1.0,0.0,1,0.0,0.0,1
A3G15U1ZTHYX56,1,1.0,0.0,1,0.0,0.0,1
A3G1G50QNGX721,1,1.0,0.0,1,0.0,0.0,1
A3G2AAMHUT1N1U,1,1.0,0.0,1,0.0,0.0,1
A3G2FOJL92215L,1,1.0,0.0,1,0.0,0.0,1
A3G2MJPURQSCBD,1,1.0,0.0,1,0.0,0.0,1
A3G5OZD8J9L7NW,1,1.0,0.0,1,0.0,0.0,1
A3G636N0YXQA7A,1,1.0,0.0,1,0.0,0.0,1
A3G7BEJJCPD6DS,1,1.0,0.0,1,0.0,0.0,1
A3G8DSANVTLXW9,1,1.0,0.0,1,0.0,0.0,1
A3G8PHTYONNTQM,1,1.0,0.0,1,0.0,0.0,1
A3G8YKV4Q0138F,1,1.0,0.0,1,0.0,0.0,1
A3G91OD8ODO80V,1,1.0,0.0,1,0.0,0.0,1
A3G9C63446RUCD,1,1.0,0.0,1,0.0,0.0,1
A3GAEVQR5F9Q9J,1,1.0,0.0,1,0.0,0.0,1
A3GAGDH0FHEREP,1,1.0,0.0,1,0.0,0.0,1
A3GAJB5Y9XCLHU,1,1.0,0.0,1,0.0,0.0,1
A3GATAFT8LVTSK,1,1.0,0.0,1,0.0,0.0,1
A3GAU6X29L9VTL,1,1.0,0.0,1,0.0,0.0,1
A3GB11PXY2DW5R,1,1.0,0.0,1,0.0,0.0,1
A3GB92BPDHSAOA,1,1.0,0.0,1,0.0,0.0,1
A3GBDJVNX84IKD,1,1.0,0.0,1,0.0,0.0,1
A3GBOCNEQ8AAP4,1,1.0,0.0,1,0.0,0.0,1
A3GBTXO71DJ6GO,1,1.0,0.0,1,0.0,0.0,1
A3GCSH7EUZRSQM,1,1.0,0.0,1,0.0,0.0,1
A3GCU32XBIEDMB,1,1.0,0.0,1,0.0,0.0,1
A3GCULBJ04IYA2,1,1.0,0.0,1,0.0,0.0,1
A3GFK87L3P68AH,1,1.0,0.0,1,0.0,0.0,1
A3GFQHHVMEAIO,2,0.014814814814814815,0.0,2,0.0,3216.0,135
A3GFS9L5GENQC7,1,1.0,0.0,1,0.0,0.0,1
A3GG3EQD981OCI,1,1.0,0.0,1,0.0,0.0,1
A3GG7QSSI58HJV,1,1.0,0.0,1,0.0,0.0,1
A3GGOU7B5NVAIS,1,1.0,0.0,1,0.0,0.0,1
A3GGZJZZFQ7S5D,1,1.0,0.0,1,0.0,0.0,1
A3GH0VSG68C8SL,1,1.0,0.0,1,0.0,0.0,1
A3GHITPT5SRXBH,1,1.0,0.0,1,0.0,0.0,1
A3GHZZM7CNK77I,1,1.0,0.0,1,0.0,0.0,1
A3GIM3IW8FVBBK,1,1.0,0.0,1,0.0,0.0,1
A3GIZQ450133SC,1,1.0,0.0,1,0.0,0.0,1
A3GJF1RYLXMQOD,1,1.0,0.0,1,0.0,0.0,1
A3GKEM591MMIRY,1,1.0,0.0,1,0.0,0.0,1
A3GKRQWPAIZR3L,1,1.0,0.0,1,0.0,0.0,1
A3GKY17CHGC5OT,1,1.0,0.0,1,0.0,0.0,1
A3GM3KMDA3MWIR,1,1.0,0.0,1,0.0,0.0,1
A3GM64N13BILUP,1,1.0,0.0,1,0.0,0.0,1
A3GMRYV7VAYK5Q,1,1.0,0.0,1,0.0,0.0,1
A3GN5NR7GDB3DE,1,1.0,0.0,1,0.0,0.0,1
A3GNN31HJ11PPA,1,1.0,0.0,1,0.0,0.0,1
A3GO24N9Y05PKG,1,1.0,0.0,1,0.0,0.0,1
A3GOSA8HXJ6IHZ,1,1.0,0.0,1,0.0,0.0,1
A3GQKB1KF0CRPE,2,0.0029455081001472753,0.0,2,0.0,16272.0,679
A3GQSZ2RVVXDCZ,1,1.0,0.0,1,0.0,0.0,1
A3GQY0TFRG0MPZ,1,1.0,0.0,1,0.0,0.0,1
A3GR935UY6LX03,1,1.0,0.0,1,0.0,0.0,1
A3GS06T7VKDRPV,1,1.0,0.0,1,0.0,0.0,1
A3GTTII3IQTANG,1,1.0,0.0,1,0.0,0.0,1
A3GVTK181RD96Y,1,1.0,0.0,1,0.0,0.0,1
A3GXH7PS56WLMI,1,1.0,0.0,1,0.0,0.0,1
A3GYWZE27QBMY7,1,1.0,0.0,1,0.0,0.0,1
A3GZHI2Y4HNJMD,1,1.0,0.0,1,0.0,0.0,1
A3GZQJZLSMETLI,2,2.0,0.0,2,0.0,0.0,1
A3GZZ7O20BZQ94,1,1.0,0.0,1,0.0,0.0,1
A3H09VQI43K2PJ,1,1.0,0.0,1,0.0,0.0,1
A3H0JGT2GLNX5Y,1,1.0,0.0,1,0.0,0.0,1
A3H0KNC7PKLXU7,1,1.0,0.0,1,0.0,0.0,1
A3H12QDPX7QOKZ,1,1.0,0.0,1,0.0,0.0,1
A3H1CE8T6GDVWV,1,1.0,0.0,1,0.0,0.0,1
A3H1NI0FSDFMWX,3,0.001976284584980237,0.0,3,0.0,18204.0,1518
A3H2OM4DBR3P3T,1,1.0,0.0,1,0.0,0.0,1
A3H3AW7VY6PI1A,1,1.0,0.0,1,0.0,0.0,1
A3H3P7EN3GFW6W,1,1.0,0.0,1,0.0,0.0,1
A3H482CX4KZBK4,1,1.0,0.0,1,0.0,0.0,1
A3H6HJSLFNLGMA,3,0.030927835051546393,0.47140420652156073,3,0.0,1152.0,97
A3H6NNGCINPLEC,1,1.0,0.0,1,0.0,0.0,1
A3H78NCT3DJMY2,2,0.004618937644341801,0.0,2,0.0,10368.0,433
A3H8R9RBN7MYD,1,1.0,0.0,1,0.0,0.0,1
A3H9OYPMFA0EJJ,1,1.0,0.0,1,0.0,0.0,1
A3H9R0EX67LJE6,1,1.0,0.0,1,0.0,0.0,1
A3H9RTXHQ5H4UT,1,1.0,0.0,1,0.0,0.0,1
A3HAPTHHU5B1MT,1,1.0,0.0,1,0.0,0.0,1
A3HAWAR6KX3ENU,1,1.0,0.0,1,0.0,0.0,1
A3HBASBZZVT2N7,1,1.0,0.0,1,0.0,0.0,1
A3HC7NWLKCPX4X,1,1.0,0.0,1,0.0,0.0,1
A3HCGSOLAHATVQ,1,1.0,0.0,1,0.0,0.0,1
A3HCPK54FATFO4,1,1.0,0.0,1,0.0,0.0,1
A3HCZTTUH3CW9Z,1,1.0,0.0,1,0.0,0.0,1
A3HD4V3W6ZLV4N,1,1.0,0.0,1,0.0,0.0,1
A3HDSPFMOCEUTA,1,1.0,0.0,1,0.0,0.0,1
A3HE9I4GQ4OXYE,4,0.0015980823012385138,0.0,4,0.0,20016.0,2503
A3HFBXHGNT5IF8,1,1.0,0.0,1,0.0,0.0,1
A3HFCOYO3TOZ24,1,1.0,0.0,1,0.0,0.0,1
A3HGKWTC8QAI60,1,1.0,0.0,1,0.0,0.0,1
A3HHR7GMW69TFX,1,1.0,0.0,1,0.0,0.0,1
A3HICVLF4PFFMN,1,1.0,0.0,1,0.0,0.0,1
A3HIWWY0ZDLOJG,1,1.0,0.0,1,0.0,0.0,1
A3HJGWV3E5U502,1,1.0,0.0,1,0.0,0.0,1
A3HK1EO0SEEB8Z,1,1.0,0.0,1,0.0,0.0,1
A3HKEH7RU4OS0,1,1.0,0.0,1,0.0,0.0,1
A3HKNAA3578FSZ,1,1.0,0.0,1,0.0,0.0,1
A3HLIVR8UY72P6,1,1.0,0.0,1,0.0,0.0,1
A3HLUBDLMU8RGO,1,1.0,0.0,1,0.0,0.0,1
A3HMI98TOOAVYS,1,1.0,0.0,1,0.0,0.0,1
A3HN1NFTA2Q7VV,1,1.0,0.0,1,0.0,0.0,1
A3HNADBFO4LTG,1,1.0,0.0,1,0.0,0.0,1
A3HNMDZLMAX9H9,1,1.0,0.0,1,0.0,0.0,1
A3HOD6ZNT3Y475,1,1.0,0.0,1,0.0,0.0,1
A3HOOMIX87687Y,1,1.0,0.0,1,0.0,0.0,1
A3HOQ9C7UMZQCS,1,1.0,0.0,1,0.0,0.0,1
A3HOU7C1FRGTXI,1,1.0,0.0,1,0.0,0.0,1
A3HPCRD9RX351S,1,1.0,0.0,1,0.0,0.0,1
A3HQS2YTR4GNC1,1,1.0,0.0,1,0.0,0.0,1
A3HRDRQ5VAFPQS,1,1.0,0.0,1,0.0,0.0,1
A3HS9IAJG1X3WK,1,1.0,0.0,1,0.0,0.0,1
A3HSJ2H5Q075JP,1,1.0,0.0,1,0.0,0.0,1
A3HSLVVMSJNCX9,1,1.0,0.0,1,0.0,0.0,1
A3HSPIBCQA2ASN,1,1.0,0.0,1,0.0,0.0,1
A3HT7V9SDMR6U7,1,1.0,0.0,1,0.0,0.0,1
A3HTMF9ROZGCPK,1,1.0,0.0,1,0.0,0.0,1
A3HTOR3A84JAM0,1,1.0,0.0,1,0.0,0.0,1
A3HUJBSBIG4HPG,1,1.0,0.0,1,0.0,0.0,1
A3HUK2D3SNXHMR,1,1.0,0.0,1,0.0,0.0,1
A3HWB36LLQAMXH,1,1.0,0.0,1,0.0,0.0,1
A3HXGSMCIOZEW8,1,1.0,0.0,1,0.0,0.0,1
A3HXSYE3AEP812,1,1.0,0.0,1,0.0,0.0,1
A3HYTLSRSV68HF,1,1.0,0.0,1,0.0,0.0,1
A3HYYO8PBJZ0J0,1,1.0,0.0,1,0.0,0.0,1
A3HZ83EUW587RM,1,1.0,0.0,1,0.0,0.0,1
A3I05EBYT0I4XR,1,1.0,0.0,1,0.0,0.0,1
A3I0RAZR4RKO4Z,1,1.0,0.0,1,0.0,0.0,1
A3I1BJIFFM4S21,3,0.001310615989515072,0.0,3,0.0,27456.0,2289
A3I1E3B371G9AD,2,1.0,0.0,2,0.0,24.0,2
A3I1GZ3Z7AXSNZ,1,1.0,0.0,1,0.0,0.0,1
A3I28B9NJBGB5O,1,1.0,0.0,1,0.0,0.0,1
A3I2LH8T7QJI7J,1,1.0,0.0,1,0.0,0.0,1
A3I2XB5G02ETXX,2,2.0,0.0,2,0.0,0.0,1
A3I4LKBE81T7QC,1,1.0,0.0,1,0.0,0.0,1
A3I4MTIXADZFYS,1,1.0,0.0,1,0.0,0.0,1
A3I5S0G8FMWV03,2,0.0273972602739726,0.0,2,0.0,1728.0,73
A3I634592SZH0B,1,1.0,0.0,1,0.0,0.0,1
A3I6EKL5ISK5JF,1,1.0,0.0,1,0.0,0.0,1
A3I7LQ4SD5WZ72,1,1.0,0.0,1,0.0,0.0,1
A3I87TP2N3GXK6,1,1.0,0.0,1,0.0,0.0,1
A3I88OJ7DVC4RN,1,1.0,0.0,1,0.0,0.0,1
A3I8KWK1VNN92T,1,1.0,0.0,1,0.0,0.0,1
A3I8OURC83NM6V,2,0.10526315789473684,0.0,2,0.0,432.0,19
A3I996CW1YFR3D,1,1.0,0.0,1,0.0,0.0,1
A3I9HER2MU2OML,1,1.0,0.0,1,0.0,0.0,1
A3IA8GX9LFUDHY,1,1.0,0.0,1,0.0,0.0,1
A3IB1W0SVED0Z3,1,1.0,0.0,1,0.0,0.0,1
A3IBHBAQY6K9OA,1,1.0,0.0,1,0.0,0.0,1
A3IBOQ8R44YG9L,8,0.03524229074889868,0.3307186245042774,8,0.0,774.8571428571429,227
A3IC02PU1BELQ1,1,1.0,0.0,1,0.0,0.0,1
A3IC2ZFYBA39KJ,1,1.0,0.0,1,0.0,0.0,1
A3IC6OB22INS9,1,1.0,0.0,1,0.0,0.0,1
A3ICHEO78NFE4Y,1,1.0,0.0,1,0.0,0.0,1
A3IDFHUI53L11Y,1,1.0,0.0,1,0.0,0.0,1
A3IDY8FCU6GYEW,1,1.0,0.0,1,0.0,0.0,1
A3IF2RRR8R84BV,1,1.0,0.0,1,0.0,0.0,1
A3IGETH1M17L0W,1,1.0,0.0,1,0.0,0.0,1
A3II7EVHKX41Z9,1,1.0,0.0,1,0.0,0.0,1
A3IIGCFLKVFW8M,1,1.0,0.0,1,0.0,0.0,1
A3IIOKFJDSKW9H,1,1.0,0.0,1,0.0,0.0,1
A3IIYC4PF1DTG9,2,0.010471204188481676,0.0,2,0.0,4560.0,191
A3IJMGVOWPBCPJ,1,1.0,0.0,1,0.0,0.0,1
A3IKK57TI9BP85,1,1.0,0.0,1,0.0,0.0,1
A3IKQ1HN8KQJFD,1,1.0,0.0,1,0.0,0.0,1
A3IKZ15AVH556K,1,1.0,0.0,1,0.0,0.0,1
A3IL9TABNQ0SYP,1,1.0,0.0,1,0.0,0.0,1
A3ILBM48JP35BG,2,0.0011185682326621924,0.0,2,0.0,42888.0,1788
A3IMIUF9L0RK4E,1,1.0,0.0,1,0.0,0.0,1
A3IMVS1U3KP024,1,1.0,0.0,1,0.0,0.0,1
A3IMYCI2PGALH3,1,1.0,0.0,1,0.0,0.0,1
A3INI5Z5O4TIXX,1,1.0,0.0,1,0.0,0.0,1
A3INN916E4VION,1,1.0,0.0,1,0.0,0.0,1
A3IONEIQB9028N,1,1.0,0.0,1,0.0,0.0,1
A3IOXFF191DDTQ,1,1.0,0.0,1,0.0,0.0,1
A3IPDGNMA9GXJ6,1,1.0,0.0,1,0.0,0.0,1
A3IPDVVMGHDE5K,1,1.0,0.0,1,0.0,0.0,1
A3IQEPONXLFJ9A,1,1.0,0.0,1,0.0,0.0,1
A3IROM8JD6KAVG,1,1.0,0.0,1,0.0,0.0,1
A3IS6HB3B4M2YF,1,1.0,0.0,1,0.0,0.0,1
A3ISA8LBB5P34E,1,1.0,0.0,1,0.0,0.0,1
A3ISID2L2BJF5N,1,1.0,0.0,1,0.0,0.0,1
A3ISZ8KLXYYI7P,1,1.0,0.0,1,0.0,0.0,1
A3IULQ4N5W3G93,1,1.0,0.0,1,0.0,0.0,1
A3IWKEWM9EEPFJ,1,1.0,0.0,1,0.0,0.0,1
A3IWSCI3KCL041,1,1.0,0.0,1,0.0,0.0,1
A3IXXABPCLE3UX,1,1.0,0.0,1,0.0,0.0,1
A3IY2QJN869W05,1,1.0,0.0,1,0.0,0.0,1
A3IY8S20GL2IP4,1,1.0,0.0,1,0.0,0.0,1
A3IYASOMZQO5PI,1,1.0,0.0,1,0.0,0.0,1
A3IYGLSQ6N2G3G,1,1.0,0.0,1,0.0,0.0,1
A3IYSOTP3HA77N,1,1.0,0.0,1,0.0,0.0,1
A3IZ2M44IH6JVV,1,1.0,0.0,1,0.0,0.0,1
A3IZFW84VV75XS,1,1.0,0.0,1,0.0,0.0,1
A3IZXJRV8RHUQC,1,1.0,0.0,1,0.0,0.0,1
A3J01CV4XJ5V0A,1,1.0,0.0,1,0.0,0.0,1
A3J034YH7UG4KT,1,1.0,0.0,1,0.0,0.0,1
A3J0IFH0TYTVHQ,1,1.0,0.0,1,0.0,0.0,1
A3J1QBB1ULWDOQ,1,1.0,0.0,1,0.0,0.0,1
A3J2N3MC99CLB3,1,1.0,0.0,1,0.0,0.0,1
A3J2YU2D9BH2J7,3,0.06976744186046512,0.0,3,0.0,504.0,43
A3J30FS0PGTYWU,1,1.0,0.0,1,0.0,0.0,1
A3J3GRH2JJ8KO2,1,1.0,0.0,1,0.0,0.0,1
A3J3MXHLT5EPA9,1,1.0,0.0,1,0.0,0.0,1
A3J3XO9BNTVTRS,1,1.0,0.0,1,0.0,0.0,1
A3J4B4J72FTKC8,1,1.0,0.0,1,0.0,0.0,1
A3J4DJ03W3UF8O,1,1.0,0.0,1,0.0,0.0,1
A3J5AG30K8Q7QH,1,1.0,0.0,1,0.0,0.0,1
A3J5E2VJRG6KO6,1,1.0,0.0,1,0.0,0.0,1
A3J5VAB9PZN1T3,1,1.0,0.0,1,0.0,0.0,1
A3J60ZQRDBBJ4S,1,1.0,0.0,1,0.0,0.0,1
A3J7BP60ZB6HW3,1,1.0,0.0,1,0.0,0.0,1
A3J7XPPQH4W2O3,1,1.0,0.0,1,0.0,0.0,1
A3J891E9B6FIIP,1,1.0,0.0,1,0.0,0.0,1
A3J8A5L5AF5TX9,4,0.005037783375314861,0.0,4,0.0,6344.0,794
A3J8BLQ2HLK4WZ,1,1.0,0.0,1,0.0,0.0,1
A3J979TOP4933X,1,1.0,0.0,1,0.0,0.0,1
A3J9C4DT8XKMCP,1,1.0,0.0,1,0.0,0.0,1
A3JAH5WW61N2EK,1,1.0,0.0,1,0.0,0.0,1
A3JAL9LX5XMKB3,1,1.0,0.0,1,0.0,0.0,1
A3JATWQWZ0OKXR,1,1.0,0.0,1,0.0,0.0,1
A3JBGEOQG8PFBH,1,1.0,0.0,1,0.0,0.0,1
A3JD55EKK0KJKV,1,1.0,0.0,1,0.0,0.0,1
A3JEGRJ8KPXCHC,1,1.0,0.0,1,0.0,0.0,1
A3JGFQZR5BJFF8,1,1.0,0.0,1,0.0,0.0,1
A3JGPO77OQC2S6,1,1.0,0.0,1,0.0,0.0,1
A3JH39FG7PPGAD,1,1.0,0.0,1,0.0,0.0,1
A3JHBKWQWS36YL,1,1.0,0.0,1,0.0,0.0,1
A3JI2LW8IB9YOV,1,1.0,0.0,1,0.0,0.0,1
A3JIPMKVVJGVFP,1,1.0,0.0,1,0.0,0.0,1
A3JJBH0X3FTT5E,1,1.0,0.0,1,0.0,0.0,1
A3JLBMXPEENJ9T,1,1.0,0.0,1,0.0,0.0,1
A3JLI2G1CCUKIM,1,1.0,0.0,1,0.0,0.0,1
A3JMQ363OSCWU2,2,0.008368200836820083,0.0,2,0.0,5712.0,239
A3JMVQ5G2G522W,1,1.0,0.0,1,0.0,0.0,1
A3JN3KKON08QBM,1,1.0,0.0,1,0.0,0.0,1
A3JNLLJNREA367,1,1.0,0.0,1,0.0,0.0,1
A3JNVOV0L3UI0J,1,1.0,0.0,1,0.0,0.0,1
A3JO38KMWIUHX8,1,1.0,0.0,1,0.0,0.0,1
A3JOGUHYHZV8LD,1,1.0,0.0,1,0.0,0.0,1
A3JOVOKUKWLNLN,1,1.0,0.0,1,0.0,0.0,1
A3JQDX6UB87982,1,1.0,0.0,1,0.0,0.0,1
A3JQQ2TWTKFVNH,1,1.0,0.0,1,0.0,0.0,1
A3JR1HTAZYM9K4,1,1.0,0.0,1,0.0,0.0,1
A3JR704FL9YJ26,1,1.0,0.0,1,0.0,0.0,1
A3JRAKUG0TB81C,4,0.009259259259259259,0.4330123771329365,4,0.0,3448.0,432
A3JRQ6I2XZ710D,1,1.0,0.0,1,0.0,0.0,1
A3JRRJ9W47KFJ7,1,1.0,0.0,1,0.0,0.0,1
A3JSBSXZRB2BBJ,1,1.0,0.0,1,0.0,0.0,1
A3JSJUGQ3WI8MY,1,1.0,0.0,1,0.0,0.0,1
A3JSY3V8X43HUP,1,1.0,0.0,1,0.0,0.0,1
A3JTMBFD3MOZFQ,2,0.0024330900243309003,0.0,2,0.0,19704.0,822
A3JTWZNUVOL2K1,1,1.0,0.0,1,0.0,0.0,1
A3JU0IKY1GJG76,1,1.0,0.0,1,0.0,0.0,1
A3JU243J8NU729,1,1.0,0.0,1,0.0,0.0,1
A3JUAIWL571I2R,1,1.0,0.0,1,0.0,0.0,1
A3JUJ6UQVE5B92,1,1.0,0.0,1,0.0,0.0,1
A3JUJRN2J800KC,1,1.0,0.0,1,0.0,0.0,1
A3JVD6IJPRCXT1,1,1.0,0.0,1,0.0,0.0,1
A3JX1D26WFEXOS,1,1.0,0.0,1,0.0,0.0,1
A3JX53X4LT4VA2,1,1.0,0.0,1,0.0,0.0,1
A3JXARXF2KGBIS,1,1.0,0.0,1,0.0,0.0,1
A3JZ3PFAD6DXBM,1,1.0,0.0,1,0.0,0.0,1
A3JZ898Q8XXL6K,1,1.0,0.0,1,0.0,0.0,1
A3K04GHJ88XQR8,1,1.0,0.0,1,0.0,0.0,1
A3K129H6GAF9E8,1,1.0,0.0,1,0.0,0.0,1
A3K1AZRGMQ6IIU,1,1.0,0.0,1,0.0,0.0,1
A3K2BEZXDWOC3L,1,1.0,0.0,1,0.0,0.0,1
A3K2H4VS98DWWI,1,1.0,0.0,1,0.0,0.0,1
A3K4ERDSQTN0YX,1,1.0,0.0,1,0.0,0.0,1
A3K4IFDEHTYRSU,1,1.0,0.0,1,0.0,0.0,1
A3K4PHZJMMCZ8K,1,1.0,0.0,1,0.0,0.0,1
A3K649G2P9C8PY,1,1.0,0.0,1,0.0,0.0,1
A3K67UNIBXO76V,1,1.0,0.0,1,0.0,0.0,1
A3K6GPH3ONDHFT,1,1.0,0.0,1,0.0,0.0,1
A3K6NC9PYFGJ2H,1,1.0,0.0,1,0.0,0.0,1
A3K7A4GPMV3C22,1,1.0,0.0,1,0.0,0.0,1
A3K7PWRX8GXJZP,1,1.0,0.0,1,0.0,0.0,1
A3K7QTMDO872EC,1,1.0,0.0,1,0.0,0.0,1
A3K8IBV8V35G1H,1,1.0,0.0,1,0.0,0.0,1
A3K8OOB88ICB2E,1,1.0,0.0,1,0.0,0.0,1
A3K8QGDWJ22EOX,1,1.0,0.0,1,0.0,0.0,1
A3KA0Z3X5RB1YK,1,1.0,0.0,1,0.0,0.0,1
A3KA40XY9YRJR2,1,1.0,0.0,1,0.0,0.0,1
A3KAMSQ04EA7MD,1,1.0,0.0,1,0.0,0.0,1
A3KANLQLC9LHU3,1,1.0,0.0,1,0.0,0.0,1
A3KBJHIZCU52OW,1,1.0,0.0,1,0.0,0.0,1
A3KCFRTFNBGV3L,1,1.0,0.0,1,0.0,0.0,1
A3KDRLIBWILPMJ,1,1.0,0.0,1,0.0,0.0,1
A3KE44SZHUFBP1,1,1.0,0.0,1,0.0,0.0,1
A3KEH9CD2SPUEB,1,1.0,0.0,1,0.0,0.0,1
A3KFIMCP87VH4U,1,1.0,0.0,1,0.0,0.0,1
A3KFLKO5MSTRCZ,1,1.0,0.0,1,0.0,0.0,1
A3KGQOLVUA7DV8,1,1.0,0.0,1,0.0,0.0,1
A3KHBD3YRNY5WO,1,1.0,0.0,1,0.0,0.0,1
A3KHL3O4K6WMXN,1,1.0,0.0,1,0.0,0.0,1
A3KHS6CXBTP1DM,1,1.0,0.0,1,0.0,0.0,1
A3KJ12S3O5ESRW,1,1.0,0.0,1,0.0,0.0,1
A3KJME3TOKVZ4J,1,1.0,0.0,1,0.0,0.0,1
A3KJQ5BA7AVOCN,1,1.0,0.0,1,0.0,0.0,1
A3KK6PWQOBG9QV,1,1.0,0.0,1,0.0,0.0,1
A3KKMR2NISUND4,1,1.0,0.0,1,0.0,0.0,1
A3KKOBGO2ZQY3P,3,0.024793388429752067,0.0,3,0.0,1440.0,121
A3KKULCHWGLL5Q,1,1.0,0.0,1,0.0,0.0,1
A3KKYNEYUICKX2,1,1.0,0.0,1,0.0,0.0,1
A3KLPTNEJ28OS2,1,1.0,0.0,1,0.0,0.0,1
A3KM0K7M1NN2C5,1,1.0,0.0,1,0.0,0.0,1
A3KMUHGAZME8VN,1,1.0,0.0,1,0.0,0.0,1
A3KN2OBPZ6QJLF,2,2.0,0.0,2,0.0,0.0,1
A3KNDQ98179AHY,1,1.0,0.0,1,0.0,0.0,1
A3KO6JEVS1FJ8X,2,0.0016,0.0,2,0.0,29976.0,1250
A3KOA0YU5LB92W,1,1.0,0.0,1,0.0,0.0,1
A3KOAIRG0CC0NR,1,1.0,0.0,1,0.0,0.0,1
A3KOASATK1KTI,2,0.002484472049689441,0.0,2,0.0,19296.0,805
A3KOJO1L2VCAV,1,1.0,0.0,1,0.0,0.0,1
A3KORSMLKNAR22,1,1.0,0.0,1,0.0,0.0,1
A3KRRB6SG6P63T,1,1.0,0.0,1,0.0,0.0,1
A3KSDF3A05PXJ7,1,1.0,0.0,1,0.0,0.0,1
A3KTU2HKCBMFVR,1,1.0,0.0,1,0.0,0.0,1
A3KTWUXXB8KKC7,1,1.0,0.0,1,0.0,0.0,1
A3KTWXWO9MYIYB,1,1.0,0.0,1,0.0,0.0,1
A3KVVY6CI2QA77,1,1.0,0.0,1,0.0,0.0,1
A3KY5RJPX71812,1,1.0,0.0,1,0.0,0.0,1
A3KYYFT538CZ0O,5,0.7142857142857143,0.6928199073356066,5,0.0,36.0,7
A3KZDS16VTCBCD,1,1.0,0.0,1,0.0,0.0,1
A3KZEGBTPH6MMF,1,1.0,0.0,1,0.0,0.0,1
A3KZTJ41GBCDDA,1,1.0,0.0,1,0.0,0.0,1
A3KZXERLMGYHP8,1,1.0,0.0,1,0.0,0.0,1
A3L0JLM9CB0IW0,1,1.0,0.0,1,0.0,0.0,1
A3L0LXJ66P4OFG,1,1.0,0.0,1,0.0,0.0,1
A3L18CVCO055N4,1,1.0,0.0,1,0.0,0.0,1
A3L1N36J3BOL9V,1,1.0,0.0,1,0.0,0.0,1
A3L1TG3OOOTRBR,1,1.0,0.0,1,0.0,0.0,1
A3L20U76EG3KP4,1,1.0,0.0,1,0.0,0.0,1
A3L3EEJYMUPM02,1,1.0,0.0,1,0.0,0.0,1
A3L3ZJJK5O77G4,1,1.0,0.0,1,0.0,0.0,1
A3L53MXMJ1OOWV,1,1.0,0.0,1,0.0,0.0,1
A3L5VIXGTCW2X9,1,1.0,0.0,1,0.0,0.0,1
A3L60UJZQ0O0R5,1,1.0,0.0,1,0.0,0.0,1
A3L61G6N7AT8N2,1,1.0,0.0,1,0.0,0.0,1
A3L6A3G6T6IXXF,1,1.0,0.0,1,0.0,0.0,1
A3L6L5O89JTX2T,1,1.0,0.0,1,0.0,0.0,1
A3L6XHA5FVMN16,2,0.002936857562408223,0.0,2,0.0,16320.0,681
A3L7TRIJ13ROR3,1,1.0,0.0,1,0.0,0.0,1
A3L8CZT6T4K4PC,2,0.1,0.0,2,0.0,456.0,20
A3L8YH446HUCVM,1,1.0,0.0,1,0.0,0.0,1
A3L9C2RTSH3XZB,1,1.0,0.0,1,0.0,0.0,1
A3L9E0YI7C5G0W,1,1.0,0.0,1,0.0,0.0,1
A3L9NGPTBJBQEL,3,0.022900763358778626,0.0,3,0.0,1560.0,131
A3L9UYRI7SE826,1,1.0,0.0,1,0.0,0.0,1
A3LA9S2FF04OGJ,1,1.0,0.0,1,0.0,0.0,1
A3LAPQWMLWTYRK,2,0.006644518272425249,0.0,2,0.0,7200.0,301
A3LAQSWV1VNONO,1,1.0,0.0,1,0.0,0.0,1
A3LAUF321KERYB,1,1.0,0.0,1,0.0,0.0,1
A3LBEV0UWH9V2G,1,1.0,0.0,1,0.0,0.0,1
A3LBFWWQGQYV48,1,1.0,0.0,1,0.0,0.0,1
A3LBTC13EYE4MS,1,1.0,0.0,1,0.0,0.0,1
A3LBZLI0FOL2YP,1,1.0,0.0,1,0.0,0.0,1
A3LDPF5FMB782Z,5,0.005241090146750524,0.0,5,0.0,5718.0,954
A3LFBEOD5RIGMK,1,1.0,0.0,1,0.0,0.0,1
A3LG0DU1ALKTH3,1,1.0,0.0,1,0.0,0.0,1
A3LGDXKOVO627U,1,1.0,0.0,1,0.0,0.0,1
A3LGGQRAIDW3Z2,1,1.0,0.0,1,0.0,0.0,1
A3LGT6UZL99IW1,2,0.15384615384615385,0.0,2,0.0,288.0,13
A3LHM5YKF4YCMN,1,1.0,0.0,1,0.0,0.0,1
A3LIEPHXF1SI1I,1,1.0,0.0,1,0.0,0.0,1
A3LIHB4OPMZ8LS,1,1.0,0.0,1,0.0,0.0,1
A3LIQUWLYJKN3N,1,1.0,0.0,1,0.0,0.0,1
A3LISZ01VY6PI7,1,1.0,0.0,1,0.0,0.0,1
A3LJOSAYINSWU3,1,1.0,0.0,1,0.0,0.0,1
A3LLE02CO1W5T1,1,1.0,0.0,1,0.0,0.0,1
A3LLFZGX8RTA0E,1,1.0,0.0,1,0.0,0.0,1
A3LM1NSW9FM8IO,1,1.0,0.0,1,0.0,0.0,1
A3LM4LWX9M14BI,1,1.0,0.0,1,0.0,0.0,1
A3LMH1951IZZNV,1,1.0,0.0,1,0.0,0.0,1
A3LMH7M7YGUW81,1,1.0,0.0,1,0.0,0.0,1
A3LMTN315ZHD6O,1,1.0,0.0,1,0.0,0.0,1
A3LMUTT4V5P0QG,1,1.0,0.0,1,0.0,0.0,1
A3LN27742T0L76,1,1.0,0.0,1,0.0,0.0,1
A3LO3M39AF1HXI,1,1.0,0.0,1,0.0,0.0,1
A3LO4IG4O4REVD,1,1.0,0.0,1,0.0,0.0,1
A3LORCWJYRJRU5,1,1.0,0.0,1,0.0,0.0,1
A3LORKXNGG3PX3,1,1.0,0.0,1,0.0,0.0,1
A3LQI6DLFEXOVJ,1,1.0,0.0,1,0.0,0.0,1
A3LQUEB84IR3VO,1,1.0,0.0,1,0.0,0.0,1
A3LSNT62S89ERQ,1,1.0,0.0,1,0.0,0.0,1
A3LSVS4YA2CEAX,1,1.0,0.0,1,0.0,0.0,1
A3LTB2C1YPJXT5,1,1.0,0.0,1,0.0,0.0,1
A3LTNIGTIUUEN9,3,0.0297029702970297,0.47140420652156073,3,0.0,1200.0,101
A3LUWGB6EOJEC,1,1.0,0.0,1,0.0,0.0,1
A3LV8JJF1KK7O8,2,0.00176522506619594,0.0,2,0.0,27168.0,1133
A3LVDB70Z5ZNP,1,1.0,0.0,1,0.0,0.0,1
A3LVHU3WNR5XF3,1,1.0,0.0,1,0.0,0.0,1
A3LWC833HQIG7J,4,0.000975609756097561,0.0,4,0.0,32792.0,4100
A3LWII71ZQZQ5G,1,1.0,0.0,1,0.0,0.0,1
A3LWTNKF8T05AK,1,1.0,0.0,1,0.0,0.0,1
A3LX5EDHM91M9J,1,1.0,0.0,1,0.0,0.0,1
A3LX8CS6G6RQSZ,1,1.0,0.0,1,0.0,0.0,1
A3LXBD5R25MX7P,1,1.0,0.0,1,0.0,0.0,1
A3LYRF8UZ0W182,1,1.0,0.0,1,0.0,0.0,1
A3LZEFHIYZ1FGA,2,1.0,0.0,2,0.0,24.0,2
A3LZL8USSPDQ17,1,1.0,0.0,1,0.0,0.0,1
A3LZQZMCIZDXK3,1,1.0,0.0,1,0.0,0.0,1
A3M1BNMWE8A633,3,0.0009950248756218905,0.0,3,0.0,36168.0,3015
A3M26CG1IIP9MX,1,1.0,0.0,1,0.0,0.0,1
A3M2OUAMHNVUGQ,1,1.0,0.0,1,0.0,0.0,1
A3M3CZ0MVUOED0,1,1.0,0.0,1,0.0,0.0,1
A3M42KV16HOLX3,2,0.0007112375533428165,0.0,2,0.0,67464.0,2812
A3M44M02O018YG,1,1.0,0.0,1,0.0,0.0,1
A3M4FU3WQWJHMP,1,1.0,0.0,1,0.0,0.0,1
A3M5APXHTREGU4,2,2.0,0.0,2,0.0,0.0,1
A3M5OYNZ2A5E0O,1,1.0,0.0,1,0.0,0.0,1
A3M5YEJO6EZOML,1,1.0,0.0,1,0.0,0.0,1
A3M6B1VZZXGKSL,1,1.0,0.0,1,0.0,0.0,1
A3M6FW3728C8NA,1,1.0,0.0,1,0.0,0.0,1
A3M6L86GPYG0A9,1,1.0,0.0,1,0.0,0.0,1
A3M6QI4WNREEEV,1,1.0,0.0,1,0.0,0.0,1
A3M6S7Y1FNPOLD,1,1.0,0.0,1,0.0,0.0,1
A3M6ZX4D8MKR1O,1,1.0,0.0,1,0.0,0.0,1
A3M73KV733HBG3,1,1.0,0.0,1,0.0,0.0,1
A3M7JG967UXPE1,1,1.0,0.0,1,0.0,0.0,1
A3M7VAYKYYHEAX,1,1.0,0.0,1,0.0,0.0,1
A3M7WD5FSOCITM,1,1.0,0.0,1,0.0,0.0,1
A3M88BYKRP2ALY,1,1.0,0.0,1,0.0,0.0,1
A3M8D93CGFP9JU,1,1.0,0.0,1,0.0,0.0,1
A3M8N1L4WAMJG4,1,1.0,0.0,1,0.0,0.0,1
A3MAMHEH3YFW30,1,1.0,0.0,1,0.0,0.0,1
A3MCPNPCOLOCEI,1,1.0,0.0,1,0.0,0.0,1
A3MDLLMB405XS3,1,1.0,0.0,1,0.0,0.0,1
A3MEFZZMMGIECW,1,1.0,0.0,1,0.0,0.0,1
A3MEIR72XKQY88,6,0.008784773060029283,0.3726776856852269,6,0.0,3273.6,683
A3MFEMJQQJDWMS,1,1.0,0.0,1,0.0,0.0,1
A3MGIOWRRMULJY,1,1.0,0.0,1,0.0,0.0,1
A3MH75XEELHGY0,1,1.0,0.0,1,0.0,0.0,1
A3MHMWIQ2GRHC3,1,1.0,0.0,1,0.0,0.0,1
A3MI3QBXP5I7FA,2,0.001725625539257981,0.0,2,0.0,27792.0,1159
A3MIIKWIS9MBET,1,1.0,0.0,1,0.0,0.0,1
A3MJ1OH04JQNQF,1,1.0,0.0,1,0.0,0.0,1
A3MJIXDIQT5S16,1,1.0,0.0,1,0.0,0.0,1
A3MJTC00XJWGBF,1,1.0,0.0,1,0.0,0.0,1
A3MMQ88H2WCYVJ,1,1.0,0.0,1,0.0,0.0,1
A3MMVTD7DA3PJ8,1,1.0,0.0,1,0.0,0.0,1
A3MN5FMEN5Y4R9,1,1.0,0.0,1,0.0,0.0,1
A3MND6ONIQPBYN,1,1.0,0.0,1,0.0,0.0,1
A3MNFT5VFJ2V0V,1,1.0,0.0,1,0.0,0.0,1
A3MOYH4ZADV478,1,1.0,0.0,1,0.0,0.0,1
A3MQ672FYFNM7B,1,1.0,0.0,1,0.0,0.0,1
A3MRKZ1RR1G9K3,1,1.0,0.0,1,0.0,0.0,1
A3MSO10BPAF01U,1,1.0,0.0,1,0.0,0.0,1
A3MT7MPZ20QW4T,1,1.0,0.0,1,0.0,0.0,1
A3MUO47CT6EQF8,1,1.0,0.0,1,0.0,0.0,1
A3MV1KKHX51FYT,4,0.01,0.0,4,0.0,3192.0,400
A3MV6ZFPS15FIN,1,1.0,0.0,1,0.0,0.0,1
A3MV97KOHNHCF0,1,1.0,0.0,1,0.0,0.0,1
A3MVMPFBN1RFFV,2,0.0047169811320754715,0.0,2,0.0,10152.0,424
A3MW8B6I2LXVWR,1,1.0,0.0,1,0.0,0.0,1
A3MWMO2IOQDWBJ,1,1.0,0.0,1,0.0,0.0,1
A3MWYUFGO2EQE6,1,1.0,0.0,1,0.0,0.0,1
A3MXEIQLQZ9ABW,1,1.0,0.0,1,0.0,0.0,1
A3MXYE2LUQ523F,1,1.0,0.0,1,0.0,0.0,1
A3MY0WAP1OB7F8,1,1.0,0.0,1,0.0,0.0,1
A3MZSWSG6L8EN2,2,0.007194244604316547,0.0,2,0.0,6648.0,278
A3N0P5AAMP6XD2,1,1.0,0.0,1,0.0,0.0,1
A3N0PBMHROT40K,1,1.0,0.0,1,0.0,0.0,1
A3N0SXVR07R57K,1,1.0,0.0,1,0.0,0.0,1
A3N0U283FPLHGD,1,1.0,0.0,1,0.0,0.0,1
A3N176NMT960UW,1,1.0,0.0,1,0.0,0.0,1
A3N1KKOGKXBICU,1,1.0,0.0,1,0.0,0.0,1
A3N3HVST9WIHZR,1,1.0,0.0,1,0.0,0.0,1
A3N3LPHLB7V9NV,1,1.0,0.0,1,0.0,0.0,1
A3N44QVNT0YP1L,1,1.0,0.0,1,0.0,0.0,1
A3N4QU9537CZ5O,1,1.0,0.0,1,0.0,0.0,1
A3N4TZ3SX3XW12,1,1.0,0.0,1,0.0,0.0,1
A3N5630QP9J06Q,1,1.0,0.0,1,0.0,0.0,1
A3N7GBJ5NC8RUC,1,1.0,0.0,1,0.0,0.0,1
A3N7GQZVV7L78W,1,1.0,0.0,1,0.0,0.0,1
A3N7T0DY83Y4IG,1,1.0,0.0,1,0.0,0.0,1
A3N8O68DOEQ2FE,1,1.0,0.0,1,0.0,0.0,1
A3NAJLO81N0SEY,1,1.0,0.0,1,0.0,0.0,1
A3NB5CY9PWKWGD,1,1.0,0.0,1,0.0,0.0,1
A3NC84WPNQ74I4,1,1.0,0.0,1,0.0,0.0,1
A3NCIN6TNL0MGA,3,0.003740648379052369,0.0,3,0.0,9612.0,802
A3NE9ABP7PAYK3,1,1.0,0.0,1,0.0,0.0,1
A3NEAETOSXDBOM,1,1.0,0.0,1,0.0,0.0,1
A3NESHNWS733JS,1,1.0,0.0,1,0.0,0.0,1
A3NGABXDIB0POU,1,1.0,0.0,1,0.0,0.0,1
A3NGOG8Z78AZSD,1,1.0,0.0,1,0.0,0.0,1
A3NH30B70DU5IH,1,1.0,0.0,1,0.0,0.0,1
A3NHUQ33CFH3VM,3,3.0,0.0,3,0.0,0.0,1
A3NID9D9WMIV01,1,1.0,0.0,1,0.0,0.0,1
A3NKP1YSDFGW5,1,1.0,0.0,1,0.0,0.0,1
A3NKRADYHW2CIP,1,1.0,0.0,1,0.0,0.0,1
A3NLCKSEDQ6546,1,1.0,0.0,1,0.0,0.0,1
A3NN1FTQVVXLP7,1,1.0,0.0,1,0.0,0.0,1
A3NNNU01JEZDUC,1,1.0,0.0,1,0.0,0.0,1
A3NNOT58HV18UW,1,1.0,0.0,1,0.0,0.0,1
A3NO2DP8NTQ3E7,1,1.0,0.0,1,0.0,0.0,1
A3NPFLYZKA4N09,1,1.0,0.0,1,0.0,0.0,1
A3NPVOHK3AMSDK,1,1.0,0.0,1,0.0,0.0,1
A3NPZ24PG7U7VU,1,1.0,0.0,1,0.0,0.0,1
A3NQMOURCTVI40,1,1.0,0.0,1,0.0,0.0,1
A3NQU1649SH0Q4,1,1.0,0.0,1,0.0,0.0,1
A3NR9E16US91MM,1,1.0,0.0,1,0.0,0.0,1
A3NRMHM2N9GQ3N,1,1.0,0.0,1,0.0,0.0,1
A3NS3XXZCQ5ATQ,1,1.0,0.0,1,0.0,0.0,1
A3NSPDT7PQAUA5,1,1.0,0.0,1,0.0,0.0,1
A3NTH97MXHCPA9,1,1.0,0.0,1,0.0,0.0,1
A3NU7HS5TUSU74,1,1.0,0.0,1,0.0,0.0,1
A3NUG06RC4F8EV,1,1.0,0.0,1,0.0,0.0,1
A3NUS6C31S5CQY,1,1.0,0.0,1,0.0,0.0,1
A3NVZTGPORNPRW,1,1.0,0.0,1,0.0,0.0,1
A3NW4WGCI3LZM,1,1.0,0.0,1,0.0,0.0,1
A3NWP4CG5S2PDE,2,2.0,0.0,2,0.0,0.0,1
A3NX8Q9S7XV8NS,1,1.0,0.0,1,0.0,0.0,1
A3NXN2XK3S4HN1,2,0.0015444015444015444,0.0,2,0.0,31056.0,1295
A3NYG1OSPK7UW1,1,1.0,0.0,1,0.0,0.0,1
A3NYY0MCW3F36,1,1.0,0.0,1,0.0,0.0,1
A3NZEQJJZEZROW,1,1.0,0.0,1,0.0,0.0,1
A3O06V8NAPKJO9,1,1.0,0.0,1,0.0,0.0,1
A3O08GNFMHVJHD,1,1.0,0.0,1,0.0,0.0,1
A3O10ZTQSU6RKX,1,1.0,0.0,1,0.0,0.0,1
A3O12K1YQR2FZ9,1,1.0,0.0,1,0.0,0.0,1
A3O1BQ499WT7IZ,1,1.0,0.0,1,0.0,0.0,1
A3O1SS8PDDK7IE,1,1.0,0.0,1,0.0,0.0,1
A3O1TDMJJOJFKG,1,1.0,0.0,1,0.0,0.0,1
A3O2DF7P03JMD2,1,1.0,0.0,1,0.0,0.0,1
A3O3BZP8IM8SP0,1,1.0,0.0,1,0.0,0.0,1
A3O4CQSM06AP8Q,1,1.0,0.0,1,0.0,0.0,1
A3O4F0C47C2FEY,5,5.0,0.0,5,0.0,0.0,1
A3O4OL81Z48AVF,1,1.0,0.0,1,0.0,0.0,1
A3O55EWFNKSPV3,2,0.007905138339920948,0.0,2,0.0,6048.0,253
A3O64PJAT8FRAU,1,1.0,0.0,1,0.0,0.0,1
A3O6UZVYTJY1S7,1,1.0,0.0,1,0.0,0.0,1
A3O72DJ2MQ8930,2,0.001146131805157593,0.0,2,0.0,41856.0,1745
A3O75UULU0XR60,1,1.0,0.0,1,0.0,0.0,1
A3O7Z9L168UHBP,1,1.0,0.0,1,0.0,0.0,1
A3O8QKI08JRNL,1,1.0,0.0,1,0.0,0.0,1
A3O9CEWSECCH78,1,1.0,0.0,1,0.0,0.0,1
A3OA4DV4L81N1D,1,1.0,0.0,1,0.0,0.0,1
A3OB4235TKCL8K,1,1.0,0.0,1,0.0,0.0,1
A3OBYV9M3PY8JW,1,1.0,0.0,1,0.0,0.0,1
A3OBZ4F27KV8NO,1,1.0,0.0,1,0.0,0.0,1
A3OCHH22N0W1AR,2,0.010471204188481676,0.0,2,0.0,4560.0,191
A3OCVR5HUT1QAO,1,1.0,0.0,1,0.0,0.0,1
A3OD7IIQBNTB0D,1,1.0,0.0,1,0.0,0.0,1
A3ODFEO61GKCAH,1,1.0,0.0,1,0.0,0.0,1
A3OE6OOAD730QU,1,1.0,0.0,1,0.0,0.0,1
A3OEGVSXY0Y07W,1,1.0,0.0,1,0.0,0.0,1
A3OEKYU0C8ZXAO,1,1.0,0.0,1,0.0,0.0,1
A3OEWQXYMIXYVI,1,1.0,0.0,1,0.0,0.0,1
A3OFI1JD2KA9WD,1,1.0,0.0,1,0.0,0.0,1
A3OFJES10PZGEH,1,1.0,0.0,1,0.0,0.0,1
A3OGYYZ007ABGA,1,1.0,0.0,1,0.0,0.0,1
A3OHJS5Q9C4IYS,2,0.003838771593090211,0.0,2,0.0,12480.0,521
A3OHUH3RWUWO91,1,1.0,0.0,1,0.0,0.0,1
A3OIGJHNDIU7OV,1,1.0,0.0,1,0.0,0.0,1
A3OIGUHVHZBKT4,1,1.0,0.0,1,0.0,0.0,1
A3OJGB9EJQSXXF,1,1.0,0.0,1,0.0,0.0,1
A3OJNGNBWD7KNN,1,1.0,0.0,1,0.0,0.0,1
A3OKFXYJYS3NF5,1,1.0,0.0,1,0.0,0.0,1
A3OKH5G69MS8D9,2,0.005917159763313609,0.0,2,0.0,8088.0,338
A3OKIB6PSM1MWI,1,1.0,0.0,1,0.0,0.0,1
A3OL52S5I0UQDD,1,1.0,0.0,1,0.0,0.0,1
A3OLAZKM77XR6P,1,1.0,0.0,1,0.0,0.0,1
A3OLGVL02YNQDK,1,1.0,0.0,1,0.0,0.0,1
A3OLLN3VV2SF0L,1,1.0,0.0,1,0.0,0.0,1
A3OM2N48I8ZN9D,1,1.0,0.0,1,0.0,0.0,1
A3OMBQCLXIYH82,1,1.0,0.0,1,0.0,0.0,1
A3OMJNYBG168ZU,1,1.0,0.0,1,0.0,0.0,1
A3OMSWC203H2YZ,1,1.0,0.0,1,0.0,0.0,1
A3ONE2VJCDI5GZ,1,1.0,0.0,1,0.0,0.0,1
A3ONGNBZHTJ12H,1,1.0,0.0,1,0.0,0.0,1
A3OQ96W3N91MDS,1,1.0,0.0,1,0.0,0.0,1
A3OQGX7T9GL0LD,1,1.0,0.0,1,0.0,0.0,1
A3ORB4W3GI1YFG,1,1.0,0.0,1,0.0,0.0,1
A3ORP2IZ7D19VP,1,1.0,0.0,1,0.0,0.0,1
A3ORS0KYKUXU4Z,1,1.0,0.0,1,0.0,0.0,1
A3ORYMCHM9Q0VM,1,1.0,0.0,1,0.0,0.0,1
A3OSUAAXSUNPLM,1,1.0,0.0,1,0.0,0.0,1
A3OSY1QRGCQRAI,1,1.0,0.0,1,0.0,0.0,1
A3OTQX89VGYPUI,1,1.0,0.0,1,0.0,0.0,1
A3OU6E9SSMVU9D,1,1.0,0.0,1,0.0,0.0,1
A3OU81LAFVJOIN,1,1.0,0.0,1,0.0,0.0,1
A3OUYFXUOHDGH,1,1.0,0.0,1,0.0,0.0,1
A3OVFH1ACP273D,1,1.0,0.0,1,0.0,0.0,1
A3OW28ME7CP7BV,1,1.0,0.0,1,0.0,0.0,1
A3OXHLG6DIBRW8,3,0.013157894736842105,0.0,3,0.0,2724.0,228
A3OY03STLZCY1,1,1.0,0.0,1,0.0,0.0,1
A3OYE7X2O08LNT,1,1.0,0.0,1,0.0,0.0,1
A3OYMK6UMM871F,2,0.4,0.0,2,0.0,96.0,5
A3OYXL97N0ATAT,1,1.0,0.0,1,0.0,0.0,1
A3OZQGMISIJK61,1,1.0,0.0,1,0.0,0.0,1
A3OZR4QXMILU6E,1,1.0,0.0,1,0.0,0.0,1
A3OZZ0IQTIPZNW,1,1.0,0.0,1,0.0,0.0,1
A3P02QITTUA6VH,1,1.0,0.0,1,0.0,0.0,1
A3P0YHGVNXUNL4,1,1.0,0.0,1,0.0,0.0,1
A3P1V5EP4RJDKS,1,1.0,0.0,1,0.0,0.0,1
A3P24ZSF9IQRJJ,1,1.0,0.0,1,0.0,0.0,1
A3P2N9P842C3UB,1,1.0,0.0,1,0.0,0.0,1
A3P2RMAC6YQ51V,1,1.0,0.0,1,0.0,0.0,1
A3P2TXT2WDMZR6,1,1.0,0.0,1,0.0,0.0,1
A3P47HE94ZHGP7,1,1.0,0.0,1,0.0,0.0,1
A3P4OCFJHME34N,1,1.0,0.0,1,0.0,0.0,1
A3P4YPMCWTDPA7,1,1.0,0.0,1,0.0,0.0,1
A3P6OWYSHBXE5T,1,1.0,0.0,1,0.0,0.0,1
A3P7KN9Z1N5OOR,1,1.0,0.0,1,0.0,0.0,1
A3P8ZDHC7XSKSE,1,1.0,0.0,1,0.0,0.0,1
A3P9WO6BXBSM54,1,1.0,0.0,1,0.0,0.0,1
A3PA7TV6E4NAE6,1,1.0,0.0,1,0.0,0.0,1
A3PAIUYIUNSP57,1,1.0,0.0,1,0.0,0.0,1
A3PAJ1KIMSH7FS,2,2.0,0.0,2,0.0,0.0,1
A3PAR3GOF45UEM,1,1.0,0.0,1,0.0,0.0,1
A3PBQYLXZ77BGK,1,1.0,0.0,1,0.0,0.0,1
A3PCA3O8PO6F7B,1,1.0,0.0,1,0.0,0.0,1
A3PCIFT337Q4N3,1,1.0,0.0,1,0.0,0.0,1
A3PD8JD9L4WEII,2,0.003838771593090211,0.0,2,0.0,12480.0,521
A3PDGWYC08DXF4,1,1.0,0.0,1,0.0,0.0,1
A3PDNV30IFOUBT,1,1.0,0.0,1,0.0,0.0,1
A3PDU0KJO6QKYW,1,1.0,0.0,1,0.0,0.0,1
A3PEXCKPTNZLC4,1,1.0,0.0,1,0.0,0.0,1
A3PFHOG6AV4ECA,1,1.0,0.0,1,0.0,0.0,1
A3PFLOVUUUDUI3,1,1.0,0.0,1,0.0,0.0,1
A3PG25TW442I33,1,1.0,0.0,1,0.0,0.0,1
A3PGAICBV5O6QR,2,2.0,0.0,2,0.0,0.0,1
A3PGE0N774CEXW,1,1.0,0.0,1,0.0,0.0,1
A3PGVJF37JSHFO,2,0.0007186489399928135,0.0,2,0.0,66768.0,2783
A3PH8X6N66K228,1,1.0,0.0,1,0.0,0.0,1
A3PHHFN21LG8L,1,1.0,0.0,1,0.0,0.0,1
A3PIPAS3M7YLQC,1,1.0,0.0,1,0.0,0.0,1
A3PIVKCLKIAHHT,1,1.0,0.0,1,0.0,0.0,1
A3PJHDLQBKM4PL,1,1.0,0.0,1,0.0,0.0,1
A3PJTNFMKC508C,1,1.0,0.0,1,0.0,0.0,1
A3PK8RJRO4GNVZ,1,1.0,0.0,1,0.0,0.0,1
A3PKHLXWYK19HD,1,1.0,0.0,1,0.0,0.0,1
A3PL8ENSYWS1PZ,1,1.0,0.0,1,0.0,0.0,1
A3PLX6PTM2ERKL,9,0.06569343065693431,0.816496036597035,9,0.0,408.0,137
A3PM5DJGZ17I40,1,1.0,0.0,1,0.0,0.0,1
A3PMROFEIAER4U,1,1.0,0.0,1,0.0,0.0,1
A3PNHNCDRNJYUX,1,1.0,0.0,1,0.0,0.0,1
A3POK7TFSW520G,1,1.0,0.0,1,0.0,0.0,1
A3POU7ZIEKZ0Y8,1,1.0,0.0,1,0.0,0.0,1
A3PP444YA0Z0KA,1,1.0,0.0,1,0.0,0.0,1
A3PPLH5DL6DHN7,1,1.0,0.0,1,0.0,0.0,1
A3PQBXEJX8WZ14,1,1.0,0.0,1,0.0,0.0,1
A3PR648T8RDRS,1,1.0,0.0,1,0.0,0.0,1
A3PSGJREO570YX,1,1.0,0.0,1,0.0,0.0,1
A3PSL549ERGXLD,1,1.0,0.0,1,0.0,0.0,1
A3PTG5V447NJNW,1,1.0,0.0,1,0.0,0.0,1
A3PUAZ6L97FT78,1,1.0,0.0,1,0.0,0.0,1
A3PUCC1JC9NZTF,2,2.0,0.0,2,0.0,0.0,1
A3PUCUV4ORFEAJ,1,1.0,0.0,1,0.0,0.0,1
A3PUN31Y8OUO4U,2,0.016,0.0,2,0.0,2976.0,125
A3PVE6QACV6WRK,1,1.0,0.0,1,0.0,0.0,1
A3PVOKGXUM0QUJ,1,1.0,0.0,1,0.0,0.0,1
A3PW19X5NQU3EF,1,1.0,0.0,1,0.0,0.0,1
A3PXRHR3HQY2E3,1,1.0,0.0,1,0.0,0.0,1
A3PXZ8TOQNGLA,1,1.0,0.0,1,0.0,0.0,1
A3PY3AMUYBA2RZ,1,1.0,0.0,1,0.0,0.0,1
A3PYUA40IF43IX,1,1.0,0.0,1,0.0,0.0,1
A3PZ4AXTY9J1DZ,1,1.0,0.0,1,0.0,0.0,1
A3PZB8KZU22LG1,1,1.0,0.0,1,0.0,0.0,1
A3PZR1PPVVQC6C,1,1.0,0.0,1,0.0,0.0,1
A3PZTHTC84Y9I4,1,1.0,0.0,1,0.0,0.0,1
A3Q00YPS9TU3Z0,1,1.0,0.0,1,0.0,0.0,1
A3Q0D8U4I1FCRM,1,1.0,0.0,1,0.0,0.0,1
A3Q0XALDVB66VQ,1,1.0,0.0,1,0.0,0.0,1
A3Q1EKWQUA0INF,1,1.0,0.0,1,0.0,0.0,1
A3Q1J68QY1MZQ9,1,1.0,0.0,1,0.0,0.0,1
A3Q3ICZ7K0RA1V,1,1.0,0.0,1,0.0,0.0,1
A3Q3Y39W2F0E3J,1,1.0,0.0,1,0.0,0.0,1
A3Q4E2FTXYOQEW,1,1.0,0.0,1,0.0,0.0,1
A3Q4M88EWD0S5Z,1,1.0,0.0,1,0.0,0.0,1
A3Q5IB0HPGUQXW,1,1.0,0.0,1,0.0,0.0,1
A3Q5IRZ3ZJV4P3,1,1.0,0.0,1,0.0,0.0,1
A3Q6EL2PFKJK76,1,1.0,0.0,1,0.0,0.0,1
A3Q6IF3UZ6T1X8,1,1.0,0.0,1,0.0,0.0,1
A3Q7DHKIU7TMBI,1,1.0,0.0,1,0.0,0.0,1
A3Q7LVUP45XLUZ,2,0.09523809523809523,0.0,2,0.0,480.0,21
A3QA0BBQW08DLZ,1,1.0,0.0,1,0.0,0.0,1
A3QBHMMDRSC5VY,2,0.010416666666666666,0.0,2,0.0,4584.0,192
A3QC533RQ1X3ZV,1,1.0,0.0,1,0.0,0.0,1
A3QCXIDIO5DF00,1,1.0,0.0,1,0.0,0.0,1
A3QDY5F9BA5V0B,1,1.0,0.0,1,0.0,0.0,1
A3QDY9I0CNMD2W,1,1.0,0.0,1,0.0,0.0,1
A3QF8N5GBYCZUQ,1,1.0,0.0,1,0.0,0.0,1
A3QFJOSW3X52TY,1,1.0,0.0,1,0.0,0.0,1
A3QFRGBN5P0R3S,1,1.0,0.0,1,0.0,0.0,1
A3QFSS0ZBC8K13,1,1.0,0.0,1,0.0,0.0,1
A3QG1JW6O3SD96,1,1.0,0.0,1,0.0,0.0,1
A3QH8VQDE7HZCR,1,1.0,0.0,1,0.0,0.0,1
A3QHAJV442WLZ2,1,1.0,0.0,1,0.0,0.0,1
A3QJ8RQEQHRU2B,1,1.0,0.0,1,0.0,0.0,1
A3QJFOLL5KGS8H,1,1.0,0.0,1,0.0,0.0,1
A3QJM92LOBZJ6P,1,1.0,0.0,1,0.0,0.0,1
A3QJS46YEWWSX4,1,1.0,0.0,1,0.0,0.0,1
A3QJVGI8XV8UVV,1,1.0,0.0,1,0.0,0.0,1
A3QJX63UDE76OA,1,1.0,0.0,1,0.0,0.0,1
A3QM50LF2CHU6,1,1.0,0.0,1,0.0,0.0,1
A3QMCI8K2A99E4,1,1.0,0.0,1,0.0,0.0,1
A3QMJMTLJC34QC,1,1.0,0.0,1,0.0,0.0,1
A3QMZJARX8M858,1,1.0,0.0,1,0.0,0.0,1
A3QNHDUBMA6WQM,1,1.0,0.0,1,0.0,0.0,1
A3QNX5KWHDV0GD,1,1.0,0.0,1,0.0,0.0,1
A3QNZW2WKPSDJG,1,1.0,0.0,1,0.0,0.0,1
A3QO3RJHS5O468,1,1.0,0.0,1,0.0,0.0,1
A3QPJS71FU70MX,1,1.0,0.0,1,0.0,0.0,1
A3QPQD77H49IFR,1,1.0,0.0,1,0.0,0.0,1
A3QPWNKTUC8N2B,1,1.0,0.0,1,0.0,0.0,1
A3QQ1Q4A02OWJT,1,1.0,0.0,1,0.0,0.0,1
A3QR5KBKZFDONP,1,1.0,0.0,1,0.0,0.0,1
A3QRL4VEQLL2OP,1,1.0,0.0,1,0.0,0.0,1
A3QRPQFQLHDF2X,1,1.0,0.0,1,0.0,0.0,1
A3QSBA4YOYLAP5,1,1.0,0.0,1,0.0,0.0,1
A3QSMCAGMZWMK3,1,1.0,0.0,1,0.0,0.0,1
A3QSYD9EOX6BTP,1,1.0,0.0,1,0.0,0.0,1
A3QT60TL8CF94W,1,1.0,0.0,1,0.0,0.0,1
A3QU3O79AGNWCY,1,1.0,0.0,1,0.0,0.0,1
A3QVRCSJ9TXYM7,1,1.0,0.0,1,0.0,0.0,1
A3QVRSVMJ4TRJX,1,1.0,0.0,1,0.0,0.0,1
A3QX0ERX4D03TF,1,1.0,0.0,1,0.0,0.0,1
A3QY9MCAQ6CRFH,1,1.0,0.0,1,0.0,0.0,1
A3QYIBMXQVLVE7,1,1.0,0.0,1,0.0,0.0,1
A3QZ6BFXJK88RK,1,1.0,0.0,1,0.0,0.0,1
A3QZV5S4BD1XPJ,1,1.0,0.0,1,0.0,0.0,1
A3R10ZQFP45LYT,1,1.0,0.0,1,0.0,0.0,1
A3R1ZR6SHNK8CU,1,1.0,0.0,1,0.0,0.0,1
A3R26BOC579JZT,1,1.0,0.0,1,0.0,0.0,1
A3R2M5ABAYL63P,1,1.0,0.0,1,0.0,0.0,1
A3R2US71Y3CV9R,1,1.0,0.0,1,0.0,0.0,1
A3R3P5M7X0F1CB,1,1.0,0.0,1,0.0,0.0,1
A3R3W0GZUR17TK,1,1.0,0.0,1,0.0,0.0,1
A3R42MDM98MW2Q,1,1.0,0.0,1,0.0,0.0,1
A3R4Q2UEPTZPSQ,1,1.0,0.0,1,0.0,0.0,1
A3R749LCFV5I3,1,1.0,0.0,1,0.0,0.0,1
A3R7FGWO8PIMUD,1,1.0,0.0,1,0.0,0.0,1
A3R822YHA22Q3P,1,1.0,0.0,1,0.0,0.0,1
A3R8M455KMAQ5K,1,1.0,0.0,1,0.0,0.0,1
A3R9KRIO25CKZV,3,0.0027958993476234857,0.0,3,0.0,12864.0,1073
A3R9X003XW0LNR,1,1.0,0.0,1,0.0,0.0,1
A3RAESXA4SR1YL,1,1.0,0.0,1,0.0,0.0,1
A3RAZLVRY2R7VX,1,1.0,0.0,1,0.0,0.0,1
A3RBGEV4IHL1XM,3,3.0,0.0,3,0.0,0.0,1
A3RBUDUMPG6X6E,1,1.0,0.0,1,0.0,0.0,1
A3RBVD0DCH8CUZ,1,1.0,0.0,1,0.0,0.0,1
A3RBVDH87QF1A,1,1.0,0.0,1,0.0,0.0,1
A3RC6GTUFKEY7Y,1,1.0,0.0,1,0.0,0.0,1
A3RCEXV5769SG8,1,1.0,0.0,1,0.0,0.0,1
A3RCGRXYBRKSRC,1,1.0,0.0,1,0.0,0.0,1
A3REPF6Z0P8Y0Q,1,1.0,0.0,1,0.0,0.0,1
A3REYP3W0BLUNA,1,1.0,0.0,1,0.0,0.0,1
A3RG6PPAEW83X2,1,1.0,0.0,1,0.0,0.0,1
A3RGAR7ZY1OEGT,1,1.0,0.0,1,0.0,0.0,1
A3RGHO0Q938FRS,1,1.0,0.0,1,0.0,0.0,1
A3RGU833M0OLDY,1,1.0,0.0,1,0.0,0.0,1
A3RH8D7NKLP2JS,1,1.0,0.0,1,0.0,0.0,1
A3RHCLAFMG8W8,1,1.0,0.0,1,0.0,0.0,1
A3RHPUZBOP4D47,1,1.0,0.0,1,0.0,0.0,1
A3RIRRJ44LGVDA,1,1.0,0.0,1,0.0,0.0,1
A3RK99YGKXWTDT,1,1.0,0.0,1,0.0,0.0,1
A3RKNRLZ2D6D08,1,1.0,0.0,1,0.0,0.0,1
A3RKVIE9PUITW8,1,1.0,0.0,1,0.0,0.0,1
A3RL4MZ8PH9Q5B,1,1.0,0.0,1,0.0,0.0,1
A3RLE0OTW1Y7FW,1,1.0,0.0,1,0.0,0.0,1
A3RLSF1NC70JRK,1,1.0,0.0,1,0.0,0.0,1
A3RMXJ4XMR56GB,1,1.0,0.0,1,0.0,0.0,1
A3RNAIFV56WG5E,1,1.0,0.0,1,0.0,0.0,1
A3RNIG506NCWWO,1,1.0,0.0,1,0.0,0.0,1
A3RO6Z7WI0032B,1,1.0,0.0,1,0.0,0.0,1
A3RP68J125MBQW,1,1.0,0.0,1,0.0,0.0,1
A3RR3PDK3FX6CO,1,1.0,0.0,1,0.0,0.0,1
A3RRAIE5VGNS0S,1,1.0,0.0,1,0.0,0.0,1
A3RRHP4XAI4KUI,2,0.014925373134328358,0.0,2,0.0,3192.0,134
A3RRQS6NNHDBDU,1,1.0,0.0,1,0.0,0.0,1
A3RRV1F1QVI0C5,1,1.0,0.0,1,0.0,0.0,1
A3RS2VSXYYHUM0,1,1.0,0.0,1,0.0,0.0,1
A3RTCA21S7BQ3P,1,1.0,0.0,1,0.0,0.0,1
A3RTMCOLN1MIJW,1,1.0,0.0,1,0.0,0.0,1
A3RTSHT0J64TY4,1,1.0,0.0,1,0.0,0.0,1
A3RU10O4KAN4MT,1,1.0,0.0,1,0.0,0.0,1
A3RUY1Y0ZPNUJ4,1,1.0,0.0,1,0.0,0.0,1
A3RVAT0EUNM2MI,2,2.0,0.0,2,0.0,0.0,1
A3RXK7UUDWQRTQ,1,1.0,0.0,1,0.0,0.0,1
A3RYHP2OYFJ3YC,1,1.0,0.0,1,0.0,0.0,1
A3RYW3OSMMU6SF,1,1.0,0.0,1,0.0,0.0,1
A3RZ3PXOHNYC8S,1,1.0,0.0,1,0.0,0.0,1
A3RZX5KZX4HYG6,1,1.0,0.0,1,0.0,0.0,1
A3S0HHSFCDJE1P,1,1.0,0.0,1,0.0,0.0,1
A3S0Z7UOTUIP9R,3,0.42857142857142855,0.47140420652156073,3,0.0,72.0,7
A3S15YGZ6W6EV2,1,1.0,0.0,1,0.0,0.0,1
A3S1BO0SLFC5H,1,1.0,0.0,1,0.0,0.0,1
A3S1YIQQW7AZO,1,1.0,0.0,1,0.0,0.0,1
A3S3P2TWEVS69L,1,1.0,0.0,1,0.0,0.0,1
A3S3XESYDHV39U,1,1.0,0.0,1,0.0,0.0,1
A3S3Y3JYFY96WZ,1,1.0,0.0,1,0.0,0.0,1
A3S47OYFMIQT5N,1,1.0,0.0,1,0.0,0.0,1
A3S49EUX9DRT0J,1,1.0,0.0,1,0.0,0.0,1
A3S5643F4JNLQQ,1,1.0,0.0,1,0.0,0.0,1
A3S58J9HNVKP32,1,1.0,0.0,1,0.0,0.0,1
A3S5AME3Q5SFDD,1,1.0,0.0,1,0.0,0.0,1
A3S5KSCNM13MSB,1,1.0,0.0,1,0.0,0.0,1
A3S5USAAZE6029,2,0.00816326530612245,0.0,2,0.0,5856.0,245
A3S5XXLY0HSRAR,1,1.0,0.0,1,0.0,0.0,1
A3S66LKKKGTI30,1,1.0,0.0,1,0.0,0.0,1
A3S66WJLBU17YW,1,1.0,0.0,1,0.0,0.0,1
A3S68WYZ3UWRVH,1,1.0,0.0,1,0.0,0.0,1
A3S76NP1H3R0XH,1,1.0,0.0,1,0.0,0.0,1
A3S7SV04I6BQ6E,1,1.0,0.0,1,0.0,0.0,1
A3S7Z458PXGL82,1,1.0,0.0,1,0.0,0.0,1
A3S84AU8UJ9P9D,1,1.0,0.0,1,0.0,0.0,1
A3S87ZOPB3UM9N,5,0.02358490566037736,0.0,5,0.0,1266.0,212
A3S8A9JBOP1PG7,1,1.0,0.0,1,0.0,0.0,1
A3S8HHQBEEGN7P,2,0.004246284501061571,0.0,2,0.0,11280.0,471
A3S9DTM7BCJS21,1,1.0,0.0,1,0.0,0.0,1
A3SA3SI8HXUTWM,1,1.0,0.0,1,0.0,0.0,1
A3SC8ZUDU3TR2H,1,1.0,0.0,1,0.0,0.0,1
A3SC91NJUK624,1,1.0,0.0,1,0.0,0.0,1
A3SCHXMAJDLLUU,1,1.0,0.0,1,0.0,0.0,1
A3SCTA36FA7E88,1,1.0,0.0,1,0.0,0.0,1
A3SDJ70H00OQCJ,1,1.0,0.0,1,0.0,0.0,1
A3SDQ1BJ9RTQ2B,1,1.0,0.0,1,0.0,0.0,1
A3SE4NU7AGO47Q,1,1.0,0.0,1,0.0,0.0,1
A3SFQQB23IZVVL,1,1.0,0.0,1,0.0,0.0,1
A3SFYMAGMJYXHC,1,1.0,0.0,1,0.0,0.0,1
A3SG4FNILRZH5S,1,1.0,0.0,1,0.0,0.0,1
A3SGAXUWAIY61B,1,1.0,0.0,1,0.0,0.0,1
A3SGQEPU02VKV,1,1.0,0.0,1,0.0,0.0,1
A3SGQUKYUATAM8,1,1.0,0.0,1,0.0,0.0,1
A3SHAOQ7FI3JLN,1,1.0,0.0,1,0.0,0.0,1
A3SHDDL7T2HDC9,1,1.0,0.0,1,0.0,0.0,1
A3SINSKZTVFCX,1,1.0,0.0,1,0.0,0.0,1
A3SIVSBFGWO03,1,1.0,0.0,1,0.0,0.0,1
A3SIW24TMUVXG6,1,1.0,0.0,1,0.0,0.0,1
A3SJ70S9RAGUIA,1,1.0,0.0,1,0.0,0.0,1
A3SJSUSBFQ1V81,1,1.0,0.0,1,0.0,0.0,1
A3SK4WFWME8A8N,1,1.0,0.0,1,0.0,0.0,1
A3SKD7PP6S0II4,1,1.0,0.0,1,0.0,0.0,1
A3SKXRB5QQWMLZ,1,1.0,0.0,1,0.0,0.0,1
A3SL7BXUHLRKW3,1,1.0,0.0,1,0.0,0.0,1
A3SL7UWG7Z4H4T,1,1.0,0.0,1,0.0,0.0,1
A3SMN4GQEQBCJ5,2,2.0,0.0,2,0.0,0.0,1
A3SNB53I64J9N5,1,1.0,0.0,1,0.0,0.0,1
A3SNRU9Z9763AO,1,1.0,0.0,1,0.0,0.0,1
A3SO2AGQXXL8LC,3,0.00264783759929391,0.0,3,0.0,13584.0,1133
A3SOLBOIBNYCCP,1,1.0,0.0,1,0.0,0.0,1
A3SOURAY5OD6Z5,1,1.0,0.0,1,0.0,0.0,1
A3SP5OZ25GTBIH,1,1.0,0.0,1,0.0,0.0,1
A3SPRSLV03DT6Y,1,1.0,0.0,1,0.0,0.0,1
A3SRZ0L60PNCVE,1,1.0,0.0,1,0.0,0.0,1
A3SS6919NRQ2MF,2,0.002081165452653486,0.0,2,0.0,23040.0,961
A3SSDQFBBVDGRS,1,1.0,0.0,1,0.0,0.0,1
A3ST3KY96FDE6I,2,0.0035842293906810036,0.0,2,0.0,13368.0,558
A3STDPXRUJQBOQ,1,1.0,0.0,1,0.0,0.0,1
A3STK5WDK5UB58,1,1.0,0.0,1,0.0,0.0,1
A3STNU0QG5IMCY,1,1.0,0.0,1,0.0,0.0,1
A3SUG1O5YSG659,1,1.0,0.0,1,0.0,0.0,1
A3SUZ5RKR6CNKT,1,1.0,0.0,1,0.0,0.0,1
A3SUZA0C8QV8AW,1,1.0,0.0,1,0.0,0.0,1
A3SVCU49WCUHHY,2,2.0,0.0,2,0.0,0.0,1
A3SWLDY5FWIDNL,1,1.0,0.0,1,0.0,0.0,1
A3SXP858XO6OCZ,1,1.0,0.0,1,0.0,0.0,1
A3SXRG9TFJ41ZF,1,1.0,0.0,1,0.0,0.0,1
A3SXYB8JPQ44LN,1,1.0,0.0,1,0.0,0.0,1
A3SY619VFSOOZY,1,1.0,0.0,1,0.0,0.0,1
A3SYB4E5MCEBZL,1,1.0,0.0,1,0.0,0.0,1
A3SZ4CWC3X19SI,1,1.0,0.0,1,0.0,0.0,1
A3SZOSH24K83K6,1,1.0,0.0,1,0.0,0.0,1
A3T0MOVJN9OPVB,2,0.0015349194167306216,0.0,2,0.0,31248.0,1303
A3T1KATJEI7I29,1,1.0,0.0,1,0.0,0.0,1
A3T1LD0C65QCWK,1,1.0,0.0,1,0.0,0.0,1
A3T24RSN7D0TQG,2,0.0008920606601248885,0.0,2,0.0,53784.0,2242
A3T3LXK2F3XTEK,1,1.0,0.0,1,0.0,0.0,1
A3T3M5EYGCWSUA,1,1.0,0.0,1,0.0,0.0,1
A3T5H53KJY7ZG,1,1.0,0.0,1,0.0,0.0,1
A3T5U8741AEXWU,1,1.0,0.0,1,0.0,0.0,1
A3T643FOKZCYEC,1,1.0,0.0,1,0.0,0.0,1
A3T6W3UKZBIUTB,1,1.0,0.0,1,0.0,0.0,1
A3T6Z4XWXWGEEN,1,1.0,0.0,1,0.0,0.0,1
A3T767O02CHFN1,3,3.0,0.0,3,0.0,0.0,1
A3T7POAJUPYA06,1,1.0,0.0,1,0.0,0.0,1
A3T7V207KRDE2O,1,1.0,0.0,1,0.0,0.0,1
A3T832UNT3QOB0,1,1.0,0.0,1,0.0,0.0,1
A3T8ISGIQ27V3X,1,1.0,0.0,1,0.0,0.0,1
A3T8XGEOFSU5UI,1,1.0,0.0,1,0.0,0.0,1
A3T9DOOJ5B1U7O,1,1.0,0.0,1,0.0,0.0,1
A3T9GMK9ZYEAJ4,2,0.0036231884057971015,0.0,2,0.0,13224.0,552
A3TA1UJWRJF9NC,1,1.0,0.0,1,0.0,0.0,1
A3TAS1AG6FMBQW,3,0.0028790786948176585,0.0,3,0.0,12492.0,1042
A3TAT80JCWYGB4,1,1.0,0.0,1,0.0,0.0,1
A3TB2M0Y63G0OF,1,1.0,0.0,1,0.0,0.0,1
A3TB9HNQR54B5V,1,1.0,0.0,1,0.0,0.0,1
A3TBMGNSEQBWIL,1,1.0,0.0,1,0.0,0.0,1
A3TCKXJSSIHXEW,1,1.0,0.0,1,0.0,0.0,1
A3TCV19D652GPU,1,1.0,0.0,1,0.0,0.0,1
A3TD47N9K6V0FU,1,1.0,0.0,1,0.0,0.0,1
A3TD773DK6D77R,1,1.0,0.0,1,0.0,0.0,1
A3TDYJPBZ7DXE7,1,1.0,0.0,1,0.0,0.0,1
A3TEP6U427LK9Z,1,1.0,0.0,1,0.0,0.0,1
A3TF6A1YMYJQ9U,1,1.0,0.0,1,0.0,0.0,1
A3TGD1UTG4V072,1,1.0,0.0,1,0.0,0.0,1
A3THJLGG03GA3S,1,1.0,0.0,1,0.0,0.0,1
A3THKM5QX5XBKQ,1,1.0,0.0,1,0.0,0.0,1
A3THSN6BVZKFQ4,1,1.0,0.0,1,0.0,0.0,1
A3TIJC6L8USJ6Q,3,0.0071090047393364926,0.0,3,0.0,5052.0,422
A3TIWKL1FZANAX,1,1.0,0.0,1,0.0,0.0,1
A3TIWRAKFP7LMA,1,1.0,0.0,1,0.0,0.0,1
A3TJ2K4LP6V71U,1,1.0,0.0,1,0.0,0.0,1
A3TJP0AW9HHY2,1,1.0,0.0,1,0.0,0.0,1
A3TJXGZ6DE38R7,1,1.0,0.0,1,0.0,0.0,1
A3TKHAC2G7G0H1,1,1.0,0.0,1,0.0,0.0,1
A3TKSUEV4E9PV6,1,1.0,0.0,1,0.0,0.0,1
A3TL4RJQKBB8VK,1,1.0,0.0,1,0.0,0.0,1
A3TLPFNP3V2BWK,1,1.0,0.0,1,0.0,0.0,1
A3TLV6X0NJV934,1,1.0,0.0,1,0.0,0.0,1
A3TLYL0E41W6DQ,1,1.0,0.0,1,0.0,0.0,1
A3TMAXADCGGSYL,1,1.0,0.0,1,0.0,0.0,1
A3TMH3ESKQN3L4,1,1.0,0.0,1,0.0,0.0,1
A3TMKO1DO08TQY,1,1.0,0.0,1,0.0,0.0,1
A3TMZ2H98O43I,1,1.0,0.0,1,0.0,0.0,1
A3TNM3C9ENUCFW,1,1.0,0.0,1,0.0,0.0,1
A3TNOAG3UIFQDI,1,1.0,0.0,1,0.0,0.0,1
A3TNTDRTVYO1SN,1,1.0,0.0,1,0.0,0.0,1
A3TO0B7DNASJX7,1,1.0,0.0,1,0.0,0.0,1
A3TOCVBMFZTZ2Z,1,1.0,0.0,1,0.0,0.0,1
A3TPEPYMO2GFN7,1,1.0,0.0,1,0.0,0.0,1
A3TPM2VJA0X1Y2,2,2.0,0.0,2,0.0,0.0,1
A3TPNC3TKGCCEI,1,1.0,0.0,1,0.0,0.0,1
A3TPXFQ9CIK7OF,1,1.0,0.0,1,0.0,0.0,1
A3TRPVAGT3NWBS,7,0.01856763925729443,0.34992680617462013,7,0.0,1504.0,377
A3TRSUX9JYKNCJ,1,1.0,0.0,1,0.0,0.0,1
A3TSAQ6H6HKXIZ,1,1.0,0.0,1,0.0,0.0,1
A3TT2RMPFK7D1W,1,1.0,0.0,1,0.0,0.0,1
A3TTASCT75RNSF,1,1.0,0.0,1,0.0,0.0,1
A3TTE29M158WP5,1,1.0,0.0,1,0.0,0.0,1
A3TTG579DHLYZW,1,1.0,0.0,1,0.0,0.0,1
A3TTM5JYI2ZB7Z,1,1.0,0.0,1,0.0,0.0,1
A3TU618RIP1SGL,1,1.0,0.0,1,0.0,0.0,1
A3TUOAQ56ZQIJH,1,1.0,0.0,1,0.0,0.0,1
A3TUQQWT7KRSEK,1,1.0,0.0,1,0.0,0.0,1
A3TUZOJZM9008Y,1,1.0,0.0,1,0.0,0.0,1
A3TVMXWL9LNESD,1,1.0,0.0,1,0.0,0.0,1
A3TWFM69THKQBK,1,1.0,0.0,1,0.0,0.0,1
A3TWHKALXTJ4EF,1,1.0,0.0,1,0.0,0.0,1
A3TXZJQWCPYNVS,1,1.0,0.0,1,0.0,0.0,1
A3TYJTG8HXTWKY,1,1.0,0.0,1,0.0,0.0,1
A3TYWLLZGB1EDR,1,1.0,0.0,1,0.0,0.0,1
A3TZI7G52WTQGD,1,1.0,0.0,1,0.0,0.0,1
A3U04KS55VJLSR,1,1.0,0.0,1,0.0,0.0,1
A3U0DX8MFOB1XX,1,1.0,0.0,1,0.0,0.0,1
A3U0GO1FYQ87FE,1,1.0,0.0,1,0.0,0.0,1
A3U2L3V3MOEYLC,1,1.0,0.0,1,0.0,0.0,1
A3U38OLADLTYTW,2,2.0,0.0,2,0.0,0.0,1
A3U3Z6HB5V8ECV,1,1.0,0.0,1,0.0,0.0,1
A3U454B540HWZS,1,1.0,0.0,1,0.0,0.0,1
A3U47B6C3QW94L,1,1.0,0.0,1,0.0,0.0,1
A3U4LQGN5AE9DO,1,1.0,0.0,1,0.0,0.0,1
A3U521S7IPSFZG,1,1.0,0.0,1,0.0,0.0,1
A3U525HTP9WZX5,1,1.0,0.0,1,0.0,0.0,1
A3U52V5ZAHZZKU,2,0.0021645021645021645,0.0,2,0.0,22152.0,924
A3U5HTOOB376EP,1,1.0,0.0,1,0.0,0.0,1
A3U5UT3EH2REVK,1,1.0,0.0,1,0.0,0.0,1
A3U5VP06Q1W4DB,1,1.0,0.0,1,0.0,0.0,1
A3U648J0AHF50K,1,1.0,0.0,1,0.0,0.0,1
A3U760Q06JVW92,1,1.0,0.0,1,0.0,0.0,1
A3U78DTRGJZFCL,1,1.0,0.0,1,0.0,0.0,1
A3U7I2H2SLL8C8,1,1.0,0.0,1,0.0,0.0,1
A3U8GAX8OEQATQ,1,1.0,0.0,1,0.0,0.0,1
A3U8J6HOIYKIFM,2,0.0016556291390728477,0.0,2,0.0,28968.0,1208
A3U9ECP0UKZYO0,1,1.0,0.0,1,0.0,0.0,1
A3U9RATIL4DAB2,1,1.0,0.0,1,0.0,0.0,1
A3UA33R5UOA8RC,1,1.0,0.0,1,0.0,0.0,1
A3UA8KRGIV9IXT,1,1.0,0.0,1,0.0,0.0,1
A3UACABVOF2XF1,1,1.0,0.0,1,0.0,0.0,1
A3UBI8XEO26P2C,2,2.0,0.0,2,0.0,0.0,1
A3UBNP5DWQCNEH,1,1.0,0.0,1,0.0,0.0,1
A3UBYYUZQHN7RR,1,1.0,0.0,1,0.0,0.0,1
A3UC2DLZF7TFB4,1,1.0,0.0,1,0.0,0.0,1
A3UC3YT2E65LZO,2,0.003189792663476874,0.0,2,0.0,15024.0,627
A3UCD1OMXG96OR,1,1.0,0.0,1,0.0,0.0,1
A3UCF82XIPJME2,1,1.0,0.0,1,0.0,0.0,1
A3UCNSBH307OEV,1,1.0,0.0,1,0.0,0.0,1
A3UE78V8Z8G1YP,1,1.0,0.0,1,0.0,0.0,1
A3UERTXLHBGAZ0,1,1.0,0.0,1,0.0,0.0,1
A3UFCX1AE4TKZE,1,1.0,0.0,1,0.0,0.0,1
A3UFIFPNO0TR0Q,2,0.03389830508474576,0.0,2,0.0,1392.0,59
A3UGCKULLHJ01E,1,1.0,0.0,1,0.0,0.0,1
A3UGXRNRXVNAPI,1,1.0,0.0,1,0.0,0.0,1
A3UI5ODGOLAXEI,1,1.0,0.0,1,0.0,0.0,1
A3UI6CTFWL721L,1,1.0,0.0,1,0.0,0.0,1
A3UI9U9NOOAM9S,1,1.0,0.0,1,0.0,0.0,1
A3UIQ1DG8MOREB,2,0.009302325581395349,0.0,2,0.0,5136.0,215
A3UJDNT32ZJEF,1,1.0,0.0,1,0.0,0.0,1
A3UJQN65YXBL50,1,1.0,0.0,1,0.0,0.0,1
A3UK6XF38M32SK,1,1.0,0.0,1,0.0,0.0,1
A3UL00RH3B9MMC,1,1.0,0.0,1,0.0,0.0,1
A3ULKL4TS05ZGX,1,1.0,0.0,1,0.0,0.0,1
A3UMZ8DDGIC0DO,1,1.0,0.0,1,0.0,0.0,1
A3UNCJ8G4GLHDX,1,1.0,0.0,1,0.0,0.0,1
A3UNGIF5G9RMCN,1,1.0,0.0,1,0.0,0.0,1
A3UNGV1J26QVPE,1,1.0,0.0,1,0.0,0.0,1
A3UNITKTFPNT9W,1,1.0,0.0,1,0.0,0.0,1
A3UNREJGCZMRUY,1,1.0,0.0,1,0.0,0.0,1
A3UNURO1UUPCFA,1,1.0,0.0,1,0.0,0.0,1
A3UO7TPKCH3D4,2,0.002070393374741201,0.0,2,0.0,23160.0,966
A3UOID9VI8CC0C,1,1.0,0.0,1,0.0,0.0,1
A3UOSOCRKS3WIH,1,1.0,0.0,1,0.0,0.0,1
A3UP19I6HSILR9,1,1.0,0.0,1,0.0,0.0,1
A3UP97IQAI6LJH,1,1.0,0.0,1,0.0,0.0,1
A3UPEV60FD84VX,1,1.0,0.0,1,0.0,0.0,1
A3UPYGJKZ0XTU4,1,1.0,0.0,1,0.0,0.0,1
A3UQ66AYXFZ1SX,1,1.0,0.0,1,0.0,0.0,1
A3UQR3IEAL6G6A,1,1.0,0.0,1,0.0,0.0,1
A3UR1ZOS5PQGMP,1,1.0,0.0,1,0.0,0.0,1
A3URVWPFJOHT72,3,0.10344827586206896,0.47140420652156073,3,0.0,336.0,29
A3USUO0YREMXME,1,1.0,0.0,1,0.0,0.0,1
A3UTWBBK9MKFDL,1,1.0,0.0,1,0.0,0.0,1
A3UTY0UCKWXRY9,1,1.0,0.0,1,0.0,0.0,1
A3UURD9IGGUGW9,1,1.0,0.0,1,0.0,0.0,1
A3UW23DBF2KHWC,1,1.0,0.0,1,0.0,0.0,1
A3UW7WC3KDQUPP,1,1.0,0.0,1,0.0,0.0,1
A3UW9V8KONIRBE,1,1.0,0.0,1,0.0,0.0,1
A3UWDEBSKQFM7V,3,0.08108108108108109,0.0,3,0.0,432.0,37
A3UWM2JGOASDI4,1,1.0,0.0,1,0.0,0.0,1
A3UXU4YM508ZEA,2,2.0,0.0,2,0.0,0.0,1
A3UXW18DP4WSD6,1,1.0,0.0,1,0.0,0.0,1
A3UYI01GLEYZSP,1,1.0,0.0,1,0.0,0.0,1
A3UYRYH15P17R1,1,1.0,0.0,1,0.0,0.0,1
A3UZ17HANZ9F1E,5,0.018656716417910446,0.34640995366780325,5,0.0,1602.0,268
A3UZLX3C5FLLUH,1,1.0,0.0,1,0.0,0.0,1
A3V0NS2UB8H0BB,1,1.0,0.0,1,0.0,0.0,1
A3V0PEIMOBU8H5,2,0.0010857763300760044,0.0,2,0.0,44184.0,1842
A3V1A3C9DTLPME,1,1.0,0.0,1,0.0,0.0,1
A3V1DYN19UXF4F,1,1.0,0.0,1,0.0,0.0,1
A3V1MV24OOGX36,1,1.0,0.0,1,0.0,0.0,1
A3V1YKHR8W22X2,1,1.0,0.0,1,0.0,0.0,1
A3V2PI7YM6U7YI,1,1.0,0.0,1,0.0,0.0,1
A3V3JVJ9NJYBBI,1,1.0,0.0,1,0.0,0.0,1
A3V5NOBJ1294FS,1,1.0,0.0,1,0.0,0.0,1
A3V5YGSE1SBERA,1,1.0,0.0,1,0.0,0.0,1
A3V6RC2YMSLT4S,1,1.0,0.0,1,0.0,0.0,1
A3V6YL38FIEDP,1,1.0,0.0,1,0.0,0.0,1
A3V6Z4RCDGRC44,2,0.003401360544217687,0.0,2,0.0,14088.0,588
A3V7G0CQ3P1I1B,1,1.0,0.0,1,0.0,0.0,1
A3V7Y6EPPSN6HZ,1,1.0,0.0,1,0.0,0.0,1
A3V8K9BG9DSC11,1,1.0,0.0,1,0.0,0.0,1
A3V8P0O224OBDB,1,1.0,0.0,1,0.0,0.0,1
A3V8S5VKPG1B79,1,1.0,0.0,1,0.0,0.0,1
A3VAJFVJMB8RI4,1,1.0,0.0,1,0.0,0.0,1
A3VAX5C42A9QW4,1,1.0,0.0,1,0.0,0.0,1
A3VBORHS4H8LES,1,1.0,0.0,1,0.0,0.0,1
A3VC5NV5NAJ2V4,1,1.0,0.0,1,0.0,0.0,1
A3VCOKMQOCUNGX,1,1.0,0.0,1,0.0,0.0,1
A3VD9J3FIVJTF2,1,1.0,0.0,1,0.0,0.0,1
A3VDWR7HE54SB2,1,1.0,0.0,1,0.0,0.0,1
A3VEROAVSRAMG2,2,0.002242152466367713,0.0,2,0.0,21384.0,892
A3VFSX2M29WGA0,1,1.0,0.0,1,0.0,0.0,1
A3VHEYLZ0R7LCU,1,1.0,0.0,1,0.0,0.0,1
A3VHGUZCGYA4KK,1,1.0,0.0,1,0.0,0.0,1
A3VHI0VC0ZWEDX,1,1.0,0.0,1,0.0,0.0,1
A3VI7503NDDODN,1,1.0,0.0,1,0.0,0.0,1
A3VIFJZC7SHX1T,1,1.0,0.0,1,0.0,0.0,1
A3VIQIGCO4AHR6,1,1.0,0.0,1,0.0,0.0,1
A3VJAU9FIDMB8N,1,1.0,0.0,1,0.0,0.0,1
A3VK2YVHWSVQHB,2,0.022988505747126436,0.0,2,0.0,2064.0,87
A3VKO21KYDJQ2W,1,1.0,0.0,1,0.0,0.0,1
A3VM9E0ZTN0TH,1,1.0,0.0,1,0.0,0.0,1
A3VNAKMYO27RFX,1,1.0,0.0,1,0.0,0.0,1
A3VONQL7YW8UPM,2,0.06896551724137931,0.0,2,0.0,672.0,29
A3VP5SXUTKJFRW,1,1.0,0.0,1,0.0,0.0,1
A3VPVJMLX1X3L7,1,1.0,0.0,1,0.0,0.0,1
A3VRJPCW5CR6HX,1,1.0,0.0,1,0.0,0.0,1
A3VSGMP5KCQ4Q2,1,1.0,0.0,1,0.0,0.0,1
A3VT9VE8JYA0LI,1,1.0,0.0,1,0.0,0.0,1
A3VTSPF7JQ80UQ,1,1.0,0.0,1,0.0,0.0,1
A3VV443NATJMKY,1,1.0,0.0,1,0.0,0.0,1
A3VVOQ5K6C4Y7C,1,1.0,0.0,1,0.0,0.0,1
A3VW2I0P1TQ1DV,1,1.0,0.0,1,0.0,0.0,1
A3VW47C62Q0RML,1,1.0,0.0,1,0.0,0.0,1
A3VWCQP7XS2JD,1,1.0,0.0,1,0.0,0.0,1
A3VWY3CDC423UM,1,1.0,0.0,1,0.0,0.0,1
A3VXOYZYIFKIF2,1,1.0,0.0,1,0.0,0.0,1
A3VYKXHQDICC6,1,1.0,0.0,1,0.0,0.0,1
A3VYPS07YQR9KN,1,1.0,0.0,1,0.0,0.0,1
A3VYTHBU44KOWE,2,0.001851851851851852,0.0,2,0.0,25896.0,1080
A3VZ99CCMUESSY,1,1.0,0.0,1,0.0,0.0,1
A3VZH0PWLQ9BB1,1,1.0,0.0,1,0.0,0.0,1
A3W112102BC6BG,6,0.014527845036319613,0.38489992285980196,6,0.0,1977.6,413
A3W152L0OZZER6,1,1.0,0.0,1,0.0,0.0,1
A3W1EDL3E964B0,1,1.0,0.0,1,0.0,0.0,1
A3W2UTN0BC4ZKD,3,0.057692307692307696,0.0,3,0.0,612.0,52
A3W371ZI5K5C8K,1,1.0,0.0,1,0.0,0.0,1
A3W3B9CBCR4JTX,1,1.0,0.0,1,0.0,0.0,1
A3W3XQY4GQRSIY,1,1.0,0.0,1,0.0,0.0,1
A3W46MLZN82PTZ,1,1.0,0.0,1,0.0,0.0,1
A3W4D8XOGLWUN5,1,1.0,0.0,1,0.0,0.0,1
A3W53H5F2YLJQ4,1,1.0,0.0,1,0.0,0.0,1
A3W57Y5J12YY41,1,1.0,0.0,1,0.0,0.0,1
A3WFXFCLASQMP,1,1.0,0.0,1,0.0,0.0,1
A3WFZDDG0JPK5,2,2.0,0.0,2,0.0,0.0,1
A3XL1ZRLXVZM8,1,1.0,0.0,1,0.0,0.0,1
A3YDHETUB0LHF,1,1.0,0.0,1,0.0,0.0,1
A3YJX1TWOHVDA,1,1.0,0.0,1,0.0,0.0,1
A3Z3817Z6WTXU,1,1.0,0.0,1,0.0,0.0,1
A3ZCIEUX68DEZ,1,1.0,0.0,1,0.0,0.0,1
A40IV5Z4RILSC,1,1.0,0.0,1,0.0,0.0,1
A40U43VX39NR9,1,1.0,0.0,1,0.0,0.0,1
A41I67QYRAOSQ,1,1.0,0.0,1,0.0,0.0,1
A41JUIFTT1J4B,2,0.016,0.0,2,0.0,2976.0,125
A41R4FYVV8YCO,1,1.0,0.0,1,0.0,0.0,1
A4254PHBJAPL,1,1.0,0.0,1,0.0,0.0,1
A42D8DYQ7EVJT,1,1.0,0.0,1,0.0,0.0,1
A42FNTM7Q2FE0,1,1.0,0.0,1,0.0,0.0,1
A42PJ9K10RLMT,1,1.0,0.0,1,0.0,0.0,1
A42YG78Z1GBBD,1,1.0,0.0,1,0.0,0.0,1
A439RDKQQIYR3,1,1.0,0.0,1,0.0,0.0,1
A441R59DABT6E,1,1.0,0.0,1,0.0,0.0,1
A449KVVGC9J7I,1,1.0,0.0,1,0.0,0.0,1
A44UKZE6XEV9,1,1.0,0.0,1,0.0,0.0,1
A450WKBT9ZIM,1,1.0,0.0,1,0.0,0.0,1
A451H9FVEZTWR,1,1.0,0.0,1,0.0,0.0,1
A45OOPYV3TJSY,1,1.0,0.0,1,0.0,0.0,1
A46YT26BA97R0,1,1.0,0.0,1,0.0,0.0,1
A47HWSPR8430B,1,1.0,0.0,1,0.0,0.0,1
A47K229NJH9J6,1,1.0,0.0,1,0.0,0.0,1
A4902TQB4NGRJ,1,1.0,0.0,1,0.0,0.0,1
A49UG6ANGV6M1,1,1.0,0.0,1,0.0,0.0,1
A4ABNXMETDFGW,1,1.0,0.0,1,0.0,0.0,1
A4AF29Y2BHYEY,1,1.0,0.0,1,0.0,0.0,1
A4AM8XJSK710E,1,1.0,0.0,1,0.0,0.0,1
A4APIXYMVZGU4,1,1.0,0.0,1,0.0,0.0,1
A4BG416YX5366,1,1.0,0.0,1,0.0,0.0,1
A4BLZ3ZNJ0YV2,1,1.0,0.0,1,0.0,0.0,1
A4BPS6GEFHNAY,1,1.0,0.0,1,0.0,0.0,1
A4BW957GKIJUM,1,1.0,0.0,1,0.0,0.0,1
A4CIAXJTZ6P1,1,1.0,0.0,1,0.0,0.0,1
A4DO6F431LOO2,1,1.0,0.0,1,0.0,0.0,1
A4DZ12AFVZ6LT,1,1.0,0.0,1,0.0,0.0,1
A4DZOJ79D9BXE,1,1.0,0.0,1,0.0,0.0,1
A4ENZCYML4OEG,1,1.0,0.0,1,0.0,0.0,1
A4G4AWDVJ8XCJ,1,1.0,0.0,1,0.0,0.0,1
A4G51W9PC7TJL,1,1.0,0.0,1,0.0,0.0,1
A4GGT6O0GQNV2,3,0.0005692599620493358,0.0,3,0.0,63228.0,5270
A4GI4654JA8NK,1,1.0,0.0,1,0.0,0.0,1
A4HRLWU9GJCEF,1,1.0,0.0,1,0.0,0.0,1
A4IF24BMN3Z3H,1,1.0,0.0,1,0.0,0.0,1
A4IL0CLL27Q33,1,1.0,0.0,1,0.0,0.0,1
A4J496S0ASF2I,1,1.0,0.0,1,0.0,0.0,1
A4J4J2V4KH7LY,1,1.0,0.0,1,0.0,0.0,1
A4JF3BCJO0VGI,1,1.0,0.0,1,0.0,0.0,1
A4JHEO7H330AF,1,1.0,0.0,1,0.0,0.0,1
A4KNTF8EEFAKK,1,1.0,0.0,1,0.0,0.0,1
A4KQW4S2PAXIT,1,1.0,0.0,1,0.0,0.0,1
A4L0UD2AWHART,1,1.0,0.0,1,0.0,0.0,1
A4MQ4HZF3Q7JV,1,1.0,0.0,1,0.0,0.0,1
A4O7NPE5C5DS9,1,1.0,0.0,1,0.0,0.0,1
A4OAW3JQC5UNM,1,1.0,0.0,1,0.0,0.0,1
A4OGL6HINEZVL,1,1.0,0.0,1,0.0,0.0,1
A4OPNK2K0EDLG,1,1.0,0.0,1,0.0,0.0,1
A4PXXQ3UGXSB5,1,1.0,0.0,1,0.0,0.0,1
A4PYOAQ2GH8FQ,1,1.0,0.0,1,0.0,0.0,1
A4Q1AC81B9TO4,1,1.0,0.0,1,0.0,0.0,1
A4QBJJ9YC59WE,1,1.0,0.0,1,0.0,0.0,1
A4QC76NMWE5OC,1,1.0,0.0,1,0.0,0.0,1
A4QCYNKAT2UN,1,1.0,0.0,1,0.0,0.0,1
A4RASGC2BYMD5,1,1.0,0.0,1,0.0,0.0,1
A4RC4IF81L71H,1,1.0,0.0,1,0.0,0.0,1
A4RKE6DNDRTY2,1,1.0,0.0,1,0.0,0.0,1
A4RQ2TQJVJ58Q,1,1.0,0.0,1,0.0,0.0,1
A4SD1MX7QMD8,1,1.0,0.0,1,0.0,0.0,1
A4SSILU7KZ1XK,1,1.0,0.0,1,0.0,0.0,1
A4SVJ7V6HZF9U,1,1.0,0.0,1,0.0,0.0,1
A4TH1G4MV3VLM,1,1.0,0.0,1,0.0,0.0,1
A4U8NV8P13RH9,1,1.0,0.0,1,0.0,0.0,1
A4UMQLZ0O489D,1,1.0,0.0,1,0.0,0.0,1
A4WCZVA328QB4,1,1.0,0.0,1,0.0,0.0,1
A4WEZJOIZIV4U,1,1.0,0.0,1,0.0,0.0,1
A4XD7L6C76HQM,1,1.0,0.0,1,0.0,0.0,1
A4Y8MPXJ35Y7R,1,1.0,0.0,1,0.0,0.0,1
A4YAXWNMWYY0K,1,1.0,0.0,1,0.0,0.0,1
A4ZAGU38SC09Q,1,1.0,0.0,1,0.0,0.0,1
A4ZGPH50QWA1F,1,1.0,0.0,1,0.0,0.0,1
A506HOOCVL8GW,1,1.0,0.0,1,0.0,0.0,1
A50ARWTXJ9FPV,1,1.0,0.0,1,0.0,0.0,1
A50ZGWCM3RXW1,1,1.0,0.0,1,0.0,0.0,1
A5104FF4P1R9A,1,1.0,0.0,1,0.0,0.0,1
A5135DZW9GC8X,1,1.0,0.0,1,0.0,0.0,1
A51JHQZ0NEWA4,1,1.0,0.0,1,0.0,0.0,1
A52CNGFJTZZM4,1,1.0,0.0,1,0.0,0.0,1
A52EFRFBDWU1F,1,1.0,0.0,1,0.0,0.0,1
A53GY0OZJZFZE,2,0.2,0.0,2,0.0,216.0,10
A53OG3Q99WAVL,1,1.0,0.0,1,0.0,0.0,1
A54S9CIUV5VNB,1,1.0,0.0,1,0.0,0.0,1
A54SG05AV6S4H,1,1.0,0.0,1,0.0,0.0,1
A551XNTLYOHAS,1,1.0,0.0,1,0.0,0.0,1
A56AUIA2KJ3KQ,1,1.0,0.0,1,0.0,0.0,1
A578ANR1FGHT8,1,1.0,0.0,1,0.0,0.0,1
A57Q87B0TC9IJ,1,1.0,0.0,1,0.0,0.0,1
A57QS8CXFWMV5,1,1.0,0.0,1,0.0,0.0,1
A57TH5BVZMB2L,1,1.0,0.0,1,0.0,0.0,1
A5834FSAH2HZQ,1,1.0,0.0,1,0.0,0.0,1
A58HIMN3EW2NN,1,1.0,0.0,1,0.0,0.0,1
A58N07M0ZCYMB,1,1.0,0.0,1,0.0,0.0,1
A59BC7H4T874H,1,1.0,0.0,1,0.0,0.0,1
A5A4374R8I7NB,2,0.02564102564102564,0.0,2,0.0,1848.0,78
A5BB2IEW4LRGP,1,1.0,0.0,1,0.0,0.0,1
A5BR77YAIE341,1,1.0,0.0,1,0.0,0.0,1
A5ESSBL2PIQBD,1,1.0,0.0,1,0.0,0.0,1
A5F4K8GULBUYL,1,1.0,0.0,1,0.0,0.0,1
A5I75Q8VR91XE,2,0.012048192771084338,0.0,2,0.0,3960.0,166
A5II29J0V20A1,1,1.0,0.0,1,0.0,0.0,1
A5ITGZTKFCN65,1,1.0,0.0,1,0.0,0.0,1
A5JLAU2ARJ0BO,6,0.0015495867768595042,0.0,6,0.0,18580.8,3872
A5JXRY7KNM1QK,1,1.0,0.0,1,0.0,0.0,1
A5KBC6M1KUIC8,1,1.0,0.0,1,0.0,0.0,1
A5KMMY627T3W,1,1.0,0.0,1,0.0,0.0,1
A5KVTBI8FA961,1,1.0,0.0,1,0.0,0.0,1
A5MCDQ60DWUEV,1,1.0,0.0,1,0.0,0.0,1
A5MHDBJKXP2ZJ,1,1.0,0.0,1,0.0,0.0,1
A5MTZTDSIBX09,1,1.0,0.0,1,0.0,0.0,1
A5NXA10HTO42S,1,1.0,0.0,1,0.0,0.0,1
A5O0P0JV6PLU3,1,1.0,0.0,1,0.0,0.0,1
A5P7STTZE2MJV,1,1.0,0.0,1,0.0,0.0,1
A5PC0I3U0OP6O,1,1.0,0.0,1,0.0,0.0,1
A5PS42VT6YVQZ,1,1.0,0.0,1,0.0,0.0,1
A5QVPEDG62HV2,1,1.0,0.0,1,0.0,0.0,1
A5R13YQNSP42J,1,1.0,0.0,1,0.0,0.0,1
A5RESRBCJXMOM,1,1.0,0.0,1,0.0,0.0,1
A5RIO7FOCJVAL,1,1.0,0.0,1,0.0,0.0,1
A5RM7VF99O19G,1,1.0,0.0,1,0.0,0.0,1
A5RX8JTDW08PT,1,1.0,0.0,1,0.0,0.0,1
A5S38CUDPMJ3H,1,1.0,0.0,1,0.0,0.0,1
A5SRH9OLR37VY,1,1.0,0.0,1,0.0,0.0,1
A5T08I564I0D5,1,1.0,0.0,1,0.0,0.0,1
A5TNBW52T92QJ,1,1.0,0.0,1,0.0,0.0,1
A5U3O5KSTUOY0,1,1.0,0.0,1,0.0,0.0,1
A5V1EF2BNERO9,1,1.0,0.0,1,0.0,0.0,1
A5V6ZDQQAARJL,1,1.0,0.0,1,0.0,0.0,1
A5V88D7KFLRRP,1,1.0,0.0,1,0.0,0.0,1
A5X3DVSN6XRJ1,1,1.0,0.0,1,0.0,0.0,1
A5XWJZF0L36W3,1,1.0,0.0,1,0.0,0.0,1
A5XWWZZL5NZUX,1,1.0,0.0,1,0.0,0.0,1
A5YSNNBCMLVX2,1,1.0,0.0,1,0.0,0.0,1
A5ZELOQA2OY7V,1,1.0,0.0,1,0.0,0.0,1
A5ZGJBOPDRVQL,1,1.0,0.0,1,0.0,0.0,1
A5ZX2K585HWOB,1,1.0,0.0,1,0.0,0.0,1
A601IGAG8FWGW,1,1.0,0.0,1,0.0,0.0,1
A601TLJMZ9CZN,1,1.0,0.0,1,0.0,0.0,1
A604IM2TKXONO,1,1.0,0.0,1,0.0,0.0,1
A60GRZWE1VPHV,1,1.0,0.0,1,0.0,0.0,1
A61R1DEE1MO2Q,1,1.0,0.0,1,0.0,0.0,1
A61UIWC9N8CJK,1,1.0,0.0,1,0.0,0.0,1
A6312S8QYEDED,1,1.0,0.0,1,0.0,0.0,1
A633NIAR4JJAR,1,1.0,0.0,1,0.0,0.0,1
A65VEN5RKAEA8,1,1.0,0.0,1,0.0,0.0,1
A66UH98TFR04V,1,1.0,0.0,1,0.0,0.0,1
A677O9VC9P6L9,1,1.0,0.0,1,0.0,0.0,1
A680RUE1FDO8B,1,1.0,0.0,1,0.0,0.0,1
A697GVG73H314,1,1.0,0.0,1,0.0,0.0,1
A69HUWNHTPGA7,1,1.0,0.0,1,0.0,0.0,1
A69YFKRRIOG19,1,1.0,0.0,1,0.0,0.0,1
A69Z3F9A2ILNP,1,1.0,0.0,1,0.0,0.0,1
A6CT51FUL6UT8,1,1.0,0.0,1,0.0,0.0,1
A6CXO60VYUKL9,1,1.0,0.0,1,0.0,0.0,1
A6DUQDX4B2KVI,1,1.0,0.0,1,0.0,0.0,1
A6EFPNEQVKUUJ,1,1.0,0.0,1,0.0,0.0,1
A6F8NBS48AKJ9,1,1.0,0.0,1,0.0,0.0,1
A6FGKXU6ZPW64,1,1.0,0.0,1,0.0,0.0,1
A6FIAB28IS79,8,0.0025957170668397143,0.0,8,0.0,10563.42857142857,3082
A6G3U9XJ8JCZM,1,1.0,0.0,1,0.0,0.0,1
A6G5VWEJWRTQ9,1,1.0,0.0,1,0.0,0.0,1
A6GDUWATWOH8B,1,1.0,0.0,1,0.0,0.0,1
A6GSTJCNZY4IW,1,1.0,0.0,1,0.0,0.0,1
A6GYEDCEU2LKG,1,1.0,0.0,1,0.0,0.0,1
A6H2C3IPC0J9Q,1,1.0,0.0,1,0.0,0.0,1
A6HIYEJGCE1MA,1,1.0,0.0,1,0.0,0.0,1
A6HW4G2S68KGV,1,1.0,0.0,1,0.0,0.0,1
A6ILK3FXYH595,1,1.0,0.0,1,0.0,0.0,1
A6IT5UZHEBA02,1,1.0,0.0,1,0.0,0.0,1
A6J4ESHKQ1H3,1,1.0,0.0,1,0.0,0.0,1
A6J8D9V5S9MBE,1,1.0,0.0,1,0.0,0.0,1
A6JEVJCN12Z44,1,1.0,0.0,1,0.0,0.0,1
A6K6N2LXDS32B,1,1.0,0.0,1,0.0,0.0,1
A6KRB71JYJRBT,1,1.0,0.0,1,0.0,0.0,1
A6MA0VVEUCEVQ,1,1.0,0.0,1,0.0,0.0,1
A6MB1MKAGJ3G4,1,1.0,0.0,1,0.0,0.0,1
A6NBOKCU9JHHC,1,1.0,0.0,1,0.0,0.0,1
A6NZ93XM5N1DJ,1,1.0,0.0,1,0.0,0.0,1
A6O19PVPF8YDM,1,1.0,0.0,1,0.0,0.0,1
A6RZG1711OSGT,1,1.0,0.0,1,0.0,0.0,1
A6S1IS2P44QEE,1,1.0,0.0,1,0.0,0.0,1
A6T02WJLLG3X6,1,1.0,0.0,1,0.0,0.0,1
A6TBR6L2D4XKC,1,1.0,0.0,1,0.0,0.0,1
A6TWN9W9WSAV0,1,1.0,0.0,1,0.0,0.0,1
A6U34RDGWDAP0,1,1.0,0.0,1,0.0,0.0,1
A6UONSUT6D70X,1,1.0,0.0,1,0.0,0.0,1
A6VFSC0BW75Y0,1,1.0,0.0,1,0.0,0.0,1
A6VPIOPMDJ8H7,1,1.0,0.0,1,0.0,0.0,1
A6VPK7X53QNAQ,1,1.0,0.0,1,0.0,0.0,1
A6VXZ1EEPRTLV,1,1.0,0.0,1,0.0,0.0,1
A6X2M9YBL9OYY,1,1.0,0.0,1,0.0,0.0,1
A6XGIW9KSC0Y1,1,1.0,0.0,1,0.0,0.0,1
A6Y2332S1BKOH,1,1.0,0.0,1,0.0,0.0,1
A6Y8G4A9DM7VK,1,1.0,0.0,1,0.0,0.0,1
A6Z5D6RNFVHEP,1,1.0,0.0,1,0.0,0.0,1
A6ZPLVAUQ6695,10,0.00946073793755913,0.0,10,0.0,2816.0,1057
A7060R14RJF3I,1,1.0,0.0,1,0.0,0.0,1
A70WOSKH59VRE,1,1.0,0.0,1,0.0,0.0,1
A712TJ5820FAY,1,1.0,0.0,1,0.0,0.0,1
A720S06Y6KV49,1,1.0,0.0,1,0.0,0.0,1
A72KEKIG7WATK,1,1.0,0.0,1,0.0,0.0,1
A747BB4QM2SWW,1,1.0,0.0,1,0.0,0.0,1
A74HK3XXFGZ9G,1,1.0,0.0,1,0.0,0.0,1
A759KSTT9A8X8,1,1.0,0.0,1,0.0,0.0,1
A75IYBN6J0SQ5,2,0.0008179959100204499,0.0,2,0.0,58656.0,2445
A75MTT7XI4B02,1,1.0,0.0,1,0.0,0.0,1
A75XLNYQN0QRW,1,1.0,0.0,1,0.0,0.0,1
A7696ALS0LKSV,1,1.0,0.0,1,0.0,0.0,1
A76DRAEKZTT62,1,1.0,0.0,1,0.0,0.0,1
A76H3TUHMOA8K,1,1.0,0.0,1,0.0,0.0,1
A77JQQU1TKPR3,1,1.0,0.0,1,0.0,0.0,1
A77R969THZFH7,1,1.0,0.0,1,0.0,0.0,1
A7829CRHD25WU,1,1.0,0.0,1,0.0,0.0,1
A78J38NU18DDZ,1,1.0,0.0,1,0.0,0.0,1
A7958QGR5LEDZ,1,1.0,0.0,1,0.0,0.0,1
A79ZK3ZJ82G7Z,1,1.0,0.0,1,0.0,0.0,1
A7A01Y50214JY,1,1.0,0.0,1,0.0,0.0,1
A7DVK8H0OEA26,1,1.0,0.0,1,0.0,0.0,1
A7EC1AKLPAEY,1,1.0,0.0,1,0.0,0.0,1
A7ED6BJO320TG,1,1.0,0.0,1,0.0,0.0,1
A7EVWY97FPSIA,1,1.0,0.0,1,0.0,0.0,1
A7GHK7TAXIH1W,1,1.0,0.0,1,0.0,0.0,1
A7HEVWKSWUSI4,1,1.0,0.0,1,0.0,0.0,1
A7HPQEWKPSFJ6,1,1.0,0.0,1,0.0,0.0,1
A7HY1CEDK0204,1,1.0,0.0,1,0.0,0.0,1
A7I3WFZE31KAZ,1,1.0,0.0,1,0.0,0.0,1
A7I6IEAQZIT9D,1,1.0,0.0,1,0.0,0.0,1
A7IKOAH6M8WAC,2,2.0,0.0,2,0.0,0.0,1
A7J1N0NCJEDFI,1,1.0,0.0,1,0.0,0.0,1
A7J1NJ0YQOBTZ,1,1.0,0.0,1,0.0,0.0,1
A7JDRR7KJA6HG,1,1.0,0.0,1,0.0,0.0,1
A7JGEKN140F4S,2,0.0016038492381716118,0.0,2,0.0,29904.0,1247
A7JK2LY3CHJ2H,1,1.0,0.0,1,0.0,0.0,1
A7JQDI5K9XZY8,1,1.0,0.0,1,0.0,0.0,1
A7KEXYO4RMXBP,1,1.0,0.0,1,0.0,0.0,1
A7LUFZI7XDT9Z,1,1.0,0.0,1,0.0,0.0,1
A7LVTP7N6Q9Q1,1,1.0,0.0,1,0.0,0.0,1
A7MKO11ZX97G4,1,1.0,0.0,1,0.0,0.0,1
A7MN8VRWL2JOK,1,1.0,0.0,1,0.0,0.0,1
A7N1JRLTA65IE,1,1.0,0.0,1,0.0,0.0,1
A7NZKPZBCYBV9,1,1.0,0.0,1,0.0,0.0,1
A7OAAZPLNSMXJ,1,1.0,0.0,1,0.0,0.0,1
A7OR8OWWGK55W,1,1.0,0.0,1,0.0,0.0,1
A7PO38C64X6HB,1,1.0,0.0,1,0.0,0.0,1
A7Q5OECQBQA6F,1,1.0,0.0,1,0.0,0.0,1
A7R4R9THNELTP,1,1.0,0.0,1,0.0,0.0,1
A7R9S61MMVO2H,1,1.0,0.0,1,0.0,0.0,1
A7RJ19XG5PDRU,1,1.0,0.0,1,0.0,0.0,1
A7RV1KU5O0II9,4,0.00966183574879227,0.0,4,0.0,3304.0,414
A7S2B0I67WNWB,1,1.0,0.0,1,0.0,0.0,1
A7SXKE8X1ZZ21,1,1.0,0.0,1,0.0,0.0,1
A7T67XA3U5J8B,1,1.0,0.0,1,0.0,0.0,1
A7T9AXIM5XG3E,1,1.0,0.0,1,0.0,0.0,1
A7V2BYVR7KUF0,1,1.0,0.0,1,0.0,0.0,1
A7V9WIUIB02OI,1,1.0,0.0,1,0.0,0.0,1
A7WM1RJQQ68AR,1,1.0,0.0,1,0.0,0.0,1
A7X0X400YR4W2,1,1.0,0.0,1,0.0,0.0,1
A7Y2RAZZRFVI3,1,1.0,0.0,1,0.0,0.0,1
A7Y4EVU8LZ7FV,1,1.0,0.0,1,0.0,0.0,1
A7Y64ICNNWLZ2,1,1.0,0.0,1,0.0,0.0,1
A7Y6AVS576M03,5,0.0010555203715431707,0.0,5,0.0,28416.0,4737
A7YKQRCRPPCMU,1,1.0,0.0,1,0.0,0.0,1
A7ZADIMTO4XG8,1,1.0,0.0,1,0.0,0.0,1
A7ZKJ86MUO5JS,1,1.0,0.0,1,0.0,0.0,1
A7ZVK3V3S35CF,1,1.0,0.0,1,0.0,0.0,1
A80DXXEKX12RI,2,0.00338409475465313,0.0,2,0.0,14160.0,591
A80SFDVGOCBU8,1,1.0,0.0,1,0.0,0.0,1
A810PNCBZXIYJ,1,1.0,0.0,1,0.0,0.0,1
A81LEWNPJ49WO,1,1.0,0.0,1,0.0,0.0,1
A81NVWL4MMVT8,1,1.0,0.0,1,0.0,0.0,1
A823L2YB2FKBC,1,1.0,0.0,1,0.0,0.0,1
A833B463ZZJT7,1,1.0,0.0,1,0.0,0.0,1
A83BIO3AO15LQ,1,1.0,0.0,1,0.0,0.0,1
A83N14T7FQV82,1,1.0,0.0,1,0.0,0.0,1
A84O215CIZY6W,1,1.0,0.0,1,0.0,0.0,1
A850S0PK7OMFU,1,1.0,0.0,1,0.0,0.0,1
A85PGE2FRU7J8,1,1.0,0.0,1,0.0,0.0,1
A87CILADRIZW0,1,1.0,0.0,1,0.0,0.0,1
A87N6UTYA6NOB,1,1.0,0.0,1,0.0,0.0,1
A87W2NKSYDMD6,1,1.0,0.0,1,0.0,0.0,1
A88AV20XJ5X60,1,1.0,0.0,1,0.0,0.0,1
A88WV7924NGXQ,1,1.0,0.0,1,0.0,0.0,1
A88XPSZ26G6TG,1,1.0,0.0,1,0.0,0.0,1
A893NEHDW6NOL,1,1.0,0.0,1,0.0,0.0,1
A897O2C4YYKIA,1,1.0,0.0,1,0.0,0.0,1
A89ZZKNDFQH23,1,1.0,0.0,1,0.0,0.0,1
A8AIHHQ300K0Q,1,1.0,0.0,1,0.0,0.0,1
A8AK2HEXCZN4Q,1,1.0,0.0,1,0.0,0.0,1
A8B29NA6R2E6Z,1,1.0,0.0,1,0.0,0.0,1
A8BGFC6VK46OW,1,1.0,0.0,1,0.0,0.0,1
A8BW6F16DEZOZ,1,1.0,0.0,1,0.0,0.0,1
A8BZEB7HYFLKF,1,1.0,0.0,1,0.0,0.0,1
A8C4VSOYHV7BY,1,1.0,0.0,1,0.0,0.0,1
A8CIFOCCN9G1P,1,1.0,0.0,1,0.0,0.0,1
A8DV5O0AE04R1,1,1.0,0.0,1,0.0,0.0,1
A8E0SNQFWA5TB,1,1.0,0.0,1,0.0,0.0,1
A8E6QXKIALS43,1,1.0,0.0,1,0.0,0.0,1
A8EDTKSPOMRWK,2,0.005333333333333333,0.0,2,0.0,8976.0,375
A8HZL68EGLI18,4,0.03361344537815126,0.7071064276333338,4,0.0,944.0,119
A8IMDXXLZVN5M,1,1.0,0.0,1,0.0,0.0,1
A8IVR2DGBOR3Q,1,1.0,0.0,1,0.0,0.0,1
A8IXRVW6N6THX,1,1.0,0.0,1,0.0,0.0,1
A8JFL6FA9A32P,1,1.0,0.0,1,0.0,0.0,1
A8L8U91R992XJ,1,1.0,0.0,1,0.0,0.0,1
A8LEFDO3AKIJP,3,0.25,0.47140420652156073,3,0.0,132.0,12
A8M0HF1XBZLH7,1,1.0,0.0,1,0.0,0.0,1
A8MQW5B5QB3H1,1,1.0,0.0,1,0.0,0.0,1
A8O2E6UBLWWFM,2,0.07142857142857142,0.0,2,0.0,648.0,28
A8OU2FHE8QWFS,2,0.6666666666666666,0.0,2,0.0,48.0,3
A8PEBDJYN6B16,1,1.0,0.0,1,0.0,0.0,1
A8PLLO3D3VCTH,1,1.0,0.0,1,0.0,0.0,1
A8PW0WUVGYF9P,1,1.0,0.0,1,0.0,0.0,1
A8QA95BMLXCSU,1,1.0,0.0,1,0.0,0.0,1
A8THC8D64F5E3,1,1.0,0.0,1,0.0,0.0,1
A8TIL945EHW1U,1,1.0,0.0,1,0.0,0.0,1
A8TZ88OM8YOLW,3,0.015957446808510637,0.0,3,0.0,2244.0,188
A8UY3MKZ9OHDF,1,1.0,0.0,1,0.0,0.0,1
A8VNRW9OJGDV0,1,1.0,0.0,1,0.0,0.0,1
A8Y4678B5ULS9,1,1.0,0.0,1,0.0,0.0,1
A8Z12UC2IMSTR,1,1.0,0.0,1,0.0,0.0,1
A8ZDH1PO2NXBW,1,1.0,0.0,1,0.0,0.0,1
A8ZVKQT47JSH5,1,1.0,0.0,1,0.0,0.0,1
A90CJHEDYOPIW,1,1.0,0.0,1,0.0,0.0,1
A91BVZEDZYEWW,1,1.0,0.0,1,0.0,0.0,1
A91K5V1GJ9ASA,1,1.0,0.0,1,0.0,0.0,1
A91K91GJRE6OU,1,1.0,0.0,1,0.0,0.0,1
A91LOU9XGER2N,1,1.0,0.0,1,0.0,0.0,1
A920ZPU0N924N,1,1.0,0.0,1,0.0,0.0,1
A928NXDJXHVS8,2,0.005076142131979695,0.0,2,0.0,9432.0,394
A93EEI4KTK5ZG,1,1.0,0.0,1,0.0,0.0,1
A93JRHV3FRSZP,1,1.0,0.0,1,0.0,0.0,1
A94EFB6F2WH98,1,1.0,0.0,1,0.0,0.0,1
A94GCTI3VMYKY,1,1.0,0.0,1,0.0,0.0,1
A94O1XOG5H69F,1,1.0,0.0,1,0.0,0.0,1
A94SPCQ65L2SL,1,1.0,0.0,1,0.0,0.0,1
A954QD0JVPDYF,1,1.0,0.0,1,0.0,0.0,1
A95PWI4S6WHGL,1,1.0,0.0,1,0.0,0.0,1
A969VLBBX8LQ7,1,1.0,0.0,1,0.0,0.0,1
A96AON1A885W9,1,1.0,0.0,1,0.0,0.0,1
A96K1ZGW56S2I,1,1.0,0.0,1,0.0,0.0,1
A974M938BZ9HE,1,1.0,0.0,1,0.0,0.0,1
A98EMXHC6883S,1,1.0,0.0,1,0.0,0.0,1
A98VFCJP80FD5,1,1.0,0.0,1,0.0,0.0,1
A99C0X6M72RM3,1,1.0,0.0,1,0.0,0.0,1
A99D8N0YVVDOC,1,1.0,0.0,1,0.0,0.0,1
A99K7S15XOQ45,1,1.0,0.0,1,0.0,0.0,1
A99TMXJYXUL55,1,1.0,0.0,1,0.0,0.0,1
A9A0W7JKT1ORD,1,1.0,0.0,1,0.0,0.0,1
A9A673ZJS3ZGI,1,1.0,0.0,1,0.0,0.0,1
A9AVOPGTAWJ1K,1,1.0,0.0,1,0.0,0.0,1
A9AZJGWMDJ7SR,1,1.0,0.0,1,0.0,0.0,1
A9B2MKOXU1GSD,1,1.0,0.0,1,0.0,0.0,1
A9BKIPTBOUDSV,1,1.0,0.0,1,0.0,0.0,1
A9BVHFGX28SNZ,2,0.0012376237623762376,0.0,2,0.0,38760.0,1616
A9D6Y6RL8ILK4,1,1.0,0.0,1,0.0,0.0,1
A9D87WNSGOGLW,1,1.0,0.0,1,0.0,0.0,1
A9DC2VSSE1HT0,1,1.0,0.0,1,0.0,0.0,1
A9DW3IODLLHJG,1,1.0,0.0,1,0.0,0.0,1
A9DZGSTEJFOP3,1,1.0,0.0,1,0.0,0.0,1
A9E7XZEMW0K9V,3,0.0007358351729212656,0.0,3,0.0,48912.0,4077
A9EDWX9SR4XT6,1,1.0,0.0,1,0.0,0.0,1
A9ELHLPXF7JKD,1,1.0,0.0,1,0.0,0.0,1
A9HYSJ3D0D6I2,1,1.0,0.0,1,0.0,0.0,1
A9II2162E3NEN,1,1.0,0.0,1,0.0,0.0,1
A9IP685WQXGQ2,1,1.0,0.0,1,0.0,0.0,1
A9J3LMY955WKJ,1,1.0,0.0,1,0.0,0.0,1
A9JA9GJKHLHJ9,1,1.0,0.0,1,0.0,0.0,1
A9JDOM7L4EML9,1,1.0,0.0,1,0.0,0.0,1
A9K181D47VK5H,1,1.0,0.0,1,0.0,0.0,1
A9KOC3PXLXYSB,1,1.0,0.0,1,0.0,0.0,1
A9LJG3K5TEVPB,1,1.0,0.0,1,0.0,0.0,1
A9LLNBBOASWCS,1,1.0,0.0,1,0.0,0.0,1
A9LRAZ5B8377G,1,1.0,0.0,1,0.0,0.0,1
A9LYDGQCOZ3LV,1,1.0,0.0,1,0.0,0.0,1
A9MF6OT936TOB,1,1.0,0.0,1,0.0,0.0,1
A9MGHMVZMJL9Y,1,1.0,0.0,1,0.0,0.0,1
A9O6AL247M1F6,1,1.0,0.0,1,0.0,0.0,1
A9P4Q7KX35RS2,1,1.0,0.0,1,0.0,0.0,1
A9P7T0ZHR3FCH,1,1.0,0.0,1,0.0,0.0,1
A9PYOVIOGN5JL,1,1.0,0.0,1,0.0,0.0,1
A9Q66U9SCV3Q9,1,1.0,0.0,1,0.0,0.0,1
A9QBZ7DXWWXNX,1,1.0,0.0,1,0.0,0.0,1
A9R1940MBF122,1,1.0,0.0,1,0.0,0.0,1
A9SSQJ46YXCHY,1,1.0,0.0,1,0.0,0.0,1
A9TQQPUD6IW4R,1,1.0,0.0,1,0.0,0.0,1
A9TXYI2PBV0U1,1,1.0,0.0,1,0.0,0.0,1
A9U1BQILTMSMM,3,0.011320754716981131,0.0,3,0.0,3168.0,265
A9U3398HENJBM,1,1.0,0.0,1,0.0,0.0,1
A9UQZFBHHJ17J,1,1.0,0.0,1,0.0,0.0,1
A9V1ACRKPKQWT,1,1.0,0.0,1,0.0,0.0,1
A9WFV9DEWY4S0,1,1.0,0.0,1,0.0,0.0,1
A9X950RNKST4P,1,1.0,0.0,1,0.0,0.0,1
A9Y5O2R4D6EH5,1,1.0,0.0,1,0.0,0.0,1
A9Y70VN7AHQMT,1,1.0,0.0,1,0.0,0.0,1
A9YD1S6VJJMOV,1,1.0,0.0,1,0.0,0.0,1
A9ZV2N6JTI8BF,1,1.0,0.0,1,0.0,0.0,1
AA0IWAA89O93S,1,1.0,0.0,1,0.0,0.0,1
AA0YPCLUF78B4,1,1.0,0.0,1,0.0,0.0,1
AA26J206CPKWP,1,1.0,0.0,1,0.0,0.0,1
AA2SVPVU0LQTK,1,1.0,0.0,1,0.0,0.0,1
AA4O1ZUMQ6IGG,1,1.0,0.0,1,0.0,0.0,1
AA63DLG8HJ2JQ,1,1.0,0.0,1,0.0,0.0,1
AA66O1V57XZX7,1,1.0,0.0,1,0.0,0.0,1
AA6956HVSVG1T,1,1.0,0.0,1,0.0,0.0,1
AA6BJGZG6XI05,1,1.0,0.0,1,0.0,0.0,1
AA70BU7RTBOMM,1,1.0,0.0,1,0.0,0.0,1
AA75INOMAHULX,2,0.013513513513513514,0.0,2,0.0,3528.0,148
AA797LFUG2ZGS,1,1.0,0.0,1,0.0,0.0,1
AA7P2NEC94K79,1,1.0,0.0,1,0.0,0.0,1
AA81KFW4X8UIH,1,1.0,0.0,1,0.0,0.0,1
AA8JH8LD2H4P9,1,1.0,0.0,1,0.0,0.0,1
AA8ORMR10LFCQ,2,0.0012345679012345679,0.0,2,0.0,38856.0,1620
AA8RBTN3J2F5H,1,1.0,0.0,1,0.0,0.0,1
AA91O96C1Z18W,1,1.0,0.0,1,0.0,0.0,1
AA9FDKGOIAYH3,3,0.42857142857142855,0.47140420652156073,3,0.0,72.0,7
AA9PPYMDF4M4Q,1,1.0,0.0,1,0.0,0.0,1
AAAI5A49L3MKG,1,1.0,0.0,1,0.0,0.0,1
AAC2WU7ESKOC2,1,1.0,0.0,1,0.0,0.0,1
AACK5P7QALJ7O,1,1.0,0.0,1,0.0,0.0,1
AACKRUEFSCZOW,1,1.0,0.0,1,0.0,0.0,1
AAEEXHRP4QBQ1,1,1.0,0.0,1,0.0,0.0,1
AAEVGE52KL0DJ,1,1.0,0.0,1,0.0,0.0,1
AAFI4N3QKPBOD,1,1.0,0.0,1,0.0,0.0,1
AAFIE0FF7B95V,1,1.0,0.0,1,0.0,0.0,1
AAHQAFQ81K7BB,1,1.0,0.0,1,0.0,0.0,1
AAHZ6JPL2S8YA,1,1.0,0.0,1,0.0,0.0,1
AAJIGWE242MSN,1,1.0,0.0,1,0.0,0.0,1
AAJOV2S9O7OO,1,1.0,0.0,1,0.0,0.0,1
AAK7M9P1GEYWV,1,1.0,0.0,1,0.0,0.0,1
AAKI8WZID60DS,1,1.0,0.0,1,0.0,0.0,1
AALVOR2JKHN5Q,1,1.0,0.0,1,0.0,0.0,1
AAM84K1RZPF1B,1,1.0,0.0,1,0.0,0.0,1
AAN6SCMSOCVM1,1,1.0,0.0,1,0.0,0.0,1
AANSPH7B2AT7X,1,1.0,0.0,1,0.0,0.0,1
AAO47M51C3J98,1,1.0,0.0,1,0.0,0.0,1
AAONZ50U9K7NW,1,1.0,0.0,1,0.0,0.0,1
AAPFN1BADMWMC,2,0.003787878787878788,0.0,2,0.0,12648.0,528
AAPW9O14YB64T,1,1.0,0.0,1,0.0,0.0,1
AAR7CEPXYJA0T,1,1.0,0.0,1,0.0,0.0,1
AARIIW46OO6LA,1,1.0,0.0,1,0.0,0.0,1
AARTRGFVZ9LXG,1,1.0,0.0,1,0.0,0.0,1
AARTX8A7CN0PB,1,1.0,0.0,1,0.0,0.0,1
AASSDFY9K6G2T,2,0.0016891891891891893,0.0,2,0.0,28392.0,1184
AATOKZ7EFZARA,1,1.0,0.0,1,0.0,0.0,1
AAUXZRNDAPH2D,1,1.0,0.0,1,0.0,0.0,1
AAVSIY28BPKGV,1,1.0,0.0,1,0.0,0.0,1
AAVSL38E1GU2L,1,1.0,0.0,1,0.0,0.0,1
AAW4JYVF4B845,1,1.0,0.0,1,0.0,0.0,1
AAW7X3GRD8GY9,1,1.0,0.0,1,0.0,0.0,1
AAWBS2IBQ0VAU,1,1.0,0.0,1,0.0,0.0,1
AAXG160ES9P7G,3,0.0036809815950920245,0.0,3,0.0,9768.0,815
AAXR90I3IASEE,1,1.0,0.0,1,0.0,0.0,1
AAYB56GHHGB6R,1,1.0,0.0,1,0.0,0.0,1
AAYHXW1N151V4,1,1.0,0.0,1,0.0,0.0,1
AAZ084UMH8VZ2,2,2.0,0.0,2,0.0,0.0,1
AB02B8WS2BGAL,1,1.0,0.0,1,0.0,0.0,1
AB0WO69IUZAYV,1,1.0,0.0,1,0.0,0.0,1
AB10W5FUXWAJ,3,0.00641025641025641,0.0,3,0.0,5604.0,468
AB1Y8Z50EPV46,1,1.0,0.0,1,0.0,0.0,1
AB1ZVQRM965R1,1,1.0,0.0,1,0.0,0.0,1
AB2PV7PVCSMT2,1,1.0,0.0,1,0.0,0.0,1
AB2U893HHHG74,3,0.010238907849829351,0.0,3,0.0,3504.0,293
AB31FF0JMPOUP,1,1.0,0.0,1,0.0,0.0,1
AB33ZRXEBG41L,1,1.0,0.0,1,0.0,0.0,1
AB3FHZTL3VGFU,1,1.0,0.0,1,0.0,0.0,1
AB42YRI44M2YH,1,1.0,0.0,1,0.0,0.0,1
AB5E23ZV79CVZ,1,1.0,0.0,1,0.0,0.0,1
AB5JSX3CBBAIB,1,1.0,0.0,1,0.0,0.0,1
AB5S5DS16EVMJ,1,1.0,0.0,1,0.0,0.0,1
AB6KW0XLW1MR7,1,1.0,0.0,1,0.0,0.0,1
AB76THS0IXKAQ,1,1.0,0.0,1,0.0,0.0,1
AB7DR7FWLMGZ9,1,1.0,0.0,1,0.0,0.0,1
AB7IX02UYHG2Y,1,1.0,0.0,1,0.0,0.0,1
AB8AYATYO2EQ0,1,1.0,0.0,1,0.0,0.0,1
ABAW1TNE54PJ8,1,1.0,0.0,1,0.0,0.0,1
ABAXZYRBJ7KUT,1,1.0,0.0,1,0.0,0.0,1
ABB3GDPNS9TVW,1,1.0,0.0,1,0.0,0.0,1
ABC68JUCPTVOE,1,1.0,0.0,1,0.0,0.0,1
ABDAL1JFCZSH6,1,1.0,0.0,1,0.0,0.0,1
ABDX7H5LA2IB0,1,1.0,0.0,1,0.0,0.0,1
ABDZCVPQVRPX5,1,1.0,0.0,1,0.0,0.0,1
ABGBROXAT83JH,1,1.0,0.0,1,0.0,0.0,1
ABGD4FXC1AJPJ,1,1.0,0.0,1,0.0,0.0,1
ABKHKGA3OVZ05,1,1.0,0.0,1,0.0,0.0,1
ABKYBNND374AW,1,1.0,0.0,1,0.0,0.0,1
ABLYG410FOSK,1,1.0,0.0,1,0.0,0.0,1
ABM9CL72EGWKN,1,1.0,0.0,1,0.0,0.0,1
ABMF4UC4Z00NT,1,1.0,0.0,1,0.0,0.0,1
ABMZGK7Z5I9N0,1,1.0,0.0,1,0.0,0.0,1
ABOBJFJKCAKYH,1,1.0,0.0,1,0.0,0.0,1
ABOTQXNUBA1MM,1,1.0,0.0,1,0.0,0.0,1
ABP3SLO2TYSD5,2,1.0,0.0,2,0.0,24.0,2
ABPI1E6Y8FNAB,1,1.0,0.0,1,0.0,0.0,1
ABQ255D6JXBNV,2,2.0,0.0,2,0.0,0.0,1
ABQ5R03J5G6RB,1,1.0,0.0,1,0.0,0.0,1
ABQEDHBG91BBR,1,1.0,0.0,1,0.0,0.0,1
ABU4LUKJU2QOY,2,0.023809523809523808,0.0,2,0.0,1992.0,84
ABU5AVJ05TWXW,1,1.0,0.0,1,0.0,0.0,1
ABUHPSLHCHE8,1,1.0,0.0,1,0.0,0.0,1
ABUIRVLVTPFTZ,1,1.0,0.0,1,0.0,0.0,1
ABUPXRSDJLOCP,1,1.0,0.0,1,0.0,0.0,1
ABVYGB2TKBO8F,1,1.0,0.0,1,0.0,0.0,1
ABXEFUVFKQLXT,1,1.0,0.0,1,0.0,0.0,1
ABXXPF8FFZKVI,1,1.0,0.0,1,0.0,0.0,1
ABYBC49OP1MZN,1,1.0,0.0,1,0.0,0.0,1
ABZLC33PJO47S,1,1.0,0.0,1,0.0,0.0,1
AC09OIFJYTUQK,1,1.0,0.0,1,0.0,0.0,1
AC1GUNT7IBLDH,1,1.0,0.0,1,0.0,0.0,1
AC1O96M7OXGTT,1,1.0,0.0,1,0.0,0.0,1
AC1SOWF86U4IJ,1,1.0,0.0,1,0.0,0.0,1
AC2SMT7WEOBQM,1,1.0,0.0,1,0.0,0.0,1
AC3R6XWQYOYFM,1,1.0,0.0,1,0.0,0.0,1
AC4BQYY52RRRQ,1,1.0,0.0,1,0.0,0.0,1
AC5AGZTLM3QO,1,1.0,0.0,1,0.0,0.0,1
AC5OU76YOTP4F,1,1.0,0.0,1,0.0,0.0,1
AC63G8TNC9UMO,1,1.0,0.0,1,0.0,0.0,1
AC6YL9O8P14E8,1,1.0,0.0,1,0.0,0.0,1
AC84VPM3281GV,2,2.0,0.0,2,0.0,0.0,1
AC8C9PT59CDW1,2,0.00398406374501992,0.0,2,0.0,12024.0,502
AC8E3L5ZM01P,1,1.0,0.0,1,0.0,0.0,1
AC8PYR6RJY04M,1,1.0,0.0,1,0.0,0.0,1
AC972NOCNEICM,1,1.0,0.0,1,0.0,0.0,1
ACASEIWET37PO,1,1.0,0.0,1,0.0,0.0,1
ACB499ZP5KZPZ,1,1.0,0.0,1,0.0,0.0,1
ACBBEVVSNJ32F,1,1.0,0.0,1,0.0,0.0,1
ACBNNQP87PKEY,1,1.0,0.0,1,0.0,0.0,1
ACC1SLND21RI6,1,1.0,0.0,1,0.0,0.0,1
ACC5EUH4URLUU,1,1.0,0.0,1,0.0,0.0,1
ACCFF5B6TMOOV,1,1.0,0.0,1,0.0,0.0,1
ACCUPJZUVRNT1,1,1.0,0.0,1,0.0,0.0,1
ACD8ZMA7CXVF1,1,1.0,0.0,1,0.0,0.0,1
ACDHUPAMZR7DC,1,1.0,0.0,1,0.0,0.0,1
ACDMTFO375XVZ,1,1.0,0.0,1,0.0,0.0,1
ACDUPC4QGE99F,4,0.027777777777777776,0.0,4,0.0,1144.0,144
ACGEI811KV9OY,1,1.0,0.0,1,0.0,0.0,1
ACH055GTTIGC9,1,1.0,0.0,1,0.0,0.0,1
ACH1HJAM7UIZR,1,1.0,0.0,1,0.0,0.0,1
ACH5AATZANIVL,1,1.0,0.0,1,0.0,0.0,1
ACH68ZSP1V79J,1,1.0,0.0,1,0.0,0.0,1
ACHMAK6A8MHH,1,1.0,0.0,1,0.0,0.0,1
ACHQT7HI9PFPG,1,1.0,0.0,1,0.0,0.0,1
ACIAP3IPPGK27,1,1.0,0.0,1,0.0,0.0,1
ACISLJANCZZ6L,1,1.0,0.0,1,0.0,0.0,1
ACJWRLQLI9EYZ,1,1.0,0.0,1,0.0,0.0,1
ACKFOZS2ASBAT,1,1.0,0.0,1,0.0,0.0,1
ACLU576JJXM93,1,1.0,0.0,1,0.0,0.0,1
ACMKJIW7FKAR5,1,1.0,0.0,1,0.0,0.0,1
ACMRDAKUXXN5D,1,1.0,0.0,1,0.0,0.0,1
ACNAJKU6NPDW,2,0.001652892561983471,0.0,2,0.0,29016.0,1210
ACNP2GG9P4WV9,1,1.0,0.0,1,0.0,0.0,1
ACPQTJE7LY531,1,1.0,0.0,1,0.0,0.0,1
ACQINODHP6L4A,1,1.0,0.0,1,0.0,0.0,1
ACQL06Y00GI08,1,1.0,0.0,1,0.0,0.0,1
ACQS5S0Q65SHV,1,1.0,0.0,1,0.0,0.0,1
ACR4A8H4J7YNA,1,1.0,0.0,1,0.0,0.0,1
ACRHIAZZ8WFDF,2,2.0,0.0,2,0.0,0.0,1
ACROMCL9HF767,1,1.0,0.0,1,0.0,0.0,1
ACRWKOL0WAT8M,1,1.0,0.0,1,0.0,0.0,1
ACSCECQJQNT5I,1,1.0,0.0,1,0.0,0.0,1
ACSNZDXNUXSDB,2,0.003952569169960474,0.0,2,0.0,12120.0,506
ACT1EPHFS9E7V,2,0.00516795865633075,0.0,2,0.0,9264.0,387
ACW97PWU2VO5D,1,1.0,0.0,1,0.0,0.0,1
ACXBG5KP3VP35,1,1.0,0.0,1,0.0,0.0,1
AD08RQDB441D,1,1.0,0.0,1,0.0,0.0,1
AD0VA39FRVNKN,1,1.0,0.0,1,0.0,0.0,1
AD1QSUQBQ7PS7,1,1.0,0.0,1,0.0,0.0,1
AD20KMDUDP5EF,1,1.0,0.0,1,0.0,0.0,1
AD2KEOIA6BSUZ,1,1.0,0.0,1,0.0,0.0,1
AD2LQ9E9N6Y48,1,1.0,0.0,1,0.0,0.0,1
AD3EX5UG7UZPB,1,1.0,0.0,1,0.0,0.0,1
AD3L2C20LB7EP,1,1.0,0.0,1,0.0,0.0,1
AD3PVF4GNKD4I,1,1.0,0.0,1,0.0,0.0,1
AD3VW9VRW7MMB,1,1.0,0.0,1,0.0,0.0,1
AD4XKDR0MD7JO,2,0.002583979328165375,0.0,2,0.0,18552.0,774
AD50TWQOM8W4G,6,0.019933554817275746,0.0,6,0.0,1440.0,301
AD5E41KLIJGG2,1,1.0,0.0,1,0.0,0.0,1
AD6XZ8L68MFNU,1,1.0,0.0,1,0.0,0.0,1
AD73VMNYB8XVX,1,1.0,0.0,1,0.0,0.0,1
AD7PVSLW69R4F,1,1.0,0.0,1,0.0,0.0,1
AD8DLOGHAXL,1,1.0,0.0,1,0.0,0.0,1
ADA48QJRB4NZ0,1,1.0,0.0,1,0.0,0.0,1
ADAAXJNRTTX0D,3,0.012448132780082987,0.0,3,0.0,2880.0,241
ADALY60T9TBX2,1,1.0,0.0,1,0.0,0.0,1
ADAYT4YDXRSGY,1,1.0,0.0,1,0.0,0.0,1
ADBVNJLWZ4IT0,1,1.0,0.0,1,0.0,0.0,1
ADCR5CY3S9AQW,1,1.0,0.0,1,0.0,0.0,1
ADD6H83G26BIW,1,1.0,0.0,1,0.0,0.0,1
ADDWD385E3MD5,1,1.0,0.0,1,0.0,0.0,1
ADE5RJ2I12LZ6,1,1.0,0.0,1,0.0,0.0,1
ADEF2TC6C3ART,1,1.0,0.0,1,0.0,0.0,1
ADF86HAB3K6EF,1,1.0,0.0,1,0.0,0.0,1
ADG1I43JFC7YX,2,2.0,0.0,2,0.0,0.0,1
ADGRGGF9V645P,1,1.0,0.0,1,0.0,0.0,1
ADH0XCEQ0TXHL,1,1.0,0.0,1,0.0,0.0,1
ADH8L5MBPXQGK,1,1.0,0.0,1,0.0,0.0,1
ADHABLMCBV9CG,1,1.0,0.0,1,0.0,0.0,1
ADHS2PU94QURO,1,1.0,0.0,1,0.0,0.0,1
ADIA0K5LUGSYF,1,1.0,0.0,1,0.0,0.0,1
ADIEPB0AZ4RHE,1,1.0,0.0,1,0.0,0.0,1
ADIIDEMF3LB1,1,1.0,0.0,1,0.0,0.0,1
ADKYANLVMPKSC,1,1.0,0.0,1,0.0,0.0,1
ADL66OTVQYDIC,1,1.0,0.0,1,0.0,0.0,1
ADLVFFE4VBT8,1,1.0,0.0,1,0.0,0.0,1
ADMG20HK1BEO7,1,1.0,0.0,1,0.0,0.0,1
ADMO37GU8F7DB,1,1.0,0.0,1,0.0,0.0,1
ADMWYMH11LD27,1,1.0,0.0,1,0.0,0.0,1
ADNDDTNOTZFXP,1,1.0,0.0,1,0.0,0.0,1
ADNV4SOGOMZXP,2,0.0009995002498750624,0.0,2,0.0,48000.0,2001
ADOBXF9W3UUKN,1,1.0,0.0,1,0.0,0.0,1
ADOD2HZ0YM7HC,1,1.0,0.0,1,0.0,0.0,1
ADOR3TR7GDF68,2,0.06896551724137931,0.0,2,0.0,672.0,29
ADP6XSD5E4R4G,1,1.0,0.0,1,0.0,0.0,1
ADP8ROI8NMNL2,1,1.0,0.0,1,0.0,0.0,1
ADP9OKUYOSYCW,2,0.01015228426395939,0.0,2,0.0,4704.0,197
ADQ073QJ0E5TK,1,1.0,0.0,1,0.0,0.0,1
ADQ0T89TVMRJU,1,1.0,0.0,1,0.0,0.0,1
ADQBX8UHKX7AJ,1,1.0,0.0,1,0.0,0.0,1
ADQCC6Y5SCLK5,1,1.0,0.0,1,0.0,0.0,1
ADQEM4CCLH7FB,1,1.0,0.0,1,0.0,0.0,1
ADR6157NMQOTV,1,1.0,0.0,1,0.0,0.0,1
ADR6SKFTGZAYX,1,1.0,0.0,1,0.0,0.0,1
ADS4GVLF8HIFU,1,1.0,0.0,1,0.0,0.0,1
ADSO1F9K7ZD1F,1,1.0,0.0,1,0.0,0.0,1
ADTODK0KIOYLP,1,1.0,0.0,1,0.0,0.0,1
ADTOR4IQAYC2G,1,1.0,0.0,1,0.0,0.0,1
ADTRPBYXKK8BE,1,1.0,0.0,1,0.0,0.0,1
ADV3UP462OAFS,1,1.0,0.0,1,0.0,0.0,1
ADWC6B49QR30H,1,1.0,0.0,1,0.0,0.0,1
ADWCBZ7G4O7AV,1,1.0,0.0,1,0.0,0.0,1
ADWUJZ8865J2A,2,0.008733624454148471,0.0,2,0.0,5472.0,229
ADWWA7EWO2XP0,1,1.0,0.0,1,0.0,0.0,1
ADX6KUX4WWSJD,1,1.0,0.0,1,0.0,0.0,1
ADX81OJF8C5CF,1,1.0,0.0,1,0.0,0.0,1
ADXAE3X1HES4M,2,0.0004860267314702309,0.0,2,0.0,98736.0,4115
ADXSJ9MBHM236,1,1.0,0.0,1,0.0,0.0,1
ADYRLMDROBAXW,1,1.0,0.0,1,0.0,0.0,1
ADZ84438N4VXR,1,1.0,0.0,1,0.0,0.0,1
ADZCA4OI2ZKUX,1,1.0,0.0,1,0.0,0.0,1
AE0BMVEVVU6DQ,1,1.0,0.0,1,0.0,0.0,1
AE0O1VWSOQTD1,2,0.041666666666666664,0.0,2,0.0,1128.0,48
AE1A7BHJQ9LW2,1,1.0,0.0,1,0.0,0.0,1
AE2D68WKW23T8,1,1.0,0.0,1,0.0,0.0,1
AE38XXG3CPZ0L,1,1.0,0.0,1,0.0,0.0,1
AE3B4JNHK2AWA,1,1.0,0.0,1,0.0,0.0,1
AE3PQYXY49FJB,1,1.0,0.0,1,0.0,0.0,1
AE3S5S2B77PJX,1,1.0,0.0,1,0.0,0.0,1
AE4MCV22JSE2X,1,1.0,0.0,1,0.0,0.0,1
AE55ZYNOXOERC,1,1.0,0.0,1,0.0,0.0,1
AE5HGZPR0FLGF,1,1.0,0.0,1,0.0,0.0,1
AE5UGQ696VKHE,1,1.0,0.0,1,0.0,0.0,1
AE68I04K30VHS,1,1.0,0.0,1,0.0,0.0,1
AE6DDIKFMC2RY,1,1.0,0.0,1,0.0,0.0,1
AE7SDXRY05RW5,1,1.0,0.0,1,0.0,0.0,1
AE88D7OM7YU99,1,1.0,0.0,1,0.0,0.0,1
AE8HKSVNLQRC7,1,1.0,0.0,1,0.0,0.0,1
AE8LCUNRSTTW2,1,1.0,0.0,1,0.0,0.0,1
AE8LM3YURTAF4,1,1.0,0.0,1,0.0,0.0,1
AE95Z3K6GVIC3,1,1.0,0.0,1,0.0,0.0,1
AE9LKENEJLL79,1,1.0,0.0,1,0.0,0.0,1
AE9QWJETO90U0,1,1.0,0.0,1,0.0,0.0,1
AEBAUPOM4TF9S,1,1.0,0.0,1,0.0,0.0,1
AEBC5HHLPWMLC,1,1.0,0.0,1,0.0,0.0,1
AEC0I4XOMJJ72,1,1.0,0.0,1,0.0,0.0,1
AEC90GPFKLAAW,1,1.0,0.0,1,0.0,0.0,1
AECHEZNHB4NGA,1,1.0,0.0,1,0.0,0.0,1
AECYGE0VCQ8HB,1,1.0,0.0,1,0.0,0.0,1
AEE2GJR0VF6R7,2,0.10526315789473684,0.0,2,0.0,432.0,19
AEELSV9OP31KG,1,1.0,0.0,1,0.0,0.0,1
AEESSZ8F5S7X6,1,1.0,0.0,1,0.0,0.0,1
AEF4USLDQB9WG,1,1.0,0.0,1,0.0,0.0,1
AEF7CR8SNCYF2,1,1.0,0.0,1,0.0,0.0,1
AEFMWTH14ZFWT,1,1.0,0.0,1,0.0,0.0,1
AEGLY4IPD9UWP,1,1.0,0.0,1,0.0,0.0,1
AEGYIU4XJTYFN,1,1.0,0.0,1,0.0,0.0,1
AEH644IG7XZUI,1,1.0,0.0,1,0.0,0.0,1
AEH6EQL2LG02J,1,1.0,0.0,1,0.0,0.0,1
AEJAGHLC675A7,3,1.5,0.47140420652156073,3,0.0,12.0,2
AEJN0RZCBNXTA,1,1.0,0.0,1,0.0,0.0,1
AEKNT5K9X1ZI1,1,1.0,0.0,1,0.0,0.0,1
AEL6CQNQXONBX,1,1.0,0.0,1,0.0,0.0,1
AELOCQI4CMQYQ,1,1.0,0.0,1,0.0,0.0,1
AELZG20XEZ427,1,1.0,0.0,1,0.0,0.0,1
AEMTCO56SDFS3,1,1.0,0.0,1,0.0,0.0,1
AEN9ZAYSCOD88,1,1.0,0.0,1,0.0,0.0,1
AEOAMS0G96E8B,1,1.0,0.0,1,0.0,0.0,1
AEPTZ4SG6U3UE,1,1.0,0.0,1,0.0,0.0,1
AEQ1DS61RJLXS,1,1.0,0.0,1,0.0,0.0,1
AEQ1H8QRESMPD,1,1.0,0.0,1,0.0,0.0,1
AEQKUNN8X67EN,1,1.0,0.0,1,0.0,0.0,1
AEQO36Q7H1RV,1,1.0,0.0,1,0.0,0.0,1
AEQR0VUFBZXUY,1,1.0,0.0,1,0.0,0.0,1
AEQTA2UFF0N1U,1,1.0,0.0,1,0.0,0.0,1
AEQZYT45D9V5R,1,1.0,0.0,1,0.0,0.0,1
AER2EZOUZSKYB,1,1.0,0.0,1,0.0,0.0,1
AERMWZDGNY8KC,1,1.0,0.0,1,0.0,0.0,1
AES2AZFVTXKBZ,1,1.0,0.0,1,0.0,0.0,1
AEU3JVTB1XJTN,1,1.0,0.0,1,0.0,0.0,1
AEUV9916W7NQM,2,0.004032258064516129,0.0,2,0.0,11880.0,496
AEW6F162PSLDH,1,1.0,0.0,1,0.0,0.0,1
AEWYZOB8G3MBQ,1,1.0,0.0,1,0.0,0.0,1
AEX6CQEO3QZ4M,1,1.0,0.0,1,0.0,0.0,1
AEXS7M2VKYQ7D,1,1.0,0.0,1,0.0,0.0,1
AEYGX6L1KJQX,1,1.0,0.0,1,0.0,0.0,1
AEZ3CR6BKIROJ,1,1.0,0.0,1,0.0,0.0,1
AEZJTA4KDIWY8,2,0.07407407407407407,0.0,2,0.0,624.0,27
AF0JI4JIVNBYP,1,1.0,0.0,1,0.0,0.0,1
AF0QD2FT1ZFVH,1,1.0,0.0,1,0.0,0.0,1
AF19ZLFXCX31S,1,1.0,0.0,1,0.0,0.0,1
AF1NQ69CABFD0,1,1.0,0.0,1,0.0,0.0,1
AF290PNTO838I,1,1.0,0.0,1,0.0,0.0,1
AF4ILCVBB6V7A,1,1.0,0.0,1,0.0,0.0,1
AF55QHQTEOPF3,1,1.0,0.0,1,0.0,0.0,1
AF6SGHBCX3PUF,1,1.0,0.0,1,0.0,0.0,1
AF74VPDSL69FE,1,1.0,0.0,1,0.0,0.0,1
AF877B2COG8Y7,1,1.0,0.0,1,0.0,0.0,1
AF89PY8OK1PV5,1,1.0,0.0,1,0.0,0.0,1
AF8QRIV1ZZXDE,1,1.0,0.0,1,0.0,0.0,1
AF8XXTXR6MNL4,1,1.0,0.0,1,0.0,0.0,1
AF9TX1AH6OR65,1,1.0,0.0,1,0.0,0.0,1
AF9WWJL5J3NIU,1,1.0,0.0,1,0.0,0.0,1
AFA29LL0COYO6,1,1.0,0.0,1,0.0,0.0,1
AFADNTL25LLL8,1,1.0,0.0,1,0.0,0.0,1
AFAFH4JV0WLJX,1,1.0,0.0,1,0.0,0.0,1
AFBHHGKL81PDH,1,1.0,0.0,1,0.0,0.0,1
AFBHZ8QV4S61,1,1.0,0.0,1,0.0,0.0,1
AFC1I1MPDJXTL,1,1.0,0.0,1,0.0,0.0,1
AFCD2VYPAWKNG,1,1.0,0.0,1,0.0,0.0,1
AFD5G92D7R972,1,1.0,0.0,1,0.0,0.0,1
AFDAQD10WTBAD,1,1.0,0.0,1,0.0,0.0,1
AFDKK3Y9D445,1,1.0,0.0,1,0.0,0.0,1
AFE44U6RKH4ZL,1,1.0,0.0,1,0.0,0.0,1
AFEB0MKOWW2N7,1,1.0,0.0,1,0.0,0.0,1
AFEK14A7MNGTV,1,1.0,0.0,1,0.0,0.0,1
AFERF0ZNBKAUS,1,1.0,0.0,1,0.0,0.0,1
AFFAPZZMQI5GW,1,1.0,0.0,1,0.0,0.0,1
AFFQ5K0IT2H0L,1,1.0,0.0,1,0.0,0.0,1
AFH0V9CYF56IK,1,1.0,0.0,1,0.0,0.0,1
AFISR38PWJE3R,1,1.0,0.0,1,0.0,0.0,1
AFJ0ZC0BL7NV3,2,0.00881057268722467,0.0,2,0.0,5424.0,227
AFJ6LHAGTA6LS,1,1.0,0.0,1,0.0,0.0,1
AFKEI3OEU5U85,1,1.0,0.0,1,0.0,0.0,1
AFM65NU0UXIGP,1,1.0,0.0,1,0.0,0.0,1
AFM9LKET50RZ4,1,1.0,0.0,1,0.0,0.0,1
AFMVQ27SB2N8U,1,1.0,0.0,1,0.0,0.0,1
AFN973QGO8L9J,1,1.0,0.0,1,0.0,0.0,1
AFNCXMCX7VZWH,1,1.0,0.0,1,0.0,0.0,1
AFNG8O2DXRCUV,1,1.0,0.0,1,0.0,0.0,1
AFNYEP9UND180,1,1.0,0.0,1,0.0,0.0,1
AFP6C8GPJ4SBQ,1,1.0,0.0,1,0.0,0.0,1
AFQ0LL0Y20AH3,1,1.0,0.0,1,0.0,0.0,1
AFQBS241UKPAZ,1,1.0,0.0,1,0.0,0.0,1
AFQEMGLY2RFGH,1,1.0,0.0,1,0.0,0.0,1
AFQHIL1EROP1F,1,1.0,0.0,1,0.0,0.0,1
AFQSKOVBYW62L,1,1.0,0.0,1,0.0,0.0,1
AFR82BF45HYSU,1,1.0,0.0,1,0.0,0.0,1
AFRGJP413HUZ5,1,1.0,0.0,1,0.0,0.0,1
AFROGMQUUAQK2,1,1.0,0.0,1,0.0,0.0,1
AFTMJLMVGC26P,1,1.0,0.0,1,0.0,0.0,1
AFTOBK4M64RVV,1,1.0,0.0,1,0.0,0.0,1
AFUG91MG3OW6O,1,1.0,0.0,1,0.0,0.0,1
AFUXQ0EI1UC22,1,1.0,0.0,1,0.0,0.0,1
AFV0UZAXA95TL,1,1.0,0.0,1,0.0,0.0,1
AFVCZOXM4JV5W,1,1.0,0.0,1,0.0,0.0,1
AFW5OSWR85WRY,1,1.0,0.0,1,0.0,0.0,1
AFWMVMPB2WVP9,1,1.0,0.0,1,0.0,0.0,1
AFWPH07F1FTXE,1,1.0,0.0,1,0.0,0.0,1
AFWU5UXKHJI29,1,1.0,0.0,1,0.0,0.0,1
AFX6DK3RMHQGO,1,1.0,0.0,1,0.0,0.0,1
AFXE634F4366L,1,1.0,0.0,1,0.0,0.0,1
AFXN7YRQIBTP1,1,1.0,0.0,1,0.0,0.0,1
AFXNXN8TMGKZF,1,1.0,0.0,1,0.0,0.0,1
AFXTKAO0CB354,3,0.006741573033707865,0.0,3,0.0,5328.0,445
AFXXS6KIJ9E83,1,1.0,0.0,1,0.0,0.0,1
AFY57BND7NSN2,1,1.0,0.0,1,0.0,0.0,1
AFYDSCHAXBASF,1,1.0,0.0,1,0.0,0.0,1
AFZGETEF0V6ZO,1,1.0,0.0,1,0.0,0.0,1
AG08KHIO8TVPY,1,1.0,0.0,1,0.0,0.0,1
AG0FO4LWC3ALI,1,1.0,0.0,1,0.0,0.0,1
AG0MG2M4DE3P0,1,1.0,0.0,1,0.0,0.0,1
AG0UP5II9OSP2,1,1.0,0.0,1,0.0,0.0,1
AG121PE84AFEY,1,1.0,0.0,1,0.0,0.0,1
AG1CBEN65QI9W,1,1.0,0.0,1,0.0,0.0,1
AG20C61GKNS1Y,1,1.0,0.0,1,0.0,0.0,1
AG3ICATDLQ3EQ,1,1.0,0.0,1,0.0,0.0,1
AG3XKSY6YWH95,2,0.012738853503184714,0.0,2,0.0,3744.0,157
AG4D06TQLDFMH,1,1.0,0.0,1,0.0,0.0,1
AG4V480QF85GJ,1,1.0,0.0,1,0.0,0.0,1
AG50Y7KCLNM3W,1,1.0,0.0,1,0.0,0.0,1
AG5ZZ3L1KU8VS,1,1.0,0.0,1,0.0,0.0,1
AG62RJJIAYSOZ,2,0.04878048780487805,0.0,2,0.0,960.0,41
AG6TX1ZJHLMO7,1,1.0,0.0,1,0.0,0.0,1
AGAKHE014LQFU,1,1.0,0.0,1,0.0,0.0,1
AGBVM3I9RFV89,1,1.0,0.0,1,0.0,0.0,1
AGC75EPFB7CYD,1,1.0,0.0,1,0.0,0.0,1
AGC8S0U7W23FQ,1,1.0,0.0,1,0.0,0.0,1
AGCJIYX1XCW29,1,1.0,0.0,1,0.0,0.0,1
AGCN38LIJZM3K,2,0.0033277870216306157,0.0,2,0.0,14400.0,601
AGCWHENEQYV5N,1,1.0,0.0,1,0.0,0.0,1
AGDEKOVH67W44,1,1.0,0.0,1,0.0,0.0,1
AGDKPD4DZD1L0,1,1.0,0.0,1,0.0,0.0,1
AGEJE3WH26UBR,1,1.0,0.0,1,0.0,0.0,1
AGEVDBT717WU2,1,1.0,0.0,1,0.0,0.0,1
AGEWOMQ90BV8R,1,1.0,0.0,1,0.0,0.0,1
AGG6OMGC18HF1,1,1.0,0.0,1,0.0,0.0,1
AGG9653C0BX5Y,1,1.0,0.0,1,0.0,0.0,1
AGHBU1UWQBW2Z,1,1.0,0.0,1,0.0,0.0,1
AGI34T5QZWBBC,1,1.0,0.0,1,0.0,0.0,1
AGIBNCDLA1IS2,1,1.0,0.0,1,0.0,0.0,1
AGJEFBYEYM9LA,1,1.0,0.0,1,0.0,0.0,1
AGL4FKIL9IYXA,1,1.0,0.0,1,0.0,0.0,1
AGL7YKS3NTP4K,1,1.0,0.0,1,0.0,0.0,1
AGL95K4GLGZ4J,1,1.0,0.0,1,0.0,0.0,1
AGMRCXA1AX1TJ,1,1.0,0.0,1,0.0,0.0,1
AGMVC6FTM7UPR,1,1.0,0.0,1,0.0,0.0,1
AGOL1UIZVLC75,1,1.0,0.0,1,0.0,0.0,1
AGOPJZFEL0Q1E,1,1.0,0.0,1,0.0,0.0,1
AGP5A25LAX70Y,1,1.0,0.0,1,0.0,0.0,1
AGQ45LLYE4LQO,1,1.0,0.0,1,0.0,0.0,1
AGQIQ1TEW7H5R,1,1.0,0.0,1,0.0,0.0,1
AGQZW9MI41AFR,1,1.0,0.0,1,0.0,0.0,1
AGS5OEWHBHLJI,2,0.2,0.0,2,0.0,216.0,10
AGSC327PXS3W6,1,1.0,0.0,1,0.0,0.0,1
AGTDTFUBMK88S,1,1.0,0.0,1,0.0,0.0,1
AGTQW6LCRGAPZ,1,1.0,0.0,1,0.0,0.0,1
AGU7N9HSQQ57C,1,1.0,0.0,1,0.0,0.0,1
AGUOI1ESL2O52,1,1.0,0.0,1,0.0,0.0,1
AGVB3UZIPFHEF,5,0.007385524372230428,0.39999968000025604,5,0.0,4056.0,677
AGX4R68F1QS36,1,1.0,0.0,1,0.0,0.0,1
AGX7PLR4MIZHR,2,2.0,0.0,2,0.0,0.0,1
AGXMC3ITWZASE,1,1.0,0.0,1,0.0,0.0,1
AGXMLPCYBOL55,1,1.0,0.0,1,0.0,0.0,1
AGXS84QRM01ZE,1,1.0,0.0,1,0.0,0.0,1
AGXY576DF2CJ2,1,1.0,0.0,1,0.0,0.0,1
AGY0KH2D5G9WH,1,1.0,0.0,1,0.0,0.0,1
AGYQ2ZF0J0K0K,1,1.0,0.0,1,0.0,0.0,1
AGYW580EFV1QF,1,1.0,0.0,1,0.0,0.0,1
AGZ0B2TQOAIA3,1,1.0,0.0,1,0.0,0.0,1
AGZ8HQO485IL8,1,1.0,0.0,1,0.0,0.0,1
AGZDSR4R8SA2S,1,1.0,0.0,1,0.0,0.0,1
AGZP8G6JTKQJC,1,1.0,0.0,1,0.0,0.0,1
AH1KJ45IQTM4T,1,1.0,0.0,1,0.0,0.0,1
AH596GQANP9CU,1,1.0,0.0,1,0.0,0.0,1
AH5NDKZ3YK0AE,1,1.0,0.0,1,0.0,0.0,1
AH67CQEJ4RQM9,1,1.0,0.0,1,0.0,0.0,1
AH7DLKHSGZKCR,1,1.0,0.0,1,0.0,0.0,1
AH84JM3TLWA43,1,1.0,0.0,1,0.0,0.0,1
AH8NYD41MAT61,1,1.0,0.0,1,0.0,0.0,1
AH91ZJ8W8NCLR,2,0.2,0.0,2,0.0,216.0,10
AH9FCFS4PCUVE,1,1.0,0.0,1,0.0,0.0,1
AH9KZ2GSWIRQZ,1,1.0,0.0,1,0.0,0.0,1
AH9QYOWBYWRXJ,1,1.0,0.0,1,0.0,0.0,1
AHABEDNSQKM6H,1,1.0,0.0,1,0.0,0.0,1
AHBCFCB295VIS,1,1.0,0.0,1,0.0,0.0,1
AHBZAMNRZ1NVY,1,1.0,0.0,1,0.0,0.0,1
AHCXIFBSY3GC6,1,1.0,0.0,1,0.0,0.0,1
AHE4RU04NVDHR,1,1.0,0.0,1,0.0,0.0,1
AHECJ57PPSS96,1,1.0,0.0,1,0.0,0.0,1
AHEP4N0XIJR1K,1,1.0,0.0,1,0.0,0.0,1
AHEU9UBEDU61B,1,1.0,0.0,1,0.0,0.0,1
AHFEONGV7UFPX,1,1.0,0.0,1,0.0,0.0,1
AHGYNZ1588WLB,1,1.0,0.0,1,0.0,0.0,1
AHH79S8XM1OW6,1,1.0,0.0,1,0.0,0.0,1
AHIK7BUXFRMT8,1,1.0,0.0,1,0.0,0.0,1
AHJ67NJKYWK7W,1,1.0,0.0,1,0.0,0.0,1
AHJPP16N19JGN,1,1.0,0.0,1,0.0,0.0,1
AHK4UKGQZYB1H,1,1.0,0.0,1,0.0,0.0,1
AHKJXWMSUWE2U,1,1.0,0.0,1,0.0,0.0,1
AHKLKGLLMS5R5,1,1.0,0.0,1,0.0,0.0,1
AHKOPVTQ3IEBL,3,0.010416666666666666,0.47140420652156073,3,0.0,3444.0,288
AHKT9ALJ3T2Y3,1,1.0,0.0,1,0.0,0.0,1
AHKZMAV762S4E,1,1.0,0.0,1,0.0,0.0,1
AHLF5V8B3Z8C7,1,1.0,0.0,1,0.0,0.0,1
AHMV0VLLZSM18,1,1.0,0.0,1,0.0,0.0,1
AHNDWVX0WCDXG,1,1.0,0.0,1,0.0,0.0,1
AHNHLGKIZ2N3B,1,1.0,0.0,1,0.0,0.0,1
AHNTN7C4AI4W6,1,1.0,0.0,1,0.0,0.0,1
AHOH3V3AVVCL3,1,1.0,0.0,1,0.0,0.0,1
AHOJEEMOIKMCR,1,1.0,0.0,1,0.0,0.0,1
AHP139SLDRPIS,1,1.0,0.0,1,0.0,0.0,1
AHPRCZ59P9RU0,1,1.0,0.0,1,0.0,0.0,1
AHR3LG5G9KQH,1,1.0,0.0,1,0.0,0.0,1
AHRNDSKWH1YBT,1,1.0,0.0,1,0.0,0.0,1
AHRWSHIMCV963,1,1.0,0.0,1,0.0,0.0,1
AHRXG1I39B1FR,3,0.010067114093959731,0.0,3,0.0,3564.0,298
AHSB4CWEHOOP2,1,1.0,0.0,1,0.0,0.0,1
AHSBR2WTM4P1G,1,1.0,0.0,1,0.0,0.0,1
AHT6REY7TMPJI,1,1.0,0.0,1,0.0,0.0,1
AHT97H27XFI1I,2,0.005390835579514825,0.0,2,0.0,8880.0,371
AHTGES9QI0TT1,1,1.0,0.0,1,0.0,0.0,1
AHU47OI4QXLEK,1,1.0,0.0,1,0.0,0.0,1
AHU88DJO03XZ7,1,1.0,0.0,1,0.0,0.0,1
AHV9Z1EDYO5WK,1,1.0,0.0,1,0.0,0.0,1
AHVLDNLA5IRQ1,1,1.0,0.0,1,0.0,0.0,1
AHWVTOXGM4SZ9,1,1.0,0.0,1,0.0,0.0,1
AHXGALGGZ9ND4,1,1.0,0.0,1,0.0,0.0,1
AHXN03152761I,1,1.0,0.0,1,0.0,0.0,1
AHXO4X437S8CQ,1,1.0,0.0,1,0.0,0.0,1
AHXU85QHWB8JM,1,1.0,0.0,1,0.0,0.0,1
AHXWPY977L7VF,1,1.0,0.0,1,0.0,0.0,1
AHY2KG32696ES,4,0.00338409475465313,0.0,4,0.0,9448.0,1182
AHYETNMIB00GK,1,1.0,0.0,1,0.0,0.0,1
AHZ0OA3U26THX,1,1.0,0.0,1,0.0,0.0,1
AI02Y5Q8Z5X8I,1,1.0,0.0,1,0.0,0.0,1
AI0BCEWRE04G0,1,1.0,0.0,1,0.0,0.0,1
AI0EZEXKPZWHF,1,1.0,0.0,1,0.0,0.0,1
AI0JF9AJC1GD0,1,1.0,0.0,1,0.0,0.0,1
AI0NMYA3LKXW1,1,1.0,0.0,1,0.0,0.0,1
AI0V99FGBKWLB,1,1.0,0.0,1,0.0,0.0,1
AI0XJPAL2UJM6,1,1.0,0.0,1,0.0,0.0,1
AI19J9P1TH9UD,1,1.0,0.0,1,0.0,0.0,1
AI1FBBRXK8DL3,1,1.0,0.0,1,0.0,0.0,1
AI261Y5T8PB0S,1,1.0,0.0,1,0.0,0.0,1
AI28N2NCAZS50,1,1.0,0.0,1,0.0,0.0,1
AI3FJ2DZ7IQYM,1,1.0,0.0,1,0.0,0.0,1
AI43VKPN5NF7D,1,1.0,0.0,1,0.0,0.0,1
AI4IPKCY56NQD,1,1.0,0.0,1,0.0,0.0,1
AI4WN15VV8AYB,1,1.0,0.0,1,0.0,0.0,1
AI5CL94ZW72ZM,1,1.0,0.0,1,0.0,0.0,1
AI615OWXFM0H,1,1.0,0.0,1,0.0,0.0,1
AI78BR0UXFPW1,1,1.0,0.0,1,0.0,0.0,1
AI7FG0JAGX77B,1,1.0,0.0,1,0.0,0.0,1
AI82OB24HV0BO,1,1.0,0.0,1,0.0,0.0,1
AI8IWYR71IOQS,1,1.0,0.0,1,0.0,0.0,1
AI8SCFYK5I0YB,1,1.0,0.0,1,0.0,0.0,1
AIAN4QGC6X2U9,1,1.0,0.0,1,0.0,0.0,1
AIAT4UQM6AS8G,1,1.0,0.0,1,0.0,0.0,1
AIBGSX2D3EXU6,1,1.0,0.0,1,0.0,0.0,1
AIBSG1S4OFJH6,1,1.0,0.0,1,0.0,0.0,1
AICUSSCEK2P4C,1,1.0,0.0,1,0.0,0.0,1
AID2DBGZBVOJY,1,1.0,0.0,1,0.0,0.0,1
AID3D20YLGU0U,1,1.0,0.0,1,0.0,0.0,1
AID6E0HC9H6CP,1,1.0,0.0,1,0.0,0.0,1
AIDSW2EQR47D6,1,1.0,0.0,1,0.0,0.0,1
AIE03GJ95JW3Z,1,1.0,0.0,1,0.0,0.0,1
AIEOH19T22OQC,1,1.0,0.0,1,0.0,0.0,1
AIFPBXU0480FB,1,1.0,0.0,1,0.0,0.0,1
AIFS93UK3XG7R,1,1.0,0.0,1,0.0,0.0,1
AIGZW643OAYGT,1,1.0,0.0,1,0.0,0.0,1
AIHIEVDST65Q1,1,1.0,0.0,1,0.0,0.0,1
AII45TUQ5UKPS,1,1.0,0.0,1,0.0,0.0,1
AIIGU7JSDMESE,1,1.0,0.0,1,0.0,0.0,1
AIKDNESAP7MX2,1,1.0,0.0,1,0.0,0.0,1
AIKMJBX0P9Z9D,1,1.0,0.0,1,0.0,0.0,1
AILIBVWMDLSR3,1,1.0,0.0,1,0.0,0.0,1
AIMV33HXTEZOI,1,1.0,0.0,1,0.0,0.0,1
AIN73XQ0LYBTF,1,1.0,0.0,1,0.0,0.0,1
AINUV6DVXMKEM,1,1.0,0.0,1,0.0,0.0,1
AIO00LM9IL7FA,1,1.0,0.0,1,0.0,0.0,1
AIPY9QIUPKZJ9,1,1.0,0.0,1,0.0,0.0,1
AIQORT9402J1F,1,1.0,0.0,1,0.0,0.0,1
AIQZK8PU1F5RA,1,1.0,0.0,1,0.0,0.0,1
AIR5HDNUI9WCU,1,1.0,0.0,1,0.0,0.0,1
AISN6HORBXNHR,1,1.0,0.0,1,0.0,0.0,1
AIT3KLQ2691DL,1,1.0,0.0,1,0.0,0.0,1
AIU13IFGH0EVF,1,1.0,0.0,1,0.0,0.0,1
AIU3NFC8VQG72,1,1.0,0.0,1,0.0,0.0,1
AIU5R82TF1ID2,1,1.0,0.0,1,0.0,0.0,1
AIU8YRECU4HZ4,2,0.004842615012106538,0.0,2,0.0,9888.0,413
AIU93YMNWEKI7,1,1.0,0.0,1,0.0,0.0,1
AIUGQ4PNB8T6P,1,1.0,0.0,1,0.0,0.0,1
AIUWBR79VSZ8J,1,1.0,0.0,1,0.0,0.0,1
AIUXWEHCJRALM,1,1.0,0.0,1,0.0,0.0,1
AIVJDP9TGEGZN,1,1.0,0.0,1,0.0,0.0,1
AIVLKALMERRFT,2,0.002331002331002331,0.0,2,0.0,20568.0,858
AIW2B5CZEUTS5,1,1.0,0.0,1,0.0,0.0,1
AIWTLY316LPR4,1,1.0,0.0,1,0.0,0.0,1
AIY63PF337QF4,1,1.0,0.0,1,0.0,0.0,1
AIZA39M8ZAQDO,1,1.0,0.0,1,0.0,0.0,1
AIZFG6OQA55AP,1,1.0,0.0,1,0.0,0.0,1
AIZV746OPQ5PS,1,1.0,0.0,1,0.0,0.0,1
AIZWYEWMY94L9,1,1.0,0.0,1,0.0,0.0,1
AJ00DXOOCDL2C,1,1.0,0.0,1,0.0,0.0,1
AJ093IH3TA4HU,1,1.0,0.0,1,0.0,0.0,1
AJ0PG46QD33RD,1,1.0,0.0,1,0.0,0.0,1
AJ2RVTE5ZN68V,1,1.0,0.0,1,0.0,0.0,1
AJ4NMYPGJ43BY,1,1.0,0.0,1,0.0,0.0,1
AJ4R2PH6G98ND,1,1.0,0.0,1,0.0,0.0,1
AJ4YYD8VTYQ5R,1,1.0,0.0,1,0.0,0.0,1
AJ6H9ZV7TJUUT,1,1.0,0.0,1,0.0,0.0,1
AJ6N2T3MDB2ER,1,1.0,0.0,1,0.0,0.0,1
AJ6SPK7Y38RKW,4,0.5,0.7071064276333338,4,0.0,56.0,8
AJ6TMOHHFJJAJ,1,1.0,0.0,1,0.0,0.0,1
AJ6WCVOY4HP06,1,1.0,0.0,1,0.0,0.0,1
AJ7GOBURILNOF,1,1.0,0.0,1,0.0,0.0,1
AJ7ILS8P4WD2M,1,1.0,0.0,1,0.0,0.0,1
AJ7RK6IXOYK4U,1,1.0,0.0,1,0.0,0.0,1
AJ86CFI74O5JI,2,0.0013540961408259986,0.0,2,0.0,35424.0,1477
AJ8AQG2X9JJ2Y,1,1.0,0.0,1,0.0,0.0,1
AJ8FMV8SGKUIJ,1,1.0,0.0,1,0.0,0.0,1
AJA31UYVQP4UI,1,1.0,0.0,1,0.0,0.0,1
AJB446EO96DUE,1,1.0,0.0,1,0.0,0.0,1
AJCHGS1GND4OA,1,1.0,0.0,1,0.0,0.0,1
AJCICNS67U8BD,1,1.0,0.0,1,0.0,0.0,1
AJCR7L4AXL2OG,1,1.0,0.0,1,0.0,0.0,1
AJDNE10BS99IC,1,1.0,0.0,1,0.0,0.0,1
AJE5S2MH4SERA,1,1.0,0.0,1,0.0,0.0,1
AJEBA8C74TQ5U,1,1.0,0.0,1,0.0,0.0,1
AJGIN15VFGXBG,1,1.0,0.0,1,0.0,0.0,1
AJGXGXR76J1C9,1,1.0,0.0,1,0.0,0.0,1
AJIA55AVU0CUS,1,1.0,0.0,1,0.0,0.0,1
AJIEYYB8CT9D,1,1.0,0.0,1,0.0,0.0,1
AJIHWX6ITBI9G,1,1.0,0.0,1,0.0,0.0,1
AJJB4D6Y3T7AC,2,2.0,0.0,2,0.0,0.0,1
AJJQ188TFNITV,1,1.0,0.0,1,0.0,0.0,1
AJJV9Z17KV6GR,7,0.1794871794871795,0.391230118767891,7,0.0,152.0,39
AJK49DENMS2BT,1,1.0,0.0,1,0.0,0.0,1
AJL9UH9G5AC9P,1,1.0,0.0,1,0.0,0.0,1
AJLUJQ4CWUEIR,1,1.0,0.0,1,0.0,0.0,1
AJMJ0YX0WT0KP,1,1.0,0.0,1,0.0,0.0,1
AJMZSJU3VIJVW,1,1.0,0.0,1,0.0,0.0,1
AJNNNF726KSEA,1,1.0,0.0,1,0.0,0.0,1
AJNZQZVL8MG6P,1,1.0,0.0,1,0.0,0.0,1
AJO24K1MUFCKM,1,1.0,0.0,1,0.0,0.0,1
AJOA5W5YFUCCV,1,1.0,0.0,1,0.0,0.0,1
AJOZXSF28N5N5,1,1.0,0.0,1,0.0,0.0,1
AJP44QXY4JBOZ,1,1.0,0.0,1,0.0,0.0,1
AJP45EYVBQSTP,1,1.0,0.0,1,0.0,0.0,1
AJP7IKVQXDJ7G,1,1.0,0.0,1,0.0,0.0,1
AJPKDAFL8B7MO,1,1.0,0.0,1,0.0,0.0,1
AJPO70SUQEDRJ,1,1.0,0.0,1,0.0,0.0,1
AJQDIT55SZ3ZX,2,0.0043859649122807015,0.0,2,0.0,10920.0,456
AJQRYTPV3JK3C,1,1.0,0.0,1,0.0,0.0,1
AJRCUR3RS5A1E,1,1.0,0.0,1,0.0,0.0,1
AJSEA417DJA2U,1,1.0,0.0,1,0.0,0.0,1
AJSSCAO4RSU78,1,1.0,0.0,1,0.0,0.0,1
AJT08ZT4NQBYX,1,1.0,0.0,1,0.0,0.0,1
AJT510WEA1QHV,1,1.0,0.0,1,0.0,0.0,1
AJTYN2L8T5FER,4,0.006557377049180328,0.0,4,0.0,4872.0,610
AJUP0PNA44A0A,1,1.0,0.0,1,0.0,0.0,1
AJV2QY96IVPVM,1,1.0,0.0,1,0.0,0.0,1
AJVGREW8IXDGC,1,1.0,0.0,1,0.0,0.0,1
AJX0Q5B0QEP57,1,1.0,0.0,1,0.0,0.0,1
AJX474LNBU6TX,2,2.0,0.0,2,0.0,0.0,1
AJXQJ5KGNLRVS,1,1.0,0.0,1,0.0,0.0,1
AJXQR3WH2GB63,1,1.0,0.0,1,0.0,0.0,1
AJXSHZAEW0142,1,1.0,0.0,1,0.0,0.0,1
AJYDC7UP4K4KE,1,1.0,0.0,1,0.0,0.0,1
AJZ0V9Q3ZVYWV,1,1.0,0.0,1,0.0,0.0,1
AJZPEEL1HULPU,2,2.0,0.0,2,0.0,0.0,1
AJZR37LXKSI7P,1,1.0,0.0,1,0.0,0.0,1
AK087HW5YS5QZ,1,1.0,0.0,1,0.0,0.0,1
AK0A6283E5XZE,1,1.0,0.0,1,0.0,0.0,1
AK10GGT97M7QK,1,1.0,0.0,1,0.0,0.0,1
AK21M2AE4U71T,1,1.0,0.0,1,0.0,0.0,1
AK2XW27R76ZTC,1,1.0,0.0,1,0.0,0.0,1
AK3D1F2TEULT0,1,1.0,0.0,1,0.0,0.0,1
AK66HX2T0YN6,1,1.0,0.0,1,0.0,0.0,1
AK73Y669AMPVS,1,1.0,0.0,1,0.0,0.0,1
AK9BXHEXOOM6Z,1,1.0,0.0,1,0.0,0.0,1
AK9MBNYNX20W5,1,1.0,0.0,1,0.0,0.0,1
AKA4Q4NIXHTAU,1,1.0,0.0,1,0.0,0.0,1
AKAW7SD0O63C2,1,1.0,0.0,1,0.0,0.0,1
AKAWPV482ODX8,1,1.0,0.0,1,0.0,0.0,1
AKAYUX1M0PZWB,1,1.0,0.0,1,0.0,0.0,1
AKCDHGUSKVJ72,2,0.00966183574879227,0.0,2,0.0,4944.0,207
AKCE2SHQ736GH,1,1.0,0.0,1,0.0,0.0,1
AKDTRP9QVHTCI,2,0.007220216606498195,0.0,2,0.0,6624.0,277
AKDY7BC9798XP,1,1.0,0.0,1,0.0,0.0,1
AKEF85M7R9RGK,1,1.0,0.0,1,0.0,0.0,1
AKFXN2QUBIKZA,1,1.0,0.0,1,0.0,0.0,1
AKG02HTYGM88L,1,1.0,0.0,1,0.0,0.0,1
AKGGVHCCW4RKA,1,1.0,0.0,1,0.0,0.0,1
AKH6N84CBOBJ6,1,1.0,0.0,1,0.0,0.0,1
AKHWZLV8HFIPS,1,1.0,0.0,1,0.0,0.0,1
AKI2Y9IT0EMRR,1,1.0,0.0,1,0.0,0.0,1
AKKD4NIONN7DJ,1,1.0,0.0,1,0.0,0.0,1
AKKIGH65S6ILU,1,1.0,0.0,1,0.0,0.0,1
AKKSHEGRQVQRK,3,0.005454545454545455,0.0,3,0.0,6588.0,550
AKLVJGUVQ0ZP1,1,1.0,0.0,1,0.0,0.0,1
AKM19L55URK6R,1,1.0,0.0,1,0.0,0.0,1
AKMEGQ2D4VS55,1,1.0,0.0,1,0.0,0.0,1
AKNI01GEKRTDV,1,1.0,0.0,1,0.0,0.0,1
AKNI5ROMW5FWD,1,1.0,0.0,1,0.0,0.0,1
AKP40I31XYX1D,1,1.0,0.0,1,0.0,0.0,1
AKP9TEMA1T01X,1,1.0,0.0,1,0.0,0.0,1
AKQU6FNNO6MWR,1,1.0,0.0,1,0.0,0.0,1
AKS51UDRDO6OP,1,1.0,0.0,1,0.0,0.0,1
AKSTTBUJN6ES8,1,1.0,0.0,1,0.0,0.0,1
AKT8TGIT6VVZ5,2,0.0008771929824561404,0.0,2,0.0,54696.0,2280
AKV3O0ZER47PE,1,1.0,0.0,1,0.0,0.0,1
AKVKO4R1KZ0WR,1,1.0,0.0,1,0.0,0.0,1
AKVYS10ZVTW9H,1,1.0,0.0,1,0.0,0.0,1
AKWNK5NF7BYFA,1,1.0,0.0,1,0.0,0.0,1
AKXT3E60ZZQCY,1,1.0,0.0,1,0.0,0.0,1
AKYDGCKCY7H9F,1,1.0,0.0,1,0.0,0.0,1
AKYNDGWD3TPAG,1,1.0,0.0,1,0.0,0.0,1
AKYSM32DSG2TK,2,2.0,0.0,2,0.0,0.0,1
AKZ32SQMCXBS2,1,1.0,0.0,1,0.0,0.0,1
AL1PNYDIILV4D,1,1.0,0.0,1,0.0,0.0,1
AL2CD0KF155Y8,1,1.0,0.0,1,0.0,0.0,1
AL2XB3XNNUV9J,1,1.0,0.0,1,0.0,0.0,1
AL47H8L17R0GG,2,0.0091324200913242,0.0,2,0.0,5232.0,219
AL5BBGTUH8AL6,1,1.0,0.0,1,0.0,0.0,1
AL5H32ZBE6FO,1,1.0,0.0,1,0.0,0.0,1
AL5KR6BEIDL1G,1,1.0,0.0,1,0.0,0.0,1
AL5V0IGIPIBEJ,1,1.0,0.0,1,0.0,0.0,1
AL6R8X23EGQNG,1,1.0,0.0,1,0.0,0.0,1
AL72LHELK6SZT,2,0.25,0.0,2,0.0,168.0,8
AL8JMMSDHTQLJ,1,1.0,0.0,1,0.0,0.0,1
AL8SQYYI1BZMW,1,1.0,0.0,1,0.0,0.0,1
ALA8RE2HDEVIK,1,1.0,0.0,1,0.0,0.0,1
ALA9EIJ7G1SCF,1,1.0,0.0,1,0.0,0.0,1
ALB2U20GGGJWU,1,1.0,0.0,1,0.0,0.0,1
ALBRTADLPHYNU,1,1.0,0.0,1,0.0,0.0,1
ALBRW4Q4GOTJ2,1,1.0,0.0,1,0.0,0.0,1
ALC7DRPKTFF67,1,1.0,0.0,1,0.0,0.0,1
ALC8I6BZ0QDJE,1,1.0,0.0,1,0.0,0.0,1
ALD4EGIL85Q8,1,1.0,0.0,1,0.0,0.0,1
ALDA72MNSJVOK,1,1.0,0.0,1,0.0,0.0,1
ALDT4Z7SZY2GQ,1,1.0,0.0,1,0.0,0.0,1
ALGDCIFQZYMH9,1,1.0,0.0,1,0.0,0.0,1
ALHC64J88LVWO,1,1.0,0.0,1,0.0,0.0,1
ALHTPU8UYAFLX,1,1.0,0.0,1,0.0,0.0,1
ALHWZSTAELK9I,2,0.006557377049180328,0.0,2,0.0,7296.0,305
ALHX1KDNFZX40,2,2.0,0.0,2,0.0,0.0,1
ALICSOW9JNXCD,2,0.004618937644341801,0.0,2,0.0,10368.0,433
ALIE0DVM3I2R1,1,1.0,0.0,1,0.0,0.0,1
ALIMSOTBD6WMK,1,1.0,0.0,1,0.0,0.0,1
ALIN01RFOIX3G,1,1.0,0.0,1,0.0,0.0,1
ALJMX3QEODS88,1,1.0,0.0,1,0.0,0.0,1
ALKGI0EM6E5QA,1,1.0,0.0,1,0.0,0.0,1
ALKT8NT9YS9MR,1,1.0,0.0,1,0.0,0.0,1
ALKWNPN0QCSP7,1,1.0,0.0,1,0.0,0.0,1
ALLFPK4VJC48D,1,1.0,0.0,1,0.0,0.0,1
ALLIL7DUQXJ97,1,1.0,0.0,1,0.0,0.0,1
ALMIFFHNE45JX,2,2.0,0.0,2,0.0,0.0,1
ALMK0YBTI72RL,2,0.0048543689320388345,0.0,2,0.0,9864.0,412
ALO7PEIIIGXA9,1,1.0,0.0,1,0.0,0.0,1
ALPK1S8OWXZST,1,1.0,0.0,1,0.0,0.0,1
ALQNOSMQR8AFR,1,1.0,0.0,1,0.0,0.0,1
ALR7JXNK1KOIC,1,1.0,0.0,1,0.0,0.0,1
ALRBBAELSG0X6,1,1.0,0.0,1,0.0,0.0,1
ALS5SVPGWX1S6,1,1.0,0.0,1,0.0,0.0,1
ALSIXP72JBQ2Q,1,1.0,0.0,1,0.0,0.0,1
ALTD3G36MJTGO,1,1.0,0.0,1,0.0,0.0,1
ALUNVOQRXOZIA,9,0.0025076623014767345,0.5879442785021369,9,0.0,10764.0,3589
ALUV2YKWZENKK,1,1.0,0.0,1,0.0,0.0,1
ALUYNO0PD2ARM,1,1.0,0.0,1,0.0,0.0,1
ALVJCD5NY28G4,2,0.0005417118093174431,0.0,2,0.0,88584.0,3692
ALVKOFR0B1MN2,1,1.0,0.0,1,0.0,0.0,1
ALVO1A5UB8DG0,1,1.0,0.0,1,0.0,0.0,1
ALVYD6HBLYI0W,1,1.0,0.0,1,0.0,0.0,1
ALXIRSNGIYHRY,1,1.0,0.0,1,0.0,0.0,1
ALZ796TTBBDBL,1,1.0,0.0,1,0.0,0.0,1
AM004PHO6F3FZ,1,1.0,0.0,1,0.0,0.0,1
AM1OWOLQ092EZ,1,1.0,0.0,1,0.0,0.0,1
AM20LNMBYFHHP,1,1.0,0.0,1,0.0,0.0,1
AM29FF4K9EKVN,1,1.0,0.0,1,0.0,0.0,1
AM2PAP6COUV5J,1,1.0,0.0,1,0.0,0.0,1
AM2RKBZ539OVW,1,1.0,0.0,1,0.0,0.0,1
AM3N5LZ7BETCB,1,1.0,0.0,1,0.0,0.0,1
AM3R8PW5WQ7UB,1,1.0,0.0,1,0.0,0.0,1
AM4M872Y7AEZL,1,1.0,0.0,1,0.0,0.0,1
AM4ZQJ0IORVWG,5,0.10869565217391304,0.0,5,0.0,270.0,46
AM5176KRA9JA9,1,1.0,0.0,1,0.0,0.0,1
AM583EZIQ9YO5,2,0.0016181229773462784,0.0,2,0.0,29640.0,1236
AM5JHS4J9K4SP,1,1.0,0.0,1,0.0,0.0,1
AM6ZNP09P201W,1,1.0,0.0,1,0.0,0.0,1
AM765S5A37QB2,1,1.0,0.0,1,0.0,0.0,1
AM76TKHVICZC6,1,1.0,0.0,1,0.0,0.0,1
AM78WFHEBDBGM,1,1.0,0.0,1,0.0,0.0,1
AM7BCX3ZCQ70V,1,1.0,0.0,1,0.0,0.0,1
AM7IDMQK0MCGX,1,1.0,0.0,1,0.0,0.0,1
AM7VNKKUJK97J,1,1.0,0.0,1,0.0,0.0,1
AM9OC1FTXJICQ,1,1.0,0.0,1,0.0,0.0,1
AM9Z8Y09D2KHG,1,1.0,0.0,1,0.0,0.0,1
AMAR6CIOZUQO4,1,1.0,0.0,1,0.0,0.0,1
AMBFK6N4JS5Z2,1,1.0,0.0,1,0.0,0.0,1
AMBP7V5ME7K13,1,1.0,0.0,1,0.0,0.0,1
AMC5Y9SMC96Z1,1,1.0,0.0,1,0.0,0.0,1
AMDZ6MZR6CRG9,2,0.0029411764705882353,0.0,2,0.0,16296.0,680
AMEG6A5W3QJCZ,1,1.0,0.0,1,0.0,0.0,1
AMEGPD597TRUN,1,1.0,0.0,1,0.0,0.0,1
AMEX0T50TFZR6,1,1.0,0.0,1,0.0,0.0,1
AMEZFR0V0FTFX,1,1.0,0.0,1,0.0,0.0,1
AMF75VWP2SV6M,1,1.0,0.0,1,0.0,0.0,1
AMFBRE9UYUCEU,1,1.0,0.0,1,0.0,0.0,1
AMFFWASO0476G,1,1.0,0.0,1,0.0,0.0,1
AMFXT0836BF87,1,1.0,0.0,1,0.0,0.0,1
AMG7EQW81MG58,1,1.0,0.0,1,0.0,0.0,1
AMGGZCWY3VNZC,1,1.0,0.0,1,0.0,0.0,1
AMGIMGPA34FIZ,1,1.0,0.0,1,0.0,0.0,1
AMGN9031D8VKI,1,1.0,0.0,1,0.0,0.0,1
AMGNNJWUEIJ59,1,1.0,0.0,1,0.0,0.0,1
AMGUWDM3XPEEB,2,0.009708737864077669,0.0,2,0.0,4920.0,206
AMH264806NHLO,1,1.0,0.0,1,0.0,0.0,1
AMHDZ16XSYASU,1,1.0,0.0,1,0.0,0.0,1
AMHE73T0KPO2H,1,1.0,0.0,1,0.0,0.0,1
AMI7NR2C7DO10,1,1.0,0.0,1,0.0,0.0,1
AMIU8UVMZJLER,3,3.0,0.0,3,0.0,0.0,1
AMKB1A6CU9H0P,1,1.0,0.0,1,0.0,0.0,1
AMKNPIDFLRFMP,2,0.013422818791946308,0.0,2,0.0,3552.0,149
AMKQMWRWLZWIL,1,1.0,0.0,1,0.0,0.0,1
AMKXRFHOQZCIQ,1,1.0,0.0,1,0.0,0.0,1
AMLICZAK25GMM,1,1.0,0.0,1,0.0,0.0,1
AMLMUYLI6FAQ0,2,2.0,0.0,2,0.0,0.0,1
AMMJH39YLUV8B,1,1.0,0.0,1,0.0,0.0,1
AMO1CR5KN8T4P,1,1.0,0.0,1,0.0,0.0,1
AMO214LNFCEI4,1,1.0,0.0,1,0.0,0.0,1
AMRRT7RC261OP,1,1.0,0.0,1,0.0,0.0,1
AMSAQMLJKCFSB,1,1.0,0.0,1,0.0,0.0,1
AMSOH6T6E3FSJ,1,1.0,0.0,1,0.0,0.0,1
AMT7TEOP9X8JS,1,1.0,0.0,1,0.0,0.0,1
AMTY878WRNJR,1,1.0,0.0,1,0.0,0.0,1
AMVW02HD7K4C1,1,1.0,0.0,1,0.0,0.0,1
AMYQVXWY2MIFK,1,1.0,0.0,1,0.0,0.0,1
AMZCZBK1EF1PV,1,1.0,0.0,1,0.0,0.0,1
AMZI3ABA7O19,1,1.0,0.0,1,0.0,0.0,1
AMZREEUVCV998,1,1.0,0.0,1,0.0,0.0,1
AMZYVZBIMD7LY,1,1.0,0.0,1,0.0,0.0,1
AN151W7OXZERY,1,1.0,0.0,1,0.0,0.0,1
AN24ATCW3AY5C,1,1.0,0.0,1,0.0,0.0,1
AN2F0QIGX01QQ,2,0.009523809523809525,0.0,2,0.0,5016.0,210
AN2Y0K0LM7IGF,1,1.0,0.0,1,0.0,0.0,1
AN30G4IKL1BMZ,6,0.0014091122592766556,0.3726776856852269,6,0.0,20433.6,4258
AN3ILH8NOGNH4,1,1.0,0.0,1,0.0,0.0,1
AN4ALUMJTDX3Z,1,1.0,0.0,1,0.0,0.0,1
AN4IXSXAL4L5Z,2,0.0041928721174004195,0.0,2,0.0,11424.0,477
AN560AP1HH0U1,2,0.004842615012106538,0.0,2,0.0,9888.0,413
AN562K00DPRW7,1,1.0,0.0,1,0.0,0.0,1
AN6774EDYBQPP,1,1.0,0.0,1,0.0,0.0,1
AN752U9MHN5P5,1,1.0,0.0,1,0.0,0.0,1
AN7AELA3YHNZK,1,1.0,0.0,1,0.0,0.0,1
AN7PYDVNOVQOA,1,1.0,0.0,1,0.0,0.0,1
AN7ZTHQEJLJW,1,1.0,0.0,1,0.0,0.0,1
AN81JUYW2SL24,3,0.0019815059445178335,0.47140420652156073,3,0.0,18156.0,1514
AN8W0XP8GCN1O,1,1.0,0.0,1,0.0,0.0,1
AN92U23LYTQBR,1,1.0,0.0,1,0.0,0.0,1
AN9CP6J4JF91X,1,1.0,0.0,1,0.0,0.0,1
AN9FFU7XP6TL5,2,2.0,0.0,2,0.0,0.0,1
AN9TLUKFAJHP8,1,1.0,0.0,1,0.0,0.0,1
AN9TUUCDXX6SO,1,1.0,0.0,1,0.0,0.0,1
AN9WEMSAAQ6GM,1,1.0,0.0,1,0.0,0.0,1
ANB0OKIDLNTZ,1,1.0,0.0,1,0.0,0.0,1
ANC58RQKSQ5DG,1,1.0,0.0,1,0.0,0.0,1
AND41V9HNRA0X,1,1.0,0.0,1,0.0,0.0,1
ANE9603L1IYFG,1,1.0,0.0,1,0.0,0.0,1
ANEHF7BWGYZ5L,1,1.0,0.0,1,0.0,0.0,1
ANEUPVXP9GKJQ,1,1.0,0.0,1,0.0,0.0,1
ANEZ6Z9XPZSJH,1,1.0,0.0,1,0.0,0.0,1
ANI33HTQH0SG2,1,1.0,0.0,1,0.0,0.0,1
ANI8BTQMGG1R2,1,1.0,0.0,1,0.0,0.0,1
ANJFSFOYEOUXL,1,1.0,0.0,1,0.0,0.0,1
ANJY75Z24A6AG,1,1.0,0.0,1,0.0,0.0,1
ANL4KC4GZU82E,1,1.0,0.0,1,0.0,0.0,1
ANMA1H8LGEVBF,1,1.0,0.0,1,0.0,0.0,1
ANMFIHKJH7032,1,1.0,0.0,1,0.0,0.0,1
ANNKHRRNO6TT9,1,1.0,0.0,1,0.0,0.0,1
ANPBKESJ39FU8,1,1.0,0.0,1,0.0,0.0,1
ANQ122AO9P5BI,1,1.0,0.0,1,0.0,0.0,1
ANQJFHEQLUTW5,1,1.0,0.0,1,0.0,0.0,1
ANR0DW93W06R5,1,1.0,0.0,1,0.0,0.0,1
ANRS196NKFVUU,1,1.0,0.0,1,0.0,0.0,1
ANS1JBFLGILMF,1,1.0,0.0,1,0.0,0.0,1
ANS906E4EOXB3,1,1.0,0.0,1,0.0,0.0,1
ANSB7OILD0L3C,1,1.0,0.0,1,0.0,0.0,1
ANSKSPEEAKY7S,1,1.0,0.0,1,0.0,0.0,1
ANTGGAQYPSWHF,1,1.0,0.0,1,0.0,0.0,1
ANTGMXTKB7SQS,3,0.09375,0.47140420652156073,3,0.0,372.0,32
ANU1675O6DO5E,1,1.0,0.0,1,0.0,0.0,1
ANUB9JPLMT41O,1,1.0,0.0,1,0.0,0.0,1
ANUPOX03HUN1C,1,1.0,0.0,1,0.0,0.0,1
ANUZ58K6OIJN2,1,1.0,0.0,1,0.0,0.0,1
ANV2AKYYI04EU,1,1.0,0.0,1,0.0,0.0,1
ANVS33BKKSZCI,1,1.0,0.0,1,0.0,0.0,1
ANWDT4Q6RAJRV,1,1.0,0.0,1,0.0,0.0,1
ANWZYGU6HFYM9,1,1.0,0.0,1,0.0,0.0,1
ANX51Y0Y4TXAK,1,1.0,0.0,1,0.0,0.0,1
ANY6JUFM0GH8U,1,1.0,0.0,1,0.0,0.0,1
ANYDIV59WSQ6Q,1,1.0,0.0,1,0.0,0.0,1
ANYNGATL97915,1,1.0,0.0,1,0.0,0.0,1
ANZGC4YCEQC6W,1,1.0,0.0,1,0.0,0.0,1
ANZHPMJLXBU9T,1,1.0,0.0,1,0.0,0.0,1
AO074X4WTO84B,1,1.0,0.0,1,0.0,0.0,1
AO2FXIAM4EKOS,2,2.0,0.0,2,0.0,0.0,1
AO35VK4BB2YZR,1,1.0,0.0,1,0.0,0.0,1
AO3BJZXP5O1DQ,1,1.0,0.0,1,0.0,0.0,1
AO46YPZ1EAGZ,1,1.0,0.0,1,0.0,0.0,1
AO49H7W3JR6RL,1,1.0,0.0,1,0.0,0.0,1
AO4ZALF33HP0,1,1.0,0.0,1,0.0,0.0,1
AO5O459IFGVTG,1,1.0,0.0,1,0.0,0.0,1
AO5PXGAR6RSYV,1,1.0,0.0,1,0.0,0.0,1
AO68X66YOJGQI,1,1.0,0.0,1,0.0,0.0,1
AO7TPG23L7Z3L,1,1.0,0.0,1,0.0,0.0,1
AO7W7WGOU6UIW,1,1.0,0.0,1,0.0,0.0,1
AO84V5QJ6K23Z,1,1.0,0.0,1,0.0,0.0,1
AO8F2P769YIA9,1,1.0,0.0,1,0.0,0.0,1
AO8IMELSF9A7F,1,1.0,0.0,1,0.0,0.0,1
AO8Q98Z14CRAZ,1,1.0,0.0,1,0.0,0.0,1
AO8RJE8TIFJZA,1,1.0,0.0,1,0.0,0.0,1
AO91OW1SZKSJK,1,1.0,0.0,1,0.0,0.0,1
AO94DHGC771SJ,1,1.0,0.0,1,0.0,0.0,1
AO9QC2WG3T9NQ,1,1.0,0.0,1,0.0,0.0,1
AOA7NY2649Z9I,1,1.0,0.0,1,0.0,0.0,1
AOA98DNOIPBZG,1,1.0,0.0,1,0.0,0.0,1
AOA9M17LG2JQE,1,1.0,0.0,1,0.0,0.0,1
AOAVP3C5WIVNH,1,1.0,0.0,1,0.0,0.0,1
AOB4X41HYDG3L,1,1.0,0.0,1,0.0,0.0,1
AOBGKBBDODKIP,1,1.0,0.0,1,0.0,0.0,1
AOCH3ON3BIM7O,3,0.012,0.0,3,0.0,2988.0,250
AOCHZNFYJ4AWE,1,1.0,0.0,1,0.0,0.0,1
AOCOIFM61SA7F,1,1.0,0.0,1,0.0,0.0,1
AODOIMDU38S2I,1,1.0,0.0,1,0.0,0.0,1
AODQI51IBW7WN,1,1.0,0.0,1,0.0,0.0,1
AODSDJXUR4CGZ,1,1.0,0.0,1,0.0,0.0,1
AOEAD7DPLZE53,1,1.0,0.0,1,0.0,0.0,1
AOGUZNI7YCP4V,1,1.0,0.0,1,0.0,0.0,1
AOHG53ZO6BJ7R,1,1.0,0.0,1,0.0,0.0,1
AOHNLSWSOLK8N,1,1.0,0.0,1,0.0,0.0,1
AOHQVDAGYMV6J,2,0.0078125,0.0,2,0.0,6120.0,256
AOI57C0MJUT6J,1,1.0,0.0,1,0.0,0.0,1
AOIBOJRBYYVGI,2,0.014492753623188406,0.0,2,0.0,3288.0,138
AOIT1BEY7BRC8,1,1.0,0.0,1,0.0,0.0,1
AOJBKPV6ELTE9,1,1.0,0.0,1,0.0,0.0,1
AOK5FZT22IF3W,1,1.0,0.0,1,0.0,0.0,1
AOK9U912FK03L,1,1.0,0.0,1,0.0,0.0,1
AOKC4MRKH1UON,1,1.0,0.0,1,0.0,0.0,1
AOKH8MBCROIL,2,0.05555555555555555,0.0,2,0.0,840.0,36
AOKS36MOH1LDK,1,1.0,0.0,1,0.0,0.0,1
AOLC9OV244MFW,1,1.0,0.0,1,0.0,0.0,1
AOLN7ZXFT6EDI,1,1.0,0.0,1,0.0,0.0,1
AOLQ22OA3HHHK,1,1.0,0.0,1,0.0,0.0,1
AOM6Y2A4J0WOG,1,1.0,0.0,1,0.0,0.0,1
AOMD90U7TEAP6,1,1.0,0.0,1,0.0,0.0,1
AOMQZAS76F3V3,1,1.0,0.0,1,0.0,0.0,1
AON4TXVOSYDHL,1,1.0,0.0,1,0.0,0.0,1
AONVF6RGZHT0E,1,1.0,0.0,1,0.0,0.0,1
AOO41PZSDC7J1,1,1.0,0.0,1,0.0,0.0,1
AOOQGCJEV25VT,1,1.0,0.0,1,0.0,0.0,1
AOOU4GVVQHK5O,1,1.0,0.0,1,0.0,0.0,1
AOOZR8IN9NYTA,1,1.0,0.0,1,0.0,0.0,1
AOQ1XQTHD9ZNR,1,1.0,0.0,1,0.0,0.0,1
AOQYN0MQVWSJR,1,1.0,0.0,1,0.0,0.0,1
AOTY596BG2YX7,1,1.0,0.0,1,0.0,0.0,1
AOU1TM9UA1BZF,1,1.0,0.0,1,0.0,0.0,1
AOUB4XH2J80FN,1,1.0,0.0,1,0.0,0.0,1
AOUZ3K5E68IRZ,1,1.0,0.0,1,0.0,0.0,1
AOVMTR7PA8XB9,1,1.0,0.0,1,0.0,0.0,1
AOVROBZ8BNTP7,1,1.0,0.0,1,0.0,0.0,1
AOVTLYTHVDNUX,1,1.0,0.0,1,0.0,0.0,1
AOW5OPZTW1C28,1,1.0,0.0,1,0.0,0.0,1
AOWOA4AKT3AST,1,1.0,0.0,1,0.0,0.0,1
AOXDZSY5AGHEA,1,1.0,0.0,1,0.0,0.0,1
AOY9SZTMNQWAW,3,0.015463917525773196,0.0,3,0.0,2316.0,194
AOYKD7G6QJ52K,2,0.006711409395973154,0.0,2,0.0,7128.0,298
AOYZWX4I1LA44,1,1.0,0.0,1,0.0,0.0,1
AOZB4GES5J7FK,1,1.0,0.0,1,0.0,0.0,1
AP0ZL2WX8J0JD,1,1.0,0.0,1,0.0,0.0,1
AP3N6KOLIFYVY,1,1.0,0.0,1,0.0,0.0,1
AP3XMM1077I50,1,1.0,0.0,1,0.0,0.0,1
AP547LW4G32Q1,1,1.0,0.0,1,0.0,0.0,1
AP55R45MSCVQ7,1,1.0,0.0,1,0.0,0.0,1
AP66WW9URQDDD,1,1.0,0.0,1,0.0,0.0,1
AP6M728REMY04,1,1.0,0.0,1,0.0,0.0,1
AP6SQ9NLF1QYZ,1,1.0,0.0,1,0.0,0.0,1
AP6T0CI46U93Z,1,1.0,0.0,1,0.0,0.0,1
AP6X4IJR5H92P,5,0.024271844660194174,0.0,5,0.0,1230.0,206
AP7IT6ZJMDVUA,1,1.0,0.0,1,0.0,0.0,1
AP7LSRPXT3ZL8,1,1.0,0.0,1,0.0,0.0,1
AP8GT460DVVCU,1,1.0,0.0,1,0.0,0.0,1
APB1VAE7P1CAV,1,1.0,0.0,1,0.0,0.0,1
APBF796U7GUTV,1,1.0,0.0,1,0.0,0.0,1
APBICPEUMXUVO,1,1.0,0.0,1,0.0,0.0,1
APCX388F6CFFA,1,1.0,0.0,1,0.0,0.0,1
APDDHVTJHY2JL,1,1.0,0.0,1,0.0,0.0,1
APDFEF98QERT4,1,1.0,0.0,1,0.0,0.0,1
APDY9AJZDOGDX,1,1.0,0.0,1,0.0,0.0,1
APEJ8EJCC8PQ8,1,1.0,0.0,1,0.0,0.0,1
APEVVQVOJH12B,1,1.0,0.0,1,0.0,0.0,1
APFBMDI5TJ8MQ,1,1.0,0.0,1,0.0,0.0,1
APFDM4RTT2E0B,1,1.0,0.0,1,0.0,0.0,1
APFNDSGVBG7UG,1,1.0,0.0,1,0.0,0.0,1
APFT40B3WKARC,1,1.0,0.0,1,0.0,0.0,1
APGN8QGF0P5QR,1,1.0,0.0,1,0.0,0.0,1
APGS6U5D8YRII,1,1.0,0.0,1,0.0,0.0,1
APH8C0RM4GMQB,1,1.0,0.0,1,0.0,0.0,1
APHEQQGFN0F31,1,1.0,0.0,1,0.0,0.0,1
APHPXV5RY2SDP,1,1.0,0.0,1,0.0,0.0,1
APHS8MGWHWJH7,1,1.0,0.0,1,0.0,0.0,1
APIXJQATQT7TK,1,1.0,0.0,1,0.0,0.0,1
APJB1OLRJC53N,1,1.0,0.0,1,0.0,0.0,1
APJXF6Z4Z61YW,1,1.0,0.0,1,0.0,0.0,1
APK74RJ5E0DDX,1,1.0,0.0,1,0.0,0.0,1
APL10FPWGNVFV,1,1.0,0.0,1,0.0,0.0,1
APLAYRDGF11H2,1,1.0,0.0,1,0.0,0.0,1
APNI0D19W2VQR,1,1.0,0.0,1,0.0,0.0,1
APNL8G7JMIY19,1,1.0,0.0,1,0.0,0.0,1
APODYH18FHXC6,1,1.0,0.0,1,0.0,0.0,1
APOFQFXC8K645,1,1.0,0.0,1,0.0,0.0,1
APOGXH3A74CM3,1,1.0,0.0,1,0.0,0.0,1
APP45XD85ARYL,1,1.0,0.0,1,0.0,0.0,1
APP5G31NNOHID,1,1.0,0.0,1,0.0,0.0,1
APQQK1V695AUE,2,0.007142857142857143,0.0,2,0.0,6696.0,280
APRFTIZ7PB4S8,1,1.0,0.0,1,0.0,0.0,1
APRJ0OM54GBPE,1,1.0,0.0,1,0.0,0.0,1
APRO0FN36AK1V,1,1.0,0.0,1,0.0,0.0,1
APRP1LWB08YG8,1,1.0,0.0,1,0.0,0.0,1
APSEERGKRFATE,1,1.0,0.0,1,0.0,0.0,1
APSGIVBQKFLRY,1,1.0,0.0,1,0.0,0.0,1
APT7V2Z8MO6T0,1,1.0,0.0,1,0.0,0.0,1
APTTY8AYIJRXG,1,1.0,0.0,1,0.0,0.0,1
APV4CA1BTAGQ3,2,0.009216589861751152,0.0,2,0.0,5184.0,217
APVAEF5ZIRL6D,1,1.0,0.0,1,0.0,0.0,1
APVCKYQTCK78F,1,1.0,0.0,1,0.0,0.0,1
APVLFUAI3IDF7,1,1.0,0.0,1,0.0,0.0,1
APWARS0L4QGPC,1,1.0,0.0,1,0.0,0.0,1
APWCLRB3H1AVJ,1,1.0,0.0,1,0.0,0.0,1
APWY5SPO12LJQ,1,1.0,0.0,1,0.0,0.0,1
APXN17MQLCH7O,1,1.0,0.0,1,0.0,0.0,1
APXV4GM2BKZX1,3,0.02027027027027027,0.47140420652156073,3,0.0,1764.0,148
APYJH0HLLK09U,1,1.0,0.0,1,0.0,0.0,1
APZ51EQUCB79F,1,1.0,0.0,1,0.0,0.0,1
APZA8SXX9DMT8,1,1.0,0.0,1,0.0,0.0,1
AQ0483UAIEVME,1,1.0,0.0,1,0.0,0.0,1
AQ06TH8QPIEN5,1,1.0,0.0,1,0.0,0.0,1
AQ0RLBBIWUZ5Z,1,1.0,0.0,1,0.0,0.0,1
AQ18N1SD6RV2P,1,1.0,0.0,1,0.0,0.0,1
AQ1F4Z6CCQMVQ,1,1.0,0.0,1,0.0,0.0,1
AQ28L0J970DVW,2,2.0,0.0,2,0.0,0.0,1
AQ2HWACJ2H08G,1,1.0,0.0,1,0.0,0.0,1
AQ3IN3MRXQ5KH,1,1.0,0.0,1,0.0,0.0,1
AQ3Z6LHWZ5W7E,1,1.0,0.0,1,0.0,0.0,1
AQ4CDTEJMPTOS,1,1.0,0.0,1,0.0,0.0,1
AQ4T1DUD9HI3F,1,1.0,0.0,1,0.0,0.0,1
AQ60TA0Z5FTGC,1,1.0,0.0,1,0.0,0.0,1
AQ64NMZDUVYN7,1,1.0,0.0,1,0.0,0.0,1
AQ6F5FMEFRIKL,1,1.0,0.0,1,0.0,0.0,1
AQ6WXOXDZIYCS,1,1.0,0.0,1,0.0,0.0,1
AQ6XS10RR7CE0,5,0.00931098696461825,0.0,5,0.0,3216.0,537
AQ7322MXNS3G0,1,1.0,0.0,1,0.0,0.0,1
AQ9GVQAH3ZU0,1,1.0,0.0,1,0.0,0.0,1
AQ9O2ACE8C9WS,1,1.0,0.0,1,0.0,0.0,1
AQA9PLI2LH3MK,1,1.0,0.0,1,0.0,0.0,1
AQAM9QBPTG66U,1,1.0,0.0,1,0.0,0.0,1
AQBAN131RIXIZ,1,1.0,0.0,1,0.0,0.0,1
AQBKBWMXB8VI4,1,1.0,0.0,1,0.0,0.0,1
AQBLWW13U66XD,1,1.0,0.0,1,0.0,0.0,1
AQBNT8J46B726,1,1.0,0.0,1,0.0,0.0,1
AQC42OVV9FLWV,1,1.0,0.0,1,0.0,0.0,1
AQCC8OF22KZXE,1,1.0,0.0,1,0.0,0.0,1
AQCJ6YL20AICG,1,1.0,0.0,1,0.0,0.0,1
AQCZRP5A2QHBR,1,1.0,0.0,1,0.0,0.0,1
AQD4Y38IFTXEA,1,1.0,0.0,1,0.0,0.0,1
AQD5KJ615OHJN,1,1.0,0.0,1,0.0,0.0,1
AQDJP0D7EALAD,1,1.0,0.0,1,0.0,0.0,1
AQDNQLKMG7HBX,1,1.0,0.0,1,0.0,0.0,1
AQDP0LRIFC9UU,1,1.0,0.0,1,0.0,0.0,1
AQDRAF7MX0BRM,1,1.0,0.0,1,0.0,0.0,1
AQDRATIHAKWSU,1,1.0,0.0,1,0.0,0.0,1
AQE2B2QSZG0HY,1,1.0,0.0,1,0.0,0.0,1
AQG17YFAR1ANR,1,1.0,0.0,1,0.0,0.0,1
AQGDI4H921BOU,1,1.0,0.0,1,0.0,0.0,1
AQGUDK0MSQ95L,1,1.0,0.0,1,0.0,0.0,1
AQHYPU9OIL1IL,1,1.0,0.0,1,0.0,0.0,1
AQIBGC2OCCAHQ,1,1.0,0.0,1,0.0,0.0,1
AQIEN3BHQFFQ,1,1.0,0.0,1,0.0,0.0,1
AQIYMF4X90D8E,2,2.0,0.0,2,0.0,0.0,1
AQJSM4LO7M7G5,1,1.0,0.0,1,0.0,0.0,1
AQJWVL7YBSMOL,1,1.0,0.0,1,0.0,0.0,1
AQK01UMFP9MND,1,1.0,0.0,1,0.0,0.0,1
AQL1IWD29ISFD,1,1.0,0.0,1,0.0,0.0,1
AQL2WVOAADPE2,3,0.02097902097902098,0.0,3,0.0,1704.0,143
AQLJGOADY379U,1,1.0,0.0,1,0.0,0.0,1
AQLL2R1PPR46X,1,1.0,0.0,1,0.0,0.0,1
AQLMVE6SH4A07,1,1.0,0.0,1,0.0,0.0,1
AQLUYZ2DWKCDQ,1,1.0,0.0,1,0.0,0.0,1
AQM9CPBRYW3PL,1,1.0,0.0,1,0.0,0.0,1
AQMD0WGJVD4RJ,2,2.0,0.0,2,0.0,0.0,1
AQMUXDDCLJSSV,1,1.0,0.0,1,0.0,0.0,1
AQN56XCI2R7L5,1,1.0,0.0,1,0.0,0.0,1
AQNEQQ96MKX3Y,1,1.0,0.0,1,0.0,0.0,1
AQNQHPRR3WQU1,1,1.0,0.0,1,0.0,0.0,1
AQO6JI57GOIG3,1,1.0,0.0,1,0.0,0.0,1
AQOQUWM58SGFR,1,1.0,0.0,1,0.0,0.0,1
AQPIILREUKLZM,1,1.0,0.0,1,0.0,0.0,1
AQQA2GTK78VI2,1,1.0,0.0,1,0.0,0.0,1
AQQTTYTRXWSV,1,1.0,0.0,1,0.0,0.0,1
AQQVPOL6VPVVN,2,0.0024271844660194173,0.0,2,0.0,19752.0,824
AQRLZFCJVR2EP,1,1.0,0.0,1,0.0,0.0,1
AQRN2I355LZ3F,1,1.0,0.0,1,0.0,0.0,1
AQRQFC49CR3YJ,1,1.0,0.0,1,0.0,0.0,1
AQSNJ8HQ3WHMS,2,0.0016906170752324597,0.0,2,0.0,28368.0,1183
AQSW6WDVCJGB8,1,1.0,0.0,1,0.0,0.0,1
AQT6XL9FRECC7,1,1.0,0.0,1,0.0,0.0,1
AQT7VQSW7UOM2,1,1.0,0.0,1,0.0,0.0,1
AQT8N7YPGVWCM,1,1.0,0.0,1,0.0,0.0,1
AQU3SRNE1MAZX,1,1.0,0.0,1,0.0,0.0,1
AQWZYNDSUOVC5,1,1.0,0.0,1,0.0,0.0,1
AQXL8B1QPVE09,1,1.0,0.0,1,0.0,0.0,1
AQZ64R6S3R1VF,1,1.0,0.0,1,0.0,0.0,1
AR07B1BMVZ3QC,1,1.0,0.0,1,0.0,0.0,1
AR07GW8Y7H1ZB,1,1.0,0.0,1,0.0,0.0,1
AR0SWMNTBFXU7,1,1.0,0.0,1,0.0,0.0,1
AR0TID0Y19R2X,1,1.0,0.0,1,0.0,0.0,1
AR0UOJ48VGQMA,1,1.0,0.0,1,0.0,0.0,1
AR1J3PPLB886B,1,1.0,0.0,1,0.0,0.0,1
AR1PSEQRQ3L04,1,1.0,0.0,1,0.0,0.0,1
AR1SVEHMOGP44,1,1.0,0.0,1,0.0,0.0,1
AR1ZV5U2DYA7I,1,1.0,0.0,1,0.0,0.0,1
AR2D9G4V4GGUF,1,1.0,0.0,1,0.0,0.0,1
AR2MFHU7NDF9Z,1,1.0,0.0,1,0.0,0.0,1
AR3ECVXFV9VRJ,1,1.0,0.0,1,0.0,0.0,1
AR3HUTA2RFUL5,1,1.0,0.0,1,0.0,0.0,1
AR4K3SYUFBP4G,1,1.0,0.0,1,0.0,0.0,1
AR4KYWHKCDTUG,1,1.0,0.0,1,0.0,0.0,1
AR52CXOX54AW6,2,0.0018535681186283596,0.0,2,0.0,25872.0,1079
AR5UBWWTT2UQM,1,1.0,0.0,1,0.0,0.0,1
AR61QCJ7Y19XG,1,1.0,0.0,1,0.0,0.0,1
AR64CEBJWBICU,1,1.0,0.0,1,0.0,0.0,1
AR6E0WAEOCUKI,1,1.0,0.0,1,0.0,0.0,1
AR6VJYNAOOY0X,1,1.0,0.0,1,0.0,0.0,1
AR6X6ZNF1XN5X,1,1.0,0.0,1,0.0,0.0,1
AR7DDYZNJSSSK,1,1.0,0.0,1,0.0,0.0,1
AR87CWP6KEL4A,1,1.0,0.0,1,0.0,0.0,1
ARA94YWRAIAWG,1,1.0,0.0,1,0.0,0.0,1
ARAS5VERQ8BH2,1,1.0,0.0,1,0.0,0.0,1
ARBA3PVDL118W,1,1.0,0.0,1,0.0,0.0,1
ARBCOEQNK389G,1,1.0,0.0,1,0.0,0.0,1
ARBV8U9I8C1BK,1,1.0,0.0,1,0.0,0.0,1
ARC5ASW9CUAGP,1,1.0,0.0,1,0.0,0.0,1
ARFRKSZXZF0PS,1,1.0,0.0,1,0.0,0.0,1
ARHGG2KXAPR32,1,1.0,0.0,1,0.0,0.0,1
ARHH1P2PLAFSJ,1,1.0,0.0,1,0.0,0.0,1
ARHPPI71WHUZ3,1,1.0,0.0,1,0.0,0.0,1
ARI60NK07Q9D,1,1.0,0.0,1,0.0,0.0,1
ARJ1P9IS56IE4,1,1.0,0.0,1,0.0,0.0,1
ARKQYQ6FMLT3H,1,1.0,0.0,1,0.0,0.0,1
ARLTYP6WGMJSZ,1,1.0,0.0,1,0.0,0.0,1
ARM4MTNZK1975,1,1.0,0.0,1,0.0,0.0,1
ARNWCLQZFQECA,1,1.0,0.0,1,0.0,0.0,1
ARNWCQZHZWKW8,1,1.0,0.0,1,0.0,0.0,1
ARO8OA4O33PL3,1,1.0,0.0,1,0.0,0.0,1
AROAG742G5QQV,1,1.0,0.0,1,0.0,0.0,1
AROTQNRZ51CUU,1,1.0,0.0,1,0.0,0.0,1
AROWZGGO4VTJU,1,1.0,0.0,1,0.0,0.0,1
ARPX4QADOUSVM,1,1.0,0.0,1,0.0,0.0,1
ARQ945F4OIWVI,1,1.0,0.0,1,0.0,0.0,1
ARR335JD5JNJ3,1,1.0,0.0,1,0.0,0.0,1
ARSW44J26H0WY,1,1.0,0.0,1,0.0,0.0,1
ART6PY1KQ0CR7,1,1.0,0.0,1,0.0,0.0,1
ARTA78TP6H73D,1,1.0,0.0,1,0.0,0.0,1
ARTOW7IV000K8,1,1.0,0.0,1,0.0,0.0,1
ARUQAU51OAMTQ,1,1.0,0.0,1,0.0,0.0,1
ARVIOWMXTTQ50,1,1.0,0.0,1,0.0,0.0,1
ARVW5GNMO9QU7,1,1.0,0.0,1,0.0,0.0,1
ARWR2O48OIGKH,1,1.0,0.0,1,0.0,0.0,1
ARWRBORADGA3G,1,1.0,0.0,1,0.0,0.0,1
ARX6W8UN2PYJ1,1,1.0,0.0,1,0.0,0.0,1
ARXU3FESTWMJJ,10,0.0033692722371967657,0.0,10,0.0,7912.0,2968
ARXYNHFIXEYO2,1,1.0,0.0,1,0.0,0.0,1
ARYHWHSUK58LO,1,1.0,0.0,1,0.0,0.0,1
ARZX1CBWP7M2W,1,1.0,0.0,1,0.0,0.0,1
AS02U020MGBSV,1,1.0,0.0,1,0.0,0.0,1
AS035WUAUHUOF,1,1.0,0.0,1,0.0,0.0,1
AS0NBFJ2W5NSW,1,1.0,0.0,1,0.0,0.0,1
AS0NL4FNH6XGS,1,1.0,0.0,1,0.0,0.0,1
AS0QMBY6C5US9,1,1.0,0.0,1,0.0,0.0,1
AS0RNYRU3YTWW,1,1.0,0.0,1,0.0,0.0,1
AS19IWGORT8IT,1,1.0,0.0,1,0.0,0.0,1
AS21S3XF7XEG1,1,1.0,0.0,1,0.0,0.0,1
AS269J1OGZT1V,1,1.0,0.0,1,0.0,0.0,1
AS28WVBBZ3G99,1,1.0,0.0,1,0.0,0.0,1
AS4A8GH1B5QBP,1,1.0,0.0,1,0.0,0.0,1
AS4V31G3T0L3Z,1,1.0,0.0,1,0.0,0.0,1
AS5IJXFUJQX5G,1,1.0,0.0,1,0.0,0.0,1
AS5NJXTCU9LX8,1,1.0,0.0,1,0.0,0.0,1
AS5TFE8EY77WU,1,1.0,0.0,1,0.0,0.0,1
AS6534SXKS1KZ,1,1.0,0.0,1,0.0,0.0,1
AS6OC9WIHIQU0,1,1.0,0.0,1,0.0,0.0,1
AS730BK4JQF0V,1,1.0,0.0,1,0.0,0.0,1
AS7J4952JB5XR,1,1.0,0.0,1,0.0,0.0,1
AS8C336DDLSO4,2,0.017094017094017096,0.0,2,0.0,2784.0,117
AS8IC1P9Y4VR1,1,1.0,0.0,1,0.0,0.0,1
AS9WUVBL06T87,1,1.0,0.0,1,0.0,0.0,1
AS9YSOCMP1D9D,1,1.0,0.0,1,0.0,0.0,1
ASAE723AV7MYO,1,1.0,0.0,1,0.0,0.0,1
ASAK3HY21OTNN,1,1.0,0.0,1,0.0,0.0,1
ASB7THP27C5SN,1,1.0,0.0,1,0.0,0.0,1
ASBCVHHEO1QXB,1,1.0,0.0,1,0.0,0.0,1
ASCBJEPXTOU0V,1,1.0,0.0,1,0.0,0.0,1
ASCRBSK5RD33H,1,1.0,0.0,1,0.0,0.0,1
ASDFYMJ1MTPE7,1,1.0,0.0,1,0.0,0.0,1
ASFTFWEKF1KKR,1,1.0,0.0,1,0.0,0.0,1
ASFUUFA3EKP6T,1,1.0,0.0,1,0.0,0.0,1
ASG60YVY09J6D,1,1.0,0.0,1,0.0,0.0,1
ASGCTZMBO161A,1,1.0,0.0,1,0.0,0.0,1
ASGG9KYGIIDGO,1,1.0,0.0,1,0.0,0.0,1
ASGL4FBI6GZW0,1,1.0,0.0,1,0.0,0.0,1
ASH6NHZ1Z2O51,1,1.0,0.0,1,0.0,0.0,1
ASHA8TXSJ1GRF,1,1.0,0.0,1,0.0,0.0,1
ASHJAZC9OA9NS,1,1.0,0.0,1,0.0,0.0,1
ASHQ1JCA241D6,2,0.000689655172413793,0.0,2,0.0,69576.0,2900
ASIUDXST0XPH,1,1.0,0.0,1,0.0,0.0,1
ASJN4DBPLF53L,1,1.0,0.0,1,0.0,0.0,1
ASJSX783R5HTZ,1,1.0,0.0,1,0.0,0.0,1
ASKFD1IPJ0PQ9,1,1.0,0.0,1,0.0,0.0,1
ASKH5LEPX8O39,1,1.0,0.0,1,0.0,0.0,1
ASKH6TPNTTAFS,1,1.0,0.0,1,0.0,0.0,1
ASL99TDING270,1,1.0,0.0,1,0.0,0.0,1
ASLAICRA179OS,1,1.0,0.0,1,0.0,0.0,1
ASLITWH5GJ1T5,1,1.0,0.0,1,0.0,0.0,1
ASOD8X0ZOI3SU,1,1.0,0.0,1,0.0,0.0,1
ASOG5QER5G0CE,1,1.0,0.0,1,0.0,0.0,1
ASOQKF9ZNJ1YO,1,1.0,0.0,1,0.0,0.0,1
ASPN95ORQQDS0,1,1.0,0.0,1,0.0,0.0,1
ASQIJSJUYE00F,1,1.0,0.0,1,0.0,0.0,1
ASRMT0X0G4UU2,1,1.0,0.0,1,0.0,0.0,1
ASRSXQNGDV0HG,1,1.0,0.0,1,0.0,0.0,1
ASSOOHA7T12OA,1,1.0,0.0,1,0.0,0.0,1
AST7UNIXVOAVA,1,1.0,0.0,1,0.0,0.0,1
ASV6KRCHWHOU2,1,1.0,0.0,1,0.0,0.0,1
ASV9LQSCXMG06,1,1.0,0.0,1,0.0,0.0,1
ASWHZ0TTPT0P0,1,1.0,0.0,1,0.0,0.0,1
ASWOF6PRBN5V0,1,1.0,0.0,1,0.0,0.0,1
ASWYSSKL9LL9X,5,1.6666666666666667,0.28284259933757927,5,0.0,12.0,3
ASY25YMTIC2A9,1,1.0,0.0,1,0.0,0.0,1
ASY5SLOQQNPR9,1,1.0,0.0,1,0.0,0.0,1
ASYWPMAIO0HGD,1,1.0,0.0,1,0.0,0.0,1
ASZL6B12IBU69,1,1.0,0.0,1,0.0,0.0,1
AT09WGFUM934H,1,1.0,0.0,1,0.0,0.0,1
AT28RL25Q2OLK,2,0.00041186161449752884,0.0,2,0.0,116520.0,4856
AT2BYFEVLVITT,5,0.16129032258064516,0.39999968000025604,5,0.0,180.0,31
AT2J7H5TRZM8Z,2,0.05263157894736842,0.0,2,0.0,888.0,38
AT3JKJUMYKAK,1,1.0,0.0,1,0.0,0.0,1
AT3P5M14UHVCX,1,1.0,0.0,1,0.0,0.0,1
AT4AV7XIQDKQP,5,0.001257229067136032,0.0,5,0.0,23856.0,3977
AT4KBG3R728L8,1,1.0,0.0,1,0.0,0.0,1
AT4MNYYZWM907,1,1.0,0.0,1,0.0,0.0,1
AT4UTUQP51RZG,2,0.02666666666666667,0.0,2,0.0,1776.0,75
AT6EUQERXGR8Z,1,1.0,0.0,1,0.0,0.0,1
AT7MEX6AWQF8P,2,0.0019120458891013384,0.0,2,0.0,25080.0,1046
AT8TIN5JKHO2V,5,0.15151515151515152,0.6928199073356066,5,0.0,192.0,33
AT9254GWBBOTC,1,1.0,0.0,1,0.0,0.0,1
AT961EZ6E5L0A,1,1.0,0.0,1,0.0,0.0,1
AT99SIDKSIFI7,1,1.0,0.0,1,0.0,0.0,1
AT9TLGZ5UHY0C,1,1.0,0.0,1,0.0,0.0,1
ATA1ENQCHVZVV,1,1.0,0.0,1,0.0,0.0,1
ATACHC51UNRMG,2,0.005649717514124294,0.0,2,0.0,8472.0,354
ATAS1JU2SXBL4,1,1.0,0.0,1,0.0,0.0,1
ATC3ZSRYRONK,1,1.0,0.0,1,0.0,0.0,1
ATC79W2A44517,1,1.0,0.0,1,0.0,0.0,1
ATCBM6W5YELBY,1,1.0,0.0,1,0.0,0.0,1
ATDE9JYCPI0L1,1,1.0,0.0,1,0.0,0.0,1
ATDEJ6381GRZJ,1,1.0,0.0,1,0.0,0.0,1
ATEDSY50EDAMI,1,1.0,0.0,1,0.0,0.0,1
ATELSGYOHCL3E,3,0.003947368421052632,0.0,3,0.0,9108.0,760
ATEQ0KDIJ7K89,1,1.0,0.0,1,0.0,0.0,1
ATEUCBITZJ5XO,1,1.0,0.0,1,0.0,0.0,1
ATF9GIT9E3X5S,1,1.0,0.0,1,0.0,0.0,1
ATFXPMUBXBQ99,1,1.0,0.0,1,0.0,0.0,1
ATGYH0TKHY9A1,1,1.0,0.0,1,0.0,0.0,1
ATI4GZAY97L2R,1,1.0,0.0,1,0.0,0.0,1
ATIESTXNUFNSW,1,1.0,0.0,1,0.0,0.0,1
ATIOA4WH6UE1C,1,1.0,0.0,1,0.0,0.0,1
ATKBLA1K7BYE8,1,1.0,0.0,1,0.0,0.0,1
ATKFSP54JDDEO,1,1.0,0.0,1,0.0,0.0,1
ATLCOMAE8J7FO,1,1.0,0.0,1,0.0,0.0,1
ATLYYBE1OCCTO,1,1.0,0.0,1,0.0,0.0,1
ATNZ6ZION5HI1,1,1.0,0.0,1,0.0,0.0,1
ATO7H6R5SQKIX,1,1.0,0.0,1,0.0,0.0,1
ATOFTVML8LX4D,1,1.0,0.0,1,0.0,0.0,1
ATOGPZKOA5QKQ,1,1.0,0.0,1,0.0,0.0,1
ATOKT8QYK967L,1,1.0,0.0,1,0.0,0.0,1
ATOYJCSSSOSWQ,1,1.0,0.0,1,0.0,0.0,1
ATQ97ZM79XJ3J,1,1.0,0.0,1,0.0,0.0,1
ATQI6GADZOH0X,1,1.0,0.0,1,0.0,0.0,1
ATQQA4VFSCXAG,1,1.0,0.0,1,0.0,0.0,1
ATQVLZOBO68E9,1,1.0,0.0,1,0.0,0.0,1
ATR5E4GBL8V1J,1,1.0,0.0,1,0.0,0.0,1
ATRSE31FLPUOP,1,1.0,0.0,1,0.0,0.0,1
ATRZDZST8GM5W,1,1.0,0.0,1,0.0,0.0,1
ATSVUBE2115N1,1,1.0,0.0,1,0.0,0.0,1
ATSW2ZBGB9E9G,1,1.0,0.0,1,0.0,0.0,1
ATTFTGJKCAHV,1,1.0,0.0,1,0.0,0.0,1
ATVG5JYNR3EWN,1,1.0,0.0,1,0.0,0.0,1
ATW0Z57E2G30I,1,1.0,0.0,1,0.0,0.0,1
ATW2I5S6S2PFA,4,0.008130081300813009,0.0,4,0.0,3928.0,492
ATW8R44NDYHSM,1,1.0,0.0,1,0.0,0.0,1
ATWC3WIN06B9A,1,1.0,0.0,1,0.0,0.0,1
ATWGAAUYYLACR,1,1.0,0.0,1,0.0,0.0,1
ATWPVC644K29Z,1,1.0,0.0,1,0.0,0.0,1
ATWVJUHW78DQL,1,1.0,0.0,1,0.0,0.0,1
ATXGAWFZAYEKT,1,1.0,0.0,1,0.0,0.0,1
ATXRV6Z3N08ZX,2,0.007782101167315175,0.0,2,0.0,6144.0,257
ATXSOMIK98ZMH,1,1.0,0.0,1,0.0,0.0,1
ATXZN4ZBT7VT,1,1.0,0.0,1,0.0,0.0,1
ATY86XH2DJ4ZH,1,1.0,0.0,1,0.0,0.0,1
ATYQBGM6Q5UMD,1,1.0,0.0,1,0.0,0.0,1
ATZ1E69I6MF0N,1,1.0,0.0,1,0.0,0.0,1
AU0V5EYSZT9SK,1,1.0,0.0,1,0.0,0.0,1
AU23M8NFNISHE,1,1.0,0.0,1,0.0,0.0,1
AU4H7OG5UFDWO,1,1.0,0.0,1,0.0,0.0,1
AU61SDVMO3PQG,1,1.0,0.0,1,0.0,0.0,1
AU7L8ZYYMSNRQ,1,1.0,0.0,1,0.0,0.0,1
AU7O296O6PXZM,1,1.0,0.0,1,0.0,0.0,1
AU8A5W8DWEMVP,1,1.0,0.0,1,0.0,0.0,1
AU8DH6AOA1YOJ,1,1.0,0.0,1,0.0,0.0,1
AU8E774SC8TWK,1,1.0,0.0,1,0.0,0.0,1
AU9BPT3Y3K6J4,1,1.0,0.0,1,0.0,0.0,1
AU9LWFAOXCZOV,1,1.0,0.0,1,0.0,0.0,1
AU9TU640Z88PY,1,1.0,0.0,1,0.0,0.0,1
AUBQ9SL293I8X,1,1.0,0.0,1,0.0,0.0,1
AUCF61BNJ5ZX7,4,0.0019305019305019305,0.0,4,0.0,16568.0,2072
AUCIFMWP3DU8R,1,1.0,0.0,1,0.0,0.0,1
AUCISQA1YXX86,1,1.0,0.0,1,0.0,0.0,1
AUDSB403UNG6L,1,1.0,0.0,1,0.0,0.0,1
AUDW7XTPPD79T,1,1.0,0.0,1,0.0,0.0,1
AUEBGCH3FFPTQ,1,1.0,0.0,1,0.0,0.0,1
AUEZ029EW5BF5,1,1.0,0.0,1,0.0,0.0,1
AUFX5ZHXKCQ8V,1,1.0,0.0,1,0.0,0.0,1
AUGDEAVGV90X5,1,1.0,0.0,1,0.0,0.0,1
AUHT4M1W3G7PJ,1,1.0,0.0,1,0.0,0.0,1
AUIRGT6DWUVD,1,1.0,0.0,1,0.0,0.0,1
AUITG1DJ3QUGK,3,0.0012749681257968552,0.47140420652156073,3,0.0,28224.0,2353
AUIZCHYZLLQCX,1,1.0,0.0,1,0.0,0.0,1
AUJUHU8L50OMU,1,1.0,0.0,1,0.0,0.0,1
AUJWP901VCRQ9,1,1.0,0.0,1,0.0,0.0,1
AUKEU9CW56TT4,1,1.0,0.0,1,0.0,0.0,1
AUKMX8TAFE3BA,1,1.0,0.0,1,0.0,0.0,1
AUL0JCNC6QZ2L,1,1.0,0.0,1,0.0,0.0,1
AULAFZN0HMQG0,1,1.0,0.0,1,0.0,0.0,1
AULFLNWJP1QXY,1,1.0,0.0,1,0.0,0.0,1
AUM9K0KZGK653,1,1.0,0.0,1,0.0,0.0,1
AUMJC6WY81CEI,1,1.0,0.0,1,0.0,0.0,1
AUNJAQP3VECI5,1,1.0,0.0,1,0.0,0.0,1
AUPCERMZ6ASML,1,1.0,0.0,1,0.0,0.0,1
AUPIVCP28NXK3,1,1.0,0.0,1,0.0,0.0,1
AUQ222SF27VCL,1,1.0,0.0,1,0.0,0.0,1
AUQQWQ5GTVKTQ,1,1.0,0.0,1,0.0,0.0,1
AUQX2NKVSRZ2A,1,1.0,0.0,1,0.0,0.0,1
AURHQ3OVNNSLK,1,1.0,0.0,1,0.0,0.0,1
AURW67ORPANXK,2,0.006230529595015576,0.0,2,0.0,7680.0,321
AUS81YHTM2MPY,1,1.0,0.0,1,0.0,0.0,1
AUTNL9E3MTR4M,1,1.0,0.0,1,0.0,0.0,1
AUUV3XDYB16X5,1,1.0,0.0,1,0.0,0.0,1
AUVCTHRJWGFXN,1,1.0,0.0,1,0.0,0.0,1
AUWG3HK4IAG92,1,1.0,0.0,1,0.0,0.0,1
AUX0AAT25O9O0,1,1.0,0.0,1,0.0,0.0,1
AUX8P4Q9RG6IN,1,1.0,0.0,1,0.0,0.0,1
AUXGETYE86593,1,1.0,0.0,1,0.0,0.0,1
AUY3CWAZDVGT5,1,1.0,0.0,1,0.0,0.0,1
AV0D9NPLN8BIL,1,1.0,0.0,1,0.0,0.0,1
AV1B3S6ONDIWL,1,1.0,0.0,1,0.0,0.0,1
AV1GL5WEA5MRW,1,1.0,0.0,1,0.0,0.0,1
AV27WAAYOTH0U,1,1.0,0.0,1,0.0,0.0,1
AV3CY3MLHJ511,1,1.0,0.0,1,0.0,0.0,1
AV4OIRMTG6QXC,1,1.0,0.0,1,0.0,0.0,1
AV4RSVB9BP8PS,1,1.0,0.0,1,0.0,0.0,1
AV5OYCF0TNUZZ,1,1.0,0.0,1,0.0,0.0,1
AV5QKR5O2XE1I,1,1.0,0.0,1,0.0,0.0,1
AV5UHOOAXF5FN,2,0.037037037037037035,0.0,2,0.0,1272.0,54
AV7371VDFACZO,1,1.0,0.0,1,0.0,0.0,1
AV8NTE7E9QGJX,1,1.0,0.0,1,0.0,0.0,1
AV8XORAUWHHZJ,1,1.0,0.0,1,0.0,0.0,1
AV90JD8C9IUD0,1,1.0,0.0,1,0.0,0.0,1
AVA8EWZIPA3N5,1,1.0,0.0,1,0.0,0.0,1
AVAM30BI2NOOR,1,1.0,0.0,1,0.0,0.0,1
AVATJWYV4L8T9,1,1.0,0.0,1,0.0,0.0,1
AVB1BHAHK1YH0,1,1.0,0.0,1,0.0,0.0,1
AVBG4AB5XVKNB,1,1.0,0.0,1,0.0,0.0,1
AVBJLSSLIQEMP,1,1.0,0.0,1,0.0,0.0,1
AVCLMVDU3FMSH,1,1.0,0.0,1,0.0,0.0,1
AVDW3OAVWWE05,1,1.0,0.0,1,0.0,0.0,1
AVE2J7PNE0L9C,3,0.0015392508978963571,0.0,3,0.0,23376.0,1949
AVEUMSBNRA5TJ,1,1.0,0.0,1,0.0,0.0,1
AVFB9B931P1CJ,1,1.0,0.0,1,0.0,0.0,1
AVFDFNRFLXGKG,1,1.0,0.0,1,0.0,0.0,1
AVGNO39FVLP3F,1,1.0,0.0,1,0.0,0.0,1
AVH94LMMMVXSO,1,1.0,0.0,1,0.0,0.0,1
AVHB9LLVCTEKY,1,1.0,0.0,1,0.0,0.0,1
AVJRYJHGXR3NX,1,1.0,0.0,1,0.0,0.0,1
AVJT1MBYL5QZJ,2,0.06666666666666667,0.0,2,0.0,696.0,30
AVKN56YCOTI2W,2,0.046511627906976744,0.0,2,0.0,1008.0,43
AVL70UM8UXA3L,1,1.0,0.0,1,0.0,0.0,1
AVLWZUZ594UT4,1,1.0,0.0,1,0.0,0.0,1
AVM0RJ1L4FBJW,1,1.0,0.0,1,0.0,0.0,1
AVMWJGOUXWY2D,1,1.0,0.0,1,0.0,0.0,1
AVOFGZ70P39BH,2,0.25,0.0,2,0.0,168.0,8
AVPDFPMZK4Q65,1,1.0,0.0,1,0.0,0.0,1
AVPJ9F4OR0VRB,1,1.0,0.0,1,0.0,0.0,1
AVPY9B8NYUMJG,3,0.125,0.0,3,0.0,276.0,24
AVQLDV5MMCDVM,1,1.0,0.0,1,0.0,0.0,1
AVR7XAXTFT3K9,1,1.0,0.0,1,0.0,0.0,1
AVRFGGCCCR6QU,1,1.0,0.0,1,0.0,0.0,1
AVRV5S5L7MJNC,1,1.0,0.0,1,0.0,0.0,1
AVSMRPI23DQI2,1,1.0,0.0,1,0.0,0.0,1
AVSVOKDI0AGR7,1,1.0,0.0,1,0.0,0.0,1
AVSYVH92H3Y64,1,1.0,0.0,1,0.0,0.0,1
AVUAK0N5NI9X2,1,1.0,0.0,1,0.0,0.0,1
AVUE941QR0MI2,1,1.0,0.0,1,0.0,0.0,1
AVUJQ7L84Q5M2,1,1.0,0.0,1,0.0,0.0,1
AVV7G36385NL0,1,1.0,0.0,1,0.0,0.0,1
AVV7UXTHR0NWS,2,0.1111111111111111,0.0,2,0.0,408.0,18
AVVD6V3FYC99O,1,1.0,0.0,1,0.0,0.0,1
AVW90M65ADTDM,1,1.0,0.0,1,0.0,0.0,1
AVWFHFRDVOC6Q,1,1.0,0.0,1,0.0,0.0,1
AVWRG73FEVBQV,1,1.0,0.0,1,0.0,0.0,1
AVX4WIV5O4F93,2,0.001001001001001001,0.0,2,0.0,47928.0,1998
AVXOTIX8WM0T7,1,1.0,0.0,1,0.0,0.0,1
AVZDJYULA3P3M,1,1.0,0.0,1,0.0,0.0,1
AW003H7Z3OCHA,2,0.03389830508474576,0.0,2,0.0,1392.0,59
AW05BRCRWPZWA,2,0.034482758620689655,0.0,2,0.0,1368.0,58
AW07UH6002PLJ,1,1.0,0.0,1,0.0,0.0,1
AW08US1RAYI0B,1,1.0,0.0,1,0.0,0.0,1
AW0SOAPEY2I7,1,1.0,0.0,1,0.0,0.0,1
AW1D68VYR0HD0,1,1.0,0.0,1,0.0,0.0,1
AW2HM4QASXSA6,1,1.0,0.0,1,0.0,0.0,1
AW2YZ8GHU8GIV,2,0.0027397260273972603,0.0,2,0.0,17496.0,730
AW37W6PEWFCD7,1,1.0,0.0,1,0.0,0.0,1
AW3KFYL19VZPL,1,1.0,0.0,1,0.0,0.0,1
AW3LX47IHPFRL,1,1.0,0.0,1,0.0,0.0,1
AW4ZR3T63NCP0,1,1.0,0.0,1,0.0,0.0,1
AW68KVDV7BBRS,2,0.004273504273504274,0.0,2,0.0,11208.0,468
AW6A4PPENVZY3,1,1.0,0.0,1,0.0,0.0,1
AW7KZSHZBK75S,1,1.0,0.0,1,0.0,0.0,1
AW8UBYMNJ894V,1,1.0,0.0,1,0.0,0.0,1
AW8YACI7RNNC,1,1.0,0.0,1,0.0,0.0,1
AW96RTBLM8068,1,1.0,0.0,1,0.0,0.0,1
AW9QRZNFIT95F,1,1.0,0.0,1,0.0,0.0,1
AWA8NYOA1CPBS,1,1.0,0.0,1,0.0,0.0,1
AWAJT50EE2PBD,1,1.0,0.0,1,0.0,0.0,1
AWB00UIW85BNV,1,1.0,0.0,1,0.0,0.0,1
AWBUA3QUM6DRY,2,0.15384615384615385,0.0,2,0.0,288.0,13
AWBZ0P0P842NG,1,1.0,0.0,1,0.0,0.0,1
AWBZAHKAN64CO,2,0.002068252326783868,0.0,2,0.0,23184.0,967
AWC8CTW8N2XVE,1,1.0,0.0,1,0.0,0.0,1
AWCWQ5N8EB1XW,1,1.0,0.0,1,0.0,0.0,1
AWDYLVB91K23B,1,1.0,0.0,1,0.0,0.0,1
AWELDY8FAE20O,1,1.0,0.0,1,0.0,0.0,1
AWGXF4XREHKBR,1,1.0,0.0,1,0.0,0.0,1
AWHT8HM8R4B3Z,1,1.0,0.0,1,0.0,0.0,1
AWKQGHK4122WI,1,1.0,0.0,1,0.0,0.0,1
AWLUBRTNZP5FL,1,1.0,0.0,1,0.0,0.0,1
AWMFKTA75KJQB,1,1.0,0.0,1,0.0,0.0,1
AWN8Q7FYS4G09,1,1.0,0.0,1,0.0,0.0,1
AWNWOMUT9HS2D,1,1.0,0.0,1,0.0,0.0,1
AWO7V8RR26RMX,1,1.0,0.0,1,0.0,0.0,1
AWORZ9HO1HCTB,1,1.0,0.0,1,0.0,0.0,1
AWPODHOB4GFWL,2,0.0018450184501845018,0.0,2,0.0,25992.0,1084
AWPRJUXW39ZYC,1,1.0,0.0,1,0.0,0.0,1
AWS3IPO8RQSUB,1,1.0,0.0,1,0.0,0.0,1
AWSTQ0RMVNH0R,1,1.0,0.0,1,0.0,0.0,1
AWUBTQZOBGFKK,1,1.0,0.0,1,0.0,0.0,1
AWUQ43W80B8ED,1,1.0,0.0,1,0.0,0.0,1
AWVAHIB7Q3UD6,1,1.0,0.0,1,0.0,0.0,1
AWWBWAEQ8UUO0,1,1.0,0.0,1,0.0,0.0,1
AWWBZZXN32I6H,1,1.0,0.0,1,0.0,0.0,1
AWXRPZ7F3D1UH,1,1.0,0.0,1,0.0,0.0,1
AWYOVVOCJIGBK,1,1.0,0.0,1,0.0,0.0,1
AWYSI7X29SQ9D,1,1.0,0.0,1,0.0,0.0,1
AWZ47W0194UVT,1,1.0,0.0,1,0.0,0.0,1
AWZTZR9GATRZH,1,1.0,0.0,1,0.0,0.0,1
AX27RYM65B3GI,1,1.0,0.0,1,0.0,0.0,1
AX329NHW6B7BA,1,1.0,0.0,1,0.0,0.0,1
AX3VPBCU8F4RF,1,1.0,0.0,1,0.0,0.0,1
AX802DK9MMMYD,2,0.000882223202470225,0.0,2,0.0,54384.0,2267
AX8SWWB9837TA,3,0.08571428571428572,0.0,3,0.0,408.0,35
AX9FIZX89LNFQ,1,1.0,0.0,1,0.0,0.0,1
AXABTEYS7A4A8,1,1.0,0.0,1,0.0,0.0,1
AXAJXJZUL2J5P,1,1.0,0.0,1,0.0,0.0,1
AXALKJR9F4USW,1,1.0,0.0,1,0.0,0.0,1
AXCUPHHJJWZ3C,1,1.0,0.0,1,0.0,0.0,1
AXCWZ8HUF332W,1,1.0,0.0,1,0.0,0.0,1
AXDCA2CU2BNSG,3,0.022058823529411766,0.0,3,0.0,1620.0,136
AXDI7SSVP9VMZ,1,1.0,0.0,1,0.0,0.0,1
AXDM1069BD601,2,0.013986013986013986,0.0,2,0.0,3408.0,143
AXEBO3BWCTWCK,1,1.0,0.0,1,0.0,0.0,1
AXF1G21IMHCU6,1,1.0,0.0,1,0.0,0.0,1
AXF7HOXQDTVOQ,1,1.0,0.0,1,0.0,0.0,1
AXGSXTSBRGDMZ,1,1.0,0.0,1,0.0,0.0,1
AXHEZ7BIWEYX6,1,1.0,0.0,1,0.0,0.0,1
AXHZ3GKG02IQY,1,1.0,0.0,1,0.0,0.0,1
AXI2RYB20ZZM4,1,1.0,0.0,1,0.0,0.0,1
AXI7RR4TBX3DZ,1,1.0,0.0,1,0.0,0.0,1
AXIFW4FX85291,1,1.0,0.0,1,0.0,0.0,1
AXJ1QYBUL86ON,1,1.0,0.0,1,0.0,0.0,1
AXJU138LSIS2J,1,1.0,0.0,1,0.0,0.0,1
AXK9O1OC2I2PD,1,1.0,0.0,1,0.0,0.0,1
AXKVDODFCKHYJ,1,1.0,0.0,1,0.0,0.0,1
AXL5F6RXDQMEW,1,1.0,0.0,1,0.0,0.0,1
AXLQP6J93X2NQ,1,1.0,0.0,1,0.0,0.0,1
AXLRBD9NUE6BV,1,1.0,0.0,1,0.0,0.0,1
AXMV0OS9TZN0I,1,1.0,0.0,1,0.0,0.0,1
AXN9VY5129WYT,1,1.0,0.0,1,0.0,0.0,1
AXNQ3UXQ3P5HE,1,1.0,0.0,1,0.0,0.0,1
AXNVP9GQR85I1,1,1.0,0.0,1,0.0,0.0,1
AXO2I2EINB39S,1,1.0,0.0,1,0.0,0.0,1
AXPQHTRIH7TPK,1,1.0,0.0,1,0.0,0.0,1
AXQ9TA3XU93T2,1,1.0,0.0,1,0.0,0.0,1
AXQPJFOALBYAH,1,1.0,0.0,1,0.0,0.0,1
AXR9PC2II8UCB,1,1.0,0.0,1,0.0,0.0,1
AXSTY40VP4M45,1,1.0,0.0,1,0.0,0.0,1
AXT8ASWG8JZQM,1,1.0,0.0,1,0.0,0.0,1
AXTD5V28KMNTX,1,1.0,0.0,1,0.0,0.0,1
AXU2CNLS5EGPP,1,1.0,0.0,1,0.0,0.0,1
AXUY77QFQ14FY,1,1.0,0.0,1,0.0,0.0,1
AXVORKGHPNFN5,1,1.0,0.0,1,0.0,0.0,1
AXW14DXA684N4,1,1.0,0.0,1,0.0,0.0,1
AXX1R3B8LRTCS,1,1.0,0.0,1,0.0,0.0,1
AXYGT3CBHC1WA,1,1.0,0.0,1,0.0,0.0,1
AXYIDAFJ8KCDM,1,1.0,0.0,1,0.0,0.0,1
AXZQYHT23SFAJ,1,1.0,0.0,1,0.0,0.0,1
AY089FCEGRV2G,1,1.0,0.0,1,0.0,0.0,1
AY1406KH1MLAP,1,1.0,0.0,1,0.0,0.0,1
AY18E24VXG8FT,1,1.0,0.0,1,0.0,0.0,1
AY1AH6JFEURNZ,1,1.0,0.0,1,0.0,0.0,1
AY1IDZTQDM2D7,1,1.0,0.0,1,0.0,0.0,1
AY1KGMCPIZRBP,1,1.0,0.0,1,0.0,0.0,1
AY1WB9I0SE5US,1,1.0,0.0,1,0.0,0.0,1
AY4B9XKR85TTK,1,1.0,0.0,1,0.0,0.0,1
AY4RKND47OQHJ,1,1.0,0.0,1,0.0,0.0,1
AY5VJCY3K4DD8,1,1.0,0.0,1,0.0,0.0,1
AY62TN9VGKI2Z,2,0.006211180124223602,0.0,2,0.0,7704.0,322
AY6A8KPYCE6B0,1,1.0,0.0,1,0.0,0.0,1
AY796UUSZ2ZVA,1,1.0,0.0,1,0.0,0.0,1
AY7RGI58I9W3B,1,1.0,0.0,1,0.0,0.0,1
AY80D45F691BD,1,1.0,0.0,1,0.0,0.0,1
AY8Q1X7G96HV5,13,0.08387096774193549,0.8473180894881214,13,0.0,308.0,155
AY99XJF8S74Q5,1,1.0,0.0,1,0.0,0.0,1
AYAH3223TN3YU,1,1.0,0.0,1,0.0,0.0,1
AYB4ELCS5AM8P,1,1.0,0.0,1,0.0,0.0,1
AYBP700B8IW2B,1,1.0,0.0,1,0.0,0.0,1
AYC7L2YJMZOOC,1,1.0,0.0,1,0.0,0.0,1
AYCS41BVC7IWA,1,1.0,0.0,1,0.0,0.0,1
AYE6O5A7WOXR0,1,1.0,0.0,1,0.0,0.0,1
AYEDD0H73HY09,1,1.0,0.0,1,0.0,0.0,1
AYEGDBTAK29JA,1,1.0,0.0,1,0.0,0.0,1
AYEQSGT02CAP3,1,1.0,0.0,1,0.0,0.0,1
AYEVRJCDITQ8T,1,1.0,0.0,1,0.0,0.0,1
AYEXT1RVLWRXW,2,2.0,0.0,2,0.0,0.0,1
AYGB2EFZ3O3IW,1,1.0,0.0,1,0.0,0.0,1
AYIMQYSNJ96YS,1,1.0,0.0,1,0.0,0.0,1
AYJG6V3AQONGG,1,1.0,0.0,1,0.0,0.0,1
AYJJDQQ4EZ5V3,1,1.0,0.0,1,0.0,0.0,1
AYK7KLKHFHS89,1,1.0,0.0,1,0.0,0.0,1
AYKQ204JQF419,1,1.0,0.0,1,0.0,0.0,1
AYLC085ZL5X5O,4,0.021621621621621623,0.0,4,0.0,1472.0,185
AYM76JWI220Z4,1,1.0,0.0,1,0.0,0.0,1
AYMBN5CC7IUK7,1,1.0,0.0,1,0.0,0.0,1
AYMD77ITD15PT,1,1.0,0.0,1,0.0,0.0,1
AYMDZIOGLRS4Y,1,1.0,0.0,1,0.0,0.0,1
AYMJ0CNEMPG48,1,1.0,0.0,1,0.0,0.0,1
AYNE96AZ7GLLB,1,1.0,0.0,1,0.0,0.0,1
AYO28MSBV9F,1,1.0,0.0,1,0.0,0.0,1
AYOIM6S23UDAH,1,1.0,0.0,1,0.0,0.0,1
AYOUAFWNVE76F,1,1.0,0.0,1,0.0,0.0,1
AYPCGRSNA2IL,1,1.0,0.0,1,0.0,0.0,1
AYPPJ3KQ6UDOS,1,1.0,0.0,1,0.0,0.0,1
AYQ6GWCSVVYW8,1,1.0,0.0,1,0.0,0.0,1
AYQLU316XEFAG,1,1.0,0.0,1,0.0,0.0,1
AYQNWE3AX4H08,1,1.0,0.0,1,0.0,0.0,1
AYR1AP117UBVQ,1,1.0,0.0,1,0.0,0.0,1
AYRAJKPKSORP4,2,0.0057306590257879654,0.0,2,0.0,8352.0,349
AYTGG6XTVUG7G,1,1.0,0.0,1,0.0,0.0,1
AYVM2DODURDLE,1,1.0,0.0,1,0.0,0.0,1
AYWIO6OYAGFGQ,4,0.006802721088435374,0.0,4,0.0,4696.0,588
AYXH5VLBX3GDT,1,1.0,0.0,1,0.0,0.0,1
AYXJMJJJ8JMXH,1,1.0,0.0,1,0.0,0.0,1
AYYNNAEWP3W5Y,1,1.0,0.0,1,0.0,0.0,1
AZ0FIJCBTM6MI,1,1.0,0.0,1,0.0,0.0,1
AZ0SIZRQWN7RC,2,0.030303030303030304,0.0,2,0.0,1560.0,66
AZ0TA88HQ76QK,1,1.0,0.0,1,0.0,0.0,1
AZ1RAP7SF84I3,1,1.0,0.0,1,0.0,0.0,1
AZ1UEOB5EIU5O,1,1.0,0.0,1,0.0,0.0,1
AZ2X2P045ZFH2,1,1.0,0.0,1,0.0,0.0,1
AZ3KFS5LTFPTQ,1,1.0,0.0,1,0.0,0.0,1
AZ4ZYOPY754KQ,1,1.0,0.0,1,0.0,0.0,1
AZ5A2S8UZ7RTL,2,0.0056179775280898875,0.0,2,0.0,8520.0,356
AZ6SUJ5T0KBE5,1,1.0,0.0,1,0.0,0.0,1
AZ7EFFHA5K82P,2,0.0011013215859030838,0.0,2,0.0,43560.0,1816
AZ9QAIBGTLTLB,2,2.0,0.0,2,0.0,0.0,1
AZA96HCU57OVF,1,1.0,0.0,1,0.0,0.0,1
AZAC8O310IK4E,2,0.001702127659574468,0.0,2,0.0,28176.0,1175
AZANOSUQAY5C6,1,1.0,0.0,1,0.0,0.0,1
AZBELVP7XNQ2W,1,1.0,0.0,1,0.0,0.0,1
AZBXKUH4AIW3X,1,1.0,0.0,1,0.0,0.0,1
AZCE11PSTCH1L,1,1.0,0.0,1,0.0,0.0,1
AZD7C4ZW00YKH,1,1.0,0.0,1,0.0,0.0,1
AZD8DMTDUVUDL,1,1.0,0.0,1,0.0,0.0,1
AZDBSC1VRMVY8,1,1.0,0.0,1,0.0,0.0,1
AZDFE5RF3TZLT,1,1.0,0.0,1,0.0,0.0,1
AZDGMG2Y0FLB2,1,1.0,0.0,1,0.0,0.0,1
AZF2N3ZIC9B9M,1,1.0,0.0,1,0.0,0.0,1
AZFF4CX9MQ4AE,2,0.058823529411764705,0.0,2,0.0,792.0,34
AZFM7IM6ZEX2T,2,0.011764705882352941,0.0,2,0.0,4056.0,170
AZG6CV3B3279V,1,1.0,0.0,1,0.0,0.0,1
AZGNX5BBS3UMW,2,0.011235955056179775,0.0,2,0.0,4248.0,178
AZH1J5JIBIE8G,1,1.0,0.0,1,0.0,0.0,1
AZHOP0V69KO20,1,1.0,0.0,1,0.0,0.0,1
AZHV16QDXACKC,1,1.0,0.0,1,0.0,0.0,1
AZHXG4UKZZLAG,1,1.0,0.0,1,0.0,0.0,1
AZI2LSICN77KW,1,1.0,0.0,1,0.0,0.0,1
AZIQ99PTUQ3PJ,1,1.0,0.0,1,0.0,0.0,1
AZJFWALLYUEUB,1,1.0,0.0,1,0.0,0.0,1
AZLAKWWT1RKGP,1,1.0,0.0,1,0.0,0.0,1
AZMY6E8B52L2T,2,0.011904761904761904,0.0,2,0.0,4008.0,168
AZNH6NRP6PVYR,1,1.0,0.0,1,0.0,0.0,1
AZOFJX627J181,1,1.0,0.0,1,0.0,0.0,1
AZOK5STV85FBJ,1,1.0,0.0,1,0.0,0.0,1
AZOPTWUSS6UM0,1,1.0,0.0,1,0.0,0.0,1
AZOTUFIYPVNDT,1,1.0,0.0,1,0.0,0.0,1
AZP2U25R0TN4E,1,1.0,0.0,1,0.0,0.0,1
AZPYIAOEAV3OZ,1,1.0,0.0,1,0.0,0.0,1
AZQ8HGO3Z4T,1,1.0,0.0,1,0.0,0.0,1
AZQ9DYG38GVBR,1,1.0,0.0,1,0.0,0.0,1
AZQTJ6HUS5L2Q,1,1.0,0.0,1,0.0,0.0,1
AZRJH4JFB59VC,2,0.07407407407407407,0.0,2,0.0,624.0,27
AZRPGTU8A7KD5,1,1.0,0.0,1,0.0,0.0,1
AZSH7IFNZR62F,2,0.3333333333333333,0.0,2,0.0,120.0,6
AZSKORJRCSQ38,1,1.0,0.0,1,0.0,0.0,1
AZTAC5WZ4QDRN,1,1.0,0.0,1,0.0,0.0,1
AZTZ61W23JET0,1,1.0,0.0,1,0.0,0.0,1
AZV2U6GU5QA6C,1,1.0,0.0,1,0.0,0.0,1
AZX2RDN9YXZAE,1,1.0,0.0,1,0.0,0.0,1
AZXIGU9MBPYW,1,1.0,0.0,1,0.0,0.0,1
AZXKUK895VGSM,1,1.0,0.0,1,0.0,0.0,1
AZXP46IB63PU8,1,1.0,0.0,1,0.0,0.0,1
AZXWUZ9PPSOTL,1,1.0,0.0,1,0.0,0.0,1
AZYTIZ4EHOAL8,1,1.0,0.0,1,0.0,0.0,1
AZZ1KF8RAO1BR,1,1.0,0.0,1,0.0,0.0,1
AZZ77XYX8O2WE,1,1.0,0.0,1,0.0,0.0,1
AZZA7IQWTXCH3,1,1.0,0.0,1,0.0,0.0,1
AZZR8DUVE5L8O,1,1.0,0.0,1,0.0,0.0,1
