user_id,rating_entropy,avg_rating,std_rating,rating_concentration,pct_five_star,pct_positive_ratings,num_ratings
A0266076X6KPZ6CCHGVS,0.0,5.0,0.0,1.0,1.0,1.0,1
A100SER4Z9YAWR,0.0,5.0,0.0,1.0,1.0,1.0,1
A100WHX0JSGXDB,0.0,5.0,0.0,1.0,1.0,1.0,1
A100WO06OQR8BQ,0.0,5.0,0.0,1.0,1.0,1.0,2
A101OAAMZYWQ3U,0.0,1.0,0.0,1.0,0.0,0.0,1
A1027EV8A9PV1O,0.0,5.0,0.0,1.0,1.0,1.0,1
A1028XZRNI0NRP,0.0,3.0,0.0,1.0,0.0,0.0,1
A102EC3XGCBZ81,0.0,5.0,0.0,1.0,1.0,1.0,1
A102RLOGIBBDMW,0.0,4.0,0.0,1.0,0.0,1.0,1
A102ZABPUPNYCT,0.0,4.0,0.0,1.0,0.0,1.0,1
A1038957GWRBP375RU5T,0.0,5.0,0.0,1.0,1.0,1.0,1
A104F83PVACKQF,0.0,5.0,0.0,1.0,1.0,1.0,1
A104VHQ06KFLDT,0.0,4.0,0.0,1.0,0.0,1.0,1
A1056H518CJ5XD,0.0,5.0,0.0,1.0,1.0,1.0,1
A105AZN9C8UAOJ,0.0,5.0,0.0,1.0,1.0,1.0,1
A105GWGM7PDAI2,0.0,5.0,0.0,1.0,1.0,1.0,2
A105R38CAPDBGU,0.0,1.0,0.0,1.0,0.0,0.0,1
A105TOJ6LTVMBG,0.0,4.0,0.0,1.0,0.0,1.0,1
A106FBN3SVKSQL,0.0,5.0,0.0,1.0,1.0,1.0,1
A1089S59XSJT2T,0.0,5.0,0.0,1.0,1.0,1.0,1
A108EEYSHGDL6O,0.0,5.0,0.0,1.0,1.0,1.0,1
A108J5O7DG2WIM,0.0,5.0,0.0,1.0,1.0,1.0,1
A108QN0VQPX1W2,0.0,4.0,0.0,1.0,0.0,1.0,1
A10ARISO1UMIUN,0.0,5.0,0.0,1.0,1.0,1.0,1
A10AV4PT812CO6,0.0,5.0,0.0,1.0,1.0,1.0,1
A10AW7H143CP9M,0.0,5.0,0.0,1.0,1.0,1.0,1
A10BH1JDT6SNGA,0.0,5.0,0.0,1.0,1.0,1.0,1
A10BOETDPAFJ4C,0.0,5.0,0.0,1.0,1.0,1.0,1
A10BZC79VVV21R,0.0,3.0,0.0,1.0,0.0,0.0,1
A10C84Y38RT22P,0.0,5.0,0.0,1.0,1.0,1.0,2
A10CRW7XRJBJ2G,0.0,5.0,0.0,1.0,1.0,1.0,1
A10CT6NX3DLQ8B,0.0,5.0,0.0,1.0,1.0,1.0,1
A10CY1HLD2P2Y0,0.0,4.0,0.0,1.0,0.0,1.0,1
A10DKG2D2J845R,0.0,5.0,0.0,1.0,1.0,1.0,1
A10G67NY7XQQIQ,0.0,5.0,0.0,1.0,1.0,1.0,1
A10G7GOD9ZWVVV,0.0,5.0,0.0,1.0,1.0,1.0,1
A10GWHRIUD964P,0.0,1.0,0.0,1.0,0.0,0.0,1
A10H073G5MOLJA,0.0,4.0,0.0,1.0,0.0,1.0,1
A10JU0DFXS3WR8,0.0,5.0,0.0,1.0,1.0,1.0,1
A10K1AI4CC0588,0.0,4.0,0.0,1.0,0.0,1.0,1
A10K41QA6YVOXR,0.0,1.0,0.0,1.0,0.0,0.0,1
A10K4IH3C93O4L,0.0,4.0,0.0,1.0,0.0,1.0,1
A10KDHOU58875,0.0,5.0,0.0,1.0,1.0,1.0,1
A10KI8CUGFN14O,0.0,5.0,0.0,1.0,1.0,1.0,1
A10LSISVUDS2GH,0.0,5.0,0.0,1.0,1.0,1.0,1
A10LWFKVC21F82,0.0,3.0,0.0,1.0,0.0,0.0,1
A10M0GF5ZFODYU,0.0,2.0,0.0,1.0,0.0,0.0,1
A10MB3X3QKRDI0,0.0,5.0,0.0,1.0,1.0,1.0,1
A10MVAVRS0Y91,0.0,4.0,0.0,1.0,0.0,1.0,1
A10MVOFKTZVNN4,0.0,1.0,0.0,1.0,0.0,0.0,1
A10N9KVV3DIUWD,0.0,3.0,0.0,1.0,0.0,0.0,1
A10NIIWUHCDI0Q,0.0,1.0,0.0,1.0,0.0,0.0,1
A10NQKIG7NXUR7,0.0,5.0,0.0,1.0,1.0,1.0,1
A10ONZJPXOK6G7,0.0,5.0,0.0,1.0,1.0,1.0,1
A10P8UG177H2XR,0.0,2.0,0.0,1.0,0.0,0.0,1
A10PEXB6XAQ5XF,0.0,5.0,0.0,1.0,1.0,1.0,1
A10QQWAYZVX2QS,0.0,4.0,0.0,1.0,0.0,1.0,1
A10R0C79S921EP,0.0,5.0,0.0,1.0,1.0,1.0,1
A10RHYA8B2K9QT,0.0,5.0,0.0,1.0,1.0,1.0,1
A10S9NK38WEQ65,0.0,4.0,0.0,1.0,0.0,1.0,1
A10SRJNBFF2BGY,0.43067655807339306,4.5,0.7071067811865476,0.5693234419266069,0.5,1.0,2
A10TI75YHEDJ55,0.0,4.0,0.0,1.0,0.0,1.0,1
A10TI8SX6OKJ23,0.0,5.0,0.0,1.0,1.0,1.0,1
A10TTUZKZRCT44,0.0,5.0,0.0,1.0,1.0,1.0,1
A10U7PLPODFA0M,0.0,4.0,0.0,1.0,0.0,1.0,1
A10UHQH1YL5Q6B,0.0,5.0,0.0,1.0,1.0,1.0,1
A10UQI8QS0Z2N3,0.0,5.0,0.0,1.0,1.0,1.0,1
A10VE1GY2DIMOZ,0.0,3.0,0.0,1.0,0.0,0.0,1
A10VGVCS9EFVGZ,0.0,3.0,0.0,1.0,0.0,0.0,1
A10WET3ZP50AFG,0.0,5.0,0.0,1.0,1.0,1.0,1
A10WILNLQ44MGQ,0.0,5.0,0.0,1.0,1.0,1.0,1
A10X33VL24RGDK,0.0,5.0,0.0,1.0,1.0,1.0,1
A10X3LYWCWIDAH,0.0,5.0,0.0,1.0,1.0,1.0,1
A10X9ME6R66JDX,0.0,4.0,0.0,1.0,0.0,1.0,1
A10XB56QFYLVC8,0.0,5.0,0.0,1.0,1.0,1.0,1
A10Y058K7B96C6,0.0,5.0,0.0,1.0,1.0,1.0,1
A10YZUINKZHDJW,0.0,5.0,0.0,1.0,1.0,1.0,1
A10ZEOXLINIOEP,0.0,5.0,0.0,1.0,1.0,1.0,1
A110PC8C5Y7MQD,0.0,4.0,0.0,1.0,0.0,1.0,1
A110S8IJ3ZID0D,0.0,5.0,0.0,1.0,1.0,1.0,1
A111XJY4XSDIY9,0.0,5.0,0.0,1.0,1.0,1.0,1
A11229C4LTJ4JG,0.0,5.0,0.0,1.0,1.0,1.0,1
A112SYEKX4ZTUI,0.0,5.0,0.0,1.0,1.0,1.0,1
A11312A9J5RL9J,0.0,5.0,0.0,1.0,1.0,1.0,1
A1134O4T95NOR2,0.0,4.0,0.0,1.0,0.0,1.0,1
A113JL355TBC33,0.0,1.0,0.0,1.0,0.0,0.0,1
A113KNP2LMBXMI,0.0,5.0,0.0,1.0,1.0,1.0,1
A114Z5X6UH93GT,0.0,5.0,0.0,1.0,1.0,1.0,1
A115J29WONV2JZ,0.0,5.0,0.0,1.0,1.0,1.0,1
A11617B1NW474D,0.0,5.0,0.0,1.0,1.0,1.0,1
A1169WM71ZTLXR,0.0,5.0,0.0,1.0,1.0,1.0,1
A116JE9WSXSETB,0.0,5.0,0.0,1.0,1.0,1.0,1
A1179AOJ8WJL5U,0.0,3.0,0.0,1.0,0.0,0.0,1
A117L29JBUWK5U,0.0,5.0,0.0,1.0,1.0,1.0,1
A118A49ORGNEUM,0.43067655807339306,4.0,1.4142135623730951,0.5693234419266069,0.5,0.5,2
A118PJ95C6GDJI,0.0,3.0,0.0,1.0,0.0,0.0,1
A119IU67AHNE2W,0.0,4.0,0.0,1.0,0.0,1.0,1
A119UPKK8J0VWQ,0.0,5.0,0.0,1.0,1.0,1.0,1
A119VL7KR5EIR6,0.0,5.0,0.0,1.0,1.0,1.0,1
A11A8GWG0IXBZH,0.0,5.0,0.0,1.0,1.0,1.0,1
A11B7E8ERAX3KD,0.0,1.0,0.0,1.0,0.0,0.0,1
A11CH52DG6EF6P,0.0,1.0,0.0,1.0,0.0,0.0,2
A11D1KHM7DVOQK,0.6826061944859853,3.0,1.0,0.31739380551401475,0.0,0.3333333333333333,3
A11D3W4CFYZNHM,0.0,4.0,0.0,1.0,0.0,1.0,1
A11DJX3UKJD737,0.0,2.0,0.0,1.0,0.0,0.0,1
A11ED8O95W2103,0.4181656600790517,4.2,1.0954451150103321,0.5818343399209482,0.6,0.6,5
A11EKN3A8FUEDC,0.0,5.0,0.0,1.0,1.0,1.0,1
A11F8JSQ206D9J,0.0,5.0,0.0,1.0,1.0,1.0,1
A11HV501OX9MNV,0.0,4.0,0.0,1.0,0.0,1.0,1
A11IFJDOZ0T6Z2,0.0,3.0,0.0,1.0,0.0,0.0,1
A11IR07H8SYDD0,0.0,5.0,0.0,1.0,1.0,1.0,1
A11JCTWMX14IGZ,0.43067655807339306,2.0,1.4142135623730951,0.5693234419266069,0.0,0.0,2
A11JD0X51IJ7RM,0.0,5.0,0.0,1.0,1.0,1.0,1
A11JDD2KZVUOT6,0.0,5.0,0.0,1.0,1.0,1.0,1
A11KX4PSKOL7VL,0.0,5.0,0.0,1.0,1.0,1.0,1
A11KZ906QD08C5,0.0,4.0,0.0,1.0,0.0,1.0,1
A11L3AWH521WFV,0.0,3.0,0.0,1.0,0.0,0.0,1
A11L90R7RWJA8H,0.0,2.0,0.0,1.0,0.0,0.0,1
A11LTGLPJ66GTN,0.0,5.0,0.0,1.0,1.0,1.0,1
A11N54DYZ6NT3K,0.0,4.0,0.0,1.0,0.0,1.0,1
A11NR4AJK9TNQM,0.0,4.0,0.0,1.0,0.0,1.0,1
A11NRU3W8RS375,0.0,5.0,0.0,1.0,1.0,1.0,1
A11QDRK8G3TVP7,0.0,4.0,0.0,1.0,0.0,1.0,1
A11QNB7FPVY3V,0.0,5.0,0.0,1.0,1.0,1.0,1
A11T5128OZMUY4,0.0,5.0,0.0,1.0,1.0,1.0,1
A11T76EZ8AG96E,0.0,4.0,0.0,1.0,0.0,1.0,1
A11V8U5E758U8U,0.0,5.0,0.0,1.0,1.0,1.0,1
A11V9E4044WFNK,0.0,5.0,0.0,1.0,1.0,1.0,1
A11VI2ORDN0AHS,0.0,5.0,0.0,1.0,1.0,1.0,1
A11Y89064TEGQ8,0.0,5.0,0.0,1.0,1.0,1.0,1
A11YC90BA0KJQ7,0.0,5.0,0.0,1.0,1.0,1.0,1
A11ZI425LVTVH7,0.0,5.0,0.0,1.0,1.0,1.0,1
A11ZMOBS6NWMB,0.0,4.0,0.0,1.0,0.0,1.0,1
A11ZP93TJED4T6,0.0,2.0,0.0,1.0,0.0,0.0,1
A120ULF73SUTI9,0.0,4.0,0.0,1.0,0.0,1.0,1
A1210QJT54O8T0,0.0,4.0,0.0,1.0,0.0,1.0,1
A124AKDXC26XT9,0.0,5.0,0.0,1.0,1.0,1.0,1
A124ZQ5I18IAB,0.0,3.0,0.0,1.0,0.0,0.0,1
A1263RB8HKHD76,0.0,5.0,0.0,1.0,1.0,1.0,1
A127GZ51PD786F,0.0,4.0,0.0,1.0,0.0,1.0,1
A127KI9JEAESJ1,0.0,1.0,0.0,1.0,0.0,0.0,1
A127P8A5QQ05KN,0.0,5.0,0.0,1.0,1.0,1.0,1
A127X09WZNT908,0.0,5.0,0.0,1.0,1.0,1.0,1
A129AN1EZZVG61,0.0,1.0,0.0,1.0,0.0,0.0,1
A12A8LU93A132U,0.0,5.0,0.0,1.0,1.0,1.0,1
A12AT4IWHODYRP,0.0,4.0,0.0,1.0,0.0,1.0,1
A12AU3CNAWYO5D,0.0,5.0,0.0,1.0,1.0,1.0,1
A12AYONFLIYMSZ,0.0,5.0,0.0,1.0,1.0,1.0,1
A12BD1BM69K25L,0.0,5.0,0.0,1.0,1.0,1.0,1
A12C1TVFHW1JX2,0.0,4.0,0.0,1.0,0.0,1.0,1
A12D2E7JYO5IPG,0.0,5.0,0.0,1.0,1.0,1.0,1
A12DLJESJKM1OQ,0.0,4.0,0.0,1.0,0.0,1.0,1
A12EMDRJ838FPF,0.0,4.0,0.0,1.0,0.0,1.0,1
A12ENBT314RFXR,0.0,5.0,0.0,1.0,1.0,1.0,1
A12EO7KLFN2JLU,0.0,4.0,0.0,1.0,0.0,1.0,1
A12EPLIQ9BBXIZ,0.0,3.0,0.0,1.0,0.0,0.0,1
A12F8OG8CKZU9L,0.0,5.0,0.0,1.0,1.0,1.0,1
A12G7V6HEAQ9JK,0.0,5.0,0.0,1.0,1.0,1.0,1
A12GIOKE26ZFKJ,0.0,5.0,0.0,1.0,1.0,1.0,1
A12HW0ECID12WF,0.0,5.0,0.0,1.0,1.0,1.0,1
A12I3HHLUD6WY9,0.0,5.0,0.0,1.0,1.0,1.0,1
A12L8U16SFK06N,0.0,4.0,0.0,1.0,0.0,1.0,1
A12LIH1OJZIDKZ,0.0,4.0,0.0,1.0,0.0,1.0,1
A12N7MLCZZ797E,0.0,5.0,0.0,1.0,1.0,1.0,1
A12NAEUGYXUIRD,0.0,4.0,0.0,1.0,0.0,1.0,1
A12OILS0DDD1K9,0.0,5.0,0.0,1.0,1.0,1.0,1
A12PFARGH9ELDI,0.0,5.0,0.0,1.0,1.0,1.0,1
A12Q2PV6TZ6XX9,0.0,4.0,0.0,1.0,0.0,1.0,1
A12Q2ZZJFKNQ4S,0.0,4.0,0.0,1.0,0.0,1.0,1
A12RHMNTCAV5Z7,0.43067655807339306,3.5,0.7071067811865476,0.5693234419266069,0.0,0.5,2
A12RHQPWEZWAAH,0.0,5.0,0.0,1.0,1.0,1.0,1
A12S3E4HK8330R,0.0,5.0,0.0,1.0,1.0,1.0,2
A12SBVZP1QK9GM,0.0,4.0,0.0,1.0,0.0,1.0,1
A12SQEAX4EOM13,0.0,2.0,0.0,1.0,0.0,0.0,1
A12T2YJDP004C2,0.0,5.0,0.0,1.0,1.0,1.0,1
A12TAFRBBG9EI6,0.0,3.0,0.0,1.0,0.0,0.0,1
A12TECTYSRJ3UR,0.0,1.0,0.0,1.0,0.0,0.0,1
A12TM9OYN1GR0E,0.0,5.0,0.0,1.0,1.0,1.0,1
A12U739X0STRAO,0.0,4.0,0.0,1.0,0.0,1.0,1
A12UB0W1MAK18U,0.0,1.0,0.0,1.0,0.0,0.0,1
A12UGBVBI2NI7X,0.0,3.0,0.0,1.0,0.0,0.0,1
A12UQZS58C1DQ6,0.0,5.0,0.0,1.0,1.0,1.0,1
A12VYWCG0OBMM9,0.0,1.0,0.0,1.0,0.0,0.0,1
A12XCRHPREC51Y,0.0,4.0,0.0,1.0,0.0,1.0,1
A12YC1CY1XZ6KQ,0.0,4.0,0.0,1.0,0.0,1.0,1
A1302F5IP6W9Q1,0.0,3.0,0.0,1.0,0.0,0.0,1
A130VGG4P4PW5J,0.0,5.0,0.0,1.0,1.0,1.0,1
A130WL3J4YFXK9,0.0,5.0,0.0,1.0,1.0,1.0,1
A131XK438X81X9,0.0,5.0,0.0,1.0,1.0,1.0,1
A132Q9YLCIRHDN,0.0,4.0,0.0,1.0,0.0,1.0,1
A132UAXQEMO52E,0.0,4.0,0.0,1.0,0.0,1.0,1
A133RMLL2B6OC9,0.0,5.0,0.0,1.0,1.0,1.0,1
A133Z74IY6J9D7,0.0,5.0,0.0,1.0,1.0,1.0,1
A134XZNXCGU7JD,0.0,5.0,0.0,1.0,1.0,1.0,1
A135MK4P9G8EDX,0.0,5.0,0.0,1.0,1.0,1.0,1
A1365J9VYWUHXB,0.0,4.0,0.0,1.0,0.0,1.0,1
A137OOBMF8P43D,0.0,5.0,0.0,1.0,1.0,1.0,1
A13831TMEGELTX,0.0,1.0,0.0,1.0,0.0,0.0,1
A138B0GK83O33R,0.0,5.0,0.0,1.0,1.0,1.0,1
A139TU0DN7WHEG,0.0,5.0,0.0,1.0,1.0,1.0,1
A13A9XV81EQF30,0.0,5.0,0.0,1.0,1.0,1.0,1
A13B39ZS8W9SQO,0.0,5.0,0.0,1.0,1.0,1.0,1
A13BOWET73AJQ1,0.0,4.0,0.0,1.0,0.0,1.0,1
A13BRR77UOED7D,0.0,5.0,0.0,1.0,1.0,1.0,1
A13BWQDECDDVIZ,0.0,4.0,0.0,1.0,0.0,1.0,1
A13BX9O5UDBILC,0.0,5.0,0.0,1.0,1.0,1.0,1
A13CEEFTSM9ZAZ,0.0,3.0,0.0,1.0,0.0,0.0,1
A13DD17X1AZFGJ,0.0,5.0,0.0,1.0,1.0,1.0,1
A13DDUENBR1CW8,0.0,5.0,0.0,1.0,1.0,1.0,1
A13E4PY6OVAGTX,0.0,5.0,0.0,1.0,1.0,1.0,1
A13EQE9EY2ET93,0.0,5.0,0.0,1.0,1.0,1.0,1
A13F9YN2DTH4D4,0.0,5.0,0.0,1.0,1.0,1.0,1
A13H8Z0F3FJ5AO,0.0,3.0,0.0,1.0,0.0,0.0,1
A13HO1F4SW568P,0.0,5.0,0.0,1.0,1.0,1.0,1
A13HUHXEQPX3YI,0.0,5.0,0.0,1.0,1.0,1.0,1
A13JB1PC2F89MY,0.0,5.0,0.0,1.0,1.0,1.0,1
A13JZ1WIEZMJXX,0.0,5.0,0.0,1.0,1.0,1.0,1
A13KJO7XGQGBD0,0.0,1.0,0.0,1.0,0.0,0.0,1
A13KTNVB5IG8SB,0.0,1.0,0.0,1.0,0.0,0.0,1
A13L45CSY7TEQZ,0.0,4.0,0.0,1.0,0.0,1.0,1
A13LR4L955N2NI,0.0,5.0,0.0,1.0,1.0,1.0,1
A13LRIL8P0TYK0,0.0,1.0,0.0,1.0,0.0,0.0,1
A13M0YEMOZZKDL,0.0,5.0,0.0,1.0,1.0,1.0,1
A13M65IGNEQXW1,0.0,3.0,0.0,1.0,0.0,0.0,1
A13MPH77KVE9NH,0.0,3.0,0.0,1.0,0.0,0.0,1
A13NWJUMVNS6YZ,0.0,5.0,0.0,1.0,1.0,1.0,1
A13OA6RAGTF183,0.0,4.0,0.0,1.0,0.0,1.0,1
A13OMZX5UHL36K,0.0,5.0,0.0,1.0,1.0,1.0,1
A13OR6VTA2EBH9,0.0,5.0,0.0,1.0,1.0,1.0,1
A13P1SRWGJTBSO,0.0,5.0,0.0,1.0,1.0,1.0,1
A13P785VXM6DBU,0.0,5.0,0.0,1.0,1.0,1.0,1
A13QF33ZVNS0SB,0.0,5.0,0.0,1.0,1.0,1.0,1
A13QGI4AZOB64K,0.0,5.0,0.0,1.0,1.0,1.0,1
A13QUJ8535XWSP,0.0,5.0,0.0,1.0,1.0,1.0,1
A13R0XX727WQB8,0.0,3.0,0.0,1.0,0.0,0.0,1
A13RCE7C3EU2EP,0.0,4.0,0.0,1.0,0.0,1.0,1
A13REZ5NPV6L,0.0,5.0,0.0,1.0,1.0,1.0,1
A13RIB5M9L611E,0.0,5.0,0.0,1.0,1.0,1.0,1
A13RLDI2F7OQOH,0.0,5.0,0.0,1.0,1.0,1.0,1
A13SAVYJLEH4D1,0.0,4.0,0.0,1.0,0.0,1.0,1
A13UQXD9UWRS7U,0.0,5.0,0.0,1.0,1.0,1.0,1
A13VCBOZ3ZG2UV,0.0,5.0,0.0,1.0,1.0,1.0,1
A13VF2IKG8W3K8,0.0,3.0,0.0,1.0,0.0,0.0,1
A13WL1MBY347F7,0.0,5.0,0.0,1.0,1.0,1.0,1
A13WNGIMC3PSXM,0.0,2.0,0.0,1.0,0.0,0.0,1
A13WREJ05GMRA6,0.0,3.0,0.0,1.0,0.0,0.0,1
A13X3KB8XPS0ZX,0.43067655807339306,1.5,0.7071067811865476,0.5693234419266069,0.0,0.0,2
A13YCUYVQ1S2WP,0.0,4.0,0.0,1.0,0.0,1.0,1
A13YHMQKJF3ZL5,0.0,5.0,0.0,1.0,1.0,1.0,1
A13ZFIPTZ0IVGF,0.0,4.0,0.0,1.0,0.0,1.0,1
A13ZRACMTM4ENB,0.0,1.0,0.0,1.0,0.0,0.0,1
A13ZT5G31M5WJ5,0.0,4.0,0.0,1.0,0.0,1.0,1
A1400N2R4PQTWF,0.0,5.0,0.0,1.0,1.0,1.0,1
A1409QCA0NZMYG,0.0,5.0,0.0,1.0,1.0,1.0,1
A140KFMVPOLASZ,0.0,5.0,0.0,1.0,1.0,1.0,1
A140SPVDYIRXZA,0.0,5.0,0.0,1.0,1.0,1.0,1
A1413HQ9UF22C5,0.0,5.0,0.0,1.0,1.0,1.0,1
A1415PRQTR4HMY,0.0,4.0,0.0,1.0,0.0,1.0,1
A141E91QV31KER,0.0,4.0,0.0,1.0,0.0,1.0,2
A141NV31GSC2CQ,0.0,5.0,0.0,1.0,1.0,1.0,1
A1423HNZ15ZCQZ,0.43067655807339306,3.5,2.1213203435596424,0.5693234419266069,0.5,0.5,2
A14344GE7UZNTJ,0.0,4.0,0.0,1.0,0.0,1.0,1
A1435OKJPDTTGP,0.0,5.0,0.0,1.0,1.0,1.0,1
A1435P5AMCPB3X,0.0,5.0,0.0,1.0,1.0,1.0,1
A14399DQBS4QD1,0.0,4.0,0.0,1.0,0.0,1.0,1
A143LJ4G2OPP7T,0.0,5.0,0.0,1.0,1.0,1.0,1
A143X0EUX2LCDS,0.0,3.0,0.0,1.0,0.0,0.0,1
A14453U0KFWF31,0.0,5.0,0.0,1.0,1.0,1.0,1
A145GBOUVLGECJ,0.0,5.0,0.0,1.0,1.0,1.0,1
A145LBW8ZHF0TW,0.43067655807339306,4.5,0.7071067811865476,0.5693234419266069,0.5,1.0,2
A1463ASM7QMU2I,0.0,3.0,0.0,1.0,0.0,0.0,1
A146CA37V0450V,0.0,5.0,0.0,1.0,1.0,1.0,2
A146H9ZF0SNKLW,0.0,5.0,0.0,1.0,1.0,1.0,1
A146K5OQPHQUMR,0.0,5.0,0.0,1.0,1.0,1.0,1
A14738H3YYX7ZC,0.0,5.0,0.0,1.0,1.0,1.0,1
A1482ISQT966WC,0.0,3.0,0.0,1.0,0.0,0.0,1
A148IYQMD3J6YD,0.0,5.0,0.0,1.0,1.0,1.0,1
A148WA455FCXQZ,0.0,5.0,0.0,1.0,1.0,1.0,1
A149C701MLJDJC,0.0,5.0,0.0,1.0,1.0,1.0,2
A149OQRFVTWJA8,0.0,4.0,0.0,1.0,0.0,1.0,1
A149RNR5RH19YY,0.43067655807339306,4.5,0.5773502691896258,0.5693234419266069,0.5,1.0,4
A149VXBN2A971G,0.0,5.0,0.0,1.0,1.0,1.0,1
A14BXZ2BXGLTXN,0.0,5.0,0.0,1.0,1.0,1.0,1
A14DNCG5WHM86Z,0.0,4.0,0.0,1.0,0.0,1.0,1
A14EO36F2S1A90,0.0,5.0,0.0,1.0,1.0,1.0,1
A14FFSOOTP0FR,0.0,5.0,0.0,1.0,1.0,1.0,1
A14G7W2YFFNM43,0.0,1.0,0.0,1.0,0.0,0.0,1
A14GKZOAPB9CHY,0.0,5.0,0.0,1.0,1.0,1.0,1
A14GSHEE7T0KCC,0.0,5.0,0.0,1.0,1.0,1.0,1
A14GSTIN77TLSR,0.0,4.0,0.0,1.0,0.0,1.0,1
A14HHLBGGNNCFK,0.0,5.0,0.0,1.0,1.0,1.0,1
A14I1F2H7NOYDC,0.0,5.0,0.0,1.0,1.0,1.0,1
A14JBDSWKPKTZA,0.0,5.0,0.0,1.0,1.0,1.0,7
A14JTZ14GIYM3E,0.0,5.0,0.0,1.0,1.0,1.0,1
A14LG64GIVZIGS,0.0,5.0,0.0,1.0,1.0,1.0,2
A14LKBOG9SVEFT,0.0,5.0,0.0,1.0,1.0,1.0,1
A14MDHUI5P0029,0.0,5.0,0.0,1.0,1.0,1.0,1
A14ME4FQBNFYWH,0.0,4.0,0.0,1.0,0.0,1.0,2
A14MER71N2DCDW,0.0,5.0,0.0,1.0,1.0,1.0,1
A14NAUYC6CGPDG,0.0,2.0,0.0,1.0,0.0,0.0,1
A14NF0ZJXRYNO3,0.0,1.0,0.0,1.0,0.0,0.0,1
A14NIA30HFV68D,0.0,5.0,0.0,1.0,1.0,1.0,1
A14NSELR34WBZE,0.0,3.0,0.0,1.0,0.0,0.0,1
A14O9P3DV5EHKO,0.0,3.0,0.0,1.0,0.0,0.0,1
A14OG85Y77RQVY,0.0,4.0,0.0,1.0,0.0,1.0,1
A14PHG6QJ1DTG,0.0,5.0,0.0,1.0,1.0,1.0,3
A14PTBE6AR7MTA,0.0,4.0,0.0,1.0,0.0,1.0,1
A14Q1WGNF9DM3A,0.0,5.0,0.0,1.0,1.0,1.0,1
A14QFQFF3ZX575,0.0,1.0,0.0,1.0,0.0,0.0,1
A14QLW52ATB8W5,0.0,5.0,0.0,1.0,1.0,1.0,1
A14QOPWXLIA7A8,0.0,5.0,0.0,1.0,1.0,1.0,2
A14QXPTYZ90Q7M,0.0,2.0,0.0,1.0,0.0,0.0,1
A14R4K86STZFD2,0.0,5.0,0.0,1.0,1.0,1.0,1
A14RFF9JUIM34U,0.0,4.0,0.0,1.0,0.0,1.0,1
A14SAQRMULWQBV,0.0,5.0,0.0,1.0,1.0,1.0,1
A14SPNJ9UVG42,0.0,4.0,0.0,1.0,0.0,1.0,1
A14UXJ0TN7VIST,0.0,4.0,0.0,1.0,0.0,1.0,1
A14VEJF020O9D2,0.0,5.0,0.0,1.0,1.0,1.0,1
A14VMJEA22VY1A,0.43067655807339306,3.5,0.7071067811865476,0.5693234419266069,0.0,0.5,2
A14VXKTBKGZ9SD,0.43067655807339306,4.0,1.4142135623730951,0.5693234419266069,0.5,0.5,2
A14WXFRFJLJPP5,0.0,5.0,0.0,1.0,1.0,1.0,1
A14XUCN5OC998O,0.0,4.0,0.0,1.0,0.0,1.0,1
A14Y070B40ZGMR,0.0,5.0,0.0,1.0,1.0,1.0,1
A14YZVQTMRO7NE,0.0,5.0,0.0,1.0,1.0,1.0,1
A150YMM55VZQ4A,0.0,3.0,0.0,1.0,0.0,0.0,1
A15225S9RRISLK,0.6826061944859853,3.0,1.0,0.31739380551401475,0.0,0.3333333333333333,3
A1522TN5FVJL0Y,0.0,5.0,0.0,1.0,1.0,1.0,2
A152ZT3Y3Q4VQQ,0.0,5.0,0.0,1.0,1.0,1.0,1
A152ZZZPA3BAGU,0.0,3.0,0.0,1.0,0.0,0.0,1
A153K6XUY9L0CF,0.0,5.0,0.0,1.0,1.0,1.0,1
A153OJR22XJQF1,0.0,1.0,0.0,1.0,0.0,0.0,1
A154N4DL6101SC,0.0,4.0,0.0,1.0,0.0,1.0,1
A154R0EH8V8J23,0.0,4.0,0.0,1.0,0.0,1.0,1
A1554THSW3S7WZ,0.0,5.0,0.0,1.0,1.0,1.0,1
A155DQ97UZVJSR,0.0,4.0,0.0,1.0,0.0,1.0,1
A155E6PQ1EO3NO,0.0,5.0,0.0,1.0,1.0,1.0,1
A155WK4J425WSQ,0.0,1.0,0.0,1.0,0.0,0.0,1
A155YL0Y0GKUW5,0.0,5.0,0.0,1.0,1.0,1.0,1
A1561RLF0OTK39,0.0,4.0,0.0,1.0,0.0,1.0,1
A1579YT6JXUHUF,0.0,3.0,0.0,1.0,0.0,0.0,1
A158D4T6S70AWO,0.0,5.0,0.0,1.0,1.0,1.0,1
A1590KJR2FEHI7,0.0,5.0,0.0,1.0,1.0,1.0,1
A1591PJYM84XQT,0.0,5.0,0.0,1.0,1.0,1.0,1
A15AWJSRSMYJ60,0.0,4.0,0.0,1.0,0.0,1.0,1
A15BN1AMRT8FP1,0.0,4.0,0.0,1.0,0.0,1.0,2
A15DIP9QPUR6IR,0.0,1.0,0.0,1.0,0.0,0.0,1
A15DKJQPGXVLQ3,0.0,5.0,0.0,1.0,1.0,1.0,1
A15EJW1B60SVCA,0.43067655807339306,4.0,1.4142135623730951,0.5693234419266069,0.5,0.5,2
A15ESHE412BUGE,0.0,5.0,0.0,1.0,1.0,1.0,1
A15F2LYQBHNHDK,0.0,5.0,0.0,1.0,1.0,1.0,1
A15GJXWN6IKKLS,0.0,4.0,0.0,1.0,0.0,1.0,1
A15H3X6YH5LFPN,0.0,5.0,0.0,1.0,1.0,1.0,1
A15HFIL37EBL9V,0.0,5.0,0.0,1.0,1.0,1.0,1
A15HFUSQXBTE76,0.0,5.0,0.0,1.0,1.0,1.0,1
A15ILDWLB5EY55,0.0,5.0,0.0,1.0,1.0,1.0,1
A15K7HV1XD6YWR,0.0,1.0,0.0,1.0,0.0,0.0,1
A15KCEKCUCYF0O,0.0,2.0,0.0,1.0,0.0,0.0,1
A15KFU3ZSAOUG0,0.0,5.0,0.0,1.0,1.0,1.0,2
A15KZO444F3B95,0.0,5.0,0.0,1.0,1.0,1.0,1
A15L0EDQMU28DA,0.0,5.0,0.0,1.0,1.0,1.0,1
A15N3ETU8WWAUB,0.0,5.0,0.0,1.0,1.0,1.0,1
A15N5D547HXVXL,0.0,5.0,0.0,1.0,1.0,1.0,1
A15N5RY4YGRQRQ,0.0,5.0,0.0,1.0,1.0,1.0,1
A15O34J5ECY8TR,0.0,4.0,0.0,1.0,0.0,1.0,1
A15OQ0YZCQ787E,0.0,5.0,0.0,1.0,1.0,1.0,1
A15P0849E4NHIG,0.0,1.0,0.0,1.0,0.0,0.0,1
A15PL3C9OFSM1B,0.0,4.0,0.0,1.0,0.0,1.0,1
A15PWO8ELUJPH3,0.0,5.0,0.0,1.0,1.0,1.0,1
A15QYHQH80W30L,0.0,5.0,0.0,1.0,1.0,1.0,1
A15RDC4BZWPPQW,0.0,4.0,0.0,1.0,0.0,1.0,2
A15SF8FPL1RF63,0.0,5.0,0.0,1.0,1.0,1.0,1
A15TN4GCH7DBXR,0.0,4.0,0.0,1.0,0.0,1.0,1
A15U38AWJ3JDN5,0.0,3.0,0.0,1.0,0.0,0.0,1
A15UNI5A23UA4J,0.0,5.0,0.0,1.0,1.0,1.0,1
A15VJ6S6HLGYBT,0.43067655807339306,3.5,0.7071067811865476,0.5693234419266069,0.0,0.5,2
A15XI2BEGGFEOW,0.0,5.0,0.0,1.0,1.0,1.0,1
A15XMUY3LA6O71,0.0,5.0,0.0,1.0,1.0,1.0,1
A15ZT0K8VGFLL2,0.0,5.0,0.0,1.0,1.0,1.0,1
A15ZWZKUIPUUVH,0.0,5.0,0.0,1.0,1.0,1.0,1
A15ZZDKRKP7L4R,0.0,5.0,0.0,1.0,1.0,1.0,1
A1602WP8OHESZD,0.0,5.0,0.0,1.0,1.0,1.0,1
A160H0YEDV1DA0,0.0,5.0,0.0,1.0,1.0,1.0,1
A160RGARQLLB05,0.0,5.0,0.0,1.0,1.0,1.0,1
A162MNFD5CGQ03,0.0,5.0,0.0,1.0,1.0,1.0,1
A1644SQ9ZZX25B,0.0,4.0,0.0,1.0,0.0,1.0,1
A165EVALNKOZB9,0.0,4.0,0.0,1.0,0.0,1.0,1
A1660JZPHFX90N,0.0,5.0,0.0,1.0,1.0,1.0,1
A1665GGGDM0ZPO,0.0,5.0,0.0,1.0,1.0,1.0,1
A166PLPFD2A42H,0.0,5.0,0.0,1.0,1.0,1.0,1
A16723ZETJAWIS,0.0,5.0,0.0,1.0,1.0,1.0,1
A167VTVMWP0BW8,0.0,5.0,0.0,1.0,1.0,1.0,1
A168SAOQWU7A63,0.0,2.0,0.0,1.0,0.0,0.0,1
A16AF8BFMCVOWW,0.0,5.0,0.0,1.0,1.0,1.0,1
A16BCKU6WTSGRL,0.0,5.0,0.0,1.0,1.0,1.0,1
A16BIH1Z3L050B,0.0,5.0,0.0,1.0,1.0,1.0,1
A16BSOOMVMXGR9,0.0,5.0,0.0,1.0,1.0,1.0,1
A16C19G0I2DE8S,0.0,5.0,0.0,1.0,1.0,1.0,1
A16CV6OJMT3RVO,0.0,5.0,0.0,1.0,1.0,1.0,1
A16DISUEZB83W6,0.0,3.0,0.0,1.0,0.0,0.0,1
A16DPGQQ5MFJ8G,0.0,5.0,0.0,1.0,1.0,1.0,1
A16EE2RD5VLYE6,0.0,5.0,0.0,1.0,1.0,1.0,1
A16EQGG2OZD7AE,0.0,4.0,0.0,1.0,0.0,1.0,1
A16F3IAR2659FN,0.0,5.0,0.0,1.0,1.0,1.0,1
A16GBXDS51J019,0.0,4.0,0.0,1.0,0.0,1.0,1
A16GLKC0TJEAK2,0.0,5.0,0.0,1.0,1.0,1.0,1
A16HZ3PVXRYR4A,0.0,3.0,0.0,1.0,0.0,0.0,1
A16IFD5H3B2SSJ,0.0,5.0,0.0,1.0,1.0,1.0,1
A16II8I82LUNW,0.0,3.0,0.0,1.0,0.0,0.0,1
A16ISYMCYGT0NB,0.0,4.0,0.0,1.0,0.0,1.0,1
A16J5TH0JAVRZ3,0.0,4.0,0.0,1.0,0.0,1.0,1
A16JV9KHNCJQGF,0.0,5.0,0.0,1.0,1.0,1.0,1
A16KIQ83QUDL68,0.0,4.0,0.0,1.0,0.0,1.0,1
A16LG9GOHGELD1,0.0,5.0,0.0,1.0,1.0,1.0,1
A16NHVBIU3VE4B,0.0,3.0,0.0,1.0,0.0,0.0,1
A16OL0K4WZL53E,0.0,5.0,0.0,1.0,1.0,1.0,1
A16OL6XJCMNFQ2,0.0,5.0,0.0,1.0,1.0,1.0,1
A16PPW1E26SZPX,0.0,5.0,0.0,1.0,1.0,1.0,1
A16Q11SK6172U4,0.0,5.0,0.0,1.0,1.0,1.0,1
A16QY8VBHHP9MT,0.0,5.0,0.0,1.0,1.0,1.0,1
A16RGMORD80K9V,0.0,4.0,0.0,1.0,0.0,1.0,1
A16RZ80WPLJVC5,0.0,5.0,0.0,1.0,1.0,1.0,1
A16SONX6KV5EIY,0.0,1.0,0.0,1.0,0.0,0.0,1
A16T3JEEDK4JLI,0.0,5.0,0.0,1.0,1.0,1.0,1
A16TTF45LJY6IJ,0.0,4.0,0.0,1.0,0.0,1.0,1
A16U2XUA72CHR8,0.0,4.0,0.0,1.0,0.0,1.0,1
A16WC792GYEGGD,0.0,3.0,0.0,1.0,0.0,0.0,1
A16WND1BVJCQJV,0.0,3.0,0.0,1.0,0.0,0.0,1
A16X61RLY1YJL7,0.0,5.0,0.0,1.0,1.0,1.0,2
A16X9K6CTHEYXO,0.0,5.0,0.0,1.0,1.0,1.0,1
A16Z9C8ESLGOPL,0.0,5.0,0.0,1.0,1.0,1.0,1
A170EFO2P2A4FJ,0.0,4.0,0.0,1.0,0.0,1.0,1
A171JOM1WWO69U,0.0,2.0,0.0,1.0,0.0,0.0,1
A171OFMZU7XP72,0.0,5.0,0.0,1.0,1.0,1.0,1
A1720HQJ5FZ87L,0.0,5.0,0.0,1.0,1.0,1.0,1
A172O6GT6GLUIB,0.0,5.0,0.0,1.0,1.0,1.0,1
A174P367YZ02ZE,0.0,5.0,0.0,1.0,1.0,1.0,1
A175DL6WO56TUX,0.0,5.0,0.0,1.0,1.0,1.0,1
A175V5Z3EFCZG,0.0,2.0,0.0,1.0,0.0,0.0,1
A176P2BEE2LF22,0.0,5.0,0.0,1.0,1.0,1.0,1
A178RW5ZI68YR3,0.0,2.0,0.0,1.0,0.0,0.0,1
A179EHWXB6NSIQ,0.0,1.0,0.0,1.0,0.0,0.0,1
A179LO7TV9N1BT,0.0,5.0,0.0,1.0,1.0,1.0,1
A17A6OOXUV6ULM,0.0,4.0,0.0,1.0,0.0,1.0,1
A17BH0ZOXHDFJJ,0.0,5.0,0.0,1.0,1.0,1.0,1
A17C1GS384ORCX,0.0,5.0,0.0,1.0,1.0,1.0,1
A17CLCMTRBDKEZ,0.0,3.0,0.0,1.0,0.0,0.0,1
A17FS0XVZ5V35L,0.0,5.0,0.0,1.0,1.0,1.0,1
A17FYFDILT57M0,0.0,4.0,0.0,1.0,0.0,1.0,1
A17GV9STD2PEMQ,0.0,5.0,0.0,1.0,1.0,1.0,1
A17GXMTHZLL8OC,0.0,5.0,0.0,1.0,1.0,1.0,1
A17HKNU77UWH4Y,0.0,5.0,0.0,1.0,1.0,1.0,1
A17HMM1M7T9PJ1,0.0,4.0,0.0,1.0,0.0,1.0,1
A17HNPM0R7HT9Y,0.0,5.0,0.0,1.0,1.0,1.0,1
A17HVJ3WXQXJ8J,0.0,5.0,0.0,1.0,1.0,1.0,1
A17INQNCZ1HMHL,0.0,5.0,0.0,1.0,1.0,1.0,1
A17INU4IPI2F8M,0.0,1.0,0.0,1.0,0.0,0.0,1
A17IVNVGY54H15,0.0,5.0,0.0,1.0,1.0,1.0,1
A17JY99GDGPQI4,0.0,5.0,0.0,1.0,1.0,1.0,1
A17KYU38U9WRVW,0.43067655807339306,4.5,0.7071067811865476,0.5693234419266069,0.5,1.0,2
A17MH3UHMGOOC5,0.0,4.0,0.0,1.0,0.0,1.0,1
A17MR3U4MPW65C,0.39548848910372325,4.666666666666667,0.5773502691896258,0.6045115108962767,0.6666666666666666,1.0,3
A17OOVKR08H7FR,0.0,4.0,0.0,1.0,0.0,1.0,1
A17P5N52BH91E1,0.0,5.0,0.0,1.0,1.0,1.0,1
A17QAS8K17V9EC,0.43067655807339306,1.5,0.7071067811865476,0.5693234419266069,0.0,0.0,2
A17S75Z5MR29B6,0.0,5.0,0.0,1.0,1.0,1.0,2
A17SJC2BPIF6RA,0.0,5.0,0.0,1.0,1.0,1.0,1
A17T4YZDDWWFTL,0.0,5.0,0.0,1.0,1.0,1.0,1
A17TPXJ2U4MJAB,0.0,5.0,0.0,1.0,1.0,1.0,1
A17U12E2LNDSYL,0.0,5.0,0.0,1.0,1.0,1.0,1
A17VA7VAEI0PQK,0.0,5.0,0.0,1.0,1.0,1.0,1
A17WKG6ZXE7Y3O,0.0,4.0,0.0,1.0,0.0,1.0,1
A17WPU84HJCK4S,0.0,5.0,0.0,1.0,1.0,1.0,1
A17YINFAHQJ7GA,0.0,5.0,0.0,1.0,1.0,1.0,1
A17YNSMOWM7U3I,0.0,4.0,0.0,1.0,0.0,1.0,1
A17YPB3JICRUK2,0.0,5.0,0.0,1.0,1.0,1.0,1
A17YPTSJ9UFDJ5,0.0,5.0,0.0,1.0,1.0,1.0,1
A17Z0LVY96TO53,0.0,3.0,0.0,1.0,0.0,0.0,1
A17Z9D1UHLZDXR,0.0,5.0,0.0,1.0,1.0,1.0,1
A17ZGZHO81XVC2,0.0,5.0,0.0,1.0,1.0,1.0,1
A18011LY5SHJSV,0.0,3.0,0.0,1.0,0.0,0.0,1
A180BZHVJIRWBZ,0.0,4.0,0.0,1.0,0.0,1.0,1
A1813WUXSSZUMT,0.0,4.0,0.0,1.0,0.0,1.0,1
A181QOJBZ8O5AY,0.0,5.0,0.0,1.0,1.0,1.0,1
A181R0DUML7VOY,0.0,2.0,0.0,1.0,0.0,0.0,1
A182GCZ1JR1TWH,0.0,2.0,0.0,1.0,0.0,0.0,1
A182U5XEA20G3G,0.0,3.0,0.0,1.0,0.0,0.0,1
A182YOL7ZA0PGK,0.0,5.0,0.0,1.0,1.0,1.0,1
A183602MCC0Y5P,0.0,5.0,0.0,1.0,1.0,1.0,1
A183L9ZWVA5KLQ,0.0,4.0,0.0,1.0,0.0,1.0,1
A183S80WADLOCU,0.0,5.0,0.0,1.0,1.0,1.0,1
A183VLQN2JD01,0.0,4.0,0.0,1.0,0.0,1.0,1
A18409QMZ6CMQD,0.0,5.0,0.0,1.0,1.0,1.0,1
A1840PJZBE47TP,0.0,5.0,0.0,1.0,1.0,1.0,1
A184F48SN5WFPU,0.0,5.0,0.0,1.0,1.0,1.0,1
A184HKN286B6XS,0.0,5.0,0.0,1.0,1.0,1.0,1
A185LIJJXANIWM,0.0,4.0,0.0,1.0,0.0,1.0,1
A186R37OQQ8TP1,0.0,2.0,0.0,1.0,0.0,0.0,1
A186SYJ56RFQPG,0.0,5.0,0.0,1.0,1.0,1.0,1
A18759AMQBHXCW,0.0,3.0,0.0,1.0,0.0,0.0,1
A187ADBPN8OOY7,0.0,5.0,0.0,1.0,1.0,1.0,1
A187PAE50KMV5M,0.0,4.0,0.0,1.0,0.0,1.0,1
A187S6RMLW86N,0.0,3.0,0.0,1.0,0.0,0.0,1
A1885J18PY8I7S,0.0,5.0,0.0,1.0,1.0,1.0,1
A1889S56VFLVMZ,0.0,1.0,0.0,1.0,0.0,0.0,1
A188SIPN9JC3HE,0.0,5.0,0.0,1.0,1.0,1.0,1
A189TQGLN9IERW,0.0,5.0,0.0,1.0,1.0,1.0,1
A18A2Q0UNZU1LQ,0.0,5.0,0.0,1.0,1.0,1.0,1
A18A4AMMJ5KV7T,0.0,5.0,0.0,1.0,1.0,1.0,1
A18APJULAWONNE,0.0,5.0,0.0,1.0,1.0,1.0,1
A18AW14NE61NOT,0.0,5.0,0.0,1.0,1.0,1.0,1
A18BPTL4TMTBY9,0.0,5.0,0.0,1.0,1.0,1.0,1
A18BVW63F1Y9QX,0.0,1.0,0.0,1.0,0.0,0.0,1
A18BX7HMYDZ7IP,0.0,1.0,0.0,1.0,0.0,0.0,1
A18D1RLW38LVLW,0.0,4.0,0.0,1.0,0.0,1.0,1
A18DON5KI1ERFX,0.0,4.0,0.0,1.0,0.0,1.0,1
A18E7XYFB86Q84,0.0,5.0,0.0,1.0,1.0,1.0,1
A18EA7MNLXP9H5,0.0,5.0,0.0,1.0,1.0,1.0,1
A18ECVX2RJ7HUE,0.0,5.0,0.0,1.0,1.0,1.0,1
A18EQZ8EIR31YU,0.0,2.0,0.0,1.0,0.0,0.0,1
A18EU4GV8OLOBB,0.0,5.0,0.0,1.0,1.0,1.0,1
A18EUQFB1I3CGA,0.0,1.0,0.0,1.0,0.0,0.0,1
A18FTRFQQ141CP,0.0,5.0,0.0,1.0,1.0,1.0,1
A18G22TSZ58V1I,0.0,5.0,0.0,1.0,1.0,1.0,1
A18H2E8QLI8XGZ,0.0,2.0,0.0,1.0,0.0,0.0,1
A18H3X0XGMD1K0,0.0,5.0,0.0,1.0,1.0,1.0,1
A18H6KCOM1IPDZ,0.43067655807339306,3.0,2.8284271247461903,0.5693234419266069,0.5,0.5,2
A18HE80910BTZI,0.0,5.0,0.0,1.0,1.0,1.0,2
A18HHON17J3LH0,0.43067655807339306,4.5,0.7071067811865476,0.5693234419266069,0.5,1.0,2
A18L768JGNLTJC,0.0,3.0,0.0,1.0,0.0,0.0,1
A18LJ72NBKZ6JC,0.0,5.0,0.0,1.0,1.0,1.0,1
A18LW76H2OQ1KE,0.0,2.0,0.0,1.0,0.0,0.0,1
A18MN3B52HHBH1,0.0,1.0,0.0,1.0,0.0,0.0,1
A18MQWHBYS6MLN,0.0,1.0,0.0,1.0,0.0,0.0,1
A18MVVNA2U9YNU,0.0,5.0,0.0,1.0,1.0,1.0,1
A18N2RPPBF5MF9,0.0,5.0,0.0,1.0,1.0,1.0,1
A18NLG35HLRE41,0.0,1.0,0.0,1.0,0.0,0.0,1
A18PDUB7HSEP10,0.0,4.0,0.0,1.0,0.0,1.0,1
A18Q0YU1FMO7TE,0.0,3.0,0.0,1.0,0.0,0.0,1
A18RZ493P29JW5,0.0,4.0,0.0,1.0,0.0,1.0,1
A18RZLFVFN6697,0.0,5.0,0.0,1.0,1.0,1.0,1
A18S2VGUH9SCV5,0.0,4.0,0.0,1.0,0.0,1.0,1
A18SK3MILJ272B,0.0,5.0,0.0,1.0,1.0,1.0,1
A18U05IGMK1FVV,0.0,5.0,0.0,1.0,1.0,1.0,1
A18U8ASOYBRF53,0.0,5.0,0.0,1.0,1.0,1.0,1
A18UVDQMISP7YA,0.0,3.0,0.0,1.0,0.0,0.0,1
A18VF30YX62V1N,0.0,5.0,0.0,1.0,1.0,1.0,1
A18VHVC7JXA7H7,0.0,5.0,0.0,1.0,1.0,1.0,1
A18VP6LYBOEW6X,0.0,1.0,0.0,1.0,0.0,0.0,1
A18VT083FG5FLJ,0.0,5.0,0.0,1.0,1.0,1.0,2
A18WG75O9GGKTT,0.0,1.0,0.0,1.0,0.0,0.0,1
A18X6ZT4AEYVKB,0.0,2.0,0.0,1.0,0.0,0.0,2
A18XNFAMBG11VB,0.0,5.0,0.0,1.0,1.0,1.0,1
A18XYVCNR720UC,0.0,4.0,0.0,1.0,0.0,1.0,1
A1907DLJNSAAQC,0.0,5.0,0.0,1.0,1.0,1.0,1
A191KD41X3I93D,0.0,5.0,0.0,1.0,1.0,1.0,1
A191ZKMLDYIMZX,0.0,4.0,0.0,1.0,0.0,1.0,2
A192GMTQ2TVISY,0.43067655807339306,4.5,0.7071067811865476,0.5693234419266069,0.5,1.0,2
A193QPX2Z8K4HR,0.0,3.0,0.0,1.0,0.0,0.0,1
A193Z1VJBI7TRC,0.0,1.0,0.0,1.0,0.0,0.0,1
A194CASS07MYI7,0.0,5.0,0.0,1.0,1.0,1.0,1
A196D02N89FEK,0.0,4.0,0.0,1.0,0.0,1.0,1
A196D8WNI6JXBZ,0.0,4.0,0.0,1.0,0.0,1.0,1
A196K5YM49XXAE,0.0,4.0,0.0,1.0,0.0,1.0,1
A196U4AE2M1G44,0.0,4.0,0.0,1.0,0.0,1.0,1
A1977GWEGAYE2N,0.0,3.0,0.0,1.0,0.0,0.0,1
A197BQFMF77D24,0.0,4.0,0.0,1.0,0.0,1.0,1
A197KHD1GQ96ZH,0.0,4.0,0.0,1.0,0.0,1.0,1
A1980MGZXSGJP,0.0,5.0,0.0,1.0,1.0,1.0,1
A1980UDWGL6J3N,0.0,5.0,0.0,1.0,1.0,1.0,1
A1989944VHPI2I,0.0,5.0,0.0,1.0,1.0,1.0,1
A198JGOF1W0D69,0.0,5.0,0.0,1.0,1.0,1.0,1
A1991DX3FIMS3P,0.0,4.0,0.0,1.0,0.0,1.0,1
A199IPMLMRRRMH,0.0,5.0,0.0,1.0,1.0,1.0,1
A19ALNTBQGCWO7,0.0,5.0,0.0,1.0,1.0,1.0,1
A19B0UB53D820Y,0.0,5.0,0.0,1.0,1.0,1.0,1
A19B3LR2VGAP88,0.0,5.0,0.0,1.0,1.0,1.0,1
A19BR6M0VG7AHZ,0.0,5.0,0.0,1.0,1.0,1.0,1
A19CV4KEXXAA1N,0.0,5.0,0.0,1.0,1.0,1.0,1
A19CYR02E7UPBV,0.0,4.0,0.0,1.0,0.0,1.0,1
A19D2SBM4FLBT7,0.0,3.0,0.0,1.0,0.0,0.0,1
A19DJFABUM7D1K,0.0,5.0,0.0,1.0,1.0,1.0,1
A19E3ZCQH6TJBD,0.0,5.0,0.0,1.0,1.0,1.0,1
A19FCOXA6VVR9Z,0.0,5.0,0.0,1.0,1.0,1.0,1
A19GDOQK033YCM,0.0,2.0,0.0,1.0,0.0,0.0,1
A19H6TQ0NFXKVT,0.0,5.0,0.0,1.0,1.0,1.0,1
A19HKRB4LU5YR,0.0,5.0,0.0,1.0,1.0,1.0,1
A19HP1ACNFQDT,0.0,3.0,0.0,1.0,0.0,0.0,1
A19HT7YC1UW3D6,0.0,5.0,0.0,1.0,1.0,1.0,1
A19HUD2T33F945,0.0,1.0,0.0,1.0,0.0,0.0,1
A19J2S0JHH69F2,0.0,3.0,0.0,1.0,0.0,0.0,1
A19J4IR55H1NZI,0.0,2.0,0.0,1.0,0.0,0.0,1
A19JDXB5R33C7R,0.0,4.0,0.0,1.0,0.0,1.0,1
A19JO0D9LYFJZF,0.0,4.0,0.0,1.0,0.0,1.0,1
A19KVCG1JDOGAB,0.0,5.0,0.0,1.0,1.0,1.0,1
A19KWXOS9L6WIO,0.0,5.0,0.0,1.0,1.0,1.0,1
A19LF8H78H24KJ,0.0,2.0,0.0,1.0,0.0,0.0,1
A19MDKEDNOK76X,0.0,3.0,0.0,1.0,0.0,0.0,1
A19MJFMEE3035J,0.0,5.0,0.0,1.0,1.0,1.0,1
A19MNLXNDBHI54,0.0,5.0,0.0,1.0,1.0,1.0,1
A19N3S7CBSU6O7,0.0,5.0,0.0,1.0,1.0,1.0,2
A19Q4JC53BX7KB,0.0,5.0,0.0,1.0,1.0,1.0,1
A19Q4XJNQ1J97K,0.0,3.0,0.0,1.0,0.0,0.0,1
A19QYI46CNL5JL,0.0,5.0,0.0,1.0,1.0,1.0,1
A19R7EJI4CNE1X,0.0,5.0,0.0,1.0,1.0,1.0,1
A19RD443T9F1WX,0.0,5.0,0.0,1.0,1.0,1.0,1
A19RE9LBQIX90B,0.0,4.0,0.0,1.0,0.0,1.0,1
A19RRN85DY4SB2,0.0,5.0,0.0,1.0,1.0,1.0,2
A19SXS5PEC80UQ,0.0,5.0,0.0,1.0,1.0,1.0,1
A19TAB9NLAVPPK,0.0,4.0,0.0,1.0,0.0,1.0,1
A19TDF7NK6BZHZ,0.0,1.0,0.0,1.0,0.0,0.0,1
A19TH613LUQJ4X,0.0,5.0,0.0,1.0,1.0,1.0,1
A19VCE46OWKKLP,0.0,5.0,0.0,1.0,1.0,1.0,1
A19VISO9EHD1OM,0.43067655807339306,3.5,0.7071067811865476,0.5693234419266069,0.0,0.5,2
A19VPQUXLUT46J,0.0,5.0,0.0,1.0,1.0,1.0,1
A19VS67HZOKT6X,0.0,5.0,0.0,1.0,1.0,1.0,1
A19W47CXJJP1MI,0.0,5.0,0.0,1.0,1.0,1.0,1
A19W821ER7GWHZ,0.0,4.0,0.0,1.0,0.0,1.0,1
A19XKJA47R6AJ9,0.0,5.0,0.0,1.0,1.0,1.0,1
A19XMHRB3G4DIR,0.0,2.0,0.0,1.0,0.0,0.0,1
A19Y5TZ03B0Z7C,0.0,5.0,0.0,1.0,1.0,1.0,1
A19YIXNURUGK6I,0.0,5.0,0.0,1.0,1.0,1.0,1
A1A016H61PMGYA,0.0,5.0,0.0,1.0,1.0,1.0,1
A1A13SOBLDFVNX,0.0,4.0,0.0,1.0,0.0,1.0,1
A1A14CF173OQJ4,0.0,4.0,0.0,1.0,0.0,1.0,1
A1A22RM1NZTVQV,0.0,5.0,0.0,1.0,1.0,1.0,1
A1A23C8SJI7OCV,0.0,5.0,0.0,1.0,1.0,1.0,1
A1A23QM5WA9F0H,0.0,5.0,0.0,1.0,1.0,1.0,1
A1A2UR00NVQ37J,0.0,5.0,0.0,1.0,1.0,1.0,1
A1A3XV6SL603AD,0.0,5.0,0.0,1.0,1.0,1.0,1
A1A4WRN8PF4VK0,0.0,5.0,0.0,1.0,1.0,1.0,1
A1A5532VDV679B,0.0,5.0,0.0,1.0,1.0,1.0,1
A1A5KUIIIHFF4U,0.0,1.0,0.0,1.0,0.0,0.0,1
A1A629D04LRFUD,0.0,5.0,0.0,1.0,1.0,1.0,1
A1A87C7E8W4W66,0.0,4.0,0.0,1.0,0.0,1.0,1
A1A8Q7LYKJ7B9Z,0.0,1.0,0.0,1.0,0.0,0.0,1
A1A8YLNAO5G16U,0.0,4.0,0.0,1.0,0.0,1.0,1
A1A92O8IVVHW3Q,0.0,5.0,0.0,1.0,1.0,1.0,2
A1A9BAB8AO2GK4,0.0,3.0,0.0,1.0,0.0,0.0,1
A1AAOEN7K6SI3U,0.0,2.0,0.0,1.0,0.0,0.0,1
A1AB2F8XOU928I,0.0,1.0,0.0,1.0,0.0,0.0,1
A1ABUXDEZODI5T,0.0,4.0,0.0,1.0,0.0,1.0,1
A1ABVP0DV1ZN89,0.0,5.0,0.0,1.0,1.0,1.0,2
A1AC0ZLC6SVXSD,0.6826061944859853,4.0,1.0,0.31739380551401475,0.3333333333333333,0.6666666666666666,3
A1ACUIN0UZC4K4,0.0,5.0,0.0,1.0,1.0,1.0,1
A1AFW98PPLSRBB,0.0,5.0,0.0,1.0,1.0,1.0,1
A1AGGVT4VE56D,0.43067655807339306,4.0,1.4142135623730951,0.5693234419266069,0.5,0.5,2
A1AGU2XO1LL0BI,0.0,5.0,0.0,1.0,1.0,1.0,1
A1AHII2R0R6FAE,0.0,5.0,0.0,1.0,1.0,1.0,1
A1AHL90POX6J9K,0.0,2.0,0.0,1.0,0.0,0.0,1
A1AHSLKOKA3MC3,0.0,4.0,0.0,1.0,0.0,1.0,1
A1AHYRIK9DX6NY,0.0,5.0,0.0,1.0,1.0,1.0,1
A1AIK0Q0EGHR7P,0.0,4.0,0.0,1.0,0.0,1.0,1
A1AJ1LFYJW80AT,0.0,4.0,0.0,1.0,0.0,1.0,1
A1AK5068R1WJAK,0.0,5.0,0.0,1.0,1.0,1.0,1
A1AK6D48SAUFWK,0.0,5.0,0.0,1.0,1.0,1.0,1
A1AKKYXG0Y0ULL,0.0,5.0,0.0,1.0,1.0,1.0,1
A1AM1RHN5GXOOG,0.0,5.0,0.0,1.0,1.0,1.0,1
A1AM97PWBXRM6D,0.0,4.0,0.0,1.0,0.0,1.0,1
A1AMCR6ISCN2Z6,0.0,5.0,0.0,1.0,1.0,1.0,1
A1AMOQQ6GCKDNQ,0.0,5.0,0.0,1.0,1.0,1.0,2
A1AMR7YWHX7W7O,0.0,5.0,0.0,1.0,1.0,1.0,1
A1AMRAJP3AC0OE,0.0,5.0,0.0,1.0,1.0,1.0,1
A1AN7HLQB27TWK,0.0,5.0,0.0,1.0,1.0,1.0,1
A1ANK8ZVPWIL1P,0.0,5.0,0.0,1.0,1.0,1.0,1
A1ANPXJB9B0R5V,0.0,5.0,0.0,1.0,1.0,1.0,1
A1AOK8IY4F9OKZ,0.0,4.0,0.0,1.0,0.0,1.0,2
A1AOM32TWI2BN9,0.0,5.0,0.0,1.0,1.0,1.0,1
A1AP9NRICWMME4,0.0,3.0,0.0,1.0,0.0,0.0,1
A1APZA6WOY8J8,0.0,5.0,0.0,1.0,1.0,1.0,1
A1AQ8JT2A3UWMY,0.0,1.0,0.0,1.0,0.0,0.0,1
A1AQ8LQW5QQSTD,0.43067655807339306,4.0,1.4142135623730951,0.5693234419266069,0.5,0.5,2
A1AQU5XF9GP4SB,0.0,5.0,0.0,1.0,1.0,1.0,1
A1AS0WT5Q7WE9M,0.0,5.0,0.0,1.0,1.0,1.0,1
A1AU09HM08FADZ,0.0,1.0,0.0,1.0,0.0,0.0,1
A1AU6042JEI734,0.0,1.0,0.0,1.0,0.0,0.0,1
A1AUBZQQ1AWSP9,0.0,5.0,0.0,1.0,1.0,1.0,1
A1AUYEJD621EHQ,0.0,5.0,0.0,1.0,1.0,1.0,1
A1AVDAS4VK9FCL,0.0,4.0,0.0,1.0,0.0,1.0,1
A1AW01QS0NVVDV,0.0,5.0,0.0,1.0,1.0,1.0,1
A1AWPV3PS9IH3U,0.0,5.0,0.0,1.0,1.0,1.0,1
A1AWXFMOX56DWM,0.0,5.0,0.0,1.0,1.0,1.0,1
A1AXJJTN6GPQ0I,0.43067655807339306,4.0,1.4142135623730951,0.5693234419266069,0.5,0.5,2
A1B00KVE1YFKCR,0.0,5.0,0.0,1.0,1.0,1.0,1
A1B0RBLA5N0J74,0.0,5.0,0.0,1.0,1.0,1.0,1
A1B0RTVS4SE88W,0.0,4.0,0.0,1.0,0.0,1.0,1
A1B1W7XEX2DRD5,0.0,5.0,0.0,1.0,1.0,1.0,1
A1B29I661YGZEU,0.0,4.0,0.0,1.0,0.0,1.0,1
A1B30WMI3SO6CB,0.0,5.0,0.0,1.0,1.0,1.0,1
A1B3GNO9C8YX0N,0.0,3.0,0.0,1.0,0.0,0.0,1
A1B48D0I1M9HBI,0.0,5.0,0.0,1.0,1.0,1.0,1
A1B4MIXYVIKMU2,0.0,5.0,0.0,1.0,1.0,1.0,1
A1B4RFR5BLLQI5,0.0,3.0,0.0,1.0,0.0,0.0,1
A1B52QAAMM1OUJ,0.0,1.0,0.0,1.0,0.0,0.0,1
A1B58TDQ0XQGU6,0.0,3.0,0.0,1.0,0.0,0.0,1
A1B5Z5OG2NPFDT,0.0,3.0,0.0,1.0,0.0,0.0,1
A1B6M00USHUR6O,0.0,5.0,0.0,1.0,1.0,1.0,1
A1B6O7SAIYG2N0,0.0,5.0,0.0,1.0,1.0,1.0,2
A1B75TZD1XLC0A,0.0,5.0,0.0,1.0,1.0,1.0,1
A1B7VOFF2O3VQE,0.0,5.0,0.0,1.0,1.0,1.0,1
A1B8EJQU73YGL9,0.0,1.0,0.0,1.0,0.0,0.0,1
A1B9W7LG5CQ8LL,0.0,5.0,0.0,1.0,1.0,1.0,1
A1BAOU9WXR429D,0.0,5.0,0.0,1.0,1.0,1.0,1
A1BAT4NZAP6B07,0.31091750708257115,4.6,0.894427190999916,0.6890824929174288,0.8,0.8,5
A1BBAECLOD0XFN,0.0,5.0,0.0,1.0,1.0,1.0,1
A1BBTNE0NGNTJW,0.43067655807339306,3.5,2.1213203435596424,0.5693234419266069,0.5,0.5,2
A1BC62X6HZJGZR,0.0,5.0,0.0,1.0,1.0,1.0,3
A1BCS2ROHQ84X8,0.0,5.0,0.0,1.0,1.0,1.0,1
A1BD4T41QJZBHB,0.0,5.0,0.0,1.0,1.0,1.0,1
A1BDMSJDPX5MDF,0.0,4.0,0.0,1.0,0.0,1.0,1
A1BDZE0TP6L492,0.0,3.0,0.0,1.0,0.0,0.0,1
A1BEMKOWN1TJK4,0.43067655807339306,2.5,2.1213203435596424,0.5693234419266069,0.0,0.5,2
A1BFNBD9CPHHSW,0.0,4.0,0.0,1.0,0.0,1.0,1
A1BHRKM387NKXH,0.0,5.0,0.0,1.0,1.0,1.0,1
A1BHU6FHSC0BJF,0.0,2.0,0.0,1.0,0.0,0.0,1
A1BIPJK03QKFQA,0.0,1.0,0.0,1.0,0.0,0.0,1
A1BIUX1OVAE5N8,0.0,5.0,0.0,1.0,1.0,1.0,1
A1BJ26WC90V5KV,0.0,1.0,0.0,1.0,0.0,0.0,1
A1BJQJZUQI20FC,0.0,1.0,0.0,1.0,0.0,0.0,1
A1BJUDYO6TJ6S9,0.0,5.0,0.0,1.0,1.0,1.0,1
A1BJUMKKRLK9XX,0.0,4.0,0.0,1.0,0.0,1.0,1
A1BK60GZ4QME6I,0.0,4.0,0.0,1.0,0.0,1.0,1
A1BKKEWFMHS7XU,0.0,5.0,0.0,1.0,1.0,1.0,1
A1BM3CYLFRE4X5,0.0,5.0,0.0,1.0,1.0,1.0,1
A1BM3ER2HHHR7T,0.0,4.0,0.0,1.0,0.0,1.0,1
A1BMA0RHTVO7X5,0.0,4.0,0.0,1.0,0.0,1.0,1
A1BMPAGUVC0T9W,0.0,3.0,0.0,1.0,0.0,0.0,1
A1BMQC79FGKV00,0.0,5.0,0.0,1.0,1.0,1.0,1
A1BMWYN78HO3Q3,0.0,5.0,0.0,1.0,1.0,1.0,1
A1BN36SAWCLCIK,0.0,3.0,0.0,1.0,0.0,0.0,1
A1BNL6HCVVEDN0,0.0,5.0,0.0,1.0,1.0,1.0,1
A1BPJ55PLYUA77,0.0,4.0,0.0,1.0,0.0,1.0,1
A1BPRRT5QIKU8J,0.0,5.0,0.0,1.0,1.0,1.0,2
A1BQ9NX14RQZVX,0.0,1.0,0.0,1.0,0.0,0.0,1
A1BQLUMAXH49VN,0.0,5.0,0.0,1.0,1.0,1.0,1
A1BRX51FAKAAVH,0.0,5.0,0.0,1.0,1.0,1.0,1
A1BSER3P7ZCIB6,0.0,5.0,0.0,1.0,1.0,1.0,1
A1BT3B317O829E,0.0,5.0,0.0,1.0,1.0,1.0,1
A1BT9SD02Q6DO7,0.0,5.0,0.0,1.0,1.0,1.0,2
A1BTULXPTQBGQ0,0.0,5.0,0.0,1.0,1.0,1.0,1
A1BU7ES6F0OOAA,0.0,1.0,0.0,1.0,0.0,0.0,1
A1BUH3JUQ1MLOO,0.0,2.0,0.0,1.0,0.0,0.0,1
A1BVIANDXCX7RW,0.0,5.0,0.0,1.0,1.0,1.0,3
A1BVQGCOMB4H3W,0.0,5.0,0.0,1.0,1.0,1.0,1
A1BWD4UA5QTBOI,0.0,5.0,0.0,1.0,1.0,1.0,1
A1BYM8XCLZTPMY,0.0,5.0,0.0,1.0,1.0,1.0,1
A1BZ18U2EF4FAI,0.0,5.0,0.0,1.0,1.0,1.0,3
A1BZHVUHARTXS6,0.0,5.0,0.0,1.0,1.0,1.0,1
A1C00XXCYWEKK1,0.0,5.0,0.0,1.0,1.0,1.0,1
A1C0WNM0G18HJ0,0.0,5.0,0.0,1.0,1.0,1.0,1
A1C2FHDWS02T2Q,0.0,4.0,0.0,1.0,0.0,1.0,1
A1C3OZ383EUS8W,0.0,5.0,0.0,1.0,1.0,1.0,1
A1C47EO3P9UKXJ,0.43067655807339306,3.5,2.1213203435596424,0.5693234419266069,0.5,0.5,2
A1C4J9CUHT3UXE,0.43067655807339306,3.5,2.1213203435596424,0.5693234419266069,0.5,0.5,2
A1C4YDZGWGH9FX,0.0,5.0,0.0,1.0,1.0,1.0,1
A1C5WS021EL3WO,0.0,4.0,0.0,1.0,0.0,1.0,1
A1C60KQ8VJZBS5,0.0,5.0,0.0,1.0,1.0,1.0,2
A1C7AR562HE0TF,0.0,5.0,0.0,1.0,1.0,1.0,1
A1C7E59Y13WKBL,0.0,4.0,0.0,1.0,0.0,1.0,1
A1C82BC5GNABOA,0.43067655807339306,4.0,1.4142135623730951,0.5693234419266069,0.5,0.5,2
A1C8K8UTDSXRXS,0.0,5.0,0.0,1.0,1.0,1.0,1
A1C8V13RD60LTR,0.0,5.0,0.0,1.0,1.0,1.0,3
A1C92FV1I5FM4T,0.0,4.0,0.0,1.0,0.0,1.0,1
A1CA40102FA5N0,0.0,5.0,0.0,1.0,1.0,1.0,1
A1CA960UP1AYXE,0.0,4.0,0.0,1.0,0.0,1.0,1
A1CAGTNRSFHJNJ,0.0,5.0,0.0,1.0,1.0,1.0,3
A1CAP5AJ7JMHKS,0.0,4.0,0.0,1.0,0.0,1.0,1
A1CBFIXDW95M5X,0.0,5.0,0.0,1.0,1.0,1.0,1
A1CBVD5P2MTW3S,0.0,4.0,0.0,1.0,0.0,1.0,1
A1CC0801G6N9GO,0.0,4.0,0.0,1.0,0.0,1.0,1
A1CCBLW6NH70ID,0.0,5.0,0.0,1.0,1.0,1.0,1
A1CCKKNSH3QR08,0.0,5.0,0.0,1.0,1.0,1.0,1
A1CCPHN8WYSN8O,0.0,4.0,0.0,1.0,0.0,1.0,1
A1CEGZTK2CO8FF,0.0,4.0,0.0,1.0,0.0,1.0,1
A1CFU5XJXN3PV4,0.0,1.0,0.0,1.0,0.0,0.0,1
A1CGJPFN8KPTDH,0.0,5.0,0.0,1.0,1.0,1.0,1
A1CGUQU1YQNJFX,0.0,1.0,0.0,1.0,0.0,0.0,1
A1CHRL0JWA2OO8,0.0,5.0,0.0,1.0,1.0,1.0,1
A1CIFFHXSYF5KT,0.0,5.0,0.0,1.0,1.0,1.0,1
A1CIU572HUUE5A,0.0,4.0,0.0,1.0,0.0,1.0,1
A1CIUI32P2UOED,0.0,2.0,0.0,1.0,0.0,0.0,1
A1CKJBI0HE140F,0.0,4.0,0.0,1.0,0.0,1.0,1
A1CL2397W0CAC3,0.0,5.0,0.0,1.0,1.0,1.0,2
A1CLCC5UY1S149,0.0,4.0,0.0,1.0,0.0,1.0,1
A1CLS326NEN86Y,0.0,5.0,0.0,1.0,1.0,1.0,1
A1CM4HI4S5P0WO,0.0,5.0,0.0,1.0,1.0,1.0,1
A1CMJDOKUWCE1S,0.0,5.0,0.0,1.0,1.0,1.0,1
A1CN4JZZTW31JK,0.0,5.0,0.0,1.0,1.0,1.0,1
A1CN4ZCDTGCJCT,0.0,4.0,0.0,1.0,0.0,1.0,1
A1CN7L05XSZMRX,0.0,5.0,0.0,1.0,1.0,1.0,1
A1CNN84Q3V84AC,0.43067655807339306,4.5,0.7071067811865476,0.5693234419266069,0.5,1.0,2
A1CP551C8355WH,0.0,5.0,0.0,1.0,1.0,1.0,1
A1CPPZT5ZNIM57,0.0,5.0,0.0,1.0,1.0,1.0,1
A1CQJYMTE8C6WJ,0.0,1.0,0.0,1.0,0.0,0.0,1
A1CQRJFY5EEMDZ,0.0,1.0,0.0,1.0,0.0,0.0,1
A1CRCLL00ULF20,0.0,5.0,0.0,1.0,1.0,1.0,1
A1CRKXZHTI95AI,0.0,5.0,0.0,1.0,1.0,1.0,1
A1CRUBEW267K0W,0.0,5.0,0.0,1.0,1.0,1.0,1
A1CSFRO37ZRVTW,0.0,1.0,0.0,1.0,0.0,0.0,1
A1CSKKTDNT13BD,0.0,5.0,0.0,1.0,1.0,1.0,1
A1CTZDO3P9V6N0,0.0,4.0,0.0,1.0,0.0,1.0,1
A1CV19Z3EDXMJ6,0.43067655807339306,3.0,2.8284271247461903,0.5693234419266069,0.5,0.5,2
A1CW4FAG34ENZO,0.0,3.0,0.0,1.0,0.0,0.0,1
A1CWC70ZUIJNOU,0.0,5.0,0.0,1.0,1.0,1.0,1
A1CWMO3LQQ7P0P,0.0,5.0,0.0,1.0,1.0,1.0,1
A1CWZPZKD7874S,0.0,5.0,0.0,1.0,1.0,1.0,1
A1CX5JZD7J6M0N,0.0,5.0,0.0,1.0,1.0,1.0,1
A1CXH0ECJCO3US,0.0,5.0,0.0,1.0,1.0,1.0,1
A1CXVAOCM2IN5Q,0.0,3.0,0.0,1.0,0.0,0.0,1
A1CXY93H6HE4EH,0.0,5.0,0.0,1.0,1.0,1.0,1
A1CYTBE7LLUQ8F,0.0,5.0,0.0,1.0,1.0,1.0,1
A1CZ8JTF1JCI72,0.0,5.0,0.0,1.0,1.0,1.0,1
A1D03FD9LVW44O,0.43067655807339306,4.5,0.7071067811865476,0.5693234419266069,0.5,1.0,2
A1D07L5D2CF59L,0.0,4.0,0.0,1.0,0.0,1.0,1
A1D0KL9ZD7SU56,0.0,4.0,0.0,1.0,0.0,1.0,2
A1D0ZQA3MD7VLG,0.0,3.0,0.0,1.0,0.0,0.0,1
A1D1MIFRSG50Y3,0.0,5.0,0.0,1.0,1.0,1.0,1
A1D1ZUWM0MMBVK,0.0,5.0,0.0,1.0,1.0,1.0,1
A1D27BCSYV7VWH,0.0,5.0,0.0,1.0,1.0,1.0,2
A1D311UPNHZTHV,0.0,5.0,0.0,1.0,1.0,1.0,1
A1D34RQ7RIERSY,0.0,4.0,0.0,1.0,0.0,1.0,1
A1D3CJ9QKBXC1Y,0.43067655807339306,4.5,0.7071067811865476,0.5693234419266069,0.5,1.0,2
A1D3CQN43Q2T3F,0.0,5.0,0.0,1.0,1.0,1.0,1
A1D3X5TOQV6FQ7,0.0,4.0,0.0,1.0,0.0,1.0,1
A1D45GKC02247Y,0.0,4.0,0.0,1.0,0.0,1.0,1
A1D5HLEQD8J0MI,0.0,4.0,0.0,1.0,0.0,1.0,1
A1D678H20KE69R,0.0,4.0,0.0,1.0,0.0,1.0,1
A1D6XJGWCLNM3W,0.0,5.0,0.0,1.0,1.0,1.0,1
A1D75IF0B4H4L,0.0,5.0,0.0,1.0,1.0,1.0,1
A1D7WKS43Y6AVY,0.0,2.0,0.0,1.0,0.0,0.0,1
A1D82T9H3X8AB4,0.0,2.0,0.0,1.0,0.0,0.0,1
A1D8JPKIZ9SZYL,0.0,5.0,0.0,1.0,1.0,1.0,1
A1D9U33OHQTO18,0.0,5.0,0.0,1.0,1.0,1.0,1
A1DA35S1UET846,0.0,5.0,0.0,1.0,1.0,1.0,1
A1DARGMU0J830E,0.0,5.0,0.0,1.0,1.0,1.0,1
A1DB2EVH0HGHBP,0.0,5.0,0.0,1.0,1.0,1.0,1
A1DBDCQASEIMDW,0.43067655807339306,4.5,0.7071067811865476,0.5693234419266069,0.5,1.0,2
A1DCN0NZO7E2C,0.0,5.0,0.0,1.0,1.0,1.0,1
A1DCNMRBNSTN59,0.0,5.0,0.0,1.0,1.0,1.0,1
A1DDG2R80UWTPI,0.0,5.0,0.0,1.0,1.0,1.0,1
A1DDNUNC9JNZEV,0.0,2.0,0.0,1.0,0.0,0.0,1
A1DE6049MCZ3CE,0.0,1.0,0.0,1.0,0.0,0.0,1
A1DE7W7O9L1UYX,0.0,5.0,0.0,1.0,1.0,1.0,3
A1DF5D8N00SQR0,0.0,5.0,0.0,1.0,1.0,1.0,1
A1DGED31BJ7H4D,0.0,5.0,0.0,1.0,1.0,1.0,1
A1DIFL0333QPEB,0.0,1.0,0.0,1.0,0.0,0.0,1
A1DIK3X5W8SX51,0.0,4.0,0.0,1.0,0.0,1.0,1
A1DIZO95XRBLPO,0.0,4.0,0.0,1.0,0.0,1.0,1
A1DJ72M95U7GPD,0.0,5.0,0.0,1.0,1.0,1.0,2
A1DJ7PH72PMJIO,0.0,5.0,0.0,1.0,1.0,1.0,1
A1DKICE5Z4EQNR,0.0,5.0,0.0,1.0,1.0,1.0,1
A1DL9IH75MWT8R,0.0,1.0,0.0,1.0,0.0,0.0,1
A1DLFC5GG1RQFL,0.0,5.0,0.0,1.0,1.0,1.0,1
A1DLMTOTHQ4AST,0.0,3.0,0.0,1.0,0.0,0.0,1
A1DNAYILPPR7NL,0.0,5.0,0.0,1.0,1.0,1.0,1
A1DNFRUWF2PXDT,0.0,5.0,0.0,1.0,1.0,1.0,1
A1DO9LRCO23EOM,0.0,5.0,0.0,1.0,1.0,1.0,1
A1DOFBSJT3SSKZ,0.0,5.0,0.0,1.0,1.0,1.0,1
A1DPUZDTVNJUMX,0.0,5.0,0.0,1.0,1.0,1.0,1
A1DPYRDSP17UT0,0.0,3.0,0.0,1.0,0.0,0.0,1
A1DQEJN9C8AM5K,0.0,3.0,0.0,1.0,0.0,0.0,1
A1DQHS7MOVYYYA,0.0,5.0,0.0,1.0,1.0,1.0,1
A1DRM3JV6T5O6P,0.0,2.0,0.0,1.0,0.0,0.0,1
A1DS1VQA47ACCC,0.0,5.0,0.0,1.0,1.0,1.0,1
A1DTTUZZH3UCJK,0.0,5.0,0.0,1.0,1.0,1.0,1
A1DUC23R0YP9F7,0.0,4.0,0.0,1.0,0.0,1.0,1
A1DV1Z52G42EX2,0.0,5.0,0.0,1.0,1.0,1.0,1
A1DVJIPY0MFSNF,0.0,5.0,0.0,1.0,1.0,1.0,1
A1DVKQE6BFL98Q,0.0,5.0,0.0,1.0,1.0,1.0,1
A1DYB9MKFYEGS4,0.0,5.0,0.0,1.0,1.0,1.0,1
A1DYHNSD4T1LEH,0.0,4.0,0.0,1.0,0.0,1.0,1
A1E00WMEXK151D,0.0,5.0,0.0,1.0,1.0,1.0,1
A1E04XSIX1OAOM,0.0,1.0,0.0,1.0,0.0,0.0,1
A1E2TVC46QZJ3X,0.0,5.0,0.0,1.0,1.0,1.0,1
A1E3OB6QMBKRYZ,0.0,1.0,0.0,1.0,0.0,0.0,1
A1E4FASFO78Z77,0.0,5.0,0.0,1.0,1.0,1.0,1
A1E5D73Z5Q73A0,0.0,5.0,0.0,1.0,1.0,1.0,1
A1E5M5Q3L9PCVV,0.0,5.0,0.0,1.0,1.0,1.0,1
A1E6GEYZYQF84I,0.0,4.0,0.0,1.0,0.0,1.0,1
A1E6U796EWSWXL,0.0,5.0,0.0,1.0,1.0,1.0,1
A1E6YJH0YZYFU5,0.0,5.0,0.0,1.0,1.0,1.0,1
A1E71PU53N45Y0,0.0,5.0,0.0,1.0,1.0,1.0,1
A1E7VTRDMI4XMV,0.0,4.0,0.0,1.0,0.0,1.0,1
A1E8PWW106DRBE,0.0,4.0,0.0,1.0,0.0,1.0,1
A1E8XGHM6Z4W93,0.0,5.0,0.0,1.0,1.0,1.0,1
A1E9RGETV1X5LK,0.0,3.0,0.0,1.0,0.0,0.0,1
A1E9ZB5LT45ON1,0.0,3.0,0.0,1.0,0.0,0.0,1
A1EA08F54PPH4O,0.0,4.0,0.0,1.0,0.0,1.0,1
A1EAN2SFKYBJ05,0.0,5.0,0.0,1.0,1.0,1.0,1
A1EARN5PUVIF1S,0.0,5.0,0.0,1.0,1.0,1.0,2
A1EAXVLKPVL8W5,0.0,5.0,0.0,1.0,1.0,1.0,1
A1EAY9UVLFSBYL,0.0,5.0,0.0,1.0,1.0,1.0,1
A1EB8F8AYQAR5A,0.0,3.0,0.0,1.0,0.0,0.0,1
A1EB93IMG9QWBB,0.0,5.0,0.0,1.0,1.0,1.0,1
A1EBGQUBPD16Y0,0.0,5.0,0.0,1.0,1.0,1.0,1
A1EC1IGNE6G5UP,0.0,2.0,0.0,1.0,0.0,0.0,1
A1ED8VDWRL12Q5,0.0,5.0,0.0,1.0,1.0,1.0,1
A1EDBC5HQQY98Q,0.0,5.0,0.0,1.0,1.0,1.0,1
A1EDI0X3GI1SK7,0.0,5.0,0.0,1.0,1.0,1.0,1
A1EDIAKY68UOFG,0.0,5.0,0.0,1.0,1.0,1.0,1
A1EDPGHC9EYBUN,0.0,5.0,0.0,1.0,1.0,1.0,1
A1EE1HLYUIJPIG,0.0,5.0,0.0,1.0,1.0,1.0,1
A1EFAJ4Q7XFJWD,0.0,5.0,0.0,1.0,1.0,1.0,1
A1EGD8EGNINP52,0.0,5.0,0.0,1.0,1.0,1.0,1
A1EGEU2T7ZQQL8,0.0,5.0,0.0,1.0,1.0,1.0,1
A1EH2S92FHWZRP,0.6826061944859853,4.0,1.0,0.31739380551401475,0.3333333333333333,0.6666666666666666,3
A1EIFZLXET92Q2,0.0,5.0,0.0,1.0,1.0,1.0,1
A1EKB0SYZ81ZV,0.0,5.0,0.0,1.0,1.0,1.0,2
A1EKSETIBS9ETQ,0.0,5.0,0.0,1.0,1.0,1.0,1
A1EKSHKY9G1K18,0.0,5.0,0.0,1.0,1.0,1.0,2
A1EMDSTJDUE6B0,0.0,5.0,0.0,1.0,1.0,1.0,1
A1EN0HIRFDGC8T,0.0,5.0,0.0,1.0,1.0,1.0,1
A1EN3TU8BPYH2B,0.0,1.0,0.0,1.0,0.0,0.0,1
A1EN4XAKX9LK4A,0.0,5.0,0.0,1.0,1.0,1.0,1
A1ENHG9CYI17HW,0.0,3.0,0.0,1.0,0.0,0.0,1
A1EO5YR1238VL3,0.0,4.0,0.0,1.0,0.0,1.0,1
A1ER23A7CRR5S5,0.43067655807339306,4.5,0.7071067811865476,0.5693234419266069,0.5,1.0,2
A1ER9BE147BD5E,0.0,5.0,0.0,1.0,1.0,1.0,1
A1ERWR5A8OVLDH,0.39548848910372325,4.0,1.7320508075688772,0.6045115108962767,0.6666666666666666,0.6666666666666666,3
A1ES2Z4ZX6IWBK,0.0,5.0,0.0,1.0,1.0,1.0,1
A1ES9IQ5EZ4XQF,0.0,5.0,0.0,1.0,1.0,1.0,1
A1ES9YOD55CMER,0.0,4.0,0.0,1.0,0.0,1.0,1
A1ESBJOHHB8LFN,0.0,4.0,0.0,1.0,0.0,1.0,1
A1ESEP2IGYJDXN,0.0,4.0,0.0,1.0,0.0,1.0,1
A1ESIPXHHGJS16,0.0,4.0,0.0,1.0,0.0,1.0,1
A1ESVSG3FBJFH7,0.0,3.0,0.0,1.0,0.0,0.0,1
A1ESWWU4DNXRJV,0.0,5.0,0.0,1.0,1.0,1.0,1
A1ETGPDALZIMVA,0.0,5.0,0.0,1.0,1.0,1.0,1
A1EU2HO4Y1SKHQ,0.0,5.0,0.0,1.0,1.0,1.0,1
A1EUE5JH2881MB,0.0,5.0,0.0,1.0,1.0,1.0,1
A1EUNXD1YH4P25,0.0,1.0,0.0,1.0,0.0,0.0,1
A1EUVBIPRTHTCX,0.0,1.0,0.0,1.0,0.0,0.0,1
A1EWQ5Y6HHSJGX,0.0,5.0,0.0,1.0,1.0,1.0,1
A1EX7MNFZYL58,0.0,5.0,0.0,1.0,1.0,1.0,1
A1EXGL6L0QQ0M5,0.0,5.0,0.0,1.0,1.0,1.0,1
A1EXXVCOOMXEQ0,0.0,5.0,0.0,1.0,1.0,1.0,2
A1EZ520KVSUVST,0.0,5.0,0.0,1.0,1.0,1.0,1
A1F041LBLQNOZW,0.0,5.0,0.0,1.0,1.0,1.0,1
A1F087XDF48WQT,0.0,5.0,0.0,1.0,1.0,1.0,1
A1F0J7IHM0KX5G,0.0,3.0,0.0,1.0,0.0,0.0,1
A1F1A0QQP2XVH5,0.0,5.0,0.0,1.0,1.0,1.0,3
A1F234IKW8X91O,0.0,5.0,0.0,1.0,1.0,1.0,1
A1F2QYMDONSF7I,0.39548848910372325,4.666666666666667,0.5773502691896257,0.6045115108962767,0.6666666666666666,1.0,3
A1F3A3MMY54FUP,0.0,5.0,0.0,1.0,1.0,1.0,1
A1F3BUDAE2HVK0,0.0,5.0,0.0,1.0,1.0,1.0,1
A1F3YT1298K5DX,0.0,5.0,0.0,1.0,1.0,1.0,1
A1F4EPSDCON365,0.0,5.0,0.0,1.0,1.0,1.0,1
A1F4MJOW5947LT,0.0,5.0,0.0,1.0,1.0,1.0,1
A1F4P9AXMQ4XZU,0.0,4.0,0.0,1.0,0.0,1.0,1
A1F5865RG4YKHV,0.0,5.0,0.0,1.0,1.0,1.0,1
A1F5IRG9LIKM2H,0.0,4.0,0.0,1.0,0.0,1.0,1
A1F5L6NPU5SWP1,0.0,1.0,0.0,1.0,0.0,0.0,1
A1F5ME1J70I0W6,0.0,5.0,0.0,1.0,1.0,1.0,1
A1F6ASVUPBDSKJ,0.0,4.0,0.0,1.0,0.0,1.0,1
A1F7XETXDDGRBE,0.0,5.0,0.0,1.0,1.0,1.0,1
A1F81SAQBP04IW,0.0,5.0,0.0,1.0,1.0,1.0,1
A1F81UOEZWZ01A,0.0,5.0,0.0,1.0,1.0,1.0,1
A1F898XZRR8C28,0.0,5.0,0.0,1.0,1.0,1.0,1
A1F8ABPW3WRF6T,0.0,5.0,0.0,1.0,1.0,1.0,1
A1F8F5LZ9GCHSB,0.0,5.0,0.0,1.0,1.0,1.0,1
A1F8FFYPYZ9XJ,0.0,5.0,0.0,1.0,1.0,1.0,1
A1F958T2GSWCEK,0.0,5.0,0.0,1.0,1.0,1.0,1
A1F9X6Z1EGWMNI,0.0,5.0,0.0,1.0,1.0,1.0,1
A1F9YNY2KTBO5H,0.43067655807339306,4.0,1.4142135623730951,0.5693234419266069,0.5,0.5,2
A1F9Z42CFF9IAY,0.39548848910372325,3.3333333333333335,1.1547005383792517,0.6045115108962767,0.0,0.6666666666666666,3
A1FA27A4WMCDZL,0.0,1.0,0.0,1.0,0.0,0.0,1
A1FA8AAON1UIV9,0.0,5.0,0.0,1.0,1.0,1.0,1
A1FAJINGM36NHC,0.0,5.0,0.0,1.0,1.0,1.0,1
A1FAOBCBBLQLHE,0.0,4.0,0.0,1.0,0.0,1.0,1
A1FDYXJ28RDHIS,0.0,5.0,0.0,1.0,1.0,1.0,1
A1FERFOI1OU1OF,0.0,3.0,0.0,1.0,0.0,0.0,1
A1FF0KZ7KWFDDH,0.0,5.0,0.0,1.0,1.0,1.0,1
A1FF2PLA84KNAE,0.0,4.0,0.0,1.0,0.0,1.0,1
A1FF8RVKS9Y843,0.0,3.0,0.0,1.0,0.0,0.0,1
A1FFCR74WU1E6Z,0.0,5.0,0.0,1.0,1.0,1.0,1
A1FFGVSTLEIXVR,0.0,3.0,0.0,1.0,0.0,0.0,1
A1FFKKJYBNSAYM,0.0,5.0,0.0,1.0,1.0,1.0,1
A1FGK3N8GZHGZJ,0.0,5.0,0.0,1.0,1.0,1.0,1
A1FGL6IPRPCR9J,0.0,5.0,0.0,1.0,1.0,1.0,1
A1FI3PMS0U7KQL,0.0,5.0,0.0,1.0,1.0,1.0,1
A1FIGM5NXX9J3Q,0.0,2.0,0.0,1.0,0.0,0.0,1
A1FIR4LBQA39YR,0.0,4.0,0.0,1.0,0.0,1.0,1
A1FISS9YFJCXVG,0.0,5.0,0.0,1.0,1.0,1.0,2
A1FJSCNYLU4126,0.0,5.0,0.0,1.0,1.0,1.0,1
A1FJU0BFGSBF3K,0.0,5.0,0.0,1.0,1.0,1.0,1
A1FLK39UE4Q0UW,0.0,1.0,0.0,1.0,0.0,0.0,1
A1FLNRFSXRF3QQ,0.0,4.0,0.0,1.0,0.0,1.0,1
A1FM50L5NH0OWE,0.0,4.0,0.0,1.0,0.0,1.0,1
A1FMPZZL2642ZL,0.0,5.0,0.0,1.0,1.0,1.0,1
A1FMZGVDOLOP9W,0.0,5.0,0.0,1.0,1.0,1.0,1
A1FNBZLJI88MQJ,0.0,5.0,0.0,1.0,1.0,1.0,1
A1FNHDWSN2KA0G,0.0,3.0,0.0,1.0,0.0,0.0,1
A1FNVTIU6Q062Z,0.0,4.0,0.0,1.0,0.0,1.0,1
A1FP2LA6M2OJX0,0.0,5.0,0.0,1.0,1.0,1.0,1
A1FP5PIA2TSJQE,0.0,5.0,0.0,1.0,1.0,1.0,1
A1FPS4R13KT9ZC,0.0,5.0,0.0,1.0,1.0,1.0,1
A1FPSSELKQNTK4,0.0,5.0,0.0,1.0,1.0,1.0,1
A1FPU7R5Q7HIDS,0.0,3.0,0.0,1.0,0.0,0.0,1
A1FPVTPIJF9IIQ,0.0,5.0,0.0,1.0,1.0,1.0,1
A1FQUFDI4Y67I2,0.0,4.0,0.0,1.0,0.0,1.0,1
A1FR0HJ5QMXV8O,0.0,4.0,0.0,1.0,0.0,1.0,1
A1FREHYUPLCMTC,0.0,5.0,0.0,1.0,1.0,1.0,1
A1FRPICT2SH2LH,0.0,4.0,0.0,1.0,0.0,1.0,1
A1FSFYP29DRI4L,0.0,4.0,0.0,1.0,0.0,1.0,1
A1FT3XZ2GWQAC3,0.0,5.0,0.0,1.0,1.0,1.0,1
A1FUBPW8U2RYUY,0.0,4.0,0.0,1.0,0.0,1.0,1
A1FV6SJ6Z27O1E,0.0,4.0,0.0,1.0,0.0,1.0,1
A1FVN80HHHR3RA,0.43067655807339306,4.0,1.4142135623730951,0.5693234419266069,0.5,0.5,2
A1FW5ROF3LQC9Q,0.0,5.0,0.0,1.0,1.0,1.0,1
A1FW6JOS06AD1X,0.0,5.0,0.0,1.0,1.0,1.0,1
A1FWP4ZSTC8W5O,0.0,5.0,0.0,1.0,1.0,1.0,1
A1FXR3BGMW7F22,0.0,4.0,0.0,1.0,0.0,1.0,1
A1FYX3RHM6B6EX,0.0,5.0,0.0,1.0,1.0,1.0,2
A1FZ5XWQ2NNT62,0.0,2.0,0.0,1.0,0.0,0.0,1
A1FZH340EKH640,0.0,5.0,0.0,1.0,1.0,1.0,1
A1FZZV7MKUE0MK,0.0,5.0,0.0,1.0,1.0,1.0,1
A1G0E1SQB3SGSZ,0.0,4.0,0.0,1.0,0.0,1.0,1
A1G0N4WP7EDQ1H,0.0,1.0,0.0,1.0,0.0,0.0,1
A1G166HPVNLWIB,0.0,5.0,0.0,1.0,1.0,1.0,1
A1G18MU8RQQ4GY,0.39548848910372325,4.666666666666667,0.5773502691896258,0.6045115108962767,0.6666666666666666,1.0,3
A1G1CPDNPRIHD4,0.0,1.0,0.0,1.0,0.0,0.0,1
A1G1SBEB82NDRU,0.0,4.0,0.0,1.0,0.0,1.0,1
A1G25CG7UWQ3XO,0.0,1.0,0.0,1.0,0.0,0.0,1
A1G3LFZTTQQI5C,0.0,5.0,0.0,1.0,1.0,1.0,1
A1G4AW937NAPVA,0.0,3.0,0.0,1.0,0.0,0.0,1
A1G4PDC7AI56XG,0.0,5.0,0.0,1.0,1.0,1.0,1
A1G5508T5XY1RS,0.0,5.0,0.0,1.0,1.0,1.0,1
A1G6M86XS35YS3,0.0,3.0,0.0,1.0,0.0,0.0,1
A1G74Z2NYIIVCM,0.0,4.0,0.0,1.0,0.0,1.0,1
A1G84JVGCWCUEJ,0.0,4.0,0.0,1.0,0.0,1.0,1
A1G8GOK1OYID5X,0.0,2.0,0.0,1.0,0.0,0.0,1
A1G9SOE51HET8E,0.0,5.0,0.0,1.0,1.0,1.0,2
A1GBT4UN2RW7XY,0.43067655807339306,4.5,0.7071067811865476,0.5693234419266069,0.5,1.0,2
A1GBU479WXR7UG,0.0,5.0,0.0,1.0,1.0,1.0,1
A1GCKBZ5B7XHPC,0.0,5.0,0.0,1.0,1.0,1.0,1
A1GCLR2XBUFH6,0.0,3.0,0.0,1.0,0.0,0.0,1
A1GDAIVRFY8832,0.0,5.0,0.0,1.0,1.0,1.0,1
A1GE51A2O3NM3W,0.0,5.0,0.0,1.0,1.0,1.0,1
A1GE6AROZ4IEAJ,0.43067655807339306,3.0,1.4142135623730951,0.5693234419266069,0.0,0.5,2
A1GEGWTL027WIL,0.0,5.0,0.0,1.0,1.0,1.0,1
A1GEV4XRR3YJ0F,0.0,5.0,0.0,1.0,1.0,1.0,1
A1GF4BH6WPBZ4Y,0.0,2.0,0.0,1.0,0.0,0.0,2
A1GFB47CXP4LKR,0.0,5.0,0.0,1.0,1.0,1.0,2
A1GFES7JBA2TNR,0.0,4.0,0.0,1.0,0.0,1.0,1
A1GFH98ATO6D5I,0.0,5.0,0.0,1.0,1.0,1.0,1
A1GG82ALWJIGE8,0.0,4.0,0.0,1.0,0.0,1.0,1
A1GGD7MP7HKJAJ,0.0,5.0,0.0,1.0,1.0,1.0,1
A1GGWEX2RW0IRW,0.0,4.0,0.0,1.0,0.0,1.0,1
A1GHIHEYT9EI43,0.0,3.0,0.0,1.0,0.0,0.0,1
A1GHIZOF6W4VON,0.0,5.0,0.0,1.0,1.0,1.0,1
A1GHZFYE83R2GA,0.0,5.0,0.0,1.0,1.0,1.0,1
A1GIMMNRJM94RX,0.0,5.0,0.0,1.0,1.0,1.0,1
A1GIRH2N6B2VZL,0.0,1.0,0.0,1.0,0.0,0.0,1
A1GJ913L9IZR7G,0.0,5.0,0.0,1.0,1.0,1.0,1
A1GKAGU5JZODFN,0.0,5.0,0.0,1.0,1.0,1.0,1
A1GLL5CJ1SFAMS,0.0,5.0,0.0,1.0,1.0,1.0,1
A1GLMR6A34M0VV,0.0,1.0,0.0,1.0,0.0,0.0,1
A1GNSLNCXXG2HE,0.0,2.0,0.0,1.0,0.0,0.0,1
A1GNYV0RA0EQSS,0.0,5.0,0.0,1.0,1.0,1.0,1
A1GOTJRHOSQKZK,0.0,5.0,0.0,1.0,1.0,1.0,1
A1GP5D3MXBKUQE,0.0,4.0,0.0,1.0,0.0,1.0,1
A1GPS3ULIPNN4R,0.0,3.0,0.0,1.0,0.0,0.0,1
A1GPS8D0AWIEG8,0.0,5.0,0.0,1.0,1.0,1.0,1
A1GPVV2XWNGSDX,0.0,5.0,0.0,1.0,1.0,1.0,2
A1GQK49Z3G4J8G,0.0,5.0,0.0,1.0,1.0,1.0,1
A1GR9JZSPOYPJC,0.0,5.0,0.0,1.0,1.0,1.0,1
A1GRYKT7TUE9CE,0.0,2.0,0.0,1.0,0.0,0.0,1
A1GSJ4TMAE2MYC,0.0,5.0,0.0,1.0,1.0,1.0,1
A1GT1QSKQ5FAIE,0.0,5.0,0.0,1.0,1.0,1.0,1
A1GUJGGRLM6V30,0.0,4.0,0.0,1.0,0.0,1.0,1
A1GWQIOSUI37T4,0.0,3.0,0.0,1.0,0.0,0.0,1
A1GWS2NJ324IY1,0.0,2.0,0.0,1.0,0.0,0.0,1
A1GWUB4XO5OFVE,0.0,4.0,0.0,1.0,0.0,1.0,1
A1GWYS0HGHQKB7,0.0,5.0,0.0,1.0,1.0,1.0,1
A1GX2E4VJH1NAD,0.0,4.0,0.0,1.0,0.0,1.0,1
A1GXOJYENYFP6W,0.0,4.0,0.0,1.0,0.0,1.0,1
A1GY1HIA0XKF2G,0.43067655807339306,3.0,2.8284271247461903,0.5693234419266069,0.5,0.5,2
A1GYAEE9ISZKUA,0.0,5.0,0.0,1.0,1.0,1.0,1
A1GYJC4UO4YCQQ,0.0,4.0,0.0,1.0,0.0,1.0,1
A1GYN77I2M4LQN,0.0,5.0,0.0,1.0,1.0,1.0,2
A1GYR0Q9BRCNQ4,0.0,4.0,0.0,1.0,0.0,1.0,1
A1GYV9PJ0U8ERX,0.0,5.0,0.0,1.0,1.0,1.0,2
A1GYYOE13EFKKW,0.0,5.0,0.0,1.0,1.0,1.0,1
A1GZTVDFGF71XM,0.0,3.0,0.0,1.0,0.0,0.0,1
A1GZULYG4M5HHR,0.0,5.0,0.0,1.0,1.0,1.0,1
A1GZWPGIYCQLVP,0.0,4.0,0.0,1.0,0.0,1.0,1
A1GZZEI9LGAIRQ,0.0,4.0,0.0,1.0,0.0,1.0,1
A1H0NIDFVV1FTU,0.0,5.0,0.0,1.0,1.0,1.0,1
A1H0XHTUZEE8LF,0.0,5.0,0.0,1.0,1.0,1.0,1
A1H1TAQ6E1TYAM,0.0,5.0,0.0,1.0,1.0,1.0,1
A1H1WE211BQL7F,0.0,2.0,0.0,1.0,0.0,0.0,1
A1H2KQF6MKA1DJ,0.0,4.0,0.0,1.0,0.0,1.0,1
A1H2O9EQANIGQT,0.0,5.0,0.0,1.0,1.0,1.0,1
A1H2V4OF8BZ4FC,0.0,5.0,0.0,1.0,1.0,1.0,2
A1H4B09YLQ9IMA,0.0,5.0,0.0,1.0,1.0,1.0,1
A1H4HIMWZPFZUQ,0.0,5.0,0.0,1.0,1.0,1.0,1
A1H4P50KI3ZR78,0.0,3.0,0.0,1.0,0.0,0.0,1
A1H4Z4OSMNDCFC,0.0,2.0,0.0,1.0,0.0,0.0,1
A1H5FVY4HX3ABU,0.0,3.0,0.0,1.0,0.0,0.0,1
A1H5P52BNEMM2P,0.0,4.0,0.0,1.0,0.0,1.0,1
A1H60O5I18S403,0.0,5.0,0.0,1.0,1.0,1.0,1
A1H6G9KAJFX19Z,0.0,5.0,0.0,1.0,1.0,1.0,1
A1H7JRH18L2BXG,0.0,5.0,0.0,1.0,1.0,1.0,1
A1H8EOX4LE3PNQ,0.0,5.0,0.0,1.0,1.0,1.0,1
A1H8I2PH00UQ2K,0.0,5.0,0.0,1.0,1.0,1.0,1
A1H8PY3QHMQQA0,0.0,2.0,0.0,1.0,0.0,0.0,1
A1H9UFWNIWTPFV,0.0,5.0,0.0,1.0,1.0,1.0,1
A1HACP80YXJRPP,0.0,3.0,0.0,1.0,0.0,0.0,1
A1HBINFSVAQ7G3,0.0,5.0,0.0,1.0,1.0,1.0,1
A1HBLNE8QYSG3Z,0.0,5.0,0.0,1.0,1.0,1.0,1
A1HBNCPHMW87Y0,0.0,5.0,0.0,1.0,1.0,1.0,1
A1HC9B0Y05N95A,0.0,5.0,0.0,1.0,1.0,1.0,1
A1HCMIM33ZPNWR,0.0,5.0,0.0,1.0,1.0,1.0,1
A1HCVRIFI6V6T7,0.0,4.0,0.0,1.0,0.0,1.0,1
A1HD8EWSHR9FM6,0.0,5.0,0.0,1.0,1.0,1.0,1
A1HE9XEZ3LPP6B,0.0,5.0,0.0,1.0,1.0,1.0,1
A1HEFVTXHT1AL1,0.0,4.0,0.0,1.0,0.0,1.0,1
A1HENIY6ASC7ZO,0.0,5.0,0.0,1.0,1.0,1.0,1
A1HGK2XHW9J2PL,0.0,5.0,0.0,1.0,1.0,1.0,1
A1HH11STE53V5,0.43067655807339306,4.0,1.4142135623730951,0.5693234419266069,0.5,0.5,2
A1HH194Z0PL1E4,0.0,5.0,0.0,1.0,1.0,1.0,1
A1HH1DPK1ASVDN,0.0,4.0,0.0,1.0,0.0,1.0,1
A1HHEF51V3BA0D,0.0,2.0,0.0,1.0,0.0,0.0,1
A1HHME9SRDVXWB,0.0,5.0,0.0,1.0,1.0,1.0,1
A1HI8X9113YNFB,0.0,4.0,0.0,1.0,0.0,1.0,1
A1HIOG0DOWHGM2,0.0,4.0,0.0,1.0,0.0,1.0,1
A1HIZC2BJYEY5P,0.0,5.0,0.0,1.0,1.0,1.0,1
A1HK6XKQEQDKXK,0.0,5.0,0.0,1.0,1.0,1.0,1
A1HLEJA9NGG4O4,0.0,5.0,0.0,1.0,1.0,1.0,1
A1HMI0JPCWQY4E,0.0,5.0,0.0,1.0,1.0,1.0,1
A1HMK1KMWQBDTT,0.0,5.0,0.0,1.0,1.0,1.0,1
A1HML2C0J5JKG,0.0,1.0,0.0,1.0,0.0,0.0,1
A1HMZSNXP2MC8L,0.0,4.0,0.0,1.0,0.0,1.0,1
A1HN2ZEPOV8JOG,0.0,5.0,0.0,1.0,1.0,1.0,1
A1HO6RWO0CRWBB,0.0,4.0,0.0,1.0,0.0,1.0,1
A1HO7J528F9WC,0.0,5.0,0.0,1.0,1.0,1.0,1
A1HOV5ICDDKI03,0.0,5.0,0.0,1.0,1.0,1.0,1
A1HRYC60VTMYC0,0.43067655807339306,4.5,0.7071067811865476,0.5693234419266069,0.5,1.0,2
A1HS11O0GNTDEW,0.0,5.0,0.0,1.0,1.0,1.0,1
A1HSAYB9K98OGX,0.0,4.0,0.0,1.0,0.0,1.0,2
A1HSGHW38ZSYXN,0.0,5.0,0.0,1.0,1.0,1.0,1
A1HSM98KUGTHNY,0.0,4.0,0.0,1.0,0.0,1.0,1
A1HSX3ZEQI9QAB,0.0,4.0,0.0,1.0,0.0,1.0,1
A1HTB488P5GRCP,0.0,5.0,0.0,1.0,1.0,1.0,1
A1HTJX4WSGZI2I,0.0,4.0,0.0,1.0,0.0,1.0,1
A1HTUOY4NOVZSK,0.0,4.0,0.0,1.0,0.0,1.0,1
A1HTXF6132KVZY,0.0,5.0,0.0,1.0,1.0,1.0,3
A1HUCUAIH6U5W2,0.0,1.0,0.0,1.0,0.0,0.0,1
A1HUDHDSLZ8PFS,0.0,5.0,0.0,1.0,1.0,1.0,1
A1HW4M029I31C8,0.0,5.0,0.0,1.0,1.0,1.0,1
A1HWSRLE5IBCTV,0.0,5.0,0.0,1.0,1.0,1.0,1
A1HWV9AYUMH3HV,0.0,5.0,0.0,1.0,1.0,1.0,1
A1HXLQOYQB889P,0.0,4.0,0.0,1.0,0.0,1.0,1
A1HZIKS8JFCM9U,0.0,5.0,0.0,1.0,1.0,1.0,1
A1HZWHI3JLGZ5N,0.0,1.0,0.0,1.0,0.0,0.0,1
A1HZXIWZ2BFEI9,0.0,4.0,0.0,1.0,0.0,1.0,1
A1I002WK1LELAO,0.0,2.0,0.0,1.0,0.0,0.0,1
A1I090FC32L88Q,0.0,5.0,0.0,1.0,1.0,1.0,1
A1I0ET8C0DHJ8G,0.0,4.0,0.0,1.0,0.0,1.0,1
A1I0M1C381UQNZ,0.0,5.0,0.0,1.0,1.0,1.0,1
A1I0MV8SWXSWDQ,0.0,2.0,0.0,1.0,0.0,0.0,1
A1I1H1EHPOH6ZW,0.0,5.0,0.0,1.0,1.0,1.0,1
A1I1ZGZUDM326L,0.0,2.0,0.0,1.0,0.0,0.0,1
A1I2S55T0R9DTX,0.0,4.0,0.0,1.0,0.0,1.0,1
A1I3AJXVJ8PDS4,0.0,5.0,0.0,1.0,1.0,1.0,1
A1I3GL5GLBEQ7X,0.0,3.0,0.0,1.0,0.0,0.0,1
A1I43PYV1DMIIF,0.0,4.0,0.0,1.0,0.0,1.0,1
A1I4CSPYVVDOR3,0.0,4.0,0.0,1.0,0.0,1.0,1
A1I68HGX9VG1PY,0.0,5.0,0.0,1.0,1.0,1.0,1
A1I6TR7R336BXH,0.0,5.0,0.0,1.0,1.0,1.0,1
A1I7UZEKGFIYP,0.0,2.0,0.0,1.0,0.0,0.0,1
A1I8SSEK2E846I,0.0,4.0,0.0,1.0,0.0,1.0,1
A1I9B4PSCDDWOO,0.0,1.0,0.0,1.0,0.0,0.0,1
A1IAFOBW8ZR469,0.0,1.0,0.0,1.0,0.0,0.0,1
A1IAJW86DJU0EM,0.0,5.0,0.0,1.0,1.0,1.0,1
A1IANEBSMVGHS9,0.0,3.0,0.0,1.0,0.0,0.0,2
A1IBBI5YMPAUCW,0.0,5.0,0.0,1.0,1.0,1.0,1
A1IBKN1GXYJ3K4,0.0,5.0,0.0,1.0,1.0,1.0,1
A1ICDP1SXHZE0U,0.0,5.0,0.0,1.0,1.0,1.0,1
A1IDFR483R23N,0.0,4.0,0.0,1.0,0.0,1.0,1
A1IDWUYX4QXTUE,0.0,5.0,0.0,1.0,1.0,1.0,1
A1IE3DQMCUAKBT,0.0,4.0,0.0,1.0,0.0,1.0,1
A1IEFXS4C1TSB8,0.0,5.0,0.0,1.0,1.0,1.0,1
A1IEGPT1Q5D3R2,0.0,5.0,0.0,1.0,1.0,1.0,1
A1IF0EV2GXK873,0.0,5.0,0.0,1.0,1.0,1.0,1
A1IF3VUAXBTX00,0.0,1.0,0.0,1.0,0.0,0.0,2
A1IF5UP2PK2T4U,0.0,5.0,0.0,1.0,1.0,1.0,1
A1IG7GSIP42RDJ,0.0,5.0,0.0,1.0,1.0,1.0,1
A1IGVPJTW1ED3W,0.0,5.0,0.0,1.0,1.0,1.0,3
A1IH42TUIZ2XJL,0.0,5.0,0.0,1.0,1.0,1.0,2
A1IH9D4IINKH2M,0.0,5.0,0.0,1.0,1.0,1.0,1
A1IHCWDL071ZZP,0.0,1.0,0.0,1.0,0.0,0.0,1
A1IICMPYFNPG01,0.0,5.0,0.0,1.0,1.0,1.0,1
A1IICUMRPXC4AL,0.0,4.0,0.0,1.0,0.0,1.0,1
A1IJ9KI79QIGCU,0.0,5.0,0.0,1.0,1.0,1.0,1
A1IJOBQD8CY8K1,0.0,5.0,0.0,1.0,1.0,1.0,1
A1IJT5YXUFPYAH,0.0,5.0,0.0,1.0,1.0,1.0,1
A1IK1ZTDHJS6WW,0.0,3.0,0.0,1.0,0.0,0.0,1
A1IKC2YBHXIE1M,0.0,4.0,0.0,1.0,0.0,1.0,1
A1IL8I2ZD6QVVC,0.0,5.0,0.0,1.0,1.0,1.0,1
A1ILS0R3USIU9O,0.0,5.0,0.0,1.0,1.0,1.0,2
A1ILWPH1GHUXE2,0.0,4.0,0.0,1.0,0.0,1.0,1
A1IMK99FD7RPOL,0.0,4.0,0.0,1.0,0.0,1.0,1
A1IO8365H969TU,0.0,5.0,0.0,1.0,1.0,1.0,1
A1IQ0A8IBIVF7R,0.0,4.0,0.0,1.0,0.0,1.0,1
A1ISGQPXW3BOHN,0.0,4.0,0.0,1.0,0.0,1.0,1
A1ISK0X92M83I8,0.0,4.0,0.0,1.0,0.0,1.0,1
A1ISUNUWG0K02V,0.4243146625442961,4.571428571428571,0.5345224838248488,0.5756853374557038,0.5714285714285714,1.0,7
A1IT7KPZW9DY05,0.0,5.0,0.0,1.0,1.0,1.0,5
A1ITCVZ46MUB3A,0.0,4.0,0.0,1.0,0.0,1.0,1
A1ITXFX7GG8I60,0.0,5.0,0.0,1.0,1.0,1.0,1
A1IU7S4HCK1XK0,0.43067655807339306,3.5,0.7071067811865476,0.5693234419266069,0.0,0.5,2
A1IV22RC7DF26R,0.43067655807339306,4.0,1.4142135623730951,0.5693234419266069,0.5,0.5,2
A1IWMPKH1ELQQP,0.0,5.0,0.0,1.0,1.0,1.0,3
A1IWR4YH4ZA9BM,0.0,5.0,0.0,1.0,1.0,1.0,1
A1IYWB3X1T6ZJ1,0.0,5.0,0.0,1.0,1.0,1.0,1
A1IZIT95268N0V,0.0,5.0,0.0,1.0,1.0,1.0,1
A1IZZLH62NT5F1,0.0,5.0,0.0,1.0,1.0,1.0,1
A1J07V3G9MK6KM,0.0,5.0,0.0,1.0,1.0,1.0,1
A1J0GICFWG7G5A,0.0,5.0,0.0,1.0,1.0,1.0,2
A1J1ORDE07JZ46,0.0,5.0,0.0,1.0,1.0,1.0,1
A1J1XPQP1K4PLL,0.0,1.0,0.0,1.0,0.0,0.0,1
A1J2E7CBMOLNKX,0.0,4.0,0.0,1.0,0.0,1.0,1
A1J2ULAFZ7G74Z,0.0,5.0,0.0,1.0,1.0,1.0,1
A1J4HV7EVBZZTC,0.0,5.0,0.0,1.0,1.0,1.0,1
A1J5BGM658BIUS,0.0,5.0,0.0,1.0,1.0,1.0,1
A1J5N0JZIVP4DA,0.0,5.0,0.0,1.0,1.0,1.0,1
A1J5RNQJD3TPVN,0.0,5.0,0.0,1.0,1.0,1.0,1
A1J75JJ0Q2OEJN,0.0,5.0,0.0,1.0,1.0,1.0,2
A1J87C2DKBO441,0.39548848910372325,4.666666666666667,0.5773502691896258,0.6045115108962767,0.6666666666666666,1.0,3
A1J93485GAAGED,0.0,5.0,0.0,1.0,1.0,1.0,1
A1J98WSXXXWGY2,0.0,1.0,0.0,1.0,0.0,0.0,1
A1J9LVA298D5OF,0.0,5.0,0.0,1.0,1.0,1.0,1
A1JAJO1BULTYMZ,0.0,5.0,0.0,1.0,1.0,1.0,1
A1JAQM73RYX8WQ,0.0,5.0,0.0,1.0,1.0,1.0,1
A1JAREBNI5AWYP,0.0,5.0,0.0,1.0,1.0,1.0,1
A1JAY1EEQ2E60H,0.0,5.0,0.0,1.0,1.0,1.0,1
A1JB0SYY10KNOJ,0.0,3.0,0.0,1.0,0.0,0.0,1
A1JD6COKA3KCEG,0.0,5.0,0.0,1.0,1.0,1.0,1
A1JDP8UAE7HVW7,0.0,5.0,0.0,1.0,1.0,1.0,1
A1JEJEDR7NDZ7C,0.0,5.0,0.0,1.0,1.0,1.0,1
A1JERSJES55IBU,0.0,2.0,0.0,1.0,0.0,0.0,1
A1JETHCL85UIBW,0.43067655807339306,2.5,0.7071067811865476,0.5693234419266069,0.0,0.0,2
A1JEXR3E3E8T2G,0.0,5.0,0.0,1.0,1.0,1.0,1
A1JFNZ4UAMEZN3,0.0,5.0,0.0,1.0,1.0,1.0,1
A1JFXOFDRZ9CFQ,0.0,5.0,0.0,1.0,1.0,1.0,1
A1JH4RE328VB3K,0.0,5.0,0.0,1.0,1.0,1.0,1
A1JI3XL5ME8CWM,0.0,4.0,0.0,1.0,0.0,1.0,1
A1JIPRN4LLM20G,0.0,2.0,0.0,1.0,0.0,0.0,1
A1JJOV69MAU2J2,0.5390473417948544,4.0,0.6324555320336759,0.46095265820514564,0.16666666666666666,0.8333333333333334,6
A1JK8EE51BF3RE,0.0,4.0,0.0,1.0,0.0,1.0,1
A1JLW42JHQRJBP,0.0,5.0,0.0,1.0,1.0,1.0,1
A1JMD10TTUPVB4,0.0,5.0,0.0,1.0,1.0,1.0,1
A1JMUZQQEUAI2T,0.0,5.0,0.0,1.0,1.0,1.0,1
A1JNMBNRE7AKR6,0.0,5.0,0.0,1.0,1.0,1.0,1
A1JPQUAOR6BU2I,0.0,2.0,0.0,1.0,0.0,0.0,1
A1JQ7K37IVD50C,0.0,5.0,0.0,1.0,1.0,1.0,1
A1JR6JQRZTIBQX,0.0,5.0,0.0,1.0,1.0,1.0,1
A1JRAJNQP2Y4DU,0.0,2.0,0.0,1.0,0.0,0.0,1
A1JRB7WNDFJSZP,0.0,5.0,0.0,1.0,1.0,1.0,2
A1JSO7PPEA0W72,0.4181656600790517,4.6,0.5477225575051662,0.5818343399209482,0.6,1.0,5
A1JT0IN757D4J2,0.0,4.0,0.0,1.0,0.0,1.0,1
A1JTQ5TNBCTWPV,0.0,5.0,0.0,1.0,1.0,1.0,1
A1JTSRG8SU4VFO,0.0,5.0,0.0,1.0,1.0,1.0,1
A1JTTI1KH3DOCY,0.0,5.0,0.0,1.0,1.0,1.0,1
A1JUJGHMNIUSWR,0.0,2.0,0.0,1.0,0.0,0.0,1
A1JUJM2FDDREHY,0.0,5.0,0.0,1.0,1.0,1.0,1
A1JVJPIRK7MXGD,0.0,5.0,0.0,1.0,1.0,1.0,1
A1JWSDDIH5Z7DV,0.0,5.0,0.0,1.0,1.0,1.0,2
A1JXNDR68ZJZX4,0.0,5.0,0.0,1.0,1.0,1.0,1
A1JXTW4HW1DZN2,0.0,5.0,0.0,1.0,1.0,1.0,1
A1JY2V24BF8HED,0.0,5.0,0.0,1.0,1.0,1.0,1
A1JZEPPYFZDRPC,0.0,5.0,0.0,1.0,1.0,1.0,1
A1JZHU0WUCTO4C,0.0,4.0,0.0,1.0,0.0,1.0,1
A1JZJFVE1K61LU,0.0,5.0,0.0,1.0,1.0,1.0,1
A1JZJLZD7GNWD7,0.0,5.0,0.0,1.0,1.0,1.0,1
A1K1AAZSD9KWX,0.0,5.0,0.0,1.0,1.0,1.0,1
A1K1I1LQE8DFFN,0.0,4.0,0.0,1.0,0.0,1.0,1
A1K1YV2K1958SE,0.0,1.0,0.0,1.0,0.0,0.0,1
A1K22IFHM99SVT,0.0,4.0,0.0,1.0,0.0,1.0,1
A1K28ISPKGE4N1,0.0,5.0,0.0,1.0,1.0,1.0,1
A1K2Q0OI20VB24,0.0,4.0,0.0,1.0,0.0,1.0,1
A1K2RV81XU6XUC,0.0,4.0,0.0,1.0,0.0,1.0,1
A1K3LZFVAZMPMN,0.43067655807339306,3.5,0.7071067811865476,0.5693234419266069,0.0,0.5,2
A1K3O5HTQ3CY0C,0.0,4.0,0.0,1.0,0.0,1.0,1
A1K4AVQIU704DY,0.0,5.0,0.0,1.0,1.0,1.0,1
A1K4G5YJDJQI6Q,0.0,1.0,0.0,1.0,0.0,0.0,1
A1K599CFNJ1AU1,0.0,1.0,0.0,1.0,0.0,0.0,1
A1K5BHC4LS2XWY,0.0,4.0,0.0,1.0,0.0,1.0,1
A1K5H8RA39DKT4,0.0,5.0,0.0,1.0,1.0,1.0,1
A1K5HZNTA6MMAK,0.0,5.0,0.0,1.0,1.0,1.0,1
A1K69BBLY0NVOW,0.0,5.0,0.0,1.0,1.0,1.0,1
A1K6G765GJLOZE,0.0,5.0,0.0,1.0,1.0,1.0,1
A1K73H16UK8XU4,0.0,5.0,0.0,1.0,1.0,1.0,1
A1K77RMH56CQVC,0.0,4.0,0.0,1.0,0.0,1.0,1
A1K79LEZS4KGUM,0.0,5.0,0.0,1.0,1.0,1.0,1
A1K7AEP8WWSKHX,0.0,5.0,0.0,1.0,1.0,1.0,1
A1K7TS096NFI,0.0,5.0,0.0,1.0,1.0,1.0,1
A1K8H6L63RZFP4,0.0,5.0,0.0,1.0,1.0,1.0,1
A1K9FIA48K45PD,0.0,3.0,0.0,1.0,0.0,0.0,1
A1KAE1LOY4TBSV,0.0,5.0,0.0,1.0,1.0,1.0,1
A1KAERT0MPBZOO,0.43067655807339306,4.5,0.7071067811865476,0.5693234419266069,0.5,1.0,2
A1KBE34UO4E73Z,0.0,4.0,0.0,1.0,0.0,1.0,1
A1KCI96DKAK1JA,0.0,1.0,0.0,1.0,0.0,0.0,1
A1KCSW7Y04ZWYJ,0.0,5.0,0.0,1.0,1.0,1.0,1
A1KCTFZ4OUC6S4,0.0,2.0,0.0,1.0,0.0,0.0,1
A1KD8MR1V4JVK0,0.0,1.0,0.0,1.0,0.0,0.0,1
A1KD8NJPZ01R37,0.6460148371100896,3.75,1.8929694486000914,0.35398516288991044,0.5,0.75,4
A1KDA0U9H4I3XY,0.0,3.0,0.0,1.0,0.0,0.0,1
A1KDLNTVTMT0RA,0.0,5.0,0.0,1.0,1.0,1.0,1
A1KDUQ2HU0WD68,0.0,5.0,0.0,1.0,1.0,1.0,1
A1KE06KXZCYVWG,0.0,4.0,0.0,1.0,0.0,1.0,1
A1KFS7EKT2OYL2,0.0,4.0,0.0,1.0,0.0,1.0,1
A1KFSMS14CY4ON,0.0,3.0,0.0,1.0,0.0,0.0,1
A1KGKPWWG61U42,0.0,4.0,0.0,1.0,0.0,1.0,1
A1KGMLV9UME4EX,0.0,5.0,0.0,1.0,1.0,1.0,1
A1KH2YVJA0B6MB,0.0,5.0,0.0,1.0,1.0,1.0,3
A1KHBL5M5UO0OH,0.0,5.0,0.0,1.0,1.0,1.0,1
A1KHHZYK9BF0B1,0.0,3.0,0.0,1.0,0.0,0.0,1
A1KI5B6SW3GUBY,0.0,5.0,0.0,1.0,1.0,1.0,1
A1KJAFKBSRL2RF,0.0,5.0,0.0,1.0,1.0,1.0,1
A1KJAMZ82D1Z44,0.0,1.0,0.0,1.0,0.0,0.0,1
A1KJEDEL6B3E8G,0.0,5.0,0.0,1.0,1.0,1.0,1
A1KJRNFAO7K5S5,0.0,5.0,0.0,1.0,1.0,1.0,1
A1KKHE3R5PBZ7Q,0.0,5.0,0.0,1.0,1.0,1.0,1
A1KL1YVYYMQE2E,0.0,3.0,0.0,1.0,0.0,0.0,1
A1KLBWKUQHSQVW,0.0,4.0,0.0,1.0,0.0,1.0,2
A1KLKPXJK0BRY3,0.0,5.0,0.0,1.0,1.0,1.0,1
A1KLOJVF9LHYIE,0.0,5.0,0.0,1.0,1.0,1.0,1
A1KM3IPZ9H0JKZ,0.0,4.0,0.0,1.0,0.0,1.0,1
A1KN9R46A9T15V,0.0,5.0,0.0,1.0,1.0,1.0,1
A1KNHTFGH5X84I,0.0,5.0,0.0,1.0,1.0,1.0,1
A1KNSBM4VIPXED,0.0,5.0,0.0,1.0,1.0,1.0,1
A1KOOIDITRFGPY,0.0,3.0,0.0,1.0,0.0,0.0,1
A1KRANXN8ON8SC,0.0,3.0,0.0,1.0,0.0,0.0,1
A1KRFQ0HKNHZ7,0.0,4.0,0.0,1.0,0.0,1.0,1
A1KRX2VH2CM111,0.0,5.0,0.0,1.0,1.0,1.0,1
A1KSTH3S1COKUU,0.0,4.0,0.0,1.0,0.0,1.0,1
A1KT19TDP9VE63,0.0,2.0,0.0,1.0,0.0,0.0,1
A1KT8699WEJXS8,0.0,5.0,0.0,1.0,1.0,1.0,1
A1KT8QQ74E3SVQ,0.0,5.0,0.0,1.0,1.0,1.0,1
A1KUEYKLNP6CIW,0.0,5.0,0.0,1.0,1.0,1.0,3
A1KUKFI8NWFT57,0.0,5.0,0.0,1.0,1.0,1.0,1
A1KW4AGRCOIWI2,0.0,5.0,0.0,1.0,1.0,1.0,1
A1KXONFPU2XQ5K,0.0,4.0,0.0,1.0,0.0,1.0,1
A1KXYKTOZEWDTL,0.0,4.0,0.0,1.0,0.0,1.0,1
A1KY5G5FP31F2F,0.0,4.0,0.0,1.0,0.0,1.0,2
A1KY771GFD2Z63,0.0,4.0,0.0,1.0,0.0,1.0,1
A1KYIYS7EGCTOF,0.0,5.0,0.0,1.0,1.0,1.0,1
A1KYUOPBGQCLUF,0.0,5.0,0.0,1.0,1.0,1.0,1
A1KZDMCI54UXIY,0.0,5.0,0.0,1.0,1.0,1.0,1
A1KZMSXC9JOI7Q,0.0,1.0,0.0,1.0,0.0,0.0,1
A1KZP366BCW0CR,0.0,5.0,0.0,1.0,1.0,1.0,1
A1L0D739FY7T6G,0.0,1.0,0.0,1.0,0.0,0.0,1
A1L0MEXMESE4C4,0.0,3.0,0.0,1.0,0.0,0.0,1
A1L14TJ4LSADUP,0.0,5.0,0.0,1.0,1.0,1.0,1
A1L1N3J6XNABO2,0.0,4.0,0.0,1.0,0.0,1.0,1
A1L1TSQFQ0HQL5,0.0,5.0,0.0,1.0,1.0,1.0,1
A1L21TBR5TJ21T,0.0,4.0,0.0,1.0,0.0,1.0,1
A1L2OPQR7TTEY9,0.0,5.0,0.0,1.0,1.0,1.0,1
A1L2STZ2U6Q607,0.0,5.0,0.0,1.0,1.0,1.0,1
A1L34X2F3YTD7E,0.0,5.0,0.0,1.0,1.0,1.0,1
A1L3U9ZRIBJEHJ,0.0,4.0,0.0,1.0,0.0,1.0,1
A1L4BY5GG3U3LX,0.0,3.0,0.0,1.0,0.0,0.0,1
A1L4X5WXISICFR,0.0,3.0,0.0,1.0,0.0,0.0,1
A1L5SWP3JCTO6E,0.0,5.0,0.0,1.0,1.0,1.0,1
A1L5YXWSMMIV54,0.0,5.0,0.0,1.0,1.0,1.0,1
A1L65N1MS8WRGZ,0.0,5.0,0.0,1.0,1.0,1.0,1
A1L6PBIR22S3FA,0.0,3.0,0.0,1.0,0.0,0.0,1
A1L7I7J1A2GBL6,0.0,3.0,0.0,1.0,0.0,0.0,1
A1L7JCX9IKGKIQ,0.0,5.0,0.0,1.0,1.0,1.0,1
A1L7M2JXN4EZCR,0.0,5.0,0.0,1.0,1.0,1.0,1
A1L7QES3JBISFS,0.0,5.0,0.0,1.0,1.0,1.0,1
A1L87D9KX3MT41,0.0,5.0,0.0,1.0,1.0,1.0,1
A1L8H91F2X4Z6H,0.0,5.0,0.0,1.0,1.0,1.0,1
A1LA4K5JF78BER,0.0,5.0,0.0,1.0,1.0,1.0,1
A1LA54IU9QKJWO,0.0,5.0,0.0,1.0,1.0,1.0,1
A1LAAZUR8YFRW8,0.43067655807339306,3.0,2.8284271247461903,0.5693234419266069,0.5,0.5,2
A1LAGLKT5I2ME0,0.0,5.0,0.0,1.0,1.0,1.0,1
A1LAH0VUZGP0HX,0.0,5.0,0.0,1.0,1.0,1.0,1
A1LAT21BT7FUXX,0.0,4.0,0.0,1.0,0.0,1.0,1
A1LB1T6HPU2J91,0.0,5.0,0.0,1.0,1.0,1.0,1
A1LBH85DP0NEVO,0.0,5.0,0.0,1.0,1.0,1.0,1
A1LC6X68UIRTSN,0.0,2.0,0.0,1.0,0.0,0.0,1
A1LCLRSPWAMYLE,0.0,1.0,0.0,1.0,0.0,0.0,1
A1LCO3C4LIJANB,0.0,4.0,0.0,1.0,0.0,1.0,1
A1LCOMU8L6C05Z,0.0,5.0,0.0,1.0,1.0,1.0,1
A1LCR2QXP8PBB5,0.0,5.0,0.0,1.0,1.0,1.0,1
A1LCVSECISPGSO,0.0,5.0,0.0,1.0,1.0,1.0,1
A1LDJW4JY58DGO,0.0,1.0,0.0,1.0,0.0,0.0,1
A1LE0VV01B2LF2,0.0,5.0,0.0,1.0,1.0,1.0,1
A1LEMDY6BDO34U,0.0,5.0,0.0,1.0,1.0,1.0,1
A1LEREL38EC0AI,0.0,2.0,0.0,1.0,0.0,0.0,1
A1LHCUV1YEFCDV,0.0,1.0,0.0,1.0,0.0,0.0,1
A1LHMSY3Q46PJS,0.0,5.0,0.0,1.0,1.0,1.0,1
A1LIAYBBNHUCB4,0.0,5.0,0.0,1.0,1.0,1.0,1
A1LKXQNNHK1NMO,0.0,3.0,0.0,1.0,0.0,0.0,1
A1LL87239YH1NM,0.0,5.0,0.0,1.0,1.0,1.0,1
A1LLTZ2I28D3MV,0.0,3.0,0.0,1.0,0.0,0.0,1
A1LM4PSE0HJQDW,0.0,5.0,0.0,1.0,1.0,1.0,1
A1LMUHXVNBLTGZ,0.0,5.0,0.0,1.0,1.0,1.0,1
A1LPDIAKNVQNQ2,0.0,2.0,0.0,1.0,0.0,0.0,1
A1LPLXAQRZE8TF,0.0,5.0,0.0,1.0,1.0,1.0,1
A1LR13XK9SU73G,0.43067655807339306,4.0,1.4142135623730951,0.5693234419266069,0.5,0.5,2
A1LSNQQ37FA5J9,0.0,2.0,0.0,1.0,0.0,0.0,1
A1LTG32UR3XK3P,0.0,4.0,0.0,1.0,0.0,1.0,1
A1LTZ8LRRWIE9N,0.0,4.0,0.0,1.0,0.0,1.0,1
A1LUE84R341L1Q,0.0,5.0,0.0,1.0,1.0,1.0,1
A1LUQ4UWRA1REZ,0.0,5.0,0.0,1.0,1.0,1.0,1
A1LVDHMAHS387Q,0.0,5.0,0.0,1.0,1.0,1.0,1
A1LWYVLGA3N2R4,0.0,4.0,0.0,1.0,0.0,1.0,2
A1LX9GSMN66L7E,0.0,5.0,0.0,1.0,1.0,1.0,1
A1LXE1JF4B4KQ4,0.0,5.0,0.0,1.0,1.0,1.0,1
A1LXFDHH2V42BC,0.0,3.0,0.0,1.0,0.0,0.0,1
A1LXHQM4NSC1T4,0.0,5.0,0.0,1.0,1.0,1.0,1
A1LXOMK4K8CPPU,0.0,4.0,0.0,1.0,0.0,1.0,1
A1LXQEATSZ228H,0.0,5.0,0.0,1.0,1.0,1.0,1
A1LY7Z60TNV629,0.0,5.0,0.0,1.0,1.0,1.0,1
A1LYFA5SR8916Y,0.0,1.0,0.0,1.0,0.0,0.0,1
A1LYN3ZK230TGE,0.0,5.0,0.0,1.0,1.0,1.0,1
A1LYZ1VWGLCI1X,0.0,5.0,0.0,1.0,1.0,1.0,1
A1LZ2BZTMFPGI2,0.0,5.0,0.0,1.0,1.0,1.0,1
A1LZSBV038CISF,0.0,4.0,0.0,1.0,0.0,1.0,1
A1LZUJF8AQ796R,0.0,5.0,0.0,1.0,1.0,1.0,2
A1M03LEAHM933E,0.0,5.0,0.0,1.0,1.0,1.0,1
A1M0M3TOS6CD1A,0.0,1.0,0.0,1.0,0.0,0.0,1
A1M1B4JA1SX1U9,0.0,5.0,0.0,1.0,1.0,1.0,1
A1M24LVM6J1IYY,0.43067655807339306,3.5,2.1213203435596424,0.5693234419266069,0.5,0.5,2
A1M26RAR1R86S4,0.0,5.0,0.0,1.0,1.0,1.0,1
A1M2C49S4GG5CA,0.0,5.0,0.0,1.0,1.0,1.0,1
A1M2MPPL6OK3QJ,0.0,4.0,0.0,1.0,0.0,1.0,1
A1M31HB05OCA8X,0.0,4.0,0.0,1.0,0.0,1.0,1
A1M3PFRRYTK9ZE,0.0,5.0,0.0,1.0,1.0,1.0,1
A1M3TSM595RANO,0.0,2.0,0.0,1.0,0.0,0.0,1
A1M4NJYP0WNL8Q,0.43067655807339306,4.5,0.7071067811865476,0.5693234419266069,0.5,1.0,2
A1M4WV5THDIYYF,0.0,4.0,0.0,1.0,0.0,1.0,1
A1M542G46C8C7N,0.0,5.0,0.0,1.0,1.0,1.0,4
A1M5LJSCJ19S6F,0.0,4.0,0.0,1.0,0.0,1.0,1
A1M6X8CH3J2K4J,0.0,1.0,0.0,1.0,0.0,0.0,1
A1M6Z0NSZJB8AM,0.0,5.0,0.0,1.0,1.0,1.0,1
A1M9126YPQPS3L,0.43067655807339306,1.5,0.7071067811865476,0.5693234419266069,0.0,0.0,2
A1M9URNKLM42TG,0.0,5.0,0.0,1.0,1.0,1.0,1
A1MA3OY6Z3DGO9,0.0,5.0,0.0,1.0,1.0,1.0,1
A1MADL7UMDRH89,0.0,3.0,0.0,1.0,0.0,0.0,1
A1MASM2C2VL2R,0.0,4.0,0.0,1.0,0.0,1.0,1
A1MC4013WKDABW,0.0,5.0,0.0,1.0,1.0,1.0,1
A1MC53GFOTUSAB,0.0,5.0,0.0,1.0,1.0,1.0,1
A1MCDTLCGM8IEE,0.0,5.0,0.0,1.0,1.0,1.0,1
A1MCVOZSB6GDI8,0.0,5.0,0.0,1.0,1.0,1.0,1
A1MD9AEU9C4WJN,0.0,4.0,0.0,1.0,0.0,1.0,1
A1MDAPKTOTWIKC,0.43067655807339306,3.5,0.7071067811865476,0.5693234419266069,0.0,0.5,2
A1ME5FUV8TPAK8,0.0,5.0,0.0,1.0,1.0,1.0,2
A1MEY9ETHMVX4Q,0.0,5.0,0.0,1.0,1.0,1.0,1
A1MFVAHTT2BHM0,0.0,3.0,0.0,1.0,0.0,0.0,1
A1MG8G1VL8C1WY,0.0,5.0,0.0,1.0,1.0,1.0,1
A1MGS94AG7NSZL,0.0,5.0,0.0,1.0,1.0,1.0,1
A1MH0S2LR24DGH,0.0,5.0,0.0,1.0,1.0,1.0,1
A1MH5BLELS53AS,0.0,5.0,0.0,1.0,1.0,1.0,1
A1MHDCGQE5186H,0.0,5.0,0.0,1.0,1.0,1.0,1
A1MIASCYLDH24Q,0.0,5.0,0.0,1.0,1.0,1.0,1
A1MIEAEK1K9ZJI,0.0,5.0,0.0,1.0,1.0,1.0,1
A1MIXY59EXC90L,0.0,4.0,0.0,1.0,0.0,1.0,2
A1MJ35T7A49TCC,0.0,5.0,0.0,1.0,1.0,1.0,1
A1MJ4WTOYW9WXZ,0.43067655807339306,4.0,1.4142135623730951,0.5693234419266069,0.5,0.5,2
A1MJMYLRTZ76ZX,0.3835138746028608,4.6923076923076925,0.48038446141526137,0.6164861253971392,0.6923076923076923,1.0,13
A1MJS1YRKNMU04,0.0,3.0,0.0,1.0,0.0,0.0,1
A1MJWOYNJSZPPJ,0.0,5.0,0.0,1.0,1.0,1.0,3
A1MLNJK9HDCQLV,0.0,5.0,0.0,1.0,1.0,1.0,1
A1MM1QVMHQGTZ,0.0,4.0,0.0,1.0,0.0,1.0,1
A1MM4GI4DEMAJ8,0.0,4.0,0.0,1.0,0.0,1.0,1
A1MMEARDASNIA0,0.0,5.0,0.0,1.0,1.0,1.0,1
A1MML2MUXAA8AM,0.0,4.0,0.0,1.0,0.0,1.0,1
A1MNVGWFE6E0J4,0.0,5.0,0.0,1.0,1.0,1.0,1
A1MO77HMZ0QYLL,0.0,5.0,0.0,1.0,1.0,1.0,1
A1MPW1WTMFFQDG,0.0,5.0,0.0,1.0,1.0,1.0,1
A1MQQEM7W77L62,0.0,5.0,0.0,1.0,1.0,1.0,2
A1MRDNCRZT1AWC,0.0,2.0,0.0,1.0,0.0,0.0,1
A1MRESWHA86B5B,0.0,5.0,0.0,1.0,1.0,1.0,1
A1MRX4ZBEF5CB8,0.0,5.0,0.0,1.0,1.0,1.0,1
A1MSEO4MD7ZT33,0.0,5.0,0.0,1.0,1.0,1.0,1
A1MSO6LERG39PC,0.0,5.0,0.0,1.0,1.0,1.0,1
A1MU2MRUV1541F,0.0,5.0,0.0,1.0,1.0,1.0,1
A1MV4UAKFMA51Y,0.0,5.0,0.0,1.0,1.0,1.0,1
A1MWAFR2POMHPU,0.0,5.0,0.0,1.0,1.0,1.0,1
A1MWYPWY444AHF,0.0,5.0,0.0,1.0,1.0,1.0,1
A1MXD8XEA29SL4,0.0,5.0,0.0,1.0,1.0,1.0,1
A1MXXBKX2AWBR8,0.0,5.0,0.0,1.0,1.0,1.0,1
A1MYL1VV9LMDVF,0.0,5.0,0.0,1.0,1.0,1.0,1
A1MYO26LV8X7JI,0.0,4.0,0.0,1.0,0.0,1.0,1
A1MYPJEG8ST7F5,0.0,5.0,0.0,1.0,1.0,1.0,1
A1MYZWL405PBUB,0.0,5.0,0.0,1.0,1.0,1.0,1
A1MZ1T2CO2J2Q3,0.0,5.0,0.0,1.0,1.0,1.0,1
A1MZ2BJHUSTW0W,0.0,5.0,0.0,1.0,1.0,1.0,2
A1MZVETF38AMZ6,0.0,3.0,0.0,1.0,0.0,0.0,1
A1N03V52IRZ5PR,0.0,5.0,0.0,1.0,1.0,1.0,1
A1N0CTKU6VZPIT,0.0,4.0,0.0,1.0,0.0,1.0,1
A1N0GWQ9B9POKD,0.0,4.0,0.0,1.0,0.0,1.0,1
A1N1VUJCILPR55,0.0,5.0,0.0,1.0,1.0,1.0,1
A1N2D7LLBAY25B,0.0,3.0,0.0,1.0,0.0,0.0,1
A1N2YDAHTH2U5R,0.0,5.0,0.0,1.0,1.0,1.0,1
A1N3DFHTSVCORA,0.0,1.0,0.0,1.0,0.0,0.0,1
A1N3EH28S4DI8L,0.0,4.0,0.0,1.0,0.0,1.0,1
A1N3GNCJWXQ1ZP,0.0,1.0,0.0,1.0,0.0,0.0,1
A1N3IS6ZQE7Y8L,0.0,5.0,0.0,1.0,1.0,1.0,1
A1N4DKWTQ9YP1Q,0.0,5.0,0.0,1.0,1.0,1.0,1
A1N4UL33MD8BOY,0.0,3.0,0.0,1.0,0.0,0.0,1
A1N5U7RRKEJS9T,0.0,5.0,0.0,1.0,1.0,1.0,2
A1N73M40MPPWSR,0.0,5.0,0.0,1.0,1.0,1.0,1
A1N798ZTE2S4F2,0.0,5.0,0.0,1.0,1.0,1.0,1
A1N7QSP1U513KJ,0.0,5.0,0.0,1.0,1.0,1.0,1
A1N8FRMRYUHHV0,0.0,5.0,0.0,1.0,1.0,1.0,1
A1N9QB2BECD6TS,0.0,5.0,0.0,1.0,1.0,1.0,1
A1N9QUJASE2N76,0.0,5.0,0.0,1.0,1.0,1.0,1
A1NAA1R38JSNHV,0.0,5.0,0.0,1.0,1.0,1.0,1
A1NAAI0SBO3FBA,0.0,5.0,0.0,1.0,1.0,1.0,1
A1NAP0D9XV7KA5,0.43067655807339306,3.5,2.1213203435596424,0.5693234419266069,0.5,0.5,2
A1NAR74A45O0AV,0.0,5.0,0.0,1.0,1.0,1.0,2
A1NBYDWT892WMS,0.43067655807339306,4.5,0.7071067811865476,0.5693234419266069,0.5,1.0,2
A1NDHLQN0K23QK,0.0,5.0,0.0,1.0,1.0,1.0,1
A1NEHV50RHWYE7,0.0,4.0,0.0,1.0,0.0,1.0,1
A1NEL661KNJR4A,0.0,5.0,0.0,1.0,1.0,1.0,1
A1NELB08S5MHGT,0.0,5.0,0.0,1.0,1.0,1.0,1
A1NG78LRAUOUWL,0.0,4.0,0.0,1.0,0.0,1.0,1
A1NGKLLPET4J88,0.0,4.0,0.0,1.0,0.0,1.0,1
A1NHTHTDTL70OV,0.0,4.0,0.0,1.0,0.0,1.0,1
A1NHV6PPZY45FD,0.0,5.0,0.0,1.0,1.0,1.0,1
A1NI52A6BBZSZO,0.0,3.0,0.0,1.0,0.0,0.0,1
A1NI8QXW52SARP,0.0,1.0,0.0,1.0,0.0,0.0,1
A1NJLUKL3K8BDK,0.0,5.0,0.0,1.0,1.0,1.0,1
A1NJU0V7QHV2LT,0.0,2.0,0.0,1.0,0.0,0.0,1
A1NKE9ESVFDJ8M,0.0,4.0,0.0,1.0,0.0,1.0,1
A1NKFLGVEZP8SE,0.0,5.0,0.0,1.0,1.0,1.0,1
A1NL56D0Y0TORY,0.0,3.0,0.0,1.0,0.0,0.0,1
A1NMFG57527DGM,0.0,4.0,0.0,1.0,0.0,1.0,1
A1NMV4MGCEHLZS,0.0,4.0,0.0,1.0,0.0,1.0,1
A1NN8I840LYGDO,0.0,5.0,0.0,1.0,1.0,1.0,1
A1NOE0PC1W7ROU,0.0,5.0,0.0,1.0,1.0,1.0,2
A1NOM79RDZRLHM,0.0,4.0,0.0,1.0,0.0,1.0,1
A1NOWEOLKMRRXM,0.43067655807339306,3.0,1.4142135623730951,0.5693234419266069,0.0,0.5,2
A1NP3RUUZSMR8J,0.0,5.0,0.0,1.0,1.0,1.0,1
A1NP78VYIMHCKK,0.0,5.0,0.0,1.0,1.0,1.0,1
A1NPKJKOQ7KOE6,0.0,5.0,0.0,1.0,1.0,1.0,1
A1NRSZN52JUEM3,0.0,4.0,0.0,1.0,0.0,1.0,1
A1NS37O7XRA5KG,0.0,4.0,0.0,1.0,0.0,1.0,1
A1NS6O584WD5FJ,0.0,5.0,0.0,1.0,1.0,1.0,1
A1NSF87AMGGXF5,0.0,5.0,0.0,1.0,1.0,1.0,1
A1NTD0TGF56T85,0.0,3.0,0.0,1.0,0.0,0.0,1
A1NUAX0GYD3076,0.0,5.0,0.0,1.0,1.0,1.0,1
A1NVCFX4PU0NYK,0.0,5.0,0.0,1.0,1.0,1.0,1
A1NVD0TKNS1GT5,0.6592017204231159,4.214285714285714,0.801783725737273,0.34079827957688413,0.42857142857142855,0.7857142857142857,14
A1NVD27K83L3BO,0.0,5.0,0.0,1.0,1.0,1.0,1
A1NWHDUUV9V7VT,0.0,5.0,0.0,1.0,1.0,1.0,1
A1NX2S8MYXGEM,0.0,5.0,0.0,1.0,1.0,1.0,1
A1NY3TMEB8KEW2,0.0,5.0,0.0,1.0,1.0,1.0,1
A1NYJPZ6687EUD,0.0,1.0,0.0,1.0,0.0,0.0,1
A1NZ1PX75H8JK9,0.0,4.0,0.0,1.0,0.0,1.0,1
A1NZLRAZJGD99W,0.6826061944859853,3.3333333333333335,1.5275252316519465,0.31739380551401475,0.3333333333333333,0.3333333333333333,3
A1O0TOFN85RIPH,0.0,4.0,0.0,1.0,0.0,1.0,1
A1O229NVVDJUX2,0.0,4.0,0.0,1.0,0.0,1.0,1
A1O3DZU81QWRIF,0.0,4.0,0.0,1.0,0.0,1.0,1
A1O3FYVHHWC8CJ,0.0,3.0,0.0,1.0,0.0,0.0,1
A1O3LAET0L3BHU,0.0,3.0,0.0,1.0,0.0,0.0,1
A1O6GTTLXORHZV,0.0,5.0,0.0,1.0,1.0,1.0,1
A1O7E72EQTCHHB,0.0,2.0,0.0,1.0,0.0,0.0,1
A1O7IMK0R5L0S0,0.0,4.0,0.0,1.0,0.0,1.0,1
A1O7NN2SNJZ9XY,0.0,5.0,0.0,1.0,1.0,1.0,1
A1O8B339CM5VAU,0.0,5.0,0.0,1.0,1.0,1.0,1
A1OA1WF8AOR39T,0.0,2.0,0.0,1.0,0.0,0.0,1
A1OAE2FSDZAXTL,0.0,5.0,0.0,1.0,1.0,1.0,1
A1ODOGXEYECQQ8,0.0,4.0,0.0,1.0,0.0,1.0,1
A1OEIH3SU8TSJC,0.0,5.0,0.0,1.0,1.0,1.0,1
A1OEV2NKRD59M4,0.0,3.0,0.0,1.0,0.0,0.0,1
A1OFIP9PEMFF4X,0.0,5.0,0.0,1.0,1.0,1.0,1
A1OFU9LH1ZHQ3M,0.0,5.0,0.0,1.0,1.0,1.0,1
A1OG22AV0FS7F1,0.0,2.0,0.0,1.0,0.0,0.0,1
A1OG5AUTRLC040,0.0,5.0,0.0,1.0,1.0,1.0,2
A1OGCPMSIVK7G4,0.0,5.0,0.0,1.0,1.0,1.0,1
A1OH6EB0V4L138,0.0,5.0,0.0,1.0,1.0,1.0,1
A1OHCHEFNO345R,0.0,5.0,0.0,1.0,1.0,1.0,1
A1OJ07VIDHI8BL,0.0,5.0,0.0,1.0,1.0,1.0,1
A1OKH9AX5EZ7GI,0.0,5.0,0.0,1.0,1.0,1.0,1
A1OKPC1K12YZEP,0.0,5.0,0.0,1.0,1.0,1.0,1
A1OKXYEBH75140,0.0,5.0,0.0,1.0,1.0,1.0,1
A1OL8IISTUIYBC,0.0,5.0,0.0,1.0,1.0,1.0,1
A1OLG8WQ4EAPMF,0.0,2.0,0.0,1.0,0.0,0.0,1
A1OMXVXXP07F05,0.0,5.0,0.0,1.0,1.0,1.0,1
A1OMZ3YU1W9L99,0.0,5.0,0.0,1.0,1.0,1.0,1
A1ONY0WZAL2I3U,0.0,5.0,0.0,1.0,1.0,1.0,2
A1OO1DO6DNG0IP,0.0,3.0,0.0,1.0,0.0,0.0,1
A1OO228VP8O47W,0.0,3.0,0.0,1.0,0.0,0.0,1
A1OO2SELSSU128,0.0,5.0,0.0,1.0,1.0,1.0,1
A1OO9N1MRNQ7K0,0.0,5.0,0.0,1.0,1.0,1.0,1
A1OOCC4V3H670F,0.0,2.0,0.0,1.0,0.0,0.0,1
A1OPERQ94O8SNS,0.43067655807339306,4.5,0.7071067811865476,0.5693234419266069,0.5,1.0,2
A1OPKNO7IXWV27,0.0,4.0,0.0,1.0,0.0,1.0,1
A1OPM139NX6MM9,0.0,4.0,0.0,1.0,0.0,1.0,1
A1OPS8Q346ZPRV,0.0,1.0,0.0,1.0,0.0,0.0,1
A1OQS6JOD52Z84,0.0,5.0,0.0,1.0,1.0,1.0,1
A1ORUSHRRG0VWN,0.4181656600790517,4.4,0.5477225575051661,0.5818343399209482,0.4,1.0,5
A1OTANPNRO4UNJ,0.0,5.0,0.0,1.0,1.0,1.0,1
A1OU7JI6NKAYOF,0.0,5.0,0.0,1.0,1.0,1.0,1
A1OV3CJD0MFYTU,0.0,5.0,0.0,1.0,1.0,1.0,1
A1OW73WWCZL9M8,0.0,3.0,0.0,1.0,0.0,0.0,1
A1OX19PDA486CD,0.0,5.0,0.0,1.0,1.0,1.0,1
A1OXZ8PYU1A2J0,0.0,5.0,0.0,1.0,1.0,1.0,1
A1OY33KGOG3IX8,0.0,4.0,0.0,1.0,0.0,1.0,1
A1OYA1IESSJ8F6,0.0,5.0,0.0,1.0,1.0,1.0,1
A1OYKEHNH3E23C,0.0,5.0,0.0,1.0,1.0,1.0,1
A1OZ926T4SI75C,0.0,4.0,0.0,1.0,0.0,1.0,1
A1OZAYRJQAERTK,0.0,5.0,0.0,1.0,1.0,1.0,1
A1OZOJ8YVQQZCS,0.0,5.0,0.0,1.0,1.0,1.0,1
A1OZYQ4V83X8K4,0.0,5.0,0.0,1.0,1.0,1.0,1
A1P0KMRBCKB133,0.0,5.0,0.0,1.0,1.0,1.0,1
A1P2V821D899GB,0.0,4.0,0.0,1.0,0.0,1.0,1
A1P38QD8R0S590,0.0,5.0,0.0,1.0,1.0,1.0,1
A1P3DDFL423B3C,0.43067655807339306,4.5,0.7071067811865476,0.5693234419266069,0.5,1.0,2
A1P3LH0J7QS8DO,0.0,4.0,0.0,1.0,0.0,1.0,1
A1P3WH08J6VEXF,0.0,5.0,0.0,1.0,1.0,1.0,1
A1P4XD7IORSEFN,0.0,4.0,0.0,1.0,0.0,1.0,2
A1P560UNX4SBE7,0.0,5.0,0.0,1.0,1.0,1.0,1
A1P5JY2RNICG8F,0.0,5.0,0.0,1.0,1.0,1.0,1
A1P6EK8AZ4MHTA,0.0,5.0,0.0,1.0,1.0,1.0,1
A1P6FGVEYCS4FQ,0.0,5.0,0.0,1.0,1.0,1.0,1
A1P7BH2FLQ4O8R,0.0,5.0,0.0,1.0,1.0,1.0,1
A1P7GKSA09Z20U,0.0,3.0,0.0,1.0,0.0,0.0,1
A1P8W0HATB9U86,0.0,5.0,0.0,1.0,1.0,1.0,1
A1P98E8Z20JD1Q,0.0,5.0,0.0,1.0,1.0,1.0,1
A1P9FP9ZZ00TU4,0.0,1.0,0.0,1.0,0.0,0.0,1
A1P9N5P77WPZPL,0.0,5.0,0.0,1.0,1.0,1.0,1
A1PA728IKLN8SI,0.0,5.0,0.0,1.0,1.0,1.0,1
A1PACH221DODGO,0.0,5.0,0.0,1.0,1.0,1.0,1
A1PAGHECG401K1,0.43067655807339306,4.5,0.7071067811865476,0.5693234419266069,0.5,1.0,2
A1PB3G548WPFBV,0.0,3.0,0.0,1.0,0.0,0.0,1
A1PB739AHGIX1N,0.0,3.0,0.0,1.0,0.0,0.0,1
A1PBRDRW4WUCYM,0.0,3.0,0.0,1.0,0.0,0.0,1
A1PC3H8P4MZ3BV,0.0,2.0,0.0,1.0,0.0,0.0,1
A1PCHVTAXXQYSR,0.0,5.0,0.0,1.0,1.0,1.0,1
A1PEITQQFYXYLM,0.0,4.0,0.0,1.0,0.0,1.0,1
A1PG70NH85K859,0.43067655807339306,4.0,1.4142135623730951,0.5693234419266069,0.5,0.5,2
A1PGGWY26N3SP4,0.0,5.0,0.0,1.0,1.0,1.0,1
A1PGUHJ9ZN499P,0.0,3.0,0.0,1.0,0.0,0.0,1
A1PHNXJQYNX7BH,0.0,5.0,0.0,1.0,1.0,1.0,1
A1PHOPS0I4ADML,0.0,4.0,0.0,1.0,0.0,1.0,1
A1PIWW0T6LW91O,0.0,5.0,0.0,1.0,1.0,1.0,1
A1PJPFFTRMO8M3,0.0,4.0,0.0,1.0,0.0,1.0,1
A1PL7QILVQV3IF,0.0,4.0,0.0,1.0,0.0,1.0,1
A1PLCSMLPR3ZQ9,0.0,2.0,0.0,1.0,0.0,0.0,1
A1PLDDS2NHUD76,0.0,4.0,0.0,1.0,0.0,1.0,1
A1PLW9IUWONJUS,0.0,5.0,0.0,1.0,1.0,1.0,1
A1PMOO5BRBUCJP,0.0,1.0,0.0,1.0,0.0,0.0,1
A1PN2U0AWXGVML,0.0,4.0,0.0,1.0,0.0,1.0,1
A1POFVVXUZR3IQ,0.0,5.0,0.0,1.0,1.0,1.0,1
A1POGSPD4HN8Y1,0.0,4.0,0.0,1.0,0.0,1.0,1
A1PORN92IWDNBP,0.0,5.0,0.0,1.0,1.0,1.0,1
A1POXXTXRSNEYU,0.0,3.0,0.0,1.0,0.0,0.0,1
A1PPD5TOR6VVYV,0.0,5.0,0.0,1.0,1.0,1.0,1
A1PPDBGCKM9AM0,0.0,1.0,0.0,1.0,0.0,0.0,1
A1PPS91NLI7KEH,0.0,5.0,0.0,1.0,1.0,1.0,1
A1PQU7KH22ZPBM,0.0,3.0,0.0,1.0,0.0,0.0,1
A1PR7UDVQ8QSFF,0.0,4.0,0.0,1.0,0.0,1.0,1
A1PRF8YIK73VH5,0.0,5.0,0.0,1.0,1.0,1.0,1
A1PRYEYET17MPW,0.0,4.0,0.0,1.0,0.0,1.0,1
A1PSBR1T610QYI,0.0,5.0,0.0,1.0,1.0,1.0,1
A1PSVZBM894R5H,0.43067655807339306,3.0,2.8284271247461903,0.5693234419266069,0.5,0.5,2
A1PVB6CEXP5M9S,0.0,5.0,0.0,1.0,1.0,1.0,1
A1PW7TQL858WPS,0.0,4.0,0.0,1.0,0.0,1.0,1
A1PWB41M2CYPTG,0.0,5.0,0.0,1.0,1.0,1.0,1
A1PWQRQY0K6GWP,0.0,4.0,0.0,1.0,0.0,1.0,1
A1PYNMFFQ9IBNL,0.0,5.0,0.0,1.0,1.0,1.0,1
A1PYTLRARR1W0K,0.0,5.0,0.0,1.0,1.0,1.0,1
A1Q0SLK0BVABXZ,0.43067655807339306,4.5,0.7071067811865476,0.5693234419266069,0.5,1.0,2
A1Q29INJ9IN570,0.0,5.0,0.0,1.0,1.0,1.0,2
A1Q2YZMM79RW0N,0.0,5.0,0.0,1.0,1.0,1.0,1
A1Q3WWX7DN2XZ3,0.0,4.0,0.0,1.0,0.0,1.0,1
A1Q4DVABELGRQO,0.0,5.0,0.0,1.0,1.0,1.0,1
A1Q4HTJCDAU1VI,0.0,4.0,0.0,1.0,0.0,1.0,1
A1Q4XF1ZK42BVV,0.0,5.0,0.0,1.0,1.0,1.0,1
A1Q587F0FDB3EV,0.0,5.0,0.0,1.0,1.0,1.0,1
A1Q5M90ZZEEAL1,0.0,3.0,0.0,1.0,0.0,0.0,1
A1Q6BOVHAOZ04E,0.0,5.0,0.0,1.0,1.0,1.0,1
A1Q6GJE1V2FZ02,0.0,5.0,0.0,1.0,1.0,1.0,1
A1Q98ZMHZXOYWI,0.0,5.0,0.0,1.0,1.0,1.0,1
A1Q9KLJSSM8RS6,0.0,5.0,0.0,1.0,1.0,1.0,1
A1Q9NE8OY1XD5J,0.0,5.0,0.0,1.0,1.0,1.0,1
A1QBD8ROX93T4H,0.0,3.0,0.0,1.0,0.0,0.0,1
A1QCZTQ1QBG892,0.0,5.0,0.0,1.0,1.0,1.0,2
A1QE936PWGY7BE,0.0,4.0,0.0,1.0,0.0,1.0,1
A1QF996642YT9L,0.0,3.0,0.0,1.0,0.0,0.0,1
A1QFMC6B2O1QMG,0.0,4.0,0.0,1.0,0.0,1.0,1
A1QGK864IJ2PQ8,0.0,4.0,0.0,1.0,0.0,1.0,1
A1QHJJSS7YNUYW,0.0,4.0,0.0,1.0,0.0,1.0,1
A1QHTHV3S8J3GJ,0.0,5.0,0.0,1.0,1.0,1.0,1
A1QI2OEKR1TXQR,0.0,4.0,0.0,1.0,0.0,1.0,1
A1QIT9HX39HLI0,0.0,5.0,0.0,1.0,1.0,1.0,1
A1QK3W42I9LS30,0.0,4.0,0.0,1.0,0.0,1.0,1
A1QK91G8NM5XI1,0.0,2.0,0.0,1.0,0.0,0.0,1
A1QKBG5JZ0CDPG,0.0,5.0,0.0,1.0,1.0,1.0,1
A1QKJJM2T4E21H,0.0,5.0,0.0,1.0,1.0,1.0,1
A1QKUDP9EUHJXH,0.0,4.0,0.0,1.0,0.0,1.0,1
A1QLQFG062ZA3R,0.0,5.0,0.0,1.0,1.0,1.0,1
A1QLZMPVXL281Y,0.0,3.0,0.0,1.0,0.0,0.0,1
A1QMJBMMEDO0RM,0.0,5.0,0.0,1.0,1.0,1.0,1
A1QMJF9VR808JM,0.0,5.0,0.0,1.0,1.0,1.0,2
A1QNOY9QHX1YS9,0.0,4.0,0.0,1.0,0.0,1.0,1
A1QO494VNTR54U,0.0,5.0,0.0,1.0,1.0,1.0,1
A1QOCN3CJRVIGG,0.0,5.0,0.0,1.0,1.0,1.0,1
A1QOF415R8PIJO,0.0,3.0,0.0,1.0,0.0,0.0,1
A1QP9QVNM4OMWR,0.0,5.0,0.0,1.0,1.0,1.0,1
A1QPUBF6U5EQM6,0.43067655807339306,4.5,0.7071067811865476,0.5693234419266069,0.5,1.0,2
A1QPV43SWY9CGI,0.0,5.0,0.0,1.0,1.0,1.0,1
A1QR3OYDFRFNE5,0.0,4.0,0.0,1.0,0.0,1.0,1
A1QRRMR2MQCN5,0.0,4.0,0.0,1.0,0.0,1.0,1
A1QRST0A3IQIEF,0.0,5.0,0.0,1.0,1.0,1.0,1
A1QRUMZRWUEWEK,0.43067655807339306,4.5,0.7071067811865476,0.5693234419266069,0.5,1.0,2
A1QS9CHFCEB3WJ,0.43067655807339306,3.0,2.8284271247461903,0.5693234419266069,0.5,0.5,2
A1QT6PHXDA5XDF,0.0,5.0,0.0,1.0,1.0,1.0,1
A1QTIQP307ERN3,0.0,4.0,0.0,1.0,0.0,1.0,1
A1QTYO9O4HCF9E,0.0,5.0,0.0,1.0,1.0,1.0,1
A1QV9FV8OBTHZ4,0.0,5.0,0.0,1.0,1.0,1.0,1
A1QVS34FWGRAVG,0.0,5.0,0.0,1.0,1.0,1.0,3
A1QW4FM8FA63T1,0.0,5.0,0.0,1.0,1.0,1.0,1
A1QWGPBP61DPQP,0.0,5.0,0.0,1.0,1.0,1.0,1
A1QWYAWB1DRSQF,0.0,5.0,0.0,1.0,1.0,1.0,2
A1QX9VE4U6FQMM,0.0,5.0,0.0,1.0,1.0,1.0,1
A1QXBKNTVF2BNV,0.0,5.0,0.0,1.0,1.0,1.0,1
A1QXM4FWKL7CMW,0.0,1.0,0.0,1.0,0.0,0.0,1
A1QXPDCEU0ZUE,0.0,5.0,0.0,1.0,1.0,1.0,1
A1QYFJP4PJMXGC,0.0,4.0,0.0,1.0,0.0,1.0,1
A1R0Z1BJGWRH8E,0.0,5.0,0.0,1.0,1.0,1.0,1
A1R0ZOYR1ZCH6K,0.0,5.0,0.0,1.0,1.0,1.0,2
A1R19YYR5OR26T,0.43067655807339306,4.5,0.7071067811865476,0.5693234419266069,0.5,1.0,2
A1R1B3C8CFK4CZ,0.0,3.0,0.0,1.0,0.0,0.0,1
A1R1D0D9HW83QU,0.0,5.0,0.0,1.0,1.0,1.0,1
A1R22WL520D4L0,0.0,1.0,0.0,1.0,0.0,0.0,1
A1R2514DVWIIMV,0.0,4.0,0.0,1.0,0.0,1.0,1
A1R377IPZOKLMM,0.0,5.0,0.0,1.0,1.0,1.0,2
A1R3GN9MEJFXM3,0.0,5.0,0.0,1.0,1.0,1.0,1
A1R3NJNVS6HLV7,0.0,5.0,0.0,1.0,1.0,1.0,1
A1R3T01MVZU6Z5,0.0,5.0,0.0,1.0,1.0,1.0,1
A1R494W7UBXL90,0.0,4.0,0.0,1.0,0.0,1.0,1
A1R4ZEXE3T5PW3,0.0,5.0,0.0,1.0,1.0,1.0,1
A1R5GNP5CWJG44,0.0,4.0,0.0,1.0,0.0,1.0,1
A1R5NYTW214KG4,0.0,5.0,0.0,1.0,1.0,1.0,1
A1R60PGGS6TEQC,0.0,5.0,0.0,1.0,1.0,1.0,1
A1R6S377HMO6W8,0.0,5.0,0.0,1.0,1.0,1.0,1
A1R87GD4CLPKTK,0.0,5.0,0.0,1.0,1.0,1.0,1
A1R8LFZ1EMGK75,0.0,5.0,0.0,1.0,1.0,1.0,1
A1R8R7XKJJ3Q3T,0.39548848910372325,4.333333333333333,0.5773502691896257,0.6045115108962767,0.3333333333333333,1.0,3
A1R8RXVOGP7Q7C,0.0,5.0,0.0,1.0,1.0,1.0,1
A1R9QOPV6HVEKF,0.0,3.0,0.0,1.0,0.0,0.0,1
A1RDVQCQH9I4Q0,0.0,5.0,0.0,1.0,1.0,1.0,1
A1REC5AYMCAXBA,0.0,5.0,0.0,1.0,1.0,1.0,1
A1REOLG5QU1EFV,0.0,1.0,0.0,1.0,0.0,0.0,1
A1RFYCSNNOJ0VW,0.0,4.0,0.0,1.0,0.0,1.0,3
A1RGEORG34AQAY,0.0,5.0,0.0,1.0,1.0,1.0,1
A1RH3DQBG3GQW1,0.0,4.0,0.0,1.0,0.0,1.0,1
A1RH4OXWSKPQL6,0.0,5.0,0.0,1.0,1.0,1.0,1
A1RHA553QUE54L,0.0,4.0,0.0,1.0,0.0,1.0,1
A1RHQFEIREK0KU,0.0,5.0,0.0,1.0,1.0,1.0,1
A1RHVVY6U02LN2,0.0,5.0,0.0,1.0,1.0,1.0,1
A1RI8HAZRUWZM6,0.0,5.0,0.0,1.0,1.0,1.0,1
A1RIVGXTRWO8EE,0.0,4.0,0.0,1.0,0.0,1.0,1
A1RJUXDK64O91A,0.0,4.0,0.0,1.0,0.0,1.0,1
A1RLP0R1N8H8C4,0.43067655807339306,4.5,0.7071067811865476,0.5693234419266069,0.5,1.0,2
A1RLSO6B5APQH4,0.0,4.0,0.0,1.0,0.0,1.0,1
A1RM4PM0D4BNEJ,0.0,5.0,0.0,1.0,1.0,1.0,1
A1RM8B6R7JRPNI,0.0,3.0,0.0,1.0,0.0,0.0,1
A1RMI9FN0HUR60,0.0,4.0,0.0,1.0,0.0,1.0,1
A1RMJZO6G0LJYH,0.0,3.0,0.0,1.0,0.0,0.0,1
A1RMPGNNAEJCVI,0.0,4.0,0.0,1.0,0.0,1.0,1
A1RMT8M3X6SYFN,0.0,2.0,0.0,1.0,0.0,0.0,1
A1RMTJ6SNY7A6O,0.0,5.0,0.0,1.0,1.0,1.0,1
A1RN6WJRZDOTZL,0.0,1.0,0.0,1.0,0.0,0.0,1
A1RO3O4905L66T,0.0,4.0,0.0,1.0,0.0,1.0,1
A1RO7LHPEVFKY1,0.0,5.0,0.0,1.0,1.0,1.0,1
A1RP09FD797OVG,0.0,5.0,0.0,1.0,1.0,1.0,1
A1RPKCLVRLU062,0.0,5.0,0.0,1.0,1.0,1.0,1
A1RPTVW5VEOSI,0.4248308683213959,4.333333333333333,1.4142135623730951,0.5751691316786041,0.7777777777777778,0.7777777777777778,9
A1RQEQ9N5YLNLU,0.0,4.0,0.0,1.0,0.0,1.0,1
A1RQWM3PIX7XS4,0.0,4.0,0.0,1.0,0.0,1.0,1
A1RR8ZVMBHQFIJ,0.0,1.0,0.0,1.0,0.0,0.0,1
A1RRO3BUQIZ8QF,0.0,5.0,0.0,1.0,1.0,1.0,1
A1RTAG101IYPX6,0.0,3.0,0.0,1.0,0.0,0.0,1
A1RTXXRXQPWH9F,0.0,4.0,0.0,1.0,0.0,1.0,1
A1RUOPLRT1W7P7,0.0,5.0,0.0,1.0,1.0,1.0,1
A1RVSPTDB45J2M,0.0,4.0,0.0,1.0,0.0,1.0,2
A1RVYSEJCY9BJS,0.0,5.0,0.0,1.0,1.0,1.0,1
A1RW48VM5K7UU,0.0,5.0,0.0,1.0,1.0,1.0,1
A1RWHQCLGP7MJJ,0.0,5.0,0.0,1.0,1.0,1.0,1
A1RWYA52UUOCC0,0.0,5.0,0.0,1.0,1.0,1.0,1
A1RXA718FHHMO3,0.0,5.0,0.0,1.0,1.0,1.0,1
A1RYHZGUQ705BR,0.0,3.0,0.0,1.0,0.0,0.0,1
A1RYOQDUVY5B0,0.0,5.0,0.0,1.0,1.0,1.0,1
A1S1KROAK7QNGT,0.0,2.0,0.0,1.0,0.0,0.0,1
A1S2BTVDZV4PYD,0.43067655807339306,4.5,0.7071067811865476,0.5693234419266069,0.5,1.0,2
A1S2M6SA4OAUNK,0.0,5.0,0.0,1.0,1.0,1.0,1
A1S3FOP19D8W1X,0.0,4.0,0.0,1.0,0.0,1.0,1
A1S45WQWHNQBF2,0.0,5.0,0.0,1.0,1.0,1.0,1
A1S5251XGPBIVN,0.0,5.0,0.0,1.0,1.0,1.0,1
A1S5QVS3YLY6FK,0.0,5.0,0.0,1.0,1.0,1.0,1
A1S6B5QFWGVL5U,0.0,4.0,0.0,1.0,0.0,1.0,1
A1S70Q21XUZU1Q,0.0,5.0,0.0,1.0,1.0,1.0,1
A1S71JIN40YHXK,0.0,5.0,0.0,1.0,1.0,1.0,1
A1S7ZHV3VCF4IQ,0.0,5.0,0.0,1.0,1.0,1.0,1
A1S8E2JSVXHIPB,0.0,5.0,0.0,1.0,1.0,1.0,1
A1S8FVNG0D97AM,0.0,1.0,0.0,1.0,0.0,0.0,1
A1S95WASXJ02VX,0.0,5.0,0.0,1.0,1.0,1.0,1
A1S9YZ2L3GYF2A,0.0,5.0,0.0,1.0,1.0,1.0,1
A1SA2FGQE2INBK,0.0,4.0,0.0,1.0,0.0,1.0,1
A1SAQB40R8C44A,0.6826061944859853,3.3333333333333335,1.5275252316519465,0.31739380551401475,0.3333333333333333,0.3333333333333333,3
A1SBTS8FHR10EZ,0.0,4.0,0.0,1.0,0.0,1.0,1
A1SCE1YMBH86WE,0.0,4.0,0.0,1.0,0.0,1.0,1
A1SCWY8O0IL2HU,0.39548848910372325,4.333333333333333,1.1547005383792517,0.6045115108962767,0.6666666666666666,0.6666666666666666,3
A1SDKQER8V6DG6,0.0,5.0,0.0,1.0,1.0,1.0,1
A1SDPA1J98UP4L,0.0,5.0,0.0,1.0,1.0,1.0,1
A1SEHRRSCQTQ42,0.43067655807339306,4.0,1.4142135623730951,0.5693234419266069,0.5,0.5,2
A1SELTWFSOHSJV,0.0,5.0,0.0,1.0,1.0,1.0,1
A1SF0589DRG9AD,0.0,4.0,0.0,1.0,0.0,1.0,1
A1SF59X4FDUGQG,0.0,5.0,0.0,1.0,1.0,1.0,1
A1SGSX6LQ01ZPZ,0.0,5.0,0.0,1.0,1.0,1.0,1
A1SH4S5XGTEXZ3,0.0,5.0,0.0,1.0,1.0,1.0,1
A1SHK7D1XG7RIY,0.0,5.0,0.0,1.0,1.0,1.0,1
A1SIX968W2WNZM,0.0,5.0,0.0,1.0,1.0,1.0,2
A1SJN10JTU3BON,0.0,4.0,0.0,1.0,0.0,1.0,1
A1SKOP77DH7TEP,0.0,5.0,0.0,1.0,1.0,1.0,1
A1SL5FHOMDDY15,0.0,5.0,0.0,1.0,1.0,1.0,1
A1SLK8FRYWEISP,0.0,5.0,0.0,1.0,1.0,1.0,1
A1SM9R4UGRNV4V,0.0,3.0,0.0,1.0,0.0,0.0,1
A1SMCTGDM2LK7X,0.0,5.0,0.0,1.0,1.0,1.0,1
A1SMIJLAMGWXCJ,0.0,1.0,0.0,1.0,0.0,0.0,1
A1SMPBX582OIDY,0.0,5.0,0.0,1.0,1.0,1.0,1
A1SNCVH8GXEJPA,0.0,1.0,0.0,1.0,0.0,0.0,1
A1SNT83NFD4U8N,0.0,5.0,0.0,1.0,1.0,1.0,1
A1SNYIW6EDDE4R,0.0,5.0,0.0,1.0,1.0,1.0,1
A1STE8GFJV0JBM,0.0,5.0,0.0,1.0,1.0,1.0,1
A1STW7ZA3XZ9VV,0.0,5.0,0.0,1.0,1.0,1.0,1
A1SUF6BBG0T2ZQ,0.0,2.0,0.0,1.0,0.0,0.0,1
A1SUJD55AUD0S7,0.0,4.0,0.0,1.0,0.0,1.0,1
A1SV0FYYADJLPG,0.0,5.0,0.0,1.0,1.0,1.0,1
A1SVVOKIP0TQ0Z,0.0,4.0,0.0,1.0,0.0,1.0,1
A1SW7P73Z8BUUJ,0.0,5.0,0.0,1.0,1.0,1.0,2
A1SWUTIQ0QGM38,0.0,5.0,0.0,1.0,1.0,1.0,1
A1SX9PHJWTDMF9,0.0,5.0,0.0,1.0,1.0,1.0,2
A1SXU695DSX72,0.0,5.0,0.0,1.0,1.0,1.0,1
A1SYGY98J1RWIY,0.0,3.0,0.0,1.0,0.0,0.0,1
A1SYLII0808HD6,0.0,5.0,0.0,1.0,1.0,1.0,1
A1SZJC7I20X82N,0.0,5.0,0.0,1.0,1.0,1.0,1
A1T1YSCDW0PD25,0.0,5.0,0.0,1.0,1.0,1.0,2
A1T39H43F02PHO,0.0,5.0,0.0,1.0,1.0,1.0,1
A1T5NZP0LNRAFY,0.0,5.0,0.0,1.0,1.0,1.0,1
A1T6R772Q80FW7,0.0,5.0,0.0,1.0,1.0,1.0,1
A1T7TGDFADVX6Q,0.0,3.0,0.0,1.0,0.0,0.0,1
A1T8A6OCVV0UYU,0.0,5.0,0.0,1.0,1.0,1.0,2
A1T8IVXCCBEA44,0.0,4.0,0.0,1.0,0.0,1.0,1
A1T8QZFPHG0S0W,0.0,5.0,0.0,1.0,1.0,1.0,1
A1T9YSDAYS097M,0.0,5.0,0.0,1.0,1.0,1.0,1
A1TAFEUKHIFV6L,0.0,2.0,0.0,1.0,0.0,0.0,1
A1TAW91SQSU2AH,0.43067655807339306,3.5,2.1213203435596424,0.5693234419266069,0.5,0.5,2
A1TBH7Z4RK7PRK,0.39548848910372325,4.666666666666667,0.5773502691896257,0.6045115108962767,0.6666666666666666,1.0,3
A1TCD3JA870YCJ,0.0,5.0,0.0,1.0,1.0,1.0,1
A1TDHAKEDTJL2J,0.0,4.0,0.0,1.0,0.0,1.0,1
A1TDR7Y90SVCHL,0.43067655807339306,4.0,1.4142135623730951,0.5693234419266069,0.5,0.5,2
A1TDU9KYO4EFE4,0.0,5.0,0.0,1.0,1.0,1.0,1
A1TDXHM6S7HOET,0.0,1.0,0.0,1.0,0.0,0.0,1
A1TEKCBCU3ZBXE,0.0,5.0,0.0,1.0,1.0,1.0,1
A1TEQLH0UOWNOK,0.0,5.0,0.0,1.0,1.0,1.0,1
A1TF9EYT8FEPZP,0.0,4.0,0.0,1.0,0.0,1.0,1
A1TFAKVCUOR9PD,0.0,5.0,0.0,1.0,1.0,1.0,1
A1TFOXCKW4JHIB,0.0,5.0,0.0,1.0,1.0,1.0,2
A1TFS18UUUKO1F,0.0,5.0,0.0,1.0,1.0,1.0,1
A1TFUS11C1J4F5,0.0,4.0,0.0,1.0,0.0,1.0,1
A1TG615MWIBJT2,0.0,5.0,0.0,1.0,1.0,1.0,2
A1TH70AZA3XZOL,0.0,5.0,0.0,1.0,1.0,1.0,1
A1THF19PO0LXRD,0.0,5.0,0.0,1.0,1.0,1.0,2
A1THJB1ORM3U2I,0.0,5.0,0.0,1.0,1.0,1.0,1
A1THVLECOV14YL,0.0,5.0,0.0,1.0,1.0,1.0,1
A1TIAPDVMPJ0Z0,0.0,4.0,0.0,1.0,0.0,1.0,1
A1TIWOJFIX21RY,0.0,5.0,0.0,1.0,1.0,1.0,1
A1TJPE10C8FPJD,0.0,5.0,0.0,1.0,1.0,1.0,1
A1TNB51HOW0V8Q,0.0,3.0,0.0,1.0,0.0,0.0,1
A1TND9THMFVTQG,0.0,4.0,0.0,1.0,0.0,1.0,2
A1TNK6MP89YXY2,0.0,5.0,0.0,1.0,1.0,1.0,1
A1TNK82XJQ0XPK,0.39548848910372325,4.666666666666667,0.5773502691896257,0.6045115108962767,0.6666666666666666,1.0,3
A1TOB2PO3B0MLC,0.0,5.0,0.0,1.0,1.0,1.0,1
A1TOXCG4QWQLHA,0.0,5.0,0.0,1.0,1.0,1.0,1
A1TP3ZYYNA6KNE,0.0,5.0,0.0,1.0,1.0,1.0,1
A1TPQIM8DOH9JN,0.0,4.0,0.0,1.0,0.0,1.0,1
A1TQBAHI3M4ZBQ,0.0,5.0,0.0,1.0,1.0,1.0,1
A1TQF28D7SVOMG,0.0,5.0,0.0,1.0,1.0,1.0,1
A1TR3G8YUR8QMG,0.0,3.0,0.0,1.0,0.0,0.0,1
A1TRAEV7QWA5DX,0.0,5.0,0.0,1.0,1.0,1.0,1
A1TRLPG01CL8V9,0.0,4.0,0.0,1.0,0.0,1.0,1
A1TST756Q1U2JM,0.0,5.0,0.0,1.0,1.0,1.0,1
A1TUUSQODOPXOE,0.0,3.0,0.0,1.0,0.0,0.0,1
A1TV0MBAF13ZMS,0.0,5.0,0.0,1.0,1.0,1.0,1
A1TWM78I835NGZ,0.0,5.0,0.0,1.0,1.0,1.0,2
A1TX3VNWII1TOJ,0.0,5.0,0.0,1.0,1.0,1.0,1
A1TX6FWFGA1QVO,0.0,1.0,0.0,1.0,0.0,0.0,1
A1TYWW54WOSKCF,0.0,5.0,0.0,1.0,1.0,1.0,1
A1TZ0VDFSS1Z4C,0.0,4.0,0.0,1.0,0.0,1.0,1
A1U074CMWNWS7W,0.0,5.0,0.0,1.0,1.0,1.0,1
A1U0RNXMUOP9XI,0.0,3.0,0.0,1.0,0.0,0.0,1
A1U1CQ51DLZX67,0.0,5.0,0.0,1.0,1.0,1.0,1
A1U1Y59XC65U2F,0.0,5.0,0.0,1.0,1.0,1.0,1
A1U29HNXYN3TIB,0.0,5.0,0.0,1.0,1.0,1.0,1
A1U2SXPJT1WQIX,0.0,1.0,0.0,1.0,0.0,0.0,1
A1U489SYAGQ2FM,0.0,5.0,0.0,1.0,1.0,1.0,2
A1U4GOVZWL8ZTL,0.0,4.0,0.0,1.0,0.0,1.0,1
A1U57C8E45X01Z,0.0,1.0,0.0,1.0,0.0,0.0,1
A1U58436RQI0GI,0.0,4.0,0.0,1.0,0.0,1.0,1
A1U5IJHJK84S54,0.0,5.0,0.0,1.0,1.0,1.0,1
A1U5NWJOYH2QQH,0.0,5.0,0.0,1.0,1.0,1.0,3
A1U6C4G5YT51E,0.0,5.0,0.0,1.0,1.0,1.0,1
A1U6XPYATU9OPG,0.0,5.0,0.0,1.0,1.0,1.0,1
A1U7RWHQX3W141,0.0,4.0,0.0,1.0,0.0,1.0,1
A1U8BMNVUVNXW7,0.0,5.0,0.0,1.0,1.0,1.0,1
A1U8KP7V6DFXN8,0.0,5.0,0.0,1.0,1.0,1.0,1
A1U8YBMDRO6YA5,0.0,4.0,0.0,1.0,0.0,1.0,1
A1U99PCPE9US61,0.0,2.0,0.0,1.0,0.0,0.0,1
A1U9EJYPPU0VA4,0.0,1.0,0.0,1.0,0.0,0.0,1
A1UB3T4KB2SJ1E,0.0,5.0,0.0,1.0,1.0,1.0,1
A1UB46NT3QX94A,0.0,5.0,0.0,1.0,1.0,1.0,1
A1UBZQMYXWI1DH,0.0,3.0,0.0,1.0,0.0,0.0,1
A1UCUVJNLUS8ES,0.0,5.0,0.0,1.0,1.0,1.0,1
A1UD1HKRVHZAVC,0.0,5.0,0.0,1.0,1.0,1.0,1
A1UDJYFICROJ3X,0.0,5.0,0.0,1.0,1.0,1.0,1
A1UDQ2FIUN3JUT,0.0,5.0,0.0,1.0,1.0,1.0,1
A1UEW6E8MAN95V,0.0,5.0,0.0,1.0,1.0,1.0,1
A1UEWPPJHPS17C,0.0,4.0,0.0,1.0,0.0,1.0,1
A1UEYVSBWUNOGZ,0.0,5.0,0.0,1.0,1.0,1.0,1
A1UEZ7R88W631V,0.0,5.0,0.0,1.0,1.0,1.0,1
A1UF3N52K5CWC2,0.0,5.0,0.0,1.0,1.0,1.0,1
A1UGRZN0EE60FN,0.0,4.0,0.0,1.0,0.0,1.0,1
A1UHPSQD4TOWQI,0.0,5.0,0.0,1.0,1.0,1.0,1
A1UHTJ2NZ0IYJH,0.0,4.0,0.0,1.0,0.0,1.0,1
A1UIISX5YBC7ML,0.0,1.0,0.0,1.0,0.0,0.0,1
A1UIUV0YRYPAAV,0.0,1.0,0.0,1.0,0.0,0.0,1
A1UJB03PXSGQON,0.0,5.0,0.0,1.0,1.0,1.0,1
A1UJHREZ7T91J5,0.0,5.0,0.0,1.0,1.0,1.0,1
A1UJJMFTG7WCX7,0.0,5.0,0.0,1.0,1.0,1.0,1
A1UK24C5XO8UKI,0.0,4.0,0.0,1.0,0.0,1.0,1
A1UKWI7HRNRTGO,0.0,5.0,0.0,1.0,1.0,1.0,1
A1ULAF163Z7PM7,0.0,5.0,0.0,1.0,1.0,1.0,1
A1UN8HF1AY2KJF,0.0,3.0,0.0,1.0,0.0,0.0,1
A1UNJ46NSB352E,0.0,4.0,0.0,1.0,0.0,1.0,1
A1UOBB4DO4WB4S,0.0,5.0,0.0,1.0,1.0,1.0,1
A1UP5CIELABXA7,0.43067655807339306,4.5,0.7071067811865476,0.5693234419266069,0.5,1.0,2
A1UQFK8TIKD5YY,0.0,5.0,0.0,1.0,1.0,1.0,1
A1UQRSCLF8GW1T,0.0,4.0,0.0,1.0,0.0,1.0,1
A1URTX250HLGUF,0.0,5.0,0.0,1.0,1.0,1.0,1
A1URXSRV6WDHVY,0.0,5.0,0.0,1.0,1.0,1.0,2
A1URZMYX7LYOGI,0.0,5.0,0.0,1.0,1.0,1.0,1
A1US87X5YUEQ7A,0.0,5.0,0.0,1.0,1.0,1.0,4
A1USUT1GJPMNAN,0.0,5.0,0.0,1.0,1.0,1.0,1
A1UULANW6F0NZC,0.0,5.0,0.0,1.0,1.0,1.0,1
A1UVUDG4DQ66L,0.0,4.0,0.0,1.0,0.0,1.0,1
A1UVUFYKDK4N41,0.0,4.0,0.0,1.0,0.0,1.0,1
A1UVYL2G0XYX8W,0.0,1.0,0.0,1.0,0.0,0.0,1
A1UWIIW0NJEKFL,0.0,5.0,0.0,1.0,1.0,1.0,1
A1UWT5AETD0NY2,0.0,4.0,0.0,1.0,0.0,1.0,1
A1UWVLJM65EEFX,0.0,5.0,0.0,1.0,1.0,1.0,1
A1UWY9OB9080JS,0.0,2.0,0.0,1.0,0.0,0.0,1
A1UYLCO4MXXB70,0.0,5.0,0.0,1.0,1.0,1.0,1
A1UZ2MQ5FBH7GA,0.0,4.0,0.0,1.0,0.0,1.0,1
A1V21SKYOEGN2D,0.0,5.0,0.0,1.0,1.0,1.0,1
A1V2ZO1JLPJS8E,0.0,5.0,0.0,1.0,1.0,1.0,1
A1V3R7M9T7QNZ6,0.0,4.0,0.0,1.0,0.0,1.0,1
A1V3TRGWOMA8LC,0.0,5.0,0.0,1.0,1.0,1.0,3
A1V427MUP6WWFE,0.0,4.0,0.0,1.0,0.0,1.0,1
A1V4VVBQBFXRHC,0.0,5.0,0.0,1.0,1.0,1.0,1
A1V5H6GOJ8T2UK,0.0,5.0,0.0,1.0,1.0,1.0,1
A1V5M5ENS5YBK9,0.0,5.0,0.0,1.0,1.0,1.0,1
A1V5QP5KNFAM6X,0.0,4.0,0.0,1.0,0.0,1.0,1
A1V5TRJXTI6F01,0.0,5.0,0.0,1.0,1.0,1.0,1
A1V5UCC82BEETQ,0.0,5.0,0.0,1.0,1.0,1.0,2
A1V644P4UBN5WZ,0.0,5.0,0.0,1.0,1.0,1.0,1
A1V68CETC0BXV7,0.0,5.0,0.0,1.0,1.0,1.0,1
A1V6GWOYZEVVKT,0.0,4.0,0.0,1.0,0.0,1.0,1
A1V6OO610O7MAO,0.0,3.0,0.0,1.0,0.0,0.0,1
A1V7XAW40AHFQF,0.0,2.0,0.0,1.0,0.0,0.0,1
A1V8UZ63FQD382,0.0,5.0,0.0,1.0,1.0,1.0,1
A1V8ZZOQ50N74V,0.0,5.0,0.0,1.0,1.0,1.0,1
A1VA1QF8KZNBLL,0.0,5.0,0.0,1.0,1.0,1.0,1
A1VASOVPUGUYEJ,0.0,5.0,0.0,1.0,1.0,1.0,1
A1VBFJXCQ3AK30,0.0,1.0,0.0,1.0,0.0,0.0,1
A1VDK3E3HBWUCF,0.0,4.0,0.0,1.0,0.0,1.0,1
A1VDWRJEBBIGWH,0.0,4.0,0.0,1.0,0.0,1.0,1
A1VEOIQ85IRL66,0.0,5.0,0.0,1.0,1.0,1.0,1
A1VFIY34F94XHY,0.43067655807339306,4.5,0.7071067811865476,0.5693234419266069,0.5,1.0,2
A1VGFVLWGGR4YX,0.0,4.0,0.0,1.0,0.0,1.0,1
A1VH4YW78W1G6O,0.0,3.0,0.0,1.0,0.0,0.0,1
A1VHCO8RQFIGQJ,0.0,4.0,0.0,1.0,0.0,1.0,1
A1VHDGG2CXBQ6T,0.0,4.0,0.0,1.0,0.0,1.0,1
A1VICFJYF0NK83,0.0,5.0,0.0,1.0,1.0,1.0,1
A1VIG5MS365HSE,0.0,1.0,0.0,1.0,0.0,0.0,1
A1VJ0V58N0698J,0.0,3.0,0.0,1.0,0.0,0.0,1
A1VJGPW4W8FBFV,0.0,2.0,0.0,1.0,0.0,0.0,1
A1VK3B8TFUUHM3,0.0,5.0,0.0,1.0,1.0,1.0,1
A1VK452U9ILPCZ,0.0,3.0,0.0,1.0,0.0,0.0,1
A1VKA5J3NF7OU9,0.0,1.0,0.0,1.0,0.0,0.0,1
A1VL6XFRL2NALY,0.0,1.0,0.0,1.0,0.0,0.0,1
A1VLZAAASQE9DH,0.0,3.0,0.0,1.0,0.0,0.0,1
A1VM0DU10K0DE6,0.0,5.0,0.0,1.0,1.0,1.0,1
A1VMCMYWVQ6YBG,0.0,1.0,0.0,1.0,0.0,0.0,1
A1VMDYBJRZ0M12,0.0,3.0,0.0,1.0,0.0,0.0,1
A1VNI8SZ045QY1,0.0,5.0,0.0,1.0,1.0,1.0,1
A1VNJIS05GETA4,0.0,4.0,0.0,1.0,0.0,1.0,1
A1VNONWPXHI3LT,0.0,4.0,0.0,1.0,0.0,1.0,1
A1VPAHPK6H0267,0.0,5.0,0.0,1.0,1.0,1.0,1
A1VPV97Z0340WI,0.0,5.0,0.0,1.0,1.0,1.0,2
A1VQ61UT9WKCV2,0.0,1.0,0.0,1.0,0.0,0.0,1
A1VQA08VWB9ALB,0.0,4.0,0.0,1.0,0.0,1.0,1
A1VQHH85U7PX0,0.43067655807339306,4.0,1.4142135623730951,0.5693234419266069,0.5,0.5,2
A1VR9II0HC7ZQ6,0.0,2.0,0.0,1.0,0.0,0.0,1
A1VRWURI5XLNU5,0.0,5.0,0.0,1.0,1.0,1.0,1
A1VSJ1YD40Y7PG,0.0,5.0,0.0,1.0,1.0,1.0,1
A1VUA80DLZGWIP,0.0,5.0,0.0,1.0,1.0,1.0,1
A1VUCCLEP5OADL,0.0,4.0,0.0,1.0,0.0,1.0,1
A1VUHTQ6GC4LH,0.0,4.0,0.0,1.0,0.0,1.0,1
A1VUUO6EEBON7Y,0.0,1.0,0.0,1.0,0.0,0.0,1
A1VXOAVRGKGEAK,0.0,3.0,0.0,1.0,0.0,0.0,2
A1VXQW4UQTLDQM,0.0,5.0,0.0,1.0,1.0,1.0,1
A1VY2CG81I1JRR,0.0,3.0,0.0,1.0,0.0,0.0,1
A1VY688L9N9QXD,0.0,1.0,0.0,1.0,0.0,0.0,1
A1W0CHSU0O5VUK,0.0,5.0,0.0,1.0,1.0,1.0,1
A1W0QK53EN02H5,0.0,5.0,0.0,1.0,1.0,1.0,1
A1W0XQLEYWGQC5,0.0,1.0,0.0,1.0,0.0,0.0,1
A1W0XZWS8QC8IV,0.0,5.0,0.0,1.0,1.0,1.0,1
A1W18337L4X2LD,0.0,3.0,0.0,1.0,0.0,0.0,1
A1W1V6RD1I9R2D,0.0,5.0,0.0,1.0,1.0,1.0,1
A1W2DP25RTN59X,0.0,5.0,0.0,1.0,1.0,1.0,1
A1W33FQTKYHWM,0.0,5.0,0.0,1.0,1.0,1.0,1
A1W3D42N13EYZ7,0.0,2.0,0.0,1.0,0.0,0.0,1
A1W476YCP7DZ2S,0.0,5.0,0.0,1.0,1.0,1.0,1
A1W5CI9L3JPTF,0.0,5.0,0.0,1.0,1.0,1.0,1
A1W5ERSUQ9RX8F,0.0,5.0,0.0,1.0,1.0,1.0,1
A1W5G9ITZQ64TN,0.0,5.0,0.0,1.0,1.0,1.0,1
A1W6G74P9FYOQG,0.0,4.0,0.0,1.0,0.0,1.0,1
A1W6QZK6BFJLW2,0.0,5.0,0.0,1.0,1.0,1.0,1
A1W6VR9F0OKMWM,0.0,5.0,0.0,1.0,1.0,1.0,1
A1W8308SYXBSAL,0.0,1.0,0.0,1.0,0.0,0.0,1
A1W98MNHYOZR3,0.0,4.0,0.0,1.0,0.0,1.0,1
A1W9Z0FT00LC06,0.0,4.0,0.0,1.0,0.0,1.0,1
A1WAYVM44HACOO,0.0,5.0,0.0,1.0,1.0,1.0,1
A1WBEIH7Z37LN9,0.0,4.0,0.0,1.0,0.0,1.0,1
A1WE2JDDCUG2L0,0.0,4.0,0.0,1.0,0.0,1.0,1
A1WF4CS5PX9N73,0.0,3.0,0.0,1.0,0.0,0.0,1
A1WFDJHDWDVGW8,0.0,4.0,0.0,1.0,0.0,1.0,1
A1WFQPYY8YBXEM,0.0,5.0,0.0,1.0,1.0,1.0,1
A1WFTIOEH30UJY,0.0,5.0,0.0,1.0,1.0,1.0,1
A1WGEIDK19JKH3,0.0,5.0,0.0,1.0,1.0,1.0,1
A1WGFWCQ8IQCWV,0.0,5.0,0.0,1.0,1.0,1.0,1
A1WI9IDBAP8NDM,0.0,1.0,0.0,1.0,0.0,0.0,1
A1WILC2XNV5R04,0.0,5.0,0.0,1.0,1.0,1.0,1
A1WJ9679CCAXNS,0.0,5.0,0.0,1.0,1.0,1.0,1
A1WJBJUQ24G8BU,0.0,5.0,0.0,1.0,1.0,1.0,1
A1WJBY269CG7AC,0.0,5.0,0.0,1.0,1.0,1.0,1
A1WJE2B0N0I3T1,0.0,5.0,0.0,1.0,1.0,1.0,1
A1WJVU9KICHFI,0.0,5.0,0.0,1.0,1.0,1.0,1
A1WKJRJRP3BLVS,0.0,3.0,0.0,1.0,0.0,0.0,1
A1WKMDL85JLIFM,0.0,5.0,0.0,1.0,1.0,1.0,1
A1WKUY7T0EM0GM,0.0,5.0,0.0,1.0,1.0,1.0,2
A1WKVJZ5V4L08N,0.0,5.0,0.0,1.0,1.0,1.0,1
A1WLAHPHD07E1N,0.0,5.0,0.0,1.0,1.0,1.0,1
A1WLP6S3L9V3VL,0.0,5.0,0.0,1.0,1.0,1.0,1
A1WLV9I6MMMDM5,0.0,5.0,0.0,1.0,1.0,1.0,1
A1WM8DNWJ8SCEL,0.43067655807339306,2.5,2.1213203435596424,0.5693234419266069,0.0,0.5,2
A1WMEVP3FN3F8J,0.0,4.0,0.0,1.0,0.0,1.0,1
A1WMHFPD9YLVFV,0.0,5.0,0.0,1.0,1.0,1.0,1
A1WNEVIRLVH12R,0.0,5.0,0.0,1.0,1.0,1.0,1
A1WNJ4AP6KWDJP,0.0,4.0,0.0,1.0,0.0,1.0,1
A1WO5XDNFM80Y8,0.0,5.0,0.0,1.0,1.0,1.0,1
A1WORIFR4ZF3J,0.0,5.0,0.0,1.0,1.0,1.0,1
A1WPDGKWL4ANIS,0.0,4.0,0.0,1.0,0.0,1.0,1
A1WPFIZ8P3O86V,0.0,5.0,0.0,1.0,1.0,1.0,1
A1WPXG000113YQ,0.0,2.0,0.0,1.0,0.0,0.0,1
A1WR0KA61A2CTW,0.0,1.0,0.0,1.0,0.0,0.0,1
A1WREU7PGTX98P,0.0,1.0,0.0,1.0,0.0,0.0,1
A1WRXACOKPITBQ,0.0,5.0,0.0,1.0,1.0,1.0,1
A1WV0XTJROAYGK,0.0,4.0,0.0,1.0,0.0,1.0,2
A1WVESLCYWGW0Q,0.0,5.0,0.0,1.0,1.0,1.0,1
A1WVIO1Z0N8JG2,0.0,4.0,0.0,1.0,0.0,1.0,1
A1WVMDRJU19AFD,0.8207140722512382,3.75,1.0350983390135313,0.17928592774876184,0.25,0.625,8
A1WVS59FQETT75,0.0,5.0,0.0,1.0,1.0,1.0,1
A1WVSXVCCRRHZN,0.0,4.0,0.0,1.0,0.0,1.0,1
A1WWUZUK1ONXXV,0.0,2.0,0.0,1.0,0.0,0.0,1
A1WWW237KEJDJY,0.0,5.0,0.0,1.0,1.0,1.0,2
A1WWZXNOXBCIMN,0.0,5.0,0.0,1.0,1.0,1.0,1
A1WYKNREHQ30KE,0.0,4.0,0.0,1.0,0.0,1.0,1
A1X00K34LV0PBB,0.0,5.0,0.0,1.0,1.0,1.0,1
A1X0990QXMJIY7,0.0,1.0,0.0,1.0,0.0,0.0,1
A1X0QMZ0M21J9U,0.0,1.0,0.0,1.0,0.0,0.0,1
A1X244QTQDFT49,0.0,5.0,0.0,1.0,1.0,1.0,1
A1X36T6G2PEYIT,0.0,1.0,0.0,1.0,0.0,0.0,1
A1X3DA7C61WZLQ,0.39548848910372325,4.333333333333333,0.5773502691896257,0.6045115108962767,0.3333333333333333,1.0,3
A1X3GSQ1ZM4UEQ,0.0,5.0,0.0,1.0,1.0,1.0,1
A1X3T9VBU5GQX4,0.0,3.0,0.0,1.0,0.0,0.0,1
A1X5KSUPUR5GFO,0.0,5.0,0.0,1.0,1.0,1.0,1
A1X696GX2VPV5C,0.43067655807339306,3.0,2.8284271247461903,0.5693234419266069,0.5,0.5,2
A1X6TD4D3D9YUP,0.0,5.0,0.0,1.0,1.0,1.0,1
A1X6VVP8JLFEJ,0.0,4.0,0.0,1.0,0.0,1.0,2
A1X7X8KB9NXPAA,0.0,4.0,0.0,1.0,0.0,1.0,1
A1X8WKS6S294JE,0.0,5.0,0.0,1.0,1.0,1.0,1
A1X8YM80GSTO66,0.0,4.0,0.0,1.0,0.0,1.0,1
A1X951MG53YRW0,0.0,4.0,0.0,1.0,0.0,1.0,1
A1X9MCVB19GEPM,0.0,4.0,0.0,1.0,0.0,1.0,1
A1X9YWCDW70VCP,0.0,4.0,0.0,1.0,0.0,1.0,1
A1XAWUIMSX6C1Z,0.0,5.0,0.0,1.0,1.0,1.0,1
A1XCA99IXPBIKV,0.0,5.0,0.0,1.0,1.0,1.0,1
A1XD710QD1HCI1,0.0,4.0,0.0,1.0,0.0,1.0,1
A1XDHHQ549Q2JI,0.0,3.0,0.0,1.0,0.0,0.0,1
A1XE3M22N91451,0.0,4.0,0.0,1.0,0.0,1.0,1
A1XEBSAXW4GRWZ,0.0,4.0,0.0,1.0,0.0,1.0,1
A1XEL9W3JBAT4P,0.0,5.0,0.0,1.0,1.0,1.0,2
A1XESQ7C7NNZX4,0.0,5.0,0.0,1.0,1.0,1.0,1
A1XEYWWDJ09OEA,0.0,4.0,0.0,1.0,0.0,1.0,1
A1XFI340SHOS5K,0.0,4.0,0.0,1.0,0.0,1.0,1
A1XFVNFGS78TX1,0.0,5.0,0.0,1.0,1.0,1.0,1
A1XG38WOY3LY4V,0.0,4.0,0.0,1.0,0.0,1.0,1
A1XH86OU75RY6Y,0.0,4.0,0.0,1.0,0.0,1.0,1
A1XHC34F2MFZ4I,0.0,1.0,0.0,1.0,0.0,0.0,1
A1XHKQ5R31843B,0.0,5.0,0.0,1.0,1.0,1.0,1
A1XISLQOHN41MN,0.0,5.0,0.0,1.0,1.0,1.0,1
A1XJCT8CHG2G2J,0.0,4.0,0.0,1.0,0.0,1.0,1
A1XJF5OXN7NWGG,0.0,4.0,0.0,1.0,0.0,1.0,1
A1XJOSJN6FHFO0,0.0,5.0,0.0,1.0,1.0,1.0,1
A1XK4VP74IB9TQ,0.0,4.0,0.0,1.0,0.0,1.0,1
A1XKCHZELFYG6D,0.0,5.0,0.0,1.0,1.0,1.0,1
A1XL5KOLSQT6KH,0.0,5.0,0.0,1.0,1.0,1.0,1
A1XLCQVGWBU6UX,0.0,5.0,0.0,1.0,1.0,1.0,1
A1XLLEHKFY3TN2,0.43067655807339306,4.5,0.7071067811865476,0.5693234419266069,0.5,1.0,2
A1XLUNECWHYP6N,0.0,3.0,0.0,1.0,0.0,0.0,1
A1XMNRX9WW7JXR,0.0,1.0,0.0,1.0,0.0,0.0,1
A1XMW0DEX90OEA,0.0,5.0,0.0,1.0,1.0,1.0,1
A1XN1D2FGCQC8E,0.0,3.0,0.0,1.0,0.0,0.0,1
A1XNP1G5HWNGB7,0.0,5.0,0.0,1.0,1.0,1.0,1
A1XNYVXCXL93RA,0.0,5.0,0.0,1.0,1.0,1.0,1
A1XNZ5YOKS51G7,0.0,5.0,0.0,1.0,1.0,1.0,1
A1XP2TMQOYBPE3,0.0,5.0,0.0,1.0,1.0,1.0,1
A1XP5DDWIHLH0Q,0.0,5.0,0.0,1.0,1.0,1.0,1
A1XP5GMAIXJ10A,0.0,5.0,0.0,1.0,1.0,1.0,1
A1XPNKJWTITV0W,0.0,5.0,0.0,1.0,1.0,1.0,1
A1XPRBIGV1SR9,0.0,1.0,0.0,1.0,0.0,0.0,1
A1XQCLOF5MP5OB,0.0,5.0,0.0,1.0,1.0,1.0,1
A1XQYFPZW6TA45,0.0,5.0,0.0,1.0,1.0,1.0,1
A1XSSIGIY4WGX5,0.0,5.0,0.0,1.0,1.0,1.0,1
A1XSZF2A3ZV2MW,0.0,4.0,0.0,1.0,0.0,1.0,1
A1XT816XMPYPZ9,0.0,4.0,0.0,1.0,0.0,1.0,1
A1XTM47DUD1K7D,0.0,4.0,0.0,1.0,0.0,1.0,1
A1XTMFRRN9DPK2,0.0,4.0,0.0,1.0,0.0,1.0,1
A1XTQULERNAFQ,0.0,5.0,0.0,1.0,1.0,1.0,1
A1XTVZ9Y9Y6GRU,0.0,5.0,0.0,1.0,1.0,1.0,1
A1XU4L0QTHU93T,0.0,4.0,0.0,1.0,0.0,1.0,1
A1XU87EET0N0NL,0.0,5.0,0.0,1.0,1.0,1.0,1
A1XUQIA7Q0BGJ1,0.0,5.0,0.0,1.0,1.0,1.0,1
A1XVBF3IR76QPL,0.0,4.0,0.0,1.0,0.0,1.0,1
A1XWGTKBH3GGXP,0.0,4.0,0.0,1.0,0.0,1.0,1
A1XX37HBK45UG8,0.0,5.0,0.0,1.0,1.0,1.0,1
A1XXFXNL0TDS5X,0.0,5.0,0.0,1.0,1.0,1.0,1
A1XXHS9V80S9VG,0.0,1.0,0.0,1.0,0.0,0.0,1
A1XXTDDNAKXLHO,0.0,4.0,0.0,1.0,0.0,1.0,1
A1XY86U23W6LQ,0.0,5.0,0.0,1.0,1.0,1.0,1
A1XYXUV7IFHC4A,0.0,5.0,0.0,1.0,1.0,1.0,1
A1XZ16AFVCACUN,0.0,3.0,0.0,1.0,0.0,0.0,1
A1XZGL8Q0L8G9U,0.0,5.0,0.0,1.0,1.0,1.0,1
A1XZRI9693K0N5,0.0,5.0,0.0,1.0,1.0,1.0,1
A1Y09QLADQYQJG,0.43067655807339306,4.5,0.7071067811865476,0.5693234419266069,0.5,1.0,2
A1Y0OMDO1NIKOT,0.0,4.0,0.0,1.0,0.0,1.0,1
A1Y1J6BKWVU4C0,0.0,3.0,0.0,1.0,0.0,0.0,1
A1Y249FQCV6MNN,0.0,5.0,0.0,1.0,1.0,1.0,1
A1Y2BG1GPW1VT6,0.0,5.0,0.0,1.0,1.0,1.0,1
A1Y363HWR2D0B7,0.0,5.0,0.0,1.0,1.0,1.0,1
A1Y3ECGECWDCAZ,0.0,3.0,0.0,1.0,0.0,0.0,1
A1Y423LYVSNQCK,0.43067655807339306,4.5,0.7071067811865476,0.5693234419266069,0.5,1.0,2
A1Y448U695FUVR,0.0,5.0,0.0,1.0,1.0,1.0,1
A1Y4EWMUTW73GD,0.0,4.0,0.0,1.0,0.0,1.0,1
A1Y4G3WZ321YAE,0.0,5.0,0.0,1.0,1.0,1.0,1
A1Y4MY6KYVUTIA,0.0,5.0,0.0,1.0,1.0,1.0,1
A1Y57JQKN4ICD0,0.0,4.0,0.0,1.0,0.0,1.0,1
A1Y5UABA87I2JI,0.0,5.0,0.0,1.0,1.0,1.0,1
A1Y6N4X8FV6IAC,0.0,5.0,0.0,1.0,1.0,1.0,1
A1Y7B873VOTAHM,0.0,1.0,0.0,1.0,0.0,0.0,1
A1Y7D7F0FM6GWK,0.0,5.0,0.0,1.0,1.0,1.0,1
A1Y7QU3BUUSI6R,0.0,5.0,0.0,1.0,1.0,1.0,1
A1Y8NN628X1IMH,0.0,5.0,0.0,1.0,1.0,1.0,1
A1Y949S90RE8FP,0.0,5.0,0.0,1.0,1.0,1.0,1
A1Y9VZ0TXTSWWD,0.0,3.0,0.0,1.0,0.0,0.0,1
A1YCDZ4K4G0CN3,0.43067655807339306,4.5,0.7071067811865476,0.5693234419266069,0.5,1.0,2
A1YDFJVQ8GUHTP,0.0,3.0,0.0,1.0,0.0,0.0,1
A1YDI2SNP4CISY,0.0,5.0,0.0,1.0,1.0,1.0,1
A1YDTDW310M6TZ,0.0,1.0,0.0,1.0,0.0,0.0,1
A1YF0SKMGV2BIL,0.43067655807339306,3.0,2.8284271247461903,0.5693234419266069,0.5,0.5,2
A1YF63MMH5AZJC,0.0,5.0,0.0,1.0,1.0,1.0,1
A1YGOQLHZUGTW8,0.0,5.0,0.0,1.0,1.0,1.0,1
A1YH4N1ILGHXC9,0.0,4.0,0.0,1.0,0.0,1.0,1
A1YIBJJC910PCQ,0.0,4.0,0.0,1.0,0.0,1.0,1
A1YIJSP53GAXGW,0.0,5.0,0.0,1.0,1.0,1.0,1
A1YJ09IVYZ0FW0,0.0,5.0,0.0,1.0,1.0,1.0,1
A1YJ541O10BM5U,0.0,5.0,0.0,1.0,1.0,1.0,1
A1YJQ0I05KU3M,0.0,5.0,0.0,1.0,1.0,1.0,1
A1YLBWLRPCN0A8,0.0,1.0,0.0,1.0,0.0,0.0,1
A1YLJGGB0EDFV2,0.0,5.0,0.0,1.0,1.0,1.0,1
A1YLL71R2M75LC,0.0,5.0,0.0,1.0,1.0,1.0,1
A1YMC7H5U3TQOU,0.0,5.0,0.0,1.0,1.0,1.0,1
A1YMI27NURH2YC,0.0,5.0,0.0,1.0,1.0,1.0,1
A1YMK7AK1WQEOB,0.0,4.0,0.0,1.0,0.0,1.0,1
A1YOGD8K6EV6VI,0.0,1.0,0.0,1.0,0.0,0.0,1
A1YOQKB992308L,0.0,4.0,0.0,1.0,0.0,1.0,1
A1YQLAR46BS347,0.0,4.0,0.0,1.0,0.0,1.0,1
A1YRI31DB4921S,0.0,5.0,0.0,1.0,1.0,1.0,1
A1YRPXMYDV2QE3,0.0,3.0,0.0,1.0,0.0,0.0,1
A1YRUUY14KW853,0.0,5.0,0.0,1.0,1.0,1.0,1
A1YSTRGTX7B66G,0.0,5.0,0.0,1.0,1.0,1.0,1
A1YUB4V9OHM4YI,0.0,4.0,0.0,1.0,0.0,1.0,1
A1YUZ3PFNAILHW,0.0,5.0,0.0,1.0,1.0,1.0,1
A1YV5G4GL5N6XV,0.0,5.0,0.0,1.0,1.0,1.0,1
A1YW7H051M0ME3,0.0,5.0,0.0,1.0,1.0,1.0,1
A1YWOG0NT12J96,0.0,3.0,0.0,1.0,0.0,0.0,1
A1YX6YUHJA11KE,0.0,5.0,0.0,1.0,1.0,1.0,1
A1YXBYJCCS0R3A,0.0,5.0,0.0,1.0,1.0,1.0,1
A1YXEYOWESHVLJ,0.0,2.0,0.0,1.0,0.0,0.0,1
A1YXOCELGUR73P,0.0,5.0,0.0,1.0,1.0,1.0,1
A1YY6103EIE3H4,0.0,5.0,0.0,1.0,1.0,1.0,1
A1YY7XFFU5IGE8,0.0,5.0,0.0,1.0,1.0,1.0,1
A1YYWUE2ZNN8RK,0.0,5.0,0.0,1.0,1.0,1.0,1
A1YZEEDWCHXZUU,0.0,2.0,0.0,1.0,0.0,0.0,1
A1Z0NIO16UXTH,0.0,5.0,0.0,1.0,1.0,1.0,1
A1Z0VDSYKCQTRH,0.0,4.0,0.0,1.0,0.0,1.0,1
A1Z27AHFNIFBG6,0.0,2.0,0.0,1.0,0.0,0.0,1
A1Z2HOY56LNIQA,0.0,5.0,0.0,1.0,1.0,1.0,1
A1Z31WP1M6XWTQ,0.0,5.0,0.0,1.0,1.0,1.0,1
A1Z3LA4T9GJM5R,0.0,5.0,0.0,1.0,1.0,1.0,1
A1Z45DENVX2PQ1,0.0,5.0,0.0,1.0,1.0,1.0,1
A1Z4930RTKRTKV,0.0,3.0,0.0,1.0,0.0,0.0,1
A1Z4FT2OMHIYFU,0.0,1.0,0.0,1.0,0.0,0.0,1
A1Z54EM24Y40LL,0.0,5.0,0.0,1.0,1.0,1.0,1
A1Z5E1Z9V8G2SU,0.0,5.0,0.0,1.0,1.0,1.0,1
A1Z5LG7YZ0GWIU,0.0,2.0,0.0,1.0,0.0,0.0,1
A1Z5OW2BJI5LN2,0.0,5.0,0.0,1.0,1.0,1.0,1
A1Z64RLLQYQ959,0.0,5.0,0.0,1.0,1.0,1.0,1
A1Z6TERCYMMECJ,0.0,5.0,0.0,1.0,1.0,1.0,1
A1Z6X34Q50T7BU,0.0,4.0,0.0,1.0,0.0,1.0,1
A1Z7U9K6X3FEOU,0.0,5.0,0.0,1.0,1.0,1.0,1
A1Z8SLW84NV7WJ,0.0,3.0,0.0,1.0,0.0,0.0,1
A1Z93YS0KD9M9N,0.0,5.0,0.0,1.0,1.0,1.0,2
A1Z9P17UJQKRKI,0.0,5.0,0.0,1.0,1.0,1.0,1
A1ZBG4HKXZTVBF,0.0,3.0,0.0,1.0,0.0,0.0,1
A1ZBR4NYVGY7U7,0.0,3.0,0.0,1.0,0.0,0.0,1
A1ZC0H05U51M3C,0.0,5.0,0.0,1.0,1.0,1.0,1
A1ZCJ4VQPKV3W4,0.0,5.0,0.0,1.0,1.0,1.0,1
A1ZDA6FK1313QJ,0.0,4.0,0.0,1.0,0.0,1.0,2
A1ZDP5PMM6RTSO,0.0,4.0,0.0,1.0,0.0,1.0,1
A1ZE020J0M1603,0.0,4.0,0.0,1.0,0.0,1.0,1
A1ZEUALB9OHGNE,0.0,3.0,0.0,1.0,0.0,0.0,1
A1ZFST7RH39RT7,0.0,5.0,0.0,1.0,1.0,1.0,1
A1ZG9WMHNMGY62,0.0,5.0,0.0,1.0,1.0,1.0,1
A1ZGFGTX5BQ8WY,0.0,5.0,0.0,1.0,1.0,1.0,1
A1ZGIIHI1LDEAO,0.0,5.0,0.0,1.0,1.0,1.0,1
A1ZGQVTLT3PCE9,0.0,1.0,0.0,1.0,0.0,0.0,1
A1ZIPGAG8KMU66,0.0,5.0,0.0,1.0,1.0,1.0,1
A1ZJ8BWVM5L5GW,0.0,4.0,0.0,1.0,0.0,1.0,1
A1ZJF8YB4LZ356,0.0,1.0,0.0,1.0,0.0,0.0,1
A1ZKA59YVVN4PF,0.0,4.0,0.0,1.0,0.0,1.0,1
A1ZKG86UBD8K8,0.0,5.0,0.0,1.0,1.0,1.0,1
A1ZLD397GS5ZCR,0.0,5.0,0.0,1.0,1.0,1.0,1
A1ZM846Y7AUYD,0.0,5.0,0.0,1.0,1.0,1.0,1
A1ZNLNA7BEZJCP,0.0,3.0,0.0,1.0,0.0,0.0,1
A1ZP77LMY0DTIM,0.0,3.0,0.0,1.0,0.0,0.0,1
A1ZPEZMQBCTZQN,0.0,4.0,0.0,1.0,0.0,1.0,1
A1ZR6RT42KHUIF,0.5904362833084089,3.8,1.7888543819998317,0.4095637166915911,0.6,0.6,5
A1ZRKRDFWG1TC,0.0,5.0,0.0,1.0,1.0,1.0,1
A1ZTCLOO7CCXBC,0.0,3.0,0.0,1.0,0.0,0.0,1
A1ZTSV4IDULSP0,0.0,5.0,0.0,1.0,1.0,1.0,1
A1ZU09TQ1TGWEX,0.0,5.0,0.0,1.0,1.0,1.0,1
A1ZU55TM45Y2R8,0.0,2.0,0.0,1.0,0.0,0.0,1
A1ZWKAFL352WRK,0.0,1.0,0.0,1.0,0.0,0.0,1
A1ZWKX2XRUHGYO,0.0,2.0,0.0,1.0,0.0,0.0,1
A1ZWMRDI2N6EMS,0.0,5.0,0.0,1.0,1.0,1.0,1
A1ZWZP8X1F8WVB,0.0,4.0,0.0,1.0,0.0,1.0,1
A1ZXMMQPYC3Z9I,0.0,2.0,0.0,1.0,0.0,0.0,1
A1ZYDU26TKRNAW,0.0,1.0,0.0,1.0,0.0,0.0,1
A1ZZR25X0CNOJX,0.0,5.0,0.0,1.0,1.0,1.0,1
A200C5ZDWEKTRA,0.0,5.0,0.0,1.0,1.0,1.0,1
A200J986WKWH08,0.43067655807339306,4.0,1.4142135623730951,0.5693234419266069,0.5,0.5,2
A200RY2ELZL2Q3,0.0,4.0,0.0,1.0,0.0,1.0,1
A2013X1OLSB1O9,0.0,5.0,0.0,1.0,1.0,1.0,1
A2019UPX8SO317,0.0,5.0,0.0,1.0,1.0,1.0,1
A201DLHZ2NJ3CD,0.0,4.0,0.0,1.0,0.0,1.0,1
A202Y9F2VN8KY2,0.0,4.0,0.0,1.0,0.0,1.0,1
A20361V1Y2GZ5X,0.0,4.0,0.0,1.0,0.0,1.0,1
A203OCQQ12MAVT,0.0,5.0,0.0,1.0,1.0,1.0,1
A203Q1G7IMYOVY,0.0,4.0,0.0,1.0,0.0,1.0,1
A204ETWOV23HO4,0.4243146625442961,4.428571428571429,0.5345224838248487,0.5756853374557038,0.42857142857142855,1.0,7
A204N1U3TI06GO,0.0,4.0,0.0,1.0,0.0,1.0,1
A20535WAMJUP3U,0.0,1.0,0.0,1.0,0.0,0.0,1
A206AJFCVJE56W,0.0,5.0,0.0,1.0,1.0,1.0,1
A206XQ50UQS1GG,0.0,4.0,0.0,1.0,0.0,1.0,1
A207G6DL5D61W,0.0,5.0,0.0,1.0,1.0,1.0,1
A2089FS2PJ9OZB,0.0,5.0,0.0,1.0,1.0,1.0,1
A208F20NUCU1T4,0.0,1.0,0.0,1.0,0.0,0.0,1
A208OZ5XMMPKGS,0.39548848910372325,4.666666666666667,0.5773502691896257,0.6045115108962767,0.6666666666666666,1.0,3
A209G57KXCBF4C,0.0,5.0,0.0,1.0,1.0,1.0,1
A209J4NK7GR9S3,0.0,4.0,0.0,1.0,0.0,1.0,1
A209QRVZ99UQDC,0.0,5.0,0.0,1.0,1.0,1.0,1
A20AAU9AUQ2ATE,0.43067655807339306,4.0,1.4142135623730951,0.5693234419266069,0.5,0.5,2
A20AOQWXYDFAU7,0.0,5.0,0.0,1.0,1.0,1.0,1
A20AQR382659T9,0.0,5.0,0.0,1.0,1.0,1.0,1
A20BB7TPL5F7G2,0.0,1.0,0.0,1.0,0.0,0.0,1
A20BHA430QDYV2,0.0,5.0,0.0,1.0,1.0,1.0,1
A20CC4CZ7EL7D7,0.0,5.0,0.0,1.0,1.0,1.0,1
A20CQ20J30DJZT,0.0,5.0,0.0,1.0,1.0,1.0,1
A20DHSLIR6QPO0,0.0,4.0,0.0,1.0,0.0,1.0,1
A20DHT8BPBOCP8,0.0,5.0,0.0,1.0,1.0,1.0,1
A20DJOMXBJJAEJ,0.0,5.0,0.0,1.0,1.0,1.0,1
A20EQ98GMJSGG8,0.0,5.0,0.0,1.0,1.0,1.0,1
A20F5RFH0WVFNF,0.0,5.0,0.0,1.0,1.0,1.0,1
A20FMZR1LNNYJS,0.0,5.0,0.0,1.0,1.0,1.0,1
A20G957N2TEVQX,0.0,5.0,0.0,1.0,1.0,1.0,1
A20GHPA3NAOCSA,0.0,5.0,0.0,1.0,1.0,1.0,1
A20GQ8NXD8TQUG,0.0,4.0,0.0,1.0,0.0,1.0,1
A20GQIUFA2LJ9C,0.0,1.0,0.0,1.0,0.0,0.0,1
A20H1M28WLI9J2,0.0,5.0,0.0,1.0,1.0,1.0,1
A20HABKJ0CDE1F,0.0,4.0,0.0,1.0,0.0,1.0,1
A20HBRHKA0PKK4,0.0,5.0,0.0,1.0,1.0,1.0,1
A20HM81911V9KD,0.0,3.0,0.0,1.0,0.0,0.0,1
A20HMQGKR7RET5,0.0,5.0,0.0,1.0,1.0,1.0,1
A20HOZHZ2URRLW,0.0,5.0,0.0,1.0,1.0,1.0,1
A20ICEO8M18VHR,0.0,4.0,0.0,1.0,0.0,1.0,1
A20ICK2UGU8PIJ,0.0,5.0,0.0,1.0,1.0,1.0,1
A20IGHP5BJ4OD5,0.0,5.0,0.0,1.0,1.0,1.0,1
A20IZXV0FQ6P5G,0.0,5.0,0.0,1.0,1.0,1.0,1
A20J3G8AWR8F28,0.0,5.0,0.0,1.0,1.0,1.0,1
A20JX4DJDU67DE,0.0,2.0,0.0,1.0,0.0,0.0,1
A20JYIHL1W1U54,0.0,5.0,0.0,1.0,1.0,1.0,2
A20KJABXJLXG9G,0.0,5.0,0.0,1.0,1.0,1.0,1
A20N7Y8YFR0MPE,0.0,1.0,0.0,1.0,0.0,0.0,1
A20NL7QAHXDCU5,0.0,5.0,0.0,1.0,1.0,1.0,2
A20NUW4T1DB7UQ,0.0,4.0,0.0,1.0,0.0,1.0,1
A20OQMLRFNZADL,0.0,3.0,0.0,1.0,0.0,0.0,1
A20ORTSQTEQX0Y,0.0,4.0,0.0,1.0,0.0,1.0,1
A20P79S3FIDLSD,0.0,2.0,0.0,1.0,0.0,0.0,1
A20Q4FIBCAG2ZV,0.0,5.0,0.0,1.0,1.0,1.0,1
A20Q8IOS2PWZKI,0.0,5.0,0.0,1.0,1.0,1.0,1
A20RIYQIMFLVM5,0.0,4.0,0.0,1.0,0.0,1.0,1
A20S66SKYXULG2,0.0,5.0,0.0,1.0,1.0,1.0,1
A20TZ1MQ0KMJRR,0.0,2.0,0.0,1.0,0.0,0.0,1
A20UU20K7M9ZPF,0.0,1.0,0.0,1.0,0.0,0.0,1
A20VSTDILG9K7H,0.0,4.0,0.0,1.0,0.0,1.0,1
A20W4W9KGWJV12,0.0,5.0,0.0,1.0,1.0,1.0,1
A20WH8FQNXNZSP,0.0,4.0,0.0,1.0,0.0,1.0,1
A20X3J5AMM7FHE,0.0,3.0,0.0,1.0,0.0,0.0,1
A20XXTXWF2TCPY,0.0,5.0,0.0,1.0,1.0,1.0,1
A20Y4QKFFH7A2X,0.0,4.0,0.0,1.0,0.0,1.0,1
A20Y7REXQZ1REW,0.0,4.0,0.0,1.0,0.0,1.0,1
A20YIDMSMXPS3E,0.0,5.0,0.0,1.0,1.0,1.0,1
A20YJDWDMWZ9NS,0.0,2.0,0.0,1.0,0.0,0.0,1
A20ZDV9ZEESN5K,0.0,5.0,0.0,1.0,1.0,1.0,1
A210UZTIFQ6FLD,0.0,4.0,0.0,1.0,0.0,1.0,1
A211A51H4XNPUF,0.0,4.0,0.0,1.0,0.0,1.0,1
A211RZCTZCNLZK,0.0,5.0,0.0,1.0,1.0,1.0,1
A212MDP6K4VJS5,0.0,5.0,0.0,1.0,1.0,1.0,1
A212REVB5AFP02,0.0,4.0,0.0,1.0,0.0,1.0,1
A213ELP74FH0SJ,0.0,1.0,0.0,1.0,0.0,0.0,1
A213UFMBOI3IUF,0.0,4.0,0.0,1.0,0.0,1.0,2
A214AXZWCBZLBO,0.0,5.0,0.0,1.0,1.0,1.0,1
A214DG8Y09M3W9,0.0,4.0,0.0,1.0,0.0,1.0,1
A214RF6HHFZ5R5,0.0,5.0,0.0,1.0,1.0,1.0,1
A21519P9B7ACHJ,0.0,5.0,0.0,1.0,1.0,1.0,1
A215SE0FJ3R2GI,0.0,5.0,0.0,1.0,1.0,1.0,1
A21623VNZ5H1YE,0.0,5.0,0.0,1.0,1.0,1.0,1
A2169QCESH3QDF,0.0,4.0,0.0,1.0,0.0,1.0,1
A2183499CPCTIA,0.0,5.0,0.0,1.0,1.0,1.0,1
A21A9F84S9AZIP,0.0,5.0,0.0,1.0,1.0,1.0,1
A21AOHWYUQ3QEY,0.0,3.0,0.0,1.0,0.0,0.0,2
A21AX7U9UNIV75,0.0,5.0,0.0,1.0,1.0,1.0,1
A21B8AV7E3MPXE,0.0,5.0,0.0,1.0,1.0,1.0,1
A21BPMOV9NV2DJ,0.0,4.0,0.0,1.0,0.0,1.0,1
A21BRJ72OZGU98,0.0,5.0,0.0,1.0,1.0,1.0,1
A21BX2V5UK4IPN,0.0,5.0,0.0,1.0,1.0,1.0,1
A21C8Y7YS25NI9,0.0,3.0,0.0,1.0,0.0,0.0,1
A21CJLXIU27CBK,0.0,5.0,0.0,1.0,1.0,1.0,1
A21CL3NXLUNU9E,0.0,4.0,0.0,1.0,0.0,1.0,1
A21EHWHI9XQY10,0.0,5.0,0.0,1.0,1.0,1.0,1
A21EW1CMBF5UKC,0.0,5.0,0.0,1.0,1.0,1.0,1
A21EXYTX5JWPAU,0.0,5.0,0.0,1.0,1.0,1.0,1
A21FX4X350687H,0.0,5.0,0.0,1.0,1.0,1.0,1
A21GJHZCME5BS,0.0,5.0,0.0,1.0,1.0,1.0,1
A21GNL0UCLB2SI,0.0,4.0,0.0,1.0,0.0,1.0,1
A21HD9LIRFID71,0.0,3.0,0.0,1.0,0.0,0.0,1
A21I0B69KHEWMD,0.0,5.0,0.0,1.0,1.0,1.0,1
A21IMS76KY1VPC,0.0,4.0,0.0,1.0,0.0,1.0,1
A21IOH964XF1AI,0.0,5.0,0.0,1.0,1.0,1.0,1
A21J0FB66EIBM9,0.0,5.0,0.0,1.0,1.0,1.0,1
A21L12NT10X25E,0.0,5.0,0.0,1.0,1.0,1.0,1
A21LAY2T4KERFL,0.0,4.0,0.0,1.0,0.0,1.0,1
A21M8JLOHG5Q6V,0.0,5.0,0.0,1.0,1.0,1.0,1
A21MJJDFBNUJ3L,0.0,5.0,0.0,1.0,1.0,1.0,1
A21ML571MPRGXC,0.0,4.0,0.0,1.0,0.0,1.0,1
A21NS06GDEA3V0,0.0,4.0,0.0,1.0,0.0,1.0,1
A21NY1BE30PD7J,0.0,5.0,0.0,1.0,1.0,1.0,1
A21O3NIG8WX0X4,0.0,5.0,0.0,1.0,1.0,1.0,1
A21O9932IN4OEW,0.0,5.0,0.0,1.0,1.0,1.0,1
A21OA8773GTIKD,0.0,5.0,0.0,1.0,1.0,1.0,1
A21OEH01WLWRF2,0.0,5.0,0.0,1.0,1.0,1.0,1
A21OS6PWQG5YOO,0.0,5.0,0.0,1.0,1.0,1.0,1
A21PJEIX2MIM1X,0.0,4.0,0.0,1.0,0.0,1.0,1
A21PY549E3M51S,0.0,5.0,0.0,1.0,1.0,1.0,1
A21Q1LBZP2671X,0.0,3.0,0.0,1.0,0.0,0.0,1
A21QMWC2TEC3N4,0.0,2.0,0.0,1.0,0.0,0.0,1
A21QQB0GM1B9BS,0.0,5.0,0.0,1.0,1.0,1.0,1
A21RO7OWHHHUOK,0.0,2.0,0.0,1.0,0.0,0.0,1
A21RU23FMI0XSS,0.0,4.0,0.0,1.0,0.0,1.0,1
A21SDYUVDLYATM,0.0,4.0,0.0,1.0,0.0,1.0,1
A21T321YCLK17C,0.0,1.0,0.0,1.0,0.0,0.0,1
A21TU2TDCOCDI,0.0,4.0,0.0,1.0,0.0,1.0,1
A21U4DR8M6I9QN,0.43067655807339306,4.5,0.7071067811865476,0.5693234419266069,0.5,1.0,2
A21UD8A89984GP,0.0,4.0,0.0,1.0,0.0,1.0,1
A21UXK2Q4138Q3,0.0,5.0,0.0,1.0,1.0,1.0,1
A21VM9WVF8EOSJ,0.0,4.0,0.0,1.0,0.0,1.0,1
A21VUD32OENHJE,0.0,5.0,0.0,1.0,1.0,1.0,1
A21WOB2CIZVMRX,0.0,5.0,0.0,1.0,1.0,1.0,1
A21WV6SJFB21AM,0.0,5.0,0.0,1.0,1.0,1.0,1
A21YJPHV31QQ92,0.0,4.0,0.0,1.0,0.0,1.0,1
A21YOY2I4CFF02,0.0,4.0,0.0,1.0,0.0,1.0,1
A21YQTAQRSGPNN,0.0,3.0,0.0,1.0,0.0,0.0,1
A21ZZUXAM2PUCA,0.39548848910372325,4.333333333333333,1.1547005383792517,0.6045115108962767,0.6666666666666666,0.6666666666666666,3
A220059NEEBEX7,0.0,5.0,0.0,1.0,1.0,1.0,1
A220WCFHHMV2X4,0.0,5.0,0.0,1.0,1.0,1.0,1
A2211XQCAX9TD4,0.0,5.0,0.0,1.0,1.0,1.0,1
A222VKIXTH31TZ,0.0,4.0,0.0,1.0,0.0,1.0,1
A2245J0YNO975U,0.0,5.0,0.0,1.0,1.0,1.0,1
A225F6Y9DTUEDM,0.0,4.0,0.0,1.0,0.0,1.0,1
A225G2TFM76GYX,0.0,5.0,0.0,1.0,1.0,1.0,1
A2265X68RLA8AD,0.0,3.0,0.0,1.0,0.0,0.0,1
A227BV4KDDDZHZ,0.0,5.0,0.0,1.0,1.0,1.0,1
A22870XFVVBHIJ,0.0,5.0,0.0,1.0,1.0,1.0,1
A228B35PGJ9S8I,0.0,5.0,0.0,1.0,1.0,1.0,1
A22966W52J34CH,0.0,5.0,0.0,1.0,1.0,1.0,1
A229KNRZM9URT,0.0,5.0,0.0,1.0,1.0,1.0,1
A22A28CW42M1M9,0.0,4.0,0.0,1.0,0.0,1.0,1
A22A3YXFDLPMFL,0.0,5.0,0.0,1.0,1.0,1.0,1
A22B72SJ9IDUQW,0.0,4.0,0.0,1.0,0.0,1.0,1
A22BPC7LRSGSYQ,0.43067655807339306,4.5,0.7071067811865476,0.5693234419266069,0.5,1.0,2
A22CGPNH63WDJZ,0.0,1.0,0.0,1.0,0.0,0.0,1
A22CW0ZHY3NJH8,0.0,5.0,0.0,1.0,1.0,1.0,1
A22DV4ZASA1MX3,0.0,5.0,0.0,1.0,1.0,1.0,1
A22ELKXGNSSWDQ,0.0,5.0,0.0,1.0,1.0,1.0,1
A22EP447IBQNB2,0.0,5.0,0.0,1.0,1.0,1.0,1
A22EUYXY2KQEKH,0.0,5.0,0.0,1.0,1.0,1.0,1
A22G1YTUVN14MN,0.0,5.0,0.0,1.0,1.0,1.0,1
A22G6CZZXS4MZ8,0.0,5.0,0.0,1.0,1.0,1.0,1
A22H8Y1J3EW2N8,0.0,1.0,0.0,1.0,0.0,0.0,2
A22HBQKBPEL4MF,0.0,4.0,0.0,1.0,0.0,1.0,1
A22IDP8YERZ79X,0.0,5.0,0.0,1.0,1.0,1.0,1
A22J6L1NSD0U5B,0.0,1.0,0.0,1.0,0.0,0.0,1
A22JNORZI4KPAP,0.0,5.0,0.0,1.0,1.0,1.0,1
A22K8OBJPM3FL5,0.0,3.0,0.0,1.0,0.0,0.0,1
A22KD7ATICQIPK,0.0,5.0,0.0,1.0,1.0,1.0,1
A22KNT28RO8DXL,0.0,5.0,0.0,1.0,1.0,1.0,1
A22KW5YWAI5YDO,0.0,4.0,0.0,1.0,0.0,1.0,1
A22LE2JAII1U84,0.39548848910372325,4.333333333333333,1.1547005383792515,0.6045115108962767,0.6666666666666666,0.6666666666666666,3
A22M88TMGIM65C,0.0,5.0,0.0,1.0,1.0,1.0,1
A22M9VM8S9YCZ6,0.0,5.0,0.0,1.0,1.0,1.0,1
A22MHWKRGV89RZ,0.0,4.0,0.0,1.0,0.0,1.0,1
A22MRNZZGWJXBC,0.0,5.0,0.0,1.0,1.0,1.0,1
A22NZFCXVF7Y51,0.0,2.0,0.0,1.0,0.0,0.0,1
A22P177ZFTOVMC,0.0,5.0,0.0,1.0,1.0,1.0,1
A22PNO62IYQ4WM,0.0,5.0,0.0,1.0,1.0,1.0,1
A22QIJY2CB21MV,0.39548848910372325,3.3333333333333335,1.1547005383792517,0.6045115108962767,0.0,0.6666666666666666,3
A22QKPZ2BV00NK,0.0,5.0,0.0,1.0,1.0,1.0,1
A22QLK442U2GP0,0.3493984702822971,4.0,2.0,0.6506015297177029,0.75,0.75,4
A22QTBGOS7C3FL,0.0,5.0,0.0,1.0,1.0,1.0,1
A22R9L5DAVYYWR,0.0,5.0,0.0,1.0,1.0,1.0,1
A22RW51298Z15M,0.0,5.0,0.0,1.0,1.0,1.0,1
A22RY8N8CNDF3A,0.0,2.0,0.0,1.0,0.0,0.0,1
A22TJPZOUI9DE1,0.0,5.0,0.0,1.0,1.0,1.0,1
A22UL4BXTSXSCB,0.0,4.0,0.0,1.0,0.0,1.0,1
A22V3DIEBWPRKW,0.0,5.0,0.0,1.0,1.0,1.0,2
A22VA25WNAMON7,0.0,5.0,0.0,1.0,1.0,1.0,1
A22VIIBDPVRNPZ,0.0,5.0,0.0,1.0,1.0,1.0,1
A22W4064FH1VHE,0.0,5.0,0.0,1.0,1.0,1.0,1
A22W70BE1TM55T,0.0,1.0,0.0,1.0,0.0,0.0,1
A22WMZMHRAR43Z,0.0,4.0,0.0,1.0,0.0,1.0,1
A22WODWOZKCO40,0.0,5.0,0.0,1.0,1.0,1.0,1
A22X8SXCBIY746,0.0,5.0,0.0,1.0,1.0,1.0,1
A22XH75Z0895RC,0.0,5.0,0.0,1.0,1.0,1.0,1
A22XTZPWSYJY8H,0.0,5.0,0.0,1.0,1.0,1.0,1
A22Y586YTVSY10,0.0,5.0,0.0,1.0,1.0,1.0,1
A22YUW6VX3I8PK,0.0,5.0,0.0,1.0,1.0,1.0,1
A22ZH10HU692PZ,0.0,5.0,0.0,1.0,1.0,1.0,1
A22ZZQG4FOCNCM,0.0,5.0,0.0,1.0,1.0,1.0,1
A230F2ZKGFGY8A,0.0,5.0,0.0,1.0,1.0,1.0,1
A230OZ6DNS1SWC,0.0,3.0,0.0,1.0,0.0,0.0,1
A230PPNNJYJ6HR,0.0,5.0,0.0,1.0,1.0,1.0,1
A231WM2Z2JL0U3,0.5109516254341075,4.565217391304348,0.7277666307098061,0.48904837456589245,0.6956521739130435,0.8695652173913043,23
A23205H9PLIOC0,0.0,5.0,0.0,1.0,1.0,1.0,1
A232X0D2CYSOG3,0.0,1.0,0.0,1.0,0.0,0.0,1
A233BX8N5692C6,0.0,5.0,0.0,1.0,1.0,1.0,1
A234GO3KZYKKTE,0.39548848910372325,4.333333333333333,1.1547005383792517,0.6045115108962767,0.6666666666666666,0.6666666666666666,3
A235UFZGCFN3J5,0.0,5.0,0.0,1.0,1.0,1.0,1
A236XRE6MLXPKY,0.0,5.0,0.0,1.0,1.0,1.0,1
A237680FOULTZ8,0.0,5.0,0.0,1.0,1.0,1.0,1
A2379RPKARK5IE,0.0,5.0,0.0,1.0,1.0,1.0,1
A238V1XTSK9NFE,0.43067655807339306,4.5,0.7071067811865476,0.5693234419266069,0.5,1.0,2
A238WA18BQAU8A,0.0,1.0,0.0,1.0,0.0,0.0,1
A23956TW9D1LTN,0.0,5.0,0.0,1.0,1.0,1.0,1
A2396ASCFP9L7F,0.0,5.0,0.0,1.0,1.0,1.0,2
A2399LYFEX2HV0,0.0,5.0,0.0,1.0,1.0,1.0,1
A239ON6G2S2E9E,0.0,5.0,0.0,1.0,1.0,1.0,2
A23A0SXUF6KKF3,0.0,5.0,0.0,1.0,1.0,1.0,1
A23A3FEXAMBOIJ,0.0,5.0,0.0,1.0,1.0,1.0,1
A23A7OH3AM0PDA,0.0,4.0,0.0,1.0,0.0,1.0,1
A23B499FWWOSAX,0.0,5.0,0.0,1.0,1.0,1.0,1
A23BXVNBGXQ33Y,0.0,4.0,0.0,1.0,0.0,1.0,1
A23C0R77ZP9Z84,0.0,3.0,0.0,1.0,0.0,0.0,1
A23C4KJDFH9TIK,0.0,5.0,0.0,1.0,1.0,1.0,1
A23CIS24TPIQZP,0.0,5.0,0.0,1.0,1.0,1.0,1
A23COTZ159C7E5,0.0,4.0,0.0,1.0,0.0,1.0,1
A23EMFB4JBX0P9,0.0,4.0,0.0,1.0,0.0,1.0,1
A23EN1JWF1RQ1N,0.0,5.0,0.0,1.0,1.0,1.0,1
A23GFTVIETX7DS,0.0,5.0,0.0,1.0,1.0,1.0,1
A23GNFDESFFY6C,0.0,5.0,0.0,1.0,1.0,1.0,1
A23GS2ACRISIER,0.0,5.0,0.0,1.0,1.0,1.0,2
A23JEB4NAIIH2P,0.0,5.0,0.0,1.0,1.0,1.0,1
A23JXBO3D3ELAA,0.0,5.0,0.0,1.0,1.0,1.0,1
A23K0A6DL5HQQ3,0.0,5.0,0.0,1.0,1.0,1.0,1
A23K7QXXKSZ8D2,0.0,5.0,0.0,1.0,1.0,1.0,1
A23KEN4HK5CBN3,0.0,5.0,0.0,1.0,1.0,1.0,1
A23KLGJ105C5LV,0.0,5.0,0.0,1.0,1.0,1.0,1
A23LF95HUEIGUR,0.0,4.0,0.0,1.0,0.0,1.0,1
A23LM7S0TPQSCZ,0.43067655807339306,3.0,1.4142135623730951,0.5693234419266069,0.0,0.5,2
A23M2D8GZPCWCV,0.0,5.0,0.0,1.0,1.0,1.0,2
A23MY68C1MAZVN,0.0,5.0,0.0,1.0,1.0,1.0,1
A23O5LZQT3VANF,0.0,4.0,0.0,1.0,0.0,1.0,1
A23O8T3LNL9YY8,0.0,5.0,0.0,1.0,1.0,1.0,1
A23ONMGKEWDG4M,0.0,5.0,0.0,1.0,1.0,1.0,1
A23P9INV8GRN48,0.43067655807339306,4.5,0.7071067811865476,0.5693234419266069,0.5,1.0,2
A23PCEL26412R1,0.0,4.0,0.0,1.0,0.0,1.0,1
A23Q32B7VTOXE9,0.0,5.0,0.0,1.0,1.0,1.0,4
A23QCWXEG3BJ9H,0.0,5.0,0.0,1.0,1.0,1.0,2
A23QTZE764PJNS,0.0,5.0,0.0,1.0,1.0,1.0,3
A23RCAS3DH5555,0.0,5.0,0.0,1.0,1.0,1.0,1
A23S2XCWFZM976,0.0,5.0,0.0,1.0,1.0,1.0,1
A23SB6VGGB9E8U,0.0,5.0,0.0,1.0,1.0,1.0,3
A23SRAOAAD81FF,0.0,5.0,0.0,1.0,1.0,1.0,1
A23UFEVSV8IBPQ,0.0,3.0,0.0,1.0,0.0,0.0,1
A23UX0TM93QIQZ,0.0,1.0,0.0,1.0,0.0,0.0,1
A23UZA419K52A9,0.0,5.0,0.0,1.0,1.0,1.0,1
A23VGBG17K5NJ3,0.0,3.0,0.0,1.0,0.0,0.0,1
A23W4SGMFMSE5N,0.0,3.0,0.0,1.0,0.0,0.0,1
A23XSCX5MNVTA3,0.0,5.0,0.0,1.0,1.0,1.0,1
A23Y94TEJPW8YP,0.0,5.0,0.0,1.0,1.0,1.0,1
A23YK4DYOYWI55,0.0,5.0,0.0,1.0,1.0,1.0,1
A23YS38RRW4YW6,0.0,4.0,0.0,1.0,0.0,1.0,1
A23ZO1BVFFLGHO,0.2167415674429225,4.888888888888889,0.33333333333333337,0.7832584325570775,0.8888888888888888,1.0,9
A23ZWJ9CS8OG30,0.0,4.0,0.0,1.0,0.0,1.0,1
A240E6DLMP5KEK,0.0,5.0,0.0,1.0,1.0,1.0,1
A240M3IVP8HR0L,0.0,4.0,0.0,1.0,0.0,1.0,1
A240MCV0HMI7VP,0.0,1.0,0.0,1.0,0.0,0.0,1
A2424YRQZO9LE0,0.0,5.0,0.0,1.0,1.0,1.0,1
A242NHKVYIYHHP,0.0,4.0,0.0,1.0,0.0,1.0,1
A243GF4FL8TW1X,0.0,4.0,0.0,1.0,0.0,1.0,1
A243HY69GIAHFI,0.8399106196306878,3.5714285714285716,1.2724180205607034,0.1600893803693122,0.2857142857142857,0.5714285714285714,7
A243PC8288DLU0,0.0,5.0,0.0,1.0,1.0,1.0,1
A244ASJUKMUGSI,0.0,5.0,0.0,1.0,1.0,1.0,1
A245C6II33C74U,0.0,5.0,0.0,1.0,1.0,1.0,1
A2462LPFBLFKT6,0.0,5.0,0.0,1.0,1.0,1.0,1
A246B0QH9QMNFW,0.0,5.0,0.0,1.0,1.0,1.0,1
A246IM7MP7YZ8K,0.0,5.0,0.0,1.0,1.0,1.0,2
A24820RRYFYLCO,0.0,5.0,0.0,1.0,1.0,1.0,1
A248LSBZT4P38V,0.39548848910372325,4.333333333333333,1.1547005383792517,0.6045115108962767,0.6666666666666666,0.6666666666666666,3
A248QWX79TFHAT,0.0,5.0,0.0,1.0,1.0,1.0,1
A249UW8K5A9JPB,0.0,4.0,0.0,1.0,0.0,1.0,1
A249W26VWPJ8DF,0.0,5.0,0.0,1.0,1.0,1.0,1
A24AB6DJ00YOJ6,0.0,5.0,0.0,1.0,1.0,1.0,1
A24ANAR5QTRBOO,0.0,5.0,0.0,1.0,1.0,1.0,1
A24B12OG6NW0WH,0.0,5.0,0.0,1.0,1.0,1.0,1
A24C863NNAPCLW,0.0,4.0,0.0,1.0,0.0,1.0,1
A24CLCP2DPE9ML,0.0,4.0,0.0,1.0,0.0,1.0,1
A24DDONNQLE0K,0.0,5.0,0.0,1.0,1.0,1.0,1
A24EAAKE63MTM0,0.0,5.0,0.0,1.0,1.0,1.0,1
A24ECQCIUKA2Y3,0.0,5.0,0.0,1.0,1.0,1.0,1
A24EV6RXELQZ63,0.0,1.0,0.0,1.0,0.0,0.0,1
A24F1UX8ZT5IXY,0.0,3.0,0.0,1.0,0.0,0.0,1
A24FAKTJVQKSA0,0.0,1.0,0.0,1.0,0.0,0.0,1
A24FQNZ2ZCP9UH,0.0,5.0,0.0,1.0,1.0,1.0,1
A24G8O1KZ911TW,0.0,5.0,0.0,1.0,1.0,1.0,1
A24HIIPOF1E2EJ,0.0,5.0,0.0,1.0,1.0,1.0,1
A24HNXH032I6ST,0.6826061944859853,3.3333333333333335,2.0816659994661326,0.31739380551401475,0.3333333333333333,0.6666666666666666,3
A24HQQ50SO3A0O,0.0,5.0,0.0,1.0,1.0,1.0,1
A24ICO449X5CE6,0.0,1.0,0.0,1.0,0.0,0.0,1
A24ILKC00ROWQM,0.0,5.0,0.0,1.0,1.0,1.0,1
A24IS1LEMFQF8C,0.0,4.0,0.0,1.0,0.0,1.0,1
A24KBB6X5URQ63,0.0,4.0,0.0,1.0,0.0,1.0,1
A24KEBS6DN87Q7,0.0,5.0,0.0,1.0,1.0,1.0,1
A24KM9R4RYUAG4,0.0,5.0,0.0,1.0,1.0,1.0,1
A24LLNKVW5NX8U,0.0,5.0,0.0,1.0,1.0,1.0,1
A24MX6O7YJGFBO,0.0,5.0,0.0,1.0,1.0,1.0,1
A24N1BAS3CU27H,0.0,4.0,0.0,1.0,0.0,1.0,1
A24NT6ZIGSJFWG,0.0,5.0,0.0,1.0,1.0,1.0,1
A24O7WFLDZG8EN,0.0,3.0,0.0,1.0,0.0,0.0,1
A24OHQK700QEIW,0.0,5.0,0.0,1.0,1.0,1.0,1
A24OJFC9EGH3KQ,0.0,4.0,0.0,1.0,0.0,1.0,1
A24P7YUPH9L5XU,0.0,5.0,0.0,1.0,1.0,1.0,1
A24P9F6NZ7I0EL,0.0,3.0,0.0,1.0,0.0,0.0,1
A24PTVSZSM8968,0.0,4.0,0.0,1.0,0.0,1.0,1
A24QCKJ232QM52,0.0,5.0,0.0,1.0,1.0,1.0,1
A24QH83RNAKZGR,0.0,3.0,0.0,1.0,0.0,0.0,1
A24QURRFX7F7YV,0.0,5.0,0.0,1.0,1.0,1.0,1
A24QX6M2GAHF0T,0.0,4.0,0.0,1.0,0.0,1.0,1
A24R30PNVRG4VG,0.0,5.0,0.0,1.0,1.0,1.0,1
A24RBKSMOOSPAB,0.0,4.0,0.0,1.0,0.0,1.0,1
A24RT6AVJXJZHF,0.0,5.0,0.0,1.0,1.0,1.0,1
A24S76CQYV9ONA,0.0,4.0,0.0,1.0,0.0,1.0,1
A24SCH81NLQW9A,0.43067655807339306,4.5,0.7071067811865476,0.5693234419266069,0.5,1.0,2
A24SDFQWN8HVAK,0.0,4.0,0.0,1.0,0.0,1.0,1
A24UIMLT48Z09O,0.0,1.0,0.0,1.0,0.0,0.0,1
A24V0SRCB8XBAC,0.0,5.0,0.0,1.0,1.0,1.0,1
A24VMHXIDF3ZTC,0.0,2.0,0.0,1.0,0.0,0.0,1
A24VVE3E7D4GVQ,0.39548848910372325,4.666666666666667,0.5773502691896257,0.6045115108962767,0.6666666666666666,1.0,3
A24WJXSXVNB9KF,0.0,5.0,0.0,1.0,1.0,1.0,1
A24WS0HVBX9D3L,0.0,5.0,0.0,1.0,1.0,1.0,1
A24X8P2TG2AR02,0.0,5.0,0.0,1.0,1.0,1.0,1
A24XFCZJKMAONS,0.0,4.0,0.0,1.0,0.0,1.0,1
A24XQKM79FYFV0,0.0,3.0,0.0,1.0,0.0,0.0,1
A24YVSD40AOB0U,0.0,1.0,0.0,1.0,0.0,0.0,1
A24ZVABN47L98A,0.0,4.0,0.0,1.0,0.0,1.0,1
A250AXLRBVYKB4,0.43067655807339306,3.0,2.8284271247461903,0.5693234419266069,0.5,0.5,2
A250YP5XTKH243,0.0,5.0,0.0,1.0,1.0,1.0,1
A2519QDPSKTSAV,0.0,5.0,0.0,1.0,1.0,1.0,1
A251DNCRYU6LQX,0.0,5.0,0.0,1.0,1.0,1.0,1
A253X5E4L0DM0W,0.0,5.0,0.0,1.0,1.0,1.0,1
A254AGEWJ5VRFI,0.0,5.0,0.0,1.0,1.0,1.0,1
A255MXZ2359C3Y,0.0,5.0,0.0,1.0,1.0,1.0,1
A256S0SNCGFKGC,0.0,1.0,0.0,1.0,0.0,0.0,1
A25789FH7X4BMI,0.0,5.0,0.0,1.0,1.0,1.0,1
A257GFB4MEE56X,0.0,5.0,0.0,1.0,1.0,1.0,1
A2582KMXLK2P06,0.0,5.0,0.0,1.0,1.0,1.0,1
A2583R6OPKM7CN,0.0,5.0,0.0,1.0,1.0,1.0,1
A258NDMTLH29RJ,0.0,5.0,0.0,1.0,1.0,1.0,1
A258SMAC3H58CO,0.0,5.0,0.0,1.0,1.0,1.0,2
A2598DC654IRTQ,0.0,5.0,0.0,1.0,1.0,1.0,1
A259MPG6SOL02P,0.39548848910372325,3.3333333333333335,0.5773502691896257,0.6045115108962767,0.0,0.3333333333333333,3
A25BHOP1LA4XDA,0.0,5.0,0.0,1.0,1.0,1.0,1
A25C1PGDWZ5G3V,0.43067655807339306,3.5,0.7071067811865476,0.5693234419266069,0.0,0.5,2
A25D7KKZFL2PH0,0.0,4.0,0.0,1.0,0.0,1.0,1
A25DV2T1HW6WTR,0.0,5.0,0.0,1.0,1.0,1.0,1
A25E3UVEKH8D5,0.0,5.0,0.0,1.0,1.0,1.0,1
A25E8V5JMW43RY,0.0,5.0,0.0,1.0,1.0,1.0,3
A25EGTGMF8V06Y,0.0,5.0,0.0,1.0,1.0,1.0,1
A25F2NO8JVV7WI,0.0,5.0,0.0,1.0,1.0,1.0,1
A25FD86NG19ICC,0.0,5.0,0.0,1.0,1.0,1.0,1
A25GCAD2QGXD55,0.0,4.0,0.0,1.0,0.0,1.0,1
A25HBO5V8S8SEA,0.0,5.0,0.0,1.0,1.0,1.0,2
A25K6D8IF14MW2,0.0,5.0,0.0,1.0,1.0,1.0,1
A25KDAMREZ38KJ,0.0,2.0,0.0,1.0,0.0,0.0,1
A25KZDHFZKWC4V,0.0,1.0,0.0,1.0,0.0,0.0,1
A25M2X8KHSS2NC,0.0,2.0,0.0,1.0,0.0,0.0,1
A25MMGY5LQ9R8J,0.0,5.0,0.0,1.0,1.0,1.0,1
A25PBJDH4ZRJFQ,0.0,4.0,0.0,1.0,0.0,1.0,1
A25PJ0QJ61SC80,0.0,5.0,0.0,1.0,1.0,1.0,1
A25PM9JGHPU8EI,0.0,5.0,0.0,1.0,1.0,1.0,1
A25Q4C2UDIOPXC,0.0,5.0,0.0,1.0,1.0,1.0,1
A25QCRZEUCKW35,0.0,5.0,0.0,1.0,1.0,1.0,1
A25QM6LQRU4BO,0.0,3.0,0.0,1.0,0.0,0.0,1
A25QY9B9W2FQCF,0.0,2.0,0.0,1.0,0.0,0.0,1
A25RR4OLL774IK,0.0,3.0,0.0,1.0,0.0,0.0,1
A25RTRAPQAJBDJ,0.0,5.0,0.0,1.0,1.0,1.0,1
A25SDTIJI2EFPG,0.0,5.0,0.0,1.0,1.0,1.0,1
A25SJLO22V5GXO,0.0,5.0,0.0,1.0,1.0,1.0,1
A25SMO52DJBB1Y,0.0,5.0,0.0,1.0,1.0,1.0,1
A25SPTJVZ8DT1Z,0.0,5.0,0.0,1.0,1.0,1.0,1
A25TFVJ6B9U1NU,0.0,5.0,0.0,1.0,1.0,1.0,1
A25TM6Q7ROIR0Y,0.0,5.0,0.0,1.0,1.0,1.0,1
A25UHHZKAFJ563,0.0,5.0,0.0,1.0,1.0,1.0,1
A25UNN91ZTFZX7,0.0,1.0,0.0,1.0,0.0,0.0,1
A25UWYG38UIHF6,0.0,3.0,0.0,1.0,0.0,0.0,1
A25UZ1X4MF9C8L,0.0,5.0,0.0,1.0,1.0,1.0,1
A25V0QNH29GCX4,0.0,5.0,0.0,1.0,1.0,1.0,1
A25X0R6758CLWJ,0.0,5.0,0.0,1.0,1.0,1.0,1
A25X6171VCSJQH,0.0,4.0,0.0,1.0,0.0,1.0,1
A25YWG8NC0DKGH,0.0,5.0,0.0,1.0,1.0,1.0,1
A25ZRQBJFOIQNA,0.0,2.0,0.0,1.0,0.0,0.0,1
A260ZC4PRM3Z7V,0.0,4.0,0.0,1.0,0.0,1.0,1
A261321MIS0YPB,0.0,4.0,0.0,1.0,0.0,1.0,1
A2620FU6M0WOXM,0.0,1.0,0.0,1.0,0.0,0.0,1
A262G6Q4J29VPD,0.0,5.0,0.0,1.0,1.0,1.0,1
A263ACJCNTURTL,0.0,5.0,0.0,1.0,1.0,1.0,1
A2641PDNZ2GV33,0.0,3.0,0.0,1.0,0.0,0.0,1
A264DG2U0C0BYH,0.0,2.0,0.0,1.0,0.0,0.0,1
A264KSWO7ADT2W,0.0,5.0,0.0,1.0,1.0,1.0,1
A265AV8CSQZRRW,0.0,5.0,0.0,1.0,1.0,1.0,1
A265ELQ8QCGJZ1,0.0,5.0,0.0,1.0,1.0,1.0,1
A265S153QJNV70,0.0,5.0,0.0,1.0,1.0,1.0,1
A26624KSJ3FBMZ,0.0,4.0,0.0,1.0,0.0,1.0,1
A266AKA2T51O0C,0.0,5.0,0.0,1.0,1.0,1.0,1
A266PY9OPJHHQW,0.0,5.0,0.0,1.0,1.0,1.0,1
A2682BOZU0ZTCF,0.0,5.0,0.0,1.0,1.0,1.0,1
A2683OJ85CLWFA,0.0,5.0,0.0,1.0,1.0,1.0,1
A268WAQS5WNMGJ,0.0,4.0,0.0,1.0,0.0,1.0,1
A2690TEJA2N778,0.0,5.0,0.0,1.0,1.0,1.0,1
A26AY1BPGZ50AG,0.0,4.0,0.0,1.0,0.0,1.0,1
A26BM4G76GAPCM,0.0,4.0,0.0,1.0,0.0,1.0,1
A26BZ1I78GIPUK,0.0,5.0,0.0,1.0,1.0,1.0,1
A26D3NDNGDLIC4,0.43067655807339306,3.5,0.5773502691896257,0.5693234419266069,0.0,0.5,4
A26FYKG5LAHRUH,0.6826061944859853,3.3333333333333335,2.0816659994661326,0.31739380551401475,0.3333333333333333,0.6666666666666666,3
A26HC0DYVSVNUS,0.0,5.0,0.0,1.0,1.0,1.0,1
A26IJ5PCZRI3V3,0.0,5.0,0.0,1.0,1.0,1.0,1
A26KXNN6H1IL0I,0.0,5.0,0.0,1.0,1.0,1.0,1
A26QCCO0101CO1,0.0,5.0,0.0,1.0,1.0,1.0,1
A26QL0T3E7MOAE,0.0,5.0,0.0,1.0,1.0,1.0,1
A26SCAZO579H8K,0.0,5.0,0.0,1.0,1.0,1.0,1
A26SDXLH2076YY,0.0,3.0,0.0,1.0,0.0,0.0,1
A26U6HU35KBSWV,0.0,2.0,0.0,1.0,0.0,0.0,1
A26UGCSD0QA6FC,0.0,5.0,0.0,1.0,1.0,1.0,1
A26UZ7UQWAHAVJ,0.0,5.0,0.0,1.0,1.0,1.0,1
A26W0ZWPNVKDPY,0.0,5.0,0.0,1.0,1.0,1.0,1
A26W5C2OC26ZXI,0.0,5.0,0.0,1.0,1.0,1.0,1
A26WI0BMA91S32,0.0,5.0,0.0,1.0,1.0,1.0,1
A26X7W5UM5QFT4,0.0,4.0,0.0,1.0,0.0,1.0,1
A26XK9WTQOWCV,0.0,3.0,0.0,1.0,0.0,0.0,1
A26Y3GDR2X0V6V,0.43067655807339306,4.5,0.7071067811865476,0.5693234419266069,0.5,1.0,2
A26YO5A2Y8EBEG,0.0,4.0,0.0,1.0,0.0,1.0,1
A270124TENJ78B,0.0,4.0,0.0,1.0,0.0,1.0,1
A270443KWP6PER,0.0,5.0,0.0,1.0,1.0,1.0,1
A27181AF6YYMRF,0.0,5.0,0.0,1.0,1.0,1.0,1
A271VNQZ9NCM42,0.0,4.0,0.0,1.0,0.0,1.0,1
A2725N1VSUMBIQ,0.0,5.0,0.0,1.0,1.0,1.0,1
A272JDNEVXGADX,0.0,5.0,0.0,1.0,1.0,1.0,1
A272Y6VXIMOKSF,0.0,4.0,0.0,1.0,0.0,1.0,1
A273WV7N5H7D5B,0.0,5.0,0.0,1.0,1.0,1.0,1
A2749BTS2KRMVH,0.0,2.0,0.0,1.0,0.0,0.0,1
A274MXTX3DYLUV,0.0,3.0,0.0,1.0,0.0,0.0,1
A2756CRIGV5V7T,0.0,5.0,0.0,1.0,1.0,1.0,1
A2759PRDPCNGXF,0.0,5.0,0.0,1.0,1.0,1.0,1
A275POKNNSDTC4,0.0,3.0,0.0,1.0,0.0,0.0,1
A277GN3987433U,0.0,4.0,0.0,1.0,0.0,1.0,1
A277VC5WJ818NY,0.0,4.0,0.0,1.0,0.0,1.0,1
A279M2SJNQDWM7,0.0,5.0,0.0,1.0,1.0,1.0,1
A27A10YC94A9G2,0.0,5.0,0.0,1.0,1.0,1.0,1
A27BPKU7ZJ3NOO,0.0,5.0,0.0,1.0,1.0,1.0,1
A27C68294LPSDE,0.0,5.0,0.0,1.0,1.0,1.0,1
A27DHWJ275D678,0.0,4.0,0.0,1.0,0.0,1.0,1
A27DUWMSKPPGLT,0.0,5.0,0.0,1.0,1.0,1.0,1
A27EXUP9VDZ5FV,0.0,5.0,0.0,1.0,1.0,1.0,1
A27F7B3PXZ0RVE,0.0,5.0,0.0,1.0,1.0,1.0,1
A27FPKOKRNWKJM,0.0,5.0,0.0,1.0,1.0,1.0,1
A27HJKSWIJZ131,0.0,5.0,0.0,1.0,1.0,1.0,1
A27HLTDITCL1O8,0.0,1.0,0.0,1.0,0.0,0.0,1
A27IPICV6MUXIE,0.0,3.0,0.0,1.0,0.0,0.0,1
A27K5RT7VDB7BU,0.0,3.0,0.0,1.0,0.0,0.0,1
A27K80SBJQQQDS,0.0,4.0,0.0,1.0,0.0,1.0,1
A27KTLDSBWXNED,0.0,4.0,0.0,1.0,0.0,1.0,1
A27L67S8O0TU0A,0.0,5.0,0.0,1.0,1.0,1.0,1
A27LEONMJN31DW,0.0,5.0,0.0,1.0,1.0,1.0,1
A27LYK37L6L37M,0.0,5.0,0.0,1.0,1.0,1.0,1
A27MW1FQ52O87S,0.0,5.0,0.0,1.0,1.0,1.0,1
A27N36BPXB2EKB,0.0,3.0,0.0,1.0,0.0,0.0,1
A27NKDSY5J9MEB,0.0,5.0,0.0,1.0,1.0,1.0,1
A27NNZQQWWXW4P,0.0,4.0,0.0,1.0,0.0,1.0,1
A27OMVFGJXH1VB,0.0,5.0,0.0,1.0,1.0,1.0,1
A27PF7CJPO7AH,0.0,5.0,0.0,1.0,1.0,1.0,1
A27POUEZJP2IDM,0.0,3.0,0.0,1.0,0.0,0.0,1
A27PQJHUSWNZZ0,0.0,5.0,0.0,1.0,1.0,1.0,1
A27QB80ZPR6SWR,0.0,5.0,0.0,1.0,1.0,1.0,1
A27QJSPXDC0982,0.0,4.0,0.0,1.0,0.0,1.0,1
A27R1FLUS2KTIX,0.0,5.0,0.0,1.0,1.0,1.0,1
A27R1GTG9L16K3,0.0,5.0,0.0,1.0,1.0,1.0,1
A27S55KYD5LCAT,0.0,5.0,0.0,1.0,1.0,1.0,1
A27T9BZ9WP57BY,0.0,5.0,0.0,1.0,1.0,1.0,1
A27TQB8CIV25OX,0.0,4.0,0.0,1.0,0.0,1.0,1
A27VKG07JIMZVT,0.0,3.0,0.0,1.0,0.0,0.0,1
A27WE8BLO92HGW,0.0,1.0,0.0,1.0,0.0,0.0,1
A27WR1MUJH2RNP,0.0,5.0,0.0,1.0,1.0,1.0,1
A27X48PMUGK6U4,0.0,5.0,0.0,1.0,1.0,1.0,1
A27XULAA9X5ZGQ,0.0,5.0,0.0,1.0,1.0,1.0,1
A27Y4OEC9MD9PA,0.0,5.0,0.0,1.0,1.0,1.0,1
A27YPCR3ZXWVFE,0.0,5.0,0.0,1.0,1.0,1.0,1
A27ZSW3DO2RR5W,0.0,5.0,0.0,1.0,1.0,1.0,1
A280GXBY1EV2TL,0.0,5.0,0.0,1.0,1.0,1.0,1
A280Z5W5NYT9B9,0.43067655807339306,4.5,0.7071067811865476,0.5693234419266069,0.5,1.0,2
A2812T15HPAR06,0.0,5.0,0.0,1.0,1.0,1.0,1
A282XABZ9J36WT,0.0,5.0,0.0,1.0,1.0,1.0,1
A283A424XAZCGX,0.0,4.0,0.0,1.0,0.0,1.0,1
A284J4XHAKPYM6,0.0,5.0,0.0,1.0,1.0,1.0,1
A284KBVQ4OSZR,0.0,5.0,0.0,1.0,1.0,1.0,1
A2859C020TGTJV,0.0,5.0,0.0,1.0,1.0,1.0,1
A28621TSIR5EOG,0.0,5.0,0.0,1.0,1.0,1.0,1
A286412C4WR3J9,0.0,5.0,0.0,1.0,1.0,1.0,1
A2865Q3GBNDKFV,0.0,5.0,0.0,1.0,1.0,1.0,1
A2886U6R12OVNQ,0.43067655807339306,4.5,0.7071067811865476,0.5693234419266069,0.5,1.0,2
A288QFC30VQKN2,0.43067655807339306,3.5,0.7071067811865476,0.5693234419266069,0.0,0.5,2
A28A0A6EDMP5P8,0.0,1.0,0.0,1.0,0.0,0.0,1
A28B1DZ3CLMCYI,0.0,4.0,0.0,1.0,0.0,1.0,1
A28CAQRAIZ1UWU,0.0,5.0,0.0,1.0,1.0,1.0,1
A28CDVITG60706,0.0,5.0,0.0,1.0,1.0,1.0,1
A28DFWTBTUDAJJ,0.0,5.0,0.0,1.0,1.0,1.0,1
A28DUP3ZYFS6NH,0.0,5.0,0.0,1.0,1.0,1.0,1
A28ESDJPORMVEY,0.0,5.0,0.0,1.0,1.0,1.0,1
A28ESPSP0O6LUM,0.0,5.0,0.0,1.0,1.0,1.0,1
A28EZVGVWMQ071,0.0,5.0,0.0,1.0,1.0,1.0,1
A28FSKNDEGW9EM,0.0,5.0,0.0,1.0,1.0,1.0,1
A28GOYAWYITYYJ,0.0,5.0,0.0,1.0,1.0,1.0,1
A28GT8K15D0LIS,0.0,2.0,0.0,1.0,0.0,0.0,1
A28IAZZI0SNRMW,0.0,5.0,0.0,1.0,1.0,1.0,1
A28ICNCNINMC7Q,0.0,4.0,0.0,1.0,0.0,1.0,1
A28IK37GNGUDUX,0.0,5.0,0.0,1.0,1.0,1.0,1
A28J0LAHKSFTQI,0.0,5.0,0.0,1.0,1.0,1.0,1
A28J56XSN1YQL4,0.0,4.0,0.0,1.0,0.0,1.0,1
A28JDCKBEDSI1D,0.0,3.0,0.0,1.0,0.0,0.0,1
A28KIQ00R1B50X,0.0,2.0,0.0,1.0,0.0,0.0,1
A28LI4KXSRSVLY,0.0,5.0,0.0,1.0,1.0,1.0,1
A28LUBH5ZQBPIP,0.0,5.0,0.0,1.0,1.0,1.0,1
A28LXIZQOEQ6KY,0.0,5.0,0.0,1.0,1.0,1.0,1
A28M7EFC3YLY3F,0.43067655807339306,4.0,1.4142135623730951,0.5693234419266069,0.5,0.5,2
A28MT6UWXNPW8P,0.0,2.0,0.0,1.0,0.0,0.0,1
A28NNY8RA9EVW1,0.0,5.0,0.0,1.0,1.0,1.0,1
A28ORIA0YWRKEK,0.43067655807339306,4.5,0.7071067811865476,0.5693234419266069,0.5,1.0,2
A28OZBLQKKYGOR,0.0,4.0,0.0,1.0,0.0,1.0,2
A28Q0JA9H8WZOD,0.0,5.0,0.0,1.0,1.0,1.0,2
A28QRX1HWDLNL1,0.0,5.0,0.0,1.0,1.0,1.0,1
A28RVT20CEXA8B,0.0,4.0,0.0,1.0,0.0,1.0,1
A28TEYUOFXAJCK,0.0,5.0,0.0,1.0,1.0,1.0,1
A28TVBEH7FWGPC,0.0,5.0,0.0,1.0,1.0,1.0,1
A28UJ5KGAMD9HH,0.0,3.0,0.0,1.0,0.0,0.0,1
A28V3C26BYK04D,0.0,5.0,0.0,1.0,1.0,1.0,1
A28X0LT2100RL1,0.43067655807339306,3.5,2.1213203435596424,0.5693234419266069,0.5,0.5,2
A28X7NZ02016FO,0.0,5.0,0.0,1.0,1.0,1.0,2
A28XLRMDS3C0P,0.0,5.0,0.0,1.0,1.0,1.0,1
A28Y1YD0QK88M5,0.0,5.0,0.0,1.0,1.0,1.0,1
A28Y587UOB6VCS,0.0,5.0,0.0,1.0,1.0,1.0,1
A28YEO2J0XTA41,0.0,4.0,0.0,1.0,0.0,1.0,1
A28YUFBI33QZ28,0.0,5.0,0.0,1.0,1.0,1.0,1
A28ZNQA9A9VZNQ,0.0,5.0,0.0,1.0,1.0,1.0,1
A28ZZVJQDTXKLA,0.0,5.0,0.0,1.0,1.0,1.0,1
A2909VBH8409LU,0.0,4.0,0.0,1.0,0.0,1.0,1
A290P12SRG78VQ,0.43067655807339306,2.5,2.1213203435596424,0.5693234419266069,0.0,0.5,2
A290RDSYTFRU7J,0.0,5.0,0.0,1.0,1.0,1.0,1
A290XSFY4NQDJQ,0.0,4.0,0.0,1.0,0.0,1.0,1
A291IOKN3QEQNQ,0.0,5.0,0.0,1.0,1.0,1.0,2
A291XTI6NO7DEG,0.0,5.0,0.0,1.0,1.0,1.0,1
A294CSQXGL76CV,0.0,2.0,0.0,1.0,0.0,0.0,1
A2959OYCZX0D4Y,0.0,5.0,0.0,1.0,1.0,1.0,1
A296QHS9BLVFLH,0.0,2.0,0.0,1.0,0.0,0.0,1
A297R44X7WEQ8T,0.0,1.0,0.0,1.0,0.0,0.0,1
A2989GGNNTCGZU,0.0,5.0,0.0,1.0,1.0,1.0,1
A298COFUERZQWL,0.0,1.0,0.0,1.0,0.0,0.0,1
A298GL2D0BHGKZ,0.0,5.0,0.0,1.0,1.0,1.0,1
A298Q3B5R3X54L,0.0,5.0,0.0,1.0,1.0,1.0,1
A299PV3CRFH3C5,0.0,3.0,0.0,1.0,0.0,0.0,1
A299WE3SXXMRTD,0.0,5.0,0.0,1.0,1.0,1.0,1
A29BDFO26ZEITL,0.0,3.0,0.0,1.0,0.0,0.0,1
A29BHRFANZXQ3C,0.0,5.0,0.0,1.0,1.0,1.0,1
A29C2DK1SF1GI4,0.0,5.0,0.0,1.0,1.0,1.0,1
A29CIMCVNUZQ8B,0.0,5.0,0.0,1.0,1.0,1.0,1
A29CT3MXKBWVQ6,0.0,4.0,0.0,1.0,0.0,1.0,1
A29EGA8RIDPUJ1,0.0,4.0,0.0,1.0,0.0,1.0,1
A29ELZ0R2VXILG,0.0,5.0,0.0,1.0,1.0,1.0,1
A29G75YOG3SOW2,0.43067655807339306,4.0,1.4142135623730951,0.5693234419266069,0.5,0.5,2
A29GDAD8IAEOKT,0.0,5.0,0.0,1.0,1.0,1.0,1
A29GQ42XFJQDI8,0.0,4.0,0.0,1.0,0.0,1.0,1
A29GWIJL72GXXZ,0.0,4.0,0.0,1.0,0.0,1.0,1
A29HDY49CQDCWG,0.0,5.0,0.0,1.0,1.0,1.0,1
A29HHD1M6QPCWX,0.0,5.0,0.0,1.0,1.0,1.0,1
A29IE483D5HY5R,0.0,3.0,0.0,1.0,0.0,0.0,1
A29KEBGOFM7WP3,0.0,5.0,0.0,1.0,1.0,1.0,2
A29LNXUJP5ANAL,0.0,5.0,0.0,1.0,1.0,1.0,1
A29N6KX6PCN26H,0.0,5.0,0.0,1.0,1.0,1.0,1
A29N9FVO6L2IGO,0.0,4.0,0.0,1.0,0.0,1.0,1
A29O2CYBUENAB1,0.0,5.0,0.0,1.0,1.0,1.0,1
A29P1GQGK08W6Z,0.0,5.0,0.0,1.0,1.0,1.0,1
A29P65DEEZIEB0,0.0,5.0,0.0,1.0,1.0,1.0,1
A29PAGCYHOJN4A,0.0,5.0,0.0,1.0,1.0,1.0,1
A29PQH8RIUG4KZ,0.6460148371100896,4.25,0.9574271077563381,0.35398516288991044,0.5,0.75,4
A29Q4R53TBNAYR,0.0,3.0,0.0,1.0,0.0,0.0,1
A29QYVLSXFQ9HB,0.0,5.0,0.0,1.0,1.0,1.0,1
A29R3O02O0PON4,0.0,3.0,0.0,1.0,0.0,0.0,1
A29S1MTFU2DJMW,0.0,1.0,0.0,1.0,0.0,0.0,1
A29S8I5VT9TKZA,0.0,5.0,0.0,1.0,1.0,1.0,1
A29SZ81DMZAYC5,0.0,1.0,0.0,1.0,0.0,0.0,1
A29UCTPWD0NNHQ,0.0,3.0,0.0,1.0,0.0,0.0,1
A29UH663BZ88D9,0.0,3.0,0.0,1.0,0.0,0.0,1
A29UNXK7F3S93L,0.0,5.0,0.0,1.0,1.0,1.0,1
A29VGSEOXFSJC4,0.0,5.0,0.0,1.0,1.0,1.0,1
A29VR9CPO02WV3,0.0,4.0,0.0,1.0,0.0,1.0,1
A29WPOE56CCG1X,0.0,1.0,0.0,1.0,0.0,0.0,1
A29WUMT65XEQE9,0.0,5.0,0.0,1.0,1.0,1.0,1
A29XK5H3AA5S01,0.0,5.0,0.0,1.0,1.0,1.0,2
A29XKP2TLNL7V,0.0,5.0,0.0,1.0,1.0,1.0,1
A29XOCWBBZCUI0,0.0,5.0,0.0,1.0,1.0,1.0,1
A29Y0RIJ23SDQW,0.43067655807339306,4.5,0.7071067811865476,0.5693234419266069,0.5,1.0,2
A29YS5OVDXOJVL,0.0,5.0,0.0,1.0,1.0,1.0,1
A29Z8U6PQ4231Z,0.0,5.0,0.0,1.0,1.0,1.0,1
A29ZO7EB4NTC07,0.0,4.0,0.0,1.0,0.0,1.0,1
A2A039TZMZHH9Y,0.0,4.0,0.0,1.0,0.0,1.0,1
A2A0HREDAG2QIC,0.0,5.0,0.0,1.0,1.0,1.0,1
A2A0XAOI0QSETY,0.0,4.0,0.0,1.0,0.0,1.0,1
A2A1CFL4A83Q20,0.0,5.0,0.0,1.0,1.0,1.0,1
A2A1LYCNNE9WES,0.0,5.0,0.0,1.0,1.0,1.0,1
A2A1RBR2MG7LHY,0.0,5.0,0.0,1.0,1.0,1.0,1
A2A26KED39175E,0.0,2.0,0.0,1.0,0.0,0.0,1
A2A28DJDS6LEHP,0.0,1.0,0.0,1.0,0.0,0.0,1
A2A2JYDOR6GJ3E,0.0,2.0,0.0,1.0,0.0,0.0,1
A2A2M8EGBY2FV0,0.0,4.0,0.0,1.0,0.0,1.0,1
A2A2STSMRHC225,0.0,5.0,0.0,1.0,1.0,1.0,1
A2A3B0JX2JRS6S,0.0,5.0,0.0,1.0,1.0,1.0,2
A2A3BLPBHISRZ4,0.0,1.0,0.0,1.0,0.0,0.0,1
A2A3HDJXDN8W47,0.0,1.0,0.0,1.0,0.0,0.0,1
A2A3HQJM4VQGBL,0.0,5.0,0.0,1.0,1.0,1.0,1
A2A817AADURYEF,0.43067655807339306,4.5,0.7071067811865476,0.5693234419266069,0.5,1.0,2
A2A973NYYQYPQS,0.0,5.0,0.0,1.0,1.0,1.0,1
A2A9X58G2GTBLP,0.0,3.0,0.0,1.0,0.0,0.0,1
A2A9ZF3KYXL5D0,0.0,5.0,0.0,1.0,1.0,1.0,1
A2AA9EL5OTG0T5,0.0,5.0,0.0,1.0,1.0,1.0,3
A2AAB4Y69I91Y0,0.0,3.0,0.0,1.0,0.0,0.0,1
A2AAN5OO6QZ905,0.0,1.0,0.0,1.0,0.0,0.0,1
A2ABALJP4ZTH4P,0.0,5.0,0.0,1.0,1.0,1.0,1
A2AD9V438DGUYU,0.0,4.0,0.0,1.0,0.0,1.0,1
A2ADK1Y7WSPSGP,0.0,5.0,0.0,1.0,1.0,1.0,1
A2ADXHHQWZ630U,0.0,2.0,0.0,1.0,0.0,0.0,1
A2AEG2K27AHN95,0.0,4.0,0.0,1.0,0.0,1.0,1
A2AEZQ3DGBBLPR,0.6460148371100896,3.0,1.4142135623730951,0.35398516288991044,0.0,0.5,4
A2AF0NOCM71J0B,0.0,5.0,0.0,1.0,1.0,1.0,1
A2AFGNDUPNWVSN,0.0,5.0,0.0,1.0,1.0,1.0,1
A2AFT2VCH2S01B,0.6460148371100896,4.25,0.9574271077563381,0.35398516288991044,0.5,0.75,4
A2AFZNODU90LOV,0.0,5.0,0.0,1.0,1.0,1.0,1
A2AG8VKBKJY40R,0.0,5.0,0.0,1.0,1.0,1.0,1
A2AGGWPJZODA0A,0.0,1.0,0.0,1.0,0.0,0.0,1
A2AIDS3RG8GKWW,0.0,5.0,0.0,1.0,1.0,1.0,2
A2AJ77KV1AA7T0,0.0,5.0,0.0,1.0,1.0,1.0,1
A2AK9QCWJ7PJHV,0.0,5.0,0.0,1.0,1.0,1.0,1
A2ALCI2BU43KTU,0.0,5.0,0.0,1.0,1.0,1.0,1
A2AM9IPXQKNO8L,0.0,4.0,0.0,1.0,0.0,1.0,1
A2ANICQ82D7RJV,0.0,5.0,0.0,1.0,1.0,1.0,1
A2ANKYHOZSYZ4Q,0.0,5.0,0.0,1.0,1.0,1.0,1
A2AO270D2JMUK9,0.0,2.0,0.0,1.0,0.0,0.0,1
A2AOB5EFWI6SI7,0.0,4.0,0.0,1.0,0.0,1.0,1
A2AOZQ3WTNVVOK,0.0,5.0,0.0,1.0,1.0,1.0,1
A2AP059CCLBWPU,0.0,5.0,0.0,1.0,1.0,1.0,1
A2AQC0GK90K9WX,0.0,4.0,0.0,1.0,0.0,1.0,1
A2AQK72ZFPKQJI,0.0,5.0,0.0,1.0,1.0,1.0,1
A2AS9PYAJYXQW2,0.0,5.0,0.0,1.0,1.0,1.0,1
A2ASJCZAYXEK0J,0.0,5.0,0.0,1.0,1.0,1.0,1
A2ASW6L6IEKU5L,0.0,5.0,0.0,1.0,1.0,1.0,1
A2ATP6ZTCPX1QX,0.0,1.0,0.0,1.0,0.0,0.0,1
A2AU3BJPWB4TT8,0.0,5.0,0.0,1.0,1.0,1.0,1
A2AVX8HN2XX0WQ,0.0,5.0,0.0,1.0,1.0,1.0,1
A2AWJVTRURCGX3,0.0,5.0,0.0,1.0,1.0,1.0,1
A2AWP1RAJ2GOGE,0.0,5.0,0.0,1.0,1.0,1.0,1
A2AXDNZG8JIVAW,0.0,5.0,0.0,1.0,1.0,1.0,1
A2AZTRF410E765,0.0,2.0,0.0,1.0,0.0,0.0,1
A2AZWCITJKQMWA,0.0,1.0,0.0,1.0,0.0,0.0,1
A2B0HYERQR96HI,0.0,5.0,0.0,1.0,1.0,1.0,1
A2B1OJ22IYM3NR,0.0,3.0,0.0,1.0,0.0,0.0,1
A2B201HPHQVX3V,0.0,5.0,0.0,1.0,1.0,1.0,1
A2B37JAQUAZ29N,0.0,5.0,0.0,1.0,1.0,1.0,1
A2B3QTNPR6EFDO,0.0,3.0,0.0,1.0,0.0,0.0,1
A2B40QQALLN0I2,0.0,1.0,0.0,1.0,0.0,0.0,1
A2B54000WDS6D2,0.0,3.0,0.0,1.0,0.0,0.0,1
A2B5F8N1BO2CQA,0.0,5.0,0.0,1.0,1.0,1.0,2
A2B7BUH8834Y6M,0.6554587535412857,4.0,1.224744871391589,0.3445412464587143,0.4,0.8,5
A2B7R69TZSJA8C,0.0,4.0,0.0,1.0,0.0,1.0,1
A2B7WSIBZIC2F5,0.0,4.0,0.0,1.0,0.0,1.0,1
A2B8GN9RVQ0EFA,0.0,5.0,0.0,1.0,1.0,1.0,1
A2B9AYXPRI38IV,0.0,5.0,0.0,1.0,1.0,1.0,1
A2BAKWNFT9N7L5,0.0,5.0,0.0,1.0,1.0,1.0,2
A2BB4DGBRVGKWW,0.0,2.0,0.0,1.0,0.0,0.0,1
A2BBN72TP5QOPK,0.0,3.0,0.0,1.0,0.0,0.0,1
A2BBUA32IHWXB1,0.0,4.0,0.0,1.0,0.0,1.0,1
A2BBZGVLEGIAVN,0.0,4.0,0.0,1.0,0.0,1.0,1
A2BCB516A8HV6K,0.0,5.0,0.0,1.0,1.0,1.0,1
A2BCDZO1XQLDH,0.0,5.0,0.0,1.0,1.0,1.0,1
A2BCV9V0BLJ7RI,0.0,5.0,0.0,1.0,1.0,1.0,1
A2BD5KVPI6CSPU,0.0,1.0,0.0,1.0,0.0,0.0,1
A2BDQ38RNRXIRQ,0.0,5.0,0.0,1.0,1.0,1.0,1
A2BDT8C8FGPNF4,0.0,5.0,0.0,1.0,1.0,1.0,1
A2BE471PVBBG6Z,0.0,5.0,0.0,1.0,1.0,1.0,1
A2BEI9QC4XQFYD,0.0,5.0,0.0,1.0,1.0,1.0,1
A2BF3B582JCRZ4,0.0,4.0,0.0,1.0,0.0,1.0,1
A2BFNGFKQWHJN7,0.0,5.0,0.0,1.0,1.0,1.0,1
A2BFQZMGDGXC2M,0.0,4.0,0.0,1.0,0.0,1.0,1
A2BFYFA5C5JFWU,0.0,2.0,0.0,1.0,0.0,0.0,1
A2BG1N1J4R84GM,0.0,5.0,0.0,1.0,1.0,1.0,1
A2BGJ5ABQEERDU,0.0,5.0,0.0,1.0,1.0,1.0,1
A2BGZ52M908MJY,0.6284208026252548,3.8333333333333335,1.4719601443879744,0.3715791973747452,0.5,0.6666666666666666,6
A2BH04B9G9LOYA,0.0,4.0,0.0,1.0,0.0,1.0,1
A2BH42X4GDFUAY,0.0,4.0,0.0,1.0,0.0,1.0,1
A2BH53SGUYGXQE,0.0,5.0,0.0,1.0,1.0,1.0,1
A2BH9DHKBIBDX3,0.0,5.0,0.0,1.0,1.0,1.0,1
A2BHAEL2Q4HR4A,0.0,5.0,0.0,1.0,1.0,1.0,1
A2BHNIWHUFKE9D,0.0,5.0,0.0,1.0,1.0,1.0,1
A2BI702GCWNYJ4,0.0,4.0,0.0,1.0,0.0,1.0,1
A2BIAZVVPAEB9U,0.0,5.0,0.0,1.0,1.0,1.0,1
A2BIQJIXLDSJSE,0.0,5.0,0.0,1.0,1.0,1.0,1
A2BJUIIQNFRLF9,0.0,5.0,0.0,1.0,1.0,1.0,1
A2BK7LBCEWRREY,0.39548848910372325,4.666666666666667,0.5773502691896257,0.6045115108962767,0.6666666666666666,1.0,3
A2BLGQ2SCSKCCY,0.0,5.0,0.0,1.0,1.0,1.0,1
A2BLITJITO97N5,0.6554587535412857,4.2,0.8366600265340757,0.3445412464587143,0.4,0.8,5
A2BLRT79WUTLXW,0.0,3.0,0.0,1.0,0.0,0.0,1
A2BMRAASBON4Q8,0.0,5.0,0.0,1.0,1.0,1.0,1
A2BMZRO0H7TFCS,0.0,3.0,0.0,1.0,0.0,0.0,1
A2BQWD54CXBX6R,0.0,4.0,0.0,1.0,0.0,1.0,1
A2BRXREMT5WZJ0,0.0,4.0,0.0,1.0,0.0,1.0,1
A2BSW8L2WPWNAT,0.0,1.0,0.0,1.0,0.0,0.0,1
A2BTUPD2PM2MRU,0.0,5.0,0.0,1.0,1.0,1.0,1
A2BUA0W0E6NM2D,0.0,4.0,0.0,1.0,0.0,1.0,1
A2BUPVAQ8NN7EU,0.0,1.0,0.0,1.0,0.0,0.0,1
A2BUURD9JFCRXJ,0.0,5.0,0.0,1.0,1.0,1.0,1
A2BUXQ05X8GB58,0.0,4.0,0.0,1.0,0.0,1.0,1
A2BV8E2VPVORN3,0.0,3.0,0.0,1.0,0.0,0.0,1
A2BW2AE4FVJ0SL,0.0,5.0,0.0,1.0,1.0,1.0,1
A2BW7NHB67AQWP,0.0,5.0,0.0,1.0,1.0,1.0,1
A2BWTWFVI6D9SD,0.0,5.0,0.0,1.0,1.0,1.0,1
A2BX0E26599UPQ,0.0,5.0,0.0,1.0,1.0,1.0,1
A2BX0EBZOTLDAA,0.0,5.0,0.0,1.0,1.0,1.0,1
A2BXDDRQGI34PW,0.0,4.0,0.0,1.0,0.0,1.0,1
A2BXVR4XBE18T6,0.0,5.0,0.0,1.0,1.0,1.0,1
A2BYV7S1QP2YIG,0.0,4.0,0.0,1.0,0.0,1.0,1
A2BYYFGBZHELAF,0.0,3.0,0.0,1.0,0.0,0.0,1
A2BZF12UZ53GAU,0.0,5.0,0.0,1.0,1.0,1.0,1
A2BZJFF352W2OD,0.0,4.0,0.0,1.0,0.0,1.0,1
A2BZNMPV1FDG9T,0.0,4.0,0.0,1.0,0.0,1.0,1
A2C00NNG1ZQQG2,0.0,5.0,0.0,1.0,1.0,1.0,1
A2C1XRZGFO8WK9,0.0,4.0,0.0,1.0,0.0,1.0,1
A2C27IQUH9N1Z,0.0,4.0,0.0,1.0,0.0,1.0,1
A2C4N3KROL6WA2,0.0,5.0,0.0,1.0,1.0,1.0,1
A2C4O93BXM5ROE,0.0,5.0,0.0,1.0,1.0,1.0,1
A2C7D65XX6K2OD,0.0,5.0,0.0,1.0,1.0,1.0,1
A2C9MURXVUCBMM,0.0,5.0,0.0,1.0,1.0,1.0,2
A2CA374K5ZZWI7,0.0,4.0,0.0,1.0,0.0,1.0,1
A2CBIY2WT8XCRC,0.0,5.0,0.0,1.0,1.0,1.0,1
A2CBWSM32C6VLU,0.0,4.0,0.0,1.0,0.0,1.0,2
A2CBYGMX1S6KS6,0.0,5.0,0.0,1.0,1.0,1.0,1
A2CBZMETQJTNEE,0.0,2.0,0.0,1.0,0.0,0.0,1
A2CC2CRU24E44X,0.43067655807339306,4.0,1.4142135623730951,0.5693234419266069,0.5,0.5,2
A2CC9R0KDGDFQP,0.0,4.0,0.0,1.0,0.0,1.0,1
A2CCHCGJY0IR9F,0.0,5.0,0.0,1.0,1.0,1.0,1
A2CDEOM9RZMI74,0.0,5.0,0.0,1.0,1.0,1.0,1
A2CF6Z5T5AF6NC,0.0,5.0,0.0,1.0,1.0,1.0,1
A2CFCASXVT8OIT,0.0,2.0,0.0,1.0,0.0,0.0,1
A2CFRF9SRM00HE,0.0,1.0,0.0,1.0,0.0,0.0,1
A2CGLPWEC9NL0E,0.0,2.0,0.0,1.0,0.0,0.0,1
A2CGLTQSOX2UYM,0.0,2.0,0.0,1.0,0.0,0.0,1
A2CI4FAG7AVRVA,0.0,4.0,0.0,1.0,0.0,1.0,1
A2CIMOITO2S0ZY,0.0,5.0,0.0,1.0,1.0,1.0,1
A2CJ4DLE8TWAGL,0.0,5.0,0.0,1.0,1.0,1.0,2
A2CJ6BOXPMVDZ9,0.0,3.0,0.0,1.0,0.0,0.0,1
A2CJIF5L72V65I,0.0,1.0,0.0,1.0,0.0,0.0,1
A2CKNYM4Y87MYC,0.0,4.0,0.0,1.0,0.0,1.0,2
A2CKQA93KUJUH2,0.43067655807339306,4.0,1.4142135623730951,0.5693234419266069,0.5,0.5,2
A2CLD5FSSXMYBT,0.43067655807339306,4.5,0.7071067811865476,0.5693234419266069,0.5,1.0,2
A2CMDNV9KR1OCF,0.0,3.0,0.0,1.0,0.0,0.0,1
A2CNBO4DZDFT0J,0.0,4.0,0.0,1.0,0.0,1.0,1
A2CNN71709T4Y2,0.0,5.0,0.0,1.0,1.0,1.0,1
A2CNXXVWOAPE0B,0.0,5.0,0.0,1.0,1.0,1.0,1
A2CNZUBFWM361Q,0.43067655807339306,4.5,0.7071067811865476,0.5693234419266069,0.5,1.0,2
A2CP8OUNLHJXX8,0.0,5.0,0.0,1.0,1.0,1.0,1
A2CPG57XFTOBDL,0.0,4.0,0.0,1.0,0.0,1.0,1
A2CQAEX92SXVKR,0.0,5.0,0.0,1.0,1.0,1.0,1
A2CQC1UQ7E2YPU,0.0,4.0,0.0,1.0,0.0,1.0,1
A2CQET6JR59YEY,0.0,4.0,0.0,1.0,0.0,1.0,1
A2CRF098PBFCLK,0.0,5.0,0.0,1.0,1.0,1.0,1
A2CRIC1BKMLACP,0.0,5.0,0.0,1.0,1.0,1.0,2
A2CRUZQT2OUT0E,0.0,5.0,0.0,1.0,1.0,1.0,1
A2CRZP89XOHVKK,0.0,5.0,0.0,1.0,1.0,1.0,1
A2CS5VHXSF8ABK,0.43067655807339306,3.0,2.8284271247461903,0.5693234419266069,0.5,0.5,2
A2CSUA388LZ26O,0.0,4.0,0.0,1.0,0.0,1.0,1
A2CTBK9W1K01W7,0.0,1.0,0.0,1.0,0.0,0.0,1
A2CTXDLXKOHCEH,0.0,5.0,0.0,1.0,1.0,1.0,1
A2CUBYMC4PVHY8,0.0,5.0,0.0,1.0,1.0,1.0,1
A2CUOPUW0ZDPW6,0.0,3.0,0.0,1.0,0.0,0.0,1
A2CVWNQMZYG1E,0.0,4.0,0.0,1.0,0.0,1.0,1
A2CX4X0IIKGSNJ,0.0,5.0,0.0,1.0,1.0,1.0,1
A2CX79FL19TP46,0.0,4.0,0.0,1.0,0.0,1.0,1
A2CX7KMO48MCW0,0.0,5.0,0.0,1.0,1.0,1.0,1
A2CXHJECJ8R0QL,0.0,4.0,0.0,1.0,0.0,1.0,1
A2CY10DLP6U5MH,0.43067655807339306,3.5,0.7071067811865476,0.5693234419266069,0.0,0.5,2
A2CYA3J5K1ZYJ6,0.0,5.0,0.0,1.0,1.0,1.0,1
A2CYDCJKZ7F0IO,0.0,5.0,0.0,1.0,1.0,1.0,1
A2CZW7M6NJT8KB,0.0,5.0,0.0,1.0,1.0,1.0,1
A2D0F87RY5YMHN,0.0,5.0,0.0,1.0,1.0,1.0,1
A2D1N6Z7WS9AQQ,0.0,4.0,0.0,1.0,0.0,1.0,1
A2D23Q75DN4LLH,0.0,5.0,0.0,1.0,1.0,1.0,1
A2D2AORHOMU0CV,0.0,5.0,0.0,1.0,1.0,1.0,1
A2D333TODX15EN,0.0,5.0,0.0,1.0,1.0,1.0,1
A2D5UR2N8TYK17,0.0,4.0,0.0,1.0,0.0,1.0,1
A2D77G2B5FTSKM,0.0,4.0,0.0,1.0,0.0,1.0,1
A2D82GLVKG2EIW,0.0,5.0,0.0,1.0,1.0,1.0,1
A2D9GMF2DUV4S0,0.0,4.0,0.0,1.0,0.0,1.0,1
A2DA3JJXKSWW3K,0.0,3.0,0.0,1.0,0.0,0.0,1
A2DAX9YH4EVXB0,0.0,5.0,0.0,1.0,1.0,1.0,1
A2DCBGK8J5E6PC,0.0,4.0,0.0,1.0,0.0,1.0,1
A2DCG7B6C3YA5K,0.0,5.0,0.0,1.0,1.0,1.0,1
A2DCWFE9TAMT6P,0.0,1.0,0.0,1.0,0.0,0.0,1
A2DCXXNQCZERQ8,0.0,1.0,0.0,1.0,0.0,0.0,1
A2DCZF2RN31FNK,0.0,5.0,0.0,1.0,1.0,1.0,1
A2DD6S47KYGQEV,0.0,4.0,0.0,1.0,0.0,1.0,1
A2DDKCHI03OBE,0.0,5.0,0.0,1.0,1.0,1.0,1
A2DDTHUPCXB6Y,0.0,5.0,0.0,1.0,1.0,1.0,1
A2DE1BPU8QCNSD,0.0,2.0,0.0,1.0,0.0,0.0,1
A2DF62DP20RIXF,0.0,5.0,0.0,1.0,1.0,1.0,1
A2DG4I40CMY9QH,0.0,4.0,0.0,1.0,0.0,1.0,1
A2DGF0LAMJQHQF,0.0,4.0,0.0,1.0,0.0,1.0,1
A2DGP3CC6D0TKL,0.0,5.0,0.0,1.0,1.0,1.0,1
A2DGUUI336IOPT,0.0,5.0,0.0,1.0,1.0,1.0,1
A2DIPUAC4DOZAK,0.0,5.0,0.0,1.0,1.0,1.0,1
A2DIPVQAX7SN18,0.0,5.0,0.0,1.0,1.0,1.0,2
A2DJ7MDPBNZW6J,0.0,5.0,0.0,1.0,1.0,1.0,1
A2DJBNB0VZU3X3,0.0,5.0,0.0,1.0,1.0,1.0,1
A2DJGZP9NFJDZB,0.0,5.0,0.0,1.0,1.0,1.0,1
A2DKVFYCQAICA0,0.0,4.0,0.0,1.0,0.0,1.0,1
A2DLK5DI4S3OIX,0.0,2.0,0.0,1.0,0.0,0.0,1
A2DLK5KEQU4TX9,0.0,5.0,0.0,1.0,1.0,1.0,2
A2DLY1BLDQRWGX,0.0,5.0,0.0,1.0,1.0,1.0,1
A2DN13HKY0A58L,0.0,5.0,0.0,1.0,1.0,1.0,1
A2DN7RUNX06BZ1,0.0,5.0,0.0,1.0,1.0,1.0,1
A2DOKI3HUPALWE,0.0,5.0,0.0,1.0,1.0,1.0,1
A2DOUSV52ED1HG,0.0,5.0,0.0,1.0,1.0,1.0,1
A2DQ2G3504O8W2,0.0,5.0,0.0,1.0,1.0,1.0,1
A2DT7XKLELB1MX,0.0,5.0,0.0,1.0,1.0,1.0,1
A2DTXMVW1EQEW2,0.0,3.0,0.0,1.0,0.0,0.0,1
A2DTZUZK9YRJVK,0.0,5.0,0.0,1.0,1.0,1.0,1
A2DU3ID6V8TCW6,0.0,5.0,0.0,1.0,1.0,1.0,1
A2DVPGMT4IU827,0.43067655807339306,4.5,0.7071067811865476,0.5693234419266069,0.5,1.0,2
A2DVQ6P0I1UUYH,0.0,2.0,0.0,1.0,0.0,0.0,1
A2DXC3PKBFPQDS,0.0,4.0,0.0,1.0,0.0,1.0,1
A2DXENZNO2JT4F,0.0,5.0,0.0,1.0,1.0,1.0,1
A2DXXJR0N8BXOK,0.0,1.0,0.0,1.0,0.0,0.0,1
A2DY4K74PF6JST,0.0,4.0,0.0,1.0,0.0,1.0,1
A2DYPUU188F6BV,0.43067655807339306,3.0,1.4142135623730951,0.5693234419266069,0.0,0.5,2
A2DZZZ8D81Q8X,0.0,5.0,0.0,1.0,1.0,1.0,1
A2E2BMXO5WCNNJ,0.0,4.0,0.0,1.0,0.0,1.0,1
A2E2I580OO3HET,0.0,5.0,0.0,1.0,1.0,1.0,2
A2E2XG7HG79EO5,0.0,5.0,0.0,1.0,1.0,1.0,1
A2E30AV53XVK1D,0.0,1.0,0.0,1.0,0.0,0.0,2
A2E3CXT3CJDCUC,0.39548848910372325,4.666666666666667,0.5773502691896257,0.6045115108962767,0.6666666666666666,1.0,3
A2E3L36WTNQJEJ,0.0,5.0,0.0,1.0,1.0,1.0,1
A2E4JRA6MHBR4F,0.0,5.0,0.0,1.0,1.0,1.0,1
A2E4ROH3UVXCEJ,0.0,4.0,0.0,1.0,0.0,1.0,1
A2E5IK9TUH8UPD,0.0,4.0,0.0,1.0,0.0,1.0,1
A2E6A49WGDYWFA,0.0,5.0,0.0,1.0,1.0,1.0,1
A2E6HU14P1OY1L,0.0,5.0,0.0,1.0,1.0,1.0,1
A2E74YKJXGZCJB,0.0,5.0,0.0,1.0,1.0,1.0,1
A2E7E9EWADK4S6,0.0,5.0,0.0,1.0,1.0,1.0,1
A2E7W2XGXMG6RU,0.0,5.0,0.0,1.0,1.0,1.0,1
A2E7X11Z8FU5IG,0.0,5.0,0.0,1.0,1.0,1.0,1
A2E81T06VRM5LY,0.0,1.0,0.0,1.0,0.0,0.0,1
A2E8OEDYD88CN0,0.0,1.0,0.0,1.0,0.0,0.0,1
A2E95ZZNAQ24GS,0.0,4.0,0.0,1.0,0.0,1.0,1
A2E9VW8175STQV,0.0,5.0,0.0,1.0,1.0,1.0,1
A2EAFOKLI536FJ,0.0,4.0,0.0,1.0,0.0,1.0,1
A2EARYEYVMMNZZ,0.0,5.0,0.0,1.0,1.0,1.0,1
A2EAW9C31JE4L6,0.0,5.0,0.0,1.0,1.0,1.0,1
A2EBEC60QO7QGW,0.0,5.0,0.0,1.0,1.0,1.0,1
A2EBPFXZNLL753,0.0,5.0,0.0,1.0,1.0,1.0,1
A2EC3UBQ9TB89F,0.0,5.0,0.0,1.0,1.0,1.0,1
A2ECC8ZVI96BNV,0.0,5.0,0.0,1.0,1.0,1.0,1
A2ED2S3APUJCWD,0.0,1.0,0.0,1.0,0.0,0.0,1
A2ED50E3KWKUKW,0.0,5.0,0.0,1.0,1.0,1.0,2
A2EDFATBY4VNTS,0.39548848910372325,4.333333333333333,0.5773502691896257,0.6045115108962767,0.3333333333333333,1.0,3
A2EF8N7ZE7ONWX,0.0,4.0,0.0,1.0,0.0,1.0,1
A2EFLJ4R9F89L5,0.0,5.0,0.0,1.0,1.0,1.0,1
A2EGVV7O4CEOIT,0.0,5.0,0.0,1.0,1.0,1.0,1
A2EHRDDOVUN7PN,0.0,5.0,0.0,1.0,1.0,1.0,1
A2EJ8QA6Q2X9BL,0.0,5.0,0.0,1.0,1.0,1.0,1
A2EJPGQV89WOTD,0.0,1.0,0.0,1.0,0.0,0.0,2
A2EJZ5ZIGVNYSE,0.0,1.0,0.0,1.0,0.0,0.0,1
A2EM4AZL4SQU4R,0.0,5.0,0.0,1.0,1.0,1.0,1
A2EMM9HWOSY2Q5,0.0,3.0,0.0,1.0,0.0,0.0,1
A2ENBKGI9TI7DX,0.0,5.0,0.0,1.0,1.0,1.0,1
A2ENU7RB48VUF5,0.0,4.0,0.0,1.0,0.0,1.0,1
A2ENZ4FESUXXMT,0.0,5.0,0.0,1.0,1.0,1.0,1
A2EOJNVW4NF4AE,0.0,4.0,0.0,1.0,0.0,1.0,1
A2EORZSMHG45DB,0.0,5.0,0.0,1.0,1.0,1.0,1
A2EP0WOZE8HCJX,0.0,1.0,0.0,1.0,0.0,0.0,1
A2EPAYUAQ8P78W,0.43067655807339306,4.5,0.7071067811865476,0.5693234419266069,0.5,1.0,2
A2EPL9FTJEUSZV,0.0,4.0,0.0,1.0,0.0,1.0,1
A2EQ0QDOSGH6AC,0.0,5.0,0.0,1.0,1.0,1.0,1
A2EQDEKD20ZLGD,0.0,5.0,0.0,1.0,1.0,1.0,1
A2EQPRSBX2R6ES,0.0,4.0,0.0,1.0,0.0,1.0,1
A2EQVLY0BKQINM,0.0,5.0,0.0,1.0,1.0,1.0,2
A2ERKJWKPRWZU5,0.0,5.0,0.0,1.0,1.0,1.0,1
A2EU2DD8LJT35E,0.0,4.0,0.0,1.0,0.0,1.0,1
A2EU4JERXUZDSI,0.0,5.0,0.0,1.0,1.0,1.0,1
A2EVFD5C3NFKPU,0.0,5.0,0.0,1.0,1.0,1.0,1
A2EVQ8S7FMLGL,0.39548848910372325,3.6666666666666665,1.1547005383792515,0.6045115108962767,0.3333333333333333,0.3333333333333333,3
A2EWTVSGOPKWIT,0.0,5.0,0.0,1.0,1.0,1.0,1
A2EXIALPK106OW,0.0,2.0,0.0,1.0,0.0,0.0,1
A2EYZJBTX8X9XU,0.0,5.0,0.0,1.0,1.0,1.0,1
A2EZ80LJMEMJM9,0.0,5.0,0.0,1.0,1.0,1.0,1
A2EZTM9WY5B5IL,0.0,4.0,0.0,1.0,0.0,1.0,1
A2F0AE8YOO8Q9U,0.0,4.0,0.0,1.0,0.0,1.0,1
A2F0L17JPRRIF7,0.0,4.0,0.0,1.0,0.0,1.0,1
A2F0TTEP4W354Y,0.0,4.0,0.0,1.0,0.0,1.0,1
A2F0XN0L5K7N0T,0.0,4.0,0.0,1.0,0.0,1.0,1
A2F0Z8Y0QN29UF,0.0,2.0,0.0,1.0,0.0,0.0,1
A2F1P10GGZ7K2T,0.0,4.0,0.0,1.0,0.0,1.0,1
A2F1V6JKYFP67M,0.0,2.0,0.0,1.0,0.0,0.0,1
A2F30TRZIIDMXY,0.0,3.0,0.0,1.0,0.0,0.0,1
A2F36RDJUBR6TI,0.0,5.0,0.0,1.0,1.0,1.0,1
A2F3Q2C4S0TUH5,0.0,5.0,0.0,1.0,1.0,1.0,1
A2FB4H1WFR1GDL,0.0,5.0,0.0,1.0,1.0,1.0,1
A2FB6W4914JSAN,0.0,4.0,0.0,1.0,0.0,1.0,1
A2FC3ME27RF1N,0.0,5.0,0.0,1.0,1.0,1.0,1
A2FD03H5CQG76E,0.8613531161467861,3.5,1.2909944487358056,0.1386468838532139,0.25,0.5,4
A2FE2YG8W9G8UW,0.0,5.0,0.0,1.0,1.0,1.0,1
A2FE3EQGIYQTLG,0.0,4.0,0.0,1.0,0.0,1.0,1
A2FF7EUEB7NB74,0.0,4.0,0.0,1.0,0.0,1.0,1
A2FG90RW53W8WS,0.0,5.0,0.0,1.0,1.0,1.0,1
A2FGU9ML27G3Q2,0.0,5.0,0.0,1.0,1.0,1.0,1
A2FHM5FB0BXKGA,0.39548848910372325,4.666666666666667,0.5773502691896257,0.6045115108962767,0.6666666666666666,1.0,3
A2FKEI4ANHJD1Z,0.0,5.0,0.0,1.0,1.0,1.0,1
A2FKY5R4NSHJ93,0.0,4.0,0.0,1.0,0.0,1.0,1
A2FKYKDGHWSOIQ,0.0,4.0,0.0,1.0,0.0,1.0,1
A2FM9BOFK3RS94,0.0,5.0,0.0,1.0,1.0,1.0,1
A2FNQOFEMCUKW6,0.0,4.0,0.0,1.0,0.0,1.0,1
A2FOF0GY8A3U3,0.0,5.0,0.0,1.0,1.0,1.0,1
A2FPGZXBPCLMMM,0.0,5.0,0.0,1.0,1.0,1.0,1
A2FQIOU39ZHLM5,0.0,4.0,0.0,1.0,0.0,1.0,1
A2FQTFYS3E1VFE,0.0,5.0,0.0,1.0,1.0,1.0,1
A2FRFAQCWZJT3Q,0.0,5.0,0.0,1.0,1.0,1.0,1
A2FRFWHCZ4AZWL,0.0,5.0,0.0,1.0,1.0,1.0,1
A2FS1U06RM7LCG,0.0,4.0,0.0,1.0,0.0,1.0,1
A2FSW50DBYKTAG,0.0,5.0,0.0,1.0,1.0,1.0,1
A2FU6ITLPMNK9W,0.0,4.0,0.0,1.0,0.0,1.0,1
A2FUD7TNC8HRYG,0.0,5.0,0.0,1.0,1.0,1.0,1
A2FUMBORC5EMXG,0.0,5.0,0.0,1.0,1.0,1.0,1
A2FUQX4OMDU3LS,0.0,5.0,0.0,1.0,1.0,1.0,1
A2FVNLWPFKGIEK,0.0,5.0,0.0,1.0,1.0,1.0,1
A2FW8B993V84VI,0.0,4.0,0.0,1.0,0.0,1.0,1
A2FWAYS1GIOEX4,0.0,5.0,0.0,1.0,1.0,1.0,1
A2FXX9VTD10J6C,0.0,4.0,0.0,1.0,0.0,1.0,1
A2FY4A86W9E31S,0.0,5.0,0.0,1.0,1.0,1.0,1
A2FY4IRPNJCRUK,0.0,5.0,0.0,1.0,1.0,1.0,1
A2FYZRR780Y3PN,0.0,5.0,0.0,1.0,1.0,1.0,1
A2FZQFX80KE9CJ,0.0,5.0,0.0,1.0,1.0,1.0,1
A2G0O4Y8QE10AE,0.0,4.0,0.0,1.0,0.0,1.0,2
A2G25VSOQ8CCGS,0.0,5.0,0.0,1.0,1.0,1.0,1
A2G2QNKDL1Y6AC,0.6053757932145416,4.375,0.7440238091428449,0.3946242067854584,0.5,0.875,8
A2G4OJFE2Q4HJO,0.0,5.0,0.0,1.0,1.0,1.0,2
A2G88IFSSK591Y,0.0,5.0,0.0,1.0,1.0,1.0,1
A2G8DGQ8CHJUQM,0.0,5.0,0.0,1.0,1.0,1.0,1
A2G9DTRPLG0VED,0.0,5.0,0.0,1.0,1.0,1.0,1
A2GAKGT138CJZS,0.0,3.0,0.0,1.0,0.0,0.0,1
A2GARLO234WK85,0.0,4.0,0.0,1.0,0.0,1.0,1
A2GBHZL855WFH3,0.0,5.0,0.0,1.0,1.0,1.0,1
A2GBQVP43UVKTA,0.0,4.0,0.0,1.0,0.0,1.0,2
A2GCVUZ1N1TBZ2,0.0,5.0,0.0,1.0,1.0,1.0,1
A2GDMNWEJ3F8SO,0.0,5.0,0.0,1.0,1.0,1.0,1
A2GDYTF1TU1GJT,0.0,1.0,0.0,1.0,0.0,0.0,1
A2GE48B0B9588V,0.0,5.0,0.0,1.0,1.0,1.0,1
A2GEK8R4FEXDZU,0.0,5.0,0.0,1.0,1.0,1.0,1
A2GGKJ318HO2GE,0.0,3.0,0.0,1.0,0.0,0.0,1
A2GGS3I5BY7R1A,0.0,5.0,0.0,1.0,1.0,1.0,1
A2GHFM7D00AMGW,0.43067655807339306,2.0,1.4142135623730951,0.5693234419266069,0.0,0.0,2
A2GJU27367VVCX,0.0,5.0,0.0,1.0,1.0,1.0,1
A2GKF3Q0YG4XS5,0.0,5.0,0.0,1.0,1.0,1.0,1
A2GKFYK7QKPUS6,0.0,5.0,0.0,1.0,1.0,1.0,1
A2GKTKX1U5HW5J,0.0,4.0,0.0,1.0,0.0,1.0,1
A2GKUSRRPCOV17,0.0,5.0,0.0,1.0,1.0,1.0,1
A2GKXXW2731VKS,0.0,1.0,0.0,1.0,0.0,0.0,1
A2GLAFB46IUJP7,0.0,5.0,0.0,1.0,1.0,1.0,1
A2GLM2NA1SLN43,0.0,4.0,0.0,1.0,0.0,1.0,1
A2GMJ3DJ7CBM1D,0.0,5.0,0.0,1.0,1.0,1.0,1
A2GML5RFMHMAYW,0.43067655807339306,4.0,1.4142135623730951,0.5693234419266069,0.5,0.5,2
A2GNATC9V28GJS,0.0,5.0,0.0,1.0,1.0,1.0,1
A2GNP3FHYG63XI,0.0,5.0,0.0,1.0,1.0,1.0,1
A2GNRMUTWM4TKW,0.0,5.0,0.0,1.0,1.0,1.0,1
A2GOWDUXFP5P18,0.43067655807339306,4.5,0.7071067811865476,0.5693234419266069,0.5,1.0,2
A2GP3MF3JV9XSO,0.0,5.0,0.0,1.0,1.0,1.0,1
A2GP6XJ1V3MM3L,0.0,5.0,0.0,1.0,1.0,1.0,1
A2GPNXFUUV51ZZ,0.0,5.0,0.0,1.0,1.0,1.0,1
A2GQEXMQQHPEUB,0.0,5.0,0.0,1.0,1.0,1.0,1
A2GR77INMKX9O4,0.0,5.0,0.0,1.0,1.0,1.0,1
A2GR90IHQAO1HL,0.0,4.0,0.0,1.0,0.0,1.0,1
A2GRLLJC2JK9FN,0.0,5.0,0.0,1.0,1.0,1.0,1
A2GRYN2DYGFM8L,0.0,5.0,0.0,1.0,1.0,1.0,1
A2GT4B9RTOZJHW,0.0,5.0,0.0,1.0,1.0,1.0,1
A2GTJW5WTDX7H2,0.0,3.0,0.0,1.0,0.0,0.0,1
A2GW1F1LPHQOZA,0.0,5.0,0.0,1.0,1.0,1.0,1
A2GZBPJ1HTFM67,0.0,5.0,0.0,1.0,1.0,1.0,1
A2GZBRT6DBCCZY,0.0,4.0,0.0,1.0,0.0,1.0,1
A2GZKGGQ6U0YL0,0.0,5.0,0.0,1.0,1.0,1.0,1
A2H0734J35EB5Q,0.0,5.0,0.0,1.0,1.0,1.0,1
A2H0U8LGLEXHXV,0.0,1.0,0.0,1.0,0.0,0.0,1
A2H0XJ7I2FUZBD,0.0,5.0,0.0,1.0,1.0,1.0,1
A2H1U31KRK5X5L,0.0,1.0,0.0,1.0,0.0,0.0,1
A2H1X4B3ISLHOG,0.0,5.0,0.0,1.0,1.0,1.0,1
A2H1ZKAQN0B49Z,0.0,5.0,0.0,1.0,1.0,1.0,2
A2H2H6SQVHRIER,0.0,5.0,0.0,1.0,1.0,1.0,1
A2H2I5FY1PUHP1,0.0,2.0,0.0,1.0,0.0,0.0,1
A2H2VSTCFJMMTP,0.0,4.0,0.0,1.0,0.0,1.0,1
A2H4B42VDSFV2V,0.0,5.0,0.0,1.0,1.0,1.0,2
A2H5LR3VHM0TIY,0.0,4.0,0.0,1.0,0.0,1.0,1
A2H5N8YQ50U3CJ,0.0,5.0,0.0,1.0,1.0,1.0,1
A2H629SI5VJGRM,0.0,5.0,0.0,1.0,1.0,1.0,1
A2H781SEVV7GNT,0.0,4.0,0.0,1.0,0.0,1.0,1
A2H7ICQGFXDI4S,0.0,2.0,0.0,1.0,0.0,0.0,1
A2H856C9T0XWL5,0.0,4.0,0.0,1.0,0.0,1.0,1
A2H9S6PTI94ELV,0.0,5.0,0.0,1.0,1.0,1.0,2
A2HC3SUL6QC33I,0.0,5.0,0.0,1.0,1.0,1.0,1
A2HCMW0RU59GPJ,0.0,5.0,0.0,1.0,1.0,1.0,1
A2HD75EMZR8QLN,0.0,5.0,0.0,1.0,1.0,1.0,1
A2HDRD3QSR2XWC,0.0,4.0,0.0,1.0,0.0,1.0,1
A2HDTOF8222KN3,0.0,5.0,0.0,1.0,1.0,1.0,6
A2HFOS6ULS3BQJ,0.0,3.0,0.0,1.0,0.0,0.0,1
A2HG4AFBEP9084,0.0,4.0,0.0,1.0,0.0,1.0,1
A2HGEG82645YF4,0.0,5.0,0.0,1.0,1.0,1.0,1
A2HGQNXVQ8DPA8,0.0,5.0,0.0,1.0,1.0,1.0,1
A2HGVGBEVX1XE,0.0,5.0,0.0,1.0,1.0,1.0,1
A2HI35H2BOCV9R,0.43067655807339306,2.0,1.4142135623730951,0.5693234419266069,0.0,0.0,2
A2HKIW9RMMSKXI,0.0,5.0,0.0,1.0,1.0,1.0,1
A2HLMXUSTCSK8N,0.0,5.0,0.0,1.0,1.0,1.0,1
A2HLNXOYLMERTC,0.0,5.0,0.0,1.0,1.0,1.0,1
A2HLXJBE9N7MPQ,0.0,5.0,0.0,1.0,1.0,1.0,1
A2HMD9LSALP7N1,0.0,4.0,0.0,1.0,0.0,1.0,1
A2HMF8ZR67BNZS,0.0,5.0,0.0,1.0,1.0,1.0,2
A2HOI48JK8838M,0.0,3.0,0.0,1.0,0.0,0.0,1
A2HOJS4E005E7T,0.0,5.0,0.0,1.0,1.0,1.0,1
A2HONG3KI05QIX,0.0,5.0,0.0,1.0,1.0,1.0,1
A2HOPYNO8PMUHP,0.0,5.0,0.0,1.0,1.0,1.0,1
A2HOQ2FIB8ZK0P,0.0,5.0,0.0,1.0,1.0,1.0,1
A2HOYLB0HXLLJJ,0.0,5.0,0.0,1.0,1.0,1.0,1
A2HOZZLPREEY4G,0.0,5.0,0.0,1.0,1.0,1.0,1
A2HPF56C5C13I1,0.0,5.0,0.0,1.0,1.0,1.0,1
A2HPFRNPZZ405N,0.0,5.0,0.0,1.0,1.0,1.0,1
A2HPJKM7L4EOQB,0.0,3.0,0.0,1.0,0.0,0.0,1
A2HQYNDVHRWZWL,0.0,5.0,0.0,1.0,1.0,1.0,1
A2HRH6UBEXNHJT,0.0,5.0,0.0,1.0,1.0,1.0,1
A2HRHF83I3NDGT,0.0,5.0,0.0,1.0,1.0,1.0,2
A2HRL1T8QRAXU7,0.0,4.0,0.0,1.0,0.0,1.0,1
A2HRWONDPECN9L,0.0,5.0,0.0,1.0,1.0,1.0,1
A2HS0J5LRYD1WF,0.0,1.0,0.0,1.0,0.0,0.0,1
A2HSQ44YJXSVAX,0.0,5.0,0.0,1.0,1.0,1.0,1
A2HSRVGCSNHW97,0.0,5.0,0.0,1.0,1.0,1.0,1
A2HT87FB90NI27,0.39548848910372325,4.666666666666667,0.5773502691896257,0.6045115108962767,0.6666666666666666,1.0,3
A2HUXYU0IQOMOB,0.0,3.0,0.0,1.0,0.0,0.0,1
A2HW2SL0WG09OR,0.0,5.0,0.0,1.0,1.0,1.0,1
A2HW660OT2KXUM,0.0,5.0,0.0,1.0,1.0,1.0,1
A2HXEJXEQQTM1D,0.0,5.0,0.0,1.0,1.0,1.0,1
A2HXOW9NN7XRNT,0.0,2.0,0.0,1.0,0.0,0.0,1
A2HYEGYQXWXCJX,0.0,5.0,0.0,1.0,1.0,1.0,1
A2HZLT6N4OLB4J,0.0,5.0,0.0,1.0,1.0,1.0,1
A2HZP3EPX0AB8E,0.0,5.0,0.0,1.0,1.0,1.0,1
A2HZSCP2YBACIN,0.0,5.0,0.0,1.0,1.0,1.0,1
A2I0X163CQDBFA,0.0,1.0,0.0,1.0,0.0,0.0,1
A2I16SKF3RHED6,0.43067655807339306,4.5,0.7071067811865476,0.5693234419266069,0.5,1.0,2
A2I1V1XF9Z3JFT,0.0,5.0,0.0,1.0,1.0,1.0,1
A2I2DE1DJUVQOO,0.43067655807339306,4.0,1.4142135623730951,0.5693234419266069,0.5,0.5,2
A2I3RZM3UC2Z3G,0.0,5.0,0.0,1.0,1.0,1.0,1
A2I4J1INDYAIZL,0.0,3.0,0.0,1.0,0.0,0.0,1
A2I4KBEA963U0F,0.0,1.0,0.0,1.0,0.0,0.0,1
A2I4NRKPMGL07Z,0.0,5.0,0.0,1.0,1.0,1.0,1
A2I5LVVQ7WXEH6,0.0,5.0,0.0,1.0,1.0,1.0,1
A2I5M1X863QB8L,0.0,5.0,0.0,1.0,1.0,1.0,1
A2I6H0OBCTMNN9,0.0,4.0,0.0,1.0,0.0,1.0,1
A2I6KBFBFIORH7,0.0,5.0,0.0,1.0,1.0,1.0,1
A2I6MHMAZZDCRX,0.0,4.0,0.0,1.0,0.0,1.0,1
A2I76U2KSA7QWL,0.0,5.0,0.0,1.0,1.0,1.0,1
A2I7955ZFHEGUB,0.0,3.0,0.0,1.0,0.0,0.0,1
A2I7KTCQGLOI50,0.0,4.0,0.0,1.0,0.0,1.0,1
A2I7TWQ62H1VF,0.0,5.0,0.0,1.0,1.0,1.0,1
A2I85TDI7XF3C3,0.0,5.0,0.0,1.0,1.0,1.0,1
A2I87F2QCJ6RK3,0.0,3.0,0.0,1.0,0.0,0.0,1
A2I8J6GW1H6LWU,0.0,5.0,0.0,1.0,1.0,1.0,1
A2I9HGYUMH5H4Y,0.0,4.0,0.0,1.0,0.0,1.0,1
A2I9LWY5PN73YI,0.0,5.0,0.0,1.0,1.0,1.0,1
A2I9X30JGIAG,0.0,1.0,0.0,1.0,0.0,0.0,1
A2I9XSZSHXQ3OZ,0.0,5.0,0.0,1.0,1.0,1.0,1
A2IA23HHLMUXA6,0.0,2.0,0.0,1.0,0.0,0.0,1
A2IA5Q0TDWE81X,0.0,4.0,0.0,1.0,0.0,1.0,1
A2IAD8XA81CQWQ,0.0,3.0,0.0,1.0,0.0,0.0,1
A2IAOKN86UONF9,0.0,5.0,0.0,1.0,1.0,1.0,1
A2IATJLZM78N9Z,0.0,5.0,0.0,1.0,1.0,1.0,1
A2IBDTAQUO9UI8,0.0,3.0,0.0,1.0,0.0,0.0,1
A2IBK009X2XXDH,0.0,2.0,0.0,1.0,0.0,0.0,1
A2IBUZECB34CMS,0.0,5.0,0.0,1.0,1.0,1.0,1
A2IC2FBX0GPV1H,0.0,1.0,0.0,1.0,0.0,0.0,1
A2ICE47SJFD90U,0.0,4.0,0.0,1.0,0.0,1.0,1
A2ICKE6A3MJMM5,0.0,2.0,0.0,1.0,0.0,0.0,1
A2ICT9A9NFH6X8,0.0,3.0,0.0,1.0,0.0,0.0,1
A2ICY670PVUTAD,0.0,5.0,0.0,1.0,1.0,1.0,1
A2ID51FCQFBOFS,0.0,5.0,0.0,1.0,1.0,1.0,1
A2IDCSC6NVONIZ,0.0,5.0,0.0,1.0,1.0,1.0,1
A2IDRAYYZ5GKBZ,0.0,2.0,0.0,1.0,0.0,0.0,1
A2IE2U4SL7JWX2,0.0,5.0,0.0,1.0,1.0,1.0,1
A2IEKS5Z84WVSR,0.0,1.0,0.0,1.0,0.0,0.0,1
A2IF9ZFPVR0E15,0.0,5.0,0.0,1.0,1.0,1.0,1
A2IFGGXG3YV3Y6,0.0,5.0,0.0,1.0,1.0,1.0,2
A2IFT8RDBN3P35,0.43067655807339306,4.5,0.7071067811865476,0.5693234419266069,0.5,1.0,2
A2IFTSL05L8NP,0.0,5.0,0.0,1.0,1.0,1.0,1
A2IFZ00ICAERE4,0.0,5.0,0.0,1.0,1.0,1.0,1
A2IGPYY0ULFD11,0.0,5.0,0.0,1.0,1.0,1.0,1
A2IGYAKJZAIK7M,0.0,4.0,0.0,1.0,0.0,1.0,1
A2II4B6CJ4O47Q,0.43067655807339306,2.5,2.1213203435596424,0.5693234419266069,0.0,0.5,2
A2IIAQ7VVAHXTD,0.0,5.0,0.0,1.0,1.0,1.0,1
A2IIHXGM8ZF1NC,0.0,5.0,0.0,1.0,1.0,1.0,1
A2IIZ25SZSQGCC,0.0,2.0,0.0,1.0,0.0,0.0,1
A2IJ8OWXSJQV27,0.0,4.0,0.0,1.0,0.0,1.0,1
A2IKA32YQXLDUF,0.0,4.0,0.0,1.0,0.0,1.0,1
A2IKX7H2PLHULP,0.0,5.0,0.0,1.0,1.0,1.0,1
A2ILMCJBXWF5TS,0.0,1.0,0.0,1.0,0.0,0.0,1
A2IMLPUXYQJTSY,0.0,5.0,0.0,1.0,1.0,1.0,4
A2IMYG68MPGPF9,0.0,5.0,0.0,1.0,1.0,1.0,1
A2IMZNPSJGB2HQ,0.0,3.0,0.0,1.0,0.0,0.0,1
A2IN1WZFQAC298,0.0,1.0,0.0,1.0,0.0,0.0,1
A2INA3KNWJWM1Z,0.0,5.0,0.0,1.0,1.0,1.0,1
A2INGDHZFPDBFP,0.43067655807339306,4.0,1.4142135623730951,0.5693234419266069,0.5,0.5,2
A2IP0Z4VPCAXZ1,0.0,5.0,0.0,1.0,1.0,1.0,1
A2IPBE3XFMT2MY,0.0,5.0,0.0,1.0,1.0,1.0,1
A2IPC51HL9UUYF,0.0,5.0,0.0,1.0,1.0,1.0,1
A2IPDJISO5T6AX,0.0,5.0,0.0,1.0,1.0,1.0,1
A2IPN5RZ7YAJG7,0.0,5.0,0.0,1.0,1.0,1.0,1
A2IQMBBNQQREPT,0.0,4.0,0.0,1.0,0.0,1.0,1
A2IQSNBMGS45X9,0.0,5.0,0.0,1.0,1.0,1.0,1
A2IQTGLZ3PIWAM,0.0,1.0,0.0,1.0,0.0,0.0,1
A2IR9680RV5O5J,0.0,3.0,0.0,1.0,0.0,0.0,1
A2ITS3FO21AYA3,0.0,5.0,0.0,1.0,1.0,1.0,1
A2ITSA62XD9VUD,0.0,5.0,0.0,1.0,1.0,1.0,1
A2ITTLEMAY03YD,0.0,5.0,0.0,1.0,1.0,1.0,1
A2ITWFZOOOR7PQ,0.0,1.0,0.0,1.0,0.0,0.0,1
A2IUAT0NF7OVTC,0.0,3.0,0.0,1.0,0.0,0.0,1
A2IV2LFAX3E6D9,0.0,5.0,0.0,1.0,1.0,1.0,1
A2IVL3B6VM0EHN,0.0,5.0,0.0,1.0,1.0,1.0,1
A2IWFH4JINUQC3,0.0,4.0,0.0,1.0,0.0,1.0,1
A2IX2BCH9YA2K4,0.0,5.0,0.0,1.0,1.0,1.0,1
A2IXAPF182DWBL,0.0,5.0,0.0,1.0,1.0,1.0,1
A2IXOX389FMB4T,0.0,5.0,0.0,1.0,1.0,1.0,1
A2IY49V4ARN4HC,0.0,5.0,0.0,1.0,1.0,1.0,1
A2IYAZCZSLHDI3,0.0,4.0,0.0,1.0,0.0,1.0,1
A2IYECKOTKGOMA,0.0,2.0,0.0,1.0,0.0,0.0,1
A2IYOX0G607ZKS,0.0,5.0,0.0,1.0,1.0,1.0,1
A2IZHXL66QBRNW,0.0,5.0,0.0,1.0,1.0,1.0,1
A2J0SM6KGZKSS8,0.0,4.0,0.0,1.0,0.0,1.0,1
A2J11LO19PHVDC,0.0,1.0,0.0,1.0,0.0,0.0,1
A2J13N66WSPPPF,0.0,5.0,0.0,1.0,1.0,1.0,1
A2J1DWBCD63Q54,0.0,4.0,0.0,1.0,0.0,1.0,1
A2J1QMGQ432RAJ,0.0,5.0,0.0,1.0,1.0,1.0,1
A2J1WRE1KQ5CS2,0.0,4.0,0.0,1.0,0.0,1.0,1
A2J2JNUHJSJXEQ,0.0,5.0,0.0,1.0,1.0,1.0,1
A2J2YV329EVMNA,0.0,4.0,0.0,1.0,0.0,1.0,1
A2J4GBHSDLP4DF,0.0,5.0,0.0,1.0,1.0,1.0,1
A2J52UTHU107PQ,0.0,5.0,0.0,1.0,1.0,1.0,1
A2J591OLWPBEMQ,0.0,5.0,0.0,1.0,1.0,1.0,1
A2J5ZIUR1C1KKE,0.0,4.0,0.0,1.0,0.0,1.0,1
A2J6DDH3DPUY8B,0.0,5.0,0.0,1.0,1.0,1.0,1
A2J753YWOBIOSR,0.0,3.0,0.0,1.0,0.0,0.0,1
A2J7JBVL369IIR,0.0,5.0,0.0,1.0,1.0,1.0,1
A2J8IE3Q5LLB96,0.0,5.0,0.0,1.0,1.0,1.0,1
A2J9469C2BM1P1,0.0,2.0,0.0,1.0,0.0,0.0,1
A2J9NEE5C5D2AU,0.43067655807339306,4.5,0.5773502691896257,0.5693234419266069,0.5,1.0,4
A2JA7C0WEMB1M7,0.0,5.0,0.0,1.0,1.0,1.0,1
A2JAB206O2PG9J,0.0,5.0,0.0,1.0,1.0,1.0,1
A2JAGOIH2DZAN,0.0,4.0,0.0,1.0,0.0,1.0,1
A2JAOZ2CINPUTT,0.0,3.0,0.0,1.0,0.0,0.0,1
A2JAUEU9WI3D95,0.0,5.0,0.0,1.0,1.0,1.0,1
A2JBLIOT433R9L,0.0,1.0,0.0,1.0,0.0,0.0,1
A2JCLEDQTNXMPT,0.0,5.0,0.0,1.0,1.0,1.0,1
A2JDDUN6YNRYKU,0.0,5.0,0.0,1.0,1.0,1.0,1
A2JEB9JRWW0MFL,0.0,5.0,0.0,1.0,1.0,1.0,1
A2JFF23K5FUHE3,0.0,4.0,0.0,1.0,0.0,1.0,1
A2JFHS5XX1PMXZ,0.0,4.0,0.0,1.0,0.0,1.0,1
A2JFOHC9W629IE,0.0,5.0,0.0,1.0,1.0,1.0,1
A2JHHYYOOO4DS6,0.0,5.0,0.0,1.0,1.0,1.0,1
A2JIQ6SZ1PQ6P9,0.0,1.0,0.0,1.0,0.0,0.0,1
A2JJNP8GJFL0DM,0.0,5.0,0.0,1.0,1.0,1.0,1
A2JL1GIC0JAFW9,0.0,5.0,0.0,1.0,1.0,1.0,1
A2JLDER5UES1Q3,0.43067655807339306,4.5,0.7071067811865476,0.5693234419266069,0.5,1.0,2
A2JMN2JA9LSHVL,0.0,1.0,0.0,1.0,0.0,0.0,1
A2JMSJO1Z8C8ZQ,0.0,5.0,0.0,1.0,1.0,1.0,1
A2JNBBSGJFN7EF,0.0,4.0,0.0,1.0,0.0,1.0,1
A2JNIVIFZNKF61,0.0,4.0,0.0,1.0,0.0,1.0,1
A2JO8NBR9VJG6E,0.0,5.0,0.0,1.0,1.0,1.0,1
A2JOEQNS9LR0NF,0.0,5.0,0.0,1.0,1.0,1.0,1
A2JOPUWVV0XQJ3,0.43067655807339306,4.5,0.7071067811865476,0.5693234419266069,0.5,1.0,2
A2JPY5OA6FSW0T,0.0,5.0,0.0,1.0,1.0,1.0,1
A2JQ3SEXKF86TF,0.0,5.0,0.0,1.0,1.0,1.0,1
A2JQZ1WA1UEQWK,0.0,5.0,0.0,1.0,1.0,1.0,1
A2JSFCLWWRXIJ4,0.0,5.0,0.0,1.0,1.0,1.0,1
A2JSKM60VTCNI,0.0,5.0,0.0,1.0,1.0,1.0,1
A2JT5X557H8JWX,0.0,5.0,0.0,1.0,1.0,1.0,1
A2JTL1WA0R3J3V,0.0,5.0,0.0,1.0,1.0,1.0,2
A2JVIA9P648H6Y,0.0,3.0,0.0,1.0,0.0,0.0,1
A2JWDEMXQ8SQTI,0.0,4.0,0.0,1.0,0.0,1.0,1
A2JWF9IG8PJAOA,0.0,5.0,0.0,1.0,1.0,1.0,1
A2JWFLMUIV5N2P,0.0,5.0,0.0,1.0,1.0,1.0,1
A2JWZ2WBSBMTV3,0.0,5.0,0.0,1.0,1.0,1.0,1
A2JXAZZI9PHK9Z,0.0,5.0,0.0,1.0,1.0,1.0,1
A2JXS1JII6SAUD,0.0,5.0,0.0,1.0,1.0,1.0,1
A2JXT7KS8OU2L,0.0,1.0,0.0,1.0,0.0,0.0,1
A2JXWCXXRMY863,0.0,5.0,0.0,1.0,1.0,1.0,1
A2K0JL9L38MK8L,0.0,5.0,0.0,1.0,1.0,1.0,1
A2K0R61CIS5RCH,0.0,5.0,0.0,1.0,1.0,1.0,1
A2K17Y2WL5SA84,0.0,4.0,0.0,1.0,0.0,1.0,1
A2K33VWYQC9C2W,0.0,5.0,0.0,1.0,1.0,1.0,1
A2K3H7TWURVJSX,0.0,5.0,0.0,1.0,1.0,1.0,1
A2K3VNO28J98KR,0.0,5.0,0.0,1.0,1.0,1.0,1
A2K3WCT5GZY4FN,0.0,5.0,0.0,1.0,1.0,1.0,1
A2K3XAK8BP8LA,0.0,5.0,0.0,1.0,1.0,1.0,2
A2K4IDHREI1GLM,0.0,5.0,0.0,1.0,1.0,1.0,1
A2K4L3QL76RSG6,0.0,5.0,0.0,1.0,1.0,1.0,1
A2K51F7XMZ3YY3,0.0,5.0,0.0,1.0,1.0,1.0,1
A2K5FK58JSWXJ9,0.39548848910372325,4.666666666666667,0.5163977794943223,0.6045115108962767,0.6666666666666666,1.0,6
A2K5I02PHHTTNQ,0.0,5.0,0.0,1.0,1.0,1.0,1
A2K5NFUOAFUBD2,0.0,5.0,0.0,1.0,1.0,1.0,1
A2K64Z8VT8T43Z,0.0,1.0,0.0,1.0,0.0,0.0,1
A2K71J7YK6K91A,0.0,4.0,0.0,1.0,0.0,1.0,1
A2KAOIY8M4D044,0.0,5.0,0.0,1.0,1.0,1.0,1
A2KAU5BF41AKHN,0.43067655807339306,4.0,1.4142135623730951,0.5693234419266069,0.5,0.5,2
A2KE3HCVYS1GH1,0.0,5.0,0.0,1.0,1.0,1.0,1
A2KFAJY4JA7JQ1,0.0,5.0,0.0,1.0,1.0,1.0,1
A2KFWHHUFVKFXZ,0.0,5.0,0.0,1.0,1.0,1.0,1
A2KH10RLFZLN47,0.0,5.0,0.0,1.0,1.0,1.0,1
A2KHUQBX39VZC3,0.0,1.0,0.0,1.0,0.0,0.0,1
A2KHV9BF02Y4LH,0.0,5.0,0.0,1.0,1.0,1.0,1
A2KIJBT9HRIOM8,0.0,5.0,0.0,1.0,1.0,1.0,1
A2KJ43Z9LSL6S7,0.0,5.0,0.0,1.0,1.0,1.0,1
A2KJV9P3Q523CI,0.0,5.0,0.0,1.0,1.0,1.0,1
A2KJXBI3V1MZNM,0.0,5.0,0.0,1.0,1.0,1.0,1
A2KK14LTLA9DPK,0.0,3.0,0.0,1.0,0.0,0.0,1
A2KK3KCSA118PF,0.0,5.0,0.0,1.0,1.0,1.0,1
A2KKVYSLUE5JFR,0.0,5.0,0.0,1.0,1.0,1.0,1
A2KKWNUX1E3HPL,0.0,2.0,0.0,1.0,0.0,0.0,1
A2KL8TMCBUR036,0.0,5.0,0.0,1.0,1.0,1.0,1
A2KNQ0P1G1ZIE6,0.0,3.0,0.0,1.0,0.0,0.0,1
A2KPCPTR2Z3KA7,0.0,5.0,0.0,1.0,1.0,1.0,1
A2KQDWZZUBBNOJ,0.0,4.0,0.0,1.0,0.0,1.0,1
A2KR372GZW00MJ,0.0,4.0,0.0,1.0,0.0,1.0,1
A2KS0FVY2CNJ8M,0.0,4.0,0.0,1.0,0.0,1.0,1
A2KTANMYE2372G,0.0,4.0,0.0,1.0,0.0,1.0,2
A2KUEGMSLHUNNP,0.0,5.0,0.0,1.0,1.0,1.0,1
A2KUOQLRGGHCQX,0.0,5.0,0.0,1.0,1.0,1.0,1
A2KV9CT1CGLC1E,0.0,4.0,0.0,1.0,0.0,1.0,1
A2KVMXLAVXYXBE,0.0,5.0,0.0,1.0,1.0,1.0,1
A2KVSY1005QJDF,0.0,5.0,0.0,1.0,1.0,1.0,1
A2KWADO4SA275J,0.0,3.0,0.0,1.0,0.0,0.0,1
A2KWHJ272EKLO2,0.0,4.0,0.0,1.0,0.0,1.0,1
A2KWOC600DMC0W,0.0,4.0,0.0,1.0,0.0,1.0,1
A2KWQ3YQ5C3SPD,0.0,5.0,0.0,1.0,1.0,1.0,1
A2KYC21WDNY5L,0.0,4.0,0.0,1.0,0.0,1.0,1
A2KZ1JXW8J1VC8,0.0,5.0,0.0,1.0,1.0,1.0,1
A2KZKZSOJDBBIQ,0.0,5.0,0.0,1.0,1.0,1.0,1
A2KZOIOFXXMC1H,0.43067655807339306,2.5,0.7071067811865476,0.5693234419266069,0.0,0.0,2
A2KZWL4NQ65C7P,0.0,5.0,0.0,1.0,1.0,1.0,1
A2KZXS3L7C975N,0.0,5.0,0.0,1.0,1.0,1.0,1
A2L39O6FW4ES51,0.43067655807339306,3.5,0.7071067811865476,0.5693234419266069,0.0,0.5,2
A2L3OAPBMBGHHD,0.0,5.0,0.0,1.0,1.0,1.0,1
A2L3ZOXJL8OR9G,0.0,1.0,0.0,1.0,0.0,0.0,1
A2L44BPVGMB5FD,0.0,5.0,0.0,1.0,1.0,1.0,1
A2L5NKHS28Z6D9,0.0,3.0,0.0,1.0,0.0,0.0,1
A2L5YC5Z8JD34M,0.0,5.0,0.0,1.0,1.0,1.0,1
A2L6ARD2XWNC9P,0.0,5.0,0.0,1.0,1.0,1.0,1
A2L6U1XA9WQR2M,0.0,5.0,0.0,1.0,1.0,1.0,1
A2L7DQQSGCBA46,0.0,5.0,0.0,1.0,1.0,1.0,1
A2L7URQ9FR0U92,0.0,4.0,0.0,1.0,0.0,1.0,2
A2L7WYA5OENV03,0.0,4.0,0.0,1.0,0.0,1.0,3
A2L8545I1KHY19,0.0,4.0,0.0,1.0,0.0,1.0,1
A2L9EICT9AZ9AN,0.0,4.0,0.0,1.0,0.0,1.0,1
A2L9O39O92M77C,0.0,4.0,0.0,1.0,0.0,1.0,1
A2LAY11C7LCM2W,0.0,4.0,0.0,1.0,0.0,1.0,1
A2LB8VDT59VTP5,0.0,5.0,0.0,1.0,1.0,1.0,1
A2LCJASTNJO98K,0.0,3.0,0.0,1.0,0.0,0.0,1
A2LCO1J0MNWB43,0.0,1.0,0.0,1.0,0.0,0.0,1
A2LD9KDNCD0WCG,0.0,5.0,0.0,1.0,1.0,1.0,1
A2LDA4B81XDVJM,0.0,5.0,0.0,1.0,1.0,1.0,1
A2LELPJEN3H7A2,0.0,2.0,0.0,1.0,0.0,0.0,1
A2LFDHTL18INZQ,0.43067655807339306,3.0,2.8284271247461903,0.5693234419266069,0.5,0.5,2
A2LFIYTONVQMEQ,0.0,5.0,0.0,1.0,1.0,1.0,1
A2LH14QP9ZKF3G,0.0,3.0,0.0,1.0,0.0,0.0,1
A2LHANCVBGV36U,0.0,4.0,0.0,1.0,0.0,1.0,1
A2LHZKX1R0HW2M,0.0,4.0,0.0,1.0,0.0,1.0,1
A2LIZECHRMJAEI,0.0,1.0,0.0,1.0,0.0,0.0,1
A2LKEE1EP7KLD2,0.0,4.0,0.0,1.0,0.0,1.0,1
A2LKNC4N87YVN0,0.0,5.0,0.0,1.0,1.0,1.0,1
A2LME30OB5OHTN,0.0,5.0,0.0,1.0,1.0,1.0,1
A2LMF5Q6FO9TOI,0.0,4.0,0.0,1.0,0.0,1.0,1
A2LMVRUCHB6G8K,0.0,5.0,0.0,1.0,1.0,1.0,1
A2LNQQ1N2DZBUJ,0.0,1.0,0.0,1.0,0.0,0.0,1
A2LO26RUD8RCXH,0.0,1.0,0.0,1.0,0.0,0.0,2
A2LOZRM8IWNT7Z,0.0,2.0,0.0,1.0,0.0,0.0,1
A2LQN25HW5IGSB,0.0,4.0,0.0,1.0,0.0,1.0,1
A2LR9WP2JGDT8E,0.0,2.0,0.0,1.0,0.0,0.0,1
A2LRJOFOXNCIU6,0.0,4.0,0.0,1.0,0.0,1.0,1
A2LSK5XN4A3PN7,0.0,5.0,0.0,1.0,1.0,1.0,1
A2LT6YBLXOV3YD,0.0,4.0,0.0,1.0,0.0,1.0,1
A2LUJ7HIK09GEU,0.0,4.0,0.0,1.0,0.0,1.0,1
A2LURQYS40HDPR,0.0,4.0,0.0,1.0,0.0,1.0,1
A2LUW64R1VY53N,0.0,5.0,0.0,1.0,1.0,1.0,1
A2LVL416FFXCSI,0.0,1.0,0.0,1.0,0.0,0.0,1
A2LVSXBNK9VN3R,0.0,5.0,0.0,1.0,1.0,1.0,1
A2LVYHHNQVX8M8,0.39548848910372325,4.666666666666667,0.5773502691896257,0.6045115108962767,0.6666666666666666,1.0,3
A2LX285KLNY8M3,0.0,5.0,0.0,1.0,1.0,1.0,1
A2LYF3DJN9X5JN,0.0,3.0,0.0,1.0,0.0,0.0,1
A2LYK1AGZ4U9L8,0.0,4.0,0.0,1.0,0.0,1.0,1
A2LYL1FEOLWFSJ,0.0,5.0,0.0,1.0,1.0,1.0,1
A2LZ3HGE6UMSQF,0.0,5.0,0.0,1.0,1.0,1.0,1
A2LZHJH0LL0FM6,0.0,4.0,0.0,1.0,0.0,1.0,1
A2LZSPR192KEX6,0.0,5.0,0.0,1.0,1.0,1.0,1
A2M02TL1Q0DP5N,0.0,3.0,0.0,1.0,0.0,0.0,1
A2M0ZILSGJQS4,0.0,5.0,0.0,1.0,1.0,1.0,1
A2M1NZLZCHEP6A,0.0,5.0,0.0,1.0,1.0,1.0,1
A2M2LMZMDFI35Y,0.0,5.0,0.0,1.0,1.0,1.0,1
A2M3E53LN2CQT6,0.0,5.0,0.0,1.0,1.0,1.0,1
A2M4NHKCBDV4OD,0.0,5.0,0.0,1.0,1.0,1.0,1
A2M5GKAGV88LWD,0.3493984702822971,4.75,0.5,0.6506015297177029,0.75,1.0,4
A2M5KSLIOG4T4Y,0.0,5.0,0.0,1.0,1.0,1.0,1
A2M67X3IJ1EMIH,0.0,4.0,0.0,1.0,0.0,1.0,1
A2M775WAM2DXTD,0.0,5.0,0.0,1.0,1.0,1.0,1
A2M7G89B9WKLG9,0.0,4.0,0.0,1.0,0.0,1.0,1
A2M7NKO97UIVAH,0.0,5.0,0.0,1.0,1.0,1.0,3
A2M83KG7MS2VSR,0.0,4.0,0.0,1.0,0.0,1.0,1
A2M8GFU93TXKCN,0.0,1.0,0.0,1.0,0.0,0.0,1
A2M8QP8TSNRK5P,0.0,3.0,0.0,1.0,0.0,0.0,1
A2M9ME0N2S3R39,0.0,5.0,0.0,1.0,1.0,1.0,1
A2M9SJDWEJR7JN,0.0,5.0,0.0,1.0,1.0,1.0,1
A2MAXHANV8EETT,0.39548848910372325,4.333333333333333,1.1547005383792515,0.6045115108962767,0.6666666666666666,0.6666666666666666,3
A2MBKEPPUSAVUS,0.0,5.0,0.0,1.0,1.0,1.0,1
A2MBLVMVDLHK1L,0.0,5.0,0.0,1.0,1.0,1.0,1
A2MBOX3TNBCBV6,0.0,5.0,0.0,1.0,1.0,1.0,1
A2MBSC4S2PJNRD,0.0,5.0,0.0,1.0,1.0,1.0,1
A2MCRCK1V61FWQ,0.0,5.0,0.0,1.0,1.0,1.0,1
A2MCZGSS6UJHDS,0.0,5.0,0.0,1.0,1.0,1.0,2
A2MCZOZ2X2ZQYK,0.0,5.0,0.0,1.0,1.0,1.0,1
A2MD10BMUUTCV2,0.0,5.0,0.0,1.0,1.0,1.0,1
A2ME1L7ZCJFQOH,0.0,5.0,0.0,1.0,1.0,1.0,1
A2MF5NKKRVRZTJ,0.0,5.0,0.0,1.0,1.0,1.0,1
A2MFRJZCVA0QWY,0.0,5.0,0.0,1.0,1.0,1.0,1
A2MFT5N8Y4RXV9,0.0,5.0,0.0,1.0,1.0,1.0,1
A2MG5RDEK195A8,0.0,1.0,0.0,1.0,0.0,0.0,1
A2MG743ZMA5Y6N,0.0,4.0,0.0,1.0,0.0,1.0,1
A2MG95DI29NJTJ,0.0,3.0,0.0,1.0,0.0,0.0,1
A2MGCK4TVZQHIC,0.0,2.0,0.0,1.0,0.0,0.0,1
A2MGJ33YCV2DJM,0.0,5.0,0.0,1.0,1.0,1.0,2
A2MGM6AJYYLSAG,0.0,2.0,0.0,1.0,0.0,0.0,1
A2MHH4FWA6B6FV,0.0,5.0,0.0,1.0,1.0,1.0,1
A2MHHD7Q2ZCZLQ,0.0,5.0,0.0,1.0,1.0,1.0,1
A2MII7AJ7ID0NR,0.0,5.0,0.0,1.0,1.0,1.0,1
A2MJHJ3VYTS7V8,0.0,4.0,0.0,1.0,0.0,1.0,1
A2ML7WMTUSADPA,0.0,4.0,0.0,1.0,0.0,1.0,1
A2MLKJWU2K5SGP,0.0,4.0,0.0,1.0,0.0,1.0,1
A2MML4TOL6Q7BG,0.0,5.0,0.0,1.0,1.0,1.0,1
A2MMPAHJUJAVWV,0.0,5.0,0.0,1.0,1.0,1.0,1
A2MMTMB7CKROY0,0.0,5.0,0.0,1.0,1.0,1.0,1
A2MNB77YGJ3CN0,0.0,5.0,0.0,1.0,1.0,1.0,1
A2MNHYUXMW4KW7,0.0,5.0,0.0,1.0,1.0,1.0,1
A2MOD50IHEDH3G,0.0,5.0,0.0,1.0,1.0,1.0,1
A2MOJANFPX353G,0.0,5.0,0.0,1.0,1.0,1.0,1
A2MOM7UV3ZY4H1,0.0,4.0,0.0,1.0,0.0,1.0,1
A2MPKE7P1DFYTK,0.0,4.0,0.0,1.0,0.0,1.0,1
A2MPLELJPDNTUQ,0.0,4.0,0.0,1.0,0.0,1.0,1
A2MPQHYMT258ZV,0.0,4.0,0.0,1.0,0.0,1.0,1
A2MPT0SEX1ORN7,0.0,5.0,0.0,1.0,1.0,1.0,1
A2MPVQT5N0NB20,0.0,5.0,0.0,1.0,1.0,1.0,1
A2MQ3Z1UX5EXUC,0.0,5.0,0.0,1.0,1.0,1.0,1
A2MQYBL04OEG6B,0.0,5.0,0.0,1.0,1.0,1.0,1
A2MSAU64QJ998A,0.0,5.0,0.0,1.0,1.0,1.0,1
A2MSQT2P5PH6O3,0.0,2.0,0.0,1.0,0.0,0.0,1
A2MTB7FSEW2KG9,0.0,4.0,0.0,1.0,0.0,1.0,1
A2MTMN4A9KGE2X,0.0,5.0,0.0,1.0,1.0,1.0,1
A2MTPVXL6HD5VP,0.0,3.0,0.0,1.0,0.0,0.0,1
A2MTU2IXXZ35ZF,0.43067655807339306,3.5,0.7071067811865476,0.5693234419266069,0.0,0.5,2
A2MTXUIGK2736T,0.0,5.0,0.0,1.0,1.0,1.0,1
A2MUCVJJFNIP4S,0.0,5.0,0.0,1.0,1.0,1.0,1
A2MVO3996P4E4Y,0.0,4.0,0.0,1.0,0.0,1.0,1
A2MWHD94CP06QL,0.0,5.0,0.0,1.0,1.0,1.0,1
A2MWNYW5IB8Y0N,0.0,1.0,0.0,1.0,0.0,0.0,1
A2MXK2BL6EFOPR,0.0,5.0,0.0,1.0,1.0,1.0,1
A2MY9VXHZYAHUZ,0.0,5.0,0.0,1.0,1.0,1.0,2
A2MYK96VGMBV0S,0.0,4.0,0.0,1.0,0.0,1.0,1
A2MYRMQWSWGR29,0.0,2.0,0.0,1.0,0.0,0.0,1
A2MYX5ZQDAZH2Z,0.0,5.0,0.0,1.0,1.0,1.0,1
A2MZRCGX947V40,0.0,1.0,0.0,1.0,0.0,0.0,1
A2N07D07YVB08S,0.0,5.0,0.0,1.0,1.0,1.0,1
A2N09FAU09DKYD,0.0,3.0,0.0,1.0,0.0,0.0,1
A2N0UGB60G110F,0.0,5.0,0.0,1.0,1.0,1.0,1
A2N0XYJE6MU9LZ,0.0,5.0,0.0,1.0,1.0,1.0,1
A2N1DWN3DCXNAI,0.0,1.0,0.0,1.0,0.0,0.0,1
A2N1GE2B8QXK08,0.0,5.0,0.0,1.0,1.0,1.0,1
A2N1VI3PB6IXMP,0.0,5.0,0.0,1.0,1.0,1.0,1
A2N2C8O2RYL3M3,0.0,5.0,0.0,1.0,1.0,1.0,1
A2N2GPFRRUPP1J,0.0,3.0,0.0,1.0,0.0,0.0,1
A2N3OJ1T4IKZBM,0.0,5.0,0.0,1.0,1.0,1.0,1
A2N3PTK1ZZGHSJ,0.0,4.0,0.0,1.0,0.0,1.0,1
A2N44JXLCGCKVR,0.0,5.0,0.0,1.0,1.0,1.0,1
A2N607UFKAA5MM,0.0,5.0,0.0,1.0,1.0,1.0,1
A2N63B3300IC70,0.0,5.0,0.0,1.0,1.0,1.0,1
A2N67VW99YXWAQ,0.0,5.0,0.0,1.0,1.0,1.0,1
A2N7PWCMIZHH9S,0.0,5.0,0.0,1.0,1.0,1.0,1
A2N8DYL17G3I7C,0.0,5.0,0.0,1.0,1.0,1.0,1
A2NA41EE5VUMY0,0.0,1.0,0.0,1.0,0.0,0.0,1
A2NA9VZN5VA9GW,0.0,5.0,0.0,1.0,1.0,1.0,1
A2NAD5DJUIU877,0.43067655807339306,3.0,2.8284271247461903,0.5693234419266069,0.5,0.5,2
A2NB2E5DXE319Z,0.0,5.0,0.0,1.0,1.0,1.0,1
A2NB8QWHLQ60UU,0.0,4.0,0.0,1.0,0.0,1.0,1
A2NBQ9E181AC8O,0.0,2.0,0.0,1.0,0.0,0.0,1
A2NCO79BXDXVCQ,0.0,1.0,0.0,1.0,0.0,0.0,1
A2NCSPA53VB4OK,0.0,4.0,0.0,1.0,0.0,1.0,1
A2ND0D2JVW04KS,0.0,3.0,0.0,1.0,0.0,0.0,1
A2ND1OJCS96L69,0.0,5.0,0.0,1.0,1.0,1.0,1
A2NEASNMHL1A4O,0.43067655807339306,3.5,2.1213203435596424,0.5693234419266069,0.5,0.5,2
A2NEMZPEE1NIWE,0.0,4.0,0.0,1.0,0.0,1.0,1
A2NF9AB5M72QTE,0.0,3.0,0.0,1.0,0.0,0.0,1
A2NFWBJGGT9BM5,0.0,3.0,0.0,1.0,0.0,0.0,1
A2NGUYX6A691YS,0.43067655807339306,4.5,0.7071067811865476,0.5693234419266069,0.5,1.0,2
A2NHID60GOWHD0,0.0,5.0,0.0,1.0,1.0,1.0,1
A2NICY8I08AZL2,0.43067655807339306,4.0,1.4142135623730951,0.5693234419266069,0.5,0.5,2
A2NIT6BKW11XJQ,0.0,4.0,0.0,1.0,0.0,1.0,1
A2NJ72QP6SU0MQ,0.0,3.0,0.0,1.0,0.0,0.0,1
A2NJEDYEYUGFM8,0.0,2.0,0.0,1.0,0.0,0.0,1
A2NKHNO8VA378W,0.0,5.0,0.0,1.0,1.0,1.0,1
A2NLE392AJ0LOU,0.0,5.0,0.0,1.0,1.0,1.0,1
A2NMQWBDWT3SQF,0.0,5.0,0.0,1.0,1.0,1.0,1
A2NMY5UF624JGE,0.0,5.0,0.0,1.0,1.0,1.0,1
A2NOQZINOJVPV2,0.0,5.0,0.0,1.0,1.0,1.0,1
A2NOSUGEJQ3GI3,0.0,1.0,0.0,1.0,0.0,0.0,1
A2NOW4U7W3F7RI,0.0,5.0,0.0,1.0,1.0,1.0,1
A2NOXTG05AHVB3,0.0,5.0,0.0,1.0,1.0,1.0,1
A2NQ5LLFYUKUFL,0.0,4.0,0.0,1.0,0.0,1.0,1
A2NRAA6WNNQ4O5,0.0,4.0,0.0,1.0,0.0,1.0,1
A2NS2BWQKIS13C,0.0,5.0,0.0,1.0,1.0,1.0,1
A2NSNH8RW55F32,0.0,5.0,0.0,1.0,1.0,1.0,1
A2NSR2R4M8CWC2,0.0,5.0,0.0,1.0,1.0,1.0,1
A2NSS0L3NIU6CN,0.0,2.0,0.0,1.0,0.0,0.0,1
A2NUN3UYLJYKFN,0.0,1.0,0.0,1.0,0.0,0.0,1
A2NV4YCNVT7W98,0.0,5.0,0.0,1.0,1.0,1.0,1
A2NVQZ4Y7Y0J1R,0.0,1.0,0.0,1.0,0.0,0.0,1
A2NX6MFZP8TM6S,0.0,5.0,0.0,1.0,1.0,1.0,2
A2NX6PABLIJLP1,0.0,5.0,0.0,1.0,1.0,1.0,1
A2NXHKW2R4IZNG,0.0,5.0,0.0,1.0,1.0,1.0,1
A2NXNDJVTMANZM,0.0,3.0,0.0,1.0,0.0,0.0,1
A2NYK9KWFMJV4Y,0.0,5.0,0.0,1.0,1.0,1.0,2
A2NYUHO4HL2CYG,0.0,5.0,0.0,1.0,1.0,1.0,1
A2NYY8Z3CWT3IB,0.0,5.0,0.0,1.0,1.0,1.0,1
A2NZB5S3QTQRVS,0.0,5.0,0.0,1.0,1.0,1.0,1
A2O0OMNWUPRF59,0.0,4.0,0.0,1.0,0.0,1.0,1
A2O168CJIAEGL5,0.43067655807339306,4.0,1.4142135623730951,0.5693234419266069,0.5,0.5,2
A2O1L50DB0VQYB,0.0,5.0,0.0,1.0,1.0,1.0,1
A2O254M30LOZCV,0.0,5.0,0.0,1.0,1.0,1.0,1
A2O26XU8WGOQSC,0.0,5.0,0.0,1.0,1.0,1.0,1
A2O28GXZHU7P3C,0.0,5.0,0.0,1.0,1.0,1.0,1
A2O2D7JV0QU630,0.0,5.0,0.0,1.0,1.0,1.0,1
A2O5TLE802NTA8,0.0,5.0,0.0,1.0,1.0,1.0,1
A2O5V1WMIXX0NO,0.0,5.0,0.0,1.0,1.0,1.0,1
A2O6AAW9WZ1XJB,0.0,5.0,0.0,1.0,1.0,1.0,1
A2O6R7X7GS2IM7,0.0,5.0,0.0,1.0,1.0,1.0,1
A2O8BAXJPDSV0M,0.0,4.0,0.0,1.0,0.0,1.0,1
A2O9BLNNEAH7JI,0.0,4.0,0.0,1.0,0.0,1.0,1
A2O9JVPA8VZFXE,0.0,5.0,0.0,1.0,1.0,1.0,1
A2O9UK5B50KKYB,0.0,5.0,0.0,1.0,1.0,1.0,1
A2OAJN06TQ9KAT,0.0,5.0,0.0,1.0,1.0,1.0,1
A2OAUV1E9YV1ID,0.0,5.0,0.0,1.0,1.0,1.0,1
A2OB0IK83HTU18,0.0,5.0,0.0,1.0,1.0,1.0,1
A2OBHC9ED59WO1,0.0,5.0,0.0,1.0,1.0,1.0,2
A2OCFY81BELYVJ,0.0,4.0,0.0,1.0,0.0,1.0,1
A2OCNEE5JHLJI9,0.0,5.0,0.0,1.0,1.0,1.0,1
A2OD0GJGVMA07I,0.0,5.0,0.0,1.0,1.0,1.0,1
A2ODZAM2HH1COJ,0.0,5.0,0.0,1.0,1.0,1.0,1
A2OEPMLEWAF9A4,0.0,5.0,0.0,1.0,1.0,1.0,1
A2OF7E89T1UYZT,0.0,5.0,0.0,1.0,1.0,1.0,1
A2OFPV99TN5FA9,0.0,5.0,0.0,1.0,1.0,1.0,1
A2OGXHE7PVLTOE,0.0,4.0,0.0,1.0,0.0,1.0,1
A2OH11RXZJDOEV,0.0,2.0,0.0,1.0,0.0,0.0,1
A2OH37ZS0I1RSK,0.0,5.0,0.0,1.0,1.0,1.0,1
A2OHEHPGQ8MNJX,0.0,5.0,0.0,1.0,1.0,1.0,1
A2OHGA790ZR35V,0.0,5.0,0.0,1.0,1.0,1.0,1
A2OKCS5234ZV7S,0.0,5.0,0.0,1.0,1.0,1.0,2
A2OKLYBFUKQNU4,0.0,5.0,0.0,1.0,1.0,1.0,1
A2OLJ3NHHOHCHQ,0.0,2.0,0.0,1.0,0.0,0.0,1
A2OLQ18EOBZPE6,0.0,5.0,0.0,1.0,1.0,1.0,6
A2OLTRWQKKDD5E,0.0,5.0,0.0,1.0,1.0,1.0,1
A2OMG3GYEFXOC9,0.0,5.0,0.0,1.0,1.0,1.0,1
A2OMVGNP2F5O6T,0.0,4.0,0.0,1.0,0.0,1.0,2
A2OMVQGC33VSNC,0.0,3.0,0.0,1.0,0.0,0.0,1
A2OMWV3WTOJ27N,0.0,5.0,0.0,1.0,1.0,1.0,1
A2OMXJJJU63L5Q,0.0,5.0,0.0,1.0,1.0,1.0,1
A2ONNRUVWQN0HU,0.0,2.0,0.0,1.0,0.0,0.0,1
A2OOVMY4NX4CIP,0.0,4.0,0.0,1.0,0.0,1.0,1
A2OPFKDHSH8T31,0.0,3.0,0.0,1.0,0.0,0.0,1
A2OR94VN7XQCUO,0.0,3.0,0.0,1.0,0.0,0.0,1
A2OTFNASZFDVFT,0.0,5.0,0.0,1.0,1.0,1.0,1
A2OTT4J4JLCL1G,0.0,3.0,0.0,1.0,0.0,0.0,1
A2OVKPY380S7M3,0.0,5.0,0.0,1.0,1.0,1.0,1
A2OXGLRMYMXCHY,0.0,5.0,0.0,1.0,1.0,1.0,1
A2OXV9Q03XSKV6,0.0,1.0,0.0,1.0,0.0,0.0,1
A2OYSRFTFIJSE,0.0,4.0,0.0,1.0,0.0,1.0,1
A2OZ5ERO1D2YOX,0.0,5.0,0.0,1.0,1.0,1.0,1
A2OZ96KRM10ST1,0.0,4.0,0.0,1.0,0.0,1.0,1
A2OZDMW87K5XSO,0.0,5.0,0.0,1.0,1.0,1.0,1
A2P0HSG8FQUO76,0.0,5.0,0.0,1.0,1.0,1.0,1
A2P0SF8FSBIOKM,0.0,2.0,0.0,1.0,0.0,0.0,1
A2P1ESXY3TK3UM,0.0,4.0,0.0,1.0,0.0,1.0,1
A2P1G7ONLUBJ7O,0.0,5.0,0.0,1.0,1.0,1.0,1
A2P1ZALAC93BHH,0.0,5.0,0.0,1.0,1.0,1.0,1
A2P2FU0YG5IEYI,0.0,5.0,0.0,1.0,1.0,1.0,1
A2P38D8T3HQ14T,0.0,4.0,0.0,1.0,0.0,1.0,1
A2P3LG0CZ2WNX0,0.0,5.0,0.0,1.0,1.0,1.0,2
A2P3V1BG6FMUS5,0.0,5.0,0.0,1.0,1.0,1.0,1
A2P45JTLZQ5C8V,0.0,5.0,0.0,1.0,1.0,1.0,1
A2P52SPNEHYPZ9,0.0,4.0,0.0,1.0,0.0,1.0,1
A2P533MRZ7JB2Y,0.0,5.0,0.0,1.0,1.0,1.0,1
A2P5U7BDKKT7FW,0.0,2.0,0.0,1.0,0.0,0.0,1
A2P6FU1HQ1OFAP,0.0,5.0,0.0,1.0,1.0,1.0,2
A2P73QZC75DD2A,0.0,4.0,0.0,1.0,0.0,1.0,1
A2P7N9VW82JOKE,0.0,5.0,0.0,1.0,1.0,1.0,1
A2P9KNX5JRKPKH,0.0,1.0,0.0,1.0,0.0,0.0,1
A2P9W6KDKYFSXO,0.43067655807339306,4.5,0.7071067811865476,0.5693234419266069,0.5,1.0,2
A2PAD826IH1HFE,0.0,5.0,0.0,1.0,1.0,1.0,1
A2PATWWZAXHQYA,0.0,5.0,0.0,1.0,1.0,1.0,1
A2PC1YCLTB3EY9,0.0,5.0,0.0,1.0,1.0,1.0,1
A2PC6KJ50P32KE,0.0,4.0,0.0,1.0,0.0,1.0,1
A2PC9ZZIFV31B1,0.0,5.0,0.0,1.0,1.0,1.0,1
A2PDNGELZSWCQG,0.0,5.0,0.0,1.0,1.0,1.0,1
A2PE6WM9V5A45Y,0.0,5.0,0.0,1.0,1.0,1.0,1
A2PEAJVDLTBHL2,0.0,5.0,0.0,1.0,1.0,1.0,1
A2PECP2HBQG4AS,0.0,2.0,0.0,1.0,0.0,0.0,1
A2PEUFPOYLY3U7,0.0,5.0,0.0,1.0,1.0,1.0,1
A2PGE5RPSV9BFH,0.0,5.0,0.0,1.0,1.0,1.0,1
A2PGQ584ZF9B3F,0.0,1.0,0.0,1.0,0.0,0.0,1
A2PH4RGYVR34L,0.0,5.0,0.0,1.0,1.0,1.0,1
A2PIAVZR2957GK,0.0,5.0,0.0,1.0,1.0,1.0,1
A2PIXJPHL8RSRW,0.0,3.0,0.0,1.0,0.0,0.0,1
A2PK64OVZA1U8Z,0.0,1.0,0.0,1.0,0.0,0.0,1
A2PL7ZNZNA1S68,0.0,2.0,0.0,1.0,0.0,0.0,1
A2PLKZ6IW9MXRZ,0.0,1.0,0.0,1.0,0.0,0.0,1
A2PLSZ90SNG3FV,0.0,5.0,0.0,1.0,1.0,1.0,1
A2PMM1LP41I6IN,0.0,5.0,0.0,1.0,1.0,1.0,1
A2PMSS7I2J8ZBE,0.0,4.0,0.0,1.0,0.0,1.0,1
A2PN8S9QT7INHE,0.0,5.0,0.0,1.0,1.0,1.0,1
A2PNCASV102XS4,0.0,4.0,0.0,1.0,0.0,1.0,1
A2PNSG656BQTHC,0.0,5.0,0.0,1.0,1.0,1.0,1
A2PNSW5ZWFISHU,0.0,5.0,0.0,1.0,1.0,1.0,1
A2PNVJCCV4GKE1,0.0,5.0,0.0,1.0,1.0,1.0,1
A2PNZBN5CNAHTR,0.0,2.0,0.0,1.0,0.0,0.0,1
A2POPDGIZ1XGFE,0.0,5.0,0.0,1.0,1.0,1.0,1
A2PQZH1SJGRV4Y,0.0,5.0,0.0,1.0,1.0,1.0,1
A2PRAB4P64SXLK,0.0,4.0,0.0,1.0,0.0,1.0,1
A2PS6H6NHW0ZVK,0.0,5.0,0.0,1.0,1.0,1.0,1
A2PT4GUA0M95QE,0.0,5.0,0.0,1.0,1.0,1.0,1
A2PUDX7VRQN5M5,0.0,5.0,0.0,1.0,1.0,1.0,1
A2PVD9N0YBE1E3,0.0,5.0,0.0,1.0,1.0,1.0,1
A2PVP1JIIURX7N,0.0,2.0,0.0,1.0,0.0,0.0,1
A2PWNYM29NJ2J4,0.0,4.0,0.0,1.0,0.0,1.0,1
A2PYISW9CMNCJB,0.0,5.0,0.0,1.0,1.0,1.0,1
A2PYL7WLGVIBT7,0.0,4.0,0.0,1.0,0.0,1.0,1
A2PYS280Q1UH7V,0.0,5.0,0.0,1.0,1.0,1.0,2
A2PZ3URE2O6S8G,0.0,3.0,0.0,1.0,0.0,0.0,1
A2PZJYHC2342W,0.0,5.0,0.0,1.0,1.0,1.0,1
A2PZKHQ3CDLU8Y,0.0,2.0,0.0,1.0,0.0,0.0,1
A2Q12G0CRKK0KP,0.0,4.0,0.0,1.0,0.0,1.0,1
A2Q230N02UCO8O,0.0,5.0,0.0,1.0,1.0,1.0,1
A2Q2NQODHFA2C9,0.0,5.0,0.0,1.0,1.0,1.0,1
A2Q4DC1N1DH67C,0.0,5.0,0.0,1.0,1.0,1.0,1
A2Q5OH3DGQGMXD,0.0,5.0,0.0,1.0,1.0,1.0,1
A2Q5RORSLPNHIN,0.0,5.0,0.0,1.0,1.0,1.0,1
A2Q6I453ZNXBE2,0.0,2.0,0.0,1.0,0.0,0.0,1
A2Q6VIQLGXXLGD,0.0,5.0,0.0,1.0,1.0,1.0,2
A2Q7QOQTWLLQMA,0.0,4.0,0.0,1.0,0.0,1.0,1
A2Q7VY0358PA3W,0.0,5.0,0.0,1.0,1.0,1.0,1
A2Q89DEW2Y91A7,0.43067655807339306,3.0,2.8284271247461903,0.5693234419266069,0.5,0.5,2
A2Q8J8IL6V9M5T,0.0,4.0,0.0,1.0,0.0,1.0,1
A2Q90UILXT8BNI,0.0,5.0,0.0,1.0,1.0,1.0,2
A2Q9ZWQ5NVT19E,0.0,5.0,0.0,1.0,1.0,1.0,1
A2QA43U4AHHCC,0.0,3.0,0.0,1.0,0.0,0.0,1
A2QAGLOY2VFUYU,0.0,4.0,0.0,1.0,0.0,1.0,1
A2QAH6UNUXCSP1,0.0,3.0,0.0,1.0,0.0,0.0,1
A2QAOP52OEB5EV,0.43067655807339306,3.5,2.1213203435596424,0.5693234419266069,0.5,0.5,2
A2QARZA980DE7S,0.0,3.0,0.0,1.0,0.0,0.0,1
A2QAS68TU5KOZT,0.0,5.0,0.0,1.0,1.0,1.0,1
A2QB3BKGDVG6DX,0.0,3.0,0.0,1.0,0.0,0.0,1
A2QBJEHKTD7R6O,0.0,3.0,0.0,1.0,0.0,0.0,1
A2QBZA4S1ROX9Q,0.0,3.0,0.0,1.0,0.0,0.0,1
A2QBZTG2TIZDER,0.0,5.0,0.0,1.0,1.0,1.0,1
A2QCJ9VR3SEIR0,0.0,5.0,0.0,1.0,1.0,1.0,1
A2QDO2ACVW88GT,0.0,5.0,0.0,1.0,1.0,1.0,1
A2QDSC731OQC3P,0.0,5.0,0.0,1.0,1.0,1.0,1
A2QDZ4P82VRC00,0.0,1.0,0.0,1.0,0.0,0.0,1
A2QGPKUCZ60X24,0.0,3.0,0.0,1.0,0.0,0.0,1
A2QGQ5KO0RRENL,0.5904362833084089,4.2,1.3038404810405297,0.4095637166915911,0.6,0.8,5
A2QHNWXQ4CU2J3,0.0,4.0,0.0,1.0,0.0,1.0,1
A2QI2JHSIQ3SN3,0.0,5.0,0.0,1.0,1.0,1.0,1
A2QIB13E4TR50S,0.0,4.0,0.0,1.0,0.0,1.0,1
A2QIC4G483SQQA,0.0,5.0,0.0,1.0,1.0,1.0,1
A2QIDS8473FW29,0.0,5.0,0.0,1.0,1.0,1.0,1
A2QIK74BPWV7NR,0.0,5.0,0.0,1.0,1.0,1.0,1
A2QJ3GNQ3SYKCQ,0.0,4.0,0.0,1.0,0.0,1.0,1
A2QJJR9P3IYVO9,0.0,5.0,0.0,1.0,1.0,1.0,1
A2QJW1H9XD1U3B,0.0,5.0,0.0,1.0,1.0,1.0,1
A2QK0CVRJVW7PX,0.0,5.0,0.0,1.0,1.0,1.0,1
A2QKEU7GJSD6FN,0.0,4.0,0.0,1.0,0.0,1.0,1
A2QKYGD9QERARX,0.0,4.0,0.0,1.0,0.0,1.0,1
A2QL8RR6HVSXR9,0.0,5.0,0.0,1.0,1.0,1.0,1
A2QLAROSHRF0W3,0.0,3.0,0.0,1.0,0.0,0.0,1
A2QLJA07RV41US,0.0,4.0,0.0,1.0,0.0,1.0,1
A2QMPB2I0Z5K6W,0.0,5.0,0.0,1.0,1.0,1.0,1
A2QO4JQX6MTS75,0.0,4.0,0.0,1.0,0.0,1.0,1
A2QOLHSESSJZWJ,0.0,5.0,0.0,1.0,1.0,1.0,1
A2QQU4THUEX7I,0.0,5.0,0.0,1.0,1.0,1.0,1
A2QRX9OJKW9TM9,0.0,1.0,0.0,1.0,0.0,0.0,1
A2QS3VN107MRZH,0.0,3.0,0.0,1.0,0.0,0.0,1
A2QT1VUOINR03O,0.0,5.0,0.0,1.0,1.0,1.0,1
A2QT4XAXGRNVEO,0.0,5.0,0.0,1.0,1.0,1.0,1
A2QV5G2WEWP15M,0.0,5.0,0.0,1.0,1.0,1.0,1
A2QVJHFRB94AI1,0.0,5.0,0.0,1.0,1.0,1.0,1
A2QVSQFCJRDRX5,0.43067655807339306,4.0,1.4142135623730951,0.5693234419266069,0.5,0.5,2
A2QVVJUAHMMFQU,0.0,3.0,0.0,1.0,0.0,0.0,1
A2QXRKY45PAGU9,0.0,5.0,0.0,1.0,1.0,1.0,1
A2QY6S1O0Y0Z65,0.0,5.0,0.0,1.0,1.0,1.0,1
A2QYH0JNDSB7CT,0.0,1.0,0.0,1.0,0.0,0.0,1
A2QYV2416XB0BQ,0.0,5.0,0.0,1.0,1.0,1.0,1
A2QYZET30IH2AI,0.0,5.0,0.0,1.0,1.0,1.0,1
A2QZ7Z48X4I4TA,0.0,5.0,0.0,1.0,1.0,1.0,1
A2QZP0Q6G02AFZ,0.0,5.0,0.0,1.0,1.0,1.0,1
A2R035SIYEQN2O,0.0,4.0,0.0,1.0,0.0,1.0,1
A2R0FHBR9OBFGM,0.0,5.0,0.0,1.0,1.0,1.0,1
A2R0PC25CYTJUW,0.43067655807339306,4.5,0.7071067811865476,0.5693234419266069,0.5,1.0,2
A2R0SHL1G7GV38,0.0,2.0,0.0,1.0,0.0,0.0,1
A2R1ASJJDBM2S4,0.0,5.0,0.0,1.0,1.0,1.0,1
A2R1MSD6OMF7V3,0.0,5.0,0.0,1.0,1.0,1.0,1
A2R2ZMVX4ENQTU,0.0,5.0,0.0,1.0,1.0,1.0,1
A2R4W72HCKFQHZ,0.0,3.0,0.0,1.0,0.0,0.0,1
A2R5CUTW2NJ3G,0.0,5.0,0.0,1.0,1.0,1.0,1
A2R5QQBR79XURA,0.0,3.0,0.0,1.0,0.0,0.0,1
A2R5SM2C87PDOQ,0.0,4.0,0.0,1.0,0.0,1.0,1
A2R6F8XP2DL6RC,0.0,4.0,0.0,1.0,0.0,1.0,1
A2R6RA8FRBS608,0.4110523512879347,4.375,0.5175491695067658,0.5889476487120653,0.375,1.0,8
A2R6SB61DQ1VXU,0.0,4.0,0.0,1.0,0.0,1.0,1
A2R7LGGF0XYJGK,0.0,5.0,0.0,1.0,1.0,1.0,1
A2R81A5S1AJC3F,0.0,3.0,0.0,1.0,0.0,0.0,1
A2R9DK7JEEQD2D,0.0,5.0,0.0,1.0,1.0,1.0,1
A2R9J5LULVKF6T,0.43067655807339306,4.5,0.7071067811865476,0.5693234419266069,0.5,1.0,2
A2R9M9ALI356JU,0.0,4.0,0.0,1.0,0.0,1.0,1
A2RA2SK1H0WLQG,0.0,3.0,0.0,1.0,0.0,0.0,1
A2RB0X2T3VWV1B,0.0,5.0,0.0,1.0,1.0,1.0,1
A2RB7KPCTJEP4Z,0.0,4.0,0.0,1.0,0.0,1.0,2
A2RBMWT2ZB95JY,0.0,5.0,0.0,1.0,1.0,1.0,1
A2RBX3L0OJSXN0,0.0,5.0,0.0,1.0,1.0,1.0,2
A2RE73VUCARNE0,0.0,5.0,0.0,1.0,1.0,1.0,1
A2RFNIOYR9YO69,0.0,5.0,0.0,1.0,1.0,1.0,1
A2RHF1DLWK3MO4,0.0,3.0,0.0,1.0,0.0,0.0,1
A2RI4QE6EO29CA,0.0,5.0,0.0,1.0,1.0,1.0,1
A2RKKWRIGGMOWU,0.0,3.0,0.0,1.0,0.0,0.0,1
A2RL9JHYNEJ1QR,0.43067655807339306,2.5,0.7071067811865476,0.5693234419266069,0.0,0.0,2
A2RM5ZSZJQL7WY,0.0,5.0,0.0,1.0,1.0,1.0,1
A2RMLJU43O2OQI,0.0,5.0,0.0,1.0,1.0,1.0,1
A2RMTTDT5Z6G86,0.0,5.0,0.0,1.0,1.0,1.0,1
A2RPRWKVCY13FI,0.0,5.0,0.0,1.0,1.0,1.0,1
A2RQKWQP4W3I2M,0.0,5.0,0.0,1.0,1.0,1.0,1
A2RQVIY25W6ZD4,0.0,3.0,0.0,1.0,0.0,0.0,1
A2RRT5Z4D43CZV,0.0,5.0,0.0,1.0,1.0,1.0,1
A2RRYDCPJ4T8OV,0.0,5.0,0.0,1.0,1.0,1.0,1
A2RSBGN7RNQ3S0,0.0,2.0,0.0,1.0,0.0,0.0,1
A2RTUZEUT87V92,0.0,1.0,0.0,1.0,0.0,0.0,1
A2RU0H9MD4IH5M,0.0,5.0,0.0,1.0,1.0,1.0,1
A2RU2K55M9S25C,0.0,4.0,0.0,1.0,0.0,1.0,2
A2RUJAHQLGIOGP,0.0,5.0,0.0,1.0,1.0,1.0,1
A2RULKDI00UF1F,0.0,5.0,0.0,1.0,1.0,1.0,1
A2RUN82QPU60PN,0.0,3.0,0.0,1.0,0.0,0.0,1
A2RV56C21T320Y,0.43067655807339306,3.5,0.7071067811865476,0.5693234419266069,0.0,0.5,2
A2RW587355CMVA,0.0,5.0,0.0,1.0,1.0,1.0,1
A2RWBBQ4TLBQTY,0.0,1.0,0.0,1.0,0.0,0.0,1
A2RWHTNM5P3I8Y,0.39548848910372325,4.333333333333333,0.5773502691896257,0.6045115108962767,0.3333333333333333,1.0,3
A2RWLVFGTWL41S,0.0,5.0,0.0,1.0,1.0,1.0,1
A2RYI0YNOEB1LM,0.0,1.0,0.0,1.0,0.0,0.0,1
A2RYWJMMS08S29,0.0,5.0,0.0,1.0,1.0,1.0,1
A2RZGU7NDOEN8S,0.0,4.0,0.0,1.0,0.0,1.0,1
A2RZVD8A0T6ZF1,0.0,5.0,0.0,1.0,1.0,1.0,1
A2S081Y72FI34Z,0.0,4.0,0.0,1.0,0.0,1.0,1
A2S13NSRLNW59V,0.0,5.0,0.0,1.0,1.0,1.0,1
A2S2PG1LKF4YCX,0.0,5.0,0.0,1.0,1.0,1.0,1
A2S33I8S9FJF7,0.0,5.0,0.0,1.0,1.0,1.0,1
A2S3CS0WLR616U,0.0,5.0,0.0,1.0,1.0,1.0,1
A2S3G3C84ATVST,0.0,5.0,0.0,1.0,1.0,1.0,1
A2S3I1ELT364CQ,0.0,2.0,0.0,1.0,0.0,0.0,1
A2S462MQ984OD2,0.0,5.0,0.0,1.0,1.0,1.0,1
A2S4ALQNVY89W0,0.0,5.0,0.0,1.0,1.0,1.0,1
A2S4OCXPJ9SA01,0.0,5.0,0.0,1.0,1.0,1.0,1
A2S4UO73LBY2EZ,0.0,4.0,0.0,1.0,0.0,1.0,1
A2S4X009TZ0C26,0.0,5.0,0.0,1.0,1.0,1.0,1
A2S5T5L2JILR16,0.0,5.0,0.0,1.0,1.0,1.0,1
A2S5XJK8PFYKH9,0.0,5.0,0.0,1.0,1.0,1.0,2
A2S67FYOJ408L0,0.0,5.0,0.0,1.0,1.0,1.0,2
A2S6QXXEDVCZHY,0.0,1.0,0.0,1.0,0.0,0.0,1
A2S728U0V6CZET,0.0,5.0,0.0,1.0,1.0,1.0,1
A2SAI9GPI7NLK,0.0,5.0,0.0,1.0,1.0,1.0,1
A2SATO5BNKWY3Y,0.0,5.0,0.0,1.0,1.0,1.0,2
A2SBFXPN5V6A6X,0.0,2.0,0.0,1.0,0.0,0.0,1
A2SD0UPTBP3T0F,0.0,4.0,0.0,1.0,0.0,1.0,1
A2SDA5LOD7577T,0.0,5.0,0.0,1.0,1.0,1.0,1
A2SEEDV7NNPIBG,0.0,4.0,0.0,1.0,0.0,1.0,1
A2SEHOBX4M0OZ0,0.0,4.0,0.0,1.0,0.0,1.0,1
A2SEJZ4E8N675N,0.0,5.0,0.0,1.0,1.0,1.0,1
A2SEQUFN8W7D07,0.0,5.0,0.0,1.0,1.0,1.0,1
A2SF8O50ZLJOC0,0.0,5.0,0.0,1.0,1.0,1.0,1
A2SHQJP6PNQTLD,0.0,5.0,0.0,1.0,1.0,1.0,1
A2SI71XM3BMLAD,0.0,3.0,0.0,1.0,0.0,0.0,1
A2SIYIHLRRM7J1,0.0,5.0,0.0,1.0,1.0,1.0,1
A2SJ2SD6WIG56,0.0,5.0,0.0,1.0,1.0,1.0,1
A2SJ3UV3NVZKG5,0.0,5.0,0.0,1.0,1.0,1.0,1
A2SJD44C37X1LS,0.0,5.0,0.0,1.0,1.0,1.0,1
A2SJVK0G3KLIB1,0.0,5.0,0.0,1.0,1.0,1.0,1
A2SK02OCIRA12P,0.0,5.0,0.0,1.0,1.0,1.0,1
A2SKDOP44GNUTP,0.0,5.0,0.0,1.0,1.0,1.0,1
A2SKDXM0SLR2FN,0.0,4.0,0.0,1.0,0.0,1.0,1
A2SKEQT0WTB954,0.0,5.0,0.0,1.0,1.0,1.0,1
A2SKHEHJ4TM1LE,0.0,5.0,0.0,1.0,1.0,1.0,1
A2SKR9O60ZE62D,0.43067655807339306,4.5,0.7071067811865476,0.5693234419266069,0.5,1.0,2
A2SKUS5ULRZ8ZA,0.0,5.0,0.0,1.0,1.0,1.0,1
A2SKVCKORF8J9Y,0.6826061944859853,3.6666666666666665,1.5275252316519468,0.31739380551401475,0.3333333333333333,0.6666666666666666,3
A2SL5IW096Z2BL,0.0,4.0,0.0,1.0,0.0,1.0,1
A2SLS2NDPLQYP,0.0,4.0,0.0,1.0,0.0,1.0,1
A2SN4KPZ2G45V3,0.0,5.0,0.0,1.0,1.0,1.0,1
A2SNID1IYR1TBU,0.0,5.0,0.0,1.0,1.0,1.0,1
A2SOKOONUQ850N,0.0,2.0,0.0,1.0,0.0,0.0,1
A2SONKFWNN2R2R,0.0,5.0,0.0,1.0,1.0,1.0,1
A2SPHO9F2ZL98F,0.0,4.0,0.0,1.0,0.0,1.0,1
A2SPV96SGOEO2,0.0,5.0,0.0,1.0,1.0,1.0,1
A2SPVQNKOW9YNN,0.0,1.0,0.0,1.0,0.0,0.0,1
A2SRMKY38HBNS6,0.0,4.0,0.0,1.0,0.0,1.0,1
A2SS9DRRQQ7EG5,0.0,2.0,0.0,1.0,0.0,0.0,1
A2SSVSLIHRX2CJ,0.0,5.0,0.0,1.0,1.0,1.0,1
A2STLT852H9K75,0.43067655807339306,3.5,0.7071067811865476,0.5693234419266069,0.0,0.5,2
A2STWCKJD4TMK8,0.0,5.0,0.0,1.0,1.0,1.0,1
A2SU3IL3MIBXZP,0.0,5.0,0.0,1.0,1.0,1.0,1
A2SU3YFX8T4UJ7,0.0,1.0,0.0,1.0,0.0,0.0,1
A2SVJ8MKR2VB0T,0.0,5.0,0.0,1.0,1.0,1.0,1
A2SVXQ66G7BWBR,0.0,4.0,0.0,1.0,0.0,1.0,1
A2SW560X584UEF,0.0,4.0,0.0,1.0,0.0,1.0,1
A2SWRBE4RQEBX8,0.0,5.0,0.0,1.0,1.0,1.0,1
A2SWSQTATYKT0C,0.0,5.0,0.0,1.0,1.0,1.0,1
A2SXJZGMY90RZN,0.0,5.0,0.0,1.0,1.0,1.0,1
A2SXL0NDPTP9X9,0.0,4.0,0.0,1.0,0.0,1.0,1
A2SYCZ9Y5Y6IGB,0.0,4.0,0.0,1.0,0.0,1.0,1
A2SZMPX5JFBFFF,0.0,4.0,0.0,1.0,0.0,1.0,1
A2SZOQBR5IWD59,0.0,5.0,0.0,1.0,1.0,1.0,1
A2T001N0QCRMZ1,0.0,5.0,0.0,1.0,1.0,1.0,1
A2T049UQONS0OY,0.43067655807339306,4.5,0.7071067811865476,0.5693234419266069,0.5,1.0,2
A2T04VAIXSKJH2,0.0,5.0,0.0,1.0,1.0,1.0,2
A2T077JYCTRL60,0.0,5.0,0.0,1.0,1.0,1.0,1
A2T0WZOJ59N7AD,0.0,4.0,0.0,1.0,0.0,1.0,1
A2T1BB7S1F9YYU,0.0,4.0,0.0,1.0,0.0,1.0,1
A2T1DD07FMCAKQ,0.0,4.0,0.0,1.0,0.0,1.0,1
A2T2NVQ14BBBAS,0.0,5.0,0.0,1.0,1.0,1.0,1
A2T3R3E038PSYR,0.0,4.0,0.0,1.0,0.0,1.0,1
A2T3S3VTW65VO5,0.0,5.0,0.0,1.0,1.0,1.0,1
A2T463WX091RTX,0.0,4.0,0.0,1.0,0.0,1.0,1
A2T48324YQHU56,0.0,5.0,0.0,1.0,1.0,1.0,1
A2T4KPVN5XQ5V6,0.0,4.0,0.0,1.0,0.0,1.0,1
A2T4OX8NH9LIIC,0.0,5.0,0.0,1.0,1.0,1.0,1
A2T5B1BCHNT2S7,0.0,5.0,0.0,1.0,1.0,1.0,1
A2T5P0O707ESH6,0.0,5.0,0.0,1.0,1.0,1.0,1
A2T6E660Y0AXFQ,0.0,5.0,0.0,1.0,1.0,1.0,1
A2T70SN2VZHOR4,0.0,4.0,0.0,1.0,0.0,1.0,2
A2T82KTPTGW2RE,0.0,4.0,0.0,1.0,0.0,1.0,1
A2T8BSIIGDZYJS,0.0,5.0,0.0,1.0,1.0,1.0,1
A2T9HCIVTG1OAA,0.0,5.0,0.0,1.0,1.0,1.0,1
A2T9W5ND8N17O0,0.0,5.0,0.0,1.0,1.0,1.0,1
A2TA5TMGUTPVQ2,0.0,5.0,0.0,1.0,1.0,1.0,1
A2TAAKL8DQDMSA,0.0,5.0,0.0,1.0,1.0,1.0,2
A2TAY3SZ3TF5EI,0.0,5.0,0.0,1.0,1.0,1.0,1
A2TCCKKIPJCM0L,0.0,5.0,0.0,1.0,1.0,1.0,1
A2TCM8INS6BA74,0.0,1.0,0.0,1.0,0.0,0.0,1
A2TCXL888UE26K,0.0,1.0,0.0,1.0,0.0,0.0,1
A2TDEHV2JAV4VS,0.0,4.0,0.0,1.0,0.0,1.0,1
A2TE3USS8JS1UO,0.0,5.0,0.0,1.0,1.0,1.0,1
A2TEAQ7XD3B11B,0.0,5.0,0.0,1.0,1.0,1.0,1
A2TER9CFVU6V93,0.0,5.0,0.0,1.0,1.0,1.0,1
A2TETZJOUBQTJE,0.0,5.0,0.0,1.0,1.0,1.0,1
A2TH825DJHB3P1,0.6826061944859853,3.6666666666666665,1.5275252316519468,0.31739380551401475,0.3333333333333333,0.6666666666666666,3
A2THQCHKR89E16,0.0,5.0,0.0,1.0,1.0,1.0,1
A2TI9BIKPB7TZJ,0.0,5.0,0.0,1.0,1.0,1.0,1
A2TIA4WQ8RRHJO,0.0,5.0,0.0,1.0,1.0,1.0,1
A2TICS1YPCDLKA,0.0,5.0,0.0,1.0,1.0,1.0,2
A2TJT33BAEDZVW,0.0,5.0,0.0,1.0,1.0,1.0,1
A2TKM1UFHSTM8R,0.0,1.0,0.0,1.0,0.0,0.0,1
A2TKWMX4563NR6,0.0,5.0,0.0,1.0,1.0,1.0,1
A2TL5R8RQGN4DL,0.0,5.0,0.0,1.0,1.0,1.0,1
A2TLDIYYGLF0G,0.0,2.0,0.0,1.0,0.0,0.0,1
A2TLISI5OZ83UK,0.0,4.0,0.0,1.0,0.0,1.0,1
A2TLKM8E9CDIMP,0.0,5.0,0.0,1.0,1.0,1.0,1
A2TLLMXNKFCHJ7,0.0,2.0,0.0,1.0,0.0,0.0,1
A2TN0U8173HM7A,0.0,5.0,0.0,1.0,1.0,1.0,1
A2TNTY0JVQGGBJ,0.0,2.0,0.0,1.0,0.0,0.0,1
A2TOLOXNDL6SKR,0.0,5.0,0.0,1.0,1.0,1.0,1
A2TOUTL6Z74SMQ,0.0,5.0,0.0,1.0,1.0,1.0,1
A2TPCUVV4A98H3,0.0,5.0,0.0,1.0,1.0,1.0,1
A2TQ16HTB6F0JU,0.0,5.0,0.0,1.0,1.0,1.0,1
A2TQUTVIN89ZXD,0.0,5.0,0.0,1.0,1.0,1.0,1
A2TUOJ0NZ5T01H,0.0,5.0,0.0,1.0,1.0,1.0,1
A2TUQMWV186OQ6,0.0,4.0,0.0,1.0,0.0,1.0,1
A2TUXUOKJHAYCI,0.0,5.0,0.0,1.0,1.0,1.0,1
A2TVJ0YDW3QO63,0.0,5.0,0.0,1.0,1.0,1.0,1
A2TVQ7WEVEU2R8,0.0,5.0,0.0,1.0,1.0,1.0,1
A2TVR5J3BNQBX3,0.0,4.0,0.0,1.0,0.0,1.0,1
A2TVT03TGAMFL4,0.0,4.0,0.0,1.0,0.0,1.0,2
A2TWZPSSY63TGK,0.0,5.0,0.0,1.0,1.0,1.0,1
A2TXG0E15EEHKG,0.0,5.0,0.0,1.0,1.0,1.0,1
A2TXR85WQLE32N,0.0,4.0,0.0,1.0,0.0,1.0,1
A2TXTCIOBK1NMQ,0.43067655807339306,3.5,2.1213203435596424,0.5693234419266069,0.5,0.5,2
A2TXTO6FBY2EB4,0.0,5.0,0.0,1.0,1.0,1.0,1
A2TYHWXZPE415M,0.0,5.0,0.0,1.0,1.0,1.0,2
A2TZ1P4VNJLYQQ,0.0,5.0,0.0,1.0,1.0,1.0,1
A2TZJGHNHCFRA2,0.0,4.0,0.0,1.0,0.0,1.0,1
A2U0ZD08F7EJ87,0.0,3.0,0.0,1.0,0.0,0.0,1
A2U1CMEGA3950K,0.0,5.0,0.0,1.0,1.0,1.0,1
A2U1Y4U4HXJ9QP,0.0,4.0,0.0,1.0,0.0,1.0,1
A2U27A197AH87W,0.0,5.0,0.0,1.0,1.0,1.0,1
A2U3HFFK3XQZOG,0.0,4.0,0.0,1.0,0.0,1.0,1
A2U3HG214VNP9N,0.0,5.0,0.0,1.0,1.0,1.0,1
A2U3OEIK1CUPIK,0.0,4.0,0.0,1.0,0.0,1.0,1
A2U3TXDWG3U3XS,0.0,5.0,0.0,1.0,1.0,1.0,1
A2U4W69NZJT4LD,0.0,5.0,0.0,1.0,1.0,1.0,1
A2U4Z76U7DF68,0.39548848910372325,3.3333333333333335,0.5773502691896258,0.6045115108962767,0.0,0.3333333333333333,3
A2U68XR09T58BG,0.0,2.0,0.0,1.0,0.0,0.0,1
A2U6LD5AY97MJR,0.0,5.0,0.0,1.0,1.0,1.0,1
A2U6X0GHPCODVV,0.0,5.0,0.0,1.0,1.0,1.0,1
A2U7QPASO59UO1,0.0,5.0,0.0,1.0,1.0,1.0,1
A2U86YNYOVTMD4,0.0,5.0,0.0,1.0,1.0,1.0,1
A2U889P9EBQD3,0.0,5.0,0.0,1.0,1.0,1.0,1
A2U9UL88VXBMJ4,0.43067655807339306,4.0,1.4142135623730951,0.5693234419266069,0.5,0.5,2
A2U9WJOGZSYM0U,0.0,5.0,0.0,1.0,1.0,1.0,1
A2U9XX4Q5NQBG6,0.0,5.0,0.0,1.0,1.0,1.0,1
A2UA726E8SLXY,0.0,5.0,0.0,1.0,1.0,1.0,1
A2UAS6OGCR8IUG,0.0,5.0,0.0,1.0,1.0,1.0,1
A2UB3DLGTRBHVT,0.0,5.0,0.0,1.0,1.0,1.0,1
A2UBM2Y060XR7R,0.0,5.0,0.0,1.0,1.0,1.0,1
A2UBS120XE605X,0.0,4.0,0.0,1.0,0.0,1.0,1
A2UCGQ82BQW5B8,0.0,5.0,0.0,1.0,1.0,1.0,1
A2UCOSEHTW6I0H,0.0,5.0,0.0,1.0,1.0,1.0,1
A2UCQH27E2E312,0.0,4.0,0.0,1.0,0.0,1.0,1
A2UD5EG63WWTUR,0.0,4.0,0.0,1.0,0.0,1.0,1
A2UE0QBDSPVE6O,0.0,5.0,0.0,1.0,1.0,1.0,1
A2UE2PMAZZL34K,0.0,5.0,0.0,1.0,1.0,1.0,1
A2UEW04N38LVB,0.0,5.0,0.0,1.0,1.0,1.0,1
A2UEYDQ3VZNBF,0.0,5.0,0.0,1.0,1.0,1.0,1
A2UFAKH7Y8VH5N,0.0,5.0,0.0,1.0,1.0,1.0,2
A2UFC4VCQXX4F,0.0,5.0,0.0,1.0,1.0,1.0,2
A2UG509F865GJK,0.0,5.0,0.0,1.0,1.0,1.0,1
A2UH53Z5LKV0BI,0.0,5.0,0.0,1.0,1.0,1.0,1
A2UHI6BF37BZ0Z,0.0,5.0,0.0,1.0,1.0,1.0,1
A2UHIN9H9DDZMX,0.0,4.0,0.0,1.0,0.0,1.0,1
A2UHZY5FPP05QI,0.0,5.0,0.0,1.0,1.0,1.0,1
A2UJW6DKFDEPAS,0.0,5.0,0.0,1.0,1.0,1.0,1
A2UK5HQS62ESQP,0.0,5.0,0.0,1.0,1.0,1.0,1
A2UKE398XW8Z6J,0.0,2.0,0.0,1.0,0.0,0.0,1
A2UL4M5SXL7L0A,0.0,5.0,0.0,1.0,1.0,1.0,1
A2ULPJ9UDZCGQ2,0.0,2.0,0.0,1.0,0.0,0.0,1
A2UNI5F2K6TFQH,0.0,5.0,0.0,1.0,1.0,1.0,1
A2UNPQIED8UO2O,0.43067655807339306,4.5,0.7071067811865476,0.5693234419266069,0.5,1.0,2
A2UO040HWOP0C2,0.0,5.0,0.0,1.0,1.0,1.0,1
A2UO1LAZGQQMDR,0.0,5.0,0.0,1.0,1.0,1.0,1
A2UOK8UV9AITAW,0.0,5.0,0.0,1.0,1.0,1.0,1
A2UQIQUOAB47OT,0.0,4.0,0.0,1.0,0.0,1.0,1
A2UQK3DAZ8NO2T,0.0,3.0,0.0,1.0,0.0,0.0,1
A2UREP3Z9EU6V5,0.43067655807339306,4.5,0.7071067811865476,0.5693234419266069,0.5,1.0,2
A2UROXC3FXJKX0,0.0,5.0,0.0,1.0,1.0,1.0,1
A2USR6TZWUFN7B,0.0,3.0,0.0,1.0,0.0,0.0,1
A2UT34LEOXUR33,0.0,5.0,0.0,1.0,1.0,1.0,1
A2UTU1T0P7YTSG,0.0,4.0,0.0,1.0,0.0,1.0,1
A2UU3K8KZGCQUK,0.0,5.0,0.0,1.0,1.0,1.0,1
A2UU3ZOWZLA2SP,0.0,5.0,0.0,1.0,1.0,1.0,2
A2UWPFYTMPW6S5,0.0,5.0,0.0,1.0,1.0,1.0,1
A2UWPPU5GZLMQZ,0.0,5.0,0.0,1.0,1.0,1.0,1
A2UZ08JP9E384H,0.0,5.0,0.0,1.0,1.0,1.0,1
A2UZAE40KB0DA9,0.0,5.0,0.0,1.0,1.0,1.0,1
A2UZOEYWC4H6R4,0.0,3.0,0.0,1.0,0.0,0.0,1
A2V0I904FH7ABY,0.43067655807339306,4.5,0.7071067811865476,0.5693234419266069,0.5,1.0,2
A2V0SRJJJ3PD91,0.0,5.0,0.0,1.0,1.0,1.0,1
A2V0V7KOZ857NX,0.0,2.0,0.0,1.0,0.0,0.0,1
A2V142MS1OHRFZ,0.0,5.0,0.0,1.0,1.0,1.0,1
A2V1CW0YZ25USU,0.0,5.0,0.0,1.0,1.0,1.0,1
A2V1E7EAKW3CWB,0.0,5.0,0.0,1.0,1.0,1.0,1
A2V1J3JT5OOZFO,0.0,1.0,0.0,1.0,0.0,0.0,1
A2V24K8UWPPDSB,0.0,5.0,0.0,1.0,1.0,1.0,1
A2V2XRUGEYYCGG,0.0,5.0,0.0,1.0,1.0,1.0,1
A2V4T35IYF9G0V,0.0,1.0,0.0,1.0,0.0,0.0,1
A2V504B39HC7IQ,0.0,5.0,0.0,1.0,1.0,1.0,1
A2V5K7WIPS4XOG,0.0,5.0,0.0,1.0,1.0,1.0,1
A2V5OS0QGHIUDS,0.0,5.0,0.0,1.0,1.0,1.0,1
A2V5UI37R7ESEV,0.0,5.0,0.0,1.0,1.0,1.0,1
A2V5UR27QR2L7W,0.0,4.0,0.0,1.0,0.0,1.0,1
A2V69PY52MG7PO,0.0,4.0,0.0,1.0,0.0,1.0,1
A2V69WVX5K1CHO,0.0,5.0,0.0,1.0,1.0,1.0,1
A2V6A9H8LW136P,0.0,5.0,0.0,1.0,1.0,1.0,1
A2V6XBM524KND3,0.0,5.0,0.0,1.0,1.0,1.0,1
A2V7EO331SFUF6,0.0,5.0,0.0,1.0,1.0,1.0,1
A2V84I2M1DT1TZ,0.0,5.0,0.0,1.0,1.0,1.0,1
A2V8FNIO634ZRD,0.0,3.0,0.0,1.0,0.0,0.0,1
A2V8Q6IQ602H4O,0.0,5.0,0.0,1.0,1.0,1.0,1
A2V8SHOF5ZU931,0.0,5.0,0.0,1.0,1.0,1.0,1
A2V8VLTPY3W01E,0.0,5.0,0.0,1.0,1.0,1.0,1
A2V8WQ7E1OD7XL,0.0,1.0,0.0,1.0,0.0,0.0,1
A2V91VHCO48UO4,0.0,5.0,0.0,1.0,1.0,1.0,1
A2V99RXY8L0HL7,0.0,5.0,0.0,1.0,1.0,1.0,1
A2VA0ZJFWZK4Q1,0.0,1.0,0.0,1.0,0.0,0.0,1
A2VA1Q64QRGY5H,0.0,5.0,0.0,1.0,1.0,1.0,1
A2VAJSG4VJ0II2,0.0,5.0,0.0,1.0,1.0,1.0,1
A2VAUN3R0OV1MB,0.0,5.0,0.0,1.0,1.0,1.0,1
A2VB2Q9DVM2K39,0.0,5.0,0.0,1.0,1.0,1.0,1
A2VB5FKZMKLVPV,0.0,5.0,0.0,1.0,1.0,1.0,1
A2VBJ937PKSBG8,0.0,5.0,0.0,1.0,1.0,1.0,1
A2VC84WRAOKSDQ,0.0,5.0,0.0,1.0,1.0,1.0,1
A2VC9CVEP6M5NA,0.0,3.0,0.0,1.0,0.0,0.0,1
A2VCAIFRFMLMMD,0.0,1.0,0.0,1.0,0.0,0.0,1
A2VCC3QW23GK3S,0.0,5.0,0.0,1.0,1.0,1.0,1
A2VCRXCLV08SDH,0.0,4.0,0.0,1.0,0.0,1.0,1
A2VCW0573Q0GW0,0.0,4.0,0.0,1.0,0.0,1.0,1
A2VD05UT6B7RE6,0.0,5.0,0.0,1.0,1.0,1.0,1
A2VDIU6H955TJK,0.0,3.0,0.0,1.0,0.0,0.0,1
A2VDJCGMWDY43P,0.0,3.0,0.0,1.0,0.0,0.0,1
A2VDVWA2TYAS4J,0.0,5.0,0.0,1.0,1.0,1.0,1
A2VF3U1XNCH3BH,0.0,5.0,0.0,1.0,1.0,1.0,1
A2VF6TEWSJZ1WG,0.0,5.0,0.0,1.0,1.0,1.0,1
A2VG364UUGYFHI,0.0,1.0,0.0,1.0,0.0,0.0,1
A2VGUQIG98B6R5,0.0,5.0,0.0,1.0,1.0,1.0,1
A2VHNK9KG4FN9F,0.0,3.0,0.0,1.0,0.0,0.0,1
A2VHUAB7SS8PCQ,0.0,5.0,0.0,1.0,1.0,1.0,1
A2VHZWRA699KYR,0.43067655807339306,3.5,2.1213203435596424,0.5693234419266069,0.5,0.5,2
A2VI9F9LH3117S,0.0,5.0,0.0,1.0,1.0,1.0,1
A2VIZ3GQZ0O6F6,0.0,4.0,0.0,1.0,0.0,1.0,1
A2VIZTW4DMVVWK,0.0,5.0,0.0,1.0,1.0,1.0,1
A2VJTJTQPCS6GO,0.0,2.0,0.0,1.0,0.0,0.0,1
A2VK5XXNEQTXLC,0.0,4.0,0.0,1.0,0.0,1.0,1
A2VM1WK24SIX6O,0.0,5.0,0.0,1.0,1.0,1.0,1
A2VME004JAPD41,0.0,5.0,0.0,1.0,1.0,1.0,1
A2VN72NFU33MO8,0.43067655807339306,4.5,0.7071067811865476,0.5693234419266069,0.5,1.0,2
A2VNAGUP6GD6ZW,0.43067655807339306,4.5,0.7071067811865476,0.5693234419266069,0.5,1.0,2
A2VNNFURJ55S4G,0.0,5.0,0.0,1.0,1.0,1.0,1
A2VPSHOKIKSLJY,0.0,2.0,0.0,1.0,0.0,0.0,1
A2VQLV2GUC4H8J,0.0,2.0,0.0,1.0,0.0,0.0,1
A2VR3SNZMCUTZ6,0.0,4.0,0.0,1.0,0.0,1.0,1
A2VRTT04CKK484,0.0,3.0,0.0,1.0,0.0,0.0,1
A2VRYMER23944K,0.0,4.0,0.0,1.0,0.0,1.0,1
A2VRYQBXSTA424,0.0,5.0,0.0,1.0,1.0,1.0,1
A2VSE81NGRBMZ1,0.0,5.0,0.0,1.0,1.0,1.0,1
A2VSI9JA8Q1OPM,0.0,5.0,0.0,1.0,1.0,1.0,1
A2VT9DGL3UU8HQ,0.0,4.0,0.0,1.0,0.0,1.0,1
A2VTAZ74VGR64W,0.0,5.0,0.0,1.0,1.0,1.0,1
A2VTHY6NTE15G3,0.0,5.0,0.0,1.0,1.0,1.0,1
A2VTMCHYNBZC07,0.0,4.0,0.0,1.0,0.0,1.0,1
A2VU7N0CHQ6YFJ,0.0,5.0,0.0,1.0,1.0,1.0,1
A2VUAICVS9XW35,0.0,5.0,0.0,1.0,1.0,1.0,2
A2VUYZAEVAIQHW,0.0,5.0,0.0,1.0,1.0,1.0,1
A2VV0TJNJT9D3O,0.0,5.0,0.0,1.0,1.0,1.0,1
A2VV9CK8ZN1DQQ,0.0,5.0,0.0,1.0,1.0,1.0,1
A2VVT23YZNEOUE,0.0,5.0,0.0,1.0,1.0,1.0,1
A2VW4FYZILSXF2,0.0,5.0,0.0,1.0,1.0,1.0,1
A2VW6E1M1JP8JI,0.0,3.0,0.0,1.0,0.0,0.0,1
A2VWE41ZS0TYEN,0.0,4.0,0.0,1.0,0.0,1.0,1
A2VWHEZTQQU1U9,0.0,5.0,0.0,1.0,1.0,1.0,1
A2VXVM93S96FHS,0.0,4.0,0.0,1.0,0.0,1.0,1
A2VYE9EF6VA5CJ,0.0,4.0,0.0,1.0,0.0,1.0,1
A2VZ43530IHTJU,0.0,5.0,0.0,1.0,1.0,1.0,1
A2VZET5SXXG5AJ,0.0,3.0,0.0,1.0,0.0,0.0,1
A2VZRPRIOAYJEV,0.0,5.0,0.0,1.0,1.0,1.0,1
A2W0GY64CJSV5D,0.0,5.0,0.0,1.0,1.0,1.0,1
A2W1LLW1Y682PW,0.0,5.0,0.0,1.0,1.0,1.0,1
A2W27OK4XZK1NZ,0.0,4.0,0.0,1.0,0.0,1.0,1
A2W29HD38V9F8X,0.0,5.0,0.0,1.0,1.0,1.0,1
A2W3CVBKM239H5,0.0,5.0,0.0,1.0,1.0,1.0,1
A2W3JMA1P62IXL,0.0,5.0,0.0,1.0,1.0,1.0,1
A2W3KBMFRUDU4J,0.0,5.0,0.0,1.0,1.0,1.0,1
A2W3WWVETOMJBS,0.0,5.0,0.0,1.0,1.0,1.0,1
A2W4X464V5KALG,0.0,5.0,0.0,1.0,1.0,1.0,1
A2W5S26XTAFD97,0.0,5.0,0.0,1.0,1.0,1.0,1
A2W75LE521OOTH,0.0,5.0,0.0,1.0,1.0,1.0,1
A2W7FH5YOZ6KWD,0.0,5.0,0.0,1.0,1.0,1.0,1
A2W7MB4GB7CWWF,0.0,5.0,0.0,1.0,1.0,1.0,1
A2W8L7O2RC73OX,0.0,2.0,0.0,1.0,0.0,0.0,1
A2WAU01PM6FPD9,0.0,5.0,0.0,1.0,1.0,1.0,1
A2WB7LZ595CR50,0.0,4.0,0.0,1.0,0.0,1.0,1
A2WBEJH71SND3T,0.0,4.0,0.0,1.0,0.0,1.0,1
A2WBQ3AMBGQMAO,0.0,5.0,0.0,1.0,1.0,1.0,1
A2WBT0TCU7YHW8,0.0,5.0,0.0,1.0,1.0,1.0,1
A2WDCAMKCCP1UR,0.0,5.0,0.0,1.0,1.0,1.0,1
A2WE8VVT8JZOCI,0.0,4.0,0.0,1.0,0.0,1.0,1
A2WER6C7Y0T4D2,0.43067655807339306,3.5,2.1213203435596424,0.5693234419266069,0.5,0.5,2
A2WER72RHDWH0I,0.0,2.0,0.0,1.0,0.0,0.0,1
A2WFBRX9R0D84U,0.0,5.0,0.0,1.0,1.0,1.0,1
A2WH3Y3YZVTHY2,0.0,5.0,0.0,1.0,1.0,1.0,1
A2WHVT3GA5J71X,0.0,5.0,0.0,1.0,1.0,1.0,1
A2WI99LSF1RRXG,0.0,5.0,0.0,1.0,1.0,1.0,1
A2WJ5XSE4I9F55,0.0,3.0,0.0,1.0,0.0,0.0,1
A2WKTACW026L63,0.0,4.0,0.0,1.0,0.0,1.0,1
A2WL2ZWWGHM2J1,0.0,5.0,0.0,1.0,1.0,1.0,1
A2WL349JI5LCWX,0.0,1.0,0.0,1.0,0.0,0.0,1
A2WL4FEGN510I7,0.0,5.0,0.0,1.0,1.0,1.0,1
A2WLNSZ9U0T1S3,0.0,5.0,0.0,1.0,1.0,1.0,1
A2WNVDIUMPMD87,0.0,5.0,0.0,1.0,1.0,1.0,1
A2WO3HF88DF4PW,0.0,1.0,0.0,1.0,0.0,0.0,1
A2WPNDAAIT2512,0.0,5.0,0.0,1.0,1.0,1.0,1
A2WQ0T7U3ETN5S,0.0,5.0,0.0,1.0,1.0,1.0,1
A2WQA5YPH8P4SB,0.0,5.0,0.0,1.0,1.0,1.0,1
A2WQNHK82VTJWT,0.0,4.0,0.0,1.0,0.0,1.0,1
A2WR5U7RS4IIBY,0.0,3.0,0.0,1.0,0.0,0.0,1
A2WROWUBLQ9GZZ,0.0,5.0,0.0,1.0,1.0,1.0,1
A2WSDJTS2R1R8J,0.0,5.0,0.0,1.0,1.0,1.0,1
A2WTAKAN3KH2IR,0.0,5.0,0.0,1.0,1.0,1.0,1
A2WTKMK08CVXB0,0.0,4.0,0.0,1.0,0.0,1.0,1
A2WTZZ1O3XXY5,0.0,5.0,0.0,1.0,1.0,1.0,1
A2WUGQKN584PCJ,0.0,5.0,0.0,1.0,1.0,1.0,1
A2WV8Y608V90IJ,0.0,5.0,0.0,1.0,1.0,1.0,1
A2WVD0V1MKJ638,0.0,4.0,0.0,1.0,0.0,1.0,1
A2WWF532XMFHRE,0.0,5.0,0.0,1.0,1.0,1.0,1
A2WXLG4AYEDOQI,0.0,1.0,0.0,1.0,0.0,0.0,1
A2WY7M2G4FUK9Y,0.0,5.0,0.0,1.0,1.0,1.0,1
A2WYFLTDS19XQY,0.0,4.0,0.0,1.0,0.0,1.0,1
A2WYNTUJ91DLZW,0.0,5.0,0.0,1.0,1.0,1.0,1
A2WYP6MZRK4G4A,0.0,5.0,0.0,1.0,1.0,1.0,1
A2WYV6E1ZFMLL5,0.0,2.0,0.0,1.0,0.0,0.0,1
A2WZ9UMCNUGRUD,0.0,5.0,0.0,1.0,1.0,1.0,1
A2WZRBFLJESCSH,0.0,5.0,0.0,1.0,1.0,1.0,1
A2WZX2MXMMNYBA,0.0,5.0,0.0,1.0,1.0,1.0,1
A2X0T8HIOCL0AM,0.0,5.0,0.0,1.0,1.0,1.0,1
A2X117IF5LX1B5,0.0,5.0,0.0,1.0,1.0,1.0,1
A2X179NHCLFQ60,0.0,5.0,0.0,1.0,1.0,1.0,1
A2X1HXM2TZ7VJV,0.0,5.0,0.0,1.0,1.0,1.0,1
A2X2VP3OBZ6VFE,0.0,5.0,0.0,1.0,1.0,1.0,1
A2X34LIRHZ7OIN,0.0,4.0,0.0,1.0,0.0,1.0,1
A2X435VE2DGZFG,0.0,5.0,0.0,1.0,1.0,1.0,1
A2X61KKXXR6WNP,0.43067655807339306,4.0,1.4142135623730951,0.5693234419266069,0.5,0.5,2
A2X6CTUCGR89UU,0.0,5.0,0.0,1.0,1.0,1.0,1
A2X70YC7WIRT23,0.0,5.0,0.0,1.0,1.0,1.0,1
A2X7OZLHUKAAAT,0.0,2.0,0.0,1.0,0.0,0.0,1
A2X8KN82L07RSK,0.0,4.0,0.0,1.0,0.0,1.0,2
A2X8NZUNAWX9SO,0.0,3.0,0.0,1.0,0.0,0.0,1
A2X8ORQE9W3GIH,0.0,5.0,0.0,1.0,1.0,1.0,1
A2X92GFMN2QUY2,0.0,5.0,0.0,1.0,1.0,1.0,1
A2X9H68QLS42Q7,0.0,5.0,0.0,1.0,1.0,1.0,1
A2X9SQSKV4WKT0,0.0,4.0,0.0,1.0,0.0,1.0,1
A2XAHEQG61OQN1,0.0,5.0,0.0,1.0,1.0,1.0,1
A2XAMPN1ZH4FGT,0.0,5.0,0.0,1.0,1.0,1.0,1
A2XBFJZRMF9BJX,0.0,4.0,0.0,1.0,0.0,1.0,1
A2XBKTBMLQRQAM,0.0,2.0,0.0,1.0,0.0,0.0,1
A2XCALYSPH9WUV,0.39548848910372325,4.666666666666667,0.5773502691896257,0.6045115108962767,0.6666666666666666,1.0,3
A2XCE6WWTX57R4,0.43067655807339306,4.5,0.7071067811865476,0.5693234419266069,0.5,1.0,2
A2XD50D7HKTTZE,0.0,5.0,0.0,1.0,1.0,1.0,1
A2XDJAEWOYWEYA,0.0,3.0,0.0,1.0,0.0,0.0,1
A2XEO2W78WS34Z,0.0,5.0,0.0,1.0,1.0,1.0,1
A2XEU185B1GGUL,0.0,5.0,0.0,1.0,1.0,1.0,1
A2XEW6HJK34RXU,0.0,5.0,0.0,1.0,1.0,1.0,1
A2XF4BFQ1WPR2E,0.0,4.0,0.0,1.0,0.0,1.0,1
A2XF8X3W4OXI06,0.0,3.0,0.0,1.0,0.0,0.0,1
A2XFN1TTYLQHYM,0.0,4.0,0.0,1.0,0.0,1.0,1
A2XFVS9GBQW2U1,0.0,5.0,0.0,1.0,1.0,1.0,1
A2XHRN1WV0B6MV,0.0,4.0,0.0,1.0,0.0,1.0,1
A2XHVJXV58MHVL,0.0,5.0,0.0,1.0,1.0,1.0,1
A2XI34EU8N0J4X,0.0,5.0,0.0,1.0,1.0,1.0,1
A2XIOXRRYX0KZY,0.0,3.0,0.0,1.0,0.0,0.0,1
A2XJ3J0UDEANER,0.0,5.0,0.0,1.0,1.0,1.0,1
A2XJD20SEKWFCK,0.0,3.0,0.0,1.0,0.0,0.0,1
A2XK854TOM88L2,0.0,5.0,0.0,1.0,1.0,1.0,1
A2XKCFK69WFJ2Q,0.0,2.0,0.0,1.0,0.0,0.0,1
A2XKROL6XBFHT3,0.0,5.0,0.0,1.0,1.0,1.0,1
A2XLEVG4HE14CQ,0.0,2.0,0.0,1.0,0.0,0.0,1
A2XM50BCI5A9ZT,0.0,4.0,0.0,1.0,0.0,1.0,1
A2XMAO31ZFZVIW,0.0,3.0,0.0,1.0,0.0,0.0,1
A2XMUCJWMWFTDH,0.0,4.0,0.0,1.0,0.0,1.0,1
A2XNOB1T796Y6B,0.0,4.0,0.0,1.0,0.0,1.0,1
A2XNOKX6FQPXNF,0.0,5.0,0.0,1.0,1.0,1.0,1
A2XOAT7IP6NYCN,0.0,4.0,0.0,1.0,0.0,1.0,1
A2XOUBTCDPFMBB,0.0,3.0,0.0,1.0,0.0,0.0,1
A2XPPAMKIMK3VE,0.0,5.0,0.0,1.0,1.0,1.0,1
A2XQ1TZ9RJQHL0,0.0,5.0,0.0,1.0,1.0,1.0,1
A2XQD6IU77PC5F,0.43067655807339306,4.5,0.7071067811865476,0.5693234419266069,0.5,1.0,2
A2XQW1K6ALWSMZ,0.0,5.0,0.0,1.0,1.0,1.0,1
A2XR40GPJM6I6L,0.0,4.0,0.0,1.0,0.0,1.0,3
A2XTK6CZTWSCKH,0.0,5.0,0.0,1.0,1.0,1.0,1
A2XTPC8OBW4BLB,0.0,5.0,0.0,1.0,1.0,1.0,1
A2XTQXZ1FUFTO5,0.0,5.0,0.0,1.0,1.0,1.0,1
A2XTTBXNX2FKOT,0.0,5.0,0.0,1.0,1.0,1.0,1
A2XUTJJ678UBQ5,0.0,5.0,0.0,1.0,1.0,1.0,1
A2XUW6VTPD0ILX,0.0,2.0,0.0,1.0,0.0,0.0,1
A2XVE0GEZ4G16A,0.0,5.0,0.0,1.0,1.0,1.0,1
A2XVGWQZN26LX9,0.0,5.0,0.0,1.0,1.0,1.0,1
A2XW2J2M66JC1A,0.0,5.0,0.0,1.0,1.0,1.0,1
A2XW3HYL9YSJGW,0.0,5.0,0.0,1.0,1.0,1.0,1
A2XW6VPIR979KN,0.0,5.0,0.0,1.0,1.0,1.0,1
A2XWJK6POTDSP7,0.0,5.0,0.0,1.0,1.0,1.0,1
A2XWP890G6ARFW,0.0,5.0,0.0,1.0,1.0,1.0,1
A2XWZHQ52BND8R,0.0,5.0,0.0,1.0,1.0,1.0,1
A2XXCCT0TBVDIE,0.43067655807339306,3.5,0.7071067811865476,0.5693234419266069,0.0,0.5,2
A2XXCJLS58H1A7,0.0,5.0,0.0,1.0,1.0,1.0,1
A2XXO4NDGULP0M,0.0,1.0,0.0,1.0,0.0,0.0,1
A2XY1CTLU0FE9U,0.0,5.0,0.0,1.0,1.0,1.0,1
A2XYGJ7FAK0QR7,0.0,4.0,0.0,1.0,0.0,1.0,1
A2Y06YSBK1YYWT,0.0,5.0,0.0,1.0,1.0,1.0,1
A2Y10VCBFO7YKD,0.43067655807339306,4.5,0.7071067811865476,0.5693234419266069,0.5,1.0,2
A2Y12EX2K0HH8O,0.0,1.0,0.0,1.0,0.0,0.0,1
A2Y1YSXP0CR3JK,0.0,5.0,0.0,1.0,1.0,1.0,1
A2Y23OZSZPO2D1,0.0,3.0,0.0,1.0,0.0,0.0,1
A2Y30NE63L0KFK,0.0,5.0,0.0,1.0,1.0,1.0,1
A2Y3DTTBOU77MO,0.0,5.0,0.0,1.0,1.0,1.0,1
A2Y3J7LJSOSN9G,0.0,4.0,0.0,1.0,0.0,1.0,1
A2Y4H3PXB07WQI,0.0,4.0,0.0,1.0,0.0,1.0,1
A2Y4N0IFVNNP46,0.0,5.0,0.0,1.0,1.0,1.0,2
A2Y4QQTCIP2E0E,0.0,5.0,0.0,1.0,1.0,1.0,1
A2Y5KXAJSN7NG3,0.0,5.0,0.0,1.0,1.0,1.0,1
A2Y6IDYSDC9QTY,0.0,4.0,0.0,1.0,0.0,1.0,1
A2Y6MZHG0MPCTN,0.0,4.0,0.0,1.0,0.0,1.0,1
A2Y6PGW144PYBN,0.0,5.0,0.0,1.0,1.0,1.0,1
A2Y739CRM15WDL,0.0,4.0,0.0,1.0,0.0,1.0,2
A2Y7BPLIRE7SHD,0.0,4.0,0.0,1.0,0.0,1.0,1
A2Y7D6A2W3GY6V,0.0,5.0,0.0,1.0,1.0,1.0,1
A2Y870S7P44V4C,0.0,5.0,0.0,1.0,1.0,1.0,1
A2Y8QYR1IOIA06,0.0,4.0,0.0,1.0,0.0,1.0,1
A2Y8WX30L9NFD4,0.0,5.0,0.0,1.0,1.0,1.0,1
A2Y9CTL628GL7K,0.0,4.0,0.0,1.0,0.0,1.0,1
A2YA6QX577CK8Q,0.0,5.0,0.0,1.0,1.0,1.0,1
A2YA8HT95FIXB8,0.0,4.0,0.0,1.0,0.0,1.0,1
A2YAVWHYO1PZMK,0.0,1.0,0.0,1.0,0.0,0.0,1
A2YAXL6USA6MJO,0.0,5.0,0.0,1.0,1.0,1.0,1
A2YBKKLYAMSJMU,0.0,5.0,0.0,1.0,1.0,1.0,1
A2YBMSUMVETP0K,0.0,5.0,0.0,1.0,1.0,1.0,1
A2YBYKUXJM5LW4,0.0,5.0,0.0,1.0,1.0,1.0,1
A2YC0ADOK1SNMK,0.43067655807339306,3.0,2.8284271247461903,0.5693234419266069,0.5,0.5,2
A2YCEKVUN1W5F1,0.0,4.0,0.0,1.0,0.0,1.0,1
A2YCEVZLNY3ZO2,0.0,5.0,0.0,1.0,1.0,1.0,1
A2YCJJV1QEO655,0.0,5.0,0.0,1.0,1.0,1.0,1
A2YD3067K4RN5P,0.0,5.0,0.0,1.0,1.0,1.0,1
A2YDG1XB9J2N35,0.0,5.0,0.0,1.0,1.0,1.0,1
A2YDNC4J5GUZL9,0.0,4.0,0.0,1.0,0.0,1.0,1
A2YF3QW52PBL3C,0.0,5.0,0.0,1.0,1.0,1.0,1
A2YF4URKFGNEEV,0.0,5.0,0.0,1.0,1.0,1.0,1
A2YFS3AYX720ZX,0.0,5.0,0.0,1.0,1.0,1.0,1
A2YFWEBG4CGKP0,0.0,4.0,0.0,1.0,0.0,1.0,1
A2YG0C7JIOSZZ2,0.43067655807339306,4.0,1.4142135623730951,0.5693234419266069,0.5,0.5,2
A2YG15FR3JP4JC,0.43067655807339306,3.5,2.1213203435596424,0.5693234419266069,0.5,0.5,2
A2YGB747HQLREO,0.0,5.0,0.0,1.0,1.0,1.0,1
A2YHABRZJVRSYF,0.0,5.0,0.0,1.0,1.0,1.0,1
A2YHVZ52FRPAOR,0.0,3.0,0.0,1.0,0.0,0.0,1
A2YHXGPCTENZY3,0.43067655807339306,3.5,2.1213203435596424,0.5693234419266069,0.5,0.5,2
A2YIHGB6WSRI85,0.0,5.0,0.0,1.0,1.0,1.0,1
A2YIHYJLTKN8YJ,0.0,5.0,0.0,1.0,1.0,1.0,1
A2YIMB2LF7HH1C,0.0,5.0,0.0,1.0,1.0,1.0,1
A2YKIR73T6AE2O,0.0,3.0,0.0,1.0,0.0,0.0,1
A2YKN8E68KVMZL,0.0,4.0,0.0,1.0,0.0,1.0,1
A2YL9FWBDJR4KL,0.0,5.0,0.0,1.0,1.0,1.0,1
A2YM85TO0H2JET,0.0,4.0,0.0,1.0,0.0,1.0,1
A2YOA3UYNZWZL0,0.0,4.0,0.0,1.0,0.0,1.0,1
A2YOI67EI4N4D,0.0,5.0,0.0,1.0,1.0,1.0,2
A2YORH3MSOM6P8,0.0,5.0,0.0,1.0,1.0,1.0,1
A2YQHMDUS67VDC,0.0,5.0,0.0,1.0,1.0,1.0,1
A2YQN0Z573XRC1,0.0,1.0,0.0,1.0,0.0,0.0,1
A2YRMTUDRXBMYR,0.0,4.0,0.0,1.0,0.0,1.0,1
A2YRX8J4WM5BRX,0.0,5.0,0.0,1.0,1.0,1.0,1
A2YSEA25OUUR6X,0.0,5.0,0.0,1.0,1.0,1.0,1
A2YSLAI9DJ32I9,0.0,2.0,0.0,1.0,0.0,0.0,1
A2YSY26ZVMNNV2,0.43067655807339306,3.5,2.1213203435596424,0.5693234419266069,0.5,0.5,2
A2YULFEPE7QEHB,0.0,5.0,0.0,1.0,1.0,1.0,1
A2YV0F1VTUGV54,0.0,5.0,0.0,1.0,1.0,1.0,1
A2YVLGHD3YK5M,0.0,5.0,0.0,1.0,1.0,1.0,1
A2YVT92OFFUJEI,0.0,5.0,0.0,1.0,1.0,1.0,1
A2YW6XOID7GV6G,0.0,4.0,0.0,1.0,0.0,1.0,1
A2YW90U088SMQB,0.0,4.0,0.0,1.0,0.0,1.0,1
A2YXS8NCIO205E,0.0,5.0,0.0,1.0,1.0,1.0,1
A2YXYJ4JJC5BQB,0.0,1.0,0.0,1.0,0.0,0.0,1
A2YY8BZ30MXT5Y,0.0,3.0,0.0,1.0,0.0,0.0,1
A2YY8ZX8R5HYMF,0.0,5.0,0.0,1.0,1.0,1.0,1
A2YZ9XYWX9NQEW,0.0,5.0,0.0,1.0,1.0,1.0,1
A2Z2VZEOYK3EMX,0.0,5.0,0.0,1.0,1.0,1.0,1
A2Z5C2MD0XL1QB,0.0,5.0,0.0,1.0,1.0,1.0,1
A2Z5WCWTUTWFO9,0.0,5.0,0.0,1.0,1.0,1.0,1
A2Z6K5LQUZU08X,0.0,5.0,0.0,1.0,1.0,1.0,1
A2Z6M29DOKM8EB,0.0,5.0,0.0,1.0,1.0,1.0,1
A2Z7FGJ2UCQV7T,0.0,5.0,0.0,1.0,1.0,1.0,1
A2Z7MIEHHW9AIT,0.0,2.0,0.0,1.0,0.0,0.0,1
A2Z7ZRN6NMASI0,0.0,2.0,0.0,1.0,0.0,0.0,1
A2Z80Q127S64HA,0.0,5.0,0.0,1.0,1.0,1.0,1
A2Z8UCDJZF6YLG,0.0,3.0,0.0,1.0,0.0,0.0,1
A2Z93Q5OYD39G9,0.0,4.0,0.0,1.0,0.0,1.0,1
A2Z9H86XRXBVEI,0.0,5.0,0.0,1.0,1.0,1.0,1
A2Z9S2RQD542CP,0.0,5.0,0.0,1.0,1.0,1.0,1
A2ZAIKFQ0LQ0WV,0.0,2.0,0.0,1.0,0.0,0.0,1
A2ZAJGOIF88NLJ,0.0,4.0,0.0,1.0,0.0,1.0,1
A2ZB6BETR6IC27,0.43067655807339306,3.5,2.1213203435596424,0.5693234419266069,0.5,0.5,2
A2ZBL197CLFKPK,0.0,5.0,0.0,1.0,1.0,1.0,1
A2ZCKOJM6MOBVY,0.0,5.0,0.0,1.0,1.0,1.0,1
A2ZCWFNMC84GPY,0.0,5.0,0.0,1.0,1.0,1.0,1
A2ZD33OULX0OG,0.0,5.0,0.0,1.0,1.0,1.0,1
A2ZD6GWOWGMC11,0.0,5.0,0.0,1.0,1.0,1.0,2
A2ZDADVIBD50VB,0.0,1.0,0.0,1.0,0.0,0.0,1
A2ZDMIP49N36UJ,0.0,5.0,0.0,1.0,1.0,1.0,1
A2ZG7SSHO1VKI4,0.0,2.0,0.0,1.0,0.0,0.0,1
A2ZH26QW2ZPK2C,0.0,4.0,0.0,1.0,0.0,1.0,2
A2ZHSHIVYKUFQQ,0.0,4.0,0.0,1.0,0.0,1.0,1
A2ZI97NDT655W4,0.0,5.0,0.0,1.0,1.0,1.0,2
A2ZIXNYGNZBDYS,0.0,5.0,0.0,1.0,1.0,1.0,1
A2ZJPDH0YP90SD,0.0,5.0,0.0,1.0,1.0,1.0,1
A2ZL2WDFMDCJB7,0.0,3.0,0.0,1.0,0.0,0.0,1
A2ZL6GEH9ZW4ES,0.0,3.0,0.0,1.0,0.0,0.0,1
A2ZL75KJU11RLO,0.0,5.0,0.0,1.0,1.0,1.0,1
A2ZLWZUP0D44SS,0.0,3.0,0.0,1.0,0.0,0.0,1
A2ZM9BGE3K3SY2,0.43067655807339306,4.5,0.7071067811865476,0.5693234419266069,0.5,1.0,2
A2ZMEHV9S4FXV5,0.0,1.0,0.0,1.0,0.0,0.0,1
A2ZNMPZMLRRC8R,0.0,5.0,0.0,1.0,1.0,1.0,1
A2ZOBJMDF6EZTH,0.0,4.0,0.0,1.0,0.0,1.0,1
A2ZODK2UVATV0N,0.0,5.0,0.0,1.0,1.0,1.0,1
A2ZOEOGAKDKF0U,0.0,4.0,0.0,1.0,0.0,1.0,1
A2ZP7F2XXKGUCR,0.0,5.0,0.0,1.0,1.0,1.0,1
A2ZPDPOF7M2PKN,0.0,1.0,0.0,1.0,0.0,0.0,1
A2ZQ8RJULU5ON3,0.0,1.0,0.0,1.0,0.0,0.0,1
A2ZR2K4JOGBYAG,0.0,4.0,0.0,1.0,0.0,1.0,1
A2ZR3YTMEEIIZ4,0.0,5.0,0.0,1.0,1.0,1.0,1
A2ZRD6US50VB2E,0.0,4.0,0.0,1.0,0.0,1.0,1
A2ZRQ6XQ8XNMTO,0.0,5.0,0.0,1.0,1.0,1.0,1
A2ZRYWFYQBVOQ2,0.0,4.0,0.0,1.0,0.0,1.0,1
A2ZT1CSHU62UOL,0.0,1.0,0.0,1.0,0.0,0.0,1
A2ZT5LYQVJQJAU,0.0,5.0,0.0,1.0,1.0,1.0,1
A2ZT9UP11DGS0O,0.0,5.0,0.0,1.0,1.0,1.0,1
A2ZTI6CV56ESV3,0.0,4.0,0.0,1.0,0.0,1.0,1
A2ZTSJRF8PYC5Y,0.0,5.0,0.0,1.0,1.0,1.0,1
A2ZU4ZTPJ8PURX,0.0,5.0,0.0,1.0,1.0,1.0,1
A2ZVNM8J2Q4HQT,0.0,5.0,0.0,1.0,1.0,1.0,1
A2ZW4Q5B43JOFP,0.0,5.0,0.0,1.0,1.0,1.0,1
A2ZWHO87S7L5DA,0.0,3.0,0.0,1.0,0.0,0.0,1
A2ZWLZHPWI6JGG,0.0,4.0,0.0,1.0,0.0,1.0,1
A2ZWPLINHIK3DS,0.0,4.0,0.0,1.0,0.0,1.0,1
A2ZWT8VQXLOFLL,0.0,4.0,0.0,1.0,0.0,1.0,1
A2ZY199QQQY3FB,0.0,3.0,0.0,1.0,0.0,0.0,1
A2ZY49IDE6TY5I,0.0,4.0,0.0,1.0,0.0,1.0,1
A2ZY56ETQFB9L8,0.0,5.0,0.0,1.0,1.0,1.0,1
A2ZYC0DMBEHKM9,0.0,1.0,0.0,1.0,0.0,0.0,1
A2ZYFIRTB2V11J,0.0,4.0,0.0,1.0,0.0,1.0,1
A2ZZAM4LFM4IE1,0.0,4.0,0.0,1.0,0.0,1.0,1
A300M5BZZ1FWRX,0.0,4.0,0.0,1.0,0.0,1.0,1
A300RFTV7HKI5S,0.0,5.0,0.0,1.0,1.0,1.0,1
A3014KJFHAIMGP,0.0,5.0,0.0,1.0,1.0,1.0,1
A301OOJQXCXXO5,0.8613531161467861,3.25,1.707825127659933,0.1386468838532139,0.25,0.5,4
A301ZMQ2FPX1AG,0.0,5.0,0.0,1.0,1.0,1.0,1
A303UDTZGJRFL,0.0,4.0,0.0,1.0,0.0,1.0,1
A304AY9M0FAI3Y,0.43067655807339306,4.0,1.4142135623730951,0.5693234419266069,0.5,0.5,2
A304GUEPCPYM3Z,0.0,5.0,0.0,1.0,1.0,1.0,2
A304TZYJIWBA0C,0.0,5.0,0.0,1.0,1.0,1.0,1
A305EHGTB1OGTA,0.0,4.0,0.0,1.0,0.0,1.0,1
A305FHDAKFC9LQ,0.0,5.0,0.0,1.0,1.0,1.0,1
A305KK5LXBJOK3,0.0,5.0,0.0,1.0,1.0,1.0,1
A305XJYZOLQ4M2,0.0,5.0,0.0,1.0,1.0,1.0,1
A306DZDPR77BIG,0.0,3.0,0.0,1.0,0.0,0.0,1
A306LNS6H0P1W,0.0,5.0,0.0,1.0,1.0,1.0,1
A3077MQTAKOVFZ,0.0,5.0,0.0,1.0,1.0,1.0,2
A307BM12B9ZPWV,0.0,5.0,0.0,1.0,1.0,1.0,1
A3085YHTXL9NRA,0.0,5.0,0.0,1.0,1.0,1.0,1
A3097DNGRCNJEV,0.0,4.0,0.0,1.0,0.0,1.0,1
A309PFW8T6DMMZ,0.0,5.0,0.0,1.0,1.0,1.0,1
A309WRQUO9GY7T,0.0,4.0,0.0,1.0,0.0,1.0,1
A30BQ1F0T0IES8,0.0,5.0,0.0,1.0,1.0,1.0,1
A30CV4T4I9Y89P,0.43067655807339306,4.5,0.7071067811865476,0.5693234419266069,0.5,1.0,2
A30E0PFBI2LKRC,0.0,3.0,0.0,1.0,0.0,0.0,1
A30E73YLNXH2LJ,0.0,4.0,0.0,1.0,0.0,1.0,1
A30EBZKII2V5VX,0.0,5.0,0.0,1.0,1.0,1.0,1
A30EV1UN18OKR6,0.0,4.0,0.0,1.0,0.0,1.0,1
A30F4NMKRP7UZS,0.0,5.0,0.0,1.0,1.0,1.0,1
A30H2335OM7RD6,0.0,5.0,0.0,1.0,1.0,1.0,2
A30HAGYXB3WZ1E,0.0,4.0,0.0,1.0,0.0,1.0,1
A30HU780JBS1GS,0.0,4.0,0.0,1.0,0.0,1.0,1
A30HUZHJBOX1LK,0.0,5.0,0.0,1.0,1.0,1.0,1
A30HY6CENWVVTA,0.0,5.0,0.0,1.0,1.0,1.0,1
A30I0LXKTAP4F,0.0,4.0,0.0,1.0,0.0,1.0,1
A30IP3E4MDQ36,0.0,5.0,0.0,1.0,1.0,1.0,1
A30ISDN6ZV58L4,0.0,2.0,0.0,1.0,0.0,0.0,1
A30J7WQV0ZNRXG,0.0,5.0,0.0,1.0,1.0,1.0,1
A30LET3M8GQNMZ,0.0,1.0,0.0,1.0,0.0,0.0,1
A30LT7I4GHR1H2,0.0,5.0,0.0,1.0,1.0,1.0,1
A30NZYWSJ5WT7I,0.0,5.0,0.0,1.0,1.0,1.0,2
A30OCGX9SUDKUE,0.0,4.0,0.0,1.0,0.0,1.0,1
A30RMQZADGBG6V,0.0,5.0,0.0,1.0,1.0,1.0,1
A30TX7RLZY0M0G,0.0,5.0,0.0,1.0,1.0,1.0,1
A30UHM6OOPVHNA,0.0,4.0,0.0,1.0,0.0,1.0,1
A30UM9C69L5W5G,0.0,2.0,0.0,1.0,0.0,0.0,1
A30UO2HV1289CO,0.0,5.0,0.0,1.0,1.0,1.0,1
A30UV3IIH7IJF,0.0,4.0,0.0,1.0,0.0,1.0,2
A30VJALZMOTNW3,0.0,5.0,0.0,1.0,1.0,1.0,1
A30W19TNWBB6SH,0.0,5.0,0.0,1.0,1.0,1.0,1
A30WDIW9B3XQY1,0.0,5.0,0.0,1.0,1.0,1.0,1
A30XCXBX58I43B,0.0,5.0,0.0,1.0,1.0,1.0,1
A30YRZHUDGLEK0,0.0,5.0,0.0,1.0,1.0,1.0,1
A310AKTMTWOZ17,0.0,3.0,0.0,1.0,0.0,0.0,1
A310FK6D7P891I,0.0,5.0,0.0,1.0,1.0,1.0,1
A3119E8HWUNIR6,0.0,5.0,0.0,1.0,1.0,1.0,1
A311NAIRZC7EGO,0.0,5.0,0.0,1.0,1.0,1.0,1
A311UKPJDYZOVL,0.0,2.0,0.0,1.0,0.0,0.0,1
A3129B0UL290DD,0.0,5.0,0.0,1.0,1.0,1.0,1
A312JTRQVEA4G7,0.0,2.0,0.0,1.0,0.0,0.0,1
A3132X0691CH4V,0.0,2.0,0.0,1.0,0.0,0.0,1
A313DADVI76HKM,0.0,4.0,0.0,1.0,0.0,1.0,1
A313H6238N589,0.0,4.0,0.0,1.0,0.0,1.0,1
A313VOS25H6G2F,0.0,5.0,0.0,1.0,1.0,1.0,1
A314GYAJRTK8Y7,0.0,4.0,0.0,1.0,0.0,1.0,1
A314ZLRAHHWEPZ,0.0,2.0,0.0,1.0,0.0,0.0,1
A317L56T9Q55C2,0.0,5.0,0.0,1.0,1.0,1.0,1
A317RWPY08I5QX,0.0,5.0,0.0,1.0,1.0,1.0,2
A3194LALPLNT8Y,0.0,5.0,0.0,1.0,1.0,1.0,1
A319CJUZ04SQL7,0.0,5.0,0.0,1.0,1.0,1.0,1
A319UCRTOK0V9P,0.0,5.0,0.0,1.0,1.0,1.0,1
A31B95W75QU2MJ,0.0,4.0,0.0,1.0,0.0,1.0,1
A31BD4RXCON7QO,0.39548848910372325,4.666666666666667,0.5773502691896258,0.6045115108962767,0.6666666666666666,1.0,3
A31C4P50CH9ET4,0.0,5.0,0.0,1.0,1.0,1.0,1
A31COKWABW2WH2,0.0,3.0,0.0,1.0,0.0,0.0,1
A31DLX6GSOPHLI,0.0,5.0,0.0,1.0,1.0,1.0,1
A31E19FNC235UQ,0.0,4.0,0.0,1.0,0.0,1.0,1
A31ECARG9W729,0.0,5.0,0.0,1.0,1.0,1.0,1
A31EMKD6ZGNC9W,0.0,4.0,0.0,1.0,0.0,1.0,1
A31F722DD3E761,0.0,5.0,0.0,1.0,1.0,1.0,1
A31FHQVCAND5TD,0.0,5.0,0.0,1.0,1.0,1.0,1
A31FYGE53VGBH7,0.0,5.0,0.0,1.0,1.0,1.0,1
A31GHUVQ0N2NXH,0.0,5.0,0.0,1.0,1.0,1.0,1
A31GOE0Y2JM17C,0.0,4.0,0.0,1.0,0.0,1.0,1
A31GRJW986YY2E,0.0,4.0,0.0,1.0,0.0,1.0,1
A31HVP4R32FSVZ,0.0,5.0,0.0,1.0,1.0,1.0,1
A31IRISM6DRTG7,0.0,1.0,0.0,1.0,0.0,0.0,1
A31K78RDPK1UKE,0.0,4.0,0.0,1.0,0.0,1.0,1
A31KBA8LLZIDS2,0.0,5.0,0.0,1.0,1.0,1.0,1
A31L967UMFOLPT,0.0,3.0,0.0,1.0,0.0,0.0,1
A31LD9CUER3EGH,0.0,5.0,0.0,1.0,1.0,1.0,1
A31N0XY2UTB25C,0.0,5.0,0.0,1.0,1.0,1.0,1
A31OQEN2R4QZKE,0.0,5.0,0.0,1.0,1.0,1.0,1
A31P3WRM4BRRAV,0.0,4.0,0.0,1.0,0.0,1.0,1
A31PDR78F1MNDI,0.0,5.0,0.0,1.0,1.0,1.0,1
A31PXV9XPENREQ,0.0,5.0,0.0,1.0,1.0,1.0,1
A31PZ5TL8HYZ84,0.0,4.0,0.0,1.0,0.0,1.0,1
A31QWIVYZ7XU53,0.0,1.0,0.0,1.0,0.0,0.0,1
A31QX4MCDU5235,0.0,4.0,0.0,1.0,0.0,1.0,1
A31U2QT7SAL7K,0.0,5.0,0.0,1.0,1.0,1.0,1
A31UHOIFMFSCN1,0.43067655807339306,3.0,2.8284271247461903,0.5693234419266069,0.5,0.5,2
A31UM38UFS5OF5,0.0,4.0,0.0,1.0,0.0,1.0,1
A31WL2DMXTR6SV,0.0,5.0,0.0,1.0,1.0,1.0,1
A31XREIO9ZOYH4,0.0,4.0,0.0,1.0,0.0,1.0,1
A31Y28UEDXQ0HB,0.0,5.0,0.0,1.0,1.0,1.0,2
A31Y54OKMYME6G,0.0,1.0,0.0,1.0,0.0,0.0,1
A31YMI20E4F0RI,0.0,4.0,0.0,1.0,0.0,1.0,1
A31Z1N67RKI5A,0.0,5.0,0.0,1.0,1.0,1.0,1
A3202C86H3AD1V,0.0,1.0,0.0,1.0,0.0,0.0,1
A320DLHQTRFL5L,0.0,5.0,0.0,1.0,1.0,1.0,1
A320HZ92MYZ2FC,0.0,5.0,0.0,1.0,1.0,1.0,1
A321QMD4CPT21S,0.0,4.0,0.0,1.0,0.0,1.0,1
A321UWX6A3K66B,0.0,5.0,0.0,1.0,1.0,1.0,1
A323304W2UIUTX,0.0,5.0,0.0,1.0,1.0,1.0,1
A3237FOR4LVBZO,0.0,5.0,0.0,1.0,1.0,1.0,2
A324X6N1112OAX,0.0,4.0,0.0,1.0,0.0,1.0,1
A325DQLHV6GUOT,0.0,5.0,0.0,1.0,1.0,1.0,1
A326CJOIAVMKIR,0.0,5.0,0.0,1.0,1.0,1.0,1
A326F2HO1FPAPB,0.0,5.0,0.0,1.0,1.0,1.0,1
A326UIIB1O2UUR,0.0,5.0,0.0,1.0,1.0,1.0,1
A326VH8IUJ7JSV,0.0,3.0,0.0,1.0,0.0,0.0,1
A327GK6XKAKQZG,0.0,5.0,0.0,1.0,1.0,1.0,1
A328ER55DPOCMO,0.0,5.0,0.0,1.0,1.0,1.0,1
A328GLDSDNFYII,0.0,5.0,0.0,1.0,1.0,1.0,1
A328YKP8SAY73L,0.0,5.0,0.0,1.0,1.0,1.0,1
A328Z8A4GQWOQI,0.0,5.0,0.0,1.0,1.0,1.0,2
A329AE4A7Q1FQK,0.0,5.0,0.0,1.0,1.0,1.0,1
A329B6BKTHQ41A,0.0,5.0,0.0,1.0,1.0,1.0,1
A329L3HF2QK7E,0.0,5.0,0.0,1.0,1.0,1.0,1
A329P043ENCM1R,0.0,5.0,0.0,1.0,1.0,1.0,1
A329TQLDBZDAAF,0.0,1.0,0.0,1.0,0.0,0.0,1
A329X6LME4DZ9,0.0,5.0,0.0,1.0,1.0,1.0,1
A32AFX2PUJ82HG,0.0,4.0,0.0,1.0,0.0,1.0,1
A32AKKZRP848H8,0.0,5.0,0.0,1.0,1.0,1.0,1
A32B6XWNR55SRL,0.0,5.0,0.0,1.0,1.0,1.0,1
A32B832WK76HYN,0.0,2.0,0.0,1.0,0.0,0.0,1
A32B8VX0HMX9YQ,0.0,5.0,0.0,1.0,1.0,1.0,1
A32B969NDCPVWQ,0.0,5.0,0.0,1.0,1.0,1.0,1
A32BART9O61O3E,0.0,5.0,0.0,1.0,1.0,1.0,1
A32BQI4PD4MC1K,0.0,5.0,0.0,1.0,1.0,1.0,1
A32D4R7O5KQWBC,0.0,5.0,0.0,1.0,1.0,1.0,1
A32DT10X9WS4D0,0.0,2.0,0.0,1.0,0.0,0.0,1
A32F6TVKKA6JX4,0.0,5.0,0.0,1.0,1.0,1.0,1
A32I07L6RTFMUA,0.0,5.0,0.0,1.0,1.0,1.0,1
A32IAWS84M6SYO,0.0,5.0,0.0,1.0,1.0,1.0,1
A32IJ34W2PUHT7,0.0,3.0,0.0,1.0,0.0,0.0,1
A32J6G16FFL8OC,0.0,4.0,0.0,1.0,0.0,1.0,1
A32JA9FA6O0XST,0.0,5.0,0.0,1.0,1.0,1.0,1
A32JZ9XNHMNWOO,0.0,5.0,0.0,1.0,1.0,1.0,1
A32LX4XJ2LU740,0.0,5.0,0.0,1.0,1.0,1.0,2
A32LY2NXFZD2J7,0.0,1.0,0.0,1.0,0.0,0.0,1
A32M3NV9464KEA,0.0,4.0,0.0,1.0,0.0,1.0,1
A32M7HKY7SQ602,0.0,4.0,0.0,1.0,0.0,1.0,1
A32MJ9F0FRBUJP,0.0,5.0,0.0,1.0,1.0,1.0,1
A32MZZ6LEZCGRL,0.0,5.0,0.0,1.0,1.0,1.0,1
A32NKAW0Q7A9IQ,0.0,3.0,0.0,1.0,0.0,0.0,1
A32OKDKPS1DAO6,0.0,5.0,0.0,1.0,1.0,1.0,1
A32OOHIQN9GFMH,0.0,4.0,0.0,1.0,0.0,1.0,1
A32P0B3INF7HF5,0.0,5.0,0.0,1.0,1.0,1.0,1
A32PP5VY9GEJ43,0.0,5.0,0.0,1.0,1.0,1.0,1
A32PQEIVGTNG4J,0.0,5.0,0.0,1.0,1.0,1.0,1
A32PY9MW5928O5,0.43067655807339306,4.5,0.7071067811865476,0.5693234419266069,0.5,1.0,2
A32QNGGSX3YTAH,0.0,5.0,0.0,1.0,1.0,1.0,1
A32QOZWIKQDNZX,0.0,5.0,0.0,1.0,1.0,1.0,2
A32QUS5HTNB6GO,0.0,1.0,0.0,1.0,0.0,0.0,1
A32R2880NCFLGR,0.0,5.0,0.0,1.0,1.0,1.0,1
A32R3RWA8KQ6C6,0.0,5.0,0.0,1.0,1.0,1.0,1
A32R6DMRW8JBNT,0.0,4.0,0.0,1.0,0.0,1.0,1
A32RDPAKVCVXTA,0.0,5.0,0.0,1.0,1.0,1.0,1
A32RMUE2HOPW69,0.0,5.0,0.0,1.0,1.0,1.0,1
A32S5XUIJ6NEX0,0.0,5.0,0.0,1.0,1.0,1.0,1
A32SE19753YIL4,0.0,5.0,0.0,1.0,1.0,1.0,1
A32SUIEEW3K443,0.0,5.0,0.0,1.0,1.0,1.0,1
A32SVEX626XG20,0.0,5.0,0.0,1.0,1.0,1.0,1
A32T9TM5F7KHIG,0.0,5.0,0.0,1.0,1.0,1.0,2
A32TEHZX11HR1A,0.0,5.0,0.0,1.0,1.0,1.0,1
A32TSY95CFGCL2,0.0,4.0,0.0,1.0,0.0,1.0,1
A32UKJ89I78SH5,0.0,4.0,0.0,1.0,0.0,1.0,1
A32UT0N3BGO8KN,0.0,5.0,0.0,1.0,1.0,1.0,1
A32UWXGT2UZIPT,0.0,5.0,0.0,1.0,1.0,1.0,1
A32V1A0ER6VKTX,0.0,5.0,0.0,1.0,1.0,1.0,1
A32V4TT1ZJVY2G,0.0,5.0,0.0,1.0,1.0,1.0,1
A32VHSD0V87NOU,0.0,1.0,0.0,1.0,0.0,0.0,1
A32VIPOLAO12KV,0.0,5.0,0.0,1.0,1.0,1.0,1
A32VSTSDEPUBHU,0.0,5.0,0.0,1.0,1.0,1.0,1
A32VUK5VY3V11D,0.0,5.0,0.0,1.0,1.0,1.0,1
A32WCCXGTR5UFX,0.0,5.0,0.0,1.0,1.0,1.0,2
A32WHPPRFXTHRV,0.0,5.0,0.0,1.0,1.0,1.0,1
A32YRGGWZ56OCS,0.0,3.0,0.0,1.0,0.0,0.0,1
A32Z1V9II49XZY,0.0,3.0,0.0,1.0,0.0,0.0,1
A32ZNPZDXOK609,0.0,5.0,0.0,1.0,1.0,1.0,1
A3300ZHK4SPWC3,0.0,5.0,0.0,1.0,1.0,1.0,1
A33152QEGO2MZN,0.0,5.0,0.0,1.0,1.0,1.0,1
A331TXDQ3NFCHG,0.0,1.0,0.0,1.0,0.0,0.0,1
A3322RJGG8TZHC,0.0,5.0,0.0,1.0,1.0,1.0,1
A332E6XGZ46RAW,0.0,5.0,0.0,1.0,1.0,1.0,1
A333CVW40B69M4,0.0,4.0,0.0,1.0,0.0,1.0,1
A3346F1Q4PT8Q1,0.0,4.0,0.0,1.0,0.0,1.0,1
A334SPS816A2GG,0.0,5.0,0.0,1.0,1.0,1.0,1
A334X69Y2AJHJ6,0.0,5.0,0.0,1.0,1.0,1.0,1
A3355TU2GYGQQ3,0.0,5.0,0.0,1.0,1.0,1.0,1
A335QXPTV1RIV1,0.0,5.0,0.0,1.0,1.0,1.0,1
A33775AIB1A664,0.0,4.0,0.0,1.0,0.0,1.0,2
A337NTGIG1VMB5,0.0,1.0,0.0,1.0,0.0,0.0,1
A337UU54VPYJLP,0.0,3.0,0.0,1.0,0.0,0.0,1
A337XUY8HSGC33,0.0,5.0,0.0,1.0,1.0,1.0,1
A338WMJ8QUF79,0.0,3.0,0.0,1.0,0.0,0.0,1
A339BQZ2491E6N,0.0,5.0,0.0,1.0,1.0,1.0,1
A339DV3S739GE8,0.0,3.0,0.0,1.0,0.0,0.0,1
A339ZN69W7N8PW,0.0,4.0,0.0,1.0,0.0,1.0,1
A33AQU9PASHWOZ,0.0,2.0,0.0,1.0,0.0,0.0,1
A33BIGD5TBUL2I,0.0,5.0,0.0,1.0,1.0,1.0,1
A33BVOFXW2WA8M,0.0,5.0,0.0,1.0,1.0,1.0,1
A33CNFK776MTWR,0.0,5.0,0.0,1.0,1.0,1.0,1
A33E61AGL43KTS,0.0,5.0,0.0,1.0,1.0,1.0,1
A33ENNU5G60VIH,0.0,5.0,0.0,1.0,1.0,1.0,1
A33F0ISF1P9RCH,0.0,5.0,0.0,1.0,1.0,1.0,1
A33FS5H3CPDR6D,0.0,5.0,0.0,1.0,1.0,1.0,1
A33FZNPF0TRLYN,0.0,5.0,0.0,1.0,1.0,1.0,1
A33GO0KKMW20BK,0.0,3.0,0.0,1.0,0.0,0.0,1
A33GQ5EG104KN7,0.0,4.0,0.0,1.0,0.0,1.0,1
A33GR4CDLG08T1,0.0,5.0,0.0,1.0,1.0,1.0,1
A33H0WC9MI8OVW,0.0,4.0,0.0,1.0,0.0,1.0,2
A33H8NZQ7UVSC7,0.0,5.0,0.0,1.0,1.0,1.0,1
A33IJGLTVS5MDS,0.0,5.0,0.0,1.0,1.0,1.0,1
A33J5VPBSW64XC,0.0,5.0,0.0,1.0,1.0,1.0,1
A33JJRB8ZAU2LF,0.0,5.0,0.0,1.0,1.0,1.0,1
A33K8EOQH55J62,0.0,4.0,0.0,1.0,0.0,1.0,1
A33L4OCSS2MJ2G,0.0,5.0,0.0,1.0,1.0,1.0,1
A33LBTRTH6XOLE,0.0,5.0,0.0,1.0,1.0,1.0,1
A33LOGQTJCM66N,0.0,5.0,0.0,1.0,1.0,1.0,1
A33LUG9R954H0Q,0.0,5.0,0.0,1.0,1.0,1.0,1
A33M07VZBYRMPY,0.0,5.0,0.0,1.0,1.0,1.0,1
A33MZ69QV2G5F3,0.0,5.0,0.0,1.0,1.0,1.0,1
A33N08AT51YRK0,0.0,5.0,0.0,1.0,1.0,1.0,1
A33O0L7DTMBKUK,0.0,4.0,0.0,1.0,0.0,1.0,1
A33O79GQ8QW4TU,0.0,3.0,0.0,1.0,0.0,0.0,1
A33O7L1ZGWEYTL,0.0,5.0,0.0,1.0,1.0,1.0,1
A33PWO1CNL1KAP,0.0,5.0,0.0,1.0,1.0,1.0,1
A33PZPS7NFLWKR,0.0,4.0,0.0,1.0,0.0,1.0,1
A33R77IXUMAGL6,0.0,5.0,0.0,1.0,1.0,1.0,1
A33SG2UA24DJ9P,0.0,2.0,0.0,1.0,0.0,0.0,1
A33TA4K8TO0MJH,0.0,3.0,0.0,1.0,0.0,0.0,1
A33TDBE3822NTY,0.0,5.0,0.0,1.0,1.0,1.0,1
A33U104WVD0P0S,0.0,4.0,0.0,1.0,0.0,1.0,1
A33UD2JQGUVLAO,0.0,5.0,0.0,1.0,1.0,1.0,1
A33UIQMVOBGFS8,0.0,5.0,0.0,1.0,1.0,1.0,1
A33US71RSEBUSC,0.0,4.0,0.0,1.0,0.0,1.0,1
A33V7Z377X9KBV,0.0,5.0,0.0,1.0,1.0,1.0,1
A33XZNU0PFPX3Y,0.0,5.0,0.0,1.0,1.0,1.0,1
A33YH22HNC1POY,0.0,5.0,0.0,1.0,1.0,1.0,1
A33YNEPUTEG8I0,0.0,4.0,0.0,1.0,0.0,1.0,1
A33YZNZIRA3H97,0.0,5.0,0.0,1.0,1.0,1.0,2
A33Z318TMDAFDM,0.0,1.0,0.0,1.0,0.0,0.0,1
A33ZDZUEF1GXXA,0.0,5.0,0.0,1.0,1.0,1.0,1
A33ZNSZSZ580D9,0.0,5.0,0.0,1.0,1.0,1.0,1
A33ZNV7VQ925SB,0.0,5.0,0.0,1.0,1.0,1.0,1
A33ZO4XGZ09MPG,0.0,5.0,0.0,1.0,1.0,1.0,1
A340AUQWQ33Y69,0.0,5.0,0.0,1.0,1.0,1.0,1
A340RN4767K964,0.0,3.0,0.0,1.0,0.0,0.0,1
A341HCMGNZCBIT,0.0,5.0,0.0,1.0,1.0,1.0,1
A341RBL4H3RJQG,0.0,5.0,0.0,1.0,1.0,1.0,1
A342ZILZJ260ST,0.0,5.0,0.0,1.0,1.0,1.0,2
A3433V6H1NDFGP,0.0,3.0,0.0,1.0,0.0,0.0,1
A343CF9RXZ7DNG,0.0,2.0,0.0,1.0,0.0,0.0,1
A343JEP7ADY2YD,0.0,5.0,0.0,1.0,1.0,1.0,1
A343QC2O211PHA,0.0,1.0,0.0,1.0,0.0,0.0,1
A3445SRT7KJ6FN,0.0,5.0,0.0,1.0,1.0,1.0,1
A344ITZYE55Q68,0.0,5.0,0.0,1.0,1.0,1.0,1
A344UAY8CWTXOI,0.0,5.0,0.0,1.0,1.0,1.0,1
A344VCIOO3EG21,0.0,4.0,0.0,1.0,0.0,1.0,1
A3479FS9K87E6O,0.0,1.0,0.0,1.0,0.0,0.0,1
A347LTN4RU2FL1,0.0,5.0,0.0,1.0,1.0,1.0,1
A34818POYHM1GD,0.0,5.0,0.0,1.0,1.0,1.0,1
A34AJOQX9NGT7G,0.0,4.0,0.0,1.0,0.0,1.0,1
A34AMRIGX4RVKU,0.0,5.0,0.0,1.0,1.0,1.0,1
A34BFOXOM87TCY,0.0,5.0,0.0,1.0,1.0,1.0,1
A34C8TEM5H2JG9,0.0,5.0,0.0,1.0,1.0,1.0,1
A34CK5N0R36M7T,0.0,5.0,0.0,1.0,1.0,1.0,1
A34DUTUH6VLRWB,0.0,5.0,0.0,1.0,1.0,1.0,1
A34DXV6MS7G9CL,0.0,5.0,0.0,1.0,1.0,1.0,1
A34ETKDJ29JAQ3,0.0,5.0,0.0,1.0,1.0,1.0,1
A34F15TPWKCU50,0.0,5.0,0.0,1.0,1.0,1.0,1
A34G4GSIYY4JJ3,0.0,5.0,0.0,1.0,1.0,1.0,1
A34GH8QDLI43CL,0.0,1.0,0.0,1.0,0.0,0.0,1
A34H1TFXR2MZ7U,0.0,5.0,0.0,1.0,1.0,1.0,3
A34HEHB3Z0YHO3,0.0,3.0,0.0,1.0,0.0,0.0,1
A34HJQ50HKYUQ3,0.0,4.0,0.0,1.0,0.0,1.0,1
A34HW115TAJU9J,0.0,5.0,0.0,1.0,1.0,1.0,1
A34II2YYFYNFI9,0.0,1.0,0.0,1.0,0.0,0.0,1
A34IJACMU8C3IM,0.0,5.0,0.0,1.0,1.0,1.0,1
A34J2IUA5DJLYU,0.0,5.0,0.0,1.0,1.0,1.0,1
A34LIVUNCQNHA,0.0,5.0,0.0,1.0,1.0,1.0,1
A34LK05I5S49LP,0.0,3.0,0.0,1.0,0.0,0.0,1
A34LPMU4LNSJC6,0.0,2.0,0.0,1.0,0.0,0.0,1
A34LQ791ACZ0JC,0.0,5.0,0.0,1.0,1.0,1.0,1
A34LSBBIKLTOOV,0.0,5.0,0.0,1.0,1.0,1.0,1
A34LWZYRIOIC7H,0.0,5.0,0.0,1.0,1.0,1.0,1
A34MAO138NIMQ4,0.0,4.0,0.0,1.0,0.0,1.0,1
A34N0OYW8076L6,0.0,5.0,0.0,1.0,1.0,1.0,1
A34N351EUCEMHO,0.0,5.0,0.0,1.0,1.0,1.0,1
A34N4IZ2X6V08N,0.0,1.0,0.0,1.0,0.0,0.0,1
A34NI8DC5AAE2W,0.0,4.0,0.0,1.0,0.0,1.0,1
A34NP9Q7KBGH63,0.0,2.0,0.0,1.0,0.0,0.0,1
A34NPP4LLJL4HU,0.0,3.0,0.0,1.0,0.0,0.0,1
A34NVQTFD4QYJ0,0.0,5.0,0.0,1.0,1.0,1.0,1
A34P5X5GO870GJ,0.0,5.0,0.0,1.0,1.0,1.0,1
A34P7YFJQPS07T,0.0,1.0,0.0,1.0,0.0,0.0,1
A34PNHKNM05TXD,0.0,4.0,0.0,1.0,0.0,1.0,2
A34QWZUNR0WNWM,0.0,5.0,0.0,1.0,1.0,1.0,1
A34S0X8F7V9UBK,0.0,5.0,0.0,1.0,1.0,1.0,1
A34SHL7JJVHLNJ,0.0,5.0,0.0,1.0,1.0,1.0,1
A34T45LDD85VZ7,0.0,5.0,0.0,1.0,1.0,1.0,1
A34UVV757IKPVB,0.0,5.0,0.0,1.0,1.0,1.0,1
A34V0V1CGJPKIU,0.0,5.0,0.0,1.0,1.0,1.0,1
A34VCCL1YO6D0I,0.39548848910372325,4.333333333333333,0.5773502691896257,0.6045115108962767,0.3333333333333333,1.0,3
A34VKO642QP76Z,0.0,4.0,0.0,1.0,0.0,1.0,1
A34W3C38EAN5WL,0.0,4.0,0.0,1.0,0.0,1.0,1
A34WISS43CVLDP,0.0,4.0,0.0,1.0,0.0,1.0,1
A34WPI852H7AVB,0.0,5.0,0.0,1.0,1.0,1.0,1
A34WYT35SQGBH3,0.0,5.0,0.0,1.0,1.0,1.0,1
A34X9CGJCEE5Q5,0.0,5.0,0.0,1.0,1.0,1.0,1
A34XU2SMQ7LRQO,0.0,4.0,0.0,1.0,0.0,1.0,1
A34ZFS8Z5ISLQR,0.0,2.0,0.0,1.0,0.0,0.0,1
A3507DMCU3IEGI,0.0,5.0,0.0,1.0,1.0,1.0,1
A350VVPCU2J3EH,0.0,3.0,0.0,1.0,0.0,0.0,1
A351TM1V66NOEJ,0.0,5.0,0.0,1.0,1.0,1.0,1
A352GZK70MPY2R,0.0,5.0,0.0,1.0,1.0,1.0,1
A352L9PCDDK7NE,0.0,5.0,0.0,1.0,1.0,1.0,1
A353N8AMEU296G,0.0,5.0,0.0,1.0,1.0,1.0,1
A353UAPCDFKIYD,0.0,4.0,0.0,1.0,0.0,1.0,1
A354OVU5DU050Q,0.0,5.0,0.0,1.0,1.0,1.0,1
A3552ZMW6AKTR3,0.0,4.0,0.0,1.0,0.0,1.0,1
A355B9HM87SFHE,0.43067655807339306,4.5,0.7071067811865476,0.5693234419266069,0.5,1.0,2
A355M74J438SGG,0.0,5.0,0.0,1.0,1.0,1.0,1
A35667Y9Y4EBLE,0.0,5.0,0.0,1.0,1.0,1.0,1
A356BWNK80JKVP,0.0,5.0,0.0,1.0,1.0,1.0,1
A356RFKNIG043B,0.0,5.0,0.0,1.0,1.0,1.0,1
A357HQZDY3YE58,0.0,5.0,0.0,1.0,1.0,1.0,1
A35AAI6C5QX0HA,0.0,5.0,0.0,1.0,1.0,1.0,1
A35B9KQC3483CR,0.0,5.0,0.0,1.0,1.0,1.0,1
A35BXS8M3HZZV4,0.0,5.0,0.0,1.0,1.0,1.0,1
A35C08P4HELIMI,0.0,5.0,0.0,1.0,1.0,1.0,1
A35CLCBHMOLSIN,0.0,4.0,0.0,1.0,0.0,1.0,1
A35EC54TIQQN01,0.0,5.0,0.0,1.0,1.0,1.0,1
A35EXMSN4DPU9I,0.0,3.0,0.0,1.0,0.0,0.0,1
A35FPAMOA9XI55,0.0,5.0,0.0,1.0,1.0,1.0,1
A35FTKYO9UQZWF,0.0,5.0,0.0,1.0,1.0,1.0,1
A35GCX48AVAQPB,0.0,5.0,0.0,1.0,1.0,1.0,1
A35HFZ8O44O062,0.0,5.0,0.0,1.0,1.0,1.0,1
A35HJZ1AACVMKK,0.0,3.0,0.0,1.0,0.0,0.0,1
A35HK0ZU7MWA4X,0.0,1.0,0.0,1.0,0.0,0.0,1
A35HR13MDW19RP,0.0,5.0,0.0,1.0,1.0,1.0,1
A35HUT8MQMT21L,0.0,4.0,0.0,1.0,0.0,1.0,1
A35IK5PV6GLP31,0.0,4.0,0.0,1.0,0.0,1.0,1
A35IODHDPM2SLS,0.0,5.0,0.0,1.0,1.0,1.0,1
A35JCASWZL0XBH,0.0,4.0,0.0,1.0,0.0,1.0,1
A35JHHE1NW0DIK,0.0,3.0,0.0,1.0,0.0,0.0,1
A35JP8KSV9281K,0.0,5.0,0.0,1.0,1.0,1.0,1
A35JT7XCQM7D37,0.0,4.0,0.0,1.0,0.0,1.0,1
A35K21L7HIH76Q,0.0,5.0,0.0,1.0,1.0,1.0,1
A35LFO0F2ROTNG,0.0,5.0,0.0,1.0,1.0,1.0,1
A35LSGTF3H8BYV,0.0,5.0,0.0,1.0,1.0,1.0,1
A35MUY1T5C335X,0.3493984702822971,3.75,0.5,0.6506015297177029,0.0,0.75,4
A35NPKN2RKX8LH,0.0,5.0,0.0,1.0,1.0,1.0,1
A35O0043BLN6FS,0.0,5.0,0.0,1.0,1.0,1.0,1
A35O0DIWXOOS1V,0.0,3.0,0.0,1.0,0.0,0.0,1
A35OGQY4CFTKVK,0.0,4.0,0.0,1.0,0.0,1.0,1
A35OQ29USFZHDN,0.0,3.0,0.0,1.0,0.0,0.0,1
A35PIJ9XIK1QDG,0.0,5.0,0.0,1.0,1.0,1.0,1
A35PIXLJIUTKZN,0.0,5.0,0.0,1.0,1.0,1.0,1
A35SB5XA89HR41,0.0,5.0,0.0,1.0,1.0,1.0,2
A35ST2XPLHG2BR,0.0,4.0,0.0,1.0,0.0,1.0,1
A35ST5ADM1MSQX,0.0,5.0,0.0,1.0,1.0,1.0,1
A35SXNALXC54WU,0.0,3.0,0.0,1.0,0.0,0.0,1
A35T95CVL2QB9O,0.0,5.0,0.0,1.0,1.0,1.0,1
A35TD8QAUMV0DB,0.0,5.0,0.0,1.0,1.0,1.0,2
A35TJIUIJDKJ7A,0.0,3.0,0.0,1.0,0.0,0.0,1
A35U66IR43E4U6,0.0,1.0,0.0,1.0,0.0,0.0,1
A35V32HZEGZH04,0.0,5.0,0.0,1.0,1.0,1.0,1
A35W3JQYP0M655,0.0,4.0,0.0,1.0,0.0,1.0,1
A35WP5LHJSZ4HC,0.0,3.0,0.0,1.0,0.0,0.0,1
A35YJ7SBI8ZTME,0.0,5.0,0.0,1.0,1.0,1.0,1
A35Z26M69ZK7EJ,0.0,3.0,0.0,1.0,0.0,0.0,1
A35Z3TBNCQU3VY,0.0,5.0,0.0,1.0,1.0,1.0,1
A360AVFBKSAY4W,0.0,4.0,0.0,1.0,0.0,1.0,1
A362UVNTN7KI68,0.0,4.0,0.0,1.0,0.0,1.0,1
A3639Z6O5JBLIZ,0.0,5.0,0.0,1.0,1.0,1.0,1
A363QRXP83K8ZE,0.0,5.0,0.0,1.0,1.0,1.0,1
A365PBEOWM7EI7,0.0,4.0,0.0,1.0,0.0,1.0,1
A365UWK3K5SD1X,0.0,5.0,0.0,1.0,1.0,1.0,1
A3669T2UVJZR41,0.0,5.0,0.0,1.0,1.0,1.0,1
A366EEYIQBU9I5,0.0,5.0,0.0,1.0,1.0,1.0,1
A366NR0YOJ0NVZ,0.0,5.0,0.0,1.0,1.0,1.0,1
A36890902KUCK5,0.0,4.0,0.0,1.0,0.0,1.0,1
A369AXZV1Q2LDC,0.0,1.0,0.0,1.0,0.0,0.0,1
A369WEIVFS31G7,0.0,5.0,0.0,1.0,1.0,1.0,1
A369ZU3YLFRDIC,0.0,5.0,0.0,1.0,1.0,1.0,1
A36ARO7W03JMXV,0.39548848910372325,4.666666666666667,0.5773502691896257,0.6045115108962767,0.6666666666666666,1.0,3
A36CA7WO8H60SK,0.0,3.0,0.0,1.0,0.0,0.0,1
A36CB8LS12L46X,0.0,5.0,0.0,1.0,1.0,1.0,1
A36CCV2B7XQGJK,0.0,5.0,0.0,1.0,1.0,1.0,1
A36CLMUHL8OBHJ,0.0,1.0,0.0,1.0,0.0,0.0,1
A36DNPFCX8A0Q3,0.0,5.0,0.0,1.0,1.0,1.0,1
A36DSZZST9T1RQ,0.0,3.0,0.0,1.0,0.0,0.0,1
A36E0HUM2Q6BSU,0.0,3.0,0.0,1.0,0.0,0.0,1
A36ETJ4I1FEG6J,0.0,5.0,0.0,1.0,1.0,1.0,1
A36EWCNCF4OQG8,0.0,5.0,0.0,1.0,1.0,1.0,1
A36FLCHRBNUUCV,0.0,5.0,0.0,1.0,1.0,1.0,1
A36FRBJ4QO0RQ3,0.0,5.0,0.0,1.0,1.0,1.0,1
A36GB0BMOGXTM0,0.0,4.0,0.0,1.0,0.0,1.0,1
A36GTKCSONG3YQ,0.0,4.0,0.0,1.0,0.0,1.0,1
A36H6CP232NRYD,0.0,3.0,0.0,1.0,0.0,0.0,1
A36HL8Y5NI4FR9,0.0,5.0,0.0,1.0,1.0,1.0,2
A36I8TB372U04R,0.0,2.0,0.0,1.0,0.0,0.0,1
A36J60Z5VCWBQZ,0.0,5.0,0.0,1.0,1.0,1.0,1
A36K2N527TXXJN,0.0,5.0,0.0,1.0,1.0,1.0,1
A36K4VOLWEBG1H,0.0,5.0,0.0,1.0,1.0,1.0,1
A36KQQ89928GK2,0.0,4.0,0.0,1.0,0.0,1.0,1
A36LDA9339NE8Q,0.43067655807339306,4.5,0.7071067811865476,0.5693234419266069,0.5,1.0,2
A36LUBBXFGA2Q2,0.0,4.0,0.0,1.0,0.0,1.0,1
A36MDL9RQGO7EN,0.0,5.0,0.0,1.0,1.0,1.0,1
A36MHSUQIH1XJE,0.0,5.0,0.0,1.0,1.0,1.0,1
A36N2I7T8KSQEF,0.0,5.0,0.0,1.0,1.0,1.0,1
A36NE7OSWUC5KS,0.0,4.0,0.0,1.0,0.0,1.0,1
A36QDG8RP3T5AM,0.0,1.0,0.0,1.0,0.0,0.0,1
A36R1GGNDJ0R5I,0.0,4.0,0.0,1.0,0.0,1.0,1
A36T60KRYUZ6OC,0.0,5.0,0.0,1.0,1.0,1.0,1
A36TM9ZVJF41SS,0.0,5.0,0.0,1.0,1.0,1.0,1
A36VJLLJTI7TIA,0.39548848910372325,4.666666666666667,0.5773502691896257,0.6045115108962767,0.6666666666666666,1.0,3
A36VX41XBE84P7,0.0,5.0,0.0,1.0,1.0,1.0,1
A36WC1DIS1PVS2,0.0,5.0,0.0,1.0,1.0,1.0,1
A36WEPNLF8S8P3,0.0,2.0,0.0,1.0,0.0,0.0,1
A36X4SWF1TX93Q,0.0,5.0,0.0,1.0,1.0,1.0,1
A36X82VV95S49L,0.0,5.0,0.0,1.0,1.0,1.0,1
A36XMNKPKOG69I,0.0,5.0,0.0,1.0,1.0,1.0,1
A36XQ1OK9UUSB0,0.39548848910372325,4.666666666666667,0.5773502691896257,0.6045115108962767,0.6666666666666666,1.0,3
A36YGJOFWHHRAC,0.0,4.0,0.0,1.0,0.0,1.0,1
A36Z1OLH6B0C2I,0.0,5.0,0.0,1.0,1.0,1.0,1
A36Z96ASIRAB1E,0.0,5.0,0.0,1.0,1.0,1.0,1
A3703H5T2Y0R0K,0.0,1.0,0.0,1.0,0.0,0.0,1
A370ZOS3HOG1JH,0.0,4.0,0.0,1.0,0.0,1.0,1
A37187ZFJZKUPY,0.0,5.0,0.0,1.0,1.0,1.0,1
A371ZZ95ZQEIZV,0.0,4.0,0.0,1.0,0.0,1.0,1
A372X2HNH627N1,0.0,5.0,0.0,1.0,1.0,1.0,1
A3735ONQL764JD,0.0,5.0,0.0,1.0,1.0,1.0,1
A3759SJ9AA9QVU,0.0,5.0,0.0,1.0,1.0,1.0,1
A375DGFZH425FM,0.0,5.0,0.0,1.0,1.0,1.0,1
A3766V4YCREN0D,0.0,5.0,0.0,1.0,1.0,1.0,1
A3774N0999VO0P,0.0,5.0,0.0,1.0,1.0,1.0,1
A3775OP5VTX5ON,0.0,5.0,0.0,1.0,1.0,1.0,1
A377WOEALNCQY4,0.0,2.0,0.0,1.0,0.0,0.0,1
A37894K753YF3J,0.0,5.0,0.0,1.0,1.0,1.0,1
A378RFIJ6U88DI,0.0,5.0,0.0,1.0,1.0,1.0,1
A379D24QUVV1X3,0.0,5.0,0.0,1.0,1.0,1.0,1
A379VJJGXWIZFE,0.0,4.0,0.0,1.0,0.0,1.0,1
A37A27YO5I79IZ,0.0,5.0,0.0,1.0,1.0,1.0,1
A37AO20OXS51QA,0.0,5.0,0.0,1.0,1.0,1.0,1
A37AO7DNHVKB28,0.0,5.0,0.0,1.0,1.0,1.0,1
A37AQ1M5701JCG,0.0,3.0,0.0,1.0,0.0,0.0,1
A37AQI4AU3JWSR,0.0,5.0,0.0,1.0,1.0,1.0,1
A37BPVPTAM7JWP,0.0,3.0,0.0,1.0,0.0,0.0,1
A37D0RO6MQ230W,0.0,5.0,0.0,1.0,1.0,1.0,1
A37E5KVAKOZFVS,0.0,4.0,0.0,1.0,0.0,1.0,1
A37F1PDYYBKLGD,0.0,5.0,0.0,1.0,1.0,1.0,1
A37FB0STAIM5PY,0.0,5.0,0.0,1.0,1.0,1.0,1
A37FBFYV7JGRVN,0.0,3.0,0.0,1.0,0.0,0.0,1
A37FCNU3EY6LZM,0.0,4.0,0.0,1.0,0.0,1.0,1
A37FRCTCXFL6CU,0.0,2.0,0.0,1.0,0.0,0.0,1
A37FULV9NLQYXU,0.0,4.0,0.0,1.0,0.0,1.0,1
A37GFV0AL784BL,0.0,5.0,0.0,1.0,1.0,1.0,1
A37I377QOTELM1,0.0,5.0,0.0,1.0,1.0,1.0,1
A37IXQTOMZDPNA,0.0,5.0,0.0,1.0,1.0,1.0,1
A37JNUJSVAJKYN,0.0,5.0,0.0,1.0,1.0,1.0,1
A37JWH7Y3AGPKH,0.0,5.0,0.0,1.0,1.0,1.0,1
A37KC1KU0JPI1K,0.0,5.0,0.0,1.0,1.0,1.0,1
A37KD47W5WONHK,0.0,5.0,0.0,1.0,1.0,1.0,1
A37KEW14MD925E,0.0,5.0,0.0,1.0,1.0,1.0,1
A37LCWTTQMBMFX,0.0,5.0,0.0,1.0,1.0,1.0,1
A37MO3JSJKWYQ8,0.0,5.0,0.0,1.0,1.0,1.0,1
A37NODCIL8PP75,0.0,5.0,0.0,1.0,1.0,1.0,1
A37NP1T8KCEMOW,0.0,4.0,0.0,1.0,0.0,1.0,1
A37NYCRAA80CP8,0.0,5.0,0.0,1.0,1.0,1.0,1
A37OD7AIUMV3EO,0.0,5.0,0.0,1.0,1.0,1.0,1
A37OTRJO1NM63H,0.0,1.0,0.0,1.0,0.0,0.0,1
A37OY0QXW9R2ES,0.0,2.0,0.0,1.0,0.0,0.0,1
A37PHA4BWQ4XB9,0.0,5.0,0.0,1.0,1.0,1.0,1
A37Q5MOP4E2YLZ,0.0,4.0,0.0,1.0,0.0,1.0,1
A37RCN295YXNKD,0.0,5.0,0.0,1.0,1.0,1.0,2
A37T4NN3DV3U75,0.0,5.0,0.0,1.0,1.0,1.0,1
A37U6OGB6BRJPQ,0.0,5.0,0.0,1.0,1.0,1.0,1
A37UU7LD4MWAJQ,0.0,5.0,0.0,1.0,1.0,1.0,1
A37VJLVXDOWABZ,0.0,4.0,0.0,1.0,0.0,1.0,1
A37WO4IXM2HON1,0.0,2.0,0.0,1.0,0.0,0.0,1
A37WVR9M1STQDU,0.0,5.0,0.0,1.0,1.0,1.0,1
A37WWMRMNR2KSA,0.0,1.0,0.0,1.0,0.0,0.0,1
A37WZJIGAQRPSL,0.0,5.0,0.0,1.0,1.0,1.0,1
A37YBFELWPSCLB,0.0,4.0,0.0,1.0,0.0,1.0,1
A37YWL8YILUNDL,0.0,5.0,0.0,1.0,1.0,1.0,1
A37Z65SZVT0TVB,0.0,5.0,0.0,1.0,1.0,1.0,2
A37ZW5VNQTIO5S,0.0,5.0,0.0,1.0,1.0,1.0,1
A380W12QEPG2BO,0.0,5.0,0.0,1.0,1.0,1.0,3
A38155DKJODLWZ,0.0,5.0,0.0,1.0,1.0,1.0,1
A381YC9NE1K8R8,0.0,5.0,0.0,1.0,1.0,1.0,1
A3823WQPK4LXLL,0.43067655807339306,4.5,0.7071067811865476,0.5693234419266069,0.5,1.0,2
A382XPXKY11IIN,0.0,4.0,0.0,1.0,0.0,1.0,1
A382YHBEX6MPS9,0.0,3.0,0.0,1.0,0.0,0.0,1
A384P5XYDRGBCF,0.0,3.0,0.0,1.0,0.0,0.0,1
A384UZZIZDHSNJ,0.0,4.0,0.0,1.0,0.0,1.0,1
A386NVAVQV5WUO,0.0,5.0,0.0,1.0,1.0,1.0,2
A387C579TCK3BG,0.0,4.0,0.0,1.0,0.0,1.0,1
A387QAUJHI23S8,0.0,3.0,0.0,1.0,0.0,0.0,1
A388UKVL7CLB2K,0.0,3.0,0.0,1.0,0.0,0.0,1
A3890NYX72ZQ,0.0,5.0,0.0,1.0,1.0,1.0,1
A38986T7SECVKX,0.0,5.0,0.0,1.0,1.0,1.0,1
A389M5HYNF26PN,0.0,5.0,0.0,1.0,1.0,1.0,1
A38AAY3HJVHZAU,0.0,5.0,0.0,1.0,1.0,1.0,1
A38B7DTWWL4JE,0.0,4.0,0.0,1.0,0.0,1.0,1
A38BJJO4VGJIQ5,0.0,2.0,0.0,1.0,0.0,0.0,1
A38BUEXQR3ERCX,0.0,4.0,0.0,1.0,0.0,1.0,1
A38CQJJOWSL8A7,0.0,5.0,0.0,1.0,1.0,1.0,1
A38D9RSMAYZSCM,0.0,2.0,0.0,1.0,0.0,0.0,1
A38DL9ER9ZHC9P,0.0,5.0,0.0,1.0,1.0,1.0,1
A38EHG0M5YL5YQ,0.0,3.0,0.0,1.0,0.0,0.0,1
A38FEJ8BPFY320,0.0,4.0,0.0,1.0,0.0,1.0,1
A38FGQVJM18OWV,0.0,1.0,0.0,1.0,0.0,0.0,1
A38FSZIH7JWJU5,0.0,5.0,0.0,1.0,1.0,1.0,1
A38GBRWMMP0UI1,0.0,3.0,0.0,1.0,0.0,0.0,1
A38GZ9522SW4T3,0.0,5.0,0.0,1.0,1.0,1.0,1
A38HCBJDXTSWKK,0.43067655807339306,4.5,0.7071067811865476,0.5693234419266069,0.5,1.0,2
A38IFC31823UST,0.0,1.0,0.0,1.0,0.0,0.0,1
A38IFPLTEGTWM6,0.0,5.0,0.0,1.0,1.0,1.0,1
A38IPXVQFX7KBP,0.0,5.0,0.0,1.0,1.0,1.0,1
A38IWCW17QMNI9,0.0,5.0,0.0,1.0,1.0,1.0,1
A38K3YPGRNGXGW,0.0,1.0,0.0,1.0,0.0,0.0,1
A38K8WFKSUTNJ2,0.0,5.0,0.0,1.0,1.0,1.0,1
A38L5I9MY8A959,0.0,5.0,0.0,1.0,1.0,1.0,1
A38LAEUSCK6Z7Z,0.0,4.0,0.0,1.0,0.0,1.0,1
A38LHIAC52T0UH,0.0,5.0,0.0,1.0,1.0,1.0,3
A38LIND13AS5OI,0.0,5.0,0.0,1.0,1.0,1.0,1
A38LYJ7NQ65G5L,0.0,5.0,0.0,1.0,1.0,1.0,1
A38LYMP23O1111,0.0,5.0,0.0,1.0,1.0,1.0,1
A38M7PZ5DEOOCC,0.0,5.0,0.0,1.0,1.0,1.0,1
A38O4PIHV41EWX,0.0,3.0,0.0,1.0,0.0,0.0,1
A38ON1MOZNBCGE,0.0,5.0,0.0,1.0,1.0,1.0,1
A38ONUWY6M0KZU,0.0,4.0,0.0,1.0,0.0,1.0,1
A38Q2EI3LM24VT,0.0,5.0,0.0,1.0,1.0,1.0,1
A38Q75AJQ69TDO,0.43067655807339306,4.5,0.7071067811865476,0.5693234419266069,0.5,1.0,2
A38QEATH3NODFM,0.0,5.0,0.0,1.0,1.0,1.0,2
A38QGN16XWQ8SL,0.0,5.0,0.0,1.0,1.0,1.0,1
A38R4BGASLLTE1,0.0,4.0,0.0,1.0,0.0,1.0,1
A38RLBIN8LASPE,0.0,5.0,0.0,1.0,1.0,1.0,1
A38RMU1Y5TDP9,0.0,5.0,0.0,1.0,1.0,1.0,1
A38RS419QDS06O,0.0,5.0,0.0,1.0,1.0,1.0,1
A38SHOPZADNOLN,0.0,5.0,0.0,1.0,1.0,1.0,1
A38SK72V6NORUP,0.0,5.0,0.0,1.0,1.0,1.0,1
A38SN37XVGG1R7,0.0,5.0,0.0,1.0,1.0,1.0,1
A38T55CCT4B3E6,0.0,5.0,0.0,1.0,1.0,1.0,1
A38T7HEXGCAWJA,0.0,5.0,0.0,1.0,1.0,1.0,1
A38UKFBS0Y3KZY,0.0,5.0,0.0,1.0,1.0,1.0,1
A38VIVDARCVC1,0.0,5.0,0.0,1.0,1.0,1.0,1
A38VUSBYQZCKUQ,0.0,5.0,0.0,1.0,1.0,1.0,1
A38W29I8J03QW8,0.0,4.0,0.0,1.0,0.0,1.0,1
A38WJKB6YULQ6J,0.0,3.0,0.0,1.0,0.0,0.0,1
A38WNTZ2E1SNFW,0.0,5.0,0.0,1.0,1.0,1.0,1
A38WZ0ITR34AFN,0.0,5.0,0.0,1.0,1.0,1.0,1
A38X3FR7G0B6EN,0.0,4.0,0.0,1.0,0.0,1.0,1
A38X9XX2ZRR0ON,0.0,3.0,0.0,1.0,0.0,0.0,1
A38Y6WG21NAEMB,0.0,5.0,0.0,1.0,1.0,1.0,2
A38YN01J31JTBD,0.0,5.0,0.0,1.0,1.0,1.0,1
A38YWVKHDGWXFF,0.0,5.0,0.0,1.0,1.0,1.0,1
A38Z1QNI3H0JDB,0.0,5.0,0.0,1.0,1.0,1.0,1
A38ZKGP6U1QOF0,0.0,5.0,0.0,1.0,1.0,1.0,1
A38ZPLOD8GA3VJ,0.0,3.0,0.0,1.0,0.0,0.0,1
A38ZQZ8N7EDWQA,0.0,5.0,0.0,1.0,1.0,1.0,1
A3901UFHY19IGV,0.0,5.0,0.0,1.0,1.0,1.0,1
A390CDHLS6NHWP,0.0,5.0,0.0,1.0,1.0,1.0,1
A390KWCJRLHPOD,0.0,1.0,0.0,1.0,0.0,0.0,1
A390Y4PZY8XTYL,0.0,4.0,0.0,1.0,0.0,1.0,1
A391RJ8646SYY1,0.43067655807339306,2.0,1.4142135623730951,0.5693234419266069,0.0,0.0,2
A391VSDDL0NTF4,0.0,3.0,0.0,1.0,0.0,0.0,1
A39239F78V03U4,0.39548848910372325,1.3333333333333333,0.5773502691896257,0.6045115108962767,0.0,0.0,3
A3923W0OJNGUHN,0.0,4.0,0.0,1.0,0.0,1.0,1
A392YS0W837HFU,0.0,4.0,0.0,1.0,0.0,1.0,1
A393ITXMCJFQFF,0.0,1.0,0.0,1.0,0.0,0.0,1
A393L8KPRNFKMU,0.0,5.0,0.0,1.0,1.0,1.0,1
A393VR8USGJSEO,0.0,4.0,0.0,1.0,0.0,1.0,1
A3945ZO3MNKVMO,0.0,5.0,0.0,1.0,1.0,1.0,1
A394KTQFK85XPW,0.0,5.0,0.0,1.0,1.0,1.0,1
A3956O40ZZYFMY,0.0,5.0,0.0,1.0,1.0,1.0,2
A395TYPUVG7KNR,0.0,5.0,0.0,1.0,1.0,1.0,1
A3963R7EPE3A7E,0.0,5.0,0.0,1.0,1.0,1.0,1
A3977M5S0GIG5H,0.0,5.0,0.0,1.0,1.0,1.0,1
A3992SE2YUH0B9,0.0,4.0,0.0,1.0,0.0,1.0,1
A399F6C7WP0NPG,0.0,5.0,0.0,1.0,1.0,1.0,1
A39AB1CZ74VSGG,0.0,5.0,0.0,1.0,1.0,1.0,1
A39ANGL5T77E0B,0.0,5.0,0.0,1.0,1.0,1.0,1
A39B0SSJKCS0WY,0.0,5.0,0.0,1.0,1.0,1.0,1
A39B4ZJFZRGX1I,0.0,5.0,0.0,1.0,1.0,1.0,1
A39C3BAC8J9KVA,0.0,4.0,0.0,1.0,0.0,1.0,1
A39CUQBMV62S5O,0.0,5.0,0.0,1.0,1.0,1.0,1
A39DPQ464LPGVP,0.0,2.0,0.0,1.0,0.0,0.0,1
A39DQIQ1GO2J4Y,0.0,1.0,0.0,1.0,0.0,0.0,1
A39DZU4YRGKWAG,0.6826061944859853,4.0,1.0,0.31739380551401475,0.3333333333333333,0.6666666666666666,3
A39EEI8WLCVVAJ,0.0,5.0,0.0,1.0,1.0,1.0,1
A39F5L16R1ATFS,0.0,5.0,0.0,1.0,1.0,1.0,1
A39F6S9OFDFF1N,0.0,5.0,0.0,1.0,1.0,1.0,1
A39F7XOVXQ0LZK,0.0,5.0,0.0,1.0,1.0,1.0,1
A39FKRQK3E8VZQ,0.0,5.0,0.0,1.0,1.0,1.0,1
A39FOHN4RAHGB6,0.0,5.0,0.0,1.0,1.0,1.0,1
A39G12JD41N65D,0.0,5.0,0.0,1.0,1.0,1.0,1
A39GD9S0DEQNLD,0.0,5.0,0.0,1.0,1.0,1.0,1
A39HB69V29EDTX,0.0,5.0,0.0,1.0,1.0,1.0,1
A39I7G8W0SSL9V,0.0,4.0,0.0,1.0,0.0,1.0,1
A39JC4OBLTFWYG,0.0,3.0,0.0,1.0,0.0,0.0,1
A39JL3OBJIBIX7,0.0,5.0,0.0,1.0,1.0,1.0,1
A39K52QDP4C3ZS,0.0,5.0,0.0,1.0,1.0,1.0,1
A39K7R4Y1ZD5SZ,0.43067655807339306,4.0,1.4142135623730951,0.5693234419266069,0.5,0.5,2
A39KBWLS6TURMR,0.0,5.0,0.0,1.0,1.0,1.0,1
A39KC1FTFJ6WE7,0.0,3.0,0.0,1.0,0.0,0.0,1
A39KES33IH1GXR,0.0,3.0,0.0,1.0,0.0,0.0,1
A39KGML5OYIU00,0.0,4.0,0.0,1.0,0.0,1.0,1
A39KOJG83K8F1U,0.0,2.0,0.0,1.0,0.0,0.0,1
A39KTSPC3MP53O,0.0,5.0,0.0,1.0,1.0,1.0,2
A39LPV21N28L0D,0.0,4.0,0.0,1.0,0.0,1.0,1
A39M6RURHUXPR,0.0,2.0,0.0,1.0,0.0,0.0,1
A39M7D6VKFKWRN,0.0,5.0,0.0,1.0,1.0,1.0,1
A39OM6SPWHS3FK,0.0,4.0,0.0,1.0,0.0,1.0,1
A39PXL8TQKMNRY,0.0,4.0,0.0,1.0,0.0,1.0,1
A39Q5JH09VUMR5,0.0,5.0,0.0,1.0,1.0,1.0,2
A39RHVY97AQINP,0.0,5.0,0.0,1.0,1.0,1.0,1
A39TSOLD1HTE8M,0.0,5.0,0.0,1.0,1.0,1.0,1
A39UWP91J5MQGE,0.0,4.0,0.0,1.0,0.0,1.0,1
A39V7MMKAIL55K,0.0,5.0,0.0,1.0,1.0,1.0,1
A39V9ZEGFFD7JB,0.0,5.0,0.0,1.0,1.0,1.0,1
A39VG5STMCQBI,0.0,1.0,0.0,1.0,0.0,0.0,1
A39VTD9COHHY34,0.0,5.0,0.0,1.0,1.0,1.0,1
A39W1MVZ5BYPSR,0.0,4.0,0.0,1.0,0.0,1.0,1
A39WALMR3G46FU,0.0,5.0,0.0,1.0,1.0,1.0,1
A39WL7TJZW0ALV,0.0,4.0,0.0,1.0,0.0,1.0,1
A39WT88YZXIJTB,0.0,5.0,0.0,1.0,1.0,1.0,1
A39Z1MT92AMF5E,0.0,4.0,0.0,1.0,0.0,1.0,1
A39Z4OU2C7ENWH,0.0,3.0,0.0,1.0,0.0,0.0,1
A3A0KPQ1458501,0.0,2.0,0.0,1.0,0.0,0.0,1
A3A0ULRM4SEHG3,0.0,5.0,0.0,1.0,1.0,1.0,1
A3A15L96IYUO6V,0.4243146625442961,4.571428571428571,0.5345224838248489,0.5756853374557038,0.5714285714285714,1.0,7
A3A18QLK7CNIVX,0.0,4.0,0.0,1.0,0.0,1.0,1
A3A1B23YB8VB8X,0.0,5.0,0.0,1.0,1.0,1.0,1
A3A1ENOW12T0QY,0.0,5.0,0.0,1.0,1.0,1.0,1
A3A1JKH6FU935A,0.0,5.0,0.0,1.0,1.0,1.0,1
A3A276HARIYM4Y,0.43067655807339306,3.5,2.1213203435596424,0.5693234419266069,0.5,0.5,2
A3A2QISZ44247F,0.0,5.0,0.0,1.0,1.0,1.0,1
A3A2SZ8VFI6M00,0.0,5.0,0.0,1.0,1.0,1.0,1
A3A2Z3KKF6GEH,0.0,5.0,0.0,1.0,1.0,1.0,1
A3A36VG147MKYA,0.0,1.0,0.0,1.0,0.0,0.0,1
A3A3F5N7NZCVMT,0.0,5.0,0.0,1.0,1.0,1.0,1
A3A3LNDYHH53L0,0.0,5.0,0.0,1.0,1.0,1.0,1
A3A48XEYWLWH7T,0.0,5.0,0.0,1.0,1.0,1.0,2
A3A4NX6KSX3Q8F,0.0,5.0,0.0,1.0,1.0,1.0,1
A3A4PWZFZU29MW,0.0,3.0,0.0,1.0,0.0,0.0,1
A3A4WASUJDYCE3,0.0,5.0,0.0,1.0,1.0,1.0,1
A3A4XDZBCJKIS9,0.0,4.0,0.0,1.0,0.0,1.0,1
A3A53X9NSO3M4Z,0.0,5.0,0.0,1.0,1.0,1.0,1
A3A55IAQ5UNIYW,0.43067655807339306,3.5,0.7071067811865476,0.5693234419266069,0.0,0.5,2
A3A57GX8FJ4QNQ,0.0,4.0,0.0,1.0,0.0,1.0,3
A3A59WOOIH35HF,0.0,5.0,0.0,1.0,1.0,1.0,1
A3A5JAWFOSZ5Y5,0.0,4.0,0.0,1.0,0.0,1.0,1
A3A5TZ3IHOOYM9,0.0,5.0,0.0,1.0,1.0,1.0,1
A3A5VMQMYTLXV9,0.0,5.0,0.0,1.0,1.0,1.0,1
A3A73UQRD23GVC,0.0,4.0,0.0,1.0,0.0,1.0,1
A3A7ZJ4QS65X15,0.0,3.0,0.0,1.0,0.0,0.0,1
A3A8EWK181RGFU,0.0,3.0,0.0,1.0,0.0,0.0,1
A3A95AGMVFVNAH,0.0,3.0,0.0,1.0,0.0,0.0,1
A3A9O355TNBWKK,0.0,5.0,0.0,1.0,1.0,1.0,2
A3AAL5TGOW29X3,0.43067655807339306,3.5,2.1213203435596424,0.5693234419266069,0.5,0.5,2
A3AAP038P5FGSN,0.0,4.0,0.0,1.0,0.0,1.0,1
A3AD2Z84TP6P2S,0.0,3.0,0.0,1.0,0.0,0.0,1
A3ADJ00F29DU5I,0.0,5.0,0.0,1.0,1.0,1.0,1
A3ADZPLY7C1TQV,0.0,5.0,0.0,1.0,1.0,1.0,1
A3AE2N9PGYQU7L,0.0,5.0,0.0,1.0,1.0,1.0,1
A3AFDN9UFIHVN1,0.0,1.0,0.0,1.0,0.0,0.0,1
A3AFPQWM1RGSDE,0.0,5.0,0.0,1.0,1.0,1.0,1
A3AG0DHBLDYVPZ,0.0,5.0,0.0,1.0,1.0,1.0,2
A3AGIOKDN01U4U,0.0,5.0,0.0,1.0,1.0,1.0,1
A3AGQAXTX6VRJ3,0.0,3.0,0.0,1.0,0.0,0.0,1
A3AGSFLNNIFKNJ,0.0,5.0,0.0,1.0,1.0,1.0,2
A3AGVFQM0TJJW4,0.0,5.0,0.0,1.0,1.0,1.0,1
A3AIEQAJMNVI6F,0.0,5.0,0.0,1.0,1.0,1.0,1
A3AIL332D1GIX5,0.0,5.0,0.0,1.0,1.0,1.0,1
A3AIM9XS17T39P,0.0,5.0,0.0,1.0,1.0,1.0,1
A3AK2R0N3CKTUP,0.0,2.0,0.0,1.0,0.0,0.0,1
A3AKVALGT4Y02G,0.0,4.0,0.0,1.0,0.0,1.0,1
A3ANBGDAJX55HD,0.0,5.0,0.0,1.0,1.0,1.0,1
A3ANRNLZ2LVM8J,0.0,5.0,0.0,1.0,1.0,1.0,1
A3AOGYPD6MVBYZ,0.0,5.0,0.0,1.0,1.0,1.0,1
A3APKVUOTQ20KQ,0.0,5.0,0.0,1.0,1.0,1.0,1
A3APPU8QXY4DFI,0.0,4.0,0.0,1.0,0.0,1.0,1
A3AQOHP0SK2JBY,0.0,4.0,0.0,1.0,0.0,1.0,1
A3ARNJ9NF0H6YD,0.0,5.0,0.0,1.0,1.0,1.0,1
A3ARPUKCI6R91Y,0.0,5.0,0.0,1.0,1.0,1.0,1
A3ASFGE40HGXFD,0.0,2.0,0.0,1.0,0.0,0.0,1
A3ASKO4R2SZE3D,0.0,4.0,0.0,1.0,0.0,1.0,1
A3AT8MXBJ8ZWEK,0.0,5.0,0.0,1.0,1.0,1.0,1
A3ATF868IEP191,0.0,4.0,0.0,1.0,0.0,1.0,1
A3ATYUPQYD15TK,0.0,5.0,0.0,1.0,1.0,1.0,1
A3AUWB5YGG0W20,0.0,5.0,0.0,1.0,1.0,1.0,1
A3AVNLTWWNIEO9,0.0,2.0,0.0,1.0,0.0,0.0,1
A3AWPDBQLK3SZ8,0.0,4.0,0.0,1.0,0.0,1.0,1
A3AWXCFD0J6S65,0.0,2.0,0.0,1.0,0.0,0.0,1
A3AX4XM1LHS0GU,0.0,4.0,0.0,1.0,0.0,1.0,1
A3AXR6XRTDTD3C,0.0,5.0,0.0,1.0,1.0,1.0,1
A3AXW3V7YBRKCE,0.0,5.0,0.0,1.0,1.0,1.0,1
A3AXXUSU4KJQ6R,0.0,5.0,0.0,1.0,1.0,1.0,1
A3AZED5QHTI9M7,0.0,5.0,0.0,1.0,1.0,1.0,1
A3AZUX1EW379D0,0.0,3.0,0.0,1.0,0.0,0.0,1
A3B0D8Z49UW0P9,0.0,5.0,0.0,1.0,1.0,1.0,1
A3B0PPZOUA6U9I,0.0,2.0,0.0,1.0,0.0,0.0,1
A3B20R4ZAH0Y2Y,0.0,4.0,0.0,1.0,0.0,1.0,1
A3B21ZWOW9I4X7,0.0,4.0,0.0,1.0,0.0,1.0,1
A3B2DFMVEIT8TS,0.0,5.0,0.0,1.0,1.0,1.0,1
A3B3HBKN6PR2N7,0.0,4.0,0.0,1.0,0.0,1.0,1
A3B4132NC4T9V5,0.0,2.0,0.0,1.0,0.0,0.0,1
A3B5E90IEV2PW5,0.0,4.0,0.0,1.0,0.0,1.0,1
A3B5ITYRN84C4H,0.0,5.0,0.0,1.0,1.0,1.0,1
A3B6PCNC86UB86,0.0,5.0,0.0,1.0,1.0,1.0,1
A3B7TD1VKB2K8N,0.0,5.0,0.0,1.0,1.0,1.0,1
A3B7ZAWRSGO0TX,0.0,5.0,0.0,1.0,1.0,1.0,1
A3B86XJSLQSSJH,0.0,5.0,0.0,1.0,1.0,1.0,1
A3B9FWS53WZIT,0.0,5.0,0.0,1.0,1.0,1.0,1
A3BA8YMGPWARPM,0.0,5.0,0.0,1.0,1.0,1.0,1
A3BAEV1COL0XKT,0.0,4.0,0.0,1.0,0.0,1.0,1
A3BAVQ0GF8FI0R,0.0,5.0,0.0,1.0,1.0,1.0,1
A3BB2RC775TBZ1,0.0,5.0,0.0,1.0,1.0,1.0,1
A3BC51PZJ8L67R,0.0,3.0,0.0,1.0,0.0,0.0,1
A3BCTEEX0YKXEA,0.0,5.0,0.0,1.0,1.0,1.0,1
A3BEYFBHNGZ9S6,0.0,3.0,0.0,1.0,0.0,0.0,1
A3BEYTAVDKX9BQ,0.0,5.0,0.0,1.0,1.0,1.0,1
A3BFPY4HS3FG9C,0.0,5.0,0.0,1.0,1.0,1.0,1
A3BGPW4WNBZTWS,0.0,4.0,0.0,1.0,0.0,1.0,1
A3BHLQE9PAJI0,0.0,5.0,0.0,1.0,1.0,1.0,1
A3BHPD32RSZJQX,0.0,5.0,0.0,1.0,1.0,1.0,1
A3BI8BKIHESDNQ,0.0,5.0,0.0,1.0,1.0,1.0,2
A3BI9UH1SCIQG9,0.0,4.0,0.0,1.0,0.0,1.0,1
A3BJ2MFE8LZ8Y5,0.0,5.0,0.0,1.0,1.0,1.0,1
A3BJDNLXO9V10F,0.0,5.0,0.0,1.0,1.0,1.0,1
A3BJOJLK4FN1JC,0.0,3.0,0.0,1.0,0.0,0.0,1
A3BJTAZ6UPDYCW,0.0,5.0,0.0,1.0,1.0,1.0,1
A3BKOOED6SA0G9,0.0,3.0,0.0,1.0,0.0,0.0,1
A3BL333OWK3I4J,0.0,2.0,0.0,1.0,0.0,0.0,1
A3BLG23IUDWFOF,0.0,5.0,0.0,1.0,1.0,1.0,1
A3BMUBUC1N77U8,0.0,4.0,0.0,1.0,0.0,1.0,1
A3BMZALEIUMFBE,0.0,4.0,0.0,1.0,0.0,1.0,1
A3BNLLP9KAA1FE,0.0,5.0,0.0,1.0,1.0,1.0,1
A3BO1VM9CSCWW1,0.0,4.0,0.0,1.0,0.0,1.0,1
A3BOPY9EERVP3G,0.0,5.0,0.0,1.0,1.0,1.0,1
A3BOQADZVJB6C3,0.0,4.0,0.0,1.0,0.0,1.0,1
A3BOV3A8GZJ0AT,0.0,5.0,0.0,1.0,1.0,1.0,1
A3BOVI9G971LA7,0.0,3.0,0.0,1.0,0.0,0.0,1
A3BQ16UFNMAPW,0.0,5.0,0.0,1.0,1.0,1.0,1
A3BQPLQONW58RK,0.0,5.0,0.0,1.0,1.0,1.0,1
A3BRJW85SMKZF,0.0,3.0,0.0,1.0,0.0,0.0,1
A3BS6QRUYSUYGI,0.0,5.0,0.0,1.0,1.0,1.0,1
A3BSE70YMG6FM0,0.0,5.0,0.0,1.0,1.0,1.0,1
A3BSPXD2A2UQ2T,0.0,5.0,0.0,1.0,1.0,1.0,2
A3BSR1TPMAXW3T,0.0,5.0,0.0,1.0,1.0,1.0,1
A3BSSJ6SJ5NVWJ,0.0,1.0,0.0,1.0,0.0,0.0,1
A3BSYRSX8N8FQ8,0.0,2.0,0.0,1.0,0.0,0.0,1
A3BTBXXZ7LG6LW,0.0,5.0,0.0,1.0,1.0,1.0,1
A3BTFKDNAC29JL,0.0,5.0,0.0,1.0,1.0,1.0,1
A3BUBZG2VAP67E,0.0,5.0,0.0,1.0,1.0,1.0,1
A3BUDM5FYDLU71,0.0,4.0,0.0,1.0,0.0,1.0,1
A3BVSAZREDP9RH,0.0,5.0,0.0,1.0,1.0,1.0,1
A3BY5KCNQZXV5U,0.43067655807339306,4.5,0.7071067811865476,0.5693234419266069,0.5,1.0,2
A3BZ20YGTVLAG5,0.0,2.0,0.0,1.0,0.0,0.0,1
A3C00N4UHA5XYX,0.0,5.0,0.0,1.0,1.0,1.0,1
A3C0H04U0QRNGO,0.0,5.0,0.0,1.0,1.0,1.0,2
A3C1BQLPUTYFB4,0.0,5.0,0.0,1.0,1.0,1.0,1
A3C1GV89DSSCEB,0.0,5.0,0.0,1.0,1.0,1.0,1
A3C1MJ6AYAJ1PP,0.39548848910372325,3.6666666666666665,0.5773502691896258,0.6045115108962767,0.0,0.6666666666666666,3
A3C25PH9AWIHKO,0.0,3.0,0.0,1.0,0.0,0.0,1
A3C2B90CTO7T1V,0.0,5.0,0.0,1.0,1.0,1.0,1
A3C2P53X7OVOKX,0.0,5.0,0.0,1.0,1.0,1.0,1
A3C35YQCMRP4Q6,0.0,2.0,0.0,1.0,0.0,0.0,1
A3C3VITIMY0DJJ,0.0,5.0,0.0,1.0,1.0,1.0,1
A3C4JNSTXZEMTL,0.0,4.0,0.0,1.0,0.0,1.0,2
A3C4ZHX8UM3FGA,0.0,4.0,0.0,1.0,0.0,1.0,1
A3C51ESBUD8QAJ,0.0,4.0,0.0,1.0,0.0,1.0,1
A3C5B6DI5QZHKG,0.0,5.0,0.0,1.0,1.0,1.0,1
A3C5JFSAPHWJU3,0.0,5.0,0.0,1.0,1.0,1.0,1
A3C5WJ09BI3EBO,0.0,5.0,0.0,1.0,1.0,1.0,1
A3C60TAOFVQB45,0.0,5.0,0.0,1.0,1.0,1.0,1
A3C65DHC8UBUNC,0.0,5.0,0.0,1.0,1.0,1.0,1
A3C6RY5QEY89CE,0.0,4.0,0.0,1.0,0.0,1.0,1
A3C6RYB83KD1GX,0.0,5.0,0.0,1.0,1.0,1.0,1
A3C7PUJ7THYRNY,0.0,5.0,0.0,1.0,1.0,1.0,1
A3C85GXT2Q6IG1,0.0,2.0,0.0,1.0,0.0,0.0,1
A3C88ZDIZALRMN,0.0,5.0,0.0,1.0,1.0,1.0,1
A3CA8KTWWHA0JI,0.0,5.0,0.0,1.0,1.0,1.0,1
A3CBBQQXA7VV6J,0.0,5.0,0.0,1.0,1.0,1.0,1
A3CCITVF0WL6KE,0.0,5.0,0.0,1.0,1.0,1.0,1
A3CCYAQRHUTPIQ,0.43067655807339306,3.5,0.7071067811865476,0.5693234419266069,0.0,0.5,2
A3CDH6GBMQ8SF6,0.0,5.0,0.0,1.0,1.0,1.0,1
A3CELQN8FLDW0Y,0.0,3.0,0.0,1.0,0.0,0.0,1
A3CFH7IL0GL187,0.0,4.0,0.0,1.0,0.0,1.0,2
A3CFO6309H5H0,0.0,5.0,0.0,1.0,1.0,1.0,1
A3CG6YLYZJXQG4,0.43067655807339306,3.5,0.7071067811865476,0.5693234419266069,0.0,0.5,2
A3CGEKPKOO35B3,0.0,3.0,0.0,1.0,0.0,0.0,1
A3CIV9WPFHNX0K,0.0,5.0,0.0,1.0,1.0,1.0,1
A3CJABT03EG9FE,0.0,5.0,0.0,1.0,1.0,1.0,2
A3CJC7K4QZBYW5,0.0,5.0,0.0,1.0,1.0,1.0,1
A3CJGCQI6RKRNJ,0.0,4.0,0.0,1.0,0.0,1.0,1
A3CJHIIROCDAEJ,0.0,4.0,0.0,1.0,0.0,1.0,1
A3CK1XNRHTN402,0.0,1.0,0.0,1.0,0.0,0.0,1
A3CKHLERBVJ86H,0.0,4.0,0.0,1.0,0.0,1.0,1
A3CL2MI40GZGPR,0.0,5.0,0.0,1.0,1.0,1.0,1
A3CL82UITQJLWS,0.0,5.0,0.0,1.0,1.0,1.0,1
A3CLWR1UUZT6TG,0.0,5.0,0.0,1.0,1.0,1.0,2
A3CM3MI6Y5G12R,0.0,5.0,0.0,1.0,1.0,1.0,1
A3CMO216CWOF5N,0.0,4.0,0.0,1.0,0.0,1.0,2
A3CMO6EORUNEYQ,0.0,5.0,0.0,1.0,1.0,1.0,1
A3CMSRCYUJ9ZA5,0.0,5.0,0.0,1.0,1.0,1.0,1
A3CO12S3VULW4G,0.0,5.0,0.0,1.0,1.0,1.0,1
A3CPX9XWN4ZAFK,0.0,5.0,0.0,1.0,1.0,1.0,1
A3CQUQ28OKOMMT,0.0,5.0,0.0,1.0,1.0,1.0,1
A3CRB5KQ3SPFYF,0.0,2.0,0.0,1.0,0.0,0.0,1
A3CRIG5P35VKUB,0.0,4.0,0.0,1.0,0.0,1.0,1
A3CRQJ402U1G0J,0.43067655807339306,4.5,0.7071067811865476,0.5693234419266069,0.5,1.0,2
A3CSDS5RW4XUPG,0.43067655807339306,3.0,2.8284271247461903,0.5693234419266069,0.5,0.5,2
A3CSEHN7WKCTZ5,0.0,5.0,0.0,1.0,1.0,1.0,1
A3CTI2ARGG2T7X,0.0,4.0,0.0,1.0,0.0,1.0,1
A3CVMCBTBQ7R79,0.0,4.0,0.0,1.0,0.0,1.0,1
A3CW0ZLUO5X2B1,0.0,5.0,0.0,1.0,1.0,1.0,1
A3CW2UZMZ4I0MI,0.0,3.0,0.0,1.0,0.0,0.0,1
A3CWLHT8Y2BZB6,0.39548848910372325,3.3333333333333335,0.5773502691896257,0.6045115108962767,0.0,0.3333333333333333,3
A3CX02IGUE2FV9,0.0,5.0,0.0,1.0,1.0,1.0,1
A3CYGJR5YNON0D,0.0,2.0,0.0,1.0,0.0,0.0,1
A3CZV7DEX2ARGE,0.0,2.0,0.0,1.0,0.0,0.0,1
A3D0WID5KX7YQ0,0.0,5.0,0.0,1.0,1.0,1.0,1
A3D1I68IHM51XJ,0.0,4.0,0.0,1.0,0.0,1.0,1
A3D1MNFKW1Z3QJ,0.0,5.0,0.0,1.0,1.0,1.0,1
A3D1XWMQD0HTZJ,0.0,3.0,0.0,1.0,0.0,0.0,1
A3D1YKQZN1YZXM,0.0,4.0,0.0,1.0,0.0,1.0,1
A3D20C3LM506B2,0.0,4.0,0.0,1.0,0.0,1.0,1
A3D296RVX0JVKB,0.0,3.0,0.0,1.0,0.0,0.0,1
A3D2VIUT2HWP0Z,0.0,5.0,0.0,1.0,1.0,1.0,1
A3D4B6J0ZAA6D,0.0,5.0,0.0,1.0,1.0,1.0,1
A3D4OB8I3HPULA,0.0,1.0,0.0,1.0,0.0,0.0,1
A3D550GH0U6T5C,0.0,3.0,0.0,1.0,0.0,0.0,1
A3D5B2CBFNJB0K,0.0,1.0,0.0,1.0,0.0,0.0,1
A3D5PYW78GKDWV,0.0,5.0,0.0,1.0,1.0,1.0,1
A3D6ITN1HM1FQG,0.43067655807339306,3.0,2.8284271247461903,0.5693234419266069,0.5,0.5,2
A3D6OHGHXN95AS,0.0,5.0,0.0,1.0,1.0,1.0,1
A3D7BGK0P5QY0X,0.43067655807339306,4.5,0.7071067811865476,0.5693234419266069,0.5,1.0,2
A3D7IRV9BPFK5J,0.0,5.0,0.0,1.0,1.0,1.0,1
A3D819E3ZQPNLA,0.0,5.0,0.0,1.0,1.0,1.0,1
A3D822N1K2IAQD,0.0,4.0,0.0,1.0,0.0,1.0,1
A3DAURGJAL0Y0S,0.0,5.0,0.0,1.0,1.0,1.0,1
A3DB5AX3HWU2UN,0.0,4.0,0.0,1.0,0.0,1.0,1
A3DCWVLM3XWU2Z,0.43067655807339306,3.5,0.7071067811865476,0.5693234419266069,0.0,0.5,2
A3DDKMEJPK9XQS,0.0,2.0,0.0,1.0,0.0,0.0,1
A3DF1AEPLTX0CA,0.0,5.0,0.0,1.0,1.0,1.0,1
A3DGGVZIS0QCQ9,0.0,5.0,0.0,1.0,1.0,1.0,1
A3DGJMO6VPG6FJ,0.0,1.0,0.0,1.0,0.0,0.0,1
A3DGJXTSR0R73C,0.0,4.0,0.0,1.0,0.0,1.0,1
A3DGWKQFZ11K9P,0.0,5.0,0.0,1.0,1.0,1.0,1
A3DH53FPYSP9E,0.0,3.0,0.0,1.0,0.0,0.0,1
A3DH74L21G9QFJ,0.0,4.0,0.0,1.0,0.0,1.0,1
A3DHCTLD4XJJIG,0.0,4.0,0.0,1.0,0.0,1.0,1
A3DIEJHDPL4PUC,0.0,5.0,0.0,1.0,1.0,1.0,1
A3DJ8DG0WPNXQA,0.0,1.0,0.0,1.0,0.0,0.0,1
A3DKP8M0GSP8UK,0.0,1.0,0.0,1.0,0.0,0.0,1
A3DKWGWZSZC7PN,0.0,2.0,0.0,1.0,0.0,0.0,1
A3DL67RLSWPJ15,0.0,5.0,0.0,1.0,1.0,1.0,1
A3DM8NDY4EIUP1,0.43067655807339306,4.0,1.4142135623730951,0.5693234419266069,0.5,0.5,2
A3DMARFI3FQRJ9,0.0,5.0,0.0,1.0,1.0,1.0,1
A3DMK9OFGHKA8U,0.0,5.0,0.0,1.0,1.0,1.0,1
A3DODUI5D91JKN,0.0,3.0,0.0,1.0,0.0,0.0,1
A3DOG3PQ6UT7XT,0.0,5.0,0.0,1.0,1.0,1.0,1
A3DOQ1AI1MU74K,0.0,4.0,0.0,1.0,0.0,1.0,1
A3DPT4CDBMX0N7,0.0,5.0,0.0,1.0,1.0,1.0,1
A3DQ3Q2GPZRLT7,0.0,4.0,0.0,1.0,0.0,1.0,1
A3DQWFWINN3V5A,0.0,5.0,0.0,1.0,1.0,1.0,1
A3DRT9IRH63ZHB,0.0,4.0,0.0,1.0,0.0,1.0,1
A3DU46KRC2JFKH,0.0,5.0,0.0,1.0,1.0,1.0,2
A3DUWATQEKWLTY,0.39548848910372325,4.666666666666667,0.5773502691896257,0.6045115108962767,0.6666666666666666,1.0,3
A3DUWI8P66G61C,0.0,4.0,0.0,1.0,0.0,1.0,1
A3DVCKQY3WN6ZU,0.0,5.0,0.0,1.0,1.0,1.0,1
A3DVGMO8DCK8AX,0.0,5.0,0.0,1.0,1.0,1.0,1
A3DVM2YS59Z3ZF,0.0,4.0,0.0,1.0,0.0,1.0,1
A3DWCCNBLNKWAQ,0.0,4.0,0.0,1.0,0.0,1.0,2
A3DWLI9VIYXI16,0.0,4.0,0.0,1.0,0.0,1.0,1
A3DWO9ZI48DJL1,0.0,5.0,0.0,1.0,1.0,1.0,1
A3DXRN8UPJ6W2N,0.0,5.0,0.0,1.0,1.0,1.0,1
A3DXZIHCHTFM85,0.0,1.0,0.0,1.0,0.0,0.0,1
A3DYB4VNXP9RBE,0.0,4.0,0.0,1.0,0.0,1.0,1
A3DZIDWH11X2BF,0.0,5.0,0.0,1.0,1.0,1.0,2
A3E0CXFVZHO626,0.0,5.0,0.0,1.0,1.0,1.0,2
A3E11WHSG52T0M,0.0,5.0,0.0,1.0,1.0,1.0,1
A3E1IXJ949VL29,0.0,5.0,0.0,1.0,1.0,1.0,1
A3E1R7VPFBXDHQ,0.0,5.0,0.0,1.0,1.0,1.0,1
A3E23UCQ27R3SU,0.0,5.0,0.0,1.0,1.0,1.0,1
A3E2P9J7SMPEXK,0.43067655807339306,4.5,0.7071067811865476,0.5693234419266069,0.5,1.0,2
A3E2SQ61RG4KPF,0.0,5.0,0.0,1.0,1.0,1.0,1
A3E37ZYITKUQNL,0.0,5.0,0.0,1.0,1.0,1.0,1
A3E3P8LUD48X6C,0.0,5.0,0.0,1.0,1.0,1.0,1
A3E3YJJ0KLYECK,0.0,5.0,0.0,1.0,1.0,1.0,1
A3E44J6UX651BC,0.0,2.0,0.0,1.0,0.0,0.0,1
A3E47AJOQG6UK2,0.0,5.0,0.0,1.0,1.0,1.0,1
A3E4EN8NV92TUE,0.0,5.0,0.0,1.0,1.0,1.0,1
A3E4N4UWZN8KK6,0.0,4.0,0.0,1.0,0.0,1.0,1
A3E4QDD0JTGT2T,0.0,1.0,0.0,1.0,0.0,0.0,1
A3E4YU6APQLRKE,0.0,5.0,0.0,1.0,1.0,1.0,1
A3E5KFCYN26O2B,0.0,5.0,0.0,1.0,1.0,1.0,1
A3E5SOPIL985NQ,0.0,5.0,0.0,1.0,1.0,1.0,1
A3E68EBGXTWDNP,0.0,4.0,0.0,1.0,0.0,1.0,1
A3E6HFD7U91DY,0.0,4.0,0.0,1.0,0.0,1.0,1
A3E6JBXN9KFHRX,0.0,5.0,0.0,1.0,1.0,1.0,1
A3E6ZJMPO9SQWO,0.0,3.0,0.0,1.0,0.0,0.0,1
A3E9VBNS25Z9FI,0.43067655807339306,4.5,0.7071067811865476,0.5693234419266069,0.5,1.0,2
A3EAA602DJCZQ4,0.0,4.0,0.0,1.0,0.0,1.0,1
A3EAKDPOB7H96W,0.0,5.0,0.0,1.0,1.0,1.0,1
A3EDICFQJDXT7L,0.0,5.0,0.0,1.0,1.0,1.0,1
A3EFWIRQLWS0G,0.0,4.0,0.0,1.0,0.0,1.0,1
A3EGCYJ41MWIFD,0.0,5.0,0.0,1.0,1.0,1.0,1
A3EIVEAH4J9KIR,0.0,3.0,0.0,1.0,0.0,0.0,1
A3EJDV2RTFROU4,0.0,4.0,0.0,1.0,0.0,1.0,1
A3EK5TRR1L1WR8,0.0,5.0,0.0,1.0,1.0,1.0,1
A3EKNB6HM09LN8,0.0,5.0,0.0,1.0,1.0,1.0,1
A3ELMB2P2QFT7U,0.0,5.0,0.0,1.0,1.0,1.0,1
A3EM40VV41YOHH,0.0,4.0,0.0,1.0,0.0,1.0,1
A3EMAT5NS591P1,0.0,5.0,0.0,1.0,1.0,1.0,1
A3EMIQ5M1G0J4W,0.0,5.0,0.0,1.0,1.0,1.0,1
A3EML7WV7A5QZW,0.0,5.0,0.0,1.0,1.0,1.0,1
A3EMZ433QPZU0O,0.0,4.0,0.0,1.0,0.0,1.0,1
A3ENO7ZDMZ62TK,0.0,4.0,0.0,1.0,0.0,1.0,1
A3EO7H0UOYYVJ,0.0,4.0,0.0,1.0,0.0,1.0,1
A3EOHF2YSVZA9L,0.0,5.0,0.0,1.0,1.0,1.0,1
A3EOMRZFU33I6Z,0.0,4.0,0.0,1.0,0.0,1.0,1
A3EOT20YH2QDX4,0.0,5.0,0.0,1.0,1.0,1.0,1
A3EP26M3QHINXT,0.0,5.0,0.0,1.0,1.0,1.0,1
A3EP4YIS9W1LR1,0.0,5.0,0.0,1.0,1.0,1.0,1
A3EPCX4M6IKD85,0.0,3.0,0.0,1.0,0.0,0.0,1
A3EPJSPH03AS29,0.0,5.0,0.0,1.0,1.0,1.0,1
A3EPOKANU798QW,0.0,5.0,0.0,1.0,1.0,1.0,2
A3EPT8ENSU0TU,0.0,1.0,0.0,1.0,0.0,0.0,1
A3EPZNFF590EXL,0.0,5.0,0.0,1.0,1.0,1.0,1
A3EQ61ES6HQ090,0.43067655807339306,4.5,0.7071067811865476,0.5693234419266069,0.5,1.0,2
A3EQQHWJ1EEYEU,0.0,5.0,0.0,1.0,1.0,1.0,3
A3EQRG0AYCU91N,0.0,5.0,0.0,1.0,1.0,1.0,2
A3ER4LUKW3PO2W,0.0,5.0,0.0,1.0,1.0,1.0,1
A3ER6ARJ23CIN8,0.0,4.0,0.0,1.0,0.0,1.0,1
A3ERS94QZJJ9EP,0.0,5.0,0.0,1.0,1.0,1.0,1
A3ERWBVZHT86CB,0.0,5.0,0.0,1.0,1.0,1.0,1
A3ES51FL3H0QCR,0.0,4.0,0.0,1.0,0.0,1.0,1
A3ESX9NVYHRQD9,0.0,4.0,0.0,1.0,0.0,1.0,1
A3ET92C0O9XNS6,0.0,5.0,0.0,1.0,1.0,1.0,1
A3EU0497R9UFX2,0.0,5.0,0.0,1.0,1.0,1.0,1
A3EU21JSI4F2QH,0.0,4.0,0.0,1.0,0.0,1.0,2
A3EU4P3GZRYHN3,0.0,5.0,0.0,1.0,1.0,1.0,1
A3EUQ5G81AN9LN,0.0,5.0,0.0,1.0,1.0,1.0,1
A3EUSH8DPW75LR,0.0,5.0,0.0,1.0,1.0,1.0,1
A3EUUHAB232JOI,0.0,5.0,0.0,1.0,1.0,1.0,1
A3EV8JA23IUP7O,0.0,5.0,0.0,1.0,1.0,1.0,1
A3EVJFU8OGK8IT,0.0,5.0,0.0,1.0,1.0,1.0,1
A3EVTPOJDS5OQ9,0.0,5.0,0.0,1.0,1.0,1.0,1
A3EWNB6RL13T9G,0.0,4.0,0.0,1.0,0.0,1.0,1
A3EX8ZFNVDHGPM,0.0,5.0,0.0,1.0,1.0,1.0,1
A3EXWV8FNSSFL6,0.0,5.0,0.0,1.0,1.0,1.0,1
A3EZEP0FX5BC1P,0.0,5.0,0.0,1.0,1.0,1.0,1
A3EZHN2I12T5XF,0.0,3.0,0.0,1.0,0.0,0.0,1
A3EZVW0KD3EUA8,0.0,5.0,0.0,1.0,1.0,1.0,1
A3EZY90TIZ2MMA,0.0,5.0,0.0,1.0,1.0,1.0,1
A3F0FKIHTLD4BP,0.0,4.0,0.0,1.0,0.0,1.0,1
A3F0HJLB79JQJ4,0.0,5.0,0.0,1.0,1.0,1.0,1
A3F29V1XQ72M3M,0.0,5.0,0.0,1.0,1.0,1.0,1
A3F2M27L02YDLM,0.39548848910372325,4.666666666666667,0.5773502691896257,0.6045115108962767,0.6666666666666666,1.0,3
A3F2NSR3N0UKP0,0.0,4.0,0.0,1.0,0.0,1.0,1
A3F3XQGPOVXJET,0.0,5.0,0.0,1.0,1.0,1.0,1
A3F4DSZ38VDKNR,0.0,4.0,0.0,1.0,0.0,1.0,1
A3F4OHY3R93F78,0.0,5.0,0.0,1.0,1.0,1.0,1
A3F4VCTXZZ449P,0.0,5.0,0.0,1.0,1.0,1.0,1
A3F5B6FVK7KOJ7,0.0,5.0,0.0,1.0,1.0,1.0,1
A3F5EZF0JJ207G,0.0,3.0,0.0,1.0,0.0,0.0,1
A3F5G02JODRZ10,0.0,5.0,0.0,1.0,1.0,1.0,1
A3F5JV08JUY06C,0.0,5.0,0.0,1.0,1.0,1.0,3
A3F64PK0D3MLRR,0.0,5.0,0.0,1.0,1.0,1.0,1
A3F67ZFU5YMIDD,0.0,5.0,0.0,1.0,1.0,1.0,1
A3F68N9OI8Y67,0.0,1.0,0.0,1.0,0.0,0.0,1
A3F81TPV4IQ2BG,0.0,5.0,0.0,1.0,1.0,1.0,1
A3F85164PLQFTP,0.0,5.0,0.0,1.0,1.0,1.0,1
A3F85J4C6F7A7Z,0.43067655807339306,3.5,0.7071067811865476,0.5693234419266069,0.0,0.5,2
A3F9CBHV4OHFBS,0.0,5.0,0.0,1.0,1.0,1.0,1
A3FBKSJY4UPVU,0.0,5.0,0.0,1.0,1.0,1.0,1
A3FBX7QRP0B7S8,0.0,4.0,0.0,1.0,0.0,1.0,1
A3FDXCRC4LAOZP,0.0,5.0,0.0,1.0,1.0,1.0,1
A3FE2B2X39IFJJ,0.0,5.0,0.0,1.0,1.0,1.0,1
A3FE9EUVTU3UD8,0.0,5.0,0.0,1.0,1.0,1.0,1
A3FF3RNKGCE8YV,0.0,2.0,0.0,1.0,0.0,0.0,1
A3FFNWA0T3QXDN,0.0,5.0,0.0,1.0,1.0,1.0,1
A3FGOOWBV8SUCA,0.0,5.0,0.0,1.0,1.0,1.0,3
A3FHMNZ3V6LJU7,0.0,5.0,0.0,1.0,1.0,1.0,1
A3FHSLWEMH7JD8,0.0,2.0,0.0,1.0,0.0,0.0,1
A3FINBR4T5ACH3,0.0,5.0,0.0,1.0,1.0,1.0,1
A3FJXFLTQZU978,0.0,4.0,0.0,1.0,0.0,1.0,1
A3FKLAPAZ8PFMO,0.0,5.0,0.0,1.0,1.0,1.0,1
A3FKQQTSMHOCE0,0.0,4.0,0.0,1.0,0.0,1.0,1
A3FL4Q6TEPST6C,0.0,5.0,0.0,1.0,1.0,1.0,1
A3FL5F9G2X4M4U,0.0,5.0,0.0,1.0,1.0,1.0,1
A3FMMV53JHL6TU,0.0,2.0,0.0,1.0,0.0,0.0,1
A3FNF36SELJ49S,0.0,5.0,0.0,1.0,1.0,1.0,1
A3FNOSCPPESDF9,0.0,5.0,0.0,1.0,1.0,1.0,1
A3FOOF7Q2GUMXX,0.0,5.0,0.0,1.0,1.0,1.0,1
A3FOXL24P5ZGE8,0.0,4.0,0.0,1.0,0.0,1.0,1
A3FP9141P7DHT6,0.0,5.0,0.0,1.0,1.0,1.0,1
A3FPR82M4TB5S,0.0,1.0,0.0,1.0,0.0,0.0,1
A3FQOR3G5Y7UZ,0.0,3.0,0.0,1.0,0.0,0.0,1
A3FQTCYYVX5M5A,0.0,5.0,0.0,1.0,1.0,1.0,1
A3FQZZNEHL02WO,0.0,5.0,0.0,1.0,1.0,1.0,1
A3FRF7VQOR28S0,0.0,5.0,0.0,1.0,1.0,1.0,1
A3FS3FJPD3RJTD,0.0,2.0,0.0,1.0,0.0,0.0,1
A3FSH1DQMR9M0M,0.0,3.0,0.0,1.0,0.0,0.0,1
A3FTI86WAVJOLG,0.1892810496109844,4.636363636363637,1.2060453783110545,0.8107189503890155,0.9090909090909091,0.9090909090909091,11
A3FTRN2V98QBCP,0.43067655807339306,4.5,0.7071067811865476,0.5693234419266069,0.5,1.0,2
A3FTWBJH7BFDJQ,0.0,3.0,0.0,1.0,0.0,0.0,1
A3FUTKW59AWR6C,0.0,3.0,0.0,1.0,0.0,0.0,1
A3FUXDNOST7H2Q,0.0,1.0,0.0,1.0,0.0,0.0,1
A3FV80G5TGF2YN,0.0,4.0,0.0,1.0,0.0,1.0,1
A3FVSZUAV37MYM,0.0,1.0,0.0,1.0,0.0,0.0,1
A3FY3S8KMC5X82,0.0,5.0,0.0,1.0,1.0,1.0,1
A3FYSRXY46VSF1,0.0,5.0,0.0,1.0,1.0,1.0,1
A3FZI1RHDOZEJO,0.0,4.0,0.0,1.0,0.0,1.0,1
A3G01RI3MUWWQ6,0.0,2.0,0.0,1.0,0.0,0.0,1
A3G0U8SNAL7UV8,0.0,5.0,0.0,1.0,1.0,1.0,1
A3G0YKIR4F1SCY,0.0,4.0,0.0,1.0,0.0,1.0,1
A3G15U1ZTHYX56,0.0,1.0,0.0,1.0,0.0,0.0,1
A3G1G50QNGX721,0.0,4.0,0.0,1.0,0.0,1.0,1
A3G2AAMHUT1N1U,0.0,4.0,0.0,1.0,0.0,1.0,1
A3G2FOJL92215L,0.0,3.0,0.0,1.0,0.0,0.0,1
A3G2MJPURQSCBD,0.0,5.0,0.0,1.0,1.0,1.0,1
A3G5OZD8J9L7NW,0.0,5.0,0.0,1.0,1.0,1.0,1
A3G636N0YXQA7A,0.0,2.0,0.0,1.0,0.0,0.0,1
A3G7BEJJCPD6DS,0.0,4.0,0.0,1.0,0.0,1.0,1
A3G8DSANVTLXW9,0.0,5.0,0.0,1.0,1.0,1.0,1
A3G8PHTYONNTQM,0.0,5.0,0.0,1.0,1.0,1.0,1
A3G8YKV4Q0138F,0.0,5.0,0.0,1.0,1.0,1.0,1
A3G91OD8ODO80V,0.0,5.0,0.0,1.0,1.0,1.0,1
A3G9C63446RUCD,0.0,5.0,0.0,1.0,1.0,1.0,1
A3GAEVQR5F9Q9J,0.0,5.0,0.0,1.0,1.0,1.0,1
A3GAGDH0FHEREP,0.0,5.0,0.0,1.0,1.0,1.0,1
A3GAJB5Y9XCLHU,0.0,5.0,0.0,1.0,1.0,1.0,1
A3GATAFT8LVTSK,0.0,5.0,0.0,1.0,1.0,1.0,1
A3GAU6X29L9VTL,0.0,5.0,0.0,1.0,1.0,1.0,1
A3GB11PXY2DW5R,0.0,5.0,0.0,1.0,1.0,1.0,1
A3GB92BPDHSAOA,0.0,5.0,0.0,1.0,1.0,1.0,1
A3GBDJVNX84IKD,0.0,5.0,0.0,1.0,1.0,1.0,1
A3GBOCNEQ8AAP4,0.0,4.0,0.0,1.0,0.0,1.0,1
A3GBTXO71DJ6GO,0.0,3.0,0.0,1.0,0.0,0.0,1
A3GCSH7EUZRSQM,0.0,4.0,0.0,1.0,0.0,1.0,1
A3GCU32XBIEDMB,0.0,1.0,0.0,1.0,0.0,0.0,1
A3GCULBJ04IYA2,0.0,5.0,0.0,1.0,1.0,1.0,1
A3GFK87L3P68AH,0.0,5.0,0.0,1.0,1.0,1.0,1
A3GFQHHVMEAIO,0.0,5.0,0.0,1.0,1.0,1.0,2
A3GFS9L5GENQC7,0.0,5.0,0.0,1.0,1.0,1.0,1
A3GG3EQD981OCI,0.0,5.0,0.0,1.0,1.0,1.0,1
A3GG7QSSI58HJV,0.0,5.0,0.0,1.0,1.0,1.0,1
A3GGOU7B5NVAIS,0.0,5.0,0.0,1.0,1.0,1.0,1
A3GGZJZZFQ7S5D,0.0,5.0,0.0,1.0,1.0,1.0,1
A3GH0VSG68C8SL,0.0,5.0,0.0,1.0,1.0,1.0,1
A3GHITPT5SRXBH,0.0,5.0,0.0,1.0,1.0,1.0,1
A3GHZZM7CNK77I,0.0,5.0,0.0,1.0,1.0,1.0,1
A3GIM3IW8FVBBK,0.0,5.0,0.0,1.0,1.0,1.0,1
A3GIZQ450133SC,0.0,5.0,0.0,1.0,1.0,1.0,1
A3GJF1RYLXMQOD,0.0,5.0,0.0,1.0,1.0,1.0,1
A3GKEM591MMIRY,0.0,4.0,0.0,1.0,0.0,1.0,1
A3GKRQWPAIZR3L,0.0,5.0,0.0,1.0,1.0,1.0,1
A3GKY17CHGC5OT,0.0,5.0,0.0,1.0,1.0,1.0,1
A3GM3KMDA3MWIR,0.0,4.0,0.0,1.0,0.0,1.0,1
A3GM64N13BILUP,0.0,5.0,0.0,1.0,1.0,1.0,1
A3GMRYV7VAYK5Q,0.0,2.0,0.0,1.0,0.0,0.0,1
A3GN5NR7GDB3DE,0.0,4.0,0.0,1.0,0.0,1.0,1
A3GNN31HJ11PPA,0.0,5.0,0.0,1.0,1.0,1.0,1
A3GO24N9Y05PKG,0.0,5.0,0.0,1.0,1.0,1.0,1
A3GOSA8HXJ6IHZ,0.0,2.0,0.0,1.0,0.0,0.0,1
A3GQKB1KF0CRPE,0.43067655807339306,4.5,0.7071067811865476,0.5693234419266069,0.5,1.0,2
A3GQSZ2RVVXDCZ,0.0,4.0,0.0,1.0,0.0,1.0,1
A3GQY0TFRG0MPZ,0.0,5.0,0.0,1.0,1.0,1.0,1
A3GR935UY6LX03,0.0,1.0,0.0,1.0,0.0,0.0,1
A3GS06T7VKDRPV,0.0,5.0,0.0,1.0,1.0,1.0,1
A3GTTII3IQTANG,0.0,5.0,0.0,1.0,1.0,1.0,1
A3GVTK181RD96Y,0.0,4.0,0.0,1.0,0.0,1.0,1
A3GXH7PS56WLMI,0.0,5.0,0.0,1.0,1.0,1.0,1
A3GYWZE27QBMY7,0.0,5.0,0.0,1.0,1.0,1.0,1
A3GZHI2Y4HNJMD,0.0,5.0,0.0,1.0,1.0,1.0,1
A3GZQJZLSMETLI,0.0,5.0,0.0,1.0,1.0,1.0,2
A3GZZ7O20BZQ94,0.0,4.0,0.0,1.0,0.0,1.0,1
A3H09VQI43K2PJ,0.0,5.0,0.0,1.0,1.0,1.0,1
A3H0JGT2GLNX5Y,0.0,3.0,0.0,1.0,0.0,0.0,1
A3H0KNC7PKLXU7,0.0,1.0,0.0,1.0,0.0,0.0,1
A3H12QDPX7QOKZ,0.0,2.0,0.0,1.0,0.0,0.0,1
A3H1CE8T6GDVWV,0.0,5.0,0.0,1.0,1.0,1.0,1
A3H1NI0FSDFMWX,0.6826061944859853,4.0,1.0,0.31739380551401475,0.3333333333333333,0.6666666666666666,3
A3H2OM4DBR3P3T,0.0,5.0,0.0,1.0,1.0,1.0,1
A3H3AW7VY6PI1A,0.0,4.0,0.0,1.0,0.0,1.0,1
A3H3P7EN3GFW6W,0.0,4.0,0.0,1.0,0.0,1.0,1
A3H482CX4KZBK4,0.0,5.0,0.0,1.0,1.0,1.0,1
A3H6HJSLFNLGMA,0.39548848910372325,4.666666666666667,0.5773502691896257,0.6045115108962767,0.6666666666666666,1.0,3
A3H6NNGCINPLEC,0.0,4.0,0.0,1.0,0.0,1.0,1
A3H78NCT3DJMY2,0.0,5.0,0.0,1.0,1.0,1.0,2
A3H8R9RBN7MYD,0.0,4.0,0.0,1.0,0.0,1.0,1
A3H9OYPMFA0EJJ,0.0,5.0,0.0,1.0,1.0,1.0,1
A3H9R0EX67LJE6,0.0,5.0,0.0,1.0,1.0,1.0,1
A3H9RTXHQ5H4UT,0.0,5.0,0.0,1.0,1.0,1.0,1
A3HAPTHHU5B1MT,0.0,5.0,0.0,1.0,1.0,1.0,1
A3HAWAR6KX3ENU,0.0,5.0,0.0,1.0,1.0,1.0,1
A3HBASBZZVT2N7,0.0,4.0,0.0,1.0,0.0,1.0,1
A3HC7NWLKCPX4X,0.0,1.0,0.0,1.0,0.0,0.0,1
A3HCGSOLAHATVQ,0.0,4.0,0.0,1.0,0.0,1.0,1
A3HCPK54FATFO4,0.0,1.0,0.0,1.0,0.0,0.0,1
A3HCZTTUH3CW9Z,0.0,5.0,0.0,1.0,1.0,1.0,1
A3HD4V3W6ZLV4N,0.0,4.0,0.0,1.0,0.0,1.0,1
A3HDSPFMOCEUTA,0.0,1.0,0.0,1.0,0.0,0.0,1
A3HE9I4GQ4OXYE,0.6460148371100896,3.75,1.8929694486000912,0.35398516288991044,0.5,0.75,4
A3HFBXHGNT5IF8,0.0,5.0,0.0,1.0,1.0,1.0,1
A3HFCOYO3TOZ24,0.0,5.0,0.0,1.0,1.0,1.0,1
A3HGKWTC8QAI60,0.0,4.0,0.0,1.0,0.0,1.0,1
A3HHR7GMW69TFX,0.0,5.0,0.0,1.0,1.0,1.0,1
A3HICVLF4PFFMN,0.0,5.0,0.0,1.0,1.0,1.0,1
A3HIWWY0ZDLOJG,0.0,1.0,0.0,1.0,0.0,0.0,1
A3HJGWV3E5U502,0.0,1.0,0.0,1.0,0.0,0.0,1
A3HK1EO0SEEB8Z,0.0,5.0,0.0,1.0,1.0,1.0,1
A3HKEH7RU4OS0,0.0,5.0,0.0,1.0,1.0,1.0,1
A3HKNAA3578FSZ,0.0,5.0,0.0,1.0,1.0,1.0,1
A3HLIVR8UY72P6,0.0,5.0,0.0,1.0,1.0,1.0,1
A3HLUBDLMU8RGO,0.0,5.0,0.0,1.0,1.0,1.0,1
A3HMI98TOOAVYS,0.0,5.0,0.0,1.0,1.0,1.0,1
A3HN1NFTA2Q7VV,0.0,3.0,0.0,1.0,0.0,0.0,1
A3HNADBFO4LTG,0.0,1.0,0.0,1.0,0.0,0.0,1
A3HNMDZLMAX9H9,0.0,5.0,0.0,1.0,1.0,1.0,1
A3HOD6ZNT3Y475,0.0,5.0,0.0,1.0,1.0,1.0,1
A3HOOMIX87687Y,0.0,5.0,0.0,1.0,1.0,1.0,1
A3HOQ9C7UMZQCS,0.0,5.0,0.0,1.0,1.0,1.0,1
A3HOU7C1FRGTXI,0.0,5.0,0.0,1.0,1.0,1.0,1
A3HPCRD9RX351S,0.0,3.0,0.0,1.0,0.0,0.0,1
A3HQS2YTR4GNC1,0.0,5.0,0.0,1.0,1.0,1.0,1
A3HRDRQ5VAFPQS,0.0,2.0,0.0,1.0,0.0,0.0,1
A3HS9IAJG1X3WK,0.0,3.0,0.0,1.0,0.0,0.0,1
A3HSJ2H5Q075JP,0.0,1.0,0.0,1.0,0.0,0.0,1
A3HSLVVMSJNCX9,0.0,5.0,0.0,1.0,1.0,1.0,1
A3HSPIBCQA2ASN,0.0,5.0,0.0,1.0,1.0,1.0,1
A3HT7V9SDMR6U7,0.0,5.0,0.0,1.0,1.0,1.0,1
A3HTMF9ROZGCPK,0.0,3.0,0.0,1.0,0.0,0.0,1
A3HTOR3A84JAM0,0.0,2.0,0.0,1.0,0.0,0.0,1
A3HUJBSBIG4HPG,0.0,5.0,0.0,1.0,1.0,1.0,1
A3HUK2D3SNXHMR,0.0,3.0,0.0,1.0,0.0,0.0,1
A3HWB36LLQAMXH,0.0,5.0,0.0,1.0,1.0,1.0,1
A3HXGSMCIOZEW8,0.0,5.0,0.0,1.0,1.0,1.0,1
A3HXSYE3AEP812,0.0,5.0,0.0,1.0,1.0,1.0,1
A3HYTLSRSV68HF,0.0,5.0,0.0,1.0,1.0,1.0,1
A3HYYO8PBJZ0J0,0.0,3.0,0.0,1.0,0.0,0.0,1
A3HZ83EUW587RM,0.0,5.0,0.0,1.0,1.0,1.0,1
A3I05EBYT0I4XR,0.0,2.0,0.0,1.0,0.0,0.0,1
A3I0RAZR4RKO4Z,0.0,1.0,0.0,1.0,0.0,0.0,1
A3I1BJIFFM4S21,0.0,5.0,0.0,1.0,1.0,1.0,3
A3I1E3B371G9AD,0.0,5.0,0.0,1.0,1.0,1.0,2
A3I1GZ3Z7AXSNZ,0.0,2.0,0.0,1.0,0.0,0.0,1
A3I28B9NJBGB5O,0.0,5.0,0.0,1.0,1.0,1.0,1
A3I2LH8T7QJI7J,0.0,5.0,0.0,1.0,1.0,1.0,1
A3I2XB5G02ETXX,0.43067655807339306,3.5,0.7071067811865476,0.5693234419266069,0.0,0.5,2
A3I4LKBE81T7QC,0.0,5.0,0.0,1.0,1.0,1.0,1
A3I4MTIXADZFYS,0.0,5.0,0.0,1.0,1.0,1.0,1
A3I5S0G8FMWV03,0.43067655807339306,4.5,0.7071067811865476,0.5693234419266069,0.5,1.0,2
A3I634592SZH0B,0.0,5.0,0.0,1.0,1.0,1.0,1
A3I6EKL5ISK5JF,0.0,5.0,0.0,1.0,1.0,1.0,1
A3I7LQ4SD5WZ72,0.0,5.0,0.0,1.0,1.0,1.0,1
A3I87TP2N3GXK6,0.0,4.0,0.0,1.0,0.0,1.0,1
A3I88OJ7DVC4RN,0.0,5.0,0.0,1.0,1.0,1.0,1
A3I8KWK1VNN92T,0.0,5.0,0.0,1.0,1.0,1.0,1
A3I8OURC83NM6V,0.43067655807339306,4.5,0.7071067811865476,0.5693234419266069,0.5,1.0,2
A3I996CW1YFR3D,0.0,5.0,0.0,1.0,1.0,1.0,1
A3I9HER2MU2OML,0.0,5.0,0.0,1.0,1.0,1.0,1
A3IA8GX9LFUDHY,0.0,5.0,0.0,1.0,1.0,1.0,1
A3IB1W0SVED0Z3,0.0,5.0,0.0,1.0,1.0,1.0,1
A3IBHBAQY6K9OA,0.0,5.0,0.0,1.0,1.0,1.0,1
A3IBOQ8R44YG9L,0.559360534701831,4.5,0.7559289460184542,0.440639465298169,0.625,0.875,8
A3IC02PU1BELQ1,0.0,4.0,0.0,1.0,0.0,1.0,1
A3IC2ZFYBA39KJ,0.0,5.0,0.0,1.0,1.0,1.0,1
A3IC6OB22INS9,0.0,4.0,0.0,1.0,0.0,1.0,1
A3ICHEO78NFE4Y,0.0,5.0,0.0,1.0,1.0,1.0,1
A3IDFHUI53L11Y,0.0,4.0,0.0,1.0,0.0,1.0,1
A3IDY8FCU6GYEW,0.0,5.0,0.0,1.0,1.0,1.0,1
A3IF2RRR8R84BV,0.0,5.0,0.0,1.0,1.0,1.0,1
A3IGETH1M17L0W,0.0,5.0,0.0,1.0,1.0,1.0,1
A3II7EVHKX41Z9,0.0,4.0,0.0,1.0,0.0,1.0,1
A3IIGCFLKVFW8M,0.0,5.0,0.0,1.0,1.0,1.0,1
A3IIOKFJDSKW9H,0.0,5.0,0.0,1.0,1.0,1.0,1
A3IIYC4PF1DTG9,0.0,4.0,0.0,1.0,0.0,1.0,2
A3IJMGVOWPBCPJ,0.0,3.0,0.0,1.0,0.0,0.0,1
A3IKK57TI9BP85,0.0,5.0,0.0,1.0,1.0,1.0,1
A3IKQ1HN8KQJFD,0.0,5.0,0.0,1.0,1.0,1.0,1
A3IKZ15AVH556K,0.0,5.0,0.0,1.0,1.0,1.0,1
A3IL9TABNQ0SYP,0.0,3.0,0.0,1.0,0.0,0.0,1
A3ILBM48JP35BG,0.43067655807339306,4.5,0.7071067811865476,0.5693234419266069,0.5,1.0,2
A3IMIUF9L0RK4E,0.0,5.0,0.0,1.0,1.0,1.0,1
A3IMVS1U3KP024,0.0,5.0,0.0,1.0,1.0,1.0,1
A3IMYCI2PGALH3,0.0,5.0,0.0,1.0,1.0,1.0,1
A3INI5Z5O4TIXX,0.0,5.0,0.0,1.0,1.0,1.0,1
A3INN916E4VION,0.0,4.0,0.0,1.0,0.0,1.0,1
A3IONEIQB9028N,0.0,5.0,0.0,1.0,1.0,1.0,1
A3IOXFF191DDTQ,0.0,3.0,0.0,1.0,0.0,0.0,1
A3IPDGNMA9GXJ6,0.0,3.0,0.0,1.0,0.0,0.0,1
A3IPDVVMGHDE5K,0.0,5.0,0.0,1.0,1.0,1.0,1
A3IQEPONXLFJ9A,0.0,5.0,0.0,1.0,1.0,1.0,1
A3IROM8JD6KAVG,0.0,1.0,0.0,1.0,0.0,0.0,1
A3IS6HB3B4M2YF,0.0,5.0,0.0,1.0,1.0,1.0,1
A3ISA8LBB5P34E,0.0,4.0,0.0,1.0,0.0,1.0,1
A3ISID2L2BJF5N,0.0,5.0,0.0,1.0,1.0,1.0,1
A3ISZ8KLXYYI7P,0.0,5.0,0.0,1.0,1.0,1.0,1
A3IULQ4N5W3G93,0.0,3.0,0.0,1.0,0.0,0.0,1
A3IWKEWM9EEPFJ,0.0,5.0,0.0,1.0,1.0,1.0,1
A3IWSCI3KCL041,0.0,4.0,0.0,1.0,0.0,1.0,1
A3IXXABPCLE3UX,0.0,4.0,0.0,1.0,0.0,1.0,1
A3IY2QJN869W05,0.0,4.0,0.0,1.0,0.0,1.0,1
A3IY8S20GL2IP4,0.0,5.0,0.0,1.0,1.0,1.0,1
A3IYASOMZQO5PI,0.0,3.0,0.0,1.0,0.0,0.0,1
A3IYGLSQ6N2G3G,0.0,5.0,0.0,1.0,1.0,1.0,1
A3IYSOTP3HA77N,0.0,5.0,0.0,1.0,1.0,1.0,1
A3IZ2M44IH6JVV,0.0,4.0,0.0,1.0,0.0,1.0,1
A3IZFW84VV75XS,0.0,5.0,0.0,1.0,1.0,1.0,1
A3IZXJRV8RHUQC,0.0,5.0,0.0,1.0,1.0,1.0,1
A3J01CV4XJ5V0A,0.0,5.0,0.0,1.0,1.0,1.0,1
A3J034YH7UG4KT,0.0,4.0,0.0,1.0,0.0,1.0,1
A3J0IFH0TYTVHQ,0.0,5.0,0.0,1.0,1.0,1.0,1
A3J1QBB1ULWDOQ,0.0,5.0,0.0,1.0,1.0,1.0,1
A3J2N3MC99CLB3,0.0,4.0,0.0,1.0,0.0,1.0,1
A3J2YU2D9BH2J7,0.0,5.0,0.0,1.0,1.0,1.0,3
A3J30FS0PGTYWU,0.0,5.0,0.0,1.0,1.0,1.0,1
A3J3GRH2JJ8KO2,0.0,5.0,0.0,1.0,1.0,1.0,1
A3J3MXHLT5EPA9,0.0,5.0,0.0,1.0,1.0,1.0,1
A3J3XO9BNTVTRS,0.0,5.0,0.0,1.0,1.0,1.0,1
A3J4B4J72FTKC8,0.0,5.0,0.0,1.0,1.0,1.0,1
A3J4DJ03W3UF8O,0.0,5.0,0.0,1.0,1.0,1.0,1
A3J5AG30K8Q7QH,0.0,5.0,0.0,1.0,1.0,1.0,1
A3J5E2VJRG6KO6,0.0,3.0,0.0,1.0,0.0,0.0,1
A3J5VAB9PZN1T3,0.0,5.0,0.0,1.0,1.0,1.0,1
A3J60ZQRDBBJ4S,0.0,4.0,0.0,1.0,0.0,1.0,1
A3J7BP60ZB6HW3,0.0,5.0,0.0,1.0,1.0,1.0,1
A3J7XPPQH4W2O3,0.0,5.0,0.0,1.0,1.0,1.0,1
A3J891E9B6FIIP,0.0,5.0,0.0,1.0,1.0,1.0,1
A3J8A5L5AF5TX9,0.3493984702822971,4.25,0.4999999999999999,0.6506015297177029,0.25,1.0,4
A3J8BLQ2HLK4WZ,0.0,5.0,0.0,1.0,1.0,1.0,1
A3J979TOP4933X,0.0,5.0,0.0,1.0,1.0,1.0,1
A3J9C4DT8XKMCP,0.0,4.0,0.0,1.0,0.0,1.0,1
A3JAH5WW61N2EK,0.0,3.0,0.0,1.0,0.0,0.0,1
A3JAL9LX5XMKB3,0.0,5.0,0.0,1.0,1.0,1.0,1
A3JATWQWZ0OKXR,0.0,3.0,0.0,1.0,0.0,0.0,1
A3JBGEOQG8PFBH,0.0,1.0,0.0,1.0,0.0,0.0,1
A3JD55EKK0KJKV,0.0,1.0,0.0,1.0,0.0,0.0,1
A3JEGRJ8KPXCHC,0.0,5.0,0.0,1.0,1.0,1.0,1
A3JGFQZR5BJFF8,0.0,5.0,0.0,1.0,1.0,1.0,1
A3JGPO77OQC2S6,0.0,5.0,0.0,1.0,1.0,1.0,1
A3JH39FG7PPGAD,0.0,5.0,0.0,1.0,1.0,1.0,1
A3JHBKWQWS36YL,0.0,3.0,0.0,1.0,0.0,0.0,1
A3JI2LW8IB9YOV,0.0,5.0,0.0,1.0,1.0,1.0,1
A3JIPMKVVJGVFP,0.0,5.0,0.0,1.0,1.0,1.0,1
A3JJBH0X3FTT5E,0.0,5.0,0.0,1.0,1.0,1.0,1
A3JLBMXPEENJ9T,0.0,5.0,0.0,1.0,1.0,1.0,1
A3JLI2G1CCUKIM,0.0,5.0,0.0,1.0,1.0,1.0,1
A3JMQ363OSCWU2,0.0,5.0,0.0,1.0,1.0,1.0,2
A3JMVQ5G2G522W,0.0,2.0,0.0,1.0,0.0,0.0,1
A3JN3KKON08QBM,0.0,5.0,0.0,1.0,1.0,1.0,1
A3JNLLJNREA367,0.0,3.0,0.0,1.0,0.0,0.0,1
A3JNVOV0L3UI0J,0.0,4.0,0.0,1.0,0.0,1.0,1
A3JO38KMWIUHX8,0.0,1.0,0.0,1.0,0.0,0.0,1
A3JOGUHYHZV8LD,0.0,4.0,0.0,1.0,0.0,1.0,1
A3JOVOKUKWLNLN,0.0,5.0,0.0,1.0,1.0,1.0,1
A3JQDX6UB87982,0.0,5.0,0.0,1.0,1.0,1.0,1
A3JQQ2TWTKFVNH,0.0,5.0,0.0,1.0,1.0,1.0,1
A3JR1HTAZYM9K4,0.0,5.0,0.0,1.0,1.0,1.0,1
A3JR704FL9YJ26,0.0,5.0,0.0,1.0,1.0,1.0,1
A3JRAKUG0TB81C,0.6460148371100896,4.0,1.4142135623730951,0.35398516288991044,0.5,0.75,4
A3JRQ6I2XZ710D,0.0,3.0,0.0,1.0,0.0,0.0,1
A3JRRJ9W47KFJ7,0.0,5.0,0.0,1.0,1.0,1.0,1
A3JSBSXZRB2BBJ,0.0,5.0,0.0,1.0,1.0,1.0,1
A3JSJUGQ3WI8MY,0.0,4.0,0.0,1.0,0.0,1.0,1
A3JSY3V8X43HUP,0.0,5.0,0.0,1.0,1.0,1.0,1
A3JTMBFD3MOZFQ,0.0,5.0,0.0,1.0,1.0,1.0,2
A3JTWZNUVOL2K1,0.0,3.0,0.0,1.0,0.0,0.0,1
A3JU0IKY1GJG76,0.0,5.0,0.0,1.0,1.0,1.0,1
A3JU243J8NU729,0.0,3.0,0.0,1.0,0.0,0.0,1
A3JUAIWL571I2R,0.0,4.0,0.0,1.0,0.0,1.0,1
A3JUJ6UQVE5B92,0.0,5.0,0.0,1.0,1.0,1.0,1
A3JUJRN2J800KC,0.0,5.0,0.0,1.0,1.0,1.0,1
A3JVD6IJPRCXT1,0.0,4.0,0.0,1.0,0.0,1.0,1
A3JX1D26WFEXOS,0.0,5.0,0.0,1.0,1.0,1.0,1
A3JX53X4LT4VA2,0.0,5.0,0.0,1.0,1.0,1.0,1
A3JXARXF2KGBIS,0.0,5.0,0.0,1.0,1.0,1.0,1
A3JZ3PFAD6DXBM,0.0,5.0,0.0,1.0,1.0,1.0,1
A3JZ898Q8XXL6K,0.0,1.0,0.0,1.0,0.0,0.0,1
A3K04GHJ88XQR8,0.0,5.0,0.0,1.0,1.0,1.0,1
A3K129H6GAF9E8,0.0,4.0,0.0,1.0,0.0,1.0,1
A3K1AZRGMQ6IIU,0.0,5.0,0.0,1.0,1.0,1.0,1
A3K2BEZXDWOC3L,0.0,5.0,0.0,1.0,1.0,1.0,1
A3K2H4VS98DWWI,0.0,5.0,0.0,1.0,1.0,1.0,1
A3K4ERDSQTN0YX,0.0,5.0,0.0,1.0,1.0,1.0,1
A3K4IFDEHTYRSU,0.0,5.0,0.0,1.0,1.0,1.0,1
A3K4PHZJMMCZ8K,0.0,3.0,0.0,1.0,0.0,0.0,1
A3K649G2P9C8PY,0.0,5.0,0.0,1.0,1.0,1.0,1
A3K67UNIBXO76V,0.0,4.0,0.0,1.0,0.0,1.0,1
A3K6GPH3ONDHFT,0.0,5.0,0.0,1.0,1.0,1.0,1
A3K6NC9PYFGJ2H,0.0,5.0,0.0,1.0,1.0,1.0,1
A3K7A4GPMV3C22,0.0,1.0,0.0,1.0,0.0,0.0,1
A3K7PWRX8GXJZP,0.0,5.0,0.0,1.0,1.0,1.0,1
A3K7QTMDO872EC,0.0,5.0,0.0,1.0,1.0,1.0,1
A3K8IBV8V35G1H,0.0,3.0,0.0,1.0,0.0,0.0,1
A3K8OOB88ICB2E,0.0,4.0,0.0,1.0,0.0,1.0,1
A3K8QGDWJ22EOX,0.0,4.0,0.0,1.0,0.0,1.0,1
A3KA0Z3X5RB1YK,0.0,5.0,0.0,1.0,1.0,1.0,1
A3KA40XY9YRJR2,0.0,5.0,0.0,1.0,1.0,1.0,1
A3KAMSQ04EA7MD,0.0,5.0,0.0,1.0,1.0,1.0,1
A3KANLQLC9LHU3,0.0,4.0,0.0,1.0,0.0,1.0,1
A3KBJHIZCU52OW,0.0,3.0,0.0,1.0,0.0,0.0,1
A3KCFRTFNBGV3L,0.0,2.0,0.0,1.0,0.0,0.0,1
A3KDRLIBWILPMJ,0.0,5.0,0.0,1.0,1.0,1.0,1
A3KE44SZHUFBP1,0.0,4.0,0.0,1.0,0.0,1.0,1
A3KEH9CD2SPUEB,0.0,5.0,0.0,1.0,1.0,1.0,1
A3KFIMCP87VH4U,0.0,5.0,0.0,1.0,1.0,1.0,1
A3KFLKO5MSTRCZ,0.0,5.0,0.0,1.0,1.0,1.0,1
A3KGQOLVUA7DV8,0.0,4.0,0.0,1.0,0.0,1.0,1
A3KHBD3YRNY5WO,0.0,5.0,0.0,1.0,1.0,1.0,1
A3KHL3O4K6WMXN,0.0,5.0,0.0,1.0,1.0,1.0,1
A3KHS6CXBTP1DM,0.0,5.0,0.0,1.0,1.0,1.0,1
A3KJ12S3O5ESRW,0.0,5.0,0.0,1.0,1.0,1.0,1
A3KJME3TOKVZ4J,0.0,1.0,0.0,1.0,0.0,0.0,1
A3KJQ5BA7AVOCN,0.0,5.0,0.0,1.0,1.0,1.0,1
A3KK6PWQOBG9QV,0.0,5.0,0.0,1.0,1.0,1.0,1
A3KKMR2NISUND4,0.0,5.0,0.0,1.0,1.0,1.0,1
A3KKOBGO2ZQY3P,0.39548848910372325,4.666666666666667,0.5773502691896257,0.6045115108962767,0.6666666666666666,1.0,3
A3KKULCHWGLL5Q,0.0,3.0,0.0,1.0,0.0,0.0,1
A3KKYNEYUICKX2,0.0,1.0,0.0,1.0,0.0,0.0,1
A3KLPTNEJ28OS2,0.0,4.0,0.0,1.0,0.0,1.0,1
A3KM0K7M1NN2C5,0.0,4.0,0.0,1.0,0.0,1.0,1
A3KMUHGAZME8VN,0.0,5.0,0.0,1.0,1.0,1.0,1
A3KN2OBPZ6QJLF,0.43067655807339306,3.0,2.8284271247461903,0.5693234419266069,0.5,0.5,2
A3KNDQ98179AHY,0.0,2.0,0.0,1.0,0.0,0.0,1
A3KO6JEVS1FJ8X,0.43067655807339306,4.5,0.7071067811865476,0.5693234419266069,0.5,1.0,2
A3KOA0YU5LB92W,0.0,5.0,0.0,1.0,1.0,1.0,1
A3KOAIRG0CC0NR,0.0,4.0,0.0,1.0,0.0,1.0,1
A3KOASATK1KTI,0.0,5.0,0.0,1.0,1.0,1.0,2
A3KOJO1L2VCAV,0.0,4.0,0.0,1.0,0.0,1.0,1
A3KORSMLKNAR22,0.0,5.0,0.0,1.0,1.0,1.0,1
A3KRRB6SG6P63T,0.0,5.0,0.0,1.0,1.0,1.0,1
A3KSDF3A05PXJ7,0.0,3.0,0.0,1.0,0.0,0.0,1
A3KTU2HKCBMFVR,0.0,2.0,0.0,1.0,0.0,0.0,1
A3KTWUXXB8KKC7,0.0,3.0,0.0,1.0,0.0,0.0,1
A3KTWXWO9MYIYB,0.0,4.0,0.0,1.0,0.0,1.0,1
A3KVVY6CI2QA77,0.0,4.0,0.0,1.0,0.0,1.0,1
A3KY5RJPX71812,0.0,5.0,0.0,1.0,1.0,1.0,1
A3KYYFT538CZ0O,0.4181656600790517,4.6,0.5477225575051661,0.5818343399209482,0.6,1.0,5
A3KZDS16VTCBCD,0.0,5.0,0.0,1.0,1.0,1.0,1
A3KZEGBTPH6MMF,0.0,5.0,0.0,1.0,1.0,1.0,1
A3KZTJ41GBCDDA,0.0,5.0,0.0,1.0,1.0,1.0,1
A3KZXERLMGYHP8,0.0,5.0,0.0,1.0,1.0,1.0,1
A3L0JLM9CB0IW0,0.0,5.0,0.0,1.0,1.0,1.0,1
A3L0LXJ66P4OFG,0.0,3.0,0.0,1.0,0.0,0.0,1
A3L18CVCO055N4,0.0,5.0,0.0,1.0,1.0,1.0,1
A3L1N36J3BOL9V,0.0,5.0,0.0,1.0,1.0,1.0,1
A3L1TG3OOOTRBR,0.0,5.0,0.0,1.0,1.0,1.0,1
A3L20U76EG3KP4,0.0,5.0,0.0,1.0,1.0,1.0,1
A3L3EEJYMUPM02,0.0,3.0,0.0,1.0,0.0,0.0,1
A3L3ZJJK5O77G4,0.0,5.0,0.0,1.0,1.0,1.0,1
A3L53MXMJ1OOWV,0.0,4.0,0.0,1.0,0.0,1.0,1
A3L5VIXGTCW2X9,0.0,5.0,0.0,1.0,1.0,1.0,1
A3L60UJZQ0O0R5,0.0,2.0,0.0,1.0,0.0,0.0,1
A3L61G6N7AT8N2,0.0,2.0,0.0,1.0,0.0,0.0,1
A3L6A3G6T6IXXF,0.0,2.0,0.0,1.0,0.0,0.0,1
A3L6L5O89JTX2T,0.0,5.0,0.0,1.0,1.0,1.0,1
A3L6XHA5FVMN16,0.0,5.0,0.0,1.0,1.0,1.0,2
A3L7TRIJ13ROR3,0.0,5.0,0.0,1.0,1.0,1.0,1
A3L8CZT6T4K4PC,0.43067655807339306,2.0,1.4142135623730951,0.5693234419266069,0.0,0.0,2
A3L8YH446HUCVM,0.0,3.0,0.0,1.0,0.0,0.0,1
A3L9C2RTSH3XZB,0.0,5.0,0.0,1.0,1.0,1.0,1
A3L9E0YI7C5G0W,0.0,5.0,0.0,1.0,1.0,1.0,1
A3L9NGPTBJBQEL,0.39548848910372325,1.3333333333333333,0.5773502691896257,0.6045115108962767,0.0,0.0,3
A3L9UYRI7SE826,0.0,4.0,0.0,1.0,0.0,1.0,1
A3LA9S2FF04OGJ,0.0,4.0,0.0,1.0,0.0,1.0,1
A3LAPQWMLWTYRK,0.43067655807339306,4.5,0.7071067811865476,0.5693234419266069,0.5,1.0,2
A3LAQSWV1VNONO,0.0,5.0,0.0,1.0,1.0,1.0,1
A3LAUF321KERYB,0.0,5.0,0.0,1.0,1.0,1.0,1
A3LBEV0UWH9V2G,0.0,3.0,0.0,1.0,0.0,0.0,1
A3LBFWWQGQYV48,0.0,5.0,0.0,1.0,1.0,1.0,1
A3LBTC13EYE4MS,0.0,5.0,0.0,1.0,1.0,1.0,1
A3LBZLI0FOL2YP,0.0,5.0,0.0,1.0,1.0,1.0,1
A3LDPF5FMB782Z,0.4181656600790517,4.6,0.547722557505166,0.5818343399209482,0.6,1.0,5
A3LFBEOD5RIGMK,0.0,5.0,0.0,1.0,1.0,1.0,1
A3LG0DU1ALKTH3,0.0,5.0,0.0,1.0,1.0,1.0,1
A3LGDXKOVO627U,0.0,5.0,0.0,1.0,1.0,1.0,1
A3LGGQRAIDW3Z2,0.0,5.0,0.0,1.0,1.0,1.0,1
A3LGT6UZL99IW1,0.0,5.0,0.0,1.0,1.0,1.0,2
A3LHM5YKF4YCMN,0.0,5.0,0.0,1.0,1.0,1.0,1
A3LIEPHXF1SI1I,0.0,5.0,0.0,1.0,1.0,1.0,1
A3LIHB4OPMZ8LS,0.0,5.0,0.0,1.0,1.0,1.0,1
A3LIQUWLYJKN3N,0.0,1.0,0.0,1.0,0.0,0.0,1
A3LISZ01VY6PI7,0.0,5.0,0.0,1.0,1.0,1.0,1
A3LJOSAYINSWU3,0.0,4.0,0.0,1.0,0.0,1.0,1
A3LLE02CO1W5T1,0.0,5.0,0.0,1.0,1.0,1.0,1
A3LLFZGX8RTA0E,0.0,4.0,0.0,1.0,0.0,1.0,1
A3LM1NSW9FM8IO,0.0,5.0,0.0,1.0,1.0,1.0,1
A3LM4LWX9M14BI,0.0,5.0,0.0,1.0,1.0,1.0,1
A3LMH1951IZZNV,0.0,4.0,0.0,1.0,0.0,1.0,1
A3LMH7M7YGUW81,0.0,1.0,0.0,1.0,0.0,0.0,1
A3LMTN315ZHD6O,0.0,5.0,0.0,1.0,1.0,1.0,1
A3LMUTT4V5P0QG,0.0,2.0,0.0,1.0,0.0,0.0,1
A3LN27742T0L76,0.0,5.0,0.0,1.0,1.0,1.0,1
A3LO3M39AF1HXI,0.0,4.0,0.0,1.0,0.0,1.0,1
A3LO4IG4O4REVD,0.0,4.0,0.0,1.0,0.0,1.0,1
A3LORCWJYRJRU5,0.0,5.0,0.0,1.0,1.0,1.0,1
A3LORKXNGG3PX3,0.0,5.0,0.0,1.0,1.0,1.0,1
A3LQI6DLFEXOVJ,0.0,4.0,0.0,1.0,0.0,1.0,1
A3LQUEB84IR3VO,0.0,3.0,0.0,1.0,0.0,0.0,1
A3LSNT62S89ERQ,0.0,4.0,0.0,1.0,0.0,1.0,1
A3LSVS4YA2CEAX,0.0,3.0,0.0,1.0,0.0,0.0,1
A3LTB2C1YPJXT5,0.0,5.0,0.0,1.0,1.0,1.0,1
A3LTNIGTIUUEN9,0.0,5.0,0.0,1.0,1.0,1.0,3
A3LUWGB6EOJEC,0.0,5.0,0.0,1.0,1.0,1.0,1
A3LV8JJF1KK7O8,0.43067655807339306,2.5,0.7071067811865476,0.5693234419266069,0.0,0.0,2
A3LVDB70Z5ZNP,0.0,5.0,0.0,1.0,1.0,1.0,1
A3LVHU3WNR5XF3,0.0,5.0,0.0,1.0,1.0,1.0,1
A3LWC833HQIG7J,0.0,5.0,0.0,1.0,1.0,1.0,4
A3LWII71ZQZQ5G,0.0,5.0,0.0,1.0,1.0,1.0,1
A3LWTNKF8T05AK,0.0,5.0,0.0,1.0,1.0,1.0,1
A3LX5EDHM91M9J,0.0,5.0,0.0,1.0,1.0,1.0,1
A3LX8CS6G6RQSZ,0.0,4.0,0.0,1.0,0.0,1.0,1
A3LXBD5R25MX7P,0.0,3.0,0.0,1.0,0.0,0.0,1
A3LYRF8UZ0W182,0.0,4.0,0.0,1.0,0.0,1.0,1
A3LZEFHIYZ1FGA,0.0,5.0,0.0,1.0,1.0,1.0,2
A3LZL8USSPDQ17,0.0,3.0,0.0,1.0,0.0,0.0,1
A3LZQZMCIZDXK3,0.0,3.0,0.0,1.0,0.0,0.0,1
A3M1BNMWE8A633,0.6826061944859853,3.6666666666666665,1.5275252316519465,0.31739380551401475,0.3333333333333333,0.6666666666666666,3
A3M26CG1IIP9MX,0.0,5.0,0.0,1.0,1.0,1.0,1
A3M2OUAMHNVUGQ,0.0,4.0,0.0,1.0,0.0,1.0,1
A3M3CZ0MVUOED0,0.0,4.0,0.0,1.0,0.0,1.0,1
A3M42KV16HOLX3,0.43067655807339306,3.5,2.1213203435596424,0.5693234419266069,0.5,0.5,2
A3M44M02O018YG,0.0,1.0,0.0,1.0,0.0,0.0,1
A3M4FU3WQWJHMP,0.0,5.0,0.0,1.0,1.0,1.0,1
A3M5APXHTREGU4,0.43067655807339306,4.5,0.7071067811865476,0.5693234419266069,0.5,1.0,2
A3M5OYNZ2A5E0O,0.0,2.0,0.0,1.0,0.0,0.0,1
A3M5YEJO6EZOML,0.0,5.0,0.0,1.0,1.0,1.0,1
A3M6B1VZZXGKSL,0.0,5.0,0.0,1.0,1.0,1.0,1
A3M6FW3728C8NA,0.0,5.0,0.0,1.0,1.0,1.0,1
A3M6L86GPYG0A9,0.0,5.0,0.0,1.0,1.0,1.0,1
A3M6QI4WNREEEV,0.0,5.0,0.0,1.0,1.0,1.0,1
A3M6S7Y1FNPOLD,0.0,3.0,0.0,1.0,0.0,0.0,1
A3M6ZX4D8MKR1O,0.0,3.0,0.0,1.0,0.0,0.0,1
A3M73KV733HBG3,0.0,3.0,0.0,1.0,0.0,0.0,1
A3M7JG967UXPE1,0.0,4.0,0.0,1.0,0.0,1.0,1
A3M7VAYKYYHEAX,0.0,5.0,0.0,1.0,1.0,1.0,1
A3M7WD5FSOCITM,0.0,5.0,0.0,1.0,1.0,1.0,1
A3M88BYKRP2ALY,0.0,5.0,0.0,1.0,1.0,1.0,1
A3M8D93CGFP9JU,0.0,5.0,0.0,1.0,1.0,1.0,1
A3M8N1L4WAMJG4,0.0,5.0,0.0,1.0,1.0,1.0,1
A3MAMHEH3YFW30,0.0,5.0,0.0,1.0,1.0,1.0,1
A3MCPNPCOLOCEI,0.0,5.0,0.0,1.0,1.0,1.0,1
A3MDLLMB405XS3,0.0,5.0,0.0,1.0,1.0,1.0,1
A3MEFZZMMGIECW,0.0,5.0,0.0,1.0,1.0,1.0,1
A3MEIR72XKQY88,0.7719796553163858,3.6666666666666665,1.7511900715418263,0.2280203446836142,0.5,0.6666666666666666,6
A3MFEMJQQJDWMS,0.0,5.0,0.0,1.0,1.0,1.0,1
A3MGIOWRRMULJY,0.0,5.0,0.0,1.0,1.0,1.0,1
A3MH75XEELHGY0,0.0,4.0,0.0,1.0,0.0,1.0,1
A3MHMWIQ2GRHC3,0.0,5.0,0.0,1.0,1.0,1.0,1
A3MI3QBXP5I7FA,0.43067655807339306,4.5,0.7071067811865476,0.5693234419266069,0.5,1.0,2
A3MIIKWIS9MBET,0.0,4.0,0.0,1.0,0.0,1.0,1
A3MJ1OH04JQNQF,0.0,5.0,0.0,1.0,1.0,1.0,1
A3MJIXDIQT5S16,0.0,4.0,0.0,1.0,0.0,1.0,1
A3MJTC00XJWGBF,0.0,5.0,0.0,1.0,1.0,1.0,1
A3MMQ88H2WCYVJ,0.0,5.0,0.0,1.0,1.0,1.0,1
A3MMVTD7DA3PJ8,0.0,4.0,0.0,1.0,0.0,1.0,1
A3MN5FMEN5Y4R9,0.0,2.0,0.0,1.0,0.0,0.0,1
A3MND6ONIQPBYN,0.0,5.0,0.0,1.0,1.0,1.0,1
A3MNFT5VFJ2V0V,0.0,1.0,0.0,1.0,0.0,0.0,1
A3MOYH4ZADV478,0.0,5.0,0.0,1.0,1.0,1.0,1
A3MQ672FYFNM7B,0.0,4.0,0.0,1.0,0.0,1.0,1
A3MRKZ1RR1G9K3,0.0,3.0,0.0,1.0,0.0,0.0,1
A3MSO10BPAF01U,0.0,5.0,0.0,1.0,1.0,1.0,1
A3MT7MPZ20QW4T,0.0,5.0,0.0,1.0,1.0,1.0,1
A3MUO47CT6EQF8,0.0,4.0,0.0,1.0,0.0,1.0,1
A3MV1KKHX51FYT,0.0,5.0,0.0,1.0,1.0,1.0,4
A3MV6ZFPS15FIN,0.0,5.0,0.0,1.0,1.0,1.0,1
A3MV97KOHNHCF0,0.0,5.0,0.0,1.0,1.0,1.0,1
A3MVMPFBN1RFFV,0.43067655807339306,4.5,0.7071067811865476,0.5693234419266069,0.5,1.0,2
A3MW8B6I2LXVWR,0.0,3.0,0.0,1.0,0.0,0.0,1
A3MWMO2IOQDWBJ,0.0,4.0,0.0,1.0,0.0,1.0,1
A3MWYUFGO2EQE6,0.0,5.0,0.0,1.0,1.0,1.0,1
A3MXEIQLQZ9ABW,0.0,5.0,0.0,1.0,1.0,1.0,1
A3MXYE2LUQ523F,0.0,5.0,0.0,1.0,1.0,1.0,1
A3MY0WAP1OB7F8,0.0,5.0,0.0,1.0,1.0,1.0,1
A3MZSWSG6L8EN2,0.0,5.0,0.0,1.0,1.0,1.0,2
A3N0P5AAMP6XD2,0.0,4.0,0.0,1.0,0.0,1.0,1
A3N0PBMHROT40K,0.0,4.0,0.0,1.0,0.0,1.0,1
A3N0SXVR07R57K,0.0,4.0,0.0,1.0,0.0,1.0,1
A3N0U283FPLHGD,0.0,5.0,0.0,1.0,1.0,1.0,1
A3N176NMT960UW,0.0,3.0,0.0,1.0,0.0,0.0,1
A3N1KKOGKXBICU,0.0,4.0,0.0,1.0,0.0,1.0,1
A3N3HVST9WIHZR,0.0,3.0,0.0,1.0,0.0,0.0,1
A3N3LPHLB7V9NV,0.0,5.0,0.0,1.0,1.0,1.0,1
A3N44QVNT0YP1L,0.0,5.0,0.0,1.0,1.0,1.0,1
A3N4QU9537CZ5O,0.0,5.0,0.0,1.0,1.0,1.0,1
A3N4TZ3SX3XW12,0.0,4.0,0.0,1.0,0.0,1.0,1
A3N5630QP9J06Q,0.0,4.0,0.0,1.0,0.0,1.0,1
A3N7GBJ5NC8RUC,0.0,5.0,0.0,1.0,1.0,1.0,1
A3N7GQZVV7L78W,0.0,4.0,0.0,1.0,0.0,1.0,1
A3N7T0DY83Y4IG,0.0,3.0,0.0,1.0,0.0,0.0,1
A3N8O68DOEQ2FE,0.0,5.0,0.0,1.0,1.0,1.0,1
A3NAJLO81N0SEY,0.0,2.0,0.0,1.0,0.0,0.0,1
A3NB5CY9PWKWGD,0.0,5.0,0.0,1.0,1.0,1.0,1
A3NC84WPNQ74I4,0.0,5.0,0.0,1.0,1.0,1.0,1
A3NCIN6TNL0MGA,0.39548848910372325,4.666666666666667,0.5773502691896257,0.6045115108962767,0.6666666666666666,1.0,3
A3NE9ABP7PAYK3,0.0,5.0,0.0,1.0,1.0,1.0,1
A3NEAETOSXDBOM,0.0,3.0,0.0,1.0,0.0,0.0,1
A3NESHNWS733JS,0.0,5.0,0.0,1.0,1.0,1.0,1
A3NGABXDIB0POU,0.0,5.0,0.0,1.0,1.0,1.0,1
A3NGOG8Z78AZSD,0.0,5.0,0.0,1.0,1.0,1.0,1
A3NH30B70DU5IH,0.0,5.0,0.0,1.0,1.0,1.0,1
A3NHUQ33CFH3VM,0.0,4.0,0.0,1.0,0.0,1.0,3
A3NID9D9WMIV01,0.0,5.0,0.0,1.0,1.0,1.0,1
A3NKP1YSDFGW5,0.0,5.0,0.0,1.0,1.0,1.0,1
A3NKRADYHW2CIP,0.0,4.0,0.0,1.0,0.0,1.0,1
A3NLCKSEDQ6546,0.0,5.0,0.0,1.0,1.0,1.0,1
A3NN1FTQVVXLP7,0.0,5.0,0.0,1.0,1.0,1.0,1
A3NNNU01JEZDUC,0.0,1.0,0.0,1.0,0.0,0.0,1
A3NNOT58HV18UW,0.0,1.0,0.0,1.0,0.0,0.0,1
A3NO2DP8NTQ3E7,0.0,5.0,0.0,1.0,1.0,1.0,1
A3NPFLYZKA4N09,0.0,5.0,0.0,1.0,1.0,1.0,1
A3NPVOHK3AMSDK,0.0,5.0,0.0,1.0,1.0,1.0,1
A3NPZ24PG7U7VU,0.0,4.0,0.0,1.0,0.0,1.0,1
A3NQMOURCTVI40,0.0,5.0,0.0,1.0,1.0,1.0,1
A3NQU1649SH0Q4,0.0,5.0,0.0,1.0,1.0,1.0,1
A3NR9E16US91MM,0.0,4.0,0.0,1.0,0.0,1.0,1
A3NRMHM2N9GQ3N,0.0,3.0,0.0,1.0,0.0,0.0,1
A3NS3XXZCQ5ATQ,0.0,3.0,0.0,1.0,0.0,0.0,1
A3NSPDT7PQAUA5,0.0,4.0,0.0,1.0,0.0,1.0,1
A3NTH97MXHCPA9,0.0,3.0,0.0,1.0,0.0,0.0,1
A3NU7HS5TUSU74,0.0,5.0,0.0,1.0,1.0,1.0,1
A3NUG06RC4F8EV,0.0,5.0,0.0,1.0,1.0,1.0,1
A3NUS6C31S5CQY,0.0,5.0,0.0,1.0,1.0,1.0,1
A3NVZTGPORNPRW,0.0,5.0,0.0,1.0,1.0,1.0,1
A3NW4WGCI3LZM,0.0,4.0,0.0,1.0,0.0,1.0,1
A3NWP4CG5S2PDE,0.0,5.0,0.0,1.0,1.0,1.0,2
A3NX8Q9S7XV8NS,0.0,4.0,0.0,1.0,0.0,1.0,1
A3NXN2XK3S4HN1,0.43067655807339306,4.5,0.7071067811865476,0.5693234419266069,0.5,1.0,2
A3NYG1OSPK7UW1,0.0,5.0,0.0,1.0,1.0,1.0,1
A3NYY0MCW3F36,0.0,1.0,0.0,1.0,0.0,0.0,1
A3NZEQJJZEZROW,0.0,4.0,0.0,1.0,0.0,1.0,1
A3O06V8NAPKJO9,0.0,5.0,0.0,1.0,1.0,1.0,1
A3O08GNFMHVJHD,0.0,5.0,0.0,1.0,1.0,1.0,1
A3O10ZTQSU6RKX,0.0,3.0,0.0,1.0,0.0,0.0,1
A3O12K1YQR2FZ9,0.0,5.0,0.0,1.0,1.0,1.0,1
A3O1BQ499WT7IZ,0.0,5.0,0.0,1.0,1.0,1.0,1
A3O1SS8PDDK7IE,0.0,5.0,0.0,1.0,1.0,1.0,1
A3O1TDMJJOJFKG,0.0,3.0,0.0,1.0,0.0,0.0,1
A3O2DF7P03JMD2,0.0,4.0,0.0,1.0,0.0,1.0,1
A3O3BZP8IM8SP0,0.0,4.0,0.0,1.0,0.0,1.0,1
A3O4CQSM06AP8Q,0.0,5.0,0.0,1.0,1.0,1.0,1
A3O4F0C47C2FEY,0.8277293767706428,3.4,1.140175425099138,0.17227062322935716,0.2,0.4,5
A3O4OL81Z48AVF,0.0,4.0,0.0,1.0,0.0,1.0,1
A3O55EWFNKSPV3,0.0,5.0,0.0,1.0,1.0,1.0,2
A3O64PJAT8FRAU,0.0,5.0,0.0,1.0,1.0,1.0,1
A3O6UZVYTJY1S7,0.0,5.0,0.0,1.0,1.0,1.0,1
A3O72DJ2MQ8930,0.0,5.0,0.0,1.0,1.0,1.0,2
A3O75UULU0XR60,0.0,4.0,0.0,1.0,0.0,1.0,1
A3O7Z9L168UHBP,0.0,5.0,0.0,1.0,1.0,1.0,1
A3O8QKI08JRNL,0.0,5.0,0.0,1.0,1.0,1.0,1
A3O9CEWSECCH78,0.0,4.0,0.0,1.0,0.0,1.0,1
A3OA4DV4L81N1D,0.0,4.0,0.0,1.0,0.0,1.0,1
A3OB4235TKCL8K,0.0,1.0,0.0,1.0,0.0,0.0,1
A3OBYV9M3PY8JW,0.0,5.0,0.0,1.0,1.0,1.0,1
A3OBZ4F27KV8NO,0.0,5.0,0.0,1.0,1.0,1.0,1
A3OCHH22N0W1AR,0.0,5.0,0.0,1.0,1.0,1.0,2
A3OCVR5HUT1QAO,0.0,2.0,0.0,1.0,0.0,0.0,1
A3OD7IIQBNTB0D,0.0,5.0,0.0,1.0,1.0,1.0,1
A3ODFEO61GKCAH,0.0,5.0,0.0,1.0,1.0,1.0,1
A3OE6OOAD730QU,0.0,5.0,0.0,1.0,1.0,1.0,1
A3OEGVSXY0Y07W,0.0,5.0,0.0,1.0,1.0,1.0,1
A3OEKYU0C8ZXAO,0.0,5.0,0.0,1.0,1.0,1.0,1
A3OEWQXYMIXYVI,0.0,4.0,0.0,1.0,0.0,1.0,1
A3OFI1JD2KA9WD,0.0,5.0,0.0,1.0,1.0,1.0,1
A3OFJES10PZGEH,0.0,5.0,0.0,1.0,1.0,1.0,1
A3OGYYZ007ABGA,0.0,5.0,0.0,1.0,1.0,1.0,1
A3OHJS5Q9C4IYS,0.0,4.0,0.0,1.0,0.0,1.0,2
A3OHUH3RWUWO91,0.0,3.0,0.0,1.0,0.0,0.0,1
A3OIGJHNDIU7OV,0.0,5.0,0.0,1.0,1.0,1.0,1
A3OIGUHVHZBKT4,0.0,5.0,0.0,1.0,1.0,1.0,1
A3OJGB9EJQSXXF,0.0,3.0,0.0,1.0,0.0,0.0,1
A3OJNGNBWD7KNN,0.0,5.0,0.0,1.0,1.0,1.0,1
A3OKFXYJYS3NF5,0.0,3.0,0.0,1.0,0.0,0.0,1
A3OKH5G69MS8D9,0.43067655807339306,3.5,0.7071067811865476,0.5693234419266069,0.0,0.5,2
A3OKIB6PSM1MWI,0.0,5.0,0.0,1.0,1.0,1.0,1
A3OL52S5I0UQDD,0.0,2.0,0.0,1.0,0.0,0.0,1
A3OLAZKM77XR6P,0.0,3.0,0.0,1.0,0.0,0.0,1
A3OLGVL02YNQDK,0.0,5.0,0.0,1.0,1.0,1.0,1
A3OLLN3VV2SF0L,0.0,4.0,0.0,1.0,0.0,1.0,1
A3OM2N48I8ZN9D,0.0,5.0,0.0,1.0,1.0,1.0,1
A3OMBQCLXIYH82,0.0,4.0,0.0,1.0,0.0,1.0,1
A3OMJNYBG168ZU,0.0,1.0,0.0,1.0,0.0,0.0,1
A3OMSWC203H2YZ,0.0,5.0,0.0,1.0,1.0,1.0,1
A3ONE2VJCDI5GZ,0.0,5.0,0.0,1.0,1.0,1.0,1
A3ONGNBZHTJ12H,0.0,4.0,0.0,1.0,0.0,1.0,1
A3OQ96W3N91MDS,0.0,4.0,0.0,1.0,0.0,1.0,1
A3OQGX7T9GL0LD,0.0,1.0,0.0,1.0,0.0,0.0,1
A3ORB4W3GI1YFG,0.0,2.0,0.0,1.0,0.0,0.0,1
A3ORP2IZ7D19VP,0.0,5.0,0.0,1.0,1.0,1.0,1
A3ORS0KYKUXU4Z,0.0,5.0,0.0,1.0,1.0,1.0,1
A3ORYMCHM9Q0VM,0.0,5.0,0.0,1.0,1.0,1.0,1
A3OSUAAXSUNPLM,0.0,5.0,0.0,1.0,1.0,1.0,1
A3OSY1QRGCQRAI,0.0,1.0,0.0,1.0,0.0,0.0,1
A3OTQX89VGYPUI,0.0,5.0,0.0,1.0,1.0,1.0,1
A3OU6E9SSMVU9D,0.0,5.0,0.0,1.0,1.0,1.0,1
A3OU81LAFVJOIN,0.0,5.0,0.0,1.0,1.0,1.0,1
A3OUYFXUOHDGH,0.0,5.0,0.0,1.0,1.0,1.0,1
A3OVFH1ACP273D,0.0,5.0,0.0,1.0,1.0,1.0,1
A3OW28ME7CP7BV,0.0,5.0,0.0,1.0,1.0,1.0,1
A3OXHLG6DIBRW8,0.39548848910372325,4.0,1.7320508075688772,0.6045115108962767,0.6666666666666666,0.6666666666666666,3
A3OY03STLZCY1,0.0,3.0,0.0,1.0,0.0,0.0,1
A3OYE7X2O08LNT,0.0,4.0,0.0,1.0,0.0,1.0,1
A3OYMK6UMM871F,0.0,5.0,0.0,1.0,1.0,1.0,2
A3OYXL97N0ATAT,0.0,4.0,0.0,1.0,0.0,1.0,1
A3OZQGMISIJK61,0.0,5.0,0.0,1.0,1.0,1.0,1
A3OZR4QXMILU6E,0.0,5.0,0.0,1.0,1.0,1.0,1
A3OZZ0IQTIPZNW,0.0,4.0,0.0,1.0,0.0,1.0,1
A3P02QITTUA6VH,0.0,2.0,0.0,1.0,0.0,0.0,1
A3P0YHGVNXUNL4,0.0,5.0,0.0,1.0,1.0,1.0,1
A3P1V5EP4RJDKS,0.0,5.0,0.0,1.0,1.0,1.0,1
A3P24ZSF9IQRJJ,0.0,5.0,0.0,1.0,1.0,1.0,1
A3P2N9P842C3UB,0.0,4.0,0.0,1.0,0.0,1.0,1
A3P2RMAC6YQ51V,0.0,5.0,0.0,1.0,1.0,1.0,1
A3P2TXT2WDMZR6,0.0,5.0,0.0,1.0,1.0,1.0,1
A3P47HE94ZHGP7,0.0,5.0,0.0,1.0,1.0,1.0,1
A3P4OCFJHME34N,0.0,5.0,0.0,1.0,1.0,1.0,1
A3P4YPMCWTDPA7,0.0,5.0,0.0,1.0,1.0,1.0,1
A3P6OWYSHBXE5T,0.0,4.0,0.0,1.0,0.0,1.0,1
A3P7KN9Z1N5OOR,0.0,5.0,0.0,1.0,1.0,1.0,1
A3P8ZDHC7XSKSE,0.0,1.0,0.0,1.0,0.0,0.0,1
A3P9WO6BXBSM54,0.0,5.0,0.0,1.0,1.0,1.0,1
A3PA7TV6E4NAE6,0.0,3.0,0.0,1.0,0.0,0.0,1
A3PAIUYIUNSP57,0.0,3.0,0.0,1.0,0.0,0.0,1
A3PAJ1KIMSH7FS,0.43067655807339306,4.5,0.7071067811865476,0.5693234419266069,0.5,1.0,2
A3PAR3GOF45UEM,0.0,5.0,0.0,1.0,1.0,1.0,1
A3PBQYLXZ77BGK,0.0,2.0,0.0,1.0,0.0,0.0,1
A3PCA3O8PO6F7B,0.0,5.0,0.0,1.0,1.0,1.0,1
A3PCIFT337Q4N3,0.0,5.0,0.0,1.0,1.0,1.0,1
A3PD8JD9L4WEII,0.0,5.0,0.0,1.0,1.0,1.0,2
A3PDGWYC08DXF4,0.0,4.0,0.0,1.0,0.0,1.0,1
A3PDNV30IFOUBT,0.0,5.0,0.0,1.0,1.0,1.0,1
A3PDU0KJO6QKYW,0.0,5.0,0.0,1.0,1.0,1.0,1
A3PEXCKPTNZLC4,0.0,5.0,0.0,1.0,1.0,1.0,1
A3PFHOG6AV4ECA,0.0,5.0,0.0,1.0,1.0,1.0,1
A3PFLOVUUUDUI3,0.0,5.0,0.0,1.0,1.0,1.0,1
A3PG25TW442I33,0.0,4.0,0.0,1.0,0.0,1.0,1
A3PGAICBV5O6QR,0.43067655807339306,1.5,0.7071067811865476,0.5693234419266069,0.0,0.0,2
A3PGE0N774CEXW,0.0,2.0,0.0,1.0,0.0,0.0,1
A3PGVJF37JSHFO,0.43067655807339306,3.0,1.4142135623730951,0.5693234419266069,0.0,0.5,2
A3PH8X6N66K228,0.0,5.0,0.0,1.0,1.0,1.0,1
A3PHHFN21LG8L,0.0,5.0,0.0,1.0,1.0,1.0,1
A3PIPAS3M7YLQC,0.0,3.0,0.0,1.0,0.0,0.0,1
A3PIVKCLKIAHHT,0.0,5.0,0.0,1.0,1.0,1.0,1
A3PJHDLQBKM4PL,0.0,5.0,0.0,1.0,1.0,1.0,1
A3PJTNFMKC508C,0.0,5.0,0.0,1.0,1.0,1.0,1
A3PK8RJRO4GNVZ,0.0,4.0,0.0,1.0,0.0,1.0,1
A3PKHLXWYK19HD,0.0,5.0,0.0,1.0,1.0,1.0,1
A3PL8ENSYWS1PZ,0.0,5.0,0.0,1.0,1.0,1.0,1
A3PLX6PTM2ERKL,0.2167415674429225,4.888888888888889,0.33333333333333337,0.7832584325570775,0.8888888888888888,1.0,9
A3PM5DJGZ17I40,0.0,5.0,0.0,1.0,1.0,1.0,1
A3PMROFEIAER4U,0.0,5.0,0.0,1.0,1.0,1.0,1
A3PNHNCDRNJYUX,0.0,5.0,0.0,1.0,1.0,1.0,1
A3POK7TFSW520G,0.0,4.0,0.0,1.0,0.0,1.0,1
A3POU7ZIEKZ0Y8,0.0,1.0,0.0,1.0,0.0,0.0,1
A3PP444YA0Z0KA,0.0,5.0,0.0,1.0,1.0,1.0,1
A3PPLH5DL6DHN7,0.0,5.0,0.0,1.0,1.0,1.0,1
A3PQBXEJX8WZ14,0.0,5.0,0.0,1.0,1.0,1.0,1
A3PR648T8RDRS,0.0,4.0,0.0,1.0,0.0,1.0,1
A3PSGJREO570YX,0.0,5.0,0.0,1.0,1.0,1.0,1
A3PSL549ERGXLD,0.0,1.0,0.0,1.0,0.0,0.0,1
A3PTG5V447NJNW,0.0,3.0,0.0,1.0,0.0,0.0,1
A3PUAZ6L97FT78,0.0,4.0,0.0,1.0,0.0,1.0,1
A3PUCC1JC9NZTF,0.0,5.0,0.0,1.0,1.0,1.0,2
A3PUCUV4ORFEAJ,0.0,5.0,0.0,1.0,1.0,1.0,1
A3PUN31Y8OUO4U,0.43067655807339306,4.5,0.7071067811865476,0.5693234419266069,0.5,1.0,2
A3PVE6QACV6WRK,0.0,4.0,0.0,1.0,0.0,1.0,1
A3PVOKGXUM0QUJ,0.0,2.0,0.0,1.0,0.0,0.0,1
A3PW19X5NQU3EF,0.0,3.0,0.0,1.0,0.0,0.0,1
A3PXRHR3HQY2E3,0.0,5.0,0.0,1.0,1.0,1.0,1
A3PXZ8TOQNGLA,0.0,5.0,0.0,1.0,1.0,1.0,1
A3PY3AMUYBA2RZ,0.0,1.0,0.0,1.0,0.0,0.0,1
A3PYUA40IF43IX,0.0,5.0,0.0,1.0,1.0,1.0,1
A3PZ4AXTY9J1DZ,0.0,4.0,0.0,1.0,0.0,1.0,1
A3PZB8KZU22LG1,0.0,4.0,0.0,1.0,0.0,1.0,1
A3PZR1PPVVQC6C,0.0,4.0,0.0,1.0,0.0,1.0,1
A3PZTHTC84Y9I4,0.0,5.0,0.0,1.0,1.0,1.0,1
A3Q00YPS9TU3Z0,0.0,4.0,0.0,1.0,0.0,1.0,1
A3Q0D8U4I1FCRM,0.0,5.0,0.0,1.0,1.0,1.0,1
A3Q0XALDVB66VQ,0.0,5.0,0.0,1.0,1.0,1.0,1
A3Q1EKWQUA0INF,0.0,5.0,0.0,1.0,1.0,1.0,1
A3Q1J68QY1MZQ9,0.0,5.0,0.0,1.0,1.0,1.0,1
A3Q3ICZ7K0RA1V,0.0,5.0,0.0,1.0,1.0,1.0,1
A3Q3Y39W2F0E3J,0.0,1.0,0.0,1.0,0.0,0.0,1
A3Q4E2FTXYOQEW,0.0,3.0,0.0,1.0,0.0,0.0,1
A3Q4M88EWD0S5Z,0.0,5.0,0.0,1.0,1.0,1.0,1
A3Q5IB0HPGUQXW,0.0,5.0,0.0,1.0,1.0,1.0,1
A3Q5IRZ3ZJV4P3,0.0,2.0,0.0,1.0,0.0,0.0,1
A3Q6EL2PFKJK76,0.0,5.0,0.0,1.0,1.0,1.0,1
A3Q6IF3UZ6T1X8,0.0,5.0,0.0,1.0,1.0,1.0,1
A3Q7DHKIU7TMBI,0.0,4.0,0.0,1.0,0.0,1.0,1
A3Q7LVUP45XLUZ,0.43067655807339306,2.0,1.4142135623730951,0.5693234419266069,0.0,0.0,2
A3QA0BBQW08DLZ,0.0,4.0,0.0,1.0,0.0,1.0,1
A3QBHMMDRSC5VY,0.0,5.0,0.0,1.0,1.0,1.0,2
A3QC533RQ1X3ZV,0.0,2.0,0.0,1.0,0.0,0.0,1
A3QCXIDIO5DF00,0.0,5.0,0.0,1.0,1.0,1.0,1
A3QDY5F9BA5V0B,0.0,3.0,0.0,1.0,0.0,0.0,1
A3QDY9I0CNMD2W,0.0,4.0,0.0,1.0,0.0,1.0,1
A3QF8N5GBYCZUQ,0.0,3.0,0.0,1.0,0.0,0.0,1
A3QFJOSW3X52TY,0.0,5.0,0.0,1.0,1.0,1.0,1
A3QFRGBN5P0R3S,0.0,5.0,0.0,1.0,1.0,1.0,1
A3QFSS0ZBC8K13,0.0,5.0,0.0,1.0,1.0,1.0,1
A3QG1JW6O3SD96,0.0,5.0,0.0,1.0,1.0,1.0,1
A3QH8VQDE7HZCR,0.0,5.0,0.0,1.0,1.0,1.0,1
A3QHAJV442WLZ2,0.0,4.0,0.0,1.0,0.0,1.0,1
A3QJ8RQEQHRU2B,0.0,4.0,0.0,1.0,0.0,1.0,1
A3QJFOLL5KGS8H,0.0,3.0,0.0,1.0,0.0,0.0,1
A3QJM92LOBZJ6P,0.0,5.0,0.0,1.0,1.0,1.0,1
A3QJS46YEWWSX4,0.0,2.0,0.0,1.0,0.0,0.0,1
A3QJVGI8XV8UVV,0.0,5.0,0.0,1.0,1.0,1.0,1
A3QJX63UDE76OA,0.0,2.0,0.0,1.0,0.0,0.0,1
A3QM50LF2CHU6,0.0,5.0,0.0,1.0,1.0,1.0,1
A3QMCI8K2A99E4,0.0,5.0,0.0,1.0,1.0,1.0,1
A3QMJMTLJC34QC,0.0,4.0,0.0,1.0,0.0,1.0,1
A3QMZJARX8M858,0.0,4.0,0.0,1.0,0.0,1.0,1
A3QNHDUBMA6WQM,0.0,5.0,0.0,1.0,1.0,1.0,1
A3QNX5KWHDV0GD,0.0,5.0,0.0,1.0,1.0,1.0,1
A3QNZW2WKPSDJG,0.0,5.0,0.0,1.0,1.0,1.0,1
A3QO3RJHS5O468,0.0,2.0,0.0,1.0,0.0,0.0,1
A3QPJS71FU70MX,0.0,4.0,0.0,1.0,0.0,1.0,1
A3QPQD77H49IFR,0.0,5.0,0.0,1.0,1.0,1.0,1
A3QPWNKTUC8N2B,0.0,5.0,0.0,1.0,1.0,1.0,1
A3QQ1Q4A02OWJT,0.0,4.0,0.0,1.0,0.0,1.0,1
A3QR5KBKZFDONP,0.0,5.0,0.0,1.0,1.0,1.0,1
A3QRL4VEQLL2OP,0.0,5.0,0.0,1.0,1.0,1.0,1
A3QRPQFQLHDF2X,0.0,5.0,0.0,1.0,1.0,1.0,1
A3QSBA4YOYLAP5,0.0,4.0,0.0,1.0,0.0,1.0,1
A3QSMCAGMZWMK3,0.0,4.0,0.0,1.0,0.0,1.0,1
A3QSYD9EOX6BTP,0.0,5.0,0.0,1.0,1.0,1.0,1
A3QT60TL8CF94W,0.0,3.0,0.0,1.0,0.0,0.0,1
A3QU3O79AGNWCY,0.0,4.0,0.0,1.0,0.0,1.0,1
A3QVRCSJ9TXYM7,0.0,5.0,0.0,1.0,1.0,1.0,1
A3QVRSVMJ4TRJX,0.0,4.0,0.0,1.0,0.0,1.0,1
A3QX0ERX4D03TF,0.0,5.0,0.0,1.0,1.0,1.0,1
A3QY9MCAQ6CRFH,0.0,5.0,0.0,1.0,1.0,1.0,1
A3QYIBMXQVLVE7,0.0,3.0,0.0,1.0,0.0,0.0,1
A3QZ6BFXJK88RK,0.0,5.0,0.0,1.0,1.0,1.0,1
A3QZV5S4BD1XPJ,0.0,4.0,0.0,1.0,0.0,1.0,1
A3R10ZQFP45LYT,0.0,4.0,0.0,1.0,0.0,1.0,1
A3R1ZR6SHNK8CU,0.0,5.0,0.0,1.0,1.0,1.0,1
A3R26BOC579JZT,0.0,5.0,0.0,1.0,1.0,1.0,1
A3R2M5ABAYL63P,0.0,5.0,0.0,1.0,1.0,1.0,1
A3R2US71Y3CV9R,0.0,5.0,0.0,1.0,1.0,1.0,1
A3R3P5M7X0F1CB,0.0,5.0,0.0,1.0,1.0,1.0,1
A3R3W0GZUR17TK,0.0,4.0,0.0,1.0,0.0,1.0,1
A3R42MDM98MW2Q,0.0,4.0,0.0,1.0,0.0,1.0,1
A3R4Q2UEPTZPSQ,0.0,5.0,0.0,1.0,1.0,1.0,1
A3R749LCFV5I3,0.0,5.0,0.0,1.0,1.0,1.0,1
A3R7FGWO8PIMUD,0.0,4.0,0.0,1.0,0.0,1.0,1
A3R822YHA22Q3P,0.0,4.0,0.0,1.0,0.0,1.0,1
A3R8M455KMAQ5K,0.0,5.0,0.0,1.0,1.0,1.0,1
A3R9KRIO25CKZV,0.39548848910372325,4.333333333333333,0.5773502691896257,0.6045115108962767,0.3333333333333333,1.0,3
A3R9X003XW0LNR,0.0,5.0,0.0,1.0,1.0,1.0,1
A3RAESXA4SR1YL,0.0,4.0,0.0,1.0,0.0,1.0,1
A3RAZLVRY2R7VX,0.0,5.0,0.0,1.0,1.0,1.0,1
A3RBGEV4IHL1XM,0.6826061944859853,3.3333333333333335,1.5275252316519468,0.31739380551401475,0.3333333333333333,0.3333333333333333,3
A3RBUDUMPG6X6E,0.0,5.0,0.0,1.0,1.0,1.0,1
A3RBVD0DCH8CUZ,0.0,2.0,0.0,1.0,0.0,0.0,1
A3RBVDH87QF1A,0.0,5.0,0.0,1.0,1.0,1.0,1
A3RC6GTUFKEY7Y,0.0,5.0,0.0,1.0,1.0,1.0,1
A3RCEXV5769SG8,0.0,5.0,0.0,1.0,1.0,1.0,1
A3RCGRXYBRKSRC,0.0,5.0,0.0,1.0,1.0,1.0,1
A3REPF6Z0P8Y0Q,0.0,5.0,0.0,1.0,1.0,1.0,1
A3REYP3W0BLUNA,0.0,5.0,0.0,1.0,1.0,1.0,1
A3RG6PPAEW83X2,0.0,5.0,0.0,1.0,1.0,1.0,1
A3RGAR7ZY1OEGT,0.0,4.0,0.0,1.0,0.0,1.0,1
A3RGHO0Q938FRS,0.0,5.0,0.0,1.0,1.0,1.0,1
A3RGU833M0OLDY,0.0,5.0,0.0,1.0,1.0,1.0,1
A3RH8D7NKLP2JS,0.0,5.0,0.0,1.0,1.0,1.0,1
A3RHCLAFMG8W8,0.0,5.0,0.0,1.0,1.0,1.0,1
A3RHPUZBOP4D47,0.0,5.0,0.0,1.0,1.0,1.0,1
A3RIRRJ44LGVDA,0.0,5.0,0.0,1.0,1.0,1.0,1
A3RK99YGKXWTDT,0.0,5.0,0.0,1.0,1.0,1.0,1
A3RKNRLZ2D6D08,0.0,5.0,0.0,1.0,1.0,1.0,1
A3RKVIE9PUITW8,0.0,5.0,0.0,1.0,1.0,1.0,1
A3RL4MZ8PH9Q5B,0.0,5.0,0.0,1.0,1.0,1.0,1
A3RLE0OTW1Y7FW,0.0,5.0,0.0,1.0,1.0,1.0,1
A3RLSF1NC70JRK,0.0,5.0,0.0,1.0,1.0,1.0,1
A3RMXJ4XMR56GB,0.0,4.0,0.0,1.0,0.0,1.0,1
A3RNAIFV56WG5E,0.0,5.0,0.0,1.0,1.0,1.0,1
A3RNIG506NCWWO,0.0,5.0,0.0,1.0,1.0,1.0,1
A3RO6Z7WI0032B,0.0,5.0,0.0,1.0,1.0,1.0,1
A3RP68J125MBQW,0.0,5.0,0.0,1.0,1.0,1.0,1
A3RR3PDK3FX6CO,0.0,5.0,0.0,1.0,1.0,1.0,1
A3RRAIE5VGNS0S,0.0,4.0,0.0,1.0,0.0,1.0,1
A3RRHP4XAI4KUI,0.0,5.0,0.0,1.0,1.0,1.0,2
A3RRQS6NNHDBDU,0.0,5.0,0.0,1.0,1.0,1.0,1
A3RRV1F1QVI0C5,0.0,5.0,0.0,1.0,1.0,1.0,1
A3RS2VSXYYHUM0,0.0,5.0,0.0,1.0,1.0,1.0,1
A3RTCA21S7BQ3P,0.0,5.0,0.0,1.0,1.0,1.0,1
A3RTMCOLN1MIJW,0.0,5.0,0.0,1.0,1.0,1.0,1
A3RTSHT0J64TY4,0.0,4.0,0.0,1.0,0.0,1.0,1
A3RU10O4KAN4MT,0.0,5.0,0.0,1.0,1.0,1.0,1
A3RUY1Y0ZPNUJ4,0.0,4.0,0.0,1.0,0.0,1.0,1
A3RVAT0EUNM2MI,0.43067655807339306,4.0,1.4142135623730951,0.5693234419266069,0.5,0.5,2
A3RXK7UUDWQRTQ,0.0,5.0,0.0,1.0,1.0,1.0,1
A3RYHP2OYFJ3YC,0.0,5.0,0.0,1.0,1.0,1.0,1
A3RYW3OSMMU6SF,0.0,4.0,0.0,1.0,0.0,1.0,1
A3RZ3PXOHNYC8S,0.0,1.0,0.0,1.0,0.0,0.0,1
A3RZX5KZX4HYG6,0.0,2.0,0.0,1.0,0.0,0.0,1
A3S0HHSFCDJE1P,0.0,5.0,0.0,1.0,1.0,1.0,1
A3S0Z7UOTUIP9R,0.39548848910372325,4.666666666666667,0.5773502691896258,0.6045115108962767,0.6666666666666666,1.0,3
A3S15YGZ6W6EV2,0.0,5.0,0.0,1.0,1.0,1.0,1
A3S1BO0SLFC5H,0.0,5.0,0.0,1.0,1.0,1.0,1
A3S1YIQQW7AZO,0.0,4.0,0.0,1.0,0.0,1.0,1
A3S3P2TWEVS69L,0.0,5.0,0.0,1.0,1.0,1.0,1
A3S3XESYDHV39U,0.0,5.0,0.0,1.0,1.0,1.0,1
A3S3Y3JYFY96WZ,0.0,5.0,0.0,1.0,1.0,1.0,1
A3S47OYFMIQT5N,0.0,5.0,0.0,1.0,1.0,1.0,1
A3S49EUX9DRT0J,0.0,5.0,0.0,1.0,1.0,1.0,1
A3S5643F4JNLQQ,0.0,5.0,0.0,1.0,1.0,1.0,1
A3S58J9HNVKP32,0.0,2.0,0.0,1.0,0.0,0.0,1
A3S5AME3Q5SFDD,0.0,5.0,0.0,1.0,1.0,1.0,1
A3S5KSCNM13MSB,0.0,4.0,0.0,1.0,0.0,1.0,1
A3S5USAAZE6029,0.43067655807339306,4.5,0.7071067811865476,0.5693234419266069,0.5,1.0,2
A3S5XXLY0HSRAR,0.0,4.0,0.0,1.0,0.0,1.0,1
A3S66LKKKGTI30,0.0,1.0,0.0,1.0,0.0,0.0,1
A3S66WJLBU17YW,0.0,4.0,0.0,1.0,0.0,1.0,1
A3S68WYZ3UWRVH,0.0,5.0,0.0,1.0,1.0,1.0,1
A3S76NP1H3R0XH,0.0,1.0,0.0,1.0,0.0,0.0,1
A3S7SV04I6BQ6E,0.0,5.0,0.0,1.0,1.0,1.0,1
A3S7Z458PXGL82,0.0,4.0,0.0,1.0,0.0,1.0,1
A3S84AU8UJ9P9D,0.0,4.0,0.0,1.0,0.0,1.0,1
A3S87ZOPB3UM9N,0.0,5.0,0.0,1.0,1.0,1.0,5
A3S8A9JBOP1PG7,0.0,5.0,0.0,1.0,1.0,1.0,1
A3S8HHQBEEGN7P,0.43067655807339306,4.0,1.4142135623730951,0.5693234419266069,0.5,0.5,2
A3S9DTM7BCJS21,0.0,5.0,0.0,1.0,1.0,1.0,1
A3SA3SI8HXUTWM,0.0,5.0,0.0,1.0,1.0,1.0,1
A3SC8ZUDU3TR2H,0.0,4.0,0.0,1.0,0.0,1.0,1
A3SC91NJUK624,0.0,4.0,0.0,1.0,0.0,1.0,1
A3SCHXMAJDLLUU,0.0,5.0,0.0,1.0,1.0,1.0,1
A3SCTA36FA7E88,0.0,5.0,0.0,1.0,1.0,1.0,1
A3SDJ70H00OQCJ,0.0,4.0,0.0,1.0,0.0,1.0,1
A3SDQ1BJ9RTQ2B,0.0,5.0,0.0,1.0,1.0,1.0,1
A3SE4NU7AGO47Q,0.0,5.0,0.0,1.0,1.0,1.0,1
A3SFQQB23IZVVL,0.0,5.0,0.0,1.0,1.0,1.0,1
A3SFYMAGMJYXHC,0.0,4.0,0.0,1.0,0.0,1.0,1
A3SG4FNILRZH5S,0.0,5.0,0.0,1.0,1.0,1.0,1
A3SGAXUWAIY61B,0.0,5.0,0.0,1.0,1.0,1.0,1
A3SGQEPU02VKV,0.0,4.0,0.0,1.0,0.0,1.0,1
A3SGQUKYUATAM8,0.0,5.0,0.0,1.0,1.0,1.0,1
A3SHAOQ7FI3JLN,0.0,5.0,0.0,1.0,1.0,1.0,1
A3SHDDL7T2HDC9,0.0,5.0,0.0,1.0,1.0,1.0,1
A3SINSKZTVFCX,0.0,5.0,0.0,1.0,1.0,1.0,1
A3SIVSBFGWO03,0.0,5.0,0.0,1.0,1.0,1.0,1
A3SIW24TMUVXG6,0.0,5.0,0.0,1.0,1.0,1.0,1
A3SJ70S9RAGUIA,0.0,5.0,0.0,1.0,1.0,1.0,1
A3SJSUSBFQ1V81,0.0,5.0,0.0,1.0,1.0,1.0,1
A3SK4WFWME8A8N,0.0,5.0,0.0,1.0,1.0,1.0,1
A3SKD7PP6S0II4,0.0,5.0,0.0,1.0,1.0,1.0,1
A3SKXRB5QQWMLZ,0.0,5.0,0.0,1.0,1.0,1.0,1
A3SL7BXUHLRKW3,0.0,5.0,0.0,1.0,1.0,1.0,1
A3SL7UWG7Z4H4T,0.0,4.0,0.0,1.0,0.0,1.0,1
A3SMN4GQEQBCJ5,0.43067655807339306,3.5,0.7071067811865476,0.5693234419266069,0.0,0.5,2
A3SNB53I64J9N5,0.0,1.0,0.0,1.0,0.0,0.0,1
A3SNRU9Z9763AO,0.0,5.0,0.0,1.0,1.0,1.0,1
A3SO2AGQXXL8LC,0.0,5.0,0.0,1.0,1.0,1.0,3
A3SOLBOIBNYCCP,0.0,5.0,0.0,1.0,1.0,1.0,1
A3SOURAY5OD6Z5,0.0,1.0,0.0,1.0,0.0,0.0,1
A3SP5OZ25GTBIH,0.0,5.0,0.0,1.0,1.0,1.0,1
A3SPRSLV03DT6Y,0.0,5.0,0.0,1.0,1.0,1.0,1
A3SRZ0L60PNCVE,0.0,3.0,0.0,1.0,0.0,0.0,1
A3SS6919NRQ2MF,0.43067655807339306,4.5,0.7071067811865476,0.5693234419266069,0.5,1.0,2
A3SSDQFBBVDGRS,0.0,5.0,0.0,1.0,1.0,1.0,1
A3ST3KY96FDE6I,0.43067655807339306,4.5,0.7071067811865476,0.5693234419266069,0.5,1.0,2
A3STDPXRUJQBOQ,0.0,5.0,0.0,1.0,1.0,1.0,1
A3STK5WDK5UB58,0.0,4.0,0.0,1.0,0.0,1.0,1
A3STNU0QG5IMCY,0.0,5.0,0.0,1.0,1.0,1.0,1
A3SUG1O5YSG659,0.0,5.0,0.0,1.0,1.0,1.0,1
A3SUZ5RKR6CNKT,0.0,3.0,0.0,1.0,0.0,0.0,1
A3SUZA0C8QV8AW,0.0,5.0,0.0,1.0,1.0,1.0,1
A3SVCU49WCUHHY,0.43067655807339306,4.0,1.4142135623730951,0.5693234419266069,0.5,0.5,2
A3SWLDY5FWIDNL,0.0,5.0,0.0,1.0,1.0,1.0,1
A3SXP858XO6OCZ,0.0,3.0,0.0,1.0,0.0,0.0,1
A3SXRG9TFJ41ZF,0.0,5.0,0.0,1.0,1.0,1.0,1
A3SXYB8JPQ44LN,0.0,4.0,0.0,1.0,0.0,1.0,1
A3SY619VFSOOZY,0.0,3.0,0.0,1.0,0.0,0.0,1
A3SYB4E5MCEBZL,0.0,5.0,0.0,1.0,1.0,1.0,1
A3SZ4CWC3X19SI,0.0,4.0,0.0,1.0,0.0,1.0,1
A3SZOSH24K83K6,0.0,4.0,0.0,1.0,0.0,1.0,1
A3T0MOVJN9OPVB,0.0,5.0,0.0,1.0,1.0,1.0,2
A3T1KATJEI7I29,0.0,5.0,0.0,1.0,1.0,1.0,1
A3T1LD0C65QCWK,0.0,5.0,0.0,1.0,1.0,1.0,1
A3T24RSN7D0TQG,0.0,4.0,0.0,1.0,0.0,1.0,2
A3T3LXK2F3XTEK,0.0,5.0,0.0,1.0,1.0,1.0,1
A3T3M5EYGCWSUA,0.0,5.0,0.0,1.0,1.0,1.0,1
A3T5H53KJY7ZG,0.0,5.0,0.0,1.0,1.0,1.0,1
A3T5U8741AEXWU,0.0,5.0,0.0,1.0,1.0,1.0,1
A3T643FOKZCYEC,0.0,1.0,0.0,1.0,0.0,0.0,1
A3T6W3UKZBIUTB,0.0,4.0,0.0,1.0,0.0,1.0,1
A3T6Z4XWXWGEEN,0.0,5.0,0.0,1.0,1.0,1.0,1
A3T767O02CHFN1,0.6826061944859853,4.0,1.0,0.31739380551401475,0.3333333333333333,0.6666666666666666,3
A3T7POAJUPYA06,0.0,5.0,0.0,1.0,1.0,1.0,1
A3T7V207KRDE2O,0.0,5.0,0.0,1.0,1.0,1.0,1
A3T832UNT3QOB0,0.0,5.0,0.0,1.0,1.0,1.0,1
A3T8ISGIQ27V3X,0.0,3.0,0.0,1.0,0.0,0.0,1
A3T8XGEOFSU5UI,0.0,5.0,0.0,1.0,1.0,1.0,1
A3T9DOOJ5B1U7O,0.0,4.0,0.0,1.0,0.0,1.0,1
A3T9GMK9ZYEAJ4,0.0,4.0,0.0,1.0,0.0,1.0,2
A3TA1UJWRJF9NC,0.0,5.0,0.0,1.0,1.0,1.0,1
A3TAS1AG6FMBQW,0.0,5.0,0.0,1.0,1.0,1.0,3
A3TAT80JCWYGB4,0.0,5.0,0.0,1.0,1.0,1.0,1
A3TB2M0Y63G0OF,0.0,4.0,0.0,1.0,0.0,1.0,1
A3TB9HNQR54B5V,0.0,5.0,0.0,1.0,1.0,1.0,1
A3TBMGNSEQBWIL,0.0,5.0,0.0,1.0,1.0,1.0,1
A3TCKXJSSIHXEW,0.0,5.0,0.0,1.0,1.0,1.0,1
A3TCV19D652GPU,0.0,4.0,0.0,1.0,0.0,1.0,1
A3TD47N9K6V0FU,0.0,5.0,0.0,1.0,1.0,1.0,1
A3TD773DK6D77R,0.0,5.0,0.0,1.0,1.0,1.0,1
A3TDYJPBZ7DXE7,0.0,5.0,0.0,1.0,1.0,1.0,1
A3TEP6U427LK9Z,0.0,5.0,0.0,1.0,1.0,1.0,1
A3TF6A1YMYJQ9U,0.0,5.0,0.0,1.0,1.0,1.0,1
A3TGD1UTG4V072,0.0,5.0,0.0,1.0,1.0,1.0,1
A3THJLGG03GA3S,0.0,5.0,0.0,1.0,1.0,1.0,1
A3THKM5QX5XBKQ,0.0,3.0,0.0,1.0,0.0,0.0,1
A3THSN6BVZKFQ4,0.0,5.0,0.0,1.0,1.0,1.0,1
A3TIJC6L8USJ6Q,0.0,5.0,0.0,1.0,1.0,1.0,3
A3TIWKL1FZANAX,0.0,5.0,0.0,1.0,1.0,1.0,1
A3TIWRAKFP7LMA,0.0,5.0,0.0,1.0,1.0,1.0,1
A3TJ2K4LP6V71U,0.0,5.0,0.0,1.0,1.0,1.0,1
A3TJP0AW9HHY2,0.0,5.0,0.0,1.0,1.0,1.0,1
A3TJXGZ6DE38R7,0.0,5.0,0.0,1.0,1.0,1.0,1
A3TKHAC2G7G0H1,0.0,5.0,0.0,1.0,1.0,1.0,1
A3TKSUEV4E9PV6,0.0,5.0,0.0,1.0,1.0,1.0,1
A3TL4RJQKBB8VK,0.0,5.0,0.0,1.0,1.0,1.0,1
A3TLPFNP3V2BWK,0.0,4.0,0.0,1.0,0.0,1.0,1
A3TLV6X0NJV934,0.0,4.0,0.0,1.0,0.0,1.0,1
A3TLYL0E41W6DQ,0.0,5.0,0.0,1.0,1.0,1.0,1
A3TMAXADCGGSYL,0.0,5.0,0.0,1.0,1.0,1.0,1
A3TMH3ESKQN3L4,0.0,5.0,0.0,1.0,1.0,1.0,1
A3TMKO1DO08TQY,0.0,3.0,0.0,1.0,0.0,0.0,1
A3TMZ2H98O43I,0.0,5.0,0.0,1.0,1.0,1.0,1
A3TNM3C9ENUCFW,0.0,4.0,0.0,1.0,0.0,1.0,1
A3TNOAG3UIFQDI,0.0,5.0,0.0,1.0,1.0,1.0,1
A3TNTDRTVYO1SN,0.0,4.0,0.0,1.0,0.0,1.0,1
A3TO0B7DNASJX7,0.0,3.0,0.0,1.0,0.0,0.0,1
A3TOCVBMFZTZ2Z,0.0,5.0,0.0,1.0,1.0,1.0,1
A3TPEPYMO2GFN7,0.0,4.0,0.0,1.0,0.0,1.0,1
A3TPM2VJA0X1Y2,0.43067655807339306,4.5,0.7071067811865476,0.5693234419266069,0.5,1.0,2
A3TPNC3TKGCCEI,0.0,4.0,0.0,1.0,0.0,1.0,1
A3TPXFQ9CIK7OF,0.0,5.0,0.0,1.0,1.0,1.0,1
A3TRPVAGT3NWBS,0.2548195957855576,4.857142857142857,0.37796447300922725,0.7451804042144424,0.8571428571428571,1.0,7
A3TRSUX9JYKNCJ,0.0,5.0,0.0,1.0,1.0,1.0,1
A3TSAQ6H6HKXIZ,0.0,5.0,0.0,1.0,1.0,1.0,1
A3TT2RMPFK7D1W,0.0,2.0,0.0,1.0,0.0,0.0,1
A3TTASCT75RNSF,0.0,4.0,0.0,1.0,0.0,1.0,1
A3TTE29M158WP5,0.0,3.0,0.0,1.0,0.0,0.0,1
A3TTG579DHLYZW,0.0,4.0,0.0,1.0,0.0,1.0,1
A3TTM5JYI2ZB7Z,0.0,5.0,0.0,1.0,1.0,1.0,1
A3TU618RIP1SGL,0.0,5.0,0.0,1.0,1.0,1.0,1
A3TUOAQ56ZQIJH,0.0,5.0,0.0,1.0,1.0,1.0,1
A3TUQQWT7KRSEK,0.0,5.0,0.0,1.0,1.0,1.0,1
A3TUZOJZM9008Y,0.0,5.0,0.0,1.0,1.0,1.0,1
A3TVMXWL9LNESD,0.0,5.0,0.0,1.0,1.0,1.0,1
A3TWFM69THKQBK,0.0,5.0,0.0,1.0,1.0,1.0,1
A3TWHKALXTJ4EF,0.0,4.0,0.0,1.0,0.0,1.0,1
A3TXZJQWCPYNVS,0.0,5.0,0.0,1.0,1.0,1.0,1
A3TYJTG8HXTWKY,0.0,1.0,0.0,1.0,0.0,0.0,1
A3TYWLLZGB1EDR,0.0,5.0,0.0,1.0,1.0,1.0,1
A3TZI7G52WTQGD,0.0,4.0,0.0,1.0,0.0,1.0,1
A3U04KS55VJLSR,0.0,2.0,0.0,1.0,0.0,0.0,1
A3U0DX8MFOB1XX,0.0,5.0,0.0,1.0,1.0,1.0,1
A3U0GO1FYQ87FE,0.0,5.0,0.0,1.0,1.0,1.0,1
A3U2L3V3MOEYLC,0.0,5.0,0.0,1.0,1.0,1.0,1
A3U38OLADLTYTW,0.0,5.0,0.0,1.0,1.0,1.0,2
A3U3Z6HB5V8ECV,0.0,5.0,0.0,1.0,1.0,1.0,1
A3U454B540HWZS,0.0,4.0,0.0,1.0,0.0,1.0,1
A3U47B6C3QW94L,0.0,5.0,0.0,1.0,1.0,1.0,1
A3U4LQGN5AE9DO,0.0,5.0,0.0,1.0,1.0,1.0,1
A3U521S7IPSFZG,0.0,5.0,0.0,1.0,1.0,1.0,1
A3U525HTP9WZX5,0.0,5.0,0.0,1.0,1.0,1.0,1
A3U52V5ZAHZZKU,0.0,5.0,0.0,1.0,1.0,1.0,2
A3U5HTOOB376EP,0.0,4.0,0.0,1.0,0.0,1.0,1
A3U5UT3EH2REVK,0.0,5.0,0.0,1.0,1.0,1.0,1
A3U5VP06Q1W4DB,0.0,5.0,0.0,1.0,1.0,1.0,1
A3U648J0AHF50K,0.0,5.0,0.0,1.0,1.0,1.0,1
A3U760Q06JVW92,0.0,5.0,0.0,1.0,1.0,1.0,1
A3U78DTRGJZFCL,0.0,4.0,0.0,1.0,0.0,1.0,1
A3U7I2H2SLL8C8,0.0,4.0,0.0,1.0,0.0,1.0,1
A3U8GAX8OEQATQ,0.0,4.0,0.0,1.0,0.0,1.0,1
A3U8J6HOIYKIFM,0.43067655807339306,4.5,0.7071067811865476,0.5693234419266069,0.5,1.0,2
A3U9ECP0UKZYO0,0.0,4.0,0.0,1.0,0.0,1.0,1
A3U9RATIL4DAB2,0.0,5.0,0.0,1.0,1.0,1.0,1
A3UA33R5UOA8RC,0.0,2.0,0.0,1.0,0.0,0.0,1
A3UA8KRGIV9IXT,0.0,5.0,0.0,1.0,1.0,1.0,1
A3UACABVOF2XF1,0.0,5.0,0.0,1.0,1.0,1.0,1
A3UBI8XEO26P2C,0.0,5.0,0.0,1.0,1.0,1.0,2
A3UBNP5DWQCNEH,0.0,5.0,0.0,1.0,1.0,1.0,1
A3UBYYUZQHN7RR,0.0,5.0,0.0,1.0,1.0,1.0,1
A3UC2DLZF7TFB4,0.0,5.0,0.0,1.0,1.0,1.0,1
A3UC3YT2E65LZO,0.0,5.0,0.0,1.0,1.0,1.0,2
A3UCD1OMXG96OR,0.0,5.0,0.0,1.0,1.0,1.0,1
A3UCF82XIPJME2,0.0,5.0,0.0,1.0,1.0,1.0,1
A3UCNSBH307OEV,0.0,5.0,0.0,1.0,1.0,1.0,1
A3UE78V8Z8G1YP,0.0,3.0,0.0,1.0,0.0,0.0,1
A3UERTXLHBGAZ0,0.0,5.0,0.0,1.0,1.0,1.0,1
A3UFCX1AE4TKZE,0.0,4.0,0.0,1.0,0.0,1.0,1
A3UFIFPNO0TR0Q,0.0,5.0,0.0,1.0,1.0,1.0,2
A3UGCKULLHJ01E,0.0,5.0,0.0,1.0,1.0,1.0,1
A3UGXRNRXVNAPI,0.0,5.0,0.0,1.0,1.0,1.0,1
A3UI5ODGOLAXEI,0.0,5.0,0.0,1.0,1.0,1.0,1
A3UI6CTFWL721L,0.0,5.0,0.0,1.0,1.0,1.0,1
A3UI9U9NOOAM9S,0.0,5.0,0.0,1.0,1.0,1.0,1
A3UIQ1DG8MOREB,0.0,5.0,0.0,1.0,1.0,1.0,2
A3UJDNT32ZJEF,0.0,5.0,0.0,1.0,1.0,1.0,1
A3UJQN65YXBL50,0.0,5.0,0.0,1.0,1.0,1.0,1
A3UK6XF38M32SK,0.0,4.0,0.0,1.0,0.0,1.0,1
A3UL00RH3B9MMC,0.0,5.0,0.0,1.0,1.0,1.0,1
A3ULKL4TS05ZGX,0.0,5.0,0.0,1.0,1.0,1.0,1
A3UMZ8DDGIC0DO,0.0,5.0,0.0,1.0,1.0,1.0,1
A3UNCJ8G4GLHDX,0.0,3.0,0.0,1.0,0.0,0.0,1
A3UNGIF5G9RMCN,0.0,5.0,0.0,1.0,1.0,1.0,1
A3UNGV1J26QVPE,0.0,4.0,0.0,1.0,0.0,1.0,1
A3UNITKTFPNT9W,0.0,4.0,0.0,1.0,0.0,1.0,1
A3UNREJGCZMRUY,0.0,5.0,0.0,1.0,1.0,1.0,1
A3UNURO1UUPCFA,0.0,5.0,0.0,1.0,1.0,1.0,1
A3UO7TPKCH3D4,0.43067655807339306,4.0,1.4142135623730951,0.5693234419266069,0.5,0.5,2
A3UOID9VI8CC0C,0.0,5.0,0.0,1.0,1.0,1.0,1
A3UOSOCRKS3WIH,0.0,5.0,0.0,1.0,1.0,1.0,1
A3UP19I6HSILR9,0.0,4.0,0.0,1.0,0.0,1.0,1
A3UP97IQAI6LJH,0.0,5.0,0.0,1.0,1.0,1.0,1
A3UPEV60FD84VX,0.0,5.0,0.0,1.0,1.0,1.0,1
A3UPYGJKZ0XTU4,0.0,5.0,0.0,1.0,1.0,1.0,1
A3UQ66AYXFZ1SX,0.0,5.0,0.0,1.0,1.0,1.0,1
A3UQR3IEAL6G6A,0.0,5.0,0.0,1.0,1.0,1.0,1
A3UR1ZOS5PQGMP,0.0,5.0,0.0,1.0,1.0,1.0,1
A3URVWPFJOHT72,0.0,4.0,0.0,1.0,0.0,1.0,3
A3USUO0YREMXME,0.0,5.0,0.0,1.0,1.0,1.0,1
A3UTWBBK9MKFDL,0.0,5.0,0.0,1.0,1.0,1.0,1
A3UTY0UCKWXRY9,0.0,1.0,0.0,1.0,0.0,0.0,1
A3UURD9IGGUGW9,0.0,5.0,0.0,1.0,1.0,1.0,1
A3UW23DBF2KHWC,0.0,5.0,0.0,1.0,1.0,1.0,1
A3UW7WC3KDQUPP,0.0,3.0,0.0,1.0,0.0,0.0,1
A3UW9V8KONIRBE,0.0,5.0,0.0,1.0,1.0,1.0,1
A3UWDEBSKQFM7V,0.6826061944859853,4.0,1.0,0.31739380551401475,0.3333333333333333,0.6666666666666666,3
A3UWM2JGOASDI4,0.0,5.0,0.0,1.0,1.0,1.0,1
A3UXU4YM508ZEA,0.43067655807339306,3.0,2.8284271247461903,0.5693234419266069,0.5,0.5,2
A3UXW18DP4WSD6,0.0,5.0,0.0,1.0,1.0,1.0,1
A3UYI01GLEYZSP,0.0,5.0,0.0,1.0,1.0,1.0,1
A3UYRYH15P17R1,0.0,4.0,0.0,1.0,0.0,1.0,1
A3UZ17HANZ9F1E,0.31091750708257115,4.8,0.44721359549995787,0.6890824929174288,0.8,1.0,5
A3UZLX3C5FLLUH,0.0,5.0,0.0,1.0,1.0,1.0,1
A3V0NS2UB8H0BB,0.0,2.0,0.0,1.0,0.0,0.0,1
A3V0PEIMOBU8H5,0.43067655807339306,3.5,2.1213203435596424,0.5693234419266069,0.5,0.5,2
A3V1A3C9DTLPME,0.0,5.0,0.0,1.0,1.0,1.0,1
A3V1DYN19UXF4F,0.0,5.0,0.0,1.0,1.0,1.0,1
A3V1MV24OOGX36,0.0,1.0,0.0,1.0,0.0,0.0,1
A3V1YKHR8W22X2,0.0,4.0,0.0,1.0,0.0,1.0,1
A3V2PI7YM6U7YI,0.0,4.0,0.0,1.0,0.0,1.0,1
A3V3JVJ9NJYBBI,0.0,5.0,0.0,1.0,1.0,1.0,1
A3V5NOBJ1294FS,0.0,1.0,0.0,1.0,0.0,0.0,1
A3V5YGSE1SBERA,0.0,5.0,0.0,1.0,1.0,1.0,1
A3V6RC2YMSLT4S,0.0,1.0,0.0,1.0,0.0,0.0,1
A3V6YL38FIEDP,0.0,5.0,0.0,1.0,1.0,1.0,1
A3V6Z4RCDGRC44,0.0,5.0,0.0,1.0,1.0,1.0,2
A3V7G0CQ3P1I1B,0.0,3.0,0.0,1.0,0.0,0.0,1
A3V7Y6EPPSN6HZ,0.0,5.0,0.0,1.0,1.0,1.0,1
A3V8K9BG9DSC11,0.0,4.0,0.0,1.0,0.0,1.0,1
A3V8P0O224OBDB,0.0,5.0,0.0,1.0,1.0,1.0,1
A3V8S5VKPG1B79,0.0,2.0,0.0,1.0,0.0,0.0,1
A3VAJFVJMB8RI4,0.0,1.0,0.0,1.0,0.0,0.0,1
A3VAX5C42A9QW4,0.0,4.0,0.0,1.0,0.0,1.0,1
A3VBORHS4H8LES,0.0,5.0,0.0,1.0,1.0,1.0,1
A3VC5NV5NAJ2V4,0.0,5.0,0.0,1.0,1.0,1.0,1
A3VCOKMQOCUNGX,0.0,5.0,0.0,1.0,1.0,1.0,1
A3VD9J3FIVJTF2,0.0,3.0,0.0,1.0,0.0,0.0,1
A3VDWR7HE54SB2,0.0,5.0,0.0,1.0,1.0,1.0,1
A3VEROAVSRAMG2,0.0,5.0,0.0,1.0,1.0,1.0,2
A3VFSX2M29WGA0,0.0,5.0,0.0,1.0,1.0,1.0,1
A3VHEYLZ0R7LCU,0.0,5.0,0.0,1.0,1.0,1.0,1
A3VHGUZCGYA4KK,0.0,5.0,0.0,1.0,1.0,1.0,1
A3VHI0VC0ZWEDX,0.0,5.0,0.0,1.0,1.0,1.0,1
A3VI7503NDDODN,0.0,5.0,0.0,1.0,1.0,1.0,1
A3VIFJZC7SHX1T,0.0,2.0,0.0,1.0,0.0,0.0,1
A3VIQIGCO4AHR6,0.0,4.0,0.0,1.0,0.0,1.0,1
A3VJAU9FIDMB8N,0.0,4.0,0.0,1.0,0.0,1.0,1
A3VK2YVHWSVQHB,0.43067655807339306,4.0,1.4142135623730951,0.5693234419266069,0.5,0.5,2
A3VKO21KYDJQ2W,0.0,3.0,0.0,1.0,0.0,0.0,1
A3VM9E0ZTN0TH,0.0,5.0,0.0,1.0,1.0,1.0,1
A3VNAKMYO27RFX,0.0,4.0,0.0,1.0,0.0,1.0,1
A3VONQL7YW8UPM,0.43067655807339306,4.5,0.7071067811865476,0.5693234419266069,0.5,1.0,2
A3VP5SXUTKJFRW,0.0,5.0,0.0,1.0,1.0,1.0,1
A3VPVJMLX1X3L7,0.0,5.0,0.0,1.0,1.0,1.0,1
A3VRJPCW5CR6HX,0.0,1.0,0.0,1.0,0.0,0.0,1
A3VSGMP5KCQ4Q2,0.0,5.0,0.0,1.0,1.0,1.0,1
A3VT9VE8JYA0LI,0.0,5.0,0.0,1.0,1.0,1.0,1
A3VTSPF7JQ80UQ,0.0,5.0,0.0,1.0,1.0,1.0,1
A3VV443NATJMKY,0.0,5.0,0.0,1.0,1.0,1.0,1
A3VVOQ5K6C4Y7C,0.0,3.0,0.0,1.0,0.0,0.0,1
A3VW2I0P1TQ1DV,0.0,5.0,0.0,1.0,1.0,1.0,1
A3VW47C62Q0RML,0.0,5.0,0.0,1.0,1.0,1.0,1
A3VWCQP7XS2JD,0.0,5.0,0.0,1.0,1.0,1.0,1
A3VWY3CDC423UM,0.0,5.0,0.0,1.0,1.0,1.0,1
A3VXOYZYIFKIF2,0.0,5.0,0.0,1.0,1.0,1.0,1
A3VYKXHQDICC6,0.0,4.0,0.0,1.0,0.0,1.0,1
A3VYPS07YQR9KN,0.0,5.0,0.0,1.0,1.0,1.0,1
A3VYTHBU44KOWE,0.43067655807339306,4.0,1.4142135623730951,0.5693234419266069,0.5,0.5,2
A3VZ99CCMUESSY,0.0,5.0,0.0,1.0,1.0,1.0,1
A3VZH0PWLQ9BB1,0.0,5.0,0.0,1.0,1.0,1.0,1
A3W112102BC6BG,0.6284208026252548,4.333333333333333,0.8164965809277259,0.3715791973747452,0.5,0.8333333333333334,6
A3W152L0OZZER6,0.0,1.0,0.0,1.0,0.0,0.0,1
A3W1EDL3E964B0,0.0,5.0,0.0,1.0,1.0,1.0,1
A3W2UTN0BC4ZKD,0.6826061944859853,4.0,1.0,0.31739380551401475,0.3333333333333333,0.6666666666666666,3
A3W371ZI5K5C8K,0.0,5.0,0.0,1.0,1.0,1.0,1
A3W3B9CBCR4JTX,0.0,5.0,0.0,1.0,1.0,1.0,1
A3W3XQY4GQRSIY,0.0,5.0,0.0,1.0,1.0,1.0,1
A3W46MLZN82PTZ,0.0,2.0,0.0,1.0,0.0,0.0,1
A3W4D8XOGLWUN5,0.0,4.0,0.0,1.0,0.0,1.0,1
A3W53H5F2YLJQ4,0.0,5.0,0.0,1.0,1.0,1.0,1
A3W57Y5J12YY41,0.0,5.0,0.0,1.0,1.0,1.0,1
A3WFXFCLASQMP,0.0,5.0,0.0,1.0,1.0,1.0,1
A3WFZDDG0JPK5,0.0,5.0,0.0,1.0,1.0,1.0,2
A3XL1ZRLXVZM8,0.0,5.0,0.0,1.0,1.0,1.0,1
A3YDHETUB0LHF,0.0,5.0,0.0,1.0,1.0,1.0,1
A3YJX1TWOHVDA,0.0,3.0,0.0,1.0,0.0,0.0,1
A3Z3817Z6WTXU,0.0,5.0,0.0,1.0,1.0,1.0,1
A3ZCIEUX68DEZ,0.0,5.0,0.0,1.0,1.0,1.0,1
A40IV5Z4RILSC,0.0,4.0,0.0,1.0,0.0,1.0,1
A40U43VX39NR9,0.0,5.0,0.0,1.0,1.0,1.0,1
A41I67QYRAOSQ,0.0,5.0,0.0,1.0,1.0,1.0,1
A41JUIFTT1J4B,0.43067655807339306,4.5,0.7071067811865476,0.5693234419266069,0.5,1.0,2
A41R4FYVV8YCO,0.0,5.0,0.0,1.0,1.0,1.0,1
A4254PHBJAPL,0.0,5.0,0.0,1.0,1.0,1.0,1
A42D8DYQ7EVJT,0.0,5.0,0.0,1.0,1.0,1.0,1
A42FNTM7Q2FE0,0.0,5.0,0.0,1.0,1.0,1.0,1
A42PJ9K10RLMT,0.0,4.0,0.0,1.0,0.0,1.0,1
A42YG78Z1GBBD,0.0,5.0,0.0,1.0,1.0,1.0,1
A439RDKQQIYR3,0.0,5.0,0.0,1.0,1.0,1.0,1
A441R59DABT6E,0.0,5.0,0.0,1.0,1.0,1.0,1
A449KVVGC9J7I,0.0,5.0,0.0,1.0,1.0,1.0,1
A44UKZE6XEV9,0.0,5.0,0.0,1.0,1.0,1.0,1
A450WKBT9ZIM,0.0,1.0,0.0,1.0,0.0,0.0,1
A451H9FVEZTWR,0.0,5.0,0.0,1.0,1.0,1.0,1
A45OOPYV3TJSY,0.0,5.0,0.0,1.0,1.0,1.0,1
A46YT26BA97R0,0.0,5.0,0.0,1.0,1.0,1.0,1
A47HWSPR8430B,0.0,4.0,0.0,1.0,0.0,1.0,1
A47K229NJH9J6,0.0,2.0,0.0,1.0,0.0,0.0,1
A4902TQB4NGRJ,0.0,2.0,0.0,1.0,0.0,0.0,1
A49UG6ANGV6M1,0.0,3.0,0.0,1.0,0.0,0.0,1
A4ABNXMETDFGW,0.0,1.0,0.0,1.0,0.0,0.0,1
A4AF29Y2BHYEY,0.0,3.0,0.0,1.0,0.0,0.0,1
A4AM8XJSK710E,0.0,2.0,0.0,1.0,0.0,0.0,1
A4APIXYMVZGU4,0.0,5.0,0.0,1.0,1.0,1.0,1
A4BG416YX5366,0.0,5.0,0.0,1.0,1.0,1.0,1
A4BLZ3ZNJ0YV2,0.0,4.0,0.0,1.0,0.0,1.0,1
A4BPS6GEFHNAY,0.0,5.0,0.0,1.0,1.0,1.0,1
A4BW957GKIJUM,0.0,5.0,0.0,1.0,1.0,1.0,1
A4CIAXJTZ6P1,0.0,5.0,0.0,1.0,1.0,1.0,1
A4DO6F431LOO2,0.0,4.0,0.0,1.0,0.0,1.0,1
A4DZ12AFVZ6LT,0.0,1.0,0.0,1.0,0.0,0.0,1
A4DZOJ79D9BXE,0.0,4.0,0.0,1.0,0.0,1.0,1
A4ENZCYML4OEG,0.0,5.0,0.0,1.0,1.0,1.0,1
A4G4AWDVJ8XCJ,0.0,5.0,0.0,1.0,1.0,1.0,1
A4G51W9PC7TJL,0.0,5.0,0.0,1.0,1.0,1.0,1
A4GGT6O0GQNV2,0.0,5.0,0.0,1.0,1.0,1.0,3
A4GI4654JA8NK,0.0,5.0,0.0,1.0,1.0,1.0,1
A4HRLWU9GJCEF,0.0,5.0,0.0,1.0,1.0,1.0,1
A4IF24BMN3Z3H,0.0,5.0,0.0,1.0,1.0,1.0,1
A4IL0CLL27Q33,0.0,4.0,0.0,1.0,0.0,1.0,1
A4J496S0ASF2I,0.0,4.0,0.0,1.0,0.0,1.0,1
A4J4J2V4KH7LY,0.0,5.0,0.0,1.0,1.0,1.0,1
A4JF3BCJO0VGI,0.0,5.0,0.0,1.0,1.0,1.0,1
A4JHEO7H330AF,0.0,5.0,0.0,1.0,1.0,1.0,1
A4KNTF8EEFAKK,0.0,3.0,0.0,1.0,0.0,0.0,1
A4KQW4S2PAXIT,0.0,1.0,0.0,1.0,0.0,0.0,1
A4L0UD2AWHART,0.0,5.0,0.0,1.0,1.0,1.0,1
A4MQ4HZF3Q7JV,0.0,4.0,0.0,1.0,0.0,1.0,1
A4O7NPE5C5DS9,0.0,5.0,0.0,1.0,1.0,1.0,1
A4OAW3JQC5UNM,0.0,5.0,0.0,1.0,1.0,1.0,1
A4OGL6HINEZVL,0.0,2.0,0.0,1.0,0.0,0.0,1
A4OPNK2K0EDLG,0.0,5.0,0.0,1.0,1.0,1.0,1
A4PXXQ3UGXSB5,0.0,5.0,0.0,1.0,1.0,1.0,1
A4PYOAQ2GH8FQ,0.0,4.0,0.0,1.0,0.0,1.0,1
A4Q1AC81B9TO4,0.0,4.0,0.0,1.0,0.0,1.0,1
A4QBJJ9YC59WE,0.0,5.0,0.0,1.0,1.0,1.0,1
A4QC76NMWE5OC,0.0,5.0,0.0,1.0,1.0,1.0,1
A4QCYNKAT2UN,0.0,5.0,0.0,1.0,1.0,1.0,1
A4RASGC2BYMD5,0.0,4.0,0.0,1.0,0.0,1.0,1
A4RC4IF81L71H,0.0,5.0,0.0,1.0,1.0,1.0,1
A4RKE6DNDRTY2,0.0,5.0,0.0,1.0,1.0,1.0,1
A4RQ2TQJVJ58Q,0.0,5.0,0.0,1.0,1.0,1.0,1
A4SD1MX7QMD8,0.0,2.0,0.0,1.0,0.0,0.0,1
A4SSILU7KZ1XK,0.0,4.0,0.0,1.0,0.0,1.0,1
A4SVJ7V6HZF9U,0.0,5.0,0.0,1.0,1.0,1.0,1
A4TH1G4MV3VLM,0.0,3.0,0.0,1.0,0.0,0.0,1
A4U8NV8P13RH9,0.0,5.0,0.0,1.0,1.0,1.0,1
A4UMQLZ0O489D,0.0,4.0,0.0,1.0,0.0,1.0,1
A4WCZVA328QB4,0.0,4.0,0.0,1.0,0.0,1.0,1
A4WEZJOIZIV4U,0.0,4.0,0.0,1.0,0.0,1.0,1
A4XD7L6C76HQM,0.0,5.0,0.0,1.0,1.0,1.0,1
A4Y8MPXJ35Y7R,0.0,1.0,0.0,1.0,0.0,0.0,1
A4YAXWNMWYY0K,0.0,1.0,0.0,1.0,0.0,0.0,1
A4ZAGU38SC09Q,0.0,5.0,0.0,1.0,1.0,1.0,1
A4ZGPH50QWA1F,0.0,5.0,0.0,1.0,1.0,1.0,1
A506HOOCVL8GW,0.0,5.0,0.0,1.0,1.0,1.0,1
A50ARWTXJ9FPV,0.0,5.0,0.0,1.0,1.0,1.0,1
A50ZGWCM3RXW1,0.0,4.0,0.0,1.0,0.0,1.0,1
A5104FF4P1R9A,0.0,4.0,0.0,1.0,0.0,1.0,1
A5135DZW9GC8X,0.0,4.0,0.0,1.0,0.0,1.0,1
A51JHQZ0NEWA4,0.0,4.0,0.0,1.0,0.0,1.0,1
A52CNGFJTZZM4,0.0,4.0,0.0,1.0,0.0,1.0,1
A52EFRFBDWU1F,0.0,4.0,0.0,1.0,0.0,1.0,1
A53GY0OZJZFZE,0.43067655807339306,4.5,0.7071067811865476,0.5693234419266069,0.5,1.0,2
A53OG3Q99WAVL,0.0,4.0,0.0,1.0,0.0,1.0,1
A54S9CIUV5VNB,0.0,4.0,0.0,1.0,0.0,1.0,1
A54SG05AV6S4H,0.0,5.0,0.0,1.0,1.0,1.0,1
A551XNTLYOHAS,0.0,1.0,0.0,1.0,0.0,0.0,1
A56AUIA2KJ3KQ,0.0,5.0,0.0,1.0,1.0,1.0,1
A578ANR1FGHT8,0.0,5.0,0.0,1.0,1.0,1.0,1
A57Q87B0TC9IJ,0.0,5.0,0.0,1.0,1.0,1.0,1
A57QS8CXFWMV5,0.0,5.0,0.0,1.0,1.0,1.0,1
A57TH5BVZMB2L,0.0,4.0,0.0,1.0,0.0,1.0,1
A5834FSAH2HZQ,0.0,5.0,0.0,1.0,1.0,1.0,1
A58HIMN3EW2NN,0.0,5.0,0.0,1.0,1.0,1.0,1
A58N07M0ZCYMB,0.0,5.0,0.0,1.0,1.0,1.0,1
A59BC7H4T874H,0.0,3.0,0.0,1.0,0.0,0.0,1
A5A4374R8I7NB,0.43067655807339306,4.5,0.7071067811865476,0.5693234419266069,0.5,1.0,2
A5BB2IEW4LRGP,0.0,3.0,0.0,1.0,0.0,0.0,1
A5BR77YAIE341,0.0,5.0,0.0,1.0,1.0,1.0,1
A5ESSBL2PIQBD,0.0,1.0,0.0,1.0,0.0,0.0,1
A5F4K8GULBUYL,0.0,5.0,0.0,1.0,1.0,1.0,1
A5I75Q8VR91XE,0.0,5.0,0.0,1.0,1.0,1.0,2
A5II29J0V20A1,0.0,3.0,0.0,1.0,0.0,0.0,1
A5ITGZTKFCN65,0.0,5.0,0.0,1.0,1.0,1.0,1
A5JLAU2ARJ0BO,0.7719796553163858,3.8333333333333335,1.6020819787597222,0.2280203446836142,0.5,0.6666666666666666,6
A5JXRY7KNM1QK,0.0,4.0,0.0,1.0,0.0,1.0,1
A5KBC6M1KUIC8,0.0,5.0,0.0,1.0,1.0,1.0,1
A5KMMY627T3W,0.0,5.0,0.0,1.0,1.0,1.0,1
A5KVTBI8FA961,0.0,5.0,0.0,1.0,1.0,1.0,1
A5MCDQ60DWUEV,0.0,4.0,0.0,1.0,0.0,1.0,1
A5MHDBJKXP2ZJ,0.0,5.0,0.0,1.0,1.0,1.0,1
A5MTZTDSIBX09,0.0,5.0,0.0,1.0,1.0,1.0,1
A5NXA10HTO42S,0.0,5.0,0.0,1.0,1.0,1.0,1
A5O0P0JV6PLU3,0.0,5.0,0.0,1.0,1.0,1.0,1
A5P7STTZE2MJV,0.0,5.0,0.0,1.0,1.0,1.0,1
A5PC0I3U0OP6O,0.0,5.0,0.0,1.0,1.0,1.0,1
A5PS42VT6YVQZ,0.0,5.0,0.0,1.0,1.0,1.0,1
A5QVPEDG62HV2,0.0,4.0,0.0,1.0,0.0,1.0,1
A5R13YQNSP42J,0.0,4.0,0.0,1.0,0.0,1.0,1
A5RESRBCJXMOM,0.0,5.0,0.0,1.0,1.0,1.0,1
A5RIO7FOCJVAL,0.0,5.0,0.0,1.0,1.0,1.0,1
A5RM7VF99O19G,0.0,5.0,0.0,1.0,1.0,1.0,1
A5RX8JTDW08PT,0.0,5.0,0.0,1.0,1.0,1.0,1
A5S38CUDPMJ3H,0.0,5.0,0.0,1.0,1.0,1.0,1
A5SRH9OLR37VY,0.0,5.0,0.0,1.0,1.0,1.0,1
A5T08I564I0D5,0.0,5.0,0.0,1.0,1.0,1.0,1
A5TNBW52T92QJ,0.0,5.0,0.0,1.0,1.0,1.0,1
A5U3O5KSTUOY0,0.0,5.0,0.0,1.0,1.0,1.0,1
A5V1EF2BNERO9,0.0,5.0,0.0,1.0,1.0,1.0,1
A5V6ZDQQAARJL,0.0,5.0,0.0,1.0,1.0,1.0,1
A5V88D7KFLRRP,0.0,3.0,0.0,1.0,0.0,0.0,1
A5X3DVSN6XRJ1,0.0,3.0,0.0,1.0,0.0,0.0,1
A5XWJZF0L36W3,0.0,5.0,0.0,1.0,1.0,1.0,1
A5XWWZZL5NZUX,0.0,5.0,0.0,1.0,1.0,1.0,1
A5YSNNBCMLVX2,0.0,5.0,0.0,1.0,1.0,1.0,1
A5ZELOQA2OY7V,0.0,1.0,0.0,1.0,0.0,0.0,1
A5ZGJBOPDRVQL,0.0,5.0,0.0,1.0,1.0,1.0,1
A5ZX2K585HWOB,0.0,4.0,0.0,1.0,0.0,1.0,1
A601IGAG8FWGW,0.0,5.0,0.0,1.0,1.0,1.0,1
A601TLJMZ9CZN,0.0,3.0,0.0,1.0,0.0,0.0,1
A604IM2TKXONO,0.0,5.0,0.0,1.0,1.0,1.0,1
A60GRZWE1VPHV,0.0,5.0,0.0,1.0,1.0,1.0,1
A61R1DEE1MO2Q,0.0,5.0,0.0,1.0,1.0,1.0,1
A61UIWC9N8CJK,0.0,5.0,0.0,1.0,1.0,1.0,1
A6312S8QYEDED,0.0,4.0,0.0,1.0,0.0,1.0,1
A633NIAR4JJAR,0.0,5.0,0.0,1.0,1.0,1.0,1
A65VEN5RKAEA8,0.0,5.0,0.0,1.0,1.0,1.0,1
A66UH98TFR04V,0.0,2.0,0.0,1.0,0.0,0.0,1
A677O9VC9P6L9,0.0,5.0,0.0,1.0,1.0,1.0,1
A680RUE1FDO8B,0.0,5.0,0.0,1.0,1.0,1.0,1
A697GVG73H314,0.0,5.0,0.0,1.0,1.0,1.0,1
A69HUWNHTPGA7,0.0,3.0,0.0,1.0,0.0,0.0,1
A69YFKRRIOG19,0.0,5.0,0.0,1.0,1.0,1.0,1
A69Z3F9A2ILNP,0.0,5.0,0.0,1.0,1.0,1.0,1
A6CT51FUL6UT8,0.0,4.0,0.0,1.0,0.0,1.0,1
A6CXO60VYUKL9,0.0,5.0,0.0,1.0,1.0,1.0,1
A6DUQDX4B2KVI,0.0,5.0,0.0,1.0,1.0,1.0,1
A6EFPNEQVKUUJ,0.0,1.0,0.0,1.0,0.0,0.0,1
A6F8NBS48AKJ9,0.0,4.0,0.0,1.0,0.0,1.0,1
A6FGKXU6ZPW64,0.0,5.0,0.0,1.0,1.0,1.0,1
A6FIAB28IS79,0.7800750283556902,3.75,1.164964745021435,0.2199249716443098,0.375,0.5,8
A6G3U9XJ8JCZM,0.0,5.0,0.0,1.0,1.0,1.0,1
A6G5VWEJWRTQ9,0.0,4.0,0.0,1.0,0.0,1.0,1
A6GDUWATWOH8B,0.0,5.0,0.0,1.0,1.0,1.0,1
A6GSTJCNZY4IW,0.0,5.0,0.0,1.0,1.0,1.0,1
A6GYEDCEU2LKG,0.0,5.0,0.0,1.0,1.0,1.0,1
A6H2C3IPC0J9Q,0.0,5.0,0.0,1.0,1.0,1.0,1
A6HIYEJGCE1MA,0.0,5.0,0.0,1.0,1.0,1.0,1
A6HW4G2S68KGV,0.0,5.0,0.0,1.0,1.0,1.0,1
A6ILK3FXYH595,0.0,5.0,0.0,1.0,1.0,1.0,1
A6IT5UZHEBA02,0.0,5.0,0.0,1.0,1.0,1.0,1
A6J4ESHKQ1H3,0.0,1.0,0.0,1.0,0.0,0.0,1
A6J8D9V5S9MBE,0.0,5.0,0.0,1.0,1.0,1.0,1
A6JEVJCN12Z44,0.0,4.0,0.0,1.0,0.0,1.0,1
A6K6N2LXDS32B,0.0,4.0,0.0,1.0,0.0,1.0,1
A6KRB71JYJRBT,0.0,5.0,0.0,1.0,1.0,1.0,1
A6MA0VVEUCEVQ,0.0,4.0,0.0,1.0,0.0,1.0,1
A6MB1MKAGJ3G4,0.0,4.0,0.0,1.0,0.0,1.0,1
A6NBOKCU9JHHC,0.0,5.0,0.0,1.0,1.0,1.0,1
A6NZ93XM5N1DJ,0.0,2.0,0.0,1.0,0.0,0.0,1
A6O19PVPF8YDM,0.0,5.0,0.0,1.0,1.0,1.0,1
A6RZG1711OSGT,0.0,5.0,0.0,1.0,1.0,1.0,1
A6S1IS2P44QEE,0.0,5.0,0.0,1.0,1.0,1.0,1
A6T02WJLLG3X6,0.0,5.0,0.0,1.0,1.0,1.0,1
A6TBR6L2D4XKC,0.0,5.0,0.0,1.0,1.0,1.0,1
A6TWN9W9WSAV0,0.0,4.0,0.0,1.0,0.0,1.0,1
A6U34RDGWDAP0,0.0,5.0,0.0,1.0,1.0,1.0,1
A6UONSUT6D70X,0.0,1.0,0.0,1.0,0.0,0.0,1
A6VFSC0BW75Y0,0.0,2.0,0.0,1.0,0.0,0.0,1
A6VPIOPMDJ8H7,0.0,4.0,0.0,1.0,0.0,1.0,1
A6VPK7X53QNAQ,0.0,5.0,0.0,1.0,1.0,1.0,1
A6VXZ1EEPRTLV,0.0,5.0,0.0,1.0,1.0,1.0,1
A6X2M9YBL9OYY,0.0,3.0,0.0,1.0,0.0,0.0,1
A6XGIW9KSC0Y1,0.0,3.0,0.0,1.0,0.0,0.0,1
A6Y2332S1BKOH,0.0,5.0,0.0,1.0,1.0,1.0,1
A6Y8G4A9DM7VK,0.0,3.0,0.0,1.0,0.0,0.0,1
A6Z5D6RNFVHEP,0.0,4.0,0.0,1.0,0.0,1.0,1
A6ZPLVAUQ6695,0.2019854079986195,4.8,0.6324555320336761,0.7980145920013805,0.9,0.9,10
A7060R14RJF3I,0.0,4.0,0.0,1.0,0.0,1.0,1
A70WOSKH59VRE,0.0,5.0,0.0,1.0,1.0,1.0,1
A712TJ5820FAY,0.0,5.0,0.0,1.0,1.0,1.0,1
A720S06Y6KV49,0.0,1.0,0.0,1.0,0.0,0.0,1
A72KEKIG7WATK,0.0,5.0,0.0,1.0,1.0,1.0,1
A747BB4QM2SWW,0.0,5.0,0.0,1.0,1.0,1.0,1
A74HK3XXFGZ9G,0.0,2.0,0.0,1.0,0.0,0.0,1
A759KSTT9A8X8,0.0,5.0,0.0,1.0,1.0,1.0,1
A75IYBN6J0SQ5,0.43067655807339306,3.5,2.1213203435596424,0.5693234419266069,0.5,0.5,2
A75MTT7XI4B02,0.0,5.0,0.0,1.0,1.0,1.0,1
A75XLNYQN0QRW,0.0,5.0,0.0,1.0,1.0,1.0,1
A7696ALS0LKSV,0.0,5.0,0.0,1.0,1.0,1.0,1
A76DRAEKZTT62,0.0,5.0,0.0,1.0,1.0,1.0,1
A76H3TUHMOA8K,0.0,5.0,0.0,1.0,1.0,1.0,1
A77JQQU1TKPR3,0.0,4.0,0.0,1.0,0.0,1.0,1
A77R969THZFH7,0.0,2.0,0.0,1.0,0.0,0.0,1
A7829CRHD25WU,0.0,4.0,0.0,1.0,0.0,1.0,1
A78J38NU18DDZ,0.0,4.0,0.0,1.0,0.0,1.0,1
A7958QGR5LEDZ,0.0,5.0,0.0,1.0,1.0,1.0,1
A79ZK3ZJ82G7Z,0.0,5.0,0.0,1.0,1.0,1.0,1
A7A01Y50214JY,0.0,2.0,0.0,1.0,0.0,0.0,1
A7DVK8H0OEA26,0.0,5.0,0.0,1.0,1.0,1.0,1
A7EC1AKLPAEY,0.0,1.0,0.0,1.0,0.0,0.0,1
A7ED6BJO320TG,0.0,4.0,0.0,1.0,0.0,1.0,1
A7EVWY97FPSIA,0.0,5.0,0.0,1.0,1.0,1.0,1
A7GHK7TAXIH1W,0.0,4.0,0.0,1.0,0.0,1.0,1
A7HEVWKSWUSI4,0.0,4.0,0.0,1.0,0.0,1.0,1
A7HPQEWKPSFJ6,0.0,4.0,0.0,1.0,0.0,1.0,1
A7HY1CEDK0204,0.0,3.0,0.0,1.0,0.0,0.0,1
A7I3WFZE31KAZ,0.0,5.0,0.0,1.0,1.0,1.0,1
A7I6IEAQZIT9D,0.0,5.0,0.0,1.0,1.0,1.0,1
A7IKOAH6M8WAC,0.0,5.0,0.0,1.0,1.0,1.0,2
A7J1N0NCJEDFI,0.0,5.0,0.0,1.0,1.0,1.0,1
A7J1NJ0YQOBTZ,0.0,2.0,0.0,1.0,0.0,0.0,1
A7JDRR7KJA6HG,0.0,4.0,0.0,1.0,0.0,1.0,1
A7JGEKN140F4S,0.43067655807339306,3.5,2.1213203435596424,0.5693234419266069,0.5,0.5,2
A7JK2LY3CHJ2H,0.0,5.0,0.0,1.0,1.0,1.0,1
A7JQDI5K9XZY8,0.0,3.0,0.0,1.0,0.0,0.0,1
A7KEXYO4RMXBP,0.0,5.0,0.0,1.0,1.0,1.0,1
A7LUFZI7XDT9Z,0.0,5.0,0.0,1.0,1.0,1.0,1
A7LVTP7N6Q9Q1,0.0,4.0,0.0,1.0,0.0,1.0,1
A7MKO11ZX97G4,0.0,1.0,0.0,1.0,0.0,0.0,1
A7MN8VRWL2JOK,0.0,4.0,0.0,1.0,0.0,1.0,1
A7N1JRLTA65IE,0.0,5.0,0.0,1.0,1.0,1.0,1
A7NZKPZBCYBV9,0.0,3.0,0.0,1.0,0.0,0.0,1
A7OAAZPLNSMXJ,0.0,5.0,0.0,1.0,1.0,1.0,1
A7OR8OWWGK55W,0.0,2.0,0.0,1.0,0.0,0.0,1
A7PO38C64X6HB,0.0,3.0,0.0,1.0,0.0,0.0,1
A7Q5OECQBQA6F,0.0,5.0,0.0,1.0,1.0,1.0,1
A7R4R9THNELTP,0.0,5.0,0.0,1.0,1.0,1.0,1
A7R9S61MMVO2H,0.0,5.0,0.0,1.0,1.0,1.0,1
A7RJ19XG5PDRU,0.0,4.0,0.0,1.0,0.0,1.0,1
A7RV1KU5O0II9,0.43067655807339306,4.5,0.5773502691896257,0.5693234419266069,0.5,1.0,4
A7S2B0I67WNWB,0.0,4.0,0.0,1.0,0.0,1.0,1
A7SXKE8X1ZZ21,0.0,5.0,0.0,1.0,1.0,1.0,1
A7T67XA3U5J8B,0.0,5.0,0.0,1.0,1.0,1.0,1
A7T9AXIM5XG3E,0.0,5.0,0.0,1.0,1.0,1.0,1
A7V2BYVR7KUF0,0.0,3.0,0.0,1.0,0.0,0.0,1
A7V9WIUIB02OI,0.0,4.0,0.0,1.0,0.0,1.0,1
A7WM1RJQQ68AR,0.0,4.0,0.0,1.0,0.0,1.0,1
A7X0X400YR4W2,0.0,5.0,0.0,1.0,1.0,1.0,1
A7Y2RAZZRFVI3,0.0,5.0,0.0,1.0,1.0,1.0,1
A7Y4EVU8LZ7FV,0.0,5.0,0.0,1.0,1.0,1.0,1
A7Y64ICNNWLZ2,0.0,5.0,0.0,1.0,1.0,1.0,1
A7Y6AVS576M03,0.31091750708257115,4.8,0.44721359549995787,0.6890824929174288,0.8,1.0,5
A7YKQRCRPPCMU,0.0,5.0,0.0,1.0,1.0,1.0,1
A7ZADIMTO4XG8,0.0,5.0,0.0,1.0,1.0,1.0,1
A7ZKJ86MUO5JS,0.0,2.0,0.0,1.0,0.0,0.0,1
A7ZVK3V3S35CF,0.0,5.0,0.0,1.0,1.0,1.0,1
A80DXXEKX12RI,0.43067655807339306,4.5,0.7071067811865476,0.5693234419266069,0.5,1.0,2
A80SFDVGOCBU8,0.0,4.0,0.0,1.0,0.0,1.0,1
A810PNCBZXIYJ,0.0,5.0,0.0,1.0,1.0,1.0,1
A81LEWNPJ49WO,0.0,1.0,0.0,1.0,0.0,0.0,1
A81NVWL4MMVT8,0.0,4.0,0.0,1.0,0.0,1.0,1
A823L2YB2FKBC,0.0,5.0,0.0,1.0,1.0,1.0,1
A833B463ZZJT7,0.0,5.0,0.0,1.0,1.0,1.0,1
A83BIO3AO15LQ,0.0,1.0,0.0,1.0,0.0,0.0,1
A83N14T7FQV82,0.0,2.0,0.0,1.0,0.0,0.0,1
A84O215CIZY6W,0.0,5.0,0.0,1.0,1.0,1.0,1
A850S0PK7OMFU,0.0,5.0,0.0,1.0,1.0,1.0,1
A85PGE2FRU7J8,0.0,5.0,0.0,1.0,1.0,1.0,1
A87CILADRIZW0,0.0,5.0,0.0,1.0,1.0,1.0,1
A87N6UTYA6NOB,0.0,5.0,0.0,1.0,1.0,1.0,1
A87W2NKSYDMD6,0.0,4.0,0.0,1.0,0.0,1.0,1
A88AV20XJ5X60,0.0,5.0,0.0,1.0,1.0,1.0,1
A88WV7924NGXQ,0.0,1.0,0.0,1.0,0.0,0.0,1
A88XPSZ26G6TG,0.0,5.0,0.0,1.0,1.0,1.0,1
A893NEHDW6NOL,0.0,5.0,0.0,1.0,1.0,1.0,1
A897O2C4YYKIA,0.0,5.0,0.0,1.0,1.0,1.0,1
A89ZZKNDFQH23,0.0,5.0,0.0,1.0,1.0,1.0,1
A8AIHHQ300K0Q,0.0,5.0,0.0,1.0,1.0,1.0,1
A8AK2HEXCZN4Q,0.0,5.0,0.0,1.0,1.0,1.0,1
A8B29NA6R2E6Z,0.0,5.0,0.0,1.0,1.0,1.0,1
A8BGFC6VK46OW,0.0,2.0,0.0,1.0,0.0,0.0,1
A8BW6F16DEZOZ,0.0,5.0,0.0,1.0,1.0,1.0,1
A8BZEB7HYFLKF,0.0,5.0,0.0,1.0,1.0,1.0,1
A8C4VSOYHV7BY,0.0,3.0,0.0,1.0,0.0,0.0,1
A8CIFOCCN9G1P,0.0,5.0,0.0,1.0,1.0,1.0,1
A8DV5O0AE04R1,0.0,5.0,0.0,1.0,1.0,1.0,1
A8E0SNQFWA5TB,0.0,5.0,0.0,1.0,1.0,1.0,1
A8E6QXKIALS43,0.0,5.0,0.0,1.0,1.0,1.0,1
A8EDTKSPOMRWK,0.0,5.0,0.0,1.0,1.0,1.0,2
A8HZL68EGLI18,0.3493984702822971,4.75,0.4999999999999999,0.6506015297177029,0.75,1.0,4
A8IMDXXLZVN5M,0.0,5.0,0.0,1.0,1.0,1.0,1
A8IVR2DGBOR3Q,0.0,5.0,0.0,1.0,1.0,1.0,1
A8IXRVW6N6THX,0.0,5.0,0.0,1.0,1.0,1.0,1
A8JFL6FA9A32P,0.0,5.0,0.0,1.0,1.0,1.0,1
A8L8U91R992XJ,0.0,4.0,0.0,1.0,0.0,1.0,1
A8LEFDO3AKIJP,0.39548848910372325,3.6666666666666665,0.5773502691896258,0.6045115108962767,0.0,0.6666666666666666,3
A8M0HF1XBZLH7,0.0,3.0,0.0,1.0,0.0,0.0,1
A8MQW5B5QB3H1,0.0,5.0,0.0,1.0,1.0,1.0,1
A8O2E6UBLWWFM,0.0,5.0,0.0,1.0,1.0,1.0,2
A8OU2FHE8QWFS,0.0,5.0,0.0,1.0,1.0,1.0,2
A8PEBDJYN6B16,0.0,5.0,0.0,1.0,1.0,1.0,1
A8PLLO3D3VCTH,0.0,5.0,0.0,1.0,1.0,1.0,1
A8PW0WUVGYF9P,0.0,4.0,0.0,1.0,0.0,1.0,1
A8QA95BMLXCSU,0.0,5.0,0.0,1.0,1.0,1.0,1
A8THC8D64F5E3,0.0,4.0,0.0,1.0,0.0,1.0,1
A8TIL945EHW1U,0.0,5.0,0.0,1.0,1.0,1.0,1
A8TZ88OM8YOLW,0.0,5.0,0.0,1.0,1.0,1.0,3
A8UY3MKZ9OHDF,0.0,2.0,0.0,1.0,0.0,0.0,1
A8VNRW9OJGDV0,0.0,5.0,0.0,1.0,1.0,1.0,1
A8Y4678B5ULS9,0.0,1.0,0.0,1.0,0.0,0.0,1
A8Z12UC2IMSTR,0.0,4.0,0.0,1.0,0.0,1.0,1
A8ZDH1PO2NXBW,0.0,4.0,0.0,1.0,0.0,1.0,1
A8ZVKQT47JSH5,0.0,4.0,0.0,1.0,0.0,1.0,1
A90CJHEDYOPIW,0.0,5.0,0.0,1.0,1.0,1.0,1
A91BVZEDZYEWW,0.0,4.0,0.0,1.0,0.0,1.0,1
A91K5V1GJ9ASA,0.0,5.0,0.0,1.0,1.0,1.0,1
A91K91GJRE6OU,0.0,2.0,0.0,1.0,0.0,0.0,1
A91LOU9XGER2N,0.0,4.0,0.0,1.0,0.0,1.0,1
A920ZPU0N924N,0.0,4.0,0.0,1.0,0.0,1.0,1
A928NXDJXHVS8,0.43067655807339306,2.5,2.1213203435596424,0.5693234419266069,0.0,0.5,2
A93EEI4KTK5ZG,0.0,5.0,0.0,1.0,1.0,1.0,1
A93JRHV3FRSZP,0.0,5.0,0.0,1.0,1.0,1.0,1
A94EFB6F2WH98,0.0,5.0,0.0,1.0,1.0,1.0,1
A94GCTI3VMYKY,0.0,5.0,0.0,1.0,1.0,1.0,1
A94O1XOG5H69F,0.0,4.0,0.0,1.0,0.0,1.0,1
A94SPCQ65L2SL,0.0,5.0,0.0,1.0,1.0,1.0,1
A954QD0JVPDYF,0.0,5.0,0.0,1.0,1.0,1.0,1
A95PWI4S6WHGL,0.0,4.0,0.0,1.0,0.0,1.0,1
A969VLBBX8LQ7,0.0,4.0,0.0,1.0,0.0,1.0,1
A96AON1A885W9,0.0,4.0,0.0,1.0,0.0,1.0,1
A96K1ZGW56S2I,0.0,5.0,0.0,1.0,1.0,1.0,1
A974M938BZ9HE,0.0,1.0,0.0,1.0,0.0,0.0,1
A98EMXHC6883S,0.0,5.0,0.0,1.0,1.0,1.0,1
A98VFCJP80FD5,0.0,3.0,0.0,1.0,0.0,0.0,1
A99C0X6M72RM3,0.0,4.0,0.0,1.0,0.0,1.0,1
A99D8N0YVVDOC,0.0,5.0,0.0,1.0,1.0,1.0,1
A99K7S15XOQ45,0.0,4.0,0.0,1.0,0.0,1.0,1
A99TMXJYXUL55,0.0,3.0,0.0,1.0,0.0,0.0,1
A9A0W7JKT1ORD,0.0,5.0,0.0,1.0,1.0,1.0,1
A9A673ZJS3ZGI,0.0,4.0,0.0,1.0,0.0,1.0,1
A9AVOPGTAWJ1K,0.0,2.0,0.0,1.0,0.0,0.0,1
A9AZJGWMDJ7SR,0.0,5.0,0.0,1.0,1.0,1.0,1
A9B2MKOXU1GSD,0.0,4.0,0.0,1.0,0.0,1.0,1
A9BKIPTBOUDSV,0.0,3.0,0.0,1.0,0.0,0.0,1
A9BVHFGX28SNZ,0.43067655807339306,4.5,0.7071067811865476,0.5693234419266069,0.5,1.0,2
A9D6Y6RL8ILK4,0.0,5.0,0.0,1.0,1.0,1.0,1
A9D87WNSGOGLW,0.0,5.0,0.0,1.0,1.0,1.0,1
A9DC2VSSE1HT0,0.0,5.0,0.0,1.0,1.0,1.0,1
A9DW3IODLLHJG,0.0,5.0,0.0,1.0,1.0,1.0,1
A9DZGSTEJFOP3,0.0,5.0,0.0,1.0,1.0,1.0,1
A9E7XZEMW0K9V,0.39548848910372325,3.6666666666666665,1.1547005383792515,0.6045115108962767,0.3333333333333333,0.3333333333333333,3
A9EDWX9SR4XT6,0.0,5.0,0.0,1.0,1.0,1.0,1
A9ELHLPXF7JKD,0.0,3.0,0.0,1.0,0.0,0.0,1
A9HYSJ3D0D6I2,0.0,3.0,0.0,1.0,0.0,0.0,1
A9II2162E3NEN,0.0,5.0,0.0,1.0,1.0,1.0,1
A9IP685WQXGQ2,0.0,3.0,0.0,1.0,0.0,0.0,1
A9J3LMY955WKJ,0.0,4.0,0.0,1.0,0.0,1.0,1
A9JA9GJKHLHJ9,0.0,5.0,0.0,1.0,1.0,1.0,1
A9JDOM7L4EML9,0.0,5.0,0.0,1.0,1.0,1.0,1
A9K181D47VK5H,0.0,5.0,0.0,1.0,1.0,1.0,1
A9KOC3PXLXYSB,0.0,5.0,0.0,1.0,1.0,1.0,1
A9LJG3K5TEVPB,0.0,1.0,0.0,1.0,0.0,0.0,1
A9LLNBBOASWCS,0.0,4.0,0.0,1.0,0.0,1.0,1
A9LRAZ5B8377G,0.0,5.0,0.0,1.0,1.0,1.0,1
A9LYDGQCOZ3LV,0.0,5.0,0.0,1.0,1.0,1.0,1
A9MF6OT936TOB,0.0,5.0,0.0,1.0,1.0,1.0,1
A9MGHMVZMJL9Y,0.0,3.0,0.0,1.0,0.0,0.0,1
A9O6AL247M1F6,0.0,5.0,0.0,1.0,1.0,1.0,1
A9P4Q7KX35RS2,0.0,5.0,0.0,1.0,1.0,1.0,1
A9P7T0ZHR3FCH,0.0,5.0,0.0,1.0,1.0,1.0,1
A9PYOVIOGN5JL,0.0,3.0,0.0,1.0,0.0,0.0,1
A9Q66U9SCV3Q9,0.0,5.0,0.0,1.0,1.0,1.0,1
A9QBZ7DXWWXNX,0.0,5.0,0.0,1.0,1.0,1.0,1
A9R1940MBF122,0.0,4.0,0.0,1.0,0.0,1.0,1
A9SSQJ46YXCHY,0.0,5.0,0.0,1.0,1.0,1.0,1
A9TQQPUD6IW4R,0.0,3.0,0.0,1.0,0.0,0.0,1
A9TXYI2PBV0U1,0.0,5.0,0.0,1.0,1.0,1.0,1
A9U1BQILTMSMM,0.0,5.0,0.0,1.0,1.0,1.0,3
A9U3398HENJBM,0.0,5.0,0.0,1.0,1.0,1.0,1
A9UQZFBHHJ17J,0.0,5.0,0.0,1.0,1.0,1.0,1
A9V1ACRKPKQWT,0.0,2.0,0.0,1.0,0.0,0.0,1
A9WFV9DEWY4S0,0.0,4.0,0.0,1.0,0.0,1.0,1
A9X950RNKST4P,0.0,3.0,0.0,1.0,0.0,0.0,1
A9Y5O2R4D6EH5,0.0,4.0,0.0,1.0,0.0,1.0,1
A9Y70VN7AHQMT,0.0,5.0,0.0,1.0,1.0,1.0,1
A9YD1S6VJJMOV,0.0,1.0,0.0,1.0,0.0,0.0,1
A9ZV2N6JTI8BF,0.0,5.0,0.0,1.0,1.0,1.0,1
AA0IWAA89O93S,0.0,5.0,0.0,1.0,1.0,1.0,1
AA0YPCLUF78B4,0.0,4.0,0.0,1.0,0.0,1.0,1
AA26J206CPKWP,0.0,5.0,0.0,1.0,1.0,1.0,1
AA2SVPVU0LQTK,0.0,5.0,0.0,1.0,1.0,1.0,1
AA4O1ZUMQ6IGG,0.0,4.0,0.0,1.0,0.0,1.0,1
AA63DLG8HJ2JQ,0.0,5.0,0.0,1.0,1.0,1.0,1
AA66O1V57XZX7,0.0,5.0,0.0,1.0,1.0,1.0,1
AA6956HVSVG1T,0.0,5.0,0.0,1.0,1.0,1.0,1
AA6BJGZG6XI05,0.0,5.0,0.0,1.0,1.0,1.0,1
AA70BU7RTBOMM,0.0,4.0,0.0,1.0,0.0,1.0,1
AA75INOMAHULX,0.0,5.0,0.0,1.0,1.0,1.0,2
AA797LFUG2ZGS,0.0,3.0,0.0,1.0,0.0,0.0,1
AA7P2NEC94K79,0.0,4.0,0.0,1.0,0.0,1.0,1
AA81KFW4X8UIH,0.0,5.0,0.0,1.0,1.0,1.0,1
AA8JH8LD2H4P9,0.0,5.0,0.0,1.0,1.0,1.0,1
AA8ORMR10LFCQ,0.43067655807339306,4.5,0.7071067811865476,0.5693234419266069,0.5,1.0,2
AA8RBTN3J2F5H,0.0,4.0,0.0,1.0,0.0,1.0,1
AA91O96C1Z18W,0.0,3.0,0.0,1.0,0.0,0.0,1
AA9FDKGOIAYH3,0.0,4.0,0.0,1.0,0.0,1.0,3
AA9PPYMDF4M4Q,0.0,5.0,0.0,1.0,1.0,1.0,1
AAAI5A49L3MKG,0.0,5.0,0.0,1.0,1.0,1.0,1
AAC2WU7ESKOC2,0.0,4.0,0.0,1.0,0.0,1.0,1
AACK5P7QALJ7O,0.0,3.0,0.0,1.0,0.0,0.0,1
AACKRUEFSCZOW,0.0,5.0,0.0,1.0,1.0,1.0,1
AAEEXHRP4QBQ1,0.0,5.0,0.0,1.0,1.0,1.0,1
AAEVGE52KL0DJ,0.0,3.0,0.0,1.0,0.0,0.0,1
AAFI4N3QKPBOD,0.0,5.0,0.0,1.0,1.0,1.0,1
AAFIE0FF7B95V,0.0,5.0,0.0,1.0,1.0,1.0,1
AAHQAFQ81K7BB,0.0,5.0,0.0,1.0,1.0,1.0,1
AAHZ6JPL2S8YA,0.0,5.0,0.0,1.0,1.0,1.0,1
AAJIGWE242MSN,0.0,4.0,0.0,1.0,0.0,1.0,1
AAJOV2S9O7OO,0.0,1.0,0.0,1.0,0.0,0.0,1
AAK7M9P1GEYWV,0.0,2.0,0.0,1.0,0.0,0.0,1
AAKI8WZID60DS,0.0,4.0,0.0,1.0,0.0,1.0,1
AALVOR2JKHN5Q,0.0,5.0,0.0,1.0,1.0,1.0,1
AAM84K1RZPF1B,0.0,4.0,0.0,1.0,0.0,1.0,1
AAN6SCMSOCVM1,0.0,5.0,0.0,1.0,1.0,1.0,1
AANSPH7B2AT7X,0.0,1.0,0.0,1.0,0.0,0.0,1
AAO47M51C3J98,0.0,5.0,0.0,1.0,1.0,1.0,1
AAONZ50U9K7NW,0.0,5.0,0.0,1.0,1.0,1.0,1
AAPFN1BADMWMC,0.0,4.0,0.0,1.0,0.0,1.0,2
AAPW9O14YB64T,0.0,1.0,0.0,1.0,0.0,0.0,1
AAR7CEPXYJA0T,0.0,2.0,0.0,1.0,0.0,0.0,1
AARIIW46OO6LA,0.0,1.0,0.0,1.0,0.0,0.0,1
AARTRGFVZ9LXG,0.0,4.0,0.0,1.0,0.0,1.0,1
AARTX8A7CN0PB,0.0,4.0,0.0,1.0,0.0,1.0,1
AASSDFY9K6G2T,0.43067655807339306,4.0,1.4142135623730951,0.5693234419266069,0.5,0.5,2
AATOKZ7EFZARA,0.0,5.0,0.0,1.0,1.0,1.0,1
AAUXZRNDAPH2D,0.0,4.0,0.0,1.0,0.0,1.0,1
AAVSIY28BPKGV,0.0,3.0,0.0,1.0,0.0,0.0,1
AAVSL38E1GU2L,0.0,5.0,0.0,1.0,1.0,1.0,1
AAW4JYVF4B845,0.0,5.0,0.0,1.0,1.0,1.0,1
AAW7X3GRD8GY9,0.0,5.0,0.0,1.0,1.0,1.0,1
AAWBS2IBQ0VAU,0.0,4.0,0.0,1.0,0.0,1.0,1
AAXG160ES9P7G,0.0,5.0,0.0,1.0,1.0,1.0,3
AAXR90I3IASEE,0.0,4.0,0.0,1.0,0.0,1.0,1
AAYB56GHHGB6R,0.0,5.0,0.0,1.0,1.0,1.0,1
AAYHXW1N151V4,0.0,4.0,0.0,1.0,0.0,1.0,1
AAZ084UMH8VZ2,0.0,5.0,0.0,1.0,1.0,1.0,2
AB02B8WS2BGAL,0.0,5.0,0.0,1.0,1.0,1.0,1
AB0WO69IUZAYV,0.0,4.0,0.0,1.0,0.0,1.0,1
AB10W5FUXWAJ,0.39548848910372325,4.666666666666667,0.5773502691896257,0.6045115108962767,0.6666666666666666,1.0,3
AB1Y8Z50EPV46,0.0,5.0,0.0,1.0,1.0,1.0,1
AB1ZVQRM965R1,0.0,5.0,0.0,1.0,1.0,1.0,1
AB2PV7PVCSMT2,0.0,5.0,0.0,1.0,1.0,1.0,1
AB2U893HHHG74,0.39548848910372325,4.666666666666667,0.5773502691896258,0.6045115108962767,0.6666666666666666,1.0,3
AB31FF0JMPOUP,0.0,5.0,0.0,1.0,1.0,1.0,1
AB33ZRXEBG41L,0.0,5.0,0.0,1.0,1.0,1.0,1
AB3FHZTL3VGFU,0.0,1.0,0.0,1.0,0.0,0.0,1
AB42YRI44M2YH,0.0,4.0,0.0,1.0,0.0,1.0,1
AB5E23ZV79CVZ,0.0,4.0,0.0,1.0,0.0,1.0,1
AB5JSX3CBBAIB,0.0,5.0,0.0,1.0,1.0,1.0,1
AB5S5DS16EVMJ,0.0,5.0,0.0,1.0,1.0,1.0,1
AB6KW0XLW1MR7,0.0,1.0,0.0,1.0,0.0,0.0,1
AB76THS0IXKAQ,0.0,1.0,0.0,1.0,0.0,0.0,1
AB7DR7FWLMGZ9,0.0,1.0,0.0,1.0,0.0,0.0,1
AB7IX02UYHG2Y,0.0,4.0,0.0,1.0,0.0,1.0,1
AB8AYATYO2EQ0,0.0,5.0,0.0,1.0,1.0,1.0,1
ABAW1TNE54PJ8,0.0,5.0,0.0,1.0,1.0,1.0,1
ABAXZYRBJ7KUT,0.0,5.0,0.0,1.0,1.0,1.0,1
ABB3GDPNS9TVW,0.0,5.0,0.0,1.0,1.0,1.0,1
ABC68JUCPTVOE,0.0,2.0,0.0,1.0,0.0,0.0,1
ABDAL1JFCZSH6,0.0,5.0,0.0,1.0,1.0,1.0,1
ABDX7H5LA2IB0,0.0,5.0,0.0,1.0,1.0,1.0,1
ABDZCVPQVRPX5,0.0,5.0,0.0,1.0,1.0,1.0,1
ABGBROXAT83JH,0.0,5.0,0.0,1.0,1.0,1.0,1
ABGD4FXC1AJPJ,0.0,3.0,0.0,1.0,0.0,0.0,1
ABKHKGA3OVZ05,0.0,1.0,0.0,1.0,0.0,0.0,1
ABKYBNND374AW,0.0,3.0,0.0,1.0,0.0,0.0,1
ABLYG410FOSK,0.0,5.0,0.0,1.0,1.0,1.0,1
ABM9CL72EGWKN,0.0,4.0,0.0,1.0,0.0,1.0,1
ABMF4UC4Z00NT,0.0,4.0,0.0,1.0,0.0,1.0,1
ABMZGK7Z5I9N0,0.0,5.0,0.0,1.0,1.0,1.0,1
ABOBJFJKCAKYH,0.0,1.0,0.0,1.0,0.0,0.0,1
ABOTQXNUBA1MM,0.0,5.0,0.0,1.0,1.0,1.0,1
ABP3SLO2TYSD5,0.0,5.0,0.0,1.0,1.0,1.0,2
ABPI1E6Y8FNAB,0.0,4.0,0.0,1.0,0.0,1.0,1
ABQ255D6JXBNV,0.0,5.0,0.0,1.0,1.0,1.0,2
ABQ5R03J5G6RB,0.0,5.0,0.0,1.0,1.0,1.0,1
ABQEDHBG91BBR,0.0,5.0,0.0,1.0,1.0,1.0,1
ABU4LUKJU2QOY,0.0,5.0,0.0,1.0,1.0,1.0,2
ABU5AVJ05TWXW,0.0,5.0,0.0,1.0,1.0,1.0,1
ABUHPSLHCHE8,0.0,5.0,0.0,1.0,1.0,1.0,1
ABUIRVLVTPFTZ,0.0,5.0,0.0,1.0,1.0,1.0,1
ABUPXRSDJLOCP,0.0,1.0,0.0,1.0,0.0,0.0,1
ABVYGB2TKBO8F,0.0,5.0,0.0,1.0,1.0,1.0,1
ABXEFUVFKQLXT,0.0,5.0,0.0,1.0,1.0,1.0,1
ABXXPF8FFZKVI,0.0,4.0,0.0,1.0,0.0,1.0,1
ABYBC49OP1MZN,0.0,5.0,0.0,1.0,1.0,1.0,1
ABZLC33PJO47S,0.0,4.0,0.0,1.0,0.0,1.0,1
AC09OIFJYTUQK,0.0,5.0,0.0,1.0,1.0,1.0,1
AC1GUNT7IBLDH,0.0,5.0,0.0,1.0,1.0,1.0,1
AC1O96M7OXGTT,0.0,4.0,0.0,1.0,0.0,1.0,1
AC1SOWF86U4IJ,0.0,3.0,0.0,1.0,0.0,0.0,1
AC2SMT7WEOBQM,0.0,1.0,0.0,1.0,0.0,0.0,1
AC3R6XWQYOYFM,0.0,5.0,0.0,1.0,1.0,1.0,1
AC4BQYY52RRRQ,0.0,3.0,0.0,1.0,0.0,0.0,1
AC5AGZTLM3QO,0.0,5.0,0.0,1.0,1.0,1.0,1
AC5OU76YOTP4F,0.0,2.0,0.0,1.0,0.0,0.0,1
AC63G8TNC9UMO,0.0,5.0,0.0,1.0,1.0,1.0,1
AC6YL9O8P14E8,0.0,5.0,0.0,1.0,1.0,1.0,1
AC84VPM3281GV,0.0,5.0,0.0,1.0,1.0,1.0,2
AC8C9PT59CDW1,0.43067655807339306,4.5,0.7071067811865476,0.5693234419266069,0.5,1.0,2
AC8E3L5ZM01P,0.0,5.0,0.0,1.0,1.0,1.0,1
AC8PYR6RJY04M,0.0,5.0,0.0,1.0,1.0,1.0,1
AC972NOCNEICM,0.0,5.0,0.0,1.0,1.0,1.0,1
ACASEIWET37PO,0.0,5.0,0.0,1.0,1.0,1.0,1
ACB499ZP5KZPZ,0.0,5.0,0.0,1.0,1.0,1.0,1
ACBBEVVSNJ32F,0.0,1.0,0.0,1.0,0.0,0.0,1
ACBNNQP87PKEY,0.0,5.0,0.0,1.0,1.0,1.0,1
ACC1SLND21RI6,0.0,5.0,0.0,1.0,1.0,1.0,1
ACC5EUH4URLUU,0.0,5.0,0.0,1.0,1.0,1.0,1
ACCFF5B6TMOOV,0.0,5.0,0.0,1.0,1.0,1.0,1
ACCUPJZUVRNT1,0.0,5.0,0.0,1.0,1.0,1.0,1
ACD8ZMA7CXVF1,0.0,5.0,0.0,1.0,1.0,1.0,1
ACDHUPAMZR7DC,0.0,5.0,0.0,1.0,1.0,1.0,1
ACDMTFO375XVZ,0.0,4.0,0.0,1.0,0.0,1.0,1
ACDUPC4QGE99F,0.3493984702822971,4.75,0.5,0.6506015297177029,0.75,1.0,4
ACGEI811KV9OY,0.0,4.0,0.0,1.0,0.0,1.0,1
ACH055GTTIGC9,0.0,4.0,0.0,1.0,0.0,1.0,1
ACH1HJAM7UIZR,0.0,5.0,0.0,1.0,1.0,1.0,1
ACH5AATZANIVL,0.0,5.0,0.0,1.0,1.0,1.0,1
ACH68ZSP1V79J,0.0,5.0,0.0,1.0,1.0,1.0,1
ACHMAK6A8MHH,0.0,4.0,0.0,1.0,0.0,1.0,1
ACHQT7HI9PFPG,0.0,5.0,0.0,1.0,1.0,1.0,1
ACIAP3IPPGK27,0.0,5.0,0.0,1.0,1.0,1.0,1
ACISLJANCZZ6L,0.0,4.0,0.0,1.0,0.0,1.0,1
ACJWRLQLI9EYZ,0.0,1.0,0.0,1.0,0.0,0.0,1
ACKFOZS2ASBAT,0.0,5.0,0.0,1.0,1.0,1.0,1
ACLU576JJXM93,0.0,4.0,0.0,1.0,0.0,1.0,1
ACMKJIW7FKAR5,0.0,5.0,0.0,1.0,1.0,1.0,1
ACMRDAKUXXN5D,0.0,5.0,0.0,1.0,1.0,1.0,1
ACNAJKU6NPDW,0.43067655807339306,4.0,1.4142135623730951,0.5693234419266069,0.5,0.5,2
ACNP2GG9P4WV9,0.0,5.0,0.0,1.0,1.0,1.0,1
ACPQTJE7LY531,0.0,3.0,0.0,1.0,0.0,0.0,1
ACQINODHP6L4A,0.0,5.0,0.0,1.0,1.0,1.0,1
ACQL06Y00GI08,0.0,4.0,0.0,1.0,0.0,1.0,1
ACQS5S0Q65SHV,0.0,2.0,0.0,1.0,0.0,0.0,1
ACR4A8H4J7YNA,0.0,5.0,0.0,1.0,1.0,1.0,1
ACRHIAZZ8WFDF,0.0,5.0,0.0,1.0,1.0,1.0,2
ACROMCL9HF767,0.0,5.0,0.0,1.0,1.0,1.0,1
ACRWKOL0WAT8M,0.0,4.0,0.0,1.0,0.0,1.0,1
ACSCECQJQNT5I,0.0,2.0,0.0,1.0,0.0,0.0,1
ACSNZDXNUXSDB,0.43067655807339306,4.5,0.7071067811865476,0.5693234419266069,0.5,1.0,2
ACT1EPHFS9E7V,0.0,5.0,0.0,1.0,1.0,1.0,2
ACW97PWU2VO5D,0.0,5.0,0.0,1.0,1.0,1.0,1
ACXBG5KP3VP35,0.0,5.0,0.0,1.0,1.0,1.0,1
AD08RQDB441D,0.0,5.0,0.0,1.0,1.0,1.0,1
AD0VA39FRVNKN,0.0,5.0,0.0,1.0,1.0,1.0,1
AD1QSUQBQ7PS7,0.0,5.0,0.0,1.0,1.0,1.0,1
AD20KMDUDP5EF,0.0,5.0,0.0,1.0,1.0,1.0,1
AD2KEOIA6BSUZ,0.0,2.0,0.0,1.0,0.0,0.0,1
AD2LQ9E9N6Y48,0.0,5.0,0.0,1.0,1.0,1.0,1
AD3EX5UG7UZPB,0.0,1.0,0.0,1.0,0.0,0.0,1
AD3L2C20LB7EP,0.0,5.0,0.0,1.0,1.0,1.0,1
AD3PVF4GNKD4I,0.0,5.0,0.0,1.0,1.0,1.0,1
AD3VW9VRW7MMB,0.0,4.0,0.0,1.0,0.0,1.0,1
AD4XKDR0MD7JO,0.43067655807339306,3.0,1.4142135623730951,0.5693234419266069,0.0,0.5,2
AD50TWQOM8W4G,0.0,5.0,0.0,1.0,1.0,1.0,6
AD5E41KLIJGG2,0.0,5.0,0.0,1.0,1.0,1.0,1
AD6XZ8L68MFNU,0.0,5.0,0.0,1.0,1.0,1.0,1
AD73VMNYB8XVX,0.0,5.0,0.0,1.0,1.0,1.0,1
AD7PVSLW69R4F,0.0,5.0,0.0,1.0,1.0,1.0,1
AD8DLOGHAXL,0.0,4.0,0.0,1.0,0.0,1.0,1
ADA48QJRB4NZ0,0.0,5.0,0.0,1.0,1.0,1.0,1
ADAAXJNRTTX0D,0.0,5.0,0.0,1.0,1.0,1.0,3
ADALY60T9TBX2,0.0,3.0,0.0,1.0,0.0,0.0,1
ADAYT4YDXRSGY,0.0,5.0,0.0,1.0,1.0,1.0,1
ADBVNJLWZ4IT0,0.0,2.0,0.0,1.0,0.0,0.0,1
ADCR5CY3S9AQW,0.0,3.0,0.0,1.0,0.0,0.0,1
ADD6H83G26BIW,0.0,4.0,0.0,1.0,0.0,1.0,1
ADDWD385E3MD5,0.0,4.0,0.0,1.0,0.0,1.0,1
ADE5RJ2I12LZ6,0.0,3.0,0.0,1.0,0.0,0.0,1
ADEF2TC6C3ART,0.0,5.0,0.0,1.0,1.0,1.0,1
ADF86HAB3K6EF,0.0,2.0,0.0,1.0,0.0,0.0,1
ADG1I43JFC7YX,0.43067655807339306,4.5,0.7071067811865476,0.5693234419266069,0.5,1.0,2
ADGRGGF9V645P,0.0,5.0,0.0,1.0,1.0,1.0,1
ADH0XCEQ0TXHL,0.0,5.0,0.0,1.0,1.0,1.0,1
ADH8L5MBPXQGK,0.0,5.0,0.0,1.0,1.0,1.0,1
ADHABLMCBV9CG,0.0,1.0,0.0,1.0,0.0,0.0,1
ADHS2PU94QURO,0.0,3.0,0.0,1.0,0.0,0.0,1
ADIA0K5LUGSYF,0.0,1.0,0.0,1.0,0.0,0.0,1
ADIEPB0AZ4RHE,0.0,5.0,0.0,1.0,1.0,1.0,1
ADIIDEMF3LB1,0.0,3.0,0.0,1.0,0.0,0.0,1
ADKYANLVMPKSC,0.0,4.0,0.0,1.0,0.0,1.0,1
ADL66OTVQYDIC,0.0,5.0,0.0,1.0,1.0,1.0,1
ADLVFFE4VBT8,0.0,4.0,0.0,1.0,0.0,1.0,1
ADMG20HK1BEO7,0.0,2.0,0.0,1.0,0.0,0.0,1
ADMO37GU8F7DB,0.0,5.0,0.0,1.0,1.0,1.0,1
ADMWYMH11LD27,0.0,5.0,0.0,1.0,1.0,1.0,1
ADNDDTNOTZFXP,0.0,5.0,0.0,1.0,1.0,1.0,1
ADNV4SOGOMZXP,0.43067655807339306,3.0,2.8284271247461903,0.5693234419266069,0.5,0.5,2
ADOBXF9W3UUKN,0.0,4.0,0.0,1.0,0.0,1.0,1
ADOD2HZ0YM7HC,0.0,5.0,0.0,1.0,1.0,1.0,1
ADOR3TR7GDF68,0.43067655807339306,2.0,1.4142135623730951,0.5693234419266069,0.0,0.0,2
ADP6XSD5E4R4G,0.0,4.0,0.0,1.0,0.0,1.0,1
ADP8ROI8NMNL2,0.0,5.0,0.0,1.0,1.0,1.0,1
ADP9OKUYOSYCW,0.0,4.0,0.0,1.0,0.0,1.0,2
ADQ073QJ0E5TK,0.0,5.0,0.0,1.0,1.0,1.0,1
ADQ0T89TVMRJU,0.0,5.0,0.0,1.0,1.0,1.0,1
ADQBX8UHKX7AJ,0.0,4.0,0.0,1.0,0.0,1.0,1
ADQCC6Y5SCLK5,0.0,5.0,0.0,1.0,1.0,1.0,1
ADQEM4CCLH7FB,0.0,3.0,0.0,1.0,0.0,0.0,1
ADR6157NMQOTV,0.0,3.0,0.0,1.0,0.0,0.0,1
ADR6SKFTGZAYX,0.0,5.0,0.0,1.0,1.0,1.0,1
ADS4GVLF8HIFU,0.0,5.0,0.0,1.0,1.0,1.0,1
ADSO1F9K7ZD1F,0.0,5.0,0.0,1.0,1.0,1.0,1
ADTODK0KIOYLP,0.0,5.0,0.0,1.0,1.0,1.0,1
ADTOR4IQAYC2G,0.0,5.0,0.0,1.0,1.0,1.0,1
ADTRPBYXKK8BE,0.0,5.0,0.0,1.0,1.0,1.0,1
ADV3UP462OAFS,0.0,5.0,0.0,1.0,1.0,1.0,1
ADWC6B49QR30H,0.0,1.0,0.0,1.0,0.0,0.0,1
ADWCBZ7G4O7AV,0.0,5.0,0.0,1.0,1.0,1.0,1
ADWUJZ8865J2A,0.0,5.0,0.0,1.0,1.0,1.0,2
ADWWA7EWO2XP0,0.0,5.0,0.0,1.0,1.0,1.0,1
ADX6KUX4WWSJD,0.0,1.0,0.0,1.0,0.0,0.0,1
ADX81OJF8C5CF,0.0,3.0,0.0,1.0,0.0,0.0,1
ADXAE3X1HES4M,0.43067655807339306,4.5,0.7071067811865476,0.5693234419266069,0.5,1.0,2
ADXSJ9MBHM236,0.0,5.0,0.0,1.0,1.0,1.0,1
ADYRLMDROBAXW,0.0,5.0,0.0,1.0,1.0,1.0,1
ADZ84438N4VXR,0.0,5.0,0.0,1.0,1.0,1.0,1
ADZCA4OI2ZKUX,0.0,4.0,0.0,1.0,0.0,1.0,1
AE0BMVEVVU6DQ,0.0,1.0,0.0,1.0,0.0,0.0,1
AE0O1VWSOQTD1,0.43067655807339306,2.5,2.1213203435596424,0.5693234419266069,0.0,0.5,2
AE1A7BHJQ9LW2,0.0,4.0,0.0,1.0,0.0,1.0,1
AE2D68WKW23T8,0.0,5.0,0.0,1.0,1.0,1.0,1
AE38XXG3CPZ0L,0.0,5.0,0.0,1.0,1.0,1.0,1
AE3B4JNHK2AWA,0.0,5.0,0.0,1.0,1.0,1.0,1
AE3PQYXY49FJB,0.0,2.0,0.0,1.0,0.0,0.0,1
AE3S5S2B77PJX,0.0,5.0,0.0,1.0,1.0,1.0,1
AE4MCV22JSE2X,0.0,4.0,0.0,1.0,0.0,1.0,1
AE55ZYNOXOERC,0.0,4.0,0.0,1.0,0.0,1.0,1
AE5HGZPR0FLGF,0.0,4.0,0.0,1.0,0.0,1.0,1
AE5UGQ696VKHE,0.0,3.0,0.0,1.0,0.0,0.0,1
AE68I04K30VHS,0.0,3.0,0.0,1.0,0.0,0.0,1
AE6DDIKFMC2RY,0.0,5.0,0.0,1.0,1.0,1.0,1
AE7SDXRY05RW5,0.0,4.0,0.0,1.0,0.0,1.0,1
AE88D7OM7YU99,0.0,1.0,0.0,1.0,0.0,0.0,1
AE8HKSVNLQRC7,0.0,1.0,0.0,1.0,0.0,0.0,1
AE8LCUNRSTTW2,0.0,2.0,0.0,1.0,0.0,0.0,1
AE8LM3YURTAF4,0.0,5.0,0.0,1.0,1.0,1.0,1
AE95Z3K6GVIC3,0.0,4.0,0.0,1.0,0.0,1.0,1
AE9LKENEJLL79,0.0,4.0,0.0,1.0,0.0,1.0,1
AE9QWJETO90U0,0.0,5.0,0.0,1.0,1.0,1.0,1
AEBAUPOM4TF9S,0.0,4.0,0.0,1.0,0.0,1.0,1
AEBC5HHLPWMLC,0.0,5.0,0.0,1.0,1.0,1.0,1
AEC0I4XOMJJ72,0.0,3.0,0.0,1.0,0.0,0.0,1
AEC90GPFKLAAW,0.0,5.0,0.0,1.0,1.0,1.0,1
AECHEZNHB4NGA,0.0,5.0,0.0,1.0,1.0,1.0,1
AECYGE0VCQ8HB,0.0,1.0,0.0,1.0,0.0,0.0,1
AEE2GJR0VF6R7,0.43067655807339306,4.5,0.7071067811865476,0.5693234419266069,0.5,1.0,2
AEELSV9OP31KG,0.0,4.0,0.0,1.0,0.0,1.0,1
AEESSZ8F5S7X6,0.0,3.0,0.0,1.0,0.0,0.0,1
AEF4USLDQB9WG,0.0,3.0,0.0,1.0,0.0,0.0,1
AEF7CR8SNCYF2,0.0,5.0,0.0,1.0,1.0,1.0,1
AEFMWTH14ZFWT,0.0,5.0,0.0,1.0,1.0,1.0,1
AEGLY4IPD9UWP,0.0,5.0,0.0,1.0,1.0,1.0,1
AEGYIU4XJTYFN,0.0,4.0,0.0,1.0,0.0,1.0,1
AEH644IG7XZUI,0.0,5.0,0.0,1.0,1.0,1.0,1
AEH6EQL2LG02J,0.0,3.0,0.0,1.0,0.0,0.0,1
AEJAGHLC675A7,0.0,5.0,0.0,1.0,1.0,1.0,3
AEJN0RZCBNXTA,0.0,5.0,0.0,1.0,1.0,1.0,1
AEKNT5K9X1ZI1,0.0,5.0,0.0,1.0,1.0,1.0,1
AEL6CQNQXONBX,0.0,5.0,0.0,1.0,1.0,1.0,1
AELOCQI4CMQYQ,0.0,5.0,0.0,1.0,1.0,1.0,1
AELZG20XEZ427,0.0,5.0,0.0,1.0,1.0,1.0,1
AEMTCO56SDFS3,0.0,4.0,0.0,1.0,0.0,1.0,1
AEN9ZAYSCOD88,0.0,5.0,0.0,1.0,1.0,1.0,1
AEOAMS0G96E8B,0.0,4.0,0.0,1.0,0.0,1.0,1
AEPTZ4SG6U3UE,0.0,5.0,0.0,1.0,1.0,1.0,1
AEQ1DS61RJLXS,0.0,4.0,0.0,1.0,0.0,1.0,1
AEQ1H8QRESMPD,0.0,4.0,0.0,1.0,0.0,1.0,1
AEQKUNN8X67EN,0.0,5.0,0.0,1.0,1.0,1.0,1
AEQO36Q7H1RV,0.0,5.0,0.0,1.0,1.0,1.0,1
AEQR0VUFBZXUY,0.0,5.0,0.0,1.0,1.0,1.0,1
AEQTA2UFF0N1U,0.0,5.0,0.0,1.0,1.0,1.0,1
AEQZYT45D9V5R,0.0,5.0,0.0,1.0,1.0,1.0,1
AER2EZOUZSKYB,0.0,5.0,0.0,1.0,1.0,1.0,1
AERMWZDGNY8KC,0.0,4.0,0.0,1.0,0.0,1.0,1
AES2AZFVTXKBZ,0.0,1.0,0.0,1.0,0.0,0.0,1
AEU3JVTB1XJTN,0.0,3.0,0.0,1.0,0.0,0.0,1
AEUV9916W7NQM,0.43067655807339306,3.0,1.4142135623730951,0.5693234419266069,0.0,0.5,2
AEW6F162PSLDH,0.0,5.0,0.0,1.0,1.0,1.0,1
AEWYZOB8G3MBQ,0.0,2.0,0.0,1.0,0.0,0.0,1
AEX6CQEO3QZ4M,0.0,1.0,0.0,1.0,0.0,0.0,1
AEXS7M2VKYQ7D,0.0,5.0,0.0,1.0,1.0,1.0,1
AEYGX6L1KJQX,0.0,3.0,0.0,1.0,0.0,0.0,1
AEZ3CR6BKIROJ,0.0,4.0,0.0,1.0,0.0,1.0,1
AEZJTA4KDIWY8,0.43067655807339306,4.5,0.7071067811865476,0.5693234419266069,0.5,1.0,2
AF0JI4JIVNBYP,0.0,5.0,0.0,1.0,1.0,1.0,1
AF0QD2FT1ZFVH,0.0,2.0,0.0,1.0,0.0,0.0,1
AF19ZLFXCX31S,0.0,5.0,0.0,1.0,1.0,1.0,1
AF1NQ69CABFD0,0.0,5.0,0.0,1.0,1.0,1.0,1
AF290PNTO838I,0.0,5.0,0.0,1.0,1.0,1.0,1
AF4ILCVBB6V7A,0.0,2.0,0.0,1.0,0.0,0.0,1
AF55QHQTEOPF3,0.0,4.0,0.0,1.0,0.0,1.0,1
AF6SGHBCX3PUF,0.0,4.0,0.0,1.0,0.0,1.0,1
AF74VPDSL69FE,0.0,4.0,0.0,1.0,0.0,1.0,1
AF877B2COG8Y7,0.0,5.0,0.0,1.0,1.0,1.0,1
AF89PY8OK1PV5,0.0,5.0,0.0,1.0,1.0,1.0,1
AF8QRIV1ZZXDE,0.0,5.0,0.0,1.0,1.0,1.0,1
AF8XXTXR6MNL4,0.0,3.0,0.0,1.0,0.0,0.0,1
AF9TX1AH6OR65,0.0,5.0,0.0,1.0,1.0,1.0,1
AF9WWJL5J3NIU,0.0,3.0,0.0,1.0,0.0,0.0,1
AFA29LL0COYO6,0.0,5.0,0.0,1.0,1.0,1.0,1
AFADNTL25LLL8,0.0,5.0,0.0,1.0,1.0,1.0,1
AFAFH4JV0WLJX,0.0,5.0,0.0,1.0,1.0,1.0,1
AFBHHGKL81PDH,0.0,5.0,0.0,1.0,1.0,1.0,1
AFBHZ8QV4S61,0.0,3.0,0.0,1.0,0.0,0.0,1
AFC1I1MPDJXTL,0.0,5.0,0.0,1.0,1.0,1.0,1
AFCD2VYPAWKNG,0.0,5.0,0.0,1.0,1.0,1.0,1
AFD5G92D7R972,0.0,5.0,0.0,1.0,1.0,1.0,1
AFDAQD10WTBAD,0.0,5.0,0.0,1.0,1.0,1.0,1
AFDKK3Y9D445,0.0,5.0,0.0,1.0,1.0,1.0,1
AFE44U6RKH4ZL,0.0,5.0,0.0,1.0,1.0,1.0,1
AFEB0MKOWW2N7,0.0,1.0,0.0,1.0,0.0,0.0,1
AFEK14A7MNGTV,0.0,5.0,0.0,1.0,1.0,1.0,1
AFERF0ZNBKAUS,0.0,4.0,0.0,1.0,0.0,1.0,1
AFFAPZZMQI5GW,0.0,3.0,0.0,1.0,0.0,0.0,1
AFFQ5K0IT2H0L,0.0,4.0,0.0,1.0,0.0,1.0,1
AFH0V9CYF56IK,0.0,5.0,0.0,1.0,1.0,1.0,1
AFISR38PWJE3R,0.0,1.0,0.0,1.0,0.0,0.0,1
AFJ0ZC0BL7NV3,0.0,5.0,0.0,1.0,1.0,1.0,2
AFJ6LHAGTA6LS,0.0,4.0,0.0,1.0,0.0,1.0,1
AFKEI3OEU5U85,0.0,5.0,0.0,1.0,1.0,1.0,1
AFM65NU0UXIGP,0.0,5.0,0.0,1.0,1.0,1.0,1
AFM9LKET50RZ4,0.0,5.0,0.0,1.0,1.0,1.0,1
AFMVQ27SB2N8U,0.0,2.0,0.0,1.0,0.0,0.0,1
AFN973QGO8L9J,0.0,5.0,0.0,1.0,1.0,1.0,1
AFNCXMCX7VZWH,0.0,1.0,0.0,1.0,0.0,0.0,1
AFNG8O2DXRCUV,0.0,5.0,0.0,1.0,1.0,1.0,1
AFNYEP9UND180,0.0,5.0,0.0,1.0,1.0,1.0,1
AFP6C8GPJ4SBQ,0.0,5.0,0.0,1.0,1.0,1.0,1
AFQ0LL0Y20AH3,0.0,5.0,0.0,1.0,1.0,1.0,1
AFQBS241UKPAZ,0.0,2.0,0.0,1.0,0.0,0.0,1
AFQEMGLY2RFGH,0.0,5.0,0.0,1.0,1.0,1.0,1
AFQHIL1EROP1F,0.0,4.0,0.0,1.0,0.0,1.0,1
AFQSKOVBYW62L,0.0,5.0,0.0,1.0,1.0,1.0,1
AFR82BF45HYSU,0.0,5.0,0.0,1.0,1.0,1.0,1
AFRGJP413HUZ5,0.0,5.0,0.0,1.0,1.0,1.0,1
AFROGMQUUAQK2,0.0,5.0,0.0,1.0,1.0,1.0,1
AFTMJLMVGC26P,0.0,2.0,0.0,1.0,0.0,0.0,1
AFTOBK4M64RVV,0.0,4.0,0.0,1.0,0.0,1.0,1
AFUG91MG3OW6O,0.0,5.0,0.0,1.0,1.0,1.0,1
AFUXQ0EI1UC22,0.0,5.0,0.0,1.0,1.0,1.0,1
AFV0UZAXA95TL,0.0,5.0,0.0,1.0,1.0,1.0,1
AFVCZOXM4JV5W,0.0,5.0,0.0,1.0,1.0,1.0,1
AFW5OSWR85WRY,0.0,5.0,0.0,1.0,1.0,1.0,1
AFWMVMPB2WVP9,0.0,5.0,0.0,1.0,1.0,1.0,1
AFWPH07F1FTXE,0.0,4.0,0.0,1.0,0.0,1.0,1
AFWU5UXKHJI29,0.0,5.0,0.0,1.0,1.0,1.0,1
AFX6DK3RMHQGO,0.0,5.0,0.0,1.0,1.0,1.0,1
AFXE634F4366L,0.0,5.0,0.0,1.0,1.0,1.0,1
AFXN7YRQIBTP1,0.0,5.0,0.0,1.0,1.0,1.0,1
AFXNXN8TMGKZF,0.0,4.0,0.0,1.0,0.0,1.0,1
AFXTKAO0CB354,0.0,5.0,0.0,1.0,1.0,1.0,3
AFXXS6KIJ9E83,0.0,5.0,0.0,1.0,1.0,1.0,1
AFY57BND7NSN2,0.0,5.0,0.0,1.0,1.0,1.0,1
AFYDSCHAXBASF,0.0,5.0,0.0,1.0,1.0,1.0,1
AFZGETEF0V6ZO,0.0,5.0,0.0,1.0,1.0,1.0,1
AG08KHIO8TVPY,0.0,5.0,0.0,1.0,1.0,1.0,1
AG0FO4LWC3ALI,0.0,5.0,0.0,1.0,1.0,1.0,1
AG0MG2M4DE3P0,0.0,5.0,0.0,1.0,1.0,1.0,1
AG0UP5II9OSP2,0.0,2.0,0.0,1.0,0.0,0.0,1
AG121PE84AFEY,0.0,5.0,0.0,1.0,1.0,1.0,1
AG1CBEN65QI9W,0.0,5.0,0.0,1.0,1.0,1.0,1
AG20C61GKNS1Y,0.0,5.0,0.0,1.0,1.0,1.0,1
AG3ICATDLQ3EQ,0.0,5.0,0.0,1.0,1.0,1.0,1
AG3XKSY6YWH95,0.43067655807339306,2.0,1.4142135623730951,0.5693234419266069,0.0,0.0,2
AG4D06TQLDFMH,0.0,3.0,0.0,1.0,0.0,0.0,1
AG4V480QF85GJ,0.0,5.0,0.0,1.0,1.0,1.0,1
AG50Y7KCLNM3W,0.0,4.0,0.0,1.0,0.0,1.0,1
AG5ZZ3L1KU8VS,0.0,5.0,0.0,1.0,1.0,1.0,1
AG62RJJIAYSOZ,0.0,5.0,0.0,1.0,1.0,1.0,2
AG6TX1ZJHLMO7,0.0,5.0,0.0,1.0,1.0,1.0,1
AGAKHE014LQFU,0.0,3.0,0.0,1.0,0.0,0.0,1
AGBVM3I9RFV89,0.0,4.0,0.0,1.0,0.0,1.0,1
AGC75EPFB7CYD,0.0,4.0,0.0,1.0,0.0,1.0,1
AGC8S0U7W23FQ,0.0,5.0,0.0,1.0,1.0,1.0,1
AGCJIYX1XCW29,0.0,4.0,0.0,1.0,0.0,1.0,1
AGCN38LIJZM3K,0.0,5.0,0.0,1.0,1.0,1.0,2
AGCWHENEQYV5N,0.0,4.0,0.0,1.0,0.0,1.0,1
AGDEKOVH67W44,0.0,5.0,0.0,1.0,1.0,1.0,1
AGDKPD4DZD1L0,0.0,5.0,0.0,1.0,1.0,1.0,1
AGEJE3WH26UBR,0.0,1.0,0.0,1.0,0.0,0.0,1
AGEVDBT717WU2,0.0,4.0,0.0,1.0,0.0,1.0,1
AGEWOMQ90BV8R,0.0,4.0,0.0,1.0,0.0,1.0,1
AGG6OMGC18HF1,0.0,1.0,0.0,1.0,0.0,0.0,1
AGG9653C0BX5Y,0.0,3.0,0.0,1.0,0.0,0.0,1
AGHBU1UWQBW2Z,0.0,5.0,0.0,1.0,1.0,1.0,1
AGI34T5QZWBBC,0.0,5.0,0.0,1.0,1.0,1.0,1
AGIBNCDLA1IS2,0.0,4.0,0.0,1.0,0.0,1.0,1
AGJEFBYEYM9LA,0.0,4.0,0.0,1.0,0.0,1.0,1
AGL4FKIL9IYXA,0.0,4.0,0.0,1.0,0.0,1.0,1
AGL7YKS3NTP4K,0.0,5.0,0.0,1.0,1.0,1.0,1
AGL95K4GLGZ4J,0.0,5.0,0.0,1.0,1.0,1.0,1
AGMRCXA1AX1TJ,0.0,5.0,0.0,1.0,1.0,1.0,1
AGMVC6FTM7UPR,0.0,1.0,0.0,1.0,0.0,0.0,1
AGOL1UIZVLC75,0.0,4.0,0.0,1.0,0.0,1.0,1
AGOPJZFEL0Q1E,0.0,5.0,0.0,1.0,1.0,1.0,1
AGP5A25LAX70Y,0.0,5.0,0.0,1.0,1.0,1.0,1
AGQ45LLYE4LQO,0.0,5.0,0.0,1.0,1.0,1.0,1
AGQIQ1TEW7H5R,0.0,5.0,0.0,1.0,1.0,1.0,1
AGQZW9MI41AFR,0.0,5.0,0.0,1.0,1.0,1.0,1
AGS5OEWHBHLJI,0.43067655807339306,4.5,0.7071067811865476,0.5693234419266069,0.5,1.0,2
AGSC327PXS3W6,0.0,4.0,0.0,1.0,0.0,1.0,1
AGTDTFUBMK88S,0.0,4.0,0.0,1.0,0.0,1.0,1
AGTQW6LCRGAPZ,0.0,5.0,0.0,1.0,1.0,1.0,1
AGU7N9HSQQ57C,0.0,5.0,0.0,1.0,1.0,1.0,1
AGUOI1ESL2O52,0.0,5.0,0.0,1.0,1.0,1.0,1
AGVB3UZIPFHEF,0.4181656600790517,4.6,0.5477225575051662,0.5818343399209482,0.6,1.0,5
AGX4R68F1QS36,0.0,2.0,0.0,1.0,0.0,0.0,1
AGX7PLR4MIZHR,0.0,5.0,0.0,1.0,1.0,1.0,2
AGXMC3ITWZASE,0.0,4.0,0.0,1.0,0.0,1.0,1
AGXMLPCYBOL55,0.0,5.0,0.0,1.0,1.0,1.0,1
AGXS84QRM01ZE,0.0,5.0,0.0,1.0,1.0,1.0,1
AGXY576DF2CJ2,0.0,5.0,0.0,1.0,1.0,1.0,1
AGY0KH2D5G9WH,0.0,5.0,0.0,1.0,1.0,1.0,1
AGYQ2ZF0J0K0K,0.0,4.0,0.0,1.0,0.0,1.0,1
AGYW580EFV1QF,0.0,5.0,0.0,1.0,1.0,1.0,1
AGZ0B2TQOAIA3,0.0,5.0,0.0,1.0,1.0,1.0,1
AGZ8HQO485IL8,0.0,5.0,0.0,1.0,1.0,1.0,1
AGZDSR4R8SA2S,0.0,5.0,0.0,1.0,1.0,1.0,1
AGZP8G6JTKQJC,0.0,4.0,0.0,1.0,0.0,1.0,1
AH1KJ45IQTM4T,0.0,5.0,0.0,1.0,1.0,1.0,1
AH596GQANP9CU,0.0,4.0,0.0,1.0,0.0,1.0,1
AH5NDKZ3YK0AE,0.0,1.0,0.0,1.0,0.0,0.0,1
AH67CQEJ4RQM9,0.0,5.0,0.0,1.0,1.0,1.0,1
AH7DLKHSGZKCR,0.0,5.0,0.0,1.0,1.0,1.0,1
AH84JM3TLWA43,0.0,4.0,0.0,1.0,0.0,1.0,1
AH8NYD41MAT61,0.0,4.0,0.0,1.0,0.0,1.0,1
AH91ZJ8W8NCLR,0.0,5.0,0.0,1.0,1.0,1.0,2
AH9FCFS4PCUVE,0.0,5.0,0.0,1.0,1.0,1.0,1
AH9KZ2GSWIRQZ,0.0,1.0,0.0,1.0,0.0,0.0,1
AH9QYOWBYWRXJ,0.0,5.0,0.0,1.0,1.0,1.0,1
AHABEDNSQKM6H,0.0,2.0,0.0,1.0,0.0,0.0,1
AHBCFCB295VIS,0.0,5.0,0.0,1.0,1.0,1.0,1
AHBZAMNRZ1NVY,0.0,1.0,0.0,1.0,0.0,0.0,1
AHCXIFBSY3GC6,0.0,5.0,0.0,1.0,1.0,1.0,1
AHE4RU04NVDHR,0.0,5.0,0.0,1.0,1.0,1.0,1
AHECJ57PPSS96,0.0,5.0,0.0,1.0,1.0,1.0,1
AHEP4N0XIJR1K,0.0,5.0,0.0,1.0,1.0,1.0,1
AHEU9UBEDU61B,0.0,5.0,0.0,1.0,1.0,1.0,1
AHFEONGV7UFPX,0.0,5.0,0.0,1.0,1.0,1.0,1
AHGYNZ1588WLB,0.0,5.0,0.0,1.0,1.0,1.0,1
AHH79S8XM1OW6,0.0,2.0,0.0,1.0,0.0,0.0,1
AHIK7BUXFRMT8,0.0,5.0,0.0,1.0,1.0,1.0,1
AHJ67NJKYWK7W,0.0,4.0,0.0,1.0,0.0,1.0,1
AHJPP16N19JGN,0.0,4.0,0.0,1.0,0.0,1.0,1
AHK4UKGQZYB1H,0.0,1.0,0.0,1.0,0.0,0.0,1
AHKJXWMSUWE2U,0.0,3.0,0.0,1.0,0.0,0.0,1
AHKLKGLLMS5R5,0.0,5.0,0.0,1.0,1.0,1.0,1
AHKOPVTQ3IEBL,0.0,5.0,0.0,1.0,1.0,1.0,3
AHKT9ALJ3T2Y3,0.0,4.0,0.0,1.0,0.0,1.0,1
AHKZMAV762S4E,0.0,3.0,0.0,1.0,0.0,0.0,1
AHLF5V8B3Z8C7,0.0,4.0,0.0,1.0,0.0,1.0,1
AHMV0VLLZSM18,0.0,5.0,0.0,1.0,1.0,1.0,1
AHNDWVX0WCDXG,0.0,5.0,0.0,1.0,1.0,1.0,1
AHNHLGKIZ2N3B,0.0,5.0,0.0,1.0,1.0,1.0,1
AHNTN7C4AI4W6,0.0,1.0,0.0,1.0,0.0,0.0,1
AHOH3V3AVVCL3,0.0,5.0,0.0,1.0,1.0,1.0,1
AHOJEEMOIKMCR,0.0,4.0,0.0,1.0,0.0,1.0,1
AHP139SLDRPIS,0.0,5.0,0.0,1.0,1.0,1.0,1
AHPRCZ59P9RU0,0.0,5.0,0.0,1.0,1.0,1.0,1
AHR3LG5G9KQH,0.0,4.0,0.0,1.0,0.0,1.0,1
AHRNDSKWH1YBT,0.0,5.0,0.0,1.0,1.0,1.0,1
AHRWSHIMCV963,0.0,4.0,0.0,1.0,0.0,1.0,1
AHRXG1I39B1FR,0.39548848910372325,3.6666666666666665,2.3094010767585034,0.6045115108962767,0.6666666666666666,0.6666666666666666,3
AHSB4CWEHOOP2,0.0,3.0,0.0,1.0,0.0,0.0,1
AHSBR2WTM4P1G,0.0,4.0,0.0,1.0,0.0,1.0,1
AHT6REY7TMPJI,0.0,4.0,0.0,1.0,0.0,1.0,1
AHT97H27XFI1I,0.43067655807339306,4.5,0.7071067811865476,0.5693234419266069,0.5,1.0,2
AHTGES9QI0TT1,0.0,2.0,0.0,1.0,0.0,0.0,1
AHU47OI4QXLEK,0.0,5.0,0.0,1.0,1.0,1.0,1
AHU88DJO03XZ7,0.0,3.0,0.0,1.0,0.0,0.0,1
AHV9Z1EDYO5WK,0.0,5.0,0.0,1.0,1.0,1.0,1
AHVLDNLA5IRQ1,0.0,5.0,0.0,1.0,1.0,1.0,1
AHWVTOXGM4SZ9,0.0,5.0,0.0,1.0,1.0,1.0,1
AHXGALGGZ9ND4,0.0,5.0,0.0,1.0,1.0,1.0,1
AHXN03152761I,0.0,5.0,0.0,1.0,1.0,1.0,1
AHXO4X437S8CQ,0.0,2.0,0.0,1.0,0.0,0.0,1
AHXU85QHWB8JM,0.0,5.0,0.0,1.0,1.0,1.0,1
AHXWPY977L7VF,0.0,3.0,0.0,1.0,0.0,0.0,1
AHY2KG32696ES,0.6460148371100896,3.75,1.2583057392117916,0.35398516288991044,0.25,0.75,4
AHYETNMIB00GK,0.0,2.0,0.0,1.0,0.0,0.0,1
AHZ0OA3U26THX,0.0,4.0,0.0,1.0,0.0,1.0,1
AI02Y5Q8Z5X8I,0.0,5.0,0.0,1.0,1.0,1.0,1
AI0BCEWRE04G0,0.0,4.0,0.0,1.0,0.0,1.0,1
AI0EZEXKPZWHF,0.0,5.0,0.0,1.0,1.0,1.0,1
AI0JF9AJC1GD0,0.0,5.0,0.0,1.0,1.0,1.0,1
AI0NMYA3LKXW1,0.0,2.0,0.0,1.0,0.0,0.0,1
AI0V99FGBKWLB,0.0,4.0,0.0,1.0,0.0,1.0,1
AI0XJPAL2UJM6,0.0,4.0,0.0,1.0,0.0,1.0,1
AI19J9P1TH9UD,0.0,1.0,0.0,1.0,0.0,0.0,1
AI1FBBRXK8DL3,0.0,4.0,0.0,1.0,0.0,1.0,1
AI261Y5T8PB0S,0.0,5.0,0.0,1.0,1.0,1.0,1
AI28N2NCAZS50,0.0,4.0,0.0,1.0,0.0,1.0,1
AI3FJ2DZ7IQYM,0.0,5.0,0.0,1.0,1.0,1.0,1
AI43VKPN5NF7D,0.0,5.0,0.0,1.0,1.0,1.0,1
AI4IPKCY56NQD,0.0,5.0,0.0,1.0,1.0,1.0,1
AI4WN15VV8AYB,0.0,5.0,0.0,1.0,1.0,1.0,1
AI5CL94ZW72ZM,0.0,5.0,0.0,1.0,1.0,1.0,1
AI615OWXFM0H,0.0,3.0,0.0,1.0,0.0,0.0,1
AI78BR0UXFPW1,0.0,5.0,0.0,1.0,1.0,1.0,1
AI7FG0JAGX77B,0.0,4.0,0.0,1.0,0.0,1.0,1
AI82OB24HV0BO,0.0,5.0,0.0,1.0,1.0,1.0,1
AI8IWYR71IOQS,0.0,4.0,0.0,1.0,0.0,1.0,1
AI8SCFYK5I0YB,0.0,5.0,0.0,1.0,1.0,1.0,1
AIAN4QGC6X2U9,0.0,4.0,0.0,1.0,0.0,1.0,1
AIAT4UQM6AS8G,0.0,5.0,0.0,1.0,1.0,1.0,1
AIBGSX2D3EXU6,0.0,5.0,0.0,1.0,1.0,1.0,1
AIBSG1S4OFJH6,0.0,5.0,0.0,1.0,1.0,1.0,1
AICUSSCEK2P4C,0.0,5.0,0.0,1.0,1.0,1.0,1
AID2DBGZBVOJY,0.0,3.0,0.0,1.0,0.0,0.0,1
AID3D20YLGU0U,0.0,5.0,0.0,1.0,1.0,1.0,1
AID6E0HC9H6CP,0.0,5.0,0.0,1.0,1.0,1.0,1
AIDSW2EQR47D6,0.0,5.0,0.0,1.0,1.0,1.0,1
AIE03GJ95JW3Z,0.0,5.0,0.0,1.0,1.0,1.0,1
AIEOH19T22OQC,0.0,4.0,0.0,1.0,0.0,1.0,1
AIFPBXU0480FB,0.0,4.0,0.0,1.0,0.0,1.0,1
AIFS93UK3XG7R,0.0,4.0,0.0,1.0,0.0,1.0,1
AIGZW643OAYGT,0.0,1.0,0.0,1.0,0.0,0.0,1
AIHIEVDST65Q1,0.0,5.0,0.0,1.0,1.0,1.0,1
AII45TUQ5UKPS,0.0,4.0,0.0,1.0,0.0,1.0,1
AIIGU7JSDMESE,0.0,3.0,0.0,1.0,0.0,0.0,1
AIKDNESAP7MX2,0.0,5.0,0.0,1.0,1.0,1.0,1
AIKMJBX0P9Z9D,0.0,5.0,0.0,1.0,1.0,1.0,1
AILIBVWMDLSR3,0.0,5.0,0.0,1.0,1.0,1.0,1
AIMV33HXTEZOI,0.0,2.0,0.0,1.0,0.0,0.0,1
AIN73XQ0LYBTF,0.0,5.0,0.0,1.0,1.0,1.0,1
AINUV6DVXMKEM,0.0,5.0,0.0,1.0,1.0,1.0,1
AIO00LM9IL7FA,0.0,5.0,0.0,1.0,1.0,1.0,1
AIPY9QIUPKZJ9,0.0,5.0,0.0,1.0,1.0,1.0,1
AIQORT9402J1F,0.0,5.0,0.0,1.0,1.0,1.0,1
AIQZK8PU1F5RA,0.0,5.0,0.0,1.0,1.0,1.0,1
AIR5HDNUI9WCU,0.0,5.0,0.0,1.0,1.0,1.0,1
AISN6HORBXNHR,0.0,5.0,0.0,1.0,1.0,1.0,1
AIT3KLQ2691DL,0.0,4.0,0.0,1.0,0.0,1.0,1
AIU13IFGH0EVF,0.0,4.0,0.0,1.0,0.0,1.0,1
AIU3NFC8VQG72,0.0,5.0,0.0,1.0,1.0,1.0,1
AIU5R82TF1ID2,0.0,5.0,0.0,1.0,1.0,1.0,1
AIU8YRECU4HZ4,0.43067655807339306,4.0,1.4142135623730951,0.5693234419266069,0.5,0.5,2
AIU93YMNWEKI7,0.0,5.0,0.0,1.0,1.0,1.0,1
AIUGQ4PNB8T6P,0.0,5.0,0.0,1.0,1.0,1.0,1
AIUWBR79VSZ8J,0.0,4.0,0.0,1.0,0.0,1.0,1
AIUXWEHCJRALM,0.0,5.0,0.0,1.0,1.0,1.0,1
AIVJDP9TGEGZN,0.0,5.0,0.0,1.0,1.0,1.0,1
AIVLKALMERRFT,0.43067655807339306,3.0,2.8284271247461903,0.5693234419266069,0.5,0.5,2
AIW2B5CZEUTS5,0.0,5.0,0.0,1.0,1.0,1.0,1
AIWTLY316LPR4,0.0,3.0,0.0,1.0,0.0,0.0,1
AIY63PF337QF4,0.0,5.0,0.0,1.0,1.0,1.0,1
AIZA39M8ZAQDO,0.0,5.0,0.0,1.0,1.0,1.0,1
AIZFG6OQA55AP,0.0,5.0,0.0,1.0,1.0,1.0,1
AIZV746OPQ5PS,0.0,5.0,0.0,1.0,1.0,1.0,1
AIZWYEWMY94L9,0.0,3.0,0.0,1.0,0.0,0.0,1
AJ00DXOOCDL2C,0.0,5.0,0.0,1.0,1.0,1.0,1
AJ093IH3TA4HU,0.0,1.0,0.0,1.0,0.0,0.0,1
AJ0PG46QD33RD,0.0,5.0,0.0,1.0,1.0,1.0,1
AJ2RVTE5ZN68V,0.0,5.0,0.0,1.0,1.0,1.0,1
AJ4NMYPGJ43BY,0.0,5.0,0.0,1.0,1.0,1.0,1
AJ4R2PH6G98ND,0.0,4.0,0.0,1.0,0.0,1.0,1
AJ4YYD8VTYQ5R,0.0,5.0,0.0,1.0,1.0,1.0,1
AJ6H9ZV7TJUUT,0.0,5.0,0.0,1.0,1.0,1.0,1
AJ6N2T3MDB2ER,0.0,5.0,0.0,1.0,1.0,1.0,1
AJ6SPK7Y38RKW,0.3493984702822971,4.25,0.5,0.6506015297177029,0.25,1.0,4
AJ6TMOHHFJJAJ,0.0,5.0,0.0,1.0,1.0,1.0,1
AJ6WCVOY4HP06,0.0,5.0,0.0,1.0,1.0,1.0,1
AJ7GOBURILNOF,0.0,3.0,0.0,1.0,0.0,0.0,1
AJ7ILS8P4WD2M,0.0,4.0,0.0,1.0,0.0,1.0,1
AJ7RK6IXOYK4U,0.0,5.0,0.0,1.0,1.0,1.0,1
AJ86CFI74O5JI,0.43067655807339306,4.5,0.7071067811865476,0.5693234419266069,0.5,1.0,2
AJ8AQG2X9JJ2Y,0.0,5.0,0.0,1.0,1.0,1.0,1
AJ8FMV8SGKUIJ,0.0,5.0,0.0,1.0,1.0,1.0,1
AJA31UYVQP4UI,0.0,5.0,0.0,1.0,1.0,1.0,1
AJB446EO96DUE,0.0,5.0,0.0,1.0,1.0,1.0,1
AJCHGS1GND4OA,0.0,5.0,0.0,1.0,1.0,1.0,1
AJCICNS67U8BD,0.0,3.0,0.0,1.0,0.0,0.0,1
AJCR7L4AXL2OG,0.0,4.0,0.0,1.0,0.0,1.0,1
AJDNE10BS99IC,0.0,4.0,0.0,1.0,0.0,1.0,1
AJE5S2MH4SERA,0.0,3.0,0.0,1.0,0.0,0.0,1
AJEBA8C74TQ5U,0.0,5.0,0.0,1.0,1.0,1.0,1
AJGIN15VFGXBG,0.0,1.0,0.0,1.0,0.0,0.0,1
AJGXGXR76J1C9,0.0,5.0,0.0,1.0,1.0,1.0,1
AJIA55AVU0CUS,0.0,4.0,0.0,1.0,0.0,1.0,1
AJIEYYB8CT9D,0.0,5.0,0.0,1.0,1.0,1.0,1
AJIHWX6ITBI9G,0.0,5.0,0.0,1.0,1.0,1.0,1
AJJB4D6Y3T7AC,0.0,5.0,0.0,1.0,1.0,1.0,2
AJJQ188TFNITV,0.0,5.0,0.0,1.0,1.0,1.0,1
AJJV9Z17KV6GR,0.5938097293030347,3.4285714285714284,1.1338934190276817,0.40619027069696534,0.2857142857142857,0.2857142857142857,7
AJK49DENMS2BT,0.0,5.0,0.0,1.0,1.0,1.0,1
AJL9UH9G5AC9P,0.0,4.0,0.0,1.0,0.0,1.0,1
AJLUJQ4CWUEIR,0.0,5.0,0.0,1.0,1.0,1.0,1
AJMJ0YX0WT0KP,0.0,5.0,0.0,1.0,1.0,1.0,1
AJMZSJU3VIJVW,0.0,4.0,0.0,1.0,0.0,1.0,1
AJNNNF726KSEA,0.0,5.0,0.0,1.0,1.0,1.0,1
AJNZQZVL8MG6P,0.0,5.0,0.0,1.0,1.0,1.0,1
AJO24K1MUFCKM,0.0,5.0,0.0,1.0,1.0,1.0,1
AJOA5W5YFUCCV,0.0,4.0,0.0,1.0,0.0,1.0,1
AJOZXSF28N5N5,0.0,5.0,0.0,1.0,1.0,1.0,1
AJP44QXY4JBOZ,0.0,5.0,0.0,1.0,1.0,1.0,1
AJP45EYVBQSTP,0.0,4.0,0.0,1.0,0.0,1.0,1
AJP7IKVQXDJ7G,0.0,5.0,0.0,1.0,1.0,1.0,1
AJPKDAFL8B7MO,0.0,4.0,0.0,1.0,0.0,1.0,1
AJPO70SUQEDRJ,0.0,5.0,0.0,1.0,1.0,1.0,1
AJQDIT55SZ3ZX,0.0,5.0,0.0,1.0,1.0,1.0,2
AJQRYTPV3JK3C,0.0,1.0,0.0,1.0,0.0,0.0,1
AJRCUR3RS5A1E,0.0,5.0,0.0,1.0,1.0,1.0,1
AJSEA417DJA2U,0.0,4.0,0.0,1.0,0.0,1.0,1
AJSSCAO4RSU78,0.0,5.0,0.0,1.0,1.0,1.0,1
AJT08ZT4NQBYX,0.0,5.0,0.0,1.0,1.0,1.0,1
AJT510WEA1QHV,0.0,5.0,0.0,1.0,1.0,1.0,1
AJTYN2L8T5FER,0.3493984702822971,4.0,2.0,0.6506015297177029,0.75,0.75,4
AJUP0PNA44A0A,0.0,5.0,0.0,1.0,1.0,1.0,1
AJV2QY96IVPVM,0.0,5.0,0.0,1.0,1.0,1.0,1
AJVGREW8IXDGC,0.0,5.0,0.0,1.0,1.0,1.0,1
AJX0Q5B0QEP57,0.0,2.0,0.0,1.0,0.0,0.0,1
AJX474LNBU6TX,0.0,4.0,0.0,1.0,0.0,1.0,2
AJXQJ5KGNLRVS,0.0,5.0,0.0,1.0,1.0,1.0,1
AJXQR3WH2GB63,0.0,5.0,0.0,1.0,1.0,1.0,1
AJXSHZAEW0142,0.0,5.0,0.0,1.0,1.0,1.0,1
AJYDC7UP4K4KE,0.0,4.0,0.0,1.0,0.0,1.0,1
AJZ0V9Q3ZVYWV,0.0,5.0,0.0,1.0,1.0,1.0,1
AJZPEEL1HULPU,0.0,5.0,0.0,1.0,1.0,1.0,2
AJZR37LXKSI7P,0.0,5.0,0.0,1.0,1.0,1.0,1
AK087HW5YS5QZ,0.0,3.0,0.0,1.0,0.0,0.0,1
AK0A6283E5XZE,0.0,5.0,0.0,1.0,1.0,1.0,1
AK10GGT97M7QK,0.0,4.0,0.0,1.0,0.0,1.0,1
AK21M2AE4U71T,0.0,5.0,0.0,1.0,1.0,1.0,1
AK2XW27R76ZTC,0.0,4.0,0.0,1.0,0.0,1.0,1
AK3D1F2TEULT0,0.0,5.0,0.0,1.0,1.0,1.0,1
AK66HX2T0YN6,0.0,5.0,0.0,1.0,1.0,1.0,1
AK73Y669AMPVS,0.0,5.0,0.0,1.0,1.0,1.0,1
AK9BXHEXOOM6Z,0.0,5.0,0.0,1.0,1.0,1.0,1
AK9MBNYNX20W5,0.0,4.0,0.0,1.0,0.0,1.0,1
AKA4Q4NIXHTAU,0.0,5.0,0.0,1.0,1.0,1.0,1
AKAW7SD0O63C2,0.0,5.0,0.0,1.0,1.0,1.0,1
AKAWPV482ODX8,0.0,5.0,0.0,1.0,1.0,1.0,1
AKAYUX1M0PZWB,0.0,5.0,0.0,1.0,1.0,1.0,1
AKCDHGUSKVJ72,0.43067655807339306,4.5,0.7071067811865476,0.5693234419266069,0.5,1.0,2
AKCE2SHQ736GH,0.0,1.0,0.0,1.0,0.0,0.0,1
AKDTRP9QVHTCI,0.0,5.0,0.0,1.0,1.0,1.0,2
AKDY7BC9798XP,0.0,3.0,0.0,1.0,0.0,0.0,1
AKEF85M7R9RGK,0.0,5.0,0.0,1.0,1.0,1.0,1
AKFXN2QUBIKZA,0.0,5.0,0.0,1.0,1.0,1.0,1
AKG02HTYGM88L,0.0,5.0,0.0,1.0,1.0,1.0,1
AKGGVHCCW4RKA,0.0,3.0,0.0,1.0,0.0,0.0,1
AKH6N84CBOBJ6,0.0,3.0,0.0,1.0,0.0,0.0,1
AKHWZLV8HFIPS,0.0,4.0,0.0,1.0,0.0,1.0,1
AKI2Y9IT0EMRR,0.0,5.0,0.0,1.0,1.0,1.0,1
AKKD4NIONN7DJ,0.0,4.0,0.0,1.0,0.0,1.0,1
AKKIGH65S6ILU,0.0,5.0,0.0,1.0,1.0,1.0,1
AKKSHEGRQVQRK,0.6826061944859853,3.3333333333333335,2.0816659994661326,0.31739380551401475,0.3333333333333333,0.6666666666666666,3
AKLVJGUVQ0ZP1,0.0,3.0,0.0,1.0,0.0,0.0,1
AKM19L55URK6R,0.0,1.0,0.0,1.0,0.0,0.0,1
AKMEGQ2D4VS55,0.0,3.0,0.0,1.0,0.0,0.0,1
AKNI01GEKRTDV,0.0,5.0,0.0,1.0,1.0,1.0,1
AKNI5ROMW5FWD,0.0,5.0,0.0,1.0,1.0,1.0,1
AKP40I31XYX1D,0.0,5.0,0.0,1.0,1.0,1.0,1
AKP9TEMA1T01X,0.0,5.0,0.0,1.0,1.0,1.0,1
AKQU6FNNO6MWR,0.0,4.0,0.0,1.0,0.0,1.0,1
AKS51UDRDO6OP,0.0,5.0,0.0,1.0,1.0,1.0,1
AKSTTBUJN6ES8,0.0,4.0,0.0,1.0,0.0,1.0,1
AKT8TGIT6VVZ5,0.0,5.0,0.0,1.0,1.0,1.0,2
AKV3O0ZER47PE,0.0,5.0,0.0,1.0,1.0,1.0,1
AKVKO4R1KZ0WR,0.0,5.0,0.0,1.0,1.0,1.0,1
AKVYS10ZVTW9H,0.0,4.0,0.0,1.0,0.0,1.0,1
AKWNK5NF7BYFA,0.0,5.0,0.0,1.0,1.0,1.0,1
AKXT3E60ZZQCY,0.0,4.0,0.0,1.0,0.0,1.0,1
AKYDGCKCY7H9F,0.0,5.0,0.0,1.0,1.0,1.0,1
AKYNDGWD3TPAG,0.0,5.0,0.0,1.0,1.0,1.0,1
AKYSM32DSG2TK,0.0,5.0,0.0,1.0,1.0,1.0,2
AKZ32SQMCXBS2,0.0,5.0,0.0,1.0,1.0,1.0,1
AL1PNYDIILV4D,0.0,5.0,0.0,1.0,1.0,1.0,1
AL2CD0KF155Y8,0.0,5.0,0.0,1.0,1.0,1.0,1
AL2XB3XNNUV9J,0.0,3.0,0.0,1.0,0.0,0.0,1
AL47H8L17R0GG,0.43067655807339306,3.5,2.1213203435596424,0.5693234419266069,0.5,0.5,2
AL5BBGTUH8AL6,0.0,5.0,0.0,1.0,1.0,1.0,1
AL5H32ZBE6FO,0.0,2.0,0.0,1.0,0.0,0.0,1
AL5KR6BEIDL1G,0.0,5.0,0.0,1.0,1.0,1.0,1
AL5V0IGIPIBEJ,0.0,5.0,0.0,1.0,1.0,1.0,1
AL6R8X23EGQNG,0.0,5.0,0.0,1.0,1.0,1.0,1
AL72LHELK6SZT,0.0,5.0,0.0,1.0,1.0,1.0,2
AL8JMMSDHTQLJ,0.0,4.0,0.0,1.0,0.0,1.0,1
AL8SQYYI1BZMW,0.0,5.0,0.0,1.0,1.0,1.0,1
ALA8RE2HDEVIK,0.0,2.0,0.0,1.0,0.0,0.0,1
ALA9EIJ7G1SCF,0.0,5.0,0.0,1.0,1.0,1.0,1
ALB2U20GGGJWU,0.0,5.0,0.0,1.0,1.0,1.0,1
ALBRTADLPHYNU,0.0,5.0,0.0,1.0,1.0,1.0,1
ALBRW4Q4GOTJ2,0.0,3.0,0.0,1.0,0.0,0.0,1
ALC7DRPKTFF67,0.0,4.0,0.0,1.0,0.0,1.0,1
ALC8I6BZ0QDJE,0.0,5.0,0.0,1.0,1.0,1.0,1
ALD4EGIL85Q8,0.0,5.0,0.0,1.0,1.0,1.0,1
ALDA72MNSJVOK,0.0,4.0,0.0,1.0,0.0,1.0,1
ALDT4Z7SZY2GQ,0.0,5.0,0.0,1.0,1.0,1.0,1
ALGDCIFQZYMH9,0.0,1.0,0.0,1.0,0.0,0.0,1
ALHC64J88LVWO,0.0,5.0,0.0,1.0,1.0,1.0,1
ALHTPU8UYAFLX,0.0,5.0,0.0,1.0,1.0,1.0,1
ALHWZSTAELK9I,0.43067655807339306,4.5,0.7071067811865476,0.5693234419266069,0.5,1.0,2
ALHX1KDNFZX40,0.43067655807339306,3.5,0.7071067811865476,0.5693234419266069,0.0,0.5,2
ALICSOW9JNXCD,0.0,5.0,0.0,1.0,1.0,1.0,2
ALIE0DVM3I2R1,0.0,4.0,0.0,1.0,0.0,1.0,1
ALIMSOTBD6WMK,0.0,5.0,0.0,1.0,1.0,1.0,1
ALIN01RFOIX3G,0.0,4.0,0.0,1.0,0.0,1.0,1
ALJMX3QEODS88,0.0,5.0,0.0,1.0,1.0,1.0,1
ALKGI0EM6E5QA,0.0,4.0,0.0,1.0,0.0,1.0,1
ALKT8NT9YS9MR,0.0,3.0,0.0,1.0,0.0,0.0,1
ALKWNPN0QCSP7,0.0,5.0,0.0,1.0,1.0,1.0,1
ALLFPK4VJC48D,0.0,4.0,0.0,1.0,0.0,1.0,1
ALLIL7DUQXJ97,0.0,5.0,0.0,1.0,1.0,1.0,1
ALMIFFHNE45JX,0.0,2.0,0.0,1.0,0.0,0.0,2
ALMK0YBTI72RL,0.43067655807339306,2.0,1.4142135623730951,0.5693234419266069,0.0,0.0,2
ALO7PEIIIGXA9,0.0,1.0,0.0,1.0,0.0,0.0,1
ALPK1S8OWXZST,0.0,4.0,0.0,1.0,0.0,1.0,1
ALQNOSMQR8AFR,0.0,4.0,0.0,1.0,0.0,1.0,1
ALR7JXNK1KOIC,0.0,5.0,0.0,1.0,1.0,1.0,1
ALRBBAELSG0X6,0.0,5.0,0.0,1.0,1.0,1.0,1
ALS5SVPGWX1S6,0.0,3.0,0.0,1.0,0.0,0.0,1
ALSIXP72JBQ2Q,0.0,5.0,0.0,1.0,1.0,1.0,1
ALTD3G36MJTGO,0.0,5.0,0.0,1.0,1.0,1.0,1
ALUNVOQRXOZIA,0.58212143525442,3.5555555555555554,1.9436506316151,0.41787856474558005,0.5555555555555556,0.6666666666666666,9
ALUV2YKWZENKK,0.0,4.0,0.0,1.0,0.0,1.0,1
ALUYNO0PD2ARM,0.0,5.0,0.0,1.0,1.0,1.0,1
ALVJCD5NY28G4,0.0,4.0,0.0,1.0,0.0,1.0,2
ALVKOFR0B1MN2,0.0,5.0,0.0,1.0,1.0,1.0,1
ALVO1A5UB8DG0,0.0,5.0,0.0,1.0,1.0,1.0,1
ALVYD6HBLYI0W,0.0,1.0,0.0,1.0,0.0,0.0,1
ALXIRSNGIYHRY,0.0,3.0,0.0,1.0,0.0,0.0,1
ALZ796TTBBDBL,0.0,5.0,0.0,1.0,1.0,1.0,1
AM004PHO6F3FZ,0.0,5.0,0.0,1.0,1.0,1.0,1
AM1OWOLQ092EZ,0.0,1.0,0.0,1.0,0.0,0.0,1
AM20LNMBYFHHP,0.0,5.0,0.0,1.0,1.0,1.0,1
AM29FF4K9EKVN,0.0,5.0,0.0,1.0,1.0,1.0,1
AM2PAP6COUV5J,0.0,5.0,0.0,1.0,1.0,1.0,1
AM2RKBZ539OVW,0.0,3.0,0.0,1.0,0.0,0.0,1
AM3N5LZ7BETCB,0.0,5.0,0.0,1.0,1.0,1.0,1
AM3R8PW5WQ7UB,0.0,4.0,0.0,1.0,0.0,1.0,1
AM4M872Y7AEZL,0.0,4.0,0.0,1.0,0.0,1.0,1
AM4ZQJ0IORVWG,0.4181656600790517,4.6,0.5477225575051662,0.5818343399209482,0.6,1.0,5
AM5176KRA9JA9,0.0,5.0,0.0,1.0,1.0,1.0,1
AM583EZIQ9YO5,0.43067655807339306,3.0,1.4142135623730951,0.5693234419266069,0.0,0.5,2
AM5JHS4J9K4SP,0.0,5.0,0.0,1.0,1.0,1.0,1
AM6ZNP09P201W,0.0,2.0,0.0,1.0,0.0,0.0,1
AM765S5A37QB2,0.0,5.0,0.0,1.0,1.0,1.0,1
AM76TKHVICZC6,0.0,4.0,0.0,1.0,0.0,1.0,1
AM78WFHEBDBGM,0.0,5.0,0.0,1.0,1.0,1.0,1
AM7BCX3ZCQ70V,0.0,1.0,0.0,1.0,0.0,0.0,1
AM7IDMQK0MCGX,0.0,5.0,0.0,1.0,1.0,1.0,1
AM7VNKKUJK97J,0.0,5.0,0.0,1.0,1.0,1.0,1
AM9OC1FTXJICQ,0.0,2.0,0.0,1.0,0.0,0.0,1
AM9Z8Y09D2KHG,0.0,3.0,0.0,1.0,0.0,0.0,1
AMAR6CIOZUQO4,0.0,4.0,0.0,1.0,0.0,1.0,1
AMBFK6N4JS5Z2,0.0,5.0,0.0,1.0,1.0,1.0,1
AMBP7V5ME7K13,0.0,5.0,0.0,1.0,1.0,1.0,1
AMC5Y9SMC96Z1,0.0,5.0,0.0,1.0,1.0,1.0,1
AMDZ6MZR6CRG9,0.43067655807339306,4.5,0.7071067811865476,0.5693234419266069,0.5,1.0,2
AMEG6A5W3QJCZ,0.0,5.0,0.0,1.0,1.0,1.0,1
AMEGPD597TRUN,0.0,5.0,0.0,1.0,1.0,1.0,1
AMEX0T50TFZR6,0.0,4.0,0.0,1.0,0.0,1.0,1
AMEZFR0V0FTFX,0.0,5.0,0.0,1.0,1.0,1.0,1
AMF75VWP2SV6M,0.0,5.0,0.0,1.0,1.0,1.0,1
AMFBRE9UYUCEU,0.0,5.0,0.0,1.0,1.0,1.0,1
AMFFWASO0476G,0.0,5.0,0.0,1.0,1.0,1.0,1
AMFXT0836BF87,0.0,4.0,0.0,1.0,0.0,1.0,1
AMG7EQW81MG58,0.0,5.0,0.0,1.0,1.0,1.0,1
AMGGZCWY3VNZC,0.0,4.0,0.0,1.0,0.0,1.0,1
AMGIMGPA34FIZ,0.0,5.0,0.0,1.0,1.0,1.0,1
AMGN9031D8VKI,0.0,5.0,0.0,1.0,1.0,1.0,1
AMGNNJWUEIJ59,0.0,5.0,0.0,1.0,1.0,1.0,1
AMGUWDM3XPEEB,0.43067655807339306,4.5,0.7071067811865476,0.5693234419266069,0.5,1.0,2
AMH264806NHLO,0.0,1.0,0.0,1.0,0.0,0.0,1
AMHDZ16XSYASU,0.0,5.0,0.0,1.0,1.0,1.0,1
AMHE73T0KPO2H,0.0,4.0,0.0,1.0,0.0,1.0,1
AMI7NR2C7DO10,0.0,5.0,0.0,1.0,1.0,1.0,1
AMIU8UVMZJLER,0.39548848910372325,4.0,1.7320508075688772,0.6045115108962767,0.6666666666666666,0.6666666666666666,3
AMKB1A6CU9H0P,0.0,5.0,0.0,1.0,1.0,1.0,1
AMKNPIDFLRFMP,0.0,2.0,0.0,1.0,0.0,0.0,2
AMKQMWRWLZWIL,0.0,3.0,0.0,1.0,0.0,0.0,1
AMKXRFHOQZCIQ,0.0,5.0,0.0,1.0,1.0,1.0,1
AMLICZAK25GMM,0.0,5.0,0.0,1.0,1.0,1.0,1
AMLMUYLI6FAQ0,0.43067655807339306,2.0,1.4142135623730951,0.5693234419266069,0.0,0.0,2
AMMJH39YLUV8B,0.0,2.0,0.0,1.0,0.0,0.0,1
AMO1CR5KN8T4P,0.0,5.0,0.0,1.0,1.0,1.0,1
AMO214LNFCEI4,0.0,1.0,0.0,1.0,0.0,0.0,1
AMRRT7RC261OP,0.0,5.0,0.0,1.0,1.0,1.0,1
AMSAQMLJKCFSB,0.0,5.0,0.0,1.0,1.0,1.0,1
AMSOH6T6E3FSJ,0.0,5.0,0.0,1.0,1.0,1.0,1
AMT7TEOP9X8JS,0.0,3.0,0.0,1.0,0.0,0.0,1
AMTY878WRNJR,0.0,4.0,0.0,1.0,0.0,1.0,1
AMVW02HD7K4C1,0.0,5.0,0.0,1.0,1.0,1.0,1
AMYQVXWY2MIFK,0.0,5.0,0.0,1.0,1.0,1.0,1
AMZCZBK1EF1PV,0.0,5.0,0.0,1.0,1.0,1.0,1
AMZI3ABA7O19,0.0,5.0,0.0,1.0,1.0,1.0,1
AMZREEUVCV998,0.0,3.0,0.0,1.0,0.0,0.0,1
AMZYVZBIMD7LY,0.0,5.0,0.0,1.0,1.0,1.0,1
AN151W7OXZERY,0.0,5.0,0.0,1.0,1.0,1.0,1
AN24ATCW3AY5C,0.0,5.0,0.0,1.0,1.0,1.0,1
AN2F0QIGX01QQ,0.43067655807339306,3.5,2.1213203435596424,0.5693234419266069,0.5,0.5,2
AN2Y0K0LM7IGF,0.0,5.0,0.0,1.0,1.0,1.0,1
AN30G4IKL1BMZ,0.279949419226045,4.5,1.224744871391589,0.720050580773955,0.8333333333333334,0.8333333333333334,6
AN3ILH8NOGNH4,0.0,5.0,0.0,1.0,1.0,1.0,1
AN4ALUMJTDX3Z,0.0,4.0,0.0,1.0,0.0,1.0,1
AN4IXSXAL4L5Z,0.43067655807339306,4.5,0.7071067811865476,0.5693234419266069,0.5,1.0,2
AN560AP1HH0U1,0.43067655807339306,4.5,0.7071067811865476,0.5693234419266069,0.5,1.0,2
AN562K00DPRW7,0.0,5.0,0.0,1.0,1.0,1.0,1
AN6774EDYBQPP,0.0,4.0,0.0,1.0,0.0,1.0,1
AN752U9MHN5P5,0.0,3.0,0.0,1.0,0.0,0.0,1
AN7AELA3YHNZK,0.0,5.0,0.0,1.0,1.0,1.0,1
AN7PYDVNOVQOA,0.0,4.0,0.0,1.0,0.0,1.0,1
AN7ZTHQEJLJW,0.0,5.0,0.0,1.0,1.0,1.0,1
AN81JUYW2SL24,0.0,5.0,0.0,1.0,1.0,1.0,3
AN8W0XP8GCN1O,0.0,4.0,0.0,1.0,0.0,1.0,1
AN92U23LYTQBR,0.0,4.0,0.0,1.0,0.0,1.0,1
AN9CP6J4JF91X,0.0,4.0,0.0,1.0,0.0,1.0,1
AN9FFU7XP6TL5,0.0,5.0,0.0,1.0,1.0,1.0,2
AN9TLUKFAJHP8,0.0,5.0,0.0,1.0,1.0,1.0,1
AN9TUUCDXX6SO,0.0,4.0,0.0,1.0,0.0,1.0,1
AN9WEMSAAQ6GM,0.0,4.0,0.0,1.0,0.0,1.0,1
ANB0OKIDLNTZ,0.0,5.0,0.0,1.0,1.0,1.0,1
ANC58RQKSQ5DG,0.0,5.0,0.0,1.0,1.0,1.0,1
AND41V9HNRA0X,0.0,5.0,0.0,1.0,1.0,1.0,1
ANE9603L1IYFG,0.0,5.0,0.0,1.0,1.0,1.0,1
ANEHF7BWGYZ5L,0.0,5.0,0.0,1.0,1.0,1.0,1
ANEUPVXP9GKJQ,0.0,5.0,0.0,1.0,1.0,1.0,1
ANEZ6Z9XPZSJH,0.0,3.0,0.0,1.0,0.0,0.0,1
ANI33HTQH0SG2,0.0,5.0,0.0,1.0,1.0,1.0,1
ANI8BTQMGG1R2,0.0,5.0,0.0,1.0,1.0,1.0,1
ANJFSFOYEOUXL,0.0,5.0,0.0,1.0,1.0,1.0,1
ANJY75Z24A6AG,0.0,5.0,0.0,1.0,1.0,1.0,1
ANL4KC4GZU82E,0.0,5.0,0.0,1.0,1.0,1.0,1
ANMA1H8LGEVBF,0.0,4.0,0.0,1.0,0.0,1.0,1
ANMFIHKJH7032,0.0,5.0,0.0,1.0,1.0,1.0,1
ANNKHRRNO6TT9,0.0,5.0,0.0,1.0,1.0,1.0,1
ANPBKESJ39FU8,0.0,5.0,0.0,1.0,1.0,1.0,1
ANQ122AO9P5BI,0.0,3.0,0.0,1.0,0.0,0.0,1
ANQJFHEQLUTW5,0.0,5.0,0.0,1.0,1.0,1.0,1
ANR0DW93W06R5,0.0,5.0,0.0,1.0,1.0,1.0,1
ANRS196NKFVUU,0.0,4.0,0.0,1.0,0.0,1.0,1
ANS1JBFLGILMF,0.0,5.0,0.0,1.0,1.0,1.0,1
ANS906E4EOXB3,0.0,5.0,0.0,1.0,1.0,1.0,1
ANSB7OILD0L3C,0.0,1.0,0.0,1.0,0.0,0.0,1
ANSKSPEEAKY7S,0.0,5.0,0.0,1.0,1.0,1.0,1
ANTGGAQYPSWHF,0.0,4.0,0.0,1.0,0.0,1.0,1
ANTGMXTKB7SQS,0.6826061944859853,3.3333333333333335,2.0816659994661326,0.31739380551401475,0.3333333333333333,0.6666666666666666,3
ANU1675O6DO5E,0.0,4.0,0.0,1.0,0.0,1.0,1
ANUB9JPLMT41O,0.0,5.0,0.0,1.0,1.0,1.0,1
ANUPOX03HUN1C,0.0,3.0,0.0,1.0,0.0,0.0,1
ANUZ58K6OIJN2,0.0,5.0,0.0,1.0,1.0,1.0,1
ANV2AKYYI04EU,0.0,1.0,0.0,1.0,0.0,0.0,1
ANVS33BKKSZCI,0.0,3.0,0.0,1.0,0.0,0.0,1
ANWDT4Q6RAJRV,0.0,3.0,0.0,1.0,0.0,0.0,1
ANWZYGU6HFYM9,0.0,1.0,0.0,1.0,0.0,0.0,1
ANX51Y0Y4TXAK,0.0,5.0,0.0,1.0,1.0,1.0,1
ANY6JUFM0GH8U,0.0,5.0,0.0,1.0,1.0,1.0,1
ANYDIV59WSQ6Q,0.0,5.0,0.0,1.0,1.0,1.0,1
ANYNGATL97915,0.0,5.0,0.0,1.0,1.0,1.0,1
ANZGC4YCEQC6W,0.0,5.0,0.0,1.0,1.0,1.0,1
ANZHPMJLXBU9T,0.0,5.0,0.0,1.0,1.0,1.0,1
AO074X4WTO84B,0.0,4.0,0.0,1.0,0.0,1.0,1
AO2FXIAM4EKOS,0.43067655807339306,3.5,0.7071067811865476,0.5693234419266069,0.0,0.5,2
AO35VK4BB2YZR,0.0,5.0,0.0,1.0,1.0,1.0,1
AO3BJZXP5O1DQ,0.0,2.0,0.0,1.0,0.0,0.0,1
AO46YPZ1EAGZ,0.0,5.0,0.0,1.0,1.0,1.0,1
AO49H7W3JR6RL,0.0,4.0,0.0,1.0,0.0,1.0,1
AO4ZALF33HP0,0.0,4.0,0.0,1.0,0.0,1.0,1
AO5O459IFGVTG,0.0,4.0,0.0,1.0,0.0,1.0,1
AO5PXGAR6RSYV,0.0,3.0,0.0,1.0,0.0,0.0,1
AO68X66YOJGQI,0.0,5.0,0.0,1.0,1.0,1.0,1
AO7TPG23L7Z3L,0.0,5.0,0.0,1.0,1.0,1.0,1
AO7W7WGOU6UIW,0.0,4.0,0.0,1.0,0.0,1.0,1
AO84V5QJ6K23Z,0.0,5.0,0.0,1.0,1.0,1.0,1
AO8F2P769YIA9,0.0,2.0,0.0,1.0,0.0,0.0,1
AO8IMELSF9A7F,0.0,5.0,0.0,1.0,1.0,1.0,1
AO8Q98Z14CRAZ,0.0,5.0,0.0,1.0,1.0,1.0,1
AO8RJE8TIFJZA,0.0,5.0,0.0,1.0,1.0,1.0,1
AO91OW1SZKSJK,0.0,5.0,0.0,1.0,1.0,1.0,1
AO94DHGC771SJ,0.0,5.0,0.0,1.0,1.0,1.0,1
AO9QC2WG3T9NQ,0.0,5.0,0.0,1.0,1.0,1.0,1
AOA7NY2649Z9I,0.0,5.0,0.0,1.0,1.0,1.0,1
AOA98DNOIPBZG,0.0,2.0,0.0,1.0,0.0,0.0,1
AOA9M17LG2JQE,0.0,2.0,0.0,1.0,0.0,0.0,1
AOAVP3C5WIVNH,0.0,5.0,0.0,1.0,1.0,1.0,1
AOB4X41HYDG3L,0.0,3.0,0.0,1.0,0.0,0.0,1
AOBGKBBDODKIP,0.0,4.0,0.0,1.0,0.0,1.0,1
AOCH3ON3BIM7O,0.39548848910372325,4.333333333333333,1.1547005383792517,0.6045115108962767,0.6666666666666666,0.6666666666666666,3
AOCHZNFYJ4AWE,0.0,4.0,0.0,1.0,0.0,1.0,1
AOCOIFM61SA7F,0.0,5.0,0.0,1.0,1.0,1.0,1
AODOIMDU38S2I,0.0,1.0,0.0,1.0,0.0,0.0,1
AODQI51IBW7WN,0.0,1.0,0.0,1.0,0.0,0.0,1
AODSDJXUR4CGZ,0.0,5.0,0.0,1.0,1.0,1.0,1
AOEAD7DPLZE53,0.0,2.0,0.0,1.0,0.0,0.0,1
AOGUZNI7YCP4V,0.0,5.0,0.0,1.0,1.0,1.0,1
AOHG53ZO6BJ7R,0.0,5.0,0.0,1.0,1.0,1.0,1
AOHNLSWSOLK8N,0.0,4.0,0.0,1.0,0.0,1.0,1
AOHQVDAGYMV6J,0.0,5.0,0.0,1.0,1.0,1.0,2
AOI57C0MJUT6J,0.0,2.0,0.0,1.0,0.0,0.0,1
AOIBOJRBYYVGI,0.43067655807339306,4.5,0.7071067811865476,0.5693234419266069,0.5,1.0,2
AOIT1BEY7BRC8,0.0,4.0,0.0,1.0,0.0,1.0,1
AOJBKPV6ELTE9,0.0,5.0,0.0,1.0,1.0,1.0,1
AOK5FZT22IF3W,0.0,3.0,0.0,1.0,0.0,0.0,1
AOK9U912FK03L,0.0,5.0,0.0,1.0,1.0,1.0,1
AOKC4MRKH1UON,0.0,5.0,0.0,1.0,1.0,1.0,1
AOKH8MBCROIL,0.0,5.0,0.0,1.0,1.0,1.0,2
AOKS36MOH1LDK,0.0,5.0,0.0,1.0,1.0,1.0,1
AOLC9OV244MFW,0.0,2.0,0.0,1.0,0.0,0.0,1
AOLN7ZXFT6EDI,0.0,5.0,0.0,1.0,1.0,1.0,1
AOLQ22OA3HHHK,0.0,4.0,0.0,1.0,0.0,1.0,1
AOM6Y2A4J0WOG,0.0,5.0,0.0,1.0,1.0,1.0,1
AOMD90U7TEAP6,0.0,5.0,0.0,1.0,1.0,1.0,1
AOMQZAS76F3V3,0.0,3.0,0.0,1.0,0.0,0.0,1
AON4TXVOSYDHL,0.0,5.0,0.0,1.0,1.0,1.0,1
AONVF6RGZHT0E,0.0,5.0,0.0,1.0,1.0,1.0,1
AOO41PZSDC7J1,0.0,5.0,0.0,1.0,1.0,1.0,1
AOOQGCJEV25VT,0.0,5.0,0.0,1.0,1.0,1.0,1
AOOU4GVVQHK5O,0.0,5.0,0.0,1.0,1.0,1.0,1
AOOZR8IN9NYTA,0.0,5.0,0.0,1.0,1.0,1.0,1
AOQ1XQTHD9ZNR,0.0,5.0,0.0,1.0,1.0,1.0,1
AOQYN0MQVWSJR,0.0,5.0,0.0,1.0,1.0,1.0,1
AOTY596BG2YX7,0.0,3.0,0.0,1.0,0.0,0.0,1
AOU1TM9UA1BZF,0.0,5.0,0.0,1.0,1.0,1.0,1
AOUB4XH2J80FN,0.0,3.0,0.0,1.0,0.0,0.0,1
AOUZ3K5E68IRZ,0.0,5.0,0.0,1.0,1.0,1.0,1
AOVMTR7PA8XB9,0.0,5.0,0.0,1.0,1.0,1.0,1
AOVROBZ8BNTP7,0.0,5.0,0.0,1.0,1.0,1.0,1
AOVTLYTHVDNUX,0.0,4.0,0.0,1.0,0.0,1.0,1
AOW5OPZTW1C28,0.0,4.0,0.0,1.0,0.0,1.0,1
AOWOA4AKT3AST,0.0,4.0,0.0,1.0,0.0,1.0,1
AOXDZSY5AGHEA,0.0,2.0,0.0,1.0,0.0,0.0,1
AOY9SZTMNQWAW,0.39548848910372325,4.0,1.7320508075688772,0.6045115108962767,0.6666666666666666,0.6666666666666666,3
AOYKD7G6QJ52K,0.0,4.0,0.0,1.0,0.0,1.0,2
AOYZWX4I1LA44,0.0,5.0,0.0,1.0,1.0,1.0,1
AOZB4GES5J7FK,0.0,1.0,0.0,1.0,0.0,0.0,1
AP0ZL2WX8J0JD,0.0,1.0,0.0,1.0,0.0,0.0,1
AP3N6KOLIFYVY,0.0,5.0,0.0,1.0,1.0,1.0,1
AP3XMM1077I50,0.0,5.0,0.0,1.0,1.0,1.0,1
AP547LW4G32Q1,0.0,4.0,0.0,1.0,0.0,1.0,1
AP55R45MSCVQ7,0.0,5.0,0.0,1.0,1.0,1.0,1
AP66WW9URQDDD,0.0,3.0,0.0,1.0,0.0,0.0,1
AP6M728REMY04,0.0,2.0,0.0,1.0,0.0,0.0,1
AP6SQ9NLF1QYZ,0.0,1.0,0.0,1.0,0.0,0.0,1
AP6T0CI46U93Z,0.0,5.0,0.0,1.0,1.0,1.0,1
AP6X4IJR5H92P,0.4181656600790517,4.6,0.5477225575051663,0.5818343399209482,0.6,1.0,5
AP7IT6ZJMDVUA,0.0,5.0,0.0,1.0,1.0,1.0,1
AP7LSRPXT3ZL8,0.0,5.0,0.0,1.0,1.0,1.0,1
AP8GT460DVVCU,0.0,3.0,0.0,1.0,0.0,0.0,1
APB1VAE7P1CAV,0.0,3.0,0.0,1.0,0.0,0.0,1
APBF796U7GUTV,0.0,5.0,0.0,1.0,1.0,1.0,1
APBICPEUMXUVO,0.0,1.0,0.0,1.0,0.0,0.0,1
APCX388F6CFFA,0.0,5.0,0.0,1.0,1.0,1.0,1
APDDHVTJHY2JL,0.0,4.0,0.0,1.0,0.0,1.0,1
APDFEF98QERT4,0.0,5.0,0.0,1.0,1.0,1.0,1
APDY9AJZDOGDX,0.0,5.0,0.0,1.0,1.0,1.0,1
APEJ8EJCC8PQ8,0.0,4.0,0.0,1.0,0.0,1.0,1
APEVVQVOJH12B,0.0,5.0,0.0,1.0,1.0,1.0,1
APFBMDI5TJ8MQ,0.0,5.0,0.0,1.0,1.0,1.0,1
APFDM4RTT2E0B,0.0,5.0,0.0,1.0,1.0,1.0,1
APFNDSGVBG7UG,0.0,5.0,0.0,1.0,1.0,1.0,1
APFT40B3WKARC,0.0,4.0,0.0,1.0,0.0,1.0,1
APGN8QGF0P5QR,0.0,4.0,0.0,1.0,0.0,1.0,1
APGS6U5D8YRII,0.0,5.0,0.0,1.0,1.0,1.0,1
APH8C0RM4GMQB,0.0,5.0,0.0,1.0,1.0,1.0,1
APHEQQGFN0F31,0.0,4.0,0.0,1.0,0.0,1.0,1
APHPXV5RY2SDP,0.0,5.0,0.0,1.0,1.0,1.0,1
APHS8MGWHWJH7,0.0,2.0,0.0,1.0,0.0,0.0,1
APIXJQATQT7TK,0.0,5.0,0.0,1.0,1.0,1.0,1
APJB1OLRJC53N,0.0,4.0,0.0,1.0,0.0,1.0,1
APJXF6Z4Z61YW,0.0,5.0,0.0,1.0,1.0,1.0,1
APK74RJ5E0DDX,0.0,5.0,0.0,1.0,1.0,1.0,1
APL10FPWGNVFV,0.0,5.0,0.0,1.0,1.0,1.0,1
APLAYRDGF11H2,0.0,4.0,0.0,1.0,0.0,1.0,1
APNI0D19W2VQR,0.0,5.0,0.0,1.0,1.0,1.0,1
APNL8G7JMIY19,0.0,5.0,0.0,1.0,1.0,1.0,1
APODYH18FHXC6,0.0,5.0,0.0,1.0,1.0,1.0,1
APOFQFXC8K645,0.0,5.0,0.0,1.0,1.0,1.0,1
APOGXH3A74CM3,0.0,5.0,0.0,1.0,1.0,1.0,1
APP45XD85ARYL,0.0,1.0,0.0,1.0,0.0,0.0,1
APP5G31NNOHID,0.0,5.0,0.0,1.0,1.0,1.0,1
APQQK1V695AUE,0.0,5.0,0.0,1.0,1.0,1.0,2
APRFTIZ7PB4S8,0.0,4.0,0.0,1.0,0.0,1.0,1
APRJ0OM54GBPE,0.0,5.0,0.0,1.0,1.0,1.0,1
APRO0FN36AK1V,0.0,5.0,0.0,1.0,1.0,1.0,1
APRP1LWB08YG8,0.0,4.0,0.0,1.0,0.0,1.0,1
APSEERGKRFATE,0.0,5.0,0.0,1.0,1.0,1.0,1
APSGIVBQKFLRY,0.0,5.0,0.0,1.0,1.0,1.0,1
APT7V2Z8MO6T0,0.0,5.0,0.0,1.0,1.0,1.0,1
APTTY8AYIJRXG,0.0,4.0,0.0,1.0,0.0,1.0,1
APV4CA1BTAGQ3,0.0,5.0,0.0,1.0,1.0,1.0,2
APVAEF5ZIRL6D,0.0,5.0,0.0,1.0,1.0,1.0,1
APVCKYQTCK78F,0.0,5.0,0.0,1.0,1.0,1.0,1
APVLFUAI3IDF7,0.0,4.0,0.0,1.0,0.0,1.0,1
APWARS0L4QGPC,0.0,1.0,0.0,1.0,0.0,0.0,1
APWCLRB3H1AVJ,0.0,5.0,0.0,1.0,1.0,1.0,1
APWY5SPO12LJQ,0.0,3.0,0.0,1.0,0.0,0.0,1
APXN17MQLCH7O,0.0,5.0,0.0,1.0,1.0,1.0,1
APXV4GM2BKZX1,0.0,5.0,0.0,1.0,1.0,1.0,3
APYJH0HLLK09U,0.0,5.0,0.0,1.0,1.0,1.0,1
APZ51EQUCB79F,0.0,5.0,0.0,1.0,1.0,1.0,1
APZA8SXX9DMT8,0.0,1.0,0.0,1.0,0.0,0.0,1
AQ0483UAIEVME,0.0,5.0,0.0,1.0,1.0,1.0,1
AQ06TH8QPIEN5,0.0,5.0,0.0,1.0,1.0,1.0,1
AQ0RLBBIWUZ5Z,0.0,4.0,0.0,1.0,0.0,1.0,1
AQ18N1SD6RV2P,0.0,5.0,0.0,1.0,1.0,1.0,1
AQ1F4Z6CCQMVQ,0.0,5.0,0.0,1.0,1.0,1.0,1
AQ28L0J970DVW,0.0,5.0,0.0,1.0,1.0,1.0,2
AQ2HWACJ2H08G,0.0,5.0,0.0,1.0,1.0,1.0,1
AQ3IN3MRXQ5KH,0.0,4.0,0.0,1.0,0.0,1.0,1
AQ3Z6LHWZ5W7E,0.0,5.0,0.0,1.0,1.0,1.0,1
AQ4CDTEJMPTOS,0.0,5.0,0.0,1.0,1.0,1.0,1
AQ4T1DUD9HI3F,0.0,5.0,0.0,1.0,1.0,1.0,1
AQ60TA0Z5FTGC,0.0,3.0,0.0,1.0,0.0,0.0,1
AQ64NMZDUVYN7,0.0,5.0,0.0,1.0,1.0,1.0,1
AQ6F5FMEFRIKL,0.0,5.0,0.0,1.0,1.0,1.0,1
AQ6WXOXDZIYCS,0.0,5.0,0.0,1.0,1.0,1.0,1
AQ6XS10RR7CE0,0.4181656600790517,4.6,0.5477225575051661,0.5818343399209482,0.6,1.0,5
AQ7322MXNS3G0,0.0,5.0,0.0,1.0,1.0,1.0,1
AQ9GVQAH3ZU0,0.0,5.0,0.0,1.0,1.0,1.0,1
AQ9O2ACE8C9WS,0.0,4.0,0.0,1.0,0.0,1.0,1
AQA9PLI2LH3MK,0.0,4.0,0.0,1.0,0.0,1.0,1
AQAM9QBPTG66U,0.0,4.0,0.0,1.0,0.0,1.0,1
AQBAN131RIXIZ,0.0,5.0,0.0,1.0,1.0,1.0,1
AQBKBWMXB8VI4,0.0,5.0,0.0,1.0,1.0,1.0,1
AQBLWW13U66XD,0.0,5.0,0.0,1.0,1.0,1.0,1
AQBNT8J46B726,0.0,5.0,0.0,1.0,1.0,1.0,1
AQC42OVV9FLWV,0.0,5.0,0.0,1.0,1.0,1.0,1
AQCC8OF22KZXE,0.0,5.0,0.0,1.0,1.0,1.0,1
AQCJ6YL20AICG,0.0,1.0,0.0,1.0,0.0,0.0,1
AQCZRP5A2QHBR,0.0,5.0,0.0,1.0,1.0,1.0,1
AQD4Y38IFTXEA,0.0,5.0,0.0,1.0,1.0,1.0,1
AQD5KJ615OHJN,0.0,5.0,0.0,1.0,1.0,1.0,1
AQDJP0D7EALAD,0.0,1.0,0.0,1.0,0.0,0.0,1
AQDNQLKMG7HBX,0.0,5.0,0.0,1.0,1.0,1.0,1
AQDP0LRIFC9UU,0.0,3.0,0.0,1.0,0.0,0.0,1
AQDRAF7MX0BRM,0.0,5.0,0.0,1.0,1.0,1.0,1
AQDRATIHAKWSU,0.0,5.0,0.0,1.0,1.0,1.0,1
AQE2B2QSZG0HY,0.0,5.0,0.0,1.0,1.0,1.0,1
AQG17YFAR1ANR,0.0,5.0,0.0,1.0,1.0,1.0,1
AQGDI4H921BOU,0.0,4.0,0.0,1.0,0.0,1.0,1
AQGUDK0MSQ95L,0.0,4.0,0.0,1.0,0.0,1.0,1
AQHYPU9OIL1IL,0.0,5.0,0.0,1.0,1.0,1.0,1
AQIBGC2OCCAHQ,0.0,5.0,0.0,1.0,1.0,1.0,1
AQIEN3BHQFFQ,0.0,4.0,0.0,1.0,0.0,1.0,1
AQIYMF4X90D8E,0.43067655807339306,3.0,2.8284271247461903,0.5693234419266069,0.5,0.5,2
AQJSM4LO7M7G5,0.0,1.0,0.0,1.0,0.0,0.0,1
AQJWVL7YBSMOL,0.0,5.0,0.0,1.0,1.0,1.0,1
AQK01UMFP9MND,0.0,5.0,0.0,1.0,1.0,1.0,1
AQL1IWD29ISFD,0.0,5.0,0.0,1.0,1.0,1.0,1
AQL2WVOAADPE2,0.39548848910372325,4.666666666666667,0.5773502691896257,0.6045115108962767,0.6666666666666666,1.0,3
AQLJGOADY379U,0.0,5.0,0.0,1.0,1.0,1.0,1
AQLL2R1PPR46X,0.0,5.0,0.0,1.0,1.0,1.0,1
AQLMVE6SH4A07,0.0,4.0,0.0,1.0,0.0,1.0,1
AQLUYZ2DWKCDQ,0.0,5.0,0.0,1.0,1.0,1.0,1
AQM9CPBRYW3PL,0.0,1.0,0.0,1.0,0.0,0.0,1
AQMD0WGJVD4RJ,0.0,5.0,0.0,1.0,1.0,1.0,2
AQMUXDDCLJSSV,0.0,5.0,0.0,1.0,1.0,1.0,1
AQN56XCI2R7L5,0.0,5.0,0.0,1.0,1.0,1.0,1
AQNEQQ96MKX3Y,0.0,4.0,0.0,1.0,0.0,1.0,1
AQNQHPRR3WQU1,0.0,1.0,0.0,1.0,0.0,0.0,1
AQO6JI57GOIG3,0.0,5.0,0.0,1.0,1.0,1.0,1
AQOQUWM58SGFR,0.0,5.0,0.0,1.0,1.0,1.0,1
AQPIILREUKLZM,0.0,5.0,0.0,1.0,1.0,1.0,1
AQQA2GTK78VI2,0.0,1.0,0.0,1.0,0.0,0.0,1
AQQTTYTRXWSV,0.0,5.0,0.0,1.0,1.0,1.0,1
AQQVPOL6VPVVN,0.0,5.0,0.0,1.0,1.0,1.0,2
AQRLZFCJVR2EP,0.0,3.0,0.0,1.0,0.0,0.0,1
AQRN2I355LZ3F,0.0,2.0,0.0,1.0,0.0,0.0,1
AQRQFC49CR3YJ,0.0,5.0,0.0,1.0,1.0,1.0,1
AQSNJ8HQ3WHMS,0.0,5.0,0.0,1.0,1.0,1.0,2
AQSW6WDVCJGB8,0.0,5.0,0.0,1.0,1.0,1.0,1
AQT6XL9FRECC7,0.0,5.0,0.0,1.0,1.0,1.0,1
AQT7VQSW7UOM2,0.0,5.0,0.0,1.0,1.0,1.0,1
AQT8N7YPGVWCM,0.0,1.0,0.0,1.0,0.0,0.0,1
AQU3SRNE1MAZX,0.0,1.0,0.0,1.0,0.0,0.0,1
AQWZYNDSUOVC5,0.0,5.0,0.0,1.0,1.0,1.0,1
AQXL8B1QPVE09,0.0,3.0,0.0,1.0,0.0,0.0,1
AQZ64R6S3R1VF,0.0,3.0,0.0,1.0,0.0,0.0,1
AR07B1BMVZ3QC,0.0,3.0,0.0,1.0,0.0,0.0,1
AR07GW8Y7H1ZB,0.0,5.0,0.0,1.0,1.0,1.0,1
AR0SWMNTBFXU7,0.0,5.0,0.0,1.0,1.0,1.0,1
AR0TID0Y19R2X,0.0,3.0,0.0,1.0,0.0,0.0,1
AR0UOJ48VGQMA,0.0,5.0,0.0,1.0,1.0,1.0,1
AR1J3PPLB886B,0.0,5.0,0.0,1.0,1.0,1.0,1
AR1PSEQRQ3L04,0.0,5.0,0.0,1.0,1.0,1.0,1
AR1SVEHMOGP44,0.0,2.0,0.0,1.0,0.0,0.0,1
AR1ZV5U2DYA7I,0.0,2.0,0.0,1.0,0.0,0.0,1
AR2D9G4V4GGUF,0.0,5.0,0.0,1.0,1.0,1.0,1
AR2MFHU7NDF9Z,0.0,5.0,0.0,1.0,1.0,1.0,1
AR3ECVXFV9VRJ,0.0,4.0,0.0,1.0,0.0,1.0,1
AR3HUTA2RFUL5,0.0,4.0,0.0,1.0,0.0,1.0,1
AR4K3SYUFBP4G,0.0,4.0,0.0,1.0,0.0,1.0,1
AR4KYWHKCDTUG,0.0,5.0,0.0,1.0,1.0,1.0,1
AR52CXOX54AW6,0.0,5.0,0.0,1.0,1.0,1.0,2
AR5UBWWTT2UQM,0.0,5.0,0.0,1.0,1.0,1.0,1
AR61QCJ7Y19XG,0.0,5.0,0.0,1.0,1.0,1.0,1
AR64CEBJWBICU,0.0,3.0,0.0,1.0,0.0,0.0,1
AR6E0WAEOCUKI,0.0,5.0,0.0,1.0,1.0,1.0,1
AR6VJYNAOOY0X,0.0,3.0,0.0,1.0,0.0,0.0,1
AR6X6ZNF1XN5X,0.0,5.0,0.0,1.0,1.0,1.0,1
AR7DDYZNJSSSK,0.0,4.0,0.0,1.0,0.0,1.0,1
AR87CWP6KEL4A,0.0,5.0,0.0,1.0,1.0,1.0,1
ARA94YWRAIAWG,0.0,1.0,0.0,1.0,0.0,0.0,1
ARAS5VERQ8BH2,0.0,5.0,0.0,1.0,1.0,1.0,1
ARBA3PVDL118W,0.0,3.0,0.0,1.0,0.0,0.0,1
ARBCOEQNK389G,0.0,4.0,0.0,1.0,0.0,1.0,1
ARBV8U9I8C1BK,0.0,5.0,0.0,1.0,1.0,1.0,1
ARC5ASW9CUAGP,0.0,1.0,0.0,1.0,0.0,0.0,1
ARFRKSZXZF0PS,0.0,3.0,0.0,1.0,0.0,0.0,1
ARHGG2KXAPR32,0.0,2.0,0.0,1.0,0.0,0.0,1
ARHH1P2PLAFSJ,0.0,3.0,0.0,1.0,0.0,0.0,1
ARHPPI71WHUZ3,0.0,5.0,0.0,1.0,1.0,1.0,1
ARI60NK07Q9D,0.0,1.0,0.0,1.0,0.0,0.0,1
ARJ1P9IS56IE4,0.0,5.0,0.0,1.0,1.0,1.0,1
ARKQYQ6FMLT3H,0.0,5.0,0.0,1.0,1.0,1.0,1
ARLTYP6WGMJSZ,0.0,5.0,0.0,1.0,1.0,1.0,1
ARM4MTNZK1975,0.0,5.0,0.0,1.0,1.0,1.0,1
ARNWCLQZFQECA,0.0,4.0,0.0,1.0,0.0,1.0,1
ARNWCQZHZWKW8,0.0,5.0,0.0,1.0,1.0,1.0,1
ARO8OA4O33PL3,0.0,5.0,0.0,1.0,1.0,1.0,1
AROAG742G5QQV,0.0,5.0,0.0,1.0,1.0,1.0,1
AROTQNRZ51CUU,0.0,2.0,0.0,1.0,0.0,0.0,1
AROWZGGO4VTJU,0.0,5.0,0.0,1.0,1.0,1.0,1
ARPX4QADOUSVM,0.0,5.0,0.0,1.0,1.0,1.0,1
ARQ945F4OIWVI,0.0,2.0,0.0,1.0,0.0,0.0,1
ARR335JD5JNJ3,0.0,5.0,0.0,1.0,1.0,1.0,1
ARSW44J26H0WY,0.0,5.0,0.0,1.0,1.0,1.0,1
ART6PY1KQ0CR7,0.0,3.0,0.0,1.0,0.0,0.0,1
ARTA78TP6H73D,0.0,5.0,0.0,1.0,1.0,1.0,1
ARTOW7IV000K8,0.0,2.0,0.0,1.0,0.0,0.0,1
ARUQAU51OAMTQ,0.0,5.0,0.0,1.0,1.0,1.0,1
ARVIOWMXTTQ50,0.0,2.0,0.0,1.0,0.0,0.0,1
ARVW5GNMO9QU7,0.0,5.0,0.0,1.0,1.0,1.0,1
ARWR2O48OIGKH,0.0,5.0,0.0,1.0,1.0,1.0,1
ARWRBORADGA3G,0.0,5.0,0.0,1.0,1.0,1.0,1
ARX6W8UN2PYJ1,0.0,5.0,0.0,1.0,1.0,1.0,1
ARXU3FESTWMJJ,0.9138646883853214,3.2,1.2292725943057183,0.08613531161467858,0.1,0.5,10
ARXYNHFIXEYO2,0.0,5.0,0.0,1.0,1.0,1.0,1
ARYHWHSUK58LO,0.0,3.0,0.0,1.0,0.0,0.0,1
ARZX1CBWP7M2W,0.0,2.0,0.0,1.0,0.0,0.0,1
AS02U020MGBSV,0.0,4.0,0.0,1.0,0.0,1.0,1
AS035WUAUHUOF,0.0,5.0,0.0,1.0,1.0,1.0,1
AS0NBFJ2W5NSW,0.0,5.0,0.0,1.0,1.0,1.0,1
AS0NL4FNH6XGS,0.0,1.0,0.0,1.0,0.0,0.0,1
AS0QMBY6C5US9,0.0,1.0,0.0,1.0,0.0,0.0,1
AS0RNYRU3YTWW,0.0,4.0,0.0,1.0,0.0,1.0,1
AS19IWGORT8IT,0.0,4.0,0.0,1.0,0.0,1.0,1
AS21S3XF7XEG1,0.0,5.0,0.0,1.0,1.0,1.0,1
AS269J1OGZT1V,0.0,5.0,0.0,1.0,1.0,1.0,1
AS28WVBBZ3G99,0.0,5.0,0.0,1.0,1.0,1.0,1
AS4A8GH1B5QBP,0.0,4.0,0.0,1.0,0.0,1.0,1
AS4V31G3T0L3Z,0.0,5.0,0.0,1.0,1.0,1.0,1
AS5IJXFUJQX5G,0.0,4.0,0.0,1.0,0.0,1.0,1
AS5NJXTCU9LX8,0.0,5.0,0.0,1.0,1.0,1.0,1
AS5TFE8EY77WU,0.0,2.0,0.0,1.0,0.0,0.0,1
AS6534SXKS1KZ,0.0,5.0,0.0,1.0,1.0,1.0,1
AS6OC9WIHIQU0,0.0,5.0,0.0,1.0,1.0,1.0,1
AS730BK4JQF0V,0.0,5.0,0.0,1.0,1.0,1.0,1
AS7J4952JB5XR,0.0,5.0,0.0,1.0,1.0,1.0,1
AS8C336DDLSO4,0.0,4.0,0.0,1.0,0.0,1.0,2
AS8IC1P9Y4VR1,0.0,5.0,0.0,1.0,1.0,1.0,1
AS9WUVBL06T87,0.0,5.0,0.0,1.0,1.0,1.0,1
AS9YSOCMP1D9D,0.0,5.0,0.0,1.0,1.0,1.0,1
ASAE723AV7MYO,0.0,4.0,0.0,1.0,0.0,1.0,1
ASAK3HY21OTNN,0.0,5.0,0.0,1.0,1.0,1.0,1
ASB7THP27C5SN,0.0,4.0,0.0,1.0,0.0,1.0,1
ASBCVHHEO1QXB,0.0,5.0,0.0,1.0,1.0,1.0,1
ASCBJEPXTOU0V,0.0,5.0,0.0,1.0,1.0,1.0,1
ASCRBSK5RD33H,0.0,5.0,0.0,1.0,1.0,1.0,1
ASDFYMJ1MTPE7,0.0,4.0,0.0,1.0,0.0,1.0,1
ASFTFWEKF1KKR,0.0,5.0,0.0,1.0,1.0,1.0,1
ASFUUFA3EKP6T,0.0,5.0,0.0,1.0,1.0,1.0,1
ASG60YVY09J6D,0.0,1.0,0.0,1.0,0.0,0.0,1
ASGCTZMBO161A,0.0,5.0,0.0,1.0,1.0,1.0,1
ASGG9KYGIIDGO,0.0,5.0,0.0,1.0,1.0,1.0,1
ASGL4FBI6GZW0,0.0,5.0,0.0,1.0,1.0,1.0,1
ASH6NHZ1Z2O51,0.0,5.0,0.0,1.0,1.0,1.0,1
ASHA8TXSJ1GRF,0.0,4.0,0.0,1.0,0.0,1.0,1
ASHJAZC9OA9NS,0.0,5.0,0.0,1.0,1.0,1.0,1
ASHQ1JCA241D6,0.43067655807339306,4.5,0.7071067811865476,0.5693234419266069,0.5,1.0,2
ASIUDXST0XPH,0.0,2.0,0.0,1.0,0.0,0.0,1
ASJN4DBPLF53L,0.0,5.0,0.0,1.0,1.0,1.0,1
ASJSX783R5HTZ,0.0,5.0,0.0,1.0,1.0,1.0,1
ASKFD1IPJ0PQ9,0.0,5.0,0.0,1.0,1.0,1.0,1
ASKH5LEPX8O39,0.0,5.0,0.0,1.0,1.0,1.0,1
ASKH6TPNTTAFS,0.0,5.0,0.0,1.0,1.0,1.0,1
ASL99TDING270,0.0,2.0,0.0,1.0,0.0,0.0,1
ASLAICRA179OS,0.0,5.0,0.0,1.0,1.0,1.0,1
ASLITWH5GJ1T5,0.0,5.0,0.0,1.0,1.0,1.0,1
ASOD8X0ZOI3SU,0.0,4.0,0.0,1.0,0.0,1.0,1
ASOG5QER5G0CE,0.0,5.0,0.0,1.0,1.0,1.0,1
ASOQKF9ZNJ1YO,0.0,4.0,0.0,1.0,0.0,1.0,1
ASPN95ORQQDS0,0.0,5.0,0.0,1.0,1.0,1.0,1
ASQIJSJUYE00F,0.0,5.0,0.0,1.0,1.0,1.0,1
ASRMT0X0G4UU2,0.0,4.0,0.0,1.0,0.0,1.0,1
ASRSXQNGDV0HG,0.0,5.0,0.0,1.0,1.0,1.0,1
ASSOOHA7T12OA,0.0,5.0,0.0,1.0,1.0,1.0,1
AST7UNIXVOAVA,0.0,5.0,0.0,1.0,1.0,1.0,1
ASV6KRCHWHOU2,0.0,4.0,0.0,1.0,0.0,1.0,1
ASV9LQSCXMG06,0.0,5.0,0.0,1.0,1.0,1.0,1
ASWHZ0TTPT0P0,0.0,5.0,0.0,1.0,1.0,1.0,1
ASWOF6PRBN5V0,0.0,4.0,0.0,1.0,0.0,1.0,1
ASWYSSKL9LL9X,0.5904362833084089,4.2,1.3038404810405297,0.4095637166915911,0.6,0.8,5
ASY25YMTIC2A9,0.0,5.0,0.0,1.0,1.0,1.0,1
ASY5SLOQQNPR9,0.0,5.0,0.0,1.0,1.0,1.0,1
ASYWPMAIO0HGD,0.0,5.0,0.0,1.0,1.0,1.0,1
ASZL6B12IBU69,0.0,2.0,0.0,1.0,0.0,0.0,1
AT09WGFUM934H,0.0,3.0,0.0,1.0,0.0,0.0,1
AT28RL25Q2OLK,0.43067655807339306,4.5,0.7071067811865476,0.5693234419266069,0.5,1.0,2
AT2BYFEVLVITT,0.5904362833084089,4.4,0.8944271909999159,0.4095637166915911,0.6,0.8,5
AT2J7H5TRZM8Z,0.0,5.0,0.0,1.0,1.0,1.0,2
AT3JKJUMYKAK,0.0,5.0,0.0,1.0,1.0,1.0,1
AT3P5M14UHVCX,0.0,5.0,0.0,1.0,1.0,1.0,1
AT4AV7XIQDKQP,0.5904362833084089,3.8,1.7888543819998317,0.4095637166915911,0.6,0.6,5
AT4KBG3R728L8,0.0,3.0,0.0,1.0,0.0,0.0,1
AT4MNYYZWM907,0.0,5.0,0.0,1.0,1.0,1.0,1
AT4UTUQP51RZG,0.0,5.0,0.0,1.0,1.0,1.0,2
AT6EUQERXGR8Z,0.0,5.0,0.0,1.0,1.0,1.0,1
AT7MEX6AWQF8P,0.43067655807339306,4.5,0.7071067811865476,0.5693234419266069,0.5,1.0,2
AT8TIN5JKHO2V,0.6554587535412857,3.8,0.8366600265340756,0.3445412464587143,0.2,0.6,5
AT9254GWBBOTC,0.0,4.0,0.0,1.0,0.0,1.0,1
AT961EZ6E5L0A,0.0,5.0,0.0,1.0,1.0,1.0,1
AT99SIDKSIFI7,0.0,4.0,0.0,1.0,0.0,1.0,1
AT9TLGZ5UHY0C,0.0,5.0,0.0,1.0,1.0,1.0,1
ATA1ENQCHVZVV,0.0,5.0,0.0,1.0,1.0,1.0,1
ATACHC51UNRMG,0.43067655807339306,4.5,0.7071067811865476,0.5693234419266069,0.5,1.0,2
ATAS1JU2SXBL4,0.0,5.0,0.0,1.0,1.0,1.0,1
ATC3ZSRYRONK,0.0,5.0,0.0,1.0,1.0,1.0,1
ATC79W2A44517,0.0,4.0,0.0,1.0,0.0,1.0,1
ATCBM6W5YELBY,0.0,5.0,0.0,1.0,1.0,1.0,1
ATDE9JYCPI0L1,0.0,5.0,0.0,1.0,1.0,1.0,1
ATDEJ6381GRZJ,0.0,5.0,0.0,1.0,1.0,1.0,1
ATEDSY50EDAMI,0.0,5.0,0.0,1.0,1.0,1.0,1
ATELSGYOHCL3E,0.39548848910372325,4.666666666666667,0.5773502691896258,0.6045115108962767,0.6666666666666666,1.0,3
ATEQ0KDIJ7K89,0.0,4.0,0.0,1.0,0.0,1.0,1
ATEUCBITZJ5XO,0.0,5.0,0.0,1.0,1.0,1.0,1
ATF9GIT9E3X5S,0.0,3.0,0.0,1.0,0.0,0.0,1
ATFXPMUBXBQ99,0.0,5.0,0.0,1.0,1.0,1.0,1
ATGYH0TKHY9A1,0.0,1.0,0.0,1.0,0.0,0.0,1
ATI4GZAY97L2R,0.0,5.0,0.0,1.0,1.0,1.0,1
ATIESTXNUFNSW,0.0,3.0,0.0,1.0,0.0,0.0,1
ATIOA4WH6UE1C,0.0,5.0,0.0,1.0,1.0,1.0,1
ATKBLA1K7BYE8,0.0,5.0,0.0,1.0,1.0,1.0,1
ATKFSP54JDDEO,0.0,5.0,0.0,1.0,1.0,1.0,1
ATLCOMAE8J7FO,0.0,5.0,0.0,1.0,1.0,1.0,1
ATLYYBE1OCCTO,0.0,4.0,0.0,1.0,0.0,1.0,1
ATNZ6ZION5HI1,0.0,5.0,0.0,1.0,1.0,1.0,1
ATO7H6R5SQKIX,0.0,5.0,0.0,1.0,1.0,1.0,1
ATOFTVML8LX4D,0.0,4.0,0.0,1.0,0.0,1.0,1
ATOGPZKOA5QKQ,0.0,3.0,0.0,1.0,0.0,0.0,1
ATOKT8QYK967L,0.0,4.0,0.0,1.0,0.0,1.0,1
ATOYJCSSSOSWQ,0.0,5.0,0.0,1.0,1.0,1.0,1
ATQ97ZM79XJ3J,0.0,5.0,0.0,1.0,1.0,1.0,1
ATQI6GADZOH0X,0.0,5.0,0.0,1.0,1.0,1.0,1
ATQQA4VFSCXAG,0.0,5.0,0.0,1.0,1.0,1.0,1
ATQVLZOBO68E9,0.0,5.0,0.0,1.0,1.0,1.0,1
ATR5E4GBL8V1J,0.0,5.0,0.0,1.0,1.0,1.0,1
ATRSE31FLPUOP,0.0,4.0,0.0,1.0,0.0,1.0,1
ATRZDZST8GM5W,0.0,5.0,0.0,1.0,1.0,1.0,1
ATSVUBE2115N1,0.0,5.0,0.0,1.0,1.0,1.0,1
ATSW2ZBGB9E9G,0.0,5.0,0.0,1.0,1.0,1.0,1
ATTFTGJKCAHV,0.0,5.0,0.0,1.0,1.0,1.0,1
ATVG5JYNR3EWN,0.0,1.0,0.0,1.0,0.0,0.0,1
ATW0Z57E2G30I,0.0,5.0,0.0,1.0,1.0,1.0,1
ATW2I5S6S2PFA,0.0,5.0,0.0,1.0,1.0,1.0,4
ATW8R44NDYHSM,0.0,3.0,0.0,1.0,0.0,0.0,1
ATWC3WIN06B9A,0.0,5.0,0.0,1.0,1.0,1.0,1
ATWGAAUYYLACR,0.0,5.0,0.0,1.0,1.0,1.0,1
ATWPVC644K29Z,0.0,5.0,0.0,1.0,1.0,1.0,1
ATWVJUHW78DQL,0.0,4.0,0.0,1.0,0.0,1.0,1
ATXGAWFZAYEKT,0.0,5.0,0.0,1.0,1.0,1.0,1
ATXRV6Z3N08ZX,0.43067655807339306,3.0,2.8284271247461903,0.5693234419266069,0.5,0.5,2
ATXSOMIK98ZMH,0.0,3.0,0.0,1.0,0.0,0.0,1
ATXZN4ZBT7VT,0.0,5.0,0.0,1.0,1.0,1.0,1
ATY86XH2DJ4ZH,0.0,2.0,0.0,1.0,0.0,0.0,1
ATYQBGM6Q5UMD,0.0,4.0,0.0,1.0,0.0,1.0,1
ATZ1E69I6MF0N,0.0,3.0,0.0,1.0,0.0,0.0,1
AU0V5EYSZT9SK,0.0,5.0,0.0,1.0,1.0,1.0,1
AU23M8NFNISHE,0.0,3.0,0.0,1.0,0.0,0.0,1
AU4H7OG5UFDWO,0.0,5.0,0.0,1.0,1.0,1.0,1
AU61SDVMO3PQG,0.0,5.0,0.0,1.0,1.0,1.0,1
AU7L8ZYYMSNRQ,0.0,4.0,0.0,1.0,0.0,1.0,1
AU7O296O6PXZM,0.0,5.0,0.0,1.0,1.0,1.0,1
AU8A5W8DWEMVP,0.0,5.0,0.0,1.0,1.0,1.0,1
AU8DH6AOA1YOJ,0.0,5.0,0.0,1.0,1.0,1.0,1
AU8E774SC8TWK,0.0,5.0,0.0,1.0,1.0,1.0,1
AU9BPT3Y3K6J4,0.0,5.0,0.0,1.0,1.0,1.0,1
AU9LWFAOXCZOV,0.0,4.0,0.0,1.0,0.0,1.0,1
AU9TU640Z88PY,0.0,5.0,0.0,1.0,1.0,1.0,1
AUBQ9SL293I8X,0.0,4.0,0.0,1.0,0.0,1.0,1
AUCF61BNJ5ZX7,0.3493984702822971,4.5,0.9999999999999999,0.6506015297177029,0.75,0.75,4
AUCIFMWP3DU8R,0.0,5.0,0.0,1.0,1.0,1.0,1
AUCISQA1YXX86,0.0,2.0,0.0,1.0,0.0,0.0,1
AUDSB403UNG6L,0.0,4.0,0.0,1.0,0.0,1.0,1
AUDW7XTPPD79T,0.0,5.0,0.0,1.0,1.0,1.0,1
AUEBGCH3FFPTQ,0.0,5.0,0.0,1.0,1.0,1.0,1
AUEZ029EW5BF5,0.0,5.0,0.0,1.0,1.0,1.0,1
AUFX5ZHXKCQ8V,0.0,1.0,0.0,1.0,0.0,0.0,1
AUGDEAVGV90X5,0.0,5.0,0.0,1.0,1.0,1.0,1
AUHT4M1W3G7PJ,0.0,5.0,0.0,1.0,1.0,1.0,1
AUIRGT6DWUVD,0.0,5.0,0.0,1.0,1.0,1.0,1
AUITG1DJ3QUGK,0.39548848910372325,3.6666666666666665,1.1547005383792515,0.6045115108962767,0.3333333333333333,0.3333333333333333,3
AUIZCHYZLLQCX,0.0,5.0,0.0,1.0,1.0,1.0,1
AUJUHU8L50OMU,0.0,5.0,0.0,1.0,1.0,1.0,1
AUJWP901VCRQ9,0.0,4.0,0.0,1.0,0.0,1.0,1
AUKEU9CW56TT4,0.0,5.0,0.0,1.0,1.0,1.0,1
AUKMX8TAFE3BA,0.0,4.0,0.0,1.0,0.0,1.0,1
AUL0JCNC6QZ2L,0.0,5.0,0.0,1.0,1.0,1.0,1
AULAFZN0HMQG0,0.0,1.0,0.0,1.0,0.0,0.0,1
AULFLNWJP1QXY,0.0,2.0,0.0,1.0,0.0,0.0,1
AUM9K0KZGK653,0.0,5.0,0.0,1.0,1.0,1.0,1
AUMJC6WY81CEI,0.0,4.0,0.0,1.0,0.0,1.0,1
AUNJAQP3VECI5,0.0,4.0,0.0,1.0,0.0,1.0,1
AUPCERMZ6ASML,0.0,3.0,0.0,1.0,0.0,0.0,1
AUPIVCP28NXK3,0.0,5.0,0.0,1.0,1.0,1.0,1
AUQ222SF27VCL,0.0,5.0,0.0,1.0,1.0,1.0,1
AUQQWQ5GTVKTQ,0.0,5.0,0.0,1.0,1.0,1.0,1
AUQX2NKVSRZ2A,0.0,5.0,0.0,1.0,1.0,1.0,1
AURHQ3OVNNSLK,0.0,5.0,0.0,1.0,1.0,1.0,1
AURW67ORPANXK,0.43067655807339306,4.0,1.4142135623730951,0.5693234419266069,0.5,0.5,2
AUS81YHTM2MPY,0.0,4.0,0.0,1.0,0.0,1.0,1
AUTNL9E3MTR4M,0.0,5.0,0.0,1.0,1.0,1.0,1
AUUV3XDYB16X5,0.0,5.0,0.0,1.0,1.0,1.0,1
AUVCTHRJWGFXN,0.0,2.0,0.0,1.0,0.0,0.0,1
AUWG3HK4IAG92,0.0,2.0,0.0,1.0,0.0,0.0,1
AUX0AAT25O9O0,0.0,5.0,0.0,1.0,1.0,1.0,1
AUX8P4Q9RG6IN,0.0,5.0,0.0,1.0,1.0,1.0,1
AUXGETYE86593,0.0,5.0,0.0,1.0,1.0,1.0,1
AUY3CWAZDVGT5,0.0,5.0,0.0,1.0,1.0,1.0,1
AV0D9NPLN8BIL,0.0,5.0,0.0,1.0,1.0,1.0,1
AV1B3S6ONDIWL,0.0,4.0,0.0,1.0,0.0,1.0,1
AV1GL5WEA5MRW,0.0,4.0,0.0,1.0,0.0,1.0,1
AV27WAAYOTH0U,0.0,4.0,0.0,1.0,0.0,1.0,1
AV3CY3MLHJ511,0.0,5.0,0.0,1.0,1.0,1.0,1
AV4OIRMTG6QXC,0.0,5.0,0.0,1.0,1.0,1.0,1
AV4RSVB9BP8PS,0.0,5.0,0.0,1.0,1.0,1.0,1
AV5OYCF0TNUZZ,0.0,4.0,0.0,1.0,0.0,1.0,1
AV5QKR5O2XE1I,0.0,5.0,0.0,1.0,1.0,1.0,1
AV5UHOOAXF5FN,0.43067655807339306,4.5,0.7071067811865476,0.5693234419266069,0.5,1.0,2
AV7371VDFACZO,0.0,4.0,0.0,1.0,0.0,1.0,1
AV8NTE7E9QGJX,0.0,4.0,0.0,1.0,0.0,1.0,1
AV8XORAUWHHZJ,0.0,5.0,0.0,1.0,1.0,1.0,1
AV90JD8C9IUD0,0.0,4.0,0.0,1.0,0.0,1.0,1
AVA8EWZIPA3N5,0.0,3.0,0.0,1.0,0.0,0.0,1
AVAM30BI2NOOR,0.0,4.0,0.0,1.0,0.0,1.0,1
AVATJWYV4L8T9,0.0,5.0,0.0,1.0,1.0,1.0,1
AVB1BHAHK1YH0,0.0,1.0,0.0,1.0,0.0,0.0,1
AVBG4AB5XVKNB,0.0,5.0,0.0,1.0,1.0,1.0,1
AVBJLSSLIQEMP,0.0,3.0,0.0,1.0,0.0,0.0,1
AVCLMVDU3FMSH,0.0,5.0,0.0,1.0,1.0,1.0,1
AVDW3OAVWWE05,0.0,4.0,0.0,1.0,0.0,1.0,1
AVE2J7PNE0L9C,0.6826061944859853,4.0,1.0,0.31739380551401475,0.3333333333333333,0.6666666666666666,3
AVEUMSBNRA5TJ,0.0,3.0,0.0,1.0,0.0,0.0,1
AVFB9B931P1CJ,0.0,4.0,0.0,1.0,0.0,1.0,1
AVFDFNRFLXGKG,0.0,5.0,0.0,1.0,1.0,1.0,1
AVGNO39FVLP3F,0.0,5.0,0.0,1.0,1.0,1.0,1
AVH94LMMMVXSO,0.0,5.0,0.0,1.0,1.0,1.0,1
AVHB9LLVCTEKY,0.0,5.0,0.0,1.0,1.0,1.0,1
AVJRYJHGXR3NX,0.0,1.0,0.0,1.0,0.0,0.0,1
AVJT1MBYL5QZJ,0.43067655807339306,4.5,0.7071067811865476,0.5693234419266069,0.5,1.0,2
AVKN56YCOTI2W,0.43067655807339306,3.0,2.8284271247461903,0.5693234419266069,0.5,0.5,2
AVL70UM8UXA3L,0.0,5.0,0.0,1.0,1.0,1.0,1
AVLWZUZ594UT4,0.0,4.0,0.0,1.0,0.0,1.0,1
AVM0RJ1L4FBJW,0.0,4.0,0.0,1.0,0.0,1.0,1
AVMWJGOUXWY2D,0.0,5.0,0.0,1.0,1.0,1.0,1
AVOFGZ70P39BH,0.43067655807339306,4.5,0.7071067811865476,0.5693234419266069,0.5,1.0,2
AVPDFPMZK4Q65,0.0,5.0,0.0,1.0,1.0,1.0,1
AVPJ9F4OR0VRB,0.0,5.0,0.0,1.0,1.0,1.0,1
AVPY9B8NYUMJG,0.39548848910372325,4.333333333333333,0.5773502691896257,0.6045115108962767,0.3333333333333333,1.0,3
AVQLDV5MMCDVM,0.0,3.0,0.0,1.0,0.0,0.0,1
AVR7XAXTFT3K9,0.0,4.0,0.0,1.0,0.0,1.0,1
AVRFGGCCCR6QU,0.0,4.0,0.0,1.0,0.0,1.0,1
AVRV5S5L7MJNC,0.0,5.0,0.0,1.0,1.0,1.0,1
AVSMRPI23DQI2,0.0,5.0,0.0,1.0,1.0,1.0,1
AVSVOKDI0AGR7,0.0,5.0,0.0,1.0,1.0,1.0,1
AVSYVH92H3Y64,0.0,4.0,0.0,1.0,0.0,1.0,1
AVUAK0N5NI9X2,0.0,4.0,0.0,1.0,0.0,1.0,1
AVUE941QR0MI2,0.0,5.0,0.0,1.0,1.0,1.0,1
AVUJQ7L84Q5M2,0.0,2.0,0.0,1.0,0.0,0.0,1
AVV7G36385NL0,0.0,4.0,0.0,1.0,0.0,1.0,1
AVV7UXTHR0NWS,0.0,5.0,0.0,1.0,1.0,1.0,2
AVVD6V3FYC99O,0.0,5.0,0.0,1.0,1.0,1.0,1
AVW90M65ADTDM,0.0,4.0,0.0,1.0,0.0,1.0,1
AVWFHFRDVOC6Q,0.0,4.0,0.0,1.0,0.0,1.0,1
AVWRG73FEVBQV,0.0,5.0,0.0,1.0,1.0,1.0,1
AVX4WIV5O4F93,0.0,4.0,0.0,1.0,0.0,1.0,2
AVXOTIX8WM0T7,0.0,5.0,0.0,1.0,1.0,1.0,1
AVZDJYULA3P3M,0.0,5.0,0.0,1.0,1.0,1.0,1
AW003H7Z3OCHA,0.0,5.0,0.0,1.0,1.0,1.0,2
AW05BRCRWPZWA,0.43067655807339306,3.5,2.1213203435596424,0.5693234419266069,0.5,0.5,2
AW07UH6002PLJ,0.0,5.0,0.0,1.0,1.0,1.0,1
AW08US1RAYI0B,0.0,5.0,0.0,1.0,1.0,1.0,1
AW0SOAPEY2I7,0.0,3.0,0.0,1.0,0.0,0.0,1
AW1D68VYR0HD0,0.0,5.0,0.0,1.0,1.0,1.0,1
AW2HM4QASXSA6,0.0,5.0,0.0,1.0,1.0,1.0,1
AW2YZ8GHU8GIV,0.43067655807339306,4.5,0.7071067811865476,0.5693234419266069,0.5,1.0,2
AW37W6PEWFCD7,0.0,5.0,0.0,1.0,1.0,1.0,1
AW3KFYL19VZPL,0.0,5.0,0.0,1.0,1.0,1.0,1
AW3LX47IHPFRL,0.0,5.0,0.0,1.0,1.0,1.0,1
AW4ZR3T63NCP0,0.0,4.0,0.0,1.0,0.0,1.0,1
AW68KVDV7BBRS,0.0,5.0,0.0,1.0,1.0,1.0,2
AW6A4PPENVZY3,0.0,5.0,0.0,1.0,1.0,1.0,1
AW7KZSHZBK75S,0.0,5.0,0.0,1.0,1.0,1.0,1
AW8UBYMNJ894V,0.0,4.0,0.0,1.0,0.0,1.0,1
AW8YACI7RNNC,0.0,5.0,0.0,1.0,1.0,1.0,1
AW96RTBLM8068,0.0,5.0,0.0,1.0,1.0,1.0,1
AW9QRZNFIT95F,0.0,4.0,0.0,1.0,0.0,1.0,1
AWA8NYOA1CPBS,0.0,5.0,0.0,1.0,1.0,1.0,1
AWAJT50EE2PBD,0.0,5.0,0.0,1.0,1.0,1.0,1
AWB00UIW85BNV,0.0,4.0,0.0,1.0,0.0,1.0,1
AWBUA3QUM6DRY,0.0,4.0,0.0,1.0,0.0,1.0,2
AWBZ0P0P842NG,0.0,4.0,0.0,1.0,0.0,1.0,1
AWBZAHKAN64CO,0.0,5.0,0.0,1.0,1.0,1.0,2
AWC8CTW8N2XVE,0.0,5.0,0.0,1.0,1.0,1.0,1
AWCWQ5N8EB1XW,0.0,5.0,0.0,1.0,1.0,1.0,1
AWDYLVB91K23B,0.0,5.0,0.0,1.0,1.0,1.0,1
AWELDY8FAE20O,0.0,5.0,0.0,1.0,1.0,1.0,1
AWGXF4XREHKBR,0.0,5.0,0.0,1.0,1.0,1.0,1
AWHT8HM8R4B3Z,0.0,4.0,0.0,1.0,0.0,1.0,1
AWKQGHK4122WI,0.0,3.0,0.0,1.0,0.0,0.0,1
AWLUBRTNZP5FL,0.0,5.0,0.0,1.0,1.0,1.0,1
AWMFKTA75KJQB,0.0,5.0,0.0,1.0,1.0,1.0,1
AWN8Q7FYS4G09,0.0,5.0,0.0,1.0,1.0,1.0,1
AWNWOMUT9HS2D,0.0,4.0,0.0,1.0,0.0,1.0,1
AWO7V8RR26RMX,0.0,4.0,0.0,1.0,0.0,1.0,1
AWORZ9HO1HCTB,0.0,5.0,0.0,1.0,1.0,1.0,1
AWPODHOB4GFWL,0.43067655807339306,4.5,0.7071067811865476,0.5693234419266069,0.5,1.0,2
AWPRJUXW39ZYC,0.0,5.0,0.0,1.0,1.0,1.0,1
AWS3IPO8RQSUB,0.0,5.0,0.0,1.0,1.0,1.0,1
AWSTQ0RMVNH0R,0.0,5.0,0.0,1.0,1.0,1.0,1
AWUBTQZOBGFKK,0.0,5.0,0.0,1.0,1.0,1.0,1
AWUQ43W80B8ED,0.0,3.0,0.0,1.0,0.0,0.0,1
AWVAHIB7Q3UD6,0.0,5.0,0.0,1.0,1.0,1.0,1
AWWBWAEQ8UUO0,0.0,5.0,0.0,1.0,1.0,1.0,1
AWWBZZXN32I6H,0.0,1.0,0.0,1.0,0.0,0.0,1
AWXRPZ7F3D1UH,0.0,5.0,0.0,1.0,1.0,1.0,1
AWYOVVOCJIGBK,0.0,3.0,0.0,1.0,0.0,0.0,1
AWYSI7X29SQ9D,0.0,5.0,0.0,1.0,1.0,1.0,1
AWZ47W0194UVT,0.0,5.0,0.0,1.0,1.0,1.0,1
AWZTZR9GATRZH,0.0,5.0,0.0,1.0,1.0,1.0,1
AX27RYM65B3GI,0.0,4.0,0.0,1.0,0.0,1.0,1
AX329NHW6B7BA,0.0,4.0,0.0,1.0,0.0,1.0,1
AX3VPBCU8F4RF,0.0,5.0,0.0,1.0,1.0,1.0,1
AX802DK9MMMYD,0.43067655807339306,4.0,1.4142135623730951,0.5693234419266069,0.5,0.5,2
AX8SWWB9837TA,0.0,5.0,0.0,1.0,1.0,1.0,3
AX9FIZX89LNFQ,0.0,5.0,0.0,1.0,1.0,1.0,1
AXABTEYS7A4A8,0.0,5.0,0.0,1.0,1.0,1.0,1
AXAJXJZUL2J5P,0.0,5.0,0.0,1.0,1.0,1.0,1
AXALKJR9F4USW,0.0,5.0,0.0,1.0,1.0,1.0,1
AXCUPHHJJWZ3C,0.0,5.0,0.0,1.0,1.0,1.0,1
AXCWZ8HUF332W,0.0,4.0,0.0,1.0,0.0,1.0,1
AXDCA2CU2BNSG,0.0,5.0,0.0,1.0,1.0,1.0,3
AXDI7SSVP9VMZ,0.0,2.0,0.0,1.0,0.0,0.0,1
AXDM1069BD601,0.0,5.0,0.0,1.0,1.0,1.0,2
AXEBO3BWCTWCK,0.0,2.0,0.0,1.0,0.0,0.0,1
AXF1G21IMHCU6,0.0,1.0,0.0,1.0,0.0,0.0,1
AXF7HOXQDTVOQ,0.0,5.0,0.0,1.0,1.0,1.0,1
AXGSXTSBRGDMZ,0.0,5.0,0.0,1.0,1.0,1.0,1
AXHEZ7BIWEYX6,0.0,5.0,0.0,1.0,1.0,1.0,1
AXHZ3GKG02IQY,0.0,5.0,0.0,1.0,1.0,1.0,1
AXI2RYB20ZZM4,0.0,5.0,0.0,1.0,1.0,1.0,1
AXI7RR4TBX3DZ,0.0,3.0,0.0,1.0,0.0,0.0,1
AXIFW4FX85291,0.0,4.0,0.0,1.0,0.0,1.0,1
AXJ1QYBUL86ON,0.0,3.0,0.0,1.0,0.0,0.0,1
AXJU138LSIS2J,0.0,5.0,0.0,1.0,1.0,1.0,1
AXK9O1OC2I2PD,0.0,5.0,0.0,1.0,1.0,1.0,1
AXKVDODFCKHYJ,0.0,3.0,0.0,1.0,0.0,0.0,1
AXL5F6RXDQMEW,0.0,1.0,0.0,1.0,0.0,0.0,1
AXLQP6J93X2NQ,0.0,4.0,0.0,1.0,0.0,1.0,1
AXLRBD9NUE6BV,0.0,5.0,0.0,1.0,1.0,1.0,1
AXMV0OS9TZN0I,0.0,4.0,0.0,1.0,0.0,1.0,1
AXN9VY5129WYT,0.0,5.0,0.0,1.0,1.0,1.0,1
AXNQ3UXQ3P5HE,0.0,5.0,0.0,1.0,1.0,1.0,1
AXNVP9GQR85I1,0.0,5.0,0.0,1.0,1.0,1.0,1
AXO2I2EINB39S,0.0,5.0,0.0,1.0,1.0,1.0,1
AXPQHTRIH7TPK,0.0,1.0,0.0,1.0,0.0,0.0,1
AXQ9TA3XU93T2,0.0,5.0,0.0,1.0,1.0,1.0,1
AXQPJFOALBYAH,0.0,5.0,0.0,1.0,1.0,1.0,1
AXR9PC2II8UCB,0.0,5.0,0.0,1.0,1.0,1.0,1
AXSTY40VP4M45,0.0,5.0,0.0,1.0,1.0,1.0,1
AXT8ASWG8JZQM,0.0,5.0,0.0,1.0,1.0,1.0,1
AXTD5V28KMNTX,0.0,5.0,0.0,1.0,1.0,1.0,1
AXU2CNLS5EGPP,0.0,5.0,0.0,1.0,1.0,1.0,1
AXUY77QFQ14FY,0.0,5.0,0.0,1.0,1.0,1.0,1
AXVORKGHPNFN5,0.0,4.0,0.0,1.0,0.0,1.0,1
AXW14DXA684N4,0.0,1.0,0.0,1.0,0.0,0.0,1
AXX1R3B8LRTCS,0.0,5.0,0.0,1.0,1.0,1.0,1
AXYGT3CBHC1WA,0.0,5.0,0.0,1.0,1.0,1.0,1
AXYIDAFJ8KCDM,0.0,4.0,0.0,1.0,0.0,1.0,1
AXZQYHT23SFAJ,0.0,5.0,0.0,1.0,1.0,1.0,1
AY089FCEGRV2G,0.0,4.0,0.0,1.0,0.0,1.0,1
AY1406KH1MLAP,0.0,5.0,0.0,1.0,1.0,1.0,1
AY18E24VXG8FT,0.0,5.0,0.0,1.0,1.0,1.0,1
AY1AH6JFEURNZ,0.0,5.0,0.0,1.0,1.0,1.0,1
AY1IDZTQDM2D7,0.0,5.0,0.0,1.0,1.0,1.0,1
AY1KGMCPIZRBP,0.0,5.0,0.0,1.0,1.0,1.0,1
AY1WB9I0SE5US,0.0,5.0,0.0,1.0,1.0,1.0,1
AY4B9XKR85TTK,0.0,1.0,0.0,1.0,0.0,0.0,1
AY4RKND47OQHJ,0.0,5.0,0.0,1.0,1.0,1.0,1
AY5VJCY3K4DD8,0.0,4.0,0.0,1.0,0.0,1.0,1
AY62TN9VGKI2Z,0.43067655807339306,3.0,1.4142135623730951,0.5693234419266069,0.0,0.5,2
AY6A8KPYCE6B0,0.0,4.0,0.0,1.0,0.0,1.0,1
AY796UUSZ2ZVA,0.0,5.0,0.0,1.0,1.0,1.0,1
AY7RGI58I9W3B,0.0,5.0,0.0,1.0,1.0,1.0,1
AY80D45F691BD,0.0,4.0,0.0,1.0,0.0,1.0,1
AY8Q1X7G96HV5,0.5660470234199638,4.384615384615385,0.6504436355879905,0.4339529765800362,0.46153846153846156,0.9230769230769231,13
AY99XJF8S74Q5,0.0,5.0,0.0,1.0,1.0,1.0,1
AYAH3223TN3YU,0.0,5.0,0.0,1.0,1.0,1.0,1
AYB4ELCS5AM8P,0.0,5.0,0.0,1.0,1.0,1.0,1
AYBP700B8IW2B,0.0,5.0,0.0,1.0,1.0,1.0,1
AYC7L2YJMZOOC,0.0,5.0,0.0,1.0,1.0,1.0,1
AYCS41BVC7IWA,0.0,5.0,0.0,1.0,1.0,1.0,1
AYE6O5A7WOXR0,0.0,5.0,0.0,1.0,1.0,1.0,1
AYEDD0H73HY09,0.0,4.0,0.0,1.0,0.0,1.0,1
AYEGDBTAK29JA,0.0,5.0,0.0,1.0,1.0,1.0,1
AYEQSGT02CAP3,0.0,5.0,0.0,1.0,1.0,1.0,1
AYEVRJCDITQ8T,0.0,3.0,0.0,1.0,0.0,0.0,1
AYEXT1RVLWRXW,0.43067655807339306,4.5,0.7071067811865476,0.5693234419266069,0.5,1.0,2
AYGB2EFZ3O3IW,0.0,5.0,0.0,1.0,1.0,1.0,1
AYIMQYSNJ96YS,0.0,4.0,0.0,1.0,0.0,1.0,1
AYJG6V3AQONGG,0.0,1.0,0.0,1.0,0.0,0.0,1
AYJJDQQ4EZ5V3,0.0,5.0,0.0,1.0,1.0,1.0,1
AYK7KLKHFHS89,0.0,5.0,0.0,1.0,1.0,1.0,1
AYKQ204JQF419,0.0,5.0,0.0,1.0,1.0,1.0,1
AYLC085ZL5X5O,0.0,5.0,0.0,1.0,1.0,1.0,4
AYM76JWI220Z4,0.0,5.0,0.0,1.0,1.0,1.0,1
AYMBN5CC7IUK7,0.0,1.0,0.0,1.0,0.0,0.0,1
AYMD77ITD15PT,0.0,5.0,0.0,1.0,1.0,1.0,1
AYMDZIOGLRS4Y,0.0,5.0,0.0,1.0,1.0,1.0,1
AYMJ0CNEMPG48,0.0,5.0,0.0,1.0,1.0,1.0,1
AYNE96AZ7GLLB,0.0,5.0,0.0,1.0,1.0,1.0,1
AYO28MSBV9F,0.0,5.0,0.0,1.0,1.0,1.0,1
AYOIM6S23UDAH,0.0,5.0,0.0,1.0,1.0,1.0,1
AYOUAFWNVE76F,0.0,5.0,0.0,1.0,1.0,1.0,1
AYPCGRSNA2IL,0.0,1.0,0.0,1.0,0.0,0.0,1
AYPPJ3KQ6UDOS,0.0,5.0,0.0,1.0,1.0,1.0,1
AYQ6GWCSVVYW8,0.0,1.0,0.0,1.0,0.0,0.0,1
AYQLU316XEFAG,0.0,5.0,0.0,1.0,1.0,1.0,1
AYQNWE3AX4H08,0.0,5.0,0.0,1.0,1.0,1.0,1
AYR1AP117UBVQ,0.0,1.0,0.0,1.0,0.0,0.0,1
AYRAJKPKSORP4,0.43067655807339306,3.5,0.7071067811865476,0.5693234419266069,0.0,0.5,2
AYTGG6XTVUG7G,0.0,4.0,0.0,1.0,0.0,1.0,1
AYVM2DODURDLE,0.0,5.0,0.0,1.0,1.0,1.0,1
AYWIO6OYAGFGQ,0.0,5.0,0.0,1.0,1.0,1.0,4
AYXH5VLBX3GDT,0.0,5.0,0.0,1.0,1.0,1.0,1
AYXJMJJJ8JMXH,0.0,5.0,0.0,1.0,1.0,1.0,1
AYYNNAEWP3W5Y,0.0,5.0,0.0,1.0,1.0,1.0,1
AZ0FIJCBTM6MI,0.0,5.0,0.0,1.0,1.0,1.0,1
AZ0SIZRQWN7RC,0.43067655807339306,4.5,0.7071067811865476,0.5693234419266069,0.5,1.0,2
AZ0TA88HQ76QK,0.0,4.0,0.0,1.0,0.0,1.0,1
AZ1RAP7SF84I3,0.0,5.0,0.0,1.0,1.0,1.0,1
AZ1UEOB5EIU5O,0.0,5.0,0.0,1.0,1.0,1.0,1
AZ2X2P045ZFH2,0.0,5.0,0.0,1.0,1.0,1.0,1
AZ3KFS5LTFPTQ,0.0,4.0,0.0,1.0,0.0,1.0,1
AZ4ZYOPY754KQ,0.0,5.0,0.0,1.0,1.0,1.0,1
AZ5A2S8UZ7RTL,0.0,5.0,0.0,1.0,1.0,1.0,2
AZ6SUJ5T0KBE5,0.0,5.0,0.0,1.0,1.0,1.0,1
AZ7EFFHA5K82P,0.43067655807339306,4.0,1.4142135623730951,0.5693234419266069,0.5,0.5,2
AZ9QAIBGTLTLB,0.0,5.0,0.0,1.0,1.0,1.0,2
AZA96HCU57OVF,0.0,5.0,0.0,1.0,1.0,1.0,1
AZAC8O310IK4E,0.0,5.0,0.0,1.0,1.0,1.0,2
AZANOSUQAY5C6,0.0,4.0,0.0,1.0,0.0,1.0,1
AZBELVP7XNQ2W,0.0,5.0,0.0,1.0,1.0,1.0,1
AZBXKUH4AIW3X,0.0,4.0,0.0,1.0,0.0,1.0,1
AZCE11PSTCH1L,0.0,4.0,0.0,1.0,0.0,1.0,1
AZD7C4ZW00YKH,0.0,5.0,0.0,1.0,1.0,1.0,1
AZD8DMTDUVUDL,0.0,5.0,0.0,1.0,1.0,1.0,1
AZDBSC1VRMVY8,0.0,4.0,0.0,1.0,0.0,1.0,1
AZDFE5RF3TZLT,0.0,3.0,0.0,1.0,0.0,0.0,1
AZDGMG2Y0FLB2,0.0,5.0,0.0,1.0,1.0,1.0,1
AZF2N3ZIC9B9M,0.0,3.0,0.0,1.0,0.0,0.0,1
AZFF4CX9MQ4AE,0.0,5.0,0.0,1.0,1.0,1.0,2
AZFM7IM6ZEX2T,0.0,5.0,0.0,1.0,1.0,1.0,2
AZG6CV3B3279V,0.0,5.0,0.0,1.0,1.0,1.0,1
AZGNX5BBS3UMW,0.0,5.0,0.0,1.0,1.0,1.0,2
AZH1J5JIBIE8G,0.0,2.0,0.0,1.0,0.0,0.0,1
AZHOP0V69KO20,0.0,2.0,0.0,1.0,0.0,0.0,1
AZHV16QDXACKC,0.0,2.0,0.0,1.0,0.0,0.0,1
AZHXG4UKZZLAG,0.0,5.0,0.0,1.0,1.0,1.0,1
AZI2LSICN77KW,0.0,5.0,0.0,1.0,1.0,1.0,1
AZIQ99PTUQ3PJ,0.0,5.0,0.0,1.0,1.0,1.0,1
AZJFWALLYUEUB,0.0,5.0,0.0,1.0,1.0,1.0,1
AZLAKWWT1RKGP,0.0,3.0,0.0,1.0,0.0,0.0,1
AZMY6E8B52L2T,0.0,5.0,0.0,1.0,1.0,1.0,2
AZNH6NRP6PVYR,0.0,5.0,0.0,1.0,1.0,1.0,1
AZOFJX627J181,0.0,5.0,0.0,1.0,1.0,1.0,1
AZOK5STV85FBJ,0.0,5.0,0.0,1.0,1.0,1.0,1
AZOPTWUSS6UM0,0.0,5.0,0.0,1.0,1.0,1.0,1
AZOTUFIYPVNDT,0.0,4.0,0.0,1.0,0.0,1.0,1
AZP2U25R0TN4E,0.0,5.0,0.0,1.0,1.0,1.0,1
AZPYIAOEAV3OZ,0.0,4.0,0.0,1.0,0.0,1.0,1
AZQ8HGO3Z4T,0.0,4.0,0.0,1.0,0.0,1.0,1
AZQ9DYG38GVBR,0.0,5.0,0.0,1.0,1.0,1.0,1
AZQTJ6HUS5L2Q,0.0,5.0,0.0,1.0,1.0,1.0,1
AZRJH4JFB59VC,0.43067655807339306,4.5,0.7071067811865476,0.5693234419266069,0.5,1.0,2
AZRPGTU8A7KD5,0.0,5.0,0.0,1.0,1.0,1.0,1
AZSH7IFNZR62F,0.0,4.0,0.0,1.0,0.0,1.0,2
AZSKORJRCSQ38,0.0,5.0,0.0,1.0,1.0,1.0,1
AZTAC5WZ4QDRN,0.0,3.0,0.0,1.0,0.0,0.0,1
AZTZ61W23JET0,0.0,5.0,0.0,1.0,1.0,1.0,1
AZV2U6GU5QA6C,0.0,5.0,0.0,1.0,1.0,1.0,1
AZX2RDN9YXZAE,0.0,4.0,0.0,1.0,0.0,1.0,1
AZXIGU9MBPYW,0.0,4.0,0.0,1.0,0.0,1.0,1
AZXKUK895VGSM,0.0,4.0,0.0,1.0,0.0,1.0,1
AZXP46IB63PU8,0.0,5.0,0.0,1.0,1.0,1.0,1
AZXWUZ9PPSOTL,0.0,5.0,0.0,1.0,1.0,1.0,1
AZYTIZ4EHOAL8,0.0,4.0,0.0,1.0,0.0,1.0,1
AZZ1KF8RAO1BR,0.0,3.0,0.0,1.0,0.0,0.0,1
AZZ77XYX8O2WE,0.0,5.0,0.0,1.0,1.0,1.0,1
AZZA7IQWTXCH3,0.0,2.0,0.0,1.0,0.0,0.0,1
AZZR8DUVE5L8O,0.0,5.0,0.0,1.0,1.0,1.0,1
