user_id,fraud_score,behavior_score,similarity_score,rating_entropy_score,cluster_score,reviews_per_user,cluster_id,degree,rank
AC84VPM3281GV,0.6279072248590779,0.13331781622572217,0.9671937359948644,1.0,0.5844537839705807,2,3,543,1
A2MGJ33YCV2DJM,0.5769096473382918,0.000714936365491102,0.822026289817908,1.0,0.6847543758966699,2,2,563,2
A25HBO5V8S8SEA,0.5529879519455456,0.13331781622572217,0.9937940799041267,1.0,0.25817634840718917,2,0,20,3
A3U38OLADLTYTW,0.5429382893401046,0.13331781622572217,0.9999999999999999,1.0,0.21177177788955173,2,0,25,4
A1IWMPKH1ELQQP,0.5410317516622192,0.19998965526159254,0.9374440312889398,1.0,0.1866953890460257,3,1,22,5
A1WWW237KEJDJY,0.535224499951484,0.13331781622572217,0.8375810266488242,1.0,0.3433355936862452,2,1,307,6
A1M542G46C8C7N,0.5330676106271514,0.15522808448891692,0.7535911953542452,1.0,0.39240554576766,4,0,313,7
A1TWM78I835NGZ,0.5326945279296373,0.13331781622572217,0.9403807511191579,1.0,0.23041598112852513,2,9,62,8
A2G4OJFE2Q4HJO,0.5308765485319228,0.13331781622572217,0.895549432713063,1.0,0.26797538194376147,2,0,21,9
A2BAKWNFT9N7L5,0.5297450339682539,0.13331781622572217,0.8169246626205131,1.0,0.342074093781636,2,1,45,10
A2YOI67EI4N4D,0.5141355380985321,0.13331781622572217,0.7532251792370164,1.0,0.3433355936862452,2,1,307,11
AHKOPVTQ3IEBL,0.5108404803408056,0.16399494603002987,0.9013046795735831,1.0,0.1452633065536037,3,0,46,12
A2ZD6GWOWGMC11,0.5054342099983109,0.13331781622572217,0.718419866836132,1.0,0.3433355936862452,2,1,307,13
A2OKCS5234ZV7S,0.49119753547115996,0.04442203084456168,0.8773266826749555,1.0,0.23415702219621035,2,7,79,14
A3FTI86WAVJOLG,0.48982980459000036,0.3343375139443296,0.5516662243423636,0.8509846911104326,0.3256602243960962,11,0,358,15
A22H8Y1J3EW2N8,0.4865878558375797,0.13331781622572217,0.9856223434134647,0.5,0.40074770046598734,2,7,80,16
A2TICS1YPCDLKA,0.4751616497725578,0.13331781622572217,0.5787994862001458,1.0,0.3618657334192187,2,5,162,17
A2K3XAK8BP8LA,0.4747351753027367,0.13331781622572217,0.6035099285952279,1.0,0.3354493931448521,2,0,39,18
ALMIFFHNE45JX,0.46717740149100817,0.13331781622572217,0.950812994538453,0.5,0.35791523195471303,2,0,72,19
A25E8V5JMW43RY,0.4644658850457268,0.19998965526159254,0.5386347920506024,1.0,0.2792411618183936,3,2,54,20
A2RBX3L0OJSXN0,0.46401423950132636,0.13331781622572217,0.3870955045686144,1.0,0.5089800739658242,2,14,110,21
A1A92O8IVVHW3Q,0.46245921338726415,0.13331781622572217,0.6420447924075904,1.0,0.24781068167059955,2,7,44,22
A1WKUY7T0EM0GM,0.4612673077960585,0.13331781622572217,0.5630927597850748,1.0,0.3219950919282925,2,7,147,23
A1CL2397W0CAC3,0.45622578331757996,0.13331781622572217,0.27455399388663826,1.0,0.590367759912815,2,4,1020,24
A1GYN77I2M4LQN,0.44906255806652645,0.00047355267859469245,0.7885583446228206,1.0,0.20712362442897153,2,0,33,25
A1IANEBSMVGHS9,0.4488290493653302,0.13331781622572217,0.9801565329271431,0.5,0.25517828506331103,2,0,34,26
AEJAGHLC675A7,0.4470322692450692,0.26330820626054513,0.3152418907109572,1.0,0.35691733875666565,3,0,51,27
A3I1E3B371G9AD,0.43964029792204823,0.06664597718985181,0.1873421184709638,1.0,0.6912439005894069,2,4,559,28
A2R6RA8FRBS608,0.43874636331765415,0.11503495060042569,0.6297449284421657,0.462602180600604,0.6171168396274569,8,2,611,29
A2EJPGQV89WOTD,0.43763088453351895,0.13331781622572217,0.9563851364669986,0.5,0.23415702219621035,2,7,79,30
A3MV1KKHX51FYT,0.43577774269370523,0.0006408565443401349,0.848268103058146,1.0,0.09407383986346662,4,0,33,31
A3S87ZOPB3UM9N,0.43540028336142594,0.0015465871878462985,0.5623956566549746,1.0,0.3773495721653138,5,0,322,32
A1IF3VUAXBTX00,0.43435699925867965,0.06664597718985181,0.9894774424631351,0.5,0.26797538194376147,2,0,21,33
A3DU46KRC2JFKH,0.43273487152517864,0.0002024663698576996,0.3403287665440702,1.0,0.590367759912815,2,4,1020,34
A1MJWOYNJSZPPJ,0.42817727245598314,0.0094986865876772,0.3785752708484663,1.0,0.5227353950702537,3,0,260,35
A2HDTOF8222KN3,0.4243806017137235,0.13013125146754975,0.18952607771581673,1.0,0.5518388273780175,6,2,683,36
A2AA9EL5OTG0T5,0.4221691405752894,0.19998965526159254,0.3340860930724496,1.0,0.314602882914797,3,1,504,37
A3LTNIGTIUUEN9,0.42140659165382055,0.16528079936127038,0.18839737989711614,1.0,0.4988920274846415,3,0,268,38
A14JBDSWKPKTZA,0.4209819977382475,0.00019020429900508517,0.5612640017630587,1.0,0.3224357440311253,7,0,752,39
A2Q6VIQLGXXLGD,0.41702010990798255,0.00010896492655144208,0.2834958977494879,1.0,0.5844537839705807,2,3,543,40
A3BSPXD2A2UQ2T,0.41452732416610194,0.0034831823137640825,0.5473908616418206,1.0,0.30653861624607043,2,0,72,41
A35TD8QAUMV0DB,0.410340699711055,0.0013075749346988387,0.2871604030130227,1.0,0.5526333059095588,2,3,573,42
A1KUEYKLNP6CIW,0.41033016282486867,0.16538394267661052,0.3282570371727448,1.0,0.314602882914797,3,1,504,43
A2E2I580OO3HET,0.40949788657159025,0.000714936365491102,0.5305950064017013,1.0,0.30653861624607043,2,0,72,44
A1NAR74A45O0AV,0.40829474911581765,0.13331781622572217,0.3542655820537246,1.0,0.3189320349386792,2,1,48,45
A2H9S6PTI94ELV,0.40775310783427726,0.022198084499271558,0.46103913625173787,1.0,0.3433355936862452,2,1,307,46
AN81JUYW2SL24,0.4069993493651144,0.1634325583521211,0.13936775040634358,1.0,0.4925105770315686,3,0,270,47
A291IOKN3QEQNQ,0.40667836473705105,0.13331781622572217,0.32339648579109226,1.0,0.3433355936862452,2,1,307,48
A38LHIAC52T0UH,0.4065151221428719,0.26330820626054513,0.25500529315692555,1.0,0.2550853479019077,3,0,323,49
AJJB4D6Y3T7AC,0.40586989017399333,0.13331781622572217,0.1795865153500631,1.0,0.4839116658750434,2,0,273,50
AJZPEEL1HULPU,0.4053962464178227,0.13331781622572217,0.3137490552842551,1.0,0.3478545509161689,2,0,61,51
A2T04VAIXSKJH2,0.40478298005251084,0.13331781622572217,0.3438091236903562,1.0,0.3153414170488204,2,0,43,52
A1G9SOE51HET8E,0.40382570043285126,0.0009843175333128006,0.5185048079212271,1.0,0.29561681277020263,2,7,58,53
A29KEBGOFM7WP3,0.4033303608442733,0.13331781622572217,0.33440802896754745,1.0,0.3189320349386792,2,1,48,54
A1BT9SD02Q6DO7,0.4026042935766258,0.13331781622572217,0.05613364054452178,1.0,0.5943021542911149,2,4,642,55
A3A9O355TNBWKK,0.40147617495980825,0.0006475910735356775,0.40437989008500264,1.0,0.40074770046598734,2,7,80,56
A22V3DIEBWPRKW,0.3997555919449566,0.13331781622572217,0.0545872043383788,1.0,0.5844537839705807,2,3,543,57
A2ZI97NDT655W4,0.39974326060776383,0.13331781622572217,0.33117218131284226,1.0,0.30781948164734657,2,2,48,58
AH91ZJ8W8NCLR,0.3969722279956396,0.013308505961155506,0.2269590623622908,1.0,0.5449596424668811,2,2,456,59
A37WZJIGAQRPSL,0.3962662482467759,0.06664597718985181,0.0,1.0,0.7050898203592815,1,4,551,60
A36X82VV95S49L,0.3962662482467759,0.06664597718985181,0.0,1.0,0.7050898203592815,1,4,551,61
A5RX8JTDW08PT,0.3962662482467759,0.06664597718985181,0.0,1.0,0.7050898203592815,1,4,551,62
A6G3U9XJ8JCZM,0.3962662482467759,0.06664597718985181,0.0,1.0,0.7050898203592815,1,4,551,63
A36FLCHRBNUUCV,0.3962662482467759,0.06664597718985181,0.0,1.0,0.7050898203592815,1,4,551,64
A4RKE6DNDRTY2,0.3962662482467759,0.06664597718985181,0.0,1.0,0.7050898203592815,1,4,551,65
A2RMTTDT5Z6G86,0.3962662482467759,0.06664597718985181,0.0,1.0,0.7050898203592815,1,4,551,66
A2RMLJU43O2OQI,0.3962662482467759,0.06664597718985181,0.0,1.0,0.7050898203592815,1,4,551,67
A14GSHEE7T0KCC,0.3962662482467759,0.06664597718985181,0.0,1.0,0.7050898203592815,1,4,551,68
A32V4TT1ZJVY2G,0.3962662482467759,0.06664597718985181,0.0,1.0,0.7050898203592815,1,4,551,69
A3WFXFCLASQMP,0.3962662482467759,0.06664597718985181,0.0,1.0,0.7050898203592815,1,4,551,70
A33F0ISF1P9RCH,0.3962662482467759,0.06664597718985181,0.0,1.0,0.7050898203592815,1,4,551,71
A3W3B9CBCR4JTX,0.3962662482467759,0.06664597718985181,0.0,1.0,0.7050898203592815,1,4,551,72
A344ITZYE55Q68,0.3962662482467759,0.06664597718985181,0.0,1.0,0.7050898203592815,1,4,551,73
A35PIXLJIUTKZN,0.3962662482467759,0.06664597718985181,0.0,1.0,0.7050898203592815,1,4,551,74
A35NPKN2RKX8LH,0.3962662482467759,0.06664597718985181,0.0,1.0,0.7050898203592815,1,4,551,75
A35AAI6C5QX0HA,0.3962662482467759,0.06664597718985181,0.0,1.0,0.7050898203592815,1,4,551,76
A347LTN4RU2FL1,0.3962662482467759,0.06664597718985181,0.0,1.0,0.7050898203592815,1,4,551,77
A34P5X5GO870GJ,0.3962662482467759,0.06664597718985181,0.0,1.0,0.7050898203592815,1,4,551,78
A4BPS6GEFHNAY,0.3962662482467759,0.06664597718985181,0.0,1.0,0.7050898203592815,1,4,551,79
A6Y2332S1BKOH,0.3962662482467759,0.06664597718985181,0.0,1.0,0.7050898203592815,1,4,551,80
A6T02WJLLG3X6,0.3962662482467759,0.06664597718985181,0.0,1.0,0.7050898203592815,1,4,551,81
A2WSDJTS2R1R8J,0.3962662482467759,0.06664597718985181,0.0,1.0,0.7050898203592815,1,4,551,82
A2WPNDAAIT2512,0.3962662482467759,0.06664597718985181,0.0,1.0,0.7050898203592815,1,4,551,83
A2W5S26XTAFD97,0.3962662482467759,0.06664597718985181,0.0,1.0,0.7050898203592815,1,4,551,84
A2VWHEZTQQU1U9,0.3962662482467759,0.06664597718985181,0.0,1.0,0.7050898203592815,1,4,551,85
A2VD05UT6B7RE6,0.3962662482467759,0.06664597718985181,0.0,1.0,0.7050898203592815,1,4,551,86
A2V6XBM524KND3,0.3962662482467759,0.06664597718985181,0.0,1.0,0.7050898203592815,1,4,551,87
A37UU7LD4MWAJQ,0.3962662482467759,0.06664597718985181,0.0,1.0,0.7050898203592815,1,4,551,88
A2UZAE40KB0DA9,0.3962662482467759,0.06664597718985181,0.0,1.0,0.7050898203592815,1,4,551,89
A2UWPFYTMPW6S5,0.3962662482467759,0.06664597718985181,0.0,1.0,0.7050898203592815,1,4,551,90
A2UH53Z5LKV0BI,0.3962662482467759,0.06664597718985181,0.0,1.0,0.7050898203592815,1,4,551,91
A2TLKM8E9CDIMP,0.3962662482467759,0.06664597718985181,0.0,1.0,0.7050898203592815,1,4,551,92
A13VCBOZ3ZG2UV,0.3962662482467759,0.06664597718985181,0.0,1.0,0.7050898203592815,1,4,551,93
A9LRAZ5B8377G,0.3962662482467759,0.06664597718985181,0.0,1.0,0.7050898203592815,1,4,551,94
A9JA9GJKHLHJ9,0.3962662482467759,0.06664597718985181,0.0,1.0,0.7050898203592815,1,4,551,95
A1B7VOFF2O3VQE,0.3962662482467759,0.06664597718985181,0.0,1.0,0.7050898203592815,1,4,551,96
A2T5B1BCHNT2S7,0.3962662482467759,0.06664597718985181,0.0,1.0,0.7050898203592815,1,4,551,97
A2SSVSLIHRX2CJ,0.3962662482467759,0.06664597718985181,0.0,1.0,0.7050898203592815,1,4,551,98
A5RM7VF99O19G,0.3962662482467759,0.06664597718985181,0.0,1.0,0.7050898203592815,1,4,551,99
A5MHDBJKXP2ZJ,0.3962662482467759,0.06664597718985181,0.0,1.0,0.7050898203592815,1,4,551,100
A2SJ3UV3NVZKG5,0.3962662482467759,0.06664597718985181,0.0,1.0,0.7050898203592815,1,4,551,101
A5834FSAH2HZQ,0.3962662482467759,0.06664597718985181,0.0,1.0,0.7050898203592815,1,4,551,102
A19W47CXJJP1MI,0.3962662482467759,0.06664597718985181,0.0,1.0,0.7050898203592815,1,4,551,103
A2SK02OCIRA12P,0.3962662482467759,0.06664597718985181,0.0,1.0,0.7050898203592815,1,4,551,104
A320HZ92MYZ2FC,0.3962662482467759,0.06664597718985181,0.0,1.0,0.7050898203592815,1,4,551,105
A31ECARG9W729,0.3962662482467759,0.06664597718985181,0.0,1.0,0.7050898203592815,1,4,551,106
A7ZADIMTO4XG8,0.3962662482467759,0.06664597718985181,0.0,1.0,0.7050898203592815,1,4,551,107
A30EBZKII2V5VX,0.3962662482467759,0.06664597718985181,0.0,1.0,0.7050898203592815,1,4,551,108
A2SNID1IYR1TBU,0.3962662482467759,0.06664597718985181,0.0,1.0,0.7050898203592815,1,4,551,109
A2Z80Q127S64HA,0.3962662482467759,0.06664597718985181,0.0,1.0,0.7050898203592815,1,4,551,110
A2YFS3AYX720ZX,0.3962662482467759,0.06664597718985181,0.0,1.0,0.7050898203592815,1,4,551,111
A2SONKFWNN2R2R,0.3962662482467759,0.06664597718985181,0.0,1.0,0.7050898203592815,1,4,551,112
A2YD3067K4RN5P,0.3962662482467759,0.06664597718985181,0.0,1.0,0.7050898203592815,1,4,551,113
A2XKROL6XBFHT3,0.3962662482467759,0.06664597718985181,0.0,1.0,0.7050898203592815,1,4,551,114
A2XEU185B1GGUL,0.3962662482467759,0.06664597718985181,0.0,1.0,0.7050898203592815,1,4,551,115
A897O2C4YYKIA,0.3962662482467759,0.06664597718985181,0.0,1.0,0.7050898203592815,1,4,551,116
A30TX7RLZY0M0G,0.3962662482467759,0.06664597718985181,0.0,1.0,0.7050898203592815,1,4,551,117
A3OU81LAFVJOIN,0.3962662482467759,0.06664597718985181,0.0,1.0,0.7050898203592815,1,4,551,118
A17IVNVGY54H15,0.3962662482467759,0.06664597718985181,0.0,1.0,0.7050898203592815,1,4,551,119
A3IONEIQB9028N,0.3962662482467759,0.06664597718985181,0.0,1.0,0.7050898203592815,1,4,551,120
A3IMVS1U3KP024,0.3962662482467759,0.06664597718985181,0.0,1.0,0.7050898203592815,1,4,551,121
A3IA8GX9LFUDHY,0.3962662482467759,0.06664597718985181,0.0,1.0,0.7050898203592815,1,4,551,122
A3I7LQ4SD5WZ72,0.3962662482467759,0.06664597718985181,0.0,1.0,0.7050898203592815,1,4,551,123
A3I4LKBE81T7QC,0.3962662482467759,0.06664597718985181,0.0,1.0,0.7050898203592815,1,4,551,124
A3HUJBSBIG4HPG,0.3962662482467759,0.06664597718985181,0.0,1.0,0.7050898203592815,1,4,551,125
A3HT7V9SDMR6U7,0.3962662482467759,0.06664597718985181,0.0,1.0,0.7050898203592815,1,4,551,126
A3U521S7IPSFZG,0.3962662482467759,0.06664597718985181,0.0,1.0,0.7050898203592815,1,4,551,127
A15ILDWLB5EY55,0.3962662482467759,0.06664597718985181,0.0,1.0,0.7050898203592815,1,4,551,128
A3RS2VSXYYHUM0,0.3962662482467759,0.06664597718985181,0.0,1.0,0.7050898203592815,1,4,551,129
A3RRQS6NNHDBDU,0.3962662482467759,0.06664597718985181,0.0,1.0,0.7050898203592815,1,4,551,130
A3RC6GTUFKEY7Y,0.3962662482467759,0.06664597718985181,0.0,1.0,0.7050898203592815,1,4,551,131
A3RBUDUMPG6X6E,0.3962662482467759,0.06664597718985181,0.0,1.0,0.7050898203592815,1,4,551,132
A17SJC2BPIF6RA,0.3962662482467759,0.06664597718985181,0.0,1.0,0.7050898203592815,1,4,551,133
A3HOOMIX87687Y,0.3962662482467759,0.06664597718985181,0.0,1.0,0.7050898203592815,1,4,551,134
A3HFCOYO3TOZ24,0.3962662482467759,0.06664597718985181,0.0,1.0,0.7050898203592815,1,4,551,135
A3GTTII3IQTANG,0.3962662482467759,0.06664597718985181,0.0,1.0,0.7050898203592815,1,4,551,136
A3GFS9L5GENQC7,0.3962662482467759,0.06664597718985181,0.0,1.0,0.7050898203592815,1,4,551,137
A15N5RY4YGRQRQ,0.3962662482467759,0.06664597718985181,0.0,1.0,0.7050898203592815,1,4,551,138
AYEQSGT02CAP3,0.3962662482467759,0.06664597718985181,0.0,1.0,0.7050898203592815,1,4,551,139
AY4RKND47OQHJ,0.3962662482467759,0.06664597718985181,0.0,1.0,0.7050898203592815,1,4,551,140
A1H0NIDFVV1FTU,0.3962662482467759,0.06664597718985181,0.0,1.0,0.7050898203592815,1,4,551,141
A1HH194Z0PL1E4,0.3962662482467759,0.06664597718985181,0.0,1.0,0.7050898203592815,1,4,551,142
A3OTQX89VGYPUI,0.3962662482467759,0.06664597718985181,0.0,1.0,0.7050898203592815,1,4,551,143
A3OD7IIQBNTB0D,0.3962662482467759,0.06664597718985181,0.0,1.0,0.7050898203592815,1,4,551,144
A3O8QKI08JRNL,0.3962662482467759,0.06664597718985181,0.0,1.0,0.7050898203592815,1,4,551,145
A3MAMHEH3YFW30,0.3962662482467759,0.06664597718985181,0.0,1.0,0.7050898203592815,1,4,551,146
A3M7WD5FSOCITM,0.3962662482467759,0.06664597718985181,0.0,1.0,0.7050898203592815,1,4,551,147
A3PNHNCDRNJYUX,0.3962662482467759,0.06664597718985181,0.0,1.0,0.7050898203592815,1,4,551,148
A3KY5RJPX71812,0.3962662482467759,0.06664597718985181,0.0,1.0,0.7050898203592815,1,4,551,149
A3KORSMLKNAR22,0.3962662482467759,0.06664597718985181,0.0,1.0,0.7050898203592815,1,4,551,150
A3K6NC9PYFGJ2H,0.3962662482467759,0.06664597718985181,0.0,1.0,0.7050898203592815,1,4,551,151
A3K1AZRGMQ6IIU,0.3962662482467759,0.06664597718985181,0.0,1.0,0.7050898203592815,1,4,551,152
A3JRRJ9W47KFJ7,0.3962662482467759,0.06664597718985181,0.0,1.0,0.7050898203592815,1,4,551,153
A3JLBMXPEENJ9T,0.3962662482467759,0.06664597718985181,0.0,1.0,0.7050898203592815,1,4,551,154
A3JGPO77OQC2S6,0.3962662482467759,0.06664597718985181,0.0,1.0,0.7050898203592815,1,4,551,155
A3QFSS0ZBC8K13,0.3962662482467759,0.06664597718985181,0.0,1.0,0.7050898203592815,1,4,551,156
A3QFRGBN5P0R3S,0.3962662482467759,0.06664597718985181,0.0,1.0,0.7050898203592815,1,4,551,157
A3Q4M88EWD0S5Z,0.3962662482467759,0.06664597718985181,0.0,1.0,0.7050898203592815,1,4,551,158
A3LORCWJYRJRU5,0.3962662482467759,0.06664597718985181,0.0,1.0,0.7050898203592815,1,4,551,159
A3C5WJ09BI3EBO,0.3962662482467759,0.06664597718985181,0.0,1.0,0.7050898203592815,1,4,551,160
A3C00N4UHA5XYX,0.3962662482467759,0.06664597718985181,0.0,1.0,0.7050898203592815,1,4,551,161
A3BJDNLXO9V10F,0.3962662482467759,0.06664597718985181,0.0,1.0,0.7050898203592815,1,4,551,162
A14VEJF020O9D2,0.3962662482467759,0.06664597718985181,0.0,1.0,0.7050898203592815,1,4,551,163
A14SAQRMULWQBV,0.3962662482467759,0.06664597718985181,0.0,1.0,0.7050898203592815,1,4,551,164
A3VHI0VC0ZWEDX,0.3962662482467759,0.06664597718985181,0.0,1.0,0.7050898203592815,1,4,551,165
A3VC5NV5NAJ2V4,0.3962662482467759,0.06664597718985181,0.0,1.0,0.7050898203592815,1,4,551,166
A3UNURO1UUPCFA,0.3962662482467759,0.06664597718985181,0.0,1.0,0.7050898203592815,1,4,551,167
A3UI5ODGOLAXEI,0.3962662482467759,0.06664597718985181,0.0,1.0,0.7050898203592815,1,4,551,168
A3GB11PXY2DW5R,0.3962662482467759,0.06664597718985181,0.0,1.0,0.7050898203592815,1,4,551,169
A3U47B6C3QW94L,0.3962662482467759,0.06664597718985181,0.0,1.0,0.7050898203592815,1,4,551,170
A3B5ITYRN84C4H,0.3962662482467759,0.06664597718985181,0.0,1.0,0.7050898203592815,1,4,551,171
A3AZED5QHTI9M7,0.3962662482467759,0.06664597718985181,0.0,1.0,0.7050898203592815,1,4,551,172
A3A59WOOIH35HF,0.3962662482467759,0.06664597718985181,0.0,1.0,0.7050898203592815,1,4,551,173
A39G12JD41N65D,0.3962662482467759,0.06664597718985181,0.0,1.0,0.7050898203592815,1,4,551,174
A39ANGL5T77E0B,0.3962662482467759,0.06664597718985181,0.0,1.0,0.7050898203592815,1,4,551,175
A38YWVKHDGWXFF,0.3962662482467759,0.06664597718985181,0.0,1.0,0.7050898203592815,1,4,551,176
A38LYMP23O1111,0.3962662482467759,0.06664597718985181,0.0,1.0,0.7050898203592815,1,4,551,177
A38LIND13AS5OI,0.3962662482467759,0.06664597718985181,0.0,1.0,0.7050898203592815,1,4,551,178
A38DL9ER9ZHC9P,0.3962662482467759,0.06664597718985181,0.0,1.0,0.7050898203592815,1,4,551,179
A3U5UT3EH2REVK,0.3962662482467759,0.06664597718985181,0.0,1.0,0.7050898203592815,1,4,551,180
A3G8PHTYONNTQM,0.3962662482467759,0.06664597718985181,0.0,1.0,0.7050898203592815,1,4,551,181
A3FL5F9G2X4M4U,0.3962662482467759,0.06664597718985181,0.0,1.0,0.7050898203592815,1,4,551,182
A3FHMNZ3V6LJU7,0.3962662482467759,0.06664597718985181,0.0,1.0,0.7050898203592815,1,4,551,183
A3EZVW0KD3EUA8,0.3962662482467759,0.06664597718985181,0.0,1.0,0.7050898203592815,1,4,551,184
A3E3P8LUD48X6C,0.3962662482467759,0.06664597718985181,0.0,1.0,0.7050898203592815,1,4,551,185
A3T7V207KRDE2O,0.3962662482467759,0.06664597718985181,0.0,1.0,0.7050898203592815,1,4,551,186
A15ESHE412BUGE,0.3962662482467759,0.06664597718985181,0.0,1.0,0.7050898203592815,1,4,551,187
A3T6Z4XWXWGEEN,0.3962662482467759,0.06664597718985181,0.0,1.0,0.7050898203592815,1,4,551,188
A3SK4WFWME8A8N,0.3962662482467759,0.06664597718985181,0.0,1.0,0.7050898203592815,1,4,551,189
A3E1R7VPFBXDHQ,0.3962662482467759,0.06664597718985181,0.0,1.0,0.7050898203592815,1,4,551,190
A3C7PUJ7THYRNY,0.3962662482467759,0.06664597718985181,0.0,1.0,0.7050898203592815,1,4,551,191
A3D1MNFKW1Z3QJ,0.3962662482467759,0.06664597718985181,0.0,1.0,0.7050898203592815,1,4,551,192
A3CPX9XWN4ZAFK,0.3962662482467759,0.06664597718985181,0.0,1.0,0.7050898203592815,1,4,551,193
A3CO12S3VULW4G,0.3962662482467759,0.06664597718985181,0.0,1.0,0.7050898203592815,1,4,551,194
A3TVMXWL9LNESD,0.3962662482467759,0.06664597718985181,0.0,1.0,0.7050898203592815,1,4,551,195
A3TKSUEV4E9PV6,0.3962662482467759,0.06664597718985181,0.0,1.0,0.7050898203592815,1,4,551,196
A3THSN6BVZKFQ4,0.3962662482467759,0.06664597718985181,0.0,1.0,0.7050898203592815,1,4,551,197
A3TD773DK6D77R,0.3962662482467759,0.06664597718985181,0.0,1.0,0.7050898203592815,1,4,551,198
A3TCKXJSSIHXEW,0.3962662482467759,0.06664597718985181,0.0,1.0,0.7050898203592815,1,4,551,199
A3TA1UJWRJF9NC,0.3962662482467759,0.06664597718985181,0.0,1.0,0.7050898203592815,1,4,551,200
A3T832UNT3QOB0,0.3962662482467759,0.06664597718985181,0.0,1.0,0.7050898203592815,1,4,551,201
A3DOG3PQ6UT7XT,0.3962662482467759,0.06664597718985181,0.0,1.0,0.7050898203592815,1,4,551,202
AQK01UMFP9MND,0.3962662482467759,0.06664597718985181,0.0,1.0,0.7050898203592815,1,4,551,203
AQDRATIHAKWSU,0.3962662482467759,0.06664597718985181,0.0,1.0,0.7050898203592815,1,4,551,204
AQ2HWACJ2H08G,0.3962662482467759,0.06664597718985181,0.0,1.0,0.7050898203592815,1,4,551,205
A1ZWMRDI2N6EMS,0.3962662482467759,0.06664597718985181,0.0,1.0,0.7050898203592815,1,4,551,206
A1ZLD397GS5ZCR,0.3962662482467759,0.06664597718985181,0.0,1.0,0.7050898203592815,1,4,551,207
A1Z7U9K6X3FEOU,0.3962662482467759,0.06664597718985181,0.0,1.0,0.7050898203592815,1,4,551,208
A1Z5OW2BJI5LN2,0.3962662482467759,0.06664597718985181,0.0,1.0,0.7050898203592815,1,4,551,209
A1Z2HOY56LNIQA,0.3962662482467759,0.06664597718985181,0.0,1.0,0.7050898203592815,1,4,551,210
A1XXFXNL0TDS5X,0.3962662482467759,0.06664597718985181,0.0,1.0,0.7050898203592815,1,4,551,211
ACH68ZSP1V79J,0.3962662482467759,0.06664597718985181,0.0,1.0,0.7050898203592815,1,4,551,212
A1F7XETXDDGRBE,0.3962662482467759,0.06664597718985181,0.0,1.0,0.7050898203592815,1,4,551,213
A1F4MJOW5947LT,0.3962662482467759,0.06664597718985181,0.0,1.0,0.7050898203592815,1,4,551,214
A1XNZ5YOKS51G7,0.3962662482467759,0.06664597718985181,0.0,1.0,0.7050898203592815,1,4,551,215
A1XNYVXCXL93RA,0.3962662482467759,0.06664597718985181,0.0,1.0,0.7050898203592815,1,4,551,216
A1X00K34LV0PBB,0.3962662482467759,0.06664597718985181,0.0,1.0,0.7050898203592815,1,4,551,217
A1WORIFR4ZF3J,0.3962662482467759,0.06664597718985181,0.0,1.0,0.7050898203592815,1,4,551,218
ASFTFWEKF1KKR,0.3962662482467759,0.06664597718985181,0.0,1.0,0.7050898203592815,1,4,551,219
ARO8OA4O33PL3,0.3962662482467759,0.06664597718985181,0.0,1.0,0.7050898203592815,1,4,551,220
A1V68CETC0BXV7,0.3962662482467759,0.06664597718985181,0.0,1.0,0.7050898203592815,1,4,551,221
A1F898XZRR8C28,0.3962662482467759,0.06664597718985181,0.0,1.0,0.7050898203592815,1,4,551,222
A1E5M5Q3L9PCVV,0.3962662482467759,0.06664597718985181,0.0,1.0,0.7050898203592815,1,4,551,223
A290RDSYTFRU7J,0.3962662482467759,0.06664597718985181,0.0,1.0,0.7050898203592815,1,4,551,224
A27PQJHUSWNZZ0,0.3962662482467759,0.06664597718985181,0.0,1.0,0.7050898203592815,1,4,551,225
A27L67S8O0TU0A,0.3962662482467759,0.06664597718985181,0.0,1.0,0.7050898203592815,1,4,551,226
APYJH0HLLK09U,0.3962662482467759,0.06664597718985181,0.0,1.0,0.7050898203592815,1,4,551,227
APFNDSGVBG7UG,0.3962662482467759,0.06664597718985181,0.0,1.0,0.7050898203592815,1,4,551,228
A1ED8VDWRL12Q5,0.3962662482467759,0.06664597718985181,0.0,1.0,0.7050898203592815,1,4,551,229
A26UZ7UQWAHAVJ,0.3962662482467759,0.06664597718985181,0.0,1.0,0.7050898203592815,1,4,551,230
A266AKA2T51O0C,0.3962662482467759,0.06664597718985181,0.0,1.0,0.7050898203592815,1,4,551,231
AQLL2R1PPR46X,0.3962662482467759,0.06664597718985181,0.0,1.0,0.7050898203592815,1,4,551,232
A25SJLO22V5GXO,0.3962662482467759,0.06664597718985181,0.0,1.0,0.7050898203592815,1,4,551,233
A1EDIAKY68UOFG,0.3962662482467759,0.06664597718985181,0.0,1.0,0.7050898203592815,1,4,551,234
A24HQQ50SO3A0O,0.3962662482467759,0.06664597718985181,0.0,1.0,0.7050898203592815,1,4,551,235
A22G1YTUVN14MN,0.3962662482467759,0.06664597718985181,0.0,1.0,0.7050898203592815,1,4,551,236
A21O3NIG8WX0X4,0.3962662482467759,0.06664597718985181,0.0,1.0,0.7050898203592815,1,4,551,237
A21J0FB66EIBM9,0.3962662482467759,0.06664597718985181,0.0,1.0,0.7050898203592815,1,4,551,238
A20DJOMXBJJAEJ,0.3962662482467759,0.06664597718985181,0.0,1.0,0.7050898203592815,1,4,551,239
AR07GW8Y7H1ZB,0.3962662482467759,0.06664597718985181,0.0,1.0,0.7050898203592815,1,4,551,240
AQQTTYTRXWSV,0.3962662482467759,0.06664597718985181,0.0,1.0,0.7050898203592815,1,4,551,241
AQLUYZ2DWKCDQ,0.3962662482467759,0.06664597718985181,0.0,1.0,0.7050898203592815,1,4,551,242
A265AV8CSQZRRW,0.3962662482467759,0.06664597718985181,0.0,1.0,0.7050898203592815,1,4,551,243
AVL70UM8UXA3L,0.3962662482467759,0.06664597718985181,0.0,1.0,0.7050898203592815,1,4,551,244
AVFDFNRFLXGKG,0.3962662482467759,0.06664597718985181,0.0,1.0,0.7050898203592815,1,4,551,245
ATW0Z57E2G30I,0.3962662482467759,0.06664597718985181,0.0,1.0,0.7050898203592815,1,4,551,246
A1GE51A2O3NM3W,0.3962662482467759,0.06664597718985181,0.0,1.0,0.7050898203592815,1,4,551,247
A1NKFLGVEZP8SE,0.3962662482467759,0.06664597718985181,0.0,1.0,0.7050898203592815,1,4,551,248
A1MIEAEK1K9ZJI,0.3962662482467759,0.06664597718985181,0.0,1.0,0.7050898203592815,1,4,551,249
A1L5SWP3JCTO6E,0.3962662482467759,0.06664597718985181,0.0,1.0,0.7050898203592815,1,4,551,250
A1KLKPXJK0BRY3,0.3962662482467759,0.06664597718985181,0.0,1.0,0.7050898203592815,1,4,551,251
A10JU0DFXS3WR8,0.3962662482467759,0.06664597718985181,0.0,1.0,0.7050898203592815,1,4,551,252
A1V644P4UBN5WZ,0.3962662482467759,0.06664597718985181,0.0,1.0,0.7050898203592815,1,4,551,253
AWVAHIB7Q3UD6,0.3962662482467759,0.06664597718985181,0.0,1.0,0.7050898203592815,1,4,551,254
AWGXF4XREHKBR,0.3962662482467759,0.06664597718985181,0.0,1.0,0.7050898203592815,1,4,551,255
AW7KZSHZBK75S,0.3962662482467759,0.06664597718985181,0.0,1.0,0.7050898203592815,1,4,551,256
A1K73H16UK8XU4,0.3962662482467759,0.06664597718985181,0.0,1.0,0.7050898203592815,1,4,551,257
A1JNMBNRE7AKR6,0.3962662482467759,0.06664597718985181,0.0,1.0,0.7050898203592815,1,4,551,258
A1JEXR3E3E8T2G,0.3962662482467759,0.06664597718985181,0.0,1.0,0.7050898203592815,1,4,551,259
A1J2ULAFZ7G74Z,0.3962662482467759,0.06664597718985181,0.0,1.0,0.7050898203592815,1,4,551,260
A1IZIT95268N0V,0.3962662482467759,0.06664597718985181,0.0,1.0,0.7050898203592815,1,4,551,261
A1H60O5I18S403,0.3962662482467759,0.06664597718985181,0.0,1.0,0.7050898203592815,1,4,551,262
AZJFWALLYUEUB,0.3962662482467759,0.06664597718985181,0.0,1.0,0.7050898203592815,1,4,551,263
A10DKG2D2J845R,0.3962662482467759,0.06664597718985181,0.0,1.0,0.7050898203592815,1,4,551,264
A1V5H6GOJ8T2UK,0.3962662482467759,0.06664597718985181,0.0,1.0,0.7050898203592815,1,4,551,265
A1UWIIW0NJEKFL,0.3962662482467759,0.06664597718985181,0.0,1.0,0.7050898203592815,1,4,551,266
A1UOBB4DO4WB4S,0.3962662482467759,0.06664597718985181,0.0,1.0,0.7050898203592815,1,4,551,267
A1UJHREZ7T91J5,0.3962662482467759,0.06664597718985181,0.0,1.0,0.7050898203592815,1,4,551,268
ATR5E4GBL8V1J,0.3962662482467759,0.06664597718985181,0.0,1.0,0.7050898203592815,1,4,551,269
ATOYJCSSSOSWQ,0.3962662482467759,0.06664597718985181,0.0,1.0,0.7050898203592815,1,4,551,270
ATI4GZAY97L2R,0.3962662482467759,0.06664597718985181,0.0,1.0,0.7050898203592815,1,4,551,271
ATFXPMUBXBQ99,0.3962662482467759,0.06664597718985181,0.0,1.0,0.7050898203592815,1,4,551,272
ATCBM6W5YELBY,0.3962662482467759,0.06664597718985181,0.0,1.0,0.7050898203592815,1,4,551,273
A10RHYA8B2K9QT,0.3962662482467759,0.06664597718985181,0.0,1.0,0.7050898203592815,1,4,551,274
AT3P5M14UHVCX,0.3962662482467759,0.06664597718985181,0.0,1.0,0.7050898203592815,1,4,551,275
A1UD1HKRVHZAVC,0.3962662482467759,0.06664597718985181,0.0,1.0,0.7050898203592815,1,4,551,276
A1U6XPYATU9OPG,0.3962662482467759,0.06664597718985181,0.0,1.0,0.7050898203592815,1,4,551,277
A1TQF28D7SVOMG,0.3962662482467759,0.06664597718985181,0.0,1.0,0.7050898203592815,1,4,551,278
A1SGSX6LQ01ZPZ,0.3962662482467759,0.06664597718985181,0.0,1.0,0.7050898203592815,1,4,551,279
A1QIT9HX39HLI0,0.3962662482467759,0.06664597718985181,0.0,1.0,0.7050898203592815,1,4,551,280
A1Q9KLJSSM8RS6,0.3962662482467759,0.06664597718985181,0.0,1.0,0.7050898203592815,1,4,551,281
A1G166HPVNLWIB,0.3962662482467759,0.06664597718985181,0.0,1.0,0.7050898203592815,1,4,551,282
A1Q4XF1ZK42BVV,0.3962662482467759,0.06664597718985181,0.0,1.0,0.7050898203592815,1,4,551,283
A1P5JY2RNICG8F,0.3962662482467759,0.06664597718985181,0.0,1.0,0.7050898203592815,1,4,551,284
AT961EZ6E5L0A,0.3962662482467759,0.06664597718985181,0.0,1.0,0.7050898203592815,1,4,551,285
A2MII7AJ7ID0NR,0.3962662482467759,0.06664597718985181,0.0,1.0,0.7050898203592815,1,4,551,286
AFROGMQUUAQK2,0.3962662482467759,0.06664597718985181,0.0,1.0,0.7050898203592815,1,4,551,287
AFADNTL25LLL8,0.3962662482467759,0.06664597718985181,0.0,1.0,0.7050898203592815,1,4,551,288
AF877B2COG8Y7,0.3962662482467759,0.06664597718985181,0.0,1.0,0.7050898203592815,1,4,551,289
AELZG20XEZ427,0.3962662482467759,0.06664597718985181,0.0,1.0,0.7050898203592815,1,4,551,290
ADWWA7EWO2XP0,0.3962662482467759,0.06664597718985181,0.0,1.0,0.7050898203592815,1,4,551,291
A2LKNC4N87YVN0,0.3962662482467759,0.06664597718985181,0.0,1.0,0.7050898203592815,1,4,551,292
A2L6U1XA9WQR2M,0.3962662482467759,0.06664597718985181,0.0,1.0,0.7050898203592815,1,4,551,293
A2KH10RLFZLN47,0.3962662482467759,0.06664597718985181,0.0,1.0,0.7050898203592815,1,4,551,294
A1E6YJH0YZYFU5,0.3962662482467759,0.06664597718985181,0.0,1.0,0.7050898203592815,1,4,551,295
A2JQ3SEXKF86TF,0.3962662482467759,0.06664597718985181,0.0,1.0,0.7050898203592815,1,4,551,296
A2JO8NBR9VJG6E,0.3962662482467759,0.06664597718985181,0.0,1.0,0.7050898203592815,1,4,551,297
A2JHHYYOOO4DS6,0.3962662482467759,0.06664597718985181,0.0,1.0,0.7050898203592815,1,4,551,298
A1CN7L05XSZMRX,0.3962662482467759,0.06664597718985181,0.0,1.0,0.7050898203592815,1,4,551,299
A1CN4JZZTW31JK,0.3962662482467759,0.06664597718985181,0.0,1.0,0.7050898203592815,1,4,551,300
A2J4GBHSDLP4DF,0.3962662482467759,0.06664597718985181,0.0,1.0,0.7050898203592815,1,4,551,301
A2IVL3B6VM0EHN,0.3962662482467759,0.06664597718985181,0.0,1.0,0.7050898203592815,1,4,551,302
A2HOQ2FIB8ZK0P,0.3962662482467759,0.06664597718985181,0.0,1.0,0.7050898203592815,1,4,551,303
A133RMLL2B6OC9,0.3962662482467759,0.06664597718985181,0.0,1.0,0.7050898203592815,1,4,551,304
A2K3H7TWURVJSX,0.3962662482467759,0.06664597718985181,0.0,1.0,0.7050898203592815,1,4,551,305
A2R0FHBR9OBFGM,0.3962662482467759,0.06664597718985181,0.0,1.0,0.7050898203592815,1,4,551,306
A2QYV2416XB0BQ,0.3962662482467759,0.06664597718985181,0.0,1.0,0.7050898203592815,1,4,551,307
A13NWJUMVNS6YZ,0.3962662482467759,0.06664597718985181,0.0,1.0,0.7050898203592815,1,4,551,308
ABQ5R03J5G6RB,0.3962662482467759,0.06664597718985181,0.0,1.0,0.7050898203592815,1,4,551,309
AB1ZVQRM965R1,0.3962662482467759,0.06664597718985181,0.0,1.0,0.7050898203592815,1,4,551,310
A2PT4GUA0M95QE,0.3962662482467759,0.06664597718985181,0.0,1.0,0.7050898203592815,1,4,551,311
A2OMG3GYEFXOC9,0.3962662482467759,0.06664597718985181,0.0,1.0,0.7050898203592815,1,4,551,312
A1C3OZ383EUS8W,0.3962662482467759,0.06664597718985181,0.0,1.0,0.7050898203592815,1,4,551,313
A2OAUV1E9YV1ID,0.3962662482467759,0.06664597718985181,0.0,1.0,0.7050898203592815,1,4,551,314
A2MQYBL04OEG6B,0.3962662482467759,0.06664597718985181,0.0,1.0,0.7050898203592815,1,4,551,315
A2O6R7X7GS2IM7,0.3962662482467759,0.06664597718985181,0.0,1.0,0.7050898203592815,1,4,551,316
A2O6AAW9WZ1XJB,0.3962662482467759,0.06664597718985181,0.0,1.0,0.7050898203592815,1,4,551,317
ADA48QJRB4NZ0,0.3962662482467759,0.06664597718985181,0.0,1.0,0.7050898203592815,1,4,551,318
AD5E41KLIJGG2,0.3962662482467759,0.06664597718985181,0.0,1.0,0.7050898203592815,1,4,551,319
AYMDZIOGLRS4Y,0.3962662482467759,0.06664597718985181,0.0,1.0,0.7050898203592815,1,4,551,320
ACCFF5B6TMOOV,0.3962662482467759,0.06664597718985181,0.0,1.0,0.7050898203592815,1,4,551,321
AC972NOCNEICM,0.3962662482467759,0.06664597718985181,0.0,1.0,0.7050898203592815,1,4,551,322
AC1GUNT7IBLDH,0.3962662482467759,0.06664597718985181,0.0,1.0,0.7050898203592815,1,4,551,323
A2N7PWCMIZHH9S,0.3962662482467759,0.06664597718985181,0.0,1.0,0.7050898203592815,1,4,551,324
A2MYX5ZQDAZH2Z,0.3962662482467759,0.06664597718985181,0.0,1.0,0.7050898203592815,1,4,551,325
A2O9UK5B50KKYB,0.3962662482467759,0.06664597718985181,0.0,1.0,0.7050898203592815,1,4,551,326
AKWNK5NF7BYFA,0.3962662482467759,0.06664597718985181,0.0,1.0,0.7050898203592815,1,4,551,327
AJMJ0YX0WT0KP,0.3962662482467759,0.06664597718985181,0.0,1.0,0.7050898203592815,1,4,551,328
A1DJ7PH72PMJIO,0.3962662482467759,0.06664597718985181,0.0,1.0,0.7050898203592815,1,4,551,329
A1DB2EVH0HGHBP,0.3962662482467759,0.06664597718985181,0.0,1.0,0.7050898203592815,1,4,551,330
A2BX0EBZOTLDAA,0.3962662482467759,0.06664597718985181,0.0,1.0,0.7050898203592815,1,4,551,331
A2BMRAASBON4Q8,0.3962662482467759,0.06664597718985181,0.0,1.0,0.7050898203592815,1,4,551,332
A2BJUIIQNFRLF9,0.3962662482467759,0.06664597718985181,0.0,1.0,0.7050898203592815,1,4,551,333
AOGUZNI7YCP4V,0.3962662482467759,0.06664597718985181,0.0,1.0,0.7050898203592815,1,4,551,334
ANS906E4EOXB3,0.3962662482467759,0.06664597718985181,0.0,1.0,0.7050898203592815,1,4,551,335
A12TM9OYN1GR0E,0.3962662482467759,0.06664597718985181,0.0,1.0,0.7050898203592815,1,4,551,336
ANL4KC4GZU82E,0.3962662482467759,0.06664597718985181,0.0,1.0,0.7050898203592815,1,4,551,337
ANI33HTQH0SG2,0.3962662482467759,0.06664597718985181,0.0,1.0,0.7050898203592815,1,4,551,338
A1DNAYILPPR7NL,0.3962662482467759,0.06664597718985181,0.0,1.0,0.7050898203592815,1,4,551,339
A2ASW6L6IEKU5L,0.3962662482467759,0.06664597718985181,0.0,1.0,0.7050898203592815,1,4,551,340
A2AS9PYAJYXQW2,0.3962662482467759,0.06664597718985181,0.0,1.0,0.7050898203592815,1,4,551,341
A2AQK72ZFPKQJI,0.3962662482467759,0.06664597718985181,0.0,1.0,0.7050898203592815,1,4,551,342
A2ANKYHOZSYZ4Q,0.3962662482467759,0.06664597718985181,0.0,1.0,0.7050898203592815,1,4,551,343
A29YS5OVDXOJVL,0.3962662482467759,0.06664597718985181,0.0,1.0,0.7050898203592815,1,4,551,344
A29N6KX6PCN26H,0.3962662482467759,0.06664597718985181,0.0,1.0,0.7050898203592815,1,4,551,345
A29GDAD8IAEOKT,0.3962662482467759,0.06664597718985181,0.0,1.0,0.7050898203592815,1,4,551,346
ANQJFHEQLUTW5,0.3962662482467759,0.06664597718985181,0.0,1.0,0.7050898203592815,1,4,551,347
AHRNDSKWH1YBT,0.3962662482467759,0.06664597718985181,0.0,1.0,0.7050898203592815,1,4,551,348
AFWU5UXKHJI29,0.3962662482467759,0.06664597718985181,0.0,1.0,0.7050898203592815,1,4,551,349
A1CWC70ZUIJNOU,0.3962662482467759,0.06664597718985181,0.0,1.0,0.7050898203592815,1,4,551,350
A2GP3MF3JV9XSO,0.3962662482467759,0.06664597718985181,0.0,1.0,0.7050898203592815,1,4,551,351
A2G25VSOQ8CCGS,0.3962662482467759,0.06664597718985181,0.0,1.0,0.7050898203592815,1,4,551,352
A2FRFWHCZ4AZWL,0.3962662482467759,0.06664597718985181,0.0,1.0,0.7050898203592815,1,4,551,353
A2FQTFYS3E1VFE,0.3962662482467759,0.06664597718985181,0.0,1.0,0.7050898203592815,1,4,551,354
A2FKEI4ANHJD1Z,0.3962662482467759,0.06664597718985181,0.0,1.0,0.7050898203592815,1,4,551,355
A2FC3ME27RF1N,0.3962662482467759,0.06664597718985181,0.0,1.0,0.7050898203592815,1,4,551,356
ALA9EIJ7G1SCF,0.3962662482467759,0.06664597718985181,0.0,1.0,0.7050898203592815,1,4,551,357
AI82OB24HV0BO,0.3962662482467759,0.06664597718985181,0.0,1.0,0.7050898203592815,1,4,551,358
AI0EZEXKPZWHF,0.3962662482467759,0.06664597718985181,0.0,1.0,0.7050898203592815,1,4,551,359
A2EM4AZL4SQU4R,0.3962662482467759,0.06664597718985181,0.0,1.0,0.7050898203592815,1,4,551,360
A2EFLJ4R9F89L5,0.3962662482467759,0.06664597718985181,0.0,1.0,0.7050898203592815,1,4,551,361
A2EC3UBQ9TB89F,0.3962662482467759,0.06664597718985181,0.0,1.0,0.7050898203592815,1,4,551,362
A2EAW9C31JE4L6,0.3962662482467759,0.06664597718985181,0.0,1.0,0.7050898203592815,1,4,551,363
A2E6HU14P1OY1L,0.3962662482467759,0.06664597718985181,0.0,1.0,0.7050898203592815,1,4,551,364
A2DTZUZK9YRJVK,0.3962662482467759,0.06664597718985181,0.0,1.0,0.7050898203592815,1,4,551,365
A2DQ2G3504O8W2,0.3962662482467759,0.06664597718985181,0.0,1.0,0.7050898203592815,1,4,551,366
ALVKOFR0B1MN2,0.3962662482467759,0.06664597718985181,0.0,1.0,0.7050898203592815,1,4,551,367
AJ8AQG2X9JJ2Y,0.3962662482467759,0.06664597718985181,0.0,1.0,0.7050898203592815,1,4,551,368
A1VPV97Z0340WI,0.39486758587389115,3.144098082790337e-05,0.21879175485201047,1.0,0.5606408594665607,2,11,704,369
A8OU2FHE8QWFS,0.39433930110203774,0.04442203084456168,0.19361153104780476,1.0,0.5304392363468723,2,8,245,370
A2CBWSM32C6VLU,0.39414870661790724,0.13331781622572217,0.673968166493873,0.5,0.34264528050688925,2,5,170,371
A17S75Z5MR29B6,0.39381531867573283,1.4061410889138008e-05,0.18487664109704927,1.0,0.590367759912815,2,4,1020,372
A3EQRG0AYCU91N,0.3929239982180526,0.13331781622572217,0.0,1.0,0.6117146134013436,2,4,621,373
A1JRB7WNDFJSZP,0.39258535026027763,0.008308118033465229,0.1759178754303714,1.0,0.5844537839705807,2,3,543,374
A1QCZTQ1QBG892,0.3911047299196807,0.13331781622572217,0.2205155106247384,1.0,0.38392202958311783,2,0,41,375
A3077MQTAKOVFZ,0.3901061036113939,0.0006872059511565153,0.1624739920693945,1.0,0.5971257752347933,2,3,530,376
A2PE6WM9V5A45Y,0.38971684704917114,0.06664597718985181,0.0,1.0,0.6788922155688624,1,3,481,377
A1BMWYN78HO3Q3,0.38971684704917114,0.06664597718985181,0.0,1.0,0.6788922155688624,1,3,481,378
AA0IWAA89O93S,0.38971684704917114,0.06664597718985181,0.0,1.0,0.6788922155688624,1,3,481,379
AAHZ6JPL2S8YA,0.38971684704917114,0.06664597718985181,0.0,1.0,0.6788922155688624,1,3,481,380
AAO47M51C3J98,0.38971684704917114,0.06664597718985181,0.0,1.0,0.6788922155688624,1,3,481,381
A2PC9ZZIFV31B1,0.38971684704917114,0.06664597718985181,0.0,1.0,0.6788922155688624,1,3,481,382
A37YWL8YILUNDL,0.38971684704917114,0.06664597718985181,0.0,1.0,0.6788922155688624,1,3,481,383
A2QK0CVRJVW7PX,0.38971684704917114,0.06664597718985181,0.0,1.0,0.6788922155688624,1,3,481,384
A2MPT0SEX1ORN7,0.38971684704917114,0.06664597718985181,0.0,1.0,0.6788922155688624,1,3,481,385
A2N67VW99YXWAQ,0.38971684704917114,0.06664597718985181,0.0,1.0,0.6788922155688624,1,3,481,386
A2NA9VZN5VA9GW,0.38971684704917114,0.06664597718985181,0.0,1.0,0.6788922155688624,1,3,481,387
A375DGFZH425FM,0.38971684704917114,0.06664597718985181,0.0,1.0,0.6788922155688624,1,3,481,388
AAW4JYVF4B845,0.38971684704917114,0.06664597718985181,0.0,1.0,0.6788922155688624,1,3,481,389
A1SKOP77DH7TEP,0.38971684704917114,0.06664597718985181,0.0,1.0,0.6788922155688624,1,3,481,390
A1FREHYUPLCMTC,0.38971684704917114,0.06664597718985181,0.0,1.0,0.6788922155688624,1,3,481,391
A1T5NZP0LNRAFY,0.38971684704917114,0.06664597718985181,0.0,1.0,0.6788922155688624,1,3,481,392
A1UEZ7R88W631V,0.38971684704917114,0.06664597718985181,0.0,1.0,0.6788922155688624,1,3,481,393
A2TQUTVIN89ZXD,0.38971684704917114,0.06664597718985181,0.0,1.0,0.6788922155688624,1,3,481,394
ASY5SLOQQNPR9,0.38971684704917114,0.06664597718985181,0.0,1.0,0.6788922155688624,1,3,481,395
A1C0WNM0G18HJ0,0.38971684704917114,0.06664597718985181,0.0,1.0,0.6788922155688624,1,3,481,396
ATRZDZST8GM5W,0.38971684704917114,0.06664597718985181,0.0,1.0,0.6788922155688624,1,3,481,397
A10WILNLQ44MGQ,0.38971684704917114,0.06664597718985181,0.0,1.0,0.6788922155688624,1,3,481,398
A10X33VL24RGDK,0.38971684704917114,0.06664597718985181,0.0,1.0,0.6788922155688624,1,3,481,399
A1UKWI7HRNRTGO,0.38971684704917114,0.06664597718985181,0.0,1.0,0.6788922155688624,1,3,481,400
A13P785VXM6DBU,0.38971684704917114,0.06664597718985181,0.0,1.0,0.6788922155688624,1,3,481,401
A2O5V1WMIXX0NO,0.38971684704917114,0.06664597718985181,0.0,1.0,0.6788922155688624,1,3,481,402
ACQINODHP6L4A,0.38971684704917114,0.06664597718985181,0.0,1.0,0.6788922155688624,1,3,481,403
A2OVKPY380S7M3,0.38971684704917114,0.06664597718985181,0.0,1.0,0.6788922155688624,1,3,481,404
AT4MNYYZWM907,0.38971684704917114,0.06664597718985181,0.0,1.0,0.6788922155688624,1,3,481,405
A2MBSC4S2PJNRD,0.38971684704917114,0.06664597718985181,0.0,1.0,0.6788922155688624,1,3,481,406
A4OPNK2K0EDLG,0.38971684704917114,0.06664597718985181,0.0,1.0,0.6788922155688624,1,3,481,407
A18SK3MILJ272B,0.38971684704917114,0.06664597718985181,0.0,1.0,0.6788922155688624,1,3,481,408
A35Z3TBNCQU3VY,0.38971684704917114,0.06664597718985181,0.0,1.0,0.6788922155688624,1,3,481,409
A363QRXP83K8ZE,0.38971684704917114,0.06664597718985181,0.0,1.0,0.6788922155688624,1,3,481,410
A366EEYIQBU9I5,0.38971684704917114,0.06664597718985181,0.0,1.0,0.6788922155688624,1,3,481,411
A36EWCNCF4OQG8,0.38971684704917114,0.06664597718985181,0.0,1.0,0.6788922155688624,1,3,481,412
A3UR1ZOS5PQGMP,0.38971684704917114,0.06664597718985181,0.0,1.0,0.6788922155688624,1,3,481,413
AD2LQ9E9N6Y48,0.38971684704917114,0.06664597718985181,0.0,1.0,0.6788922155688624,1,3,481,414
A130WL3J4YFXK9,0.38971684704917114,0.06664597718985181,0.0,1.0,0.6788922155688624,1,3,481,415
A2MML4TOL6Q7BG,0.38971684704917114,0.06664597718985181,0.0,1.0,0.6788922155688624,1,3,481,416
A2MNHYUXMW4KW7,0.38971684704917114,0.06664597718985181,0.0,1.0,0.6788922155688624,1,3,481,417
A2HRH6UBEXNHJT,0.38971684704917114,0.06664597718985181,0.0,1.0,0.6788922155688624,1,3,481,418
A2HZP3EPX0AB8E,0.38971684704917114,0.06664597718985181,0.0,1.0,0.6788922155688624,1,3,481,419
A2IGPYY0ULFD11,0.38971684704917114,0.06664597718985181,0.0,1.0,0.6788922155688624,1,3,481,420
A2ITSA62XD9VUD,0.38971684704917114,0.06664597718985181,0.0,1.0,0.6788922155688624,1,3,481,421
A2IXOX389FMB4T,0.38971684704917114,0.06664597718985181,0.0,1.0,0.6788922155688624,1,3,481,422
AHBCFCB295VIS,0.38971684704917114,0.06664597718985181,0.0,1.0,0.6788922155688624,1,3,481,423
AAVSL38E1GU2L,0.38971684704917114,0.06664597718985181,0.0,1.0,0.6788922155688624,1,3,481,424
ADH0XCEQ0TXHL,0.38971684704917114,0.06664597718985181,0.0,1.0,0.6788922155688624,1,3,481,425
ASKFD1IPJ0PQ9,0.38971684704917114,0.06664597718985181,0.0,1.0,0.6788922155688624,1,3,481,426
A1FMPZZL2642ZL,0.38971684704917114,0.06664597718985181,0.0,1.0,0.6788922155688624,1,3,481,427
A34NVQTFD4QYJ0,0.38971684704917114,0.06664597718985181,0.0,1.0,0.6788922155688624,1,3,481,428
A356RFKNIG043B,0.38971684704917114,0.06664597718985181,0.0,1.0,0.6788922155688624,1,3,481,429
A3YDHETUB0LHF,0.38971684704917114,0.06664597718985181,0.0,1.0,0.6788922155688624,1,3,481,430
A4CIAXJTZ6P1,0.38971684704917114,0.06664597718985181,0.0,1.0,0.6788922155688624,1,3,481,431
AFD5G92D7R972,0.38971684704917114,0.06664597718985181,0.0,1.0,0.6788922155688624,1,3,481,432
A2LYL1FEOLWFSJ,0.38971684704917114,0.06664597718985181,0.0,1.0,0.6788922155688624,1,3,481,433
A2NXHKW2R4IZNG,0.38971684704917114,0.06664597718985181,0.0,1.0,0.6788922155688624,1,3,481,434
AE2D68WKW23T8,0.38971684704917114,0.06664597718985181,0.0,1.0,0.6788922155688624,1,3,481,435
AEKNT5K9X1ZI1,0.38971684704917114,0.06664597718985181,0.0,1.0,0.6788922155688624,1,3,481,436
AEQTA2UFF0N1U,0.38971684704917114,0.06664597718985181,0.0,1.0,0.6788922155688624,1,3,481,437
AF290PNTO838I,0.38971684704917114,0.06664597718985181,0.0,1.0,0.6788922155688624,1,3,481,438
AF8QRIV1ZZXDE,0.38971684704917114,0.06664597718985181,0.0,1.0,0.6788922155688624,1,3,481,439
AFAFH4JV0WLJX,0.38971684704917114,0.06664597718985181,0.0,1.0,0.6788922155688624,1,3,481,440
A4ENZCYML4OEG,0.38971684704917114,0.06664597718985181,0.0,1.0,0.6788922155688624,1,3,481,441
A2WZ9UMCNUGRUD,0.38971684704917114,0.06664597718985181,0.0,1.0,0.6788922155688624,1,3,481,442
A2X6CTUCGR89UU,0.38971684704917114,0.06664597718985181,0.0,1.0,0.6788922155688624,1,3,481,443
A2XTTBXNX2FKOT,0.38971684704917114,0.06664597718985181,0.0,1.0,0.6788922155688624,1,3,481,444
A2Y30NE63L0KFK,0.38971684704917114,0.06664597718985181,0.0,1.0,0.6788922155688624,1,3,481,445
A2Y7D6A2W3GY6V,0.38971684704917114,0.06664597718985181,0.0,1.0,0.6788922155688624,1,3,481,446
A2VM1WK24SIX6O,0.38971684704917114,0.06664597718985181,0.0,1.0,0.6788922155688624,1,3,481,447
A2VTAZ74VGR64W,0.38971684704917114,0.06664597718985181,0.0,1.0,0.6788922155688624,1,3,481,448
A343JEP7ADY2YD,0.38971684704917114,0.06664597718985181,0.0,1.0,0.6788922155688624,1,3,481,449
A2VV9CK8ZN1DQQ,0.38971684704917114,0.06664597718985181,0.0,1.0,0.6788922155688624,1,3,481,450
A2ZP7F2XXKGUCR,0.38971684704917114,0.06664597718985181,0.0,1.0,0.6788922155688624,1,3,481,451
A2WNVDIUMPMD87,0.38971684704917114,0.06664597718985181,0.0,1.0,0.6788922155688624,1,3,481,452
A7DVK8H0OEA26,0.38971684704917114,0.06664597718985181,0.0,1.0,0.6788922155688624,1,3,481,453
AYNE96AZ7GLLB,0.38971684704917114,0.06664597718985181,0.0,1.0,0.6788922155688624,1,3,481,454
A2ZTSJRF8PYC5Y,0.38971684704917114,0.06664597718985181,0.0,1.0,0.6788922155688624,1,3,481,455
A307BM12B9ZPWV,0.38971684704917114,0.06664597718985181,0.0,1.0,0.6788922155688624,1,3,481,456
A1A629D04LRFUD,0.38971684704917114,0.06664597718985181,0.0,1.0,0.6788922155688624,1,3,481,457
A2VUYZAEVAIQHW,0.38971684704917114,0.06664597718985181,0.0,1.0,0.6788922155688624,1,3,481,458
AYPPJ3KQ6UDOS,0.38971684704917114,0.06664597718985181,0.0,1.0,0.6788922155688624,1,3,481,459
AW6A4PPENVZY3,0.38971684704917114,0.06664597718985181,0.0,1.0,0.6788922155688624,1,3,481,460
AWS3IPO8RQSUB,0.38971684704917114,0.06664597718985181,0.0,1.0,0.6788922155688624,1,3,481,461
AXCUPHHJJWZ3C,0.38971684704917114,0.06664597718985181,0.0,1.0,0.6788922155688624,1,3,481,462
A10KDHOU58875,0.38971684704917114,0.06664597718985181,0.0,1.0,0.6788922155688624,1,3,481,463
A1KLOJVF9LHYIE,0.38971684704917114,0.06664597718985181,0.0,1.0,0.6788922155688624,1,3,481,464
AW07UH6002PLJ,0.38971684704917114,0.06664597718985181,0.0,1.0,0.6788922155688624,1,3,481,465
A2WUGQKN584PCJ,0.38971684704917114,0.06664597718985181,0.0,1.0,0.6788922155688624,1,3,481,466
A1027EV8A9PV1O,0.38971684704917114,0.06664597718985181,0.0,1.0,0.6788922155688624,1,3,481,467
AZHXG4UKZZLAG,0.38971684704917114,0.06664597718985181,0.0,1.0,0.6788922155688624,1,3,481,468
A1HE9XEZ3LPP6B,0.38971684704917114,0.06664597718985181,0.0,1.0,0.6788922155688624,1,3,481,469
A1J5RNQJD3TPVN,0.38971684704917114,0.06664597718985181,0.0,1.0,0.6788922155688624,1,3,481,470
AYJJDQQ4EZ5V3,0.38971684704917114,0.06664597718985181,0.0,1.0,0.6788922155688624,1,3,481,471
A1IEGPT1Q5D3R2,0.38971684704917114,0.06664597718985181,0.0,1.0,0.6788922155688624,1,3,481,472
A1GYYOE13EFKKW,0.38971684704917114,0.06664597718985181,0.0,1.0,0.6788922155688624,1,3,481,473
A19VPQUXLUT46J,0.38971684704917114,0.06664597718985181,0.0,1.0,0.6788922155688624,1,3,481,474
AYOIM6S23UDAH,0.38971684704917114,0.06664597718985181,0.0,1.0,0.6788922155688624,1,3,481,475
A2S728U0V6CZET,0.38971684704917114,0.06664597718985181,0.0,1.0,0.6788922155688624,1,3,481,476
A2SEQUFN8W7D07,0.38971684704917114,0.06664597718985181,0.0,1.0,0.6788922155688624,1,3,481,477
A2SWRBE4RQEBX8,0.38971684704917114,0.06664597718985181,0.0,1.0,0.6788922155688624,1,3,481,478
A2T2NVQ14BBBAS,0.38971684704917114,0.06664597718985181,0.0,1.0,0.6788922155688624,1,3,481,479
A2T5P0O707ESH6,0.38971684704917114,0.06664597718985181,0.0,1.0,0.6788922155688624,1,3,481,480
A8DV5O0AE04R1,0.38971684704917114,0.06664597718985181,0.0,1.0,0.6788922155688624,1,3,481,481
A93JRHV3FRSZP,0.38971684704917114,0.06664597718985181,0.0,1.0,0.6788922155688624,1,3,481,482
A3119E8HWUNIR6,0.38971684704917114,0.06664597718985181,0.0,1.0,0.6788922155688624,1,3,481,483
A32MJ9F0FRBUJP,0.38971684704917114,0.06664597718985181,0.0,1.0,0.6788922155688624,1,3,481,484
A32PQEIVGTNG4J,0.38971684704917114,0.06664597718985181,0.0,1.0,0.6788922155688624,1,3,481,485
A633NIAR4JJAR,0.38971684704917114,0.06664597718985181,0.0,1.0,0.6788922155688624,1,3,481,486
A35ST5ADM1MSQX,0.38971684704917114,0.06664597718985181,0.0,1.0,0.6788922155688624,1,3,481,487
A33YH22HNC1POY,0.38971684704917114,0.06664597718985181,0.0,1.0,0.6788922155688624,1,3,481,488
A340AUQWQ33Y69,0.38971684704917114,0.06664597718985181,0.0,1.0,0.6788922155688624,1,3,481,489
A2J7JBVL369IIR,0.38971684704917114,0.06664597718985181,0.0,1.0,0.6788922155688624,1,3,481,490
A34CK5N0R36M7T,0.38971684704917114,0.06664597718985181,0.0,1.0,0.6788922155688624,1,3,481,491
A2YF4URKFGNEEV,0.38971684704917114,0.06664597718985181,0.0,1.0,0.6788922155688624,1,3,481,492
A31DLX6GSOPHLI,0.38971684704917114,0.06664597718985181,0.0,1.0,0.6788922155688624,1,3,481,493
A31F722DD3E761,0.38971684704917114,0.06664597718985181,0.0,1.0,0.6788922155688624,1,3,481,494
A9O6AL247M1F6,0.38971684704917114,0.06664597718985181,0.0,1.0,0.6788922155688624,1,3,481,495
A1400N2R4PQTWF,0.38971684704917114,0.06664597718985181,0.0,1.0,0.6788922155688624,1,3,481,496
A1409QCA0NZMYG,0.38971684704917114,0.06664597718985181,0.0,1.0,0.6788922155688624,1,3,481,497
A140SPVDYIRXZA,0.38971684704917114,0.06664597718985181,0.0,1.0,0.6788922155688624,1,3,481,498
A833B463ZZJT7,0.38971684704917114,0.06664597718985181,0.0,1.0,0.6788922155688624,1,3,481,499
A2RI4QE6EO29CA,0.38971684704917114,0.06664597718985181,0.0,1.0,0.6788922155688624,1,3,481,500
A2UJW6DKFDEPAS,0.38971684704917114,0.06664597718985181,0.0,1.0,0.6788922155688624,1,3,481,501
A2V6A9H8LW136P,0.38971684704917114,0.06664597718985181,0.0,1.0,0.6788922155688624,1,3,481,502
A2VGUQIG98B6R5,0.38971684704917114,0.06664597718985181,0.0,1.0,0.6788922155688624,1,3,481,503
A1PVB6CEXP5M9S,0.38971684704917114,0.06664597718985181,0.0,1.0,0.6788922155688624,1,3,481,504
A1Q9NE8OY1XD5J,0.38971684704917114,0.06664597718985181,0.0,1.0,0.6788922155688624,1,3,481,505
A1R5NYTW214KG4,0.38971684704917114,0.06664597718985181,0.0,1.0,0.6788922155688624,1,3,481,506
A1RDVQCQH9I4Q0,0.38971684704917114,0.06664597718985181,0.0,1.0,0.6788922155688624,1,3,481,507
A1RVYSEJCY9BJS,0.38971684704917114,0.06664597718985181,0.0,1.0,0.6788922155688624,1,3,481,508
A14453U0KFWF31,0.38971684704917114,0.06664597718985181,0.0,1.0,0.6788922155688624,1,3,481,509
A3QR5KBKZFDONP,0.38971684704917114,0.06664597718985181,0.0,1.0,0.6788922155688624,1,3,481,510
A16GLKC0TJEAK2,0.38971684704917114,0.06664597718985181,0.0,1.0,0.6788922155688624,1,3,481,511
A3JN3KKON08QBM,0.38971684704917114,0.06664597718985181,0.0,1.0,0.6788922155688624,1,3,481,512
A3JX53X4LT4VA2,0.38971684704917114,0.06664597718985181,0.0,1.0,0.6788922155688624,1,3,481,513
A28J0LAHKSFTQI,0.38971684704917114,0.06664597718985181,0.0,1.0,0.6788922155688624,1,3,481,514
A23B499FWWOSAX,0.38971684704917114,0.06664597718985181,0.0,1.0,0.6788922155688624,1,3,481,515
A2424YRQZO9LE0,0.38971684704917114,0.06664597718985181,0.0,1.0,0.6788922155688624,1,3,481,516
A2JOEQNS9LR0NF,0.38971684704917114,0.06664597718985181,0.0,1.0,0.6788922155688624,1,3,481,517
A26SCAZO579H8K,0.38971684704917114,0.06664597718985181,0.0,1.0,0.6788922155688624,1,3,481,518
AM5JHS4J9K4SP,0.38971684704917114,0.06664597718985181,0.0,1.0,0.6788922155688624,1,3,481,519
AOOZR8IN9NYTA,0.38971684704917114,0.06664597718985181,0.0,1.0,0.6788922155688624,1,3,481,520
A1L8H91F2X4Z6H,0.38971684704917114,0.06664597718985181,0.0,1.0,0.6788922155688624,1,3,481,521
AR2MFHU7NDF9Z,0.38971684704917114,0.06664597718985181,0.0,1.0,0.6788922155688624,1,3,481,522
A20AQR382659T9,0.38971684704917114,0.06664597718985181,0.0,1.0,0.6788922155688624,1,3,481,523
A21A9F84S9AZIP,0.38971684704917114,0.06664597718985181,0.0,1.0,0.6788922155688624,1,3,481,524
A21EW1CMBF5UKC,0.38971684704917114,0.06664597718985181,0.0,1.0,0.6788922155688624,1,3,481,525
A2582KMXLK2P06,0.38971684704917114,0.06664597718985181,0.0,1.0,0.6788922155688624,1,3,481,526
A1MXD8XEA29SL4,0.38971684704917114,0.06664597718985181,0.0,1.0,0.6788922155688624,1,3,481,527
A1NAAI0SBO3FBA,0.38971684704917114,0.06664597718985181,0.0,1.0,0.6788922155688624,1,3,481,528
A3J5AG30K8Q7QH,0.38971684704917114,0.06664597718985181,0.0,1.0,0.6788922155688624,1,3,481,529
APJXF6Z4Z61YW,0.38971684704917114,0.06664597718985181,0.0,1.0,0.6788922155688624,1,3,481,530
AQ0483UAIEVME,0.38971684704917114,0.06664597718985181,0.0,1.0,0.6788922155688624,1,3,481,531
A11VI2ORDN0AHS,0.38971684704917114,0.06664597718985181,0.0,1.0,0.6788922155688624,1,3,481,532
A270443KWP6PER,0.38971684704917114,0.06664597718985181,0.0,1.0,0.6788922155688624,1,3,481,533
A3QFJOSW3X52TY,0.38971684704917114,0.06664597718985181,0.0,1.0,0.6788922155688624,1,3,481,534
A2CZW7M6NJT8KB,0.38971684704917114,0.06664597718985181,0.0,1.0,0.6788922155688624,1,3,481,535
A2DCG7B6C3YA5K,0.38971684704917114,0.06664597718985181,0.0,1.0,0.6788922155688624,1,3,481,536
A28XLRMDS3C0P,0.38971684704917114,0.06664597718985181,0.0,1.0,0.6788922155688624,1,3,481,537
A29S8I5VT9TKZA,0.38971684704917114,0.06664597718985181,0.0,1.0,0.6788922155688624,1,3,481,538
A3RCGRXYBRKSRC,0.38971684704917114,0.06664597718985181,0.0,1.0,0.6788922155688624,1,3,481,539
A3P2RMAC6YQ51V,0.38971684704917114,0.06664597718985181,0.0,1.0,0.6788922155688624,1,3,481,540
A3PEXCKPTNZLC4,0.38971684704917114,0.06664597718985181,0.0,1.0,0.6788922155688624,1,3,481,541
A3PFHOG6AV4ECA,0.38971684704917114,0.06664597718985181,0.0,1.0,0.6788922155688624,1,3,481,542
A273WV7N5H7D5B,0.38971684704917114,0.06664597718985181,0.0,1.0,0.6788922155688624,1,3,481,543
A3OLGVL02YNQDK,0.38971684704917114,0.06664597718985181,0.0,1.0,0.6788922155688624,1,3,481,544
A3OMSWC203H2YZ,0.38971684704917114,0.06664597718985181,0.0,1.0,0.6788922155688624,1,3,481,545
A1NX2S8MYXGEM,0.38971684704917114,0.06664597718985181,0.0,1.0,0.6788922155688624,1,3,481,546
A3KAMSQ04EA7MD,0.38971684704917114,0.06664597718985181,0.0,1.0,0.6788922155688624,1,3,481,547
A3L18CVCO055N4,0.38971684704917114,0.06664597718985181,0.0,1.0,0.6788922155688624,1,3,481,548
A1HIZC2BJYEY5P,0.38971684704917114,0.06664597718985181,0.0,1.0,0.6788922155688624,1,3,481,549
A16QY8VBHHP9MT,0.38971684704917114,0.06664597718985181,0.0,1.0,0.6788922155688624,1,3,481,550
A21NY1BE30PD7J,0.38971684704917114,0.06664597718985181,0.0,1.0,0.6788922155688624,1,3,481,551
A1IO8365H969TU,0.38971684704917114,0.06664597718985181,0.0,1.0,0.6788922155688624,1,3,481,552
AQ4T1DUD9HI3F,0.38971684704917114,0.06664597718985181,0.0,1.0,0.6788922155688624,1,3,481,553
A7I6IEAQZIT9D,0.38971684704917114,0.06664597718985181,0.0,1.0,0.6788922155688624,1,3,481,554
A7JK2LY3CHJ2H,0.38971684704917114,0.06664597718985181,0.0,1.0,0.6788922155688624,1,3,481,555
AR1PSEQRQ3L04,0.38971684704917114,0.06664597718985181,0.0,1.0,0.6788922155688624,1,3,481,556
A823L2YB2FKBC,0.38971684704917114,0.06664597718985181,0.0,1.0,0.6788922155688624,1,3,481,557
A23A0SXUF6KKF3,0.38971684704917114,0.06664597718985181,0.0,1.0,0.6788922155688624,1,3,481,558
A2399LYFEX2HV0,0.38971684704917114,0.06664597718985181,0.0,1.0,0.6788922155688624,1,3,481,559
A3MEFZZMMGIECW,0.38971684704917114,0.06664597718985181,0.0,1.0,0.6788922155688624,1,3,481,560
A21WOB2CIZVMRX,0.38971684704917114,0.06664597718985181,0.0,1.0,0.6788922155688624,1,3,481,561
A22ELKXGNSSWDQ,0.38971684704917114,0.06664597718985181,0.0,1.0,0.6788922155688624,1,3,481,562
A22EP447IBQNB2,0.38971684704917114,0.06664597718985181,0.0,1.0,0.6788922155688624,1,3,481,563
A22IDP8YERZ79X,0.38971684704917114,0.06664597718985181,0.0,1.0,0.6788922155688624,1,3,481,564
A2379RPKARK5IE,0.38971684704917114,0.06664597718985181,0.0,1.0,0.6788922155688624,1,3,481,565
A20IZXV0FQ6P5G,0.38971684704917114,0.06664597718985181,0.0,1.0,0.6788922155688624,1,3,481,566
A1WVESLCYWGW0Q,0.38971684704917114,0.06664597718985181,0.0,1.0,0.6788922155688624,1,3,481,567
A1XISLQOHN41MN,0.38971684704917114,0.06664597718985181,0.0,1.0,0.6788922155688624,1,3,481,568
A3OGYYZ007ABGA,0.38971684704917114,0.06664597718985181,0.0,1.0,0.6788922155688624,1,3,481,569
A1XZGL8Q0L8G9U,0.38971684704917114,0.06664597718985181,0.0,1.0,0.6788922155688624,1,3,481,570
A1XZRI9693K0N5,0.38971684704917114,0.06664597718985181,0.0,1.0,0.6788922155688624,1,3,481,571
A1ICDP1SXHZE0U,0.38971684704917114,0.06664597718985181,0.0,1.0,0.6788922155688624,1,3,481,572
AQD5KJ615OHJN,0.38971684704917114,0.06664597718985181,0.0,1.0,0.6788922155688624,1,3,481,573
A3N3LPHLB7V9NV,0.38971684704917114,0.06664597718985181,0.0,1.0,0.6788922155688624,1,3,481,574
A3NC84WPNQ74I4,0.38971684704917114,0.06664597718985181,0.0,1.0,0.6788922155688624,1,3,481,575
A1KZP366BCW0CR,0.38971684704917114,0.06664597718985181,0.0,1.0,0.6788922155688624,1,3,481,576
A1L7M2JXN4EZCR,0.38971684704917114,0.06664597718985181,0.0,1.0,0.6788922155688624,1,3,481,577
A1XL5KOLSQT6KH,0.38971684704917114,0.06664597718985181,0.0,1.0,0.6788922155688624,1,3,481,578
AG20C61GKNS1Y,0.38971684704917114,0.06664597718985181,0.0,1.0,0.6788922155688624,1,3,481,579
A39TSOLD1HTE8M,0.38971684704917114,0.06664597718985181,0.0,1.0,0.6788922155688624,1,3,481,580
A3ATYUPQYD15TK,0.38971684704917114,0.06664597718985181,0.0,1.0,0.6788922155688624,1,3,481,581
A3UI6CTFWL721L,0.38971684704917114,0.06664597718985181,0.0,1.0,0.6788922155688624,1,3,481,582
A2DJGZP9NFJDZB,0.38971684704917114,0.06664597718985181,0.0,1.0,0.6788922155688624,1,3,481,583
A3SINSKZTVFCX,0.38971684704917114,0.06664597718985181,0.0,1.0,0.6788922155688624,1,3,481,584
A3SUG1O5YSG659,0.38971684704917114,0.06664597718985181,0.0,1.0,0.6788922155688624,1,3,481,585
A1MHDCGQE5186H,0.38971684704917114,0.06664597718985181,0.0,1.0,0.6788922155688624,1,3,481,586
A1591PJYM84XQT,0.38971684704917114,0.06664597718985181,0.0,1.0,0.6788922155688624,1,3,481,587
A15F2LYQBHNHDK,0.38971684704917114,0.06664597718985181,0.0,1.0,0.6788922155688624,1,3,481,588
A15HFIL37EBL9V,0.38971684704917114,0.06664597718985181,0.0,1.0,0.6788922155688624,1,3,481,589
A3IWKEWM9EEPFJ,0.38971684704917114,0.06664597718985181,0.0,1.0,0.6788922155688624,1,3,481,590
A3IY8S20GL2IP4,0.38971684704917114,0.06664597718985181,0.0,1.0,0.6788922155688624,1,3,481,591
A1W0XZWS8QC8IV,0.38971684704917114,0.06664597718985181,0.0,1.0,0.6788922155688624,1,3,481,592
A1FF0KZ7KWFDDH,0.38971684704917114,0.06664597718985181,0.0,1.0,0.6788922155688624,1,3,481,593
ARHPPI71WHUZ3,0.38971684704917114,0.06664597718985181,0.0,1.0,0.6788922155688624,1,3,481,594
A3SWLDY5FWIDNL,0.38971684704917114,0.06664597718985181,0.0,1.0,0.6788922155688624,1,3,481,595
AZA96HCU57OVF,0.38971684704917114,0.06664597718985181,0.0,1.0,0.6788922155688624,1,3,481,596
AUPIVCP28NXK3,0.38971684704917114,0.06664597718985181,0.0,1.0,0.6788922155688624,1,3,481,597
AUY3CWAZDVGT5,0.38971684704917114,0.06664597718985181,0.0,1.0,0.6788922155688624,1,3,481,598
A38T7HEXGCAWJA,0.38971684704917114,0.06664597718985181,0.0,1.0,0.6788922155688624,1,3,481,599
A2KJV9P3Q523CI,0.38971684704917114,0.06664597718985181,0.0,1.0,0.6788922155688624,1,3,481,600
AIBGSX2D3EXU6,0.38971684704917114,0.06664597718985181,0.0,1.0,0.6788922155688624,1,3,481,601
A3C6RYB83KD1GX,0.38971684704917114,0.06664597718985181,0.0,1.0,0.6788922155688624,1,3,481,602
A2HCMW0RU59GPJ,0.38971684704917114,0.06664597718985181,0.0,1.0,0.6788922155688624,1,3,481,603
A3TDYJPBZ7DXE7,0.38971684704917114,0.06664597718985181,0.0,1.0,0.6788922155688624,1,3,481,604
A3D7IRV9BPFK5J,0.38971684704917114,0.06664597718985181,0.0,1.0,0.6788922155688624,1,3,481,605
A3DGGVZIS0QCQ9,0.38971684704917114,0.06664597718985181,0.0,1.0,0.6788922155688624,1,3,481,606
AIE03GJ95JW3Z,0.38971684704917114,0.06664597718985181,0.0,1.0,0.6788922155688624,1,3,481,607
AJCHGS1GND4OA,0.38971684704917114,0.06664597718985181,0.0,1.0,0.6788922155688624,1,3,481,608
AJGXGXR76J1C9,0.38971684704917114,0.06664597718985181,0.0,1.0,0.6788922155688624,1,3,481,609
A2M5KSLIOG4T4Y,0.38971684704917114,0.06664597718985181,0.0,1.0,0.6788922155688624,1,3,481,610
A2GNP3FHYG63XI,0.38971684704917114,0.06664597718985181,0.0,1.0,0.6788922155688624,1,3,481,611
A3CA8KTWWHA0JI,0.38971684704917114,0.06664597718985181,0.0,1.0,0.6788922155688624,1,3,481,612
A15HFUSQXBTE76,0.38971684704917114,0.06664597718985181,0.0,1.0,0.6788922155688624,1,3,481,613
A15OQ0YZCQ787E,0.38971684704917114,0.06664597718985181,0.0,1.0,0.6788922155688624,1,3,481,614
A1OYKEHNH3E23C,0.38971684704917114,0.06664597718985181,0.0,1.0,0.6788922155688624,1,3,481,615
A1L7QES3JBISFS,0.38971684704917114,0.06664597718985181,0.0,1.0,0.6788922155688624,1,3,481,616
A2ADK1Y7WSPSGP,0.38971684704917114,0.06664597718985181,0.0,1.0,0.6788922155688624,1,3,481,617
A2ASJCZAYXEK0J,0.38971684704917114,0.06664597718985181,0.0,1.0,0.6788922155688624,1,3,481,618
AM20LNMBYFHHP,0.38971684704917114,0.06664597718985181,0.0,1.0,0.6788922155688624,1,3,481,619
ARM4MTNZK1975,0.38971684704917114,0.06664597718985181,0.0,1.0,0.6788922155688624,1,3,481,620
A2EU4JERXUZDSI,0.38971684704917114,0.06664597718985181,0.0,1.0,0.6788922155688624,1,3,481,621
AMGNNJWUEIJ59,0.38971684704917114,0.06664597718985181,0.0,1.0,0.6788922155688624,1,3,481,622
AN3ILH8NOGNH4,0.38971684704917114,0.06664597718985181,0.0,1.0,0.6788922155688624,1,3,481,623
ANE9603L1IYFG,0.38971684704917114,0.06664597718985181,0.0,1.0,0.6788922155688624,1,3,481,624
A2BFNGFKQWHJN7,0.38971684704917114,0.06664597718985181,0.0,1.0,0.6788922155688624,1,3,481,625
A2BUURD9JFCRXJ,0.38971684704917114,0.06664597718985181,0.0,1.0,0.6788922155688624,1,3,481,626
A2BW7NHB67AQWP,0.38971684704917114,0.06664597718985181,0.0,1.0,0.6788922155688624,1,3,481,627
A1GKAGU5JZODFN,0.38971684704917114,0.06664597718985181,0.0,1.0,0.6788922155688624,1,3,481,628
AM29FF4K9EKVN,0.38971684704917114,0.06664597718985181,0.0,1.0,0.6788922155688624,1,3,481,629
A2HGVGBEVX1XE,0.38971684704917114,0.06664597718985181,0.0,1.0,0.6788922155688624,1,3,481,630
A2EZ80LJMEMJM9,0.38971684704917114,0.06664597718985181,0.0,1.0,0.6788922155688624,1,3,481,631
AI5CL94ZW72ZM,0.38971684704917114,0.06664597718985181,0.0,1.0,0.6788922155688624,1,3,481,632
A3EK5TRR1L1WR8,0.38971684704917114,0.06664597718985181,0.0,1.0,0.6788922155688624,1,3,481,633
A3EMAT5NS591P1,0.38971684704917114,0.06664597718985181,0.0,1.0,0.6788922155688624,1,3,481,634
A3F0HJLB79JQJ4,0.38971684704917114,0.06664597718985181,0.0,1.0,0.6788922155688624,1,3,481,635
A3FINBR4T5ACH3,0.38971684704917114,0.06664597718985181,0.0,1.0,0.6788922155688624,1,3,481,636
A3FKLAPAZ8PFMO,0.38971684704917114,0.06664597718985181,0.0,1.0,0.6788922155688624,1,3,481,637
A3RLE0OTW1Y7FW,0.38971684704917114,0.06664597718985181,0.0,1.0,0.6788922155688624,1,3,481,638
A3HK1EO0SEEB8Z,0.38971684704917114,0.06664597718985181,0.0,1.0,0.6788922155688624,1,3,481,639
A2GKFYK7QKPUS6,0.38971684704917114,0.06664597718985181,0.0,1.0,0.6788922155688624,1,3,481,640
AJXQJ5KGNLRVS,0.38971684704917114,0.06664597718985181,0.0,1.0,0.6788922155688624,1,3,481,641
AKS51UDRDO6OP,0.38971684704917114,0.06664597718985181,0.0,1.0,0.6788922155688624,1,3,481,642
AKV3O0ZER47PE,0.38971684704917114,0.06664597718985181,0.0,1.0,0.6788922155688624,1,3,481,643
AL8SQYYI1BZMW,0.38971684704917114,0.06664597718985181,0.0,1.0,0.6788922155688624,1,3,481,644
ALZ796TTBBDBL,0.38971684704917114,0.06664597718985181,0.0,1.0,0.6788922155688624,1,3,481,645
A2DGUUI336IOPT,0.38971684704917114,0.06664597718985181,0.0,1.0,0.6788922155688624,1,3,481,646
A3FQTCYYVX5M5A,0.38971684704917114,0.06664597718985181,0.0,1.0,0.6788922155688624,1,3,481,647
A38Y6WG21NAEMB,0.38829825603162316,0.0022731670862528234,0.31535370281015873,1.0,0.43511152081283055,2,0,53,648
A2P3LG0CZ2WNX0,0.38658895148604333,0.13331781622572217,0.09295062801920864,1.0,0.4934237984540978,2,3,197,649
A32LX4XJ2LU740,0.38480250001501864,6.764704463482584e-05,0.1546750396359321,1.0,0.5844537839705807,2,3,543,650
A1BC62X6HZJGZR,0.3844971280737582,0.16479310081948292,0.3115715251023835,1.0,0.2286652662092697,3,5,309,651
A3PUCC1JC9NZTF,0.38349904563007864,0.13331781622572217,0.060563065310443705,1.0,0.5134517377390042,2,0,263,652
A2Y4N0IFVNNP46,0.38317256491515306,8.281270823712863e-05,0.052741303032680015,1.0,0.6798495813780476,2,4,566,653
A3FGOOWBV8SUCA,0.38232904069210105,0.1660403862972548,0.37048620906529306,1.0,0.15958149014640538,3,0,68,654
A3I8KWK1VNN92T,0.38232537998330285,0.06664597718985181,0.0,1.0,0.6493263473053892,1,6,402,655
A3S3P2TWEVS69L,0.38232537998330285,0.06664597718985181,0.0,1.0,0.6493263473053892,1,6,402,656
A3T3LXK2F3XTEK,0.38232537998330285,0.06664597718985181,0.0,1.0,0.6493263473053892,1,6,402,657
A3SUZA0C8QV8AW,0.38232537998330285,0.06664597718985181,0.0,1.0,0.6493263473053892,1,6,402,658
A3SPRSLV03DT6Y,0.38232537998330285,0.06664597718985181,0.0,1.0,0.6493263473053892,1,6,402,659
A3SJ70S9RAGUIA,0.38232537998330285,0.06664597718985181,0.0,1.0,0.6493263473053892,1,6,402,660
A3S3XESYDHV39U,0.38232537998330285,0.06664597718985181,0.0,1.0,0.6493263473053892,1,6,402,661
A18APJULAWONNE,0.38232537998330285,0.06664597718985181,0.0,1.0,0.6493263473053892,1,6,402,662
A3IDY8FCU6GYEW,0.38232537998330285,0.06664597718985181,0.0,1.0,0.6493263473053892,1,6,402,663
A3HHR7GMW69TFX,0.38232537998330285,0.06664597718985181,0.0,1.0,0.6493263473053892,1,6,402,664
A12D2E7JYO5IPG,0.38232537998330285,0.06664597718985181,0.0,1.0,0.6493263473053892,1,6,402,665
ALJMX3QEODS88,0.38232537998330285,0.06664597718985181,0.0,1.0,0.6493263473053892,1,6,402,666
ALHTPU8UYAFLX,0.38232537998330285,0.06664597718985181,0.0,1.0,0.6493263473053892,1,6,402,667
AL1PNYDIILV4D,0.38232537998330285,0.06664597718985181,0.0,1.0,0.6493263473053892,1,6,402,668
A3E23UCQ27R3SU,0.38232537998330285,0.06664597718985181,0.0,1.0,0.6493263473053892,1,6,402,669
APODYH18FHXC6,0.38232537998330285,0.06664597718985181,0.0,1.0,0.6493263473053892,1,6,402,670
APH8C0RM4GMQB,0.38232537998330285,0.06664597718985181,0.0,1.0,0.6493263473053892,1,6,402,671
A3OU6E9SSMVU9D,0.38232537998330285,0.06664597718985181,0.0,1.0,0.6493263473053892,1,6,402,672
A3LHM5YKF4YCMN,0.38232537998330285,0.06664597718985181,0.0,1.0,0.6493263473053892,1,6,402,673
A3LGGQRAIDW3Z2,0.38232537998330285,0.06664597718985181,0.0,1.0,0.6493263473053892,1,6,402,674
A3JEGRJ8KPXCHC,0.38232537998330285,0.06664597718985181,0.0,1.0,0.6493263473053892,1,6,402,675
A3H09VQI43K2PJ,0.38232537998330285,0.06664597718985181,0.0,1.0,0.6493263473053892,1,6,402,676
A3GIM3IW8FVBBK,0.38232537998330285,0.06664597718985181,0.0,1.0,0.6493263473053892,1,6,402,677
A2A9ZF3KYXL5D0,0.38232537998330285,0.06664597718985181,0.0,1.0,0.6493263473053892,1,6,402,678
A3EZY90TIZ2MMA,0.38232537998330285,0.06664597718985181,0.0,1.0,0.6493263473053892,1,6,402,679
A3EOT20YH2QDX4,0.38232537998330285,0.06664597718985181,0.0,1.0,0.6493263473053892,1,6,402,680
ANZHPMJLXBU9T,0.38232537998330285,0.06664597718985181,0.0,1.0,0.6493263473053892,1,6,402,681
AN7AELA3YHNZK,0.38232537998330285,0.06664597718985181,0.0,1.0,0.6493263473053892,1,6,402,682
A2EWTVSGOPKWIT,0.38232537998330285,0.06664597718985181,0.0,1.0,0.6493263473053892,1,6,402,683
A2FYZRR780Y3PN,0.38232537998330285,0.06664597718985181,0.0,1.0,0.6493263473053892,1,6,402,684
A2A1RBR2MG7LHY,0.38232537998330285,0.06664597718985181,0.0,1.0,0.6493263473053892,1,6,402,685
A1OKH9AX5EZ7GI,0.38232537998330285,0.06664597718985181,0.0,1.0,0.6493263473053892,1,6,402,686
A3F3XQGPOVXJET,0.38232537998330285,0.06664597718985181,0.0,1.0,0.6493263473053892,1,6,402,687
A3ARPUKCI6R91Y,0.38232537998330285,0.06664597718985181,0.0,1.0,0.6493263473053892,1,6,402,688
A399F6C7WP0NPG,0.38232537998330285,0.06664597718985181,0.0,1.0,0.6493263473053892,1,6,402,689
A395TYPUVG7KNR,0.38232537998330285,0.06664597718985181,0.0,1.0,0.6493263473053892,1,6,402,690
AFZGETEF0V6ZO,0.38232537998330285,0.06664597718985181,0.0,1.0,0.6493263473053892,1,6,402,691
A1CWZPZKD7874S,0.38232537998330285,0.06664597718985181,0.0,1.0,0.6493263473053892,1,6,402,692
A2GRLLJC2JK9FN,0.38232537998330285,0.06664597718985181,0.0,1.0,0.6493263473053892,1,6,402,693
ADXSJ9MBHM236,0.38232537998330285,0.06664597718985181,0.0,1.0,0.6493263473053892,1,6,402,694
A2FVNLWPFKGIEK,0.38232537998330285,0.06664597718985181,0.0,1.0,0.6493263473053892,1,6,402,695
A2CUBYMC4PVHY8,0.38232537998330285,0.06664597718985181,0.0,1.0,0.6493263473053892,1,6,402,696
AJ8FMV8SGKUIJ,0.38232537998330285,0.06664597718985181,0.0,1.0,0.6493263473053892,1,6,402,697
AIQZK8PU1F5RA,0.38232537998330285,0.06664597718985181,0.0,1.0,0.6493263473053892,1,6,402,698
AILIBVWMDLSR3,0.38232537998330285,0.06664597718985181,0.0,1.0,0.6493263473053892,1,6,402,699
A3HAPTHHU5B1MT,0.38232537998330285,0.06664597718985181,0.0,1.0,0.6493263473053892,1,6,402,700
A3DIEJHDPL4PUC,0.38232537998330285,0.06664597718985181,0.0,1.0,0.6493263473053892,1,6,402,701
A3DF1AEPLTX0CA,0.38232537998330285,0.06664597718985181,0.0,1.0,0.6493263473053892,1,6,402,702
AUIZCHYZLLQCX,0.38232537998330285,0.06664597718985181,0.0,1.0,0.6493263473053892,1,6,402,703
AUEBGCH3FFPTQ,0.38232537998330285,0.06664597718985181,0.0,1.0,0.6493263473053892,1,6,402,704
A12RHQPWEZWAAH,0.38232537998330285,0.06664597718985181,0.0,1.0,0.6493263473053892,1,6,402,705
APRJ0OM54GBPE,0.38232537998330285,0.06664597718985181,0.0,1.0,0.6493263473053892,1,6,402,706
A2BWTWFVI6D9SD,0.38232537998330285,0.06664597718985181,0.0,1.0,0.6493263473053892,1,6,402,707
A3JH39FG7PPGAD,0.38232537998330285,0.06664597718985181,0.0,1.0,0.6493263473053892,1,6,402,708
A3U0DX8MFOB1XX,0.38232537998330285,0.06664597718985181,0.0,1.0,0.6493263473053892,1,6,402,709
A3TUQQWT7KRSEK,0.38232537998330285,0.06664597718985181,0.0,1.0,0.6493263473053892,1,6,402,710
A3TL4RJQKBB8VK,0.38232537998330285,0.06664597718985181,0.0,1.0,0.6493263473053892,1,6,402,711
A3TIWKL1FZANAX,0.38232537998330285,0.06664597718985181,0.0,1.0,0.6493263473053892,1,6,402,712
A3TD47N9K6V0FU,0.38232537998330285,0.06664597718985181,0.0,1.0,0.6493263473053892,1,6,402,713
A2DT7XKLELB1MX,0.38232537998330285,0.06664597718985181,0.0,1.0,0.6493263473053892,1,6,402,714
A18EA7MNLXP9H5,0.38232537998330285,0.06664597718985181,0.0,1.0,0.6493263473053892,1,6,402,715
A3BVSAZREDP9RH,0.38232537998330285,0.06664597718985181,0.0,1.0,0.6493263473053892,1,6,402,716
AS9WUVBL06T87,0.38232537998330285,0.06664597718985181,0.0,1.0,0.6493263473053892,1,6,402,717
AS6534SXKS1KZ,0.38232537998330285,0.06664597718985181,0.0,1.0,0.6493263473053892,1,6,402,718
AS4V31G3T0L3Z,0.38232537998330285,0.06664597718985181,0.0,1.0,0.6493263473053892,1,6,402,719
A1FDYXJ28RDHIS,0.38232537998330285,0.06664597718985181,0.0,1.0,0.6493263473053892,1,6,402,720
A1YRUUY14KW853,0.38232537998330285,0.06664597718985181,0.0,1.0,0.6493263473053892,1,6,402,721
A1YGOQLHZUGTW8,0.38232537998330285,0.06664597718985181,0.0,1.0,0.6493263473053892,1,6,402,722
A2EARYEYVMMNZZ,0.38232537998330285,0.06664597718985181,0.0,1.0,0.6493263473053892,1,6,402,723
A3E5KFCYN26O2B,0.38232537998330285,0.06664597718985181,0.0,1.0,0.6493263473053892,1,6,402,724
AOKS36MOH1LDK,0.38232537998330285,0.06664597718985181,0.0,1.0,0.6493263473053892,1,6,402,725
AR4KYWHKCDTUG,0.38232537998330285,0.06664597718985181,0.0,1.0,0.6493263473053892,1,6,402,726
AQT6XL9FRECC7,0.38232537998330285,0.06664597718985181,0.0,1.0,0.6493263473053892,1,6,402,727
A3MDLLMB405XS3,0.38232537998330285,0.06664597718985181,0.0,1.0,0.6493263473053892,1,6,402,728
A3M5YEJO6EZOML,0.38232537998330285,0.06664597718985181,0.0,1.0,0.6493263473053892,1,6,402,729
A3LORKXNGG3PX3,0.38232537998330285,0.06664597718985181,0.0,1.0,0.6493263473053892,1,6,402,730
A3LLE02CO1W5T1,0.38232537998330285,0.06664597718985181,0.0,1.0,0.6493263473053892,1,6,402,731
A3OSUAAXSUNPLM,0.38232537998330285,0.06664597718985181,0.0,1.0,0.6493263473053892,1,6,402,732
A1DV1Z52G42EX2,0.38232537998330285,0.06664597718985181,0.0,1.0,0.6493263473053892,1,6,402,733
A3L9C2RTSH3XZB,0.38232537998330285,0.06664597718985181,0.0,1.0,0.6493263473053892,1,6,402,734
A3L20U76EG3KP4,0.38232537998330285,0.06664597718985181,0.0,1.0,0.6493263473053892,1,6,402,735
A3L0JLM9CB0IW0,0.38232537998330285,0.06664597718985181,0.0,1.0,0.6493263473053892,1,6,402,736
A1K7TS096NFI,0.38232537998330285,0.06664597718985181,0.0,1.0,0.6493263473053892,1,6,402,737
A3JQQ2TWTKFVNH,0.38232537998330285,0.06664597718985181,0.0,1.0,0.6493263473053892,1,6,402,738
A3NE9ABP7PAYK3,0.38232537998330285,0.06664597718985181,0.0,1.0,0.6493263473053892,1,6,402,739
A3QNHDUBMA6WQM,0.38232537998330285,0.06664597718985181,0.0,1.0,0.6493263473053892,1,6,402,740
A3PM5DJGZ17I40,0.38232537998330285,0.06664597718985181,0.0,1.0,0.6493263473053892,1,6,402,741
A3LBTC13EYE4MS,0.38232537998330285,0.06664597718985181,0.0,1.0,0.6493263473053892,1,6,402,742
A16BIH1Z3L050B,0.38232537998330285,0.06664597718985181,0.0,1.0,0.6493263473053892,1,6,402,743
A3OM2N48I8ZN9D,0.38232537998330285,0.06664597718985181,0.0,1.0,0.6493263473053892,1,6,402,744
A3OKIB6PSM1MWI,0.38232537998330285,0.06664597718985181,0.0,1.0,0.6493263473053892,1,6,402,745
A3O4CQSM06AP8Q,0.38232537998330285,0.06664597718985181,0.0,1.0,0.6493263473053892,1,6,402,746
A3NPVOHK3AMSDK,0.38232537998330285,0.06664597718985181,0.0,1.0,0.6493263473053892,1,6,402,747
A3NN1FTQVVXLP7,0.38232537998330285,0.06664597718985181,0.0,1.0,0.6493263473053892,1,6,402,748
A3N44QVNT0YP1L,0.38232537998330285,0.06664597718985181,0.0,1.0,0.6493263473053892,1,6,402,749
A3MV6ZFPS15FIN,0.38232537998330285,0.06664597718985181,0.0,1.0,0.6493263473053892,1,6,402,750
A20J3G8AWR8F28,0.38232537998330285,0.06664597718985181,0.0,1.0,0.6493263473053892,1,6,402,751
A1F087XDF48WQT,0.38232537998330285,0.06664597718985181,0.0,1.0,0.6493263473053892,1,6,402,752
A1EX7MNFZYL58,0.38232537998330285,0.06664597718985181,0.0,1.0,0.6493263473053892,1,6,402,753
A1ZM846Y7AUYD,0.38232537998330285,0.06664597718985181,0.0,1.0,0.6493263473053892,1,6,402,754
AXZQYHT23SFAJ,0.38232537998330285,0.06664597718985181,0.0,1.0,0.6493263473053892,1,6,402,755
A1IF0EV2GXK873,0.38232537998330285,0.06664597718985181,0.0,1.0,0.6493263473053892,1,6,402,756
A1JZJLZD7GNWD7,0.38232537998330285,0.06664597718985181,0.0,1.0,0.6493263473053892,1,6,402,757
A1JD6COKA3KCEG,0.38232537998330285,0.06664597718985181,0.0,1.0,0.6493263473053892,1,6,402,758
A21CJLXIU27CBK,0.38232537998330285,0.06664597718985181,0.0,1.0,0.6493263473053892,1,6,402,759
AQCC8OF22KZXE,0.38232537998330285,0.06664597718985181,0.0,1.0,0.6493263473053892,1,6,402,760
AMFBRE9UYUCEU,0.38232537998330285,0.06664597718985181,0.0,1.0,0.6493263473053892,1,6,402,761
A26W0ZWPNVKDPY,0.38232537998330285,0.06664597718985181,0.0,1.0,0.6493263473053892,1,6,402,762
A26IJ5PCZRI3V3,0.38232537998330285,0.06664597718985181,0.0,1.0,0.6493263473053892,1,6,402,763
A25UZ1X4MF9C8L,0.38232537998330285,0.06664597718985181,0.0,1.0,0.6493263473053892,1,6,402,764
A25PM9JGHPU8EI,0.38232537998330285,0.06664597718985181,0.0,1.0,0.6493263473053892,1,6,402,765
A254AGEWJ5VRFI,0.38232537998330285,0.06664597718985181,0.0,1.0,0.6493263473053892,1,6,402,766
A3K4IFDEHTYRSU,0.38232537998330285,0.06664597718985181,0.0,1.0,0.6493263473053892,1,6,402,767
A3S0HHSFCDJE1P,0.38232537998330285,0.06664597718985181,0.0,1.0,0.6493263473053892,1,6,402,768
A3PCIFT337Q4N3,0.38232537998330285,0.06664597718985181,0.0,1.0,0.6493263473053892,1,6,402,769
A3REYP3W0BLUNA,0.38232537998330285,0.06664597718985181,0.0,1.0,0.6493263473053892,1,6,402,770
A3QVRCSJ9TXYM7,0.38232537998330285,0.06664597718985181,0.0,1.0,0.6493263473053892,1,6,402,771
A3QRL4VEQLL2OP,0.38232537998330285,0.06664597718985181,0.0,1.0,0.6493263473053892,1,6,402,772
A17Z9D1UHLZDXR,0.38232537998330285,0.06664597718985181,0.0,1.0,0.6493263473053892,1,6,402,773
A29ELZ0R2VXILG,0.38232537998330285,0.06664597718985181,0.0,1.0,0.6493263473053892,1,6,402,774
A1SELTWFSOHSJV,0.38232537998330285,0.06664597718985181,0.0,1.0,0.6493263473053892,1,6,402,775
A298GL2D0BHGKZ,0.38232537998330285,0.06664597718985181,0.0,1.0,0.6493263473053892,1,6,402,776
A28V3C26BYK04D,0.38232537998330285,0.06664597718985181,0.0,1.0,0.6493263473053892,1,6,402,777
A3RGHO0Q938FRS,0.38232537998330285,0.06664597718985181,0.0,1.0,0.6493263473053892,1,6,402,778
A3P0YHGVNXUNL4,0.38232537998330285,0.06664597718985181,0.0,1.0,0.6493263473053892,1,6,402,779
A1YF63MMH5AZJC,0.38232537998330285,0.06664597718985181,0.0,1.0,0.6493263473053892,1,6,402,780
A1F5865RG4YKHV,0.38232537998330285,0.06664597718985181,0.0,1.0,0.6493263473053892,1,6,402,781
A1XESQ7C7NNZX4,0.38232537998330285,0.06664597718985181,0.0,1.0,0.6493263473053892,1,6,402,782
A1WPFIZ8P3O86V,0.38232537998330285,0.06664597718985181,0.0,1.0,0.6493263473053892,1,6,402,783
A1WLAHPHD07E1N,0.38232537998330285,0.06664597718985181,0.0,1.0,0.6493263473053892,1,6,402,784
ASOG5QER5G0CE,0.38232537998330285,0.06664597718985181,0.0,1.0,0.6493263473053892,1,6,402,785
ASLITWH5GJ1T5,0.38232537998330285,0.06664597718985181,0.0,1.0,0.6493263473053892,1,6,402,786
AOO41PZSDC7J1,0.38232537998330285,0.06664597718985181,0.0,1.0,0.6493263473053892,1,6,402,787
A1ESWWU4DNXRJV,0.38232537998330285,0.06664597718985181,0.0,1.0,0.6493263473053892,1,6,402,788
A1NHV6PPZY45FD,0.38232537998330285,0.06664597718985181,0.0,1.0,0.6493263473053892,1,6,402,789
A1M6Z0NSZJB8AM,0.38232537998330285,0.06664597718985181,0.0,1.0,0.6493263473053892,1,6,402,790
A1LPLXAQRZE8TF,0.38232537998330285,0.06664597718985181,0.0,1.0,0.6493263473053892,1,6,402,791
A1LHMSY3Q46PJS,0.38232537998330285,0.06664597718985181,0.0,1.0,0.6493263473053892,1,6,402,792
A1LEMDY6BDO34U,0.38232537998330285,0.06664597718985181,0.0,1.0,0.6493263473053892,1,6,402,793
A1L87D9KX3MT41,0.38232537998330285,0.06664597718985181,0.0,1.0,0.6493263473053892,1,6,402,794
AP3N6KOLIFYVY,0.38232537998330285,0.06664597718985181,0.0,1.0,0.6493263473053892,1,6,402,795
AOQ1XQTHD9ZNR,0.38232537998330285,0.06664597718985181,0.0,1.0,0.6493263473053892,1,6,402,796
A237680FOULTZ8,0.38232537998330285,0.06664597718985181,0.0,1.0,0.6493263473053892,1,6,402,797
A33XZNU0PFPX3Y,0.38232537998330285,0.06664597718985181,0.0,1.0,0.6493263473053892,1,6,402,798
A33J5VPBSW64XC,0.38232537998330285,0.06664597718985181,0.0,1.0,0.6493263473053892,1,6,402,799
A1AHII2R0R6FAE,0.38232537998330285,0.06664597718985181,0.0,1.0,0.6493263473053892,1,6,402,800
A2YBKKLYAMSJMU,0.38232537998330285,0.06664597718985181,0.0,1.0,0.6493263473053892,1,6,402,801
A2Y8WX30L9NFD4,0.38232537998330285,0.06664597718985181,0.0,1.0,0.6493263473053892,1,6,402,802
A8MQW5B5QB3H1,0.38232537998330285,0.06664597718985181,0.0,1.0,0.6493263473053892,1,6,402,803
A2TIA4WQ8RRHJO,0.38232537998330285,0.06664597718985181,0.0,1.0,0.6493263473053892,1,6,402,804
A2WBQ3AMBGQMAO,0.38232537998330285,0.06664597718985181,0.0,1.0,0.6493263473053892,1,6,402,805
A2IIAQ7VVAHXTD,0.38232537998330285,0.06664597718985181,0.0,1.0,0.6493263473053892,1,6,402,806
A2SKDOP44GNUTP,0.38232537998330285,0.06664597718985181,0.0,1.0,0.6493263473053892,1,6,402,807
A2TUXUOKJHAYCI,0.38232537998330285,0.06664597718985181,0.0,1.0,0.6493263473053892,1,6,402,808
A1R60PGGS6TEQC,0.38232537998330285,0.06664597718985181,0.0,1.0,0.6493263473053892,1,6,402,809
A1QOCN3CJRVIGG,0.38232537998330285,0.06664597718985181,0.0,1.0,0.6493263473053892,1,6,402,810
A1Q6GJE1V2FZ02,0.38232537998330285,0.06664597718985181,0.0,1.0,0.6493263473053892,1,6,402,811
A2XI34EU8N0J4X,0.38232537998330285,0.06664597718985181,0.0,1.0,0.6493263473053892,1,6,402,812
A2XFVS9GBQW2U1,0.38232537998330285,0.06664597718985181,0.0,1.0,0.6493263473053892,1,6,402,813
A2WYP6MZRK4G4A,0.38232537998330285,0.06664597718985181,0.0,1.0,0.6493263473053892,1,6,402,814
A2SU3IL3MIBXZP,0.38232537998330285,0.06664597718985181,0.0,1.0,0.6493263473053892,1,6,402,815
A2PS6H6NHW0ZVK,0.38232537998330285,0.06664597718985181,0.0,1.0,0.6493263473053892,1,6,402,816
A2PAD826IH1HFE,0.38232537998330285,0.06664597718985181,0.0,1.0,0.6493263473053892,1,6,402,817
A1PIWW0T6LW91O,0.38232537998330285,0.06664597718985181,0.0,1.0,0.6493263473053892,1,6,402,818
A1P7BH2FLQ4O8R,0.38232537998330285,0.06664597718985181,0.0,1.0,0.6493263473053892,1,6,402,819
A1OZAYRJQAERTK,0.38232537998330285,0.06664597718985181,0.0,1.0,0.6493263473053892,1,6,402,820
A1UJB03PXSGQON,0.38232537998330285,0.06664597718985181,0.0,1.0,0.6493263473053892,1,6,402,821
A1UF3N52K5CWC2,0.38232537998330285,0.06664597718985181,0.0,1.0,0.6493263473053892,1,6,402,822
A32JZ9XNHMNWOO,0.38232537998330285,0.06664597718985181,0.0,1.0,0.6493263473053892,1,6,402,823
A2ZU4ZTPJ8PURX,0.38232537998330285,0.06664597718985181,0.0,1.0,0.6493263473053892,1,6,402,824
A1U5IJHJK84S54,0.38232537998330285,0.06664597718985181,0.0,1.0,0.6493263473053892,1,6,402,825
A1TOXCG4QWQLHA,0.38232537998330285,0.06664597718985181,0.0,1.0,0.6493263473053892,1,6,402,826
A1FP5PIA2TSJQE,0.38232537998330285,0.06664597718985181,0.0,1.0,0.6493263473053892,1,6,402,827
A1SWUTIQ0QGM38,0.38232537998330285,0.06664597718985181,0.0,1.0,0.6493263473053892,1,6,402,828
A1SV0FYYADJLPG,0.38232537998330285,0.06664597718985181,0.0,1.0,0.6493263473053892,1,6,402,829
A1VXQW4UQTLDQM,0.38232537998330285,0.06664597718985181,0.0,1.0,0.6493263473053892,1,6,402,830
AB5JSX3CBBAIB,0.38232537998330285,0.06664597718985181,0.0,1.0,0.6493263473053892,1,6,402,831
A34C8TEM5H2JG9,0.38232537998330285,0.06664597718985181,0.0,1.0,0.6493263473053892,1,6,402,832
A1U8KP7V6DFXN8,0.38232537998330285,0.06664597718985181,0.0,1.0,0.6493263473053892,1,6,402,833
AWDYLVB91K23B,0.38232537998330285,0.06664597718985181,0.0,1.0,0.6493263473053892,1,6,402,834
A79ZK3ZJ82G7Z,0.38232537998330285,0.06664597718985181,0.0,1.0,0.6493263473053892,1,6,402,835
A76H3TUHMOA8K,0.38232537998330285,0.06664597718985181,0.0,1.0,0.6493263473053892,1,6,402,836
A759KSTT9A8X8,0.38232537998330285,0.06664597718985181,0.0,1.0,0.6493263473053892,1,6,402,837
A2WTZZ1O3XXY5,0.38232537998330285,0.06664597718985181,0.0,1.0,0.6493263473053892,1,6,402,838
A1AN7HLQB27TWK,0.38232537998330285,0.06664597718985181,0.0,1.0,0.6493263473053892,1,6,402,839
A2YIHGB6WSRI85,0.38232537998330285,0.06664597718985181,0.0,1.0,0.6493263473053892,1,6,402,840
A2VTHY6NTE15G3,0.38232537998330285,0.06664597718985181,0.0,1.0,0.6493263473053892,1,6,402,841
A19XKJA47R6AJ9,0.38232537998330285,0.06664597718985181,0.0,1.0,0.6493263473053892,1,6,402,842
AYBP700B8IW2B,0.38232537998330285,0.06664597718985181,0.0,1.0,0.6493263473053892,1,6,402,843
A10AV4PT812CO6,0.38232537998330285,0.06664597718985181,0.0,1.0,0.6493263473053892,1,6,402,844
A10CT6NX3DLQ8B,0.38232537998330285,0.06664597718985181,0.0,1.0,0.6493263473053892,1,6,402,845
A1HW4M029I31C8,0.38232537998330285,0.06664597718985181,0.0,1.0,0.6493263473053892,1,6,402,846
A1KYUOPBGQCLUF,0.38232537998330285,0.06664597718985181,0.0,1.0,0.6493263473053892,1,6,402,847
A17C1GS384ORCX,0.38232537998330285,0.06664597718985181,0.0,1.0,0.6493263473053892,1,6,402,848
A3KJQ5BA7AVOCN,0.38232537998330285,0.06664597718985181,0.0,1.0,0.6493263473053892,1,6,402,849
A21OEH01WLWRF2,0.38232537998330285,0.06664597718985181,0.0,1.0,0.6493263473053892,1,6,402,850
AZTZ61W23JET0,0.38232537998330285,0.06664597718985181,0.0,1.0,0.6493263473053892,1,6,402,851
A7Y2RAZZRFVI3,0.38232537998330285,0.06664597718985181,0.0,1.0,0.6493263473053892,1,6,402,852
A7X0X400YR4W2,0.38232537998330285,0.06664597718985181,0.0,1.0,0.6493263473053892,1,6,402,853
A7OAAZPLNSMXJ,0.38232537998330285,0.06664597718985181,0.0,1.0,0.6493263473053892,1,6,402,854
A2VIZTW4DMVVWK,0.38232537998330285,0.06664597718985181,0.0,1.0,0.6493263473053892,1,6,402,855
A2V84I2M1DT1TZ,0.38232537998330285,0.06664597718985181,0.0,1.0,0.6493263473053892,1,6,402,856
A2U1CMEGA3950K,0.38232537998330285,0.06664597718985181,0.0,1.0,0.6493263473053892,1,6,402,857
A9KOC3PXLXYSB,0.38232537998330285,0.06664597718985181,0.0,1.0,0.6493263473053892,1,6,402,858
A9K181D47VK5H,0.38232537998330285,0.06664597718985181,0.0,1.0,0.6493263473053892,1,6,402,859
AWZ47W0194UVT,0.38232537998330285,0.06664597718985181,0.0,1.0,0.6493263473053892,1,6,402,860
A99D8N0YVVDOC,0.38232537998330285,0.06664597718985181,0.0,1.0,0.6493263473053892,1,6,402,861
A31FYGE53VGBH7,0.38232537998330285,0.06664597718985181,0.0,1.0,0.6493263473053892,1,6,402,862
A304TZYJIWBA0C,0.38232537998330285,0.06664597718985181,0.0,1.0,0.6493263473053892,1,6,402,863
A1K1AAZSD9KWX,0.38232537998330285,0.06664597718985181,0.0,1.0,0.6493263473053892,1,6,402,864
A1KT8QQ74E3SVQ,0.38232537998330285,0.06664597718985181,0.0,1.0,0.6493263473053892,1,6,402,865
A1KDLNTVTMT0RA,0.38232537998330285,0.06664597718985181,0.0,1.0,0.6493263473053892,1,6,402,866
AXTD5V28KMNTX,0.38232537998330285,0.06664597718985181,0.0,1.0,0.6493263473053892,1,6,402,867
AXR9PC2II8UCB,0.38232537998330285,0.06664597718985181,0.0,1.0,0.6493263473053892,1,6,402,868
AXNVP9GQR85I1,0.38232537998330285,0.06664597718985181,0.0,1.0,0.6493263473053892,1,6,402,869
A9DC2VSSE1HT0,0.38232537998330285,0.06664597718985181,0.0,1.0,0.6493263473053892,1,6,402,870
A38RLBIN8LASPE,0.38232537998330285,0.06664597718985181,0.0,1.0,0.6493263473053892,1,6,402,871
A38L5I9MY8A959,0.38232537998330285,0.06664597718985181,0.0,1.0,0.6493263473053892,1,6,402,872
A18H3X0XGMD1K0,0.38232537998330285,0.06664597718985181,0.0,1.0,0.6493263473053892,1,6,402,873
A1OJ07VIDHI8BL,0.38232537998330285,0.06664597718985181,0.0,1.0,0.6493263473053892,1,6,402,874
A1O6GTTLXORHZV,0.38232537998330285,0.06664597718985181,0.0,1.0,0.6493263473053892,1,6,402,875
A10R0C79S921EP,0.38232537998330285,0.06664597718985181,0.0,1.0,0.6493263473053892,1,6,402,876
AVUE941QR0MI2,0.38232537998330285,0.06664597718985181,0.0,1.0,0.6493263473053892,1,6,402,877
AV8XORAUWHHZJ,0.38232537998330285,0.06664597718985181,0.0,1.0,0.6493263473053892,1,6,402,878
A2PYISW9CMNCJB,0.38232537998330285,0.06664597718985181,0.0,1.0,0.6493263473053892,1,6,402,879
AURHQ3OVNNSLK,0.38232537998330285,0.06664597718985181,0.0,1.0,0.6493263473053892,1,6,402,880
A34IJACMU8C3IM,0.38232537998330285,0.06664597718985181,0.0,1.0,0.6493263473053892,1,6,402,881
A19QYI46CNL5JL,0.38232537998330285,0.06664597718985181,0.0,1.0,0.6493263473053892,1,6,402,882
ADSO1F9K7ZD1F,0.38232537998330285,0.06664597718985181,0.0,1.0,0.6493263473053892,1,6,402,883
A13F9YN2DTH4D4,0.38232537998330285,0.06664597718985181,0.0,1.0,0.6493263473053892,1,6,402,884
AD73VMNYB8XVX,0.38232537998330285,0.06664597718985181,0.0,1.0,0.6493263473053892,1,6,402,885
ACHQT7HI9PFPG,0.38232537998330285,0.06664597718985181,0.0,1.0,0.6493263473053892,1,6,402,886
ACBNNQP87PKEY,0.38232537998330285,0.06664597718985181,0.0,1.0,0.6493263473053892,1,6,402,887
AV4RSVB9BP8PS,0.38232537998330285,0.06664597718985181,0.0,1.0,0.6493263473053892,1,6,402,888
A2K33VWYQC9C2W,0.38232537998330285,0.06664597718985181,0.0,1.0,0.6493263473053892,1,6,402,889
A1GQK49Z3G4J8G,0.38232537998330285,0.06664597718985181,0.0,1.0,0.6493263473053892,1,6,402,890
AHV9Z1EDYO5WK,0.38232537998330285,0.06664597718985181,0.0,1.0,0.6493263473053892,1,6,402,891
AGXY576DF2CJ2,0.38232537998330285,0.06664597718985181,0.0,1.0,0.6493263473053892,1,6,402,892
AGXMLPCYBOL55,0.38232537998330285,0.06664597718985181,0.0,1.0,0.6493263473053892,1,6,402,893
A3BLG23IUDWFOF,0.38232537998330285,0.06664597718985181,0.0,1.0,0.6493263473053892,1,6,402,894
A3BJTAZ6UPDYCW,0.38232537998330285,0.06664597718985181,0.0,1.0,0.6493263473053892,1,6,402,895
A3BCTEEX0YKXEA,0.38232537998330285,0.06664597718985181,0.0,1.0,0.6493263473053892,1,6,402,896
A2K3VNO28J98KR,0.38232537998330285,0.06664597718985181,0.0,1.0,0.6493263473053892,1,6,402,897
A3UW9V8KONIRBE,0.38232537998330285,0.06664597718985181,0.0,1.0,0.6493263473053892,1,6,402,898
A3UP97IQAI6LJH,0.38232537998330285,0.06664597718985181,0.0,1.0,0.6493263473053892,1,6,402,899
A3UNREJGCZMRUY,0.38232537998330285,0.06664597718985181,0.0,1.0,0.6493263473053892,1,6,402,900
A3DPT4CDBMX0N7,0.38232537998330285,0.06664597718985181,0.0,1.0,0.6493263473053892,1,6,402,901
A4GI4654JA8NK,0.38232537998330285,0.06664597718985181,0.0,1.0,0.6493263473053892,1,6,402,902
A2MCRCK1V61FWQ,0.38232537998330285,0.06664597718985181,0.0,1.0,0.6493263473053892,1,6,402,903
AFM65NU0UXIGP,0.38232537998330285,0.06664597718985181,0.0,1.0,0.6493263473053892,1,6,402,904
A2NV4YCNVT7W98,0.38232537998330285,0.06664597718985181,0.0,1.0,0.6493263473053892,1,6,402,905
A2LSK5XN4A3PN7,0.38232537998330285,0.06664597718985181,0.0,1.0,0.6493263473053892,1,6,402,906
A3B9FWS53WZIT,0.38232537998330285,0.06664597718985181,0.0,1.0,0.6493263473053892,1,6,402,907
A35IODHDPM2SLS,0.38232537998330285,0.06664597718985181,0.0,1.0,0.6493263473053892,1,6,402,908
A38IFPLTEGTWM6,0.38232537998330285,0.06664597718985181,0.0,1.0,0.6493263473053892,1,6,402,909
A34S0X8F7V9UBK,0.38232537998330285,0.06664597718985181,0.0,1.0,0.6493263473053892,1,6,402,910
A34LQ791ACZ0JC,0.38232537998330285,0.06664597718985181,0.0,1.0,0.6493263473053892,1,6,402,911
A34J2IUA5DJLYU,0.38232537998330285,0.06664597718985181,0.0,1.0,0.6493263473053892,1,6,402,912
A33BIGD5TBUL2I,0.38232537998330285,0.06664597718985181,0.0,1.0,0.6493263473053892,1,6,402,913
A148IYQMD3J6YD,0.38232537998330285,0.06664597718985181,0.0,1.0,0.6493263473053892,1,6,402,914
A697GVG73H314,0.38232537998330285,0.06664597718985181,0.0,1.0,0.6493263473053892,1,6,402,915
A2QL8RR6HVSXR9,0.38232537998330285,0.06664597718985181,0.0,1.0,0.6493263473053892,1,6,402,916
A5T08I564I0D5,0.38232537998330285,0.06664597718985181,0.0,1.0,0.6493263473053892,1,6,402,917
A5MTZTDSIBX09,0.38232537998330285,0.06664597718985181,0.0,1.0,0.6493263473053892,1,6,402,918
A4XD7L6C76HQM,0.38232537998330285,0.06664597718985181,0.0,1.0,0.6493263473053892,1,6,402,919
AAN6SCMSOCVM1,0.38232537998330285,0.06664597718985181,0.0,1.0,0.6493263473053892,1,6,402,920
A9P7T0ZHR3FCH,0.38232537998330285,0.06664597718985181,0.0,1.0,0.6493263473053892,1,6,402,921
A1BRX51FAKAAVH,0.38232537998330285,0.06664597718985181,0.0,1.0,0.6493263473053892,1,6,402,922
A1B4MIXYVIKMU2,0.38232537998330285,0.06664597718985181,0.0,1.0,0.6493263473053892,1,6,402,923
A2TA5TMGUTPVQ2,0.38232537998330285,0.06664597718985181,0.0,1.0,0.6493263473053892,1,6,402,924
A5TNBW52T92QJ,0.38232537998330285,0.06664597718985181,0.0,1.0,0.6493263473053892,1,6,402,925
A2ME1L7ZCJFQOH,0.38232537998330285,0.06664597718985181,0.0,1.0,0.6493263473053892,1,6,402,926
A37U6OGB6BRJPQ,0.38232537998330285,0.06664597718985181,0.0,1.0,0.6493263473053892,1,6,402,927
A37IXQTOMZDPNA,0.38232537998330285,0.06664597718985181,0.0,1.0,0.6493263473053892,1,6,402,928
A36X4SWF1TX93Q,0.38232537998330285,0.06664597718985181,0.0,1.0,0.6493263473053892,1,6,402,929
A36WC1DIS1PVS2,0.38232537998330285,0.06664597718985181,0.0,1.0,0.6493263473053892,1,6,402,930
A36MHSUQIH1XJE,0.38232537998330285,0.06664597718985181,0.0,1.0,0.6493263473053892,1,6,402,931
A3UA8KRGIV9IXT,0.38232537998330285,0.06664597718985181,0.0,1.0,0.6493263473053892,1,6,402,932
A4JF3BCJO0VGI,0.38232537998330285,0.06664597718985181,0.0,1.0,0.6493263473053892,1,6,402,933
A35O0043BLN6FS,0.38232537998330285,0.06664597718985181,0.0,1.0,0.6493263473053892,1,6,402,934
A2O254M30LOZCV,0.38232537998330285,0.06664597718985181,0.0,1.0,0.6493263473053892,1,6,402,935
A1VK3B8TFUUHM3,0.38232537998330285,0.06664597718985181,0.0,1.0,0.6493263473053892,1,6,402,936
A1VEOIQ85IRL66,0.38232537998330285,0.06664597718985181,0.0,1.0,0.6493263473053892,1,6,402,937
A10YZUINKZHDJW,0.38232537998330285,0.06664597718985181,0.0,1.0,0.6493263473053892,1,6,402,938
A10X3LYWCWIDAH,0.38232537998330285,0.06664597718985181,0.0,1.0,0.6493263473053892,1,6,402,939
AT3JKJUMYKAK,0.38232537998330285,0.06664597718985181,0.0,1.0,0.6493263473053892,1,6,402,940
A45OOPYV3TJSY,0.38232537998330285,0.06664597718985181,0.0,1.0,0.6493263473053892,1,6,402,941
A3W1EDL3E964B0,0.38232537998330285,0.06664597718985181,0.0,1.0,0.6493263473053892,1,6,402,942
A3VXOYZYIFKIF2,0.38232537998330285,0.06664597718985181,0.0,1.0,0.6493263473053892,1,6,402,943
A2O9JVPA8VZFXE,0.38232537998330285,0.06664597718985181,0.0,1.0,0.6493263473053892,1,6,402,944
A2B5F8N1BO2CQA,0.3822565320487922,0.0006408565443401349,0.0452285458079155,1.0,0.6830285545340449,2,4,564,945
A2CRIC1BKMLACP,0.3815927951632977,0.13331781622572217,0.2097240265963929,1.0,0.3566657745859312,2,1,348,946
AGX7PLR4MIZHR,0.38147390197706915,0.13331781622572217,0.11832344906397531,1.0,0.44759077937343467,2,0,72,947
A3NWP4CG5S2PDE,0.3809145386598407,0.13331781622572217,0.20991286235354445,1.0,0.3537639128149517,2,1,377,948
A14QOPWXLIA7A8,0.37996855849084765,0.13331781622572217,0.0,1.0,0.5598928544925239,2,8,564,949
A3LWC833HQIG7J,0.37985178764617045,3.918385060179254e-05,0.1360011151868774,1.0,0.5833590147770823,4,11,1176,950
A3TRPVAGT3NWBS,0.37977579698359043,0.12245039644172162,0.4273338721833123,0.7891527602367376,0.31350663183159344,7,0,378,951
A2AIDS3RG8GKWW,0.37942380684349486,0.13331781622572217,0.016784363463043538,1.0,0.5409294844400693,2,14,588,952
A2MCZGSS6UJHDS,0.3785512291037806,0.0026954377064659363,0.28023180254573665,1.0,0.43073858862162645,2,0,46,953
A33YZNZIRA3H97,0.37844728248530407,0.0018007638809915784,0.39161328069027435,1.0,0.32001493259375197,2,9,36,954
A3TIJC6L8USJ6Q,0.37758632633329176,0.00044810857366771344,0.1005866292810257,1.0,0.60922094576374,3,3,520,955
A2MAXHANV8EETT,0.3771854098932214,0.2033035511282618,0.31522186992992285,0.6169509223866431,0.45599477037973424,3,0,283,956
A1SX9PHJWTDMF9,0.37716546926944816,0.0001861312828713211,0.02700088019578386,1.0,0.6814376393425632,2,4,565,957
A2UU3ZOWZLA2SP,0.37707905336968706,0.13331781622572217,0.03781803631994908,1.0,0.5105167976879326,2,10,241,958
A30H2335OM7RD6,0.37682140065524605,7.382651132201768e-06,0.0651279479221448,1.0,0.6421487955174808,2,0,593,959
A1C60KQ8VJZBS5,0.37603013873572544,8.443069167517871e-05,0.13927161360985685,1.0,0.5647476245030347,2,4,951,960
A2S67FYOJ408L0,0.3758094277373452,0.06664597718985181,0.3689022436932781,1.0,0.2543602946282805,2,0,15,961
A39K7R4Y1ZD5SZ,0.3755811155627141,0.002641011715416246,0.8204827055277053,0.5143652481887981,0.26718034411361313,2,7,109,962
AR52CXOX54AW6,0.3750035617398675,9.771894922864226e-05,0.11544320024981486,1.0,0.5844537839705807,2,3,543,963
A23SB6VGGB9E8U,0.3745153861434635,0.1855243940520297,0.24196964955759137,1.0,0.23346262215382724,3,0,103,964
A3KOASATK1KTI,0.37334489611240856,0.00013978247456744453,0.023993843497370708,1.0,0.6692180019827826,2,4,573,965
A1IGVPJTW1ED3W,0.37319204397525196,0.19998965526159254,0.1381777066722996,1.0,0.314602882914797,3,1,504,966
A3MZSWSG6L8EN2,0.3723320207576752,0.00045379167222510294,0.09165775778923727,1.0,0.5971257752347933,2,3,530,967
A2S5XJK8PFYKH9,0.3714627355517572,0.016642097912949023,0.02112113558702255,1.0,0.6447592891244673,2,4,591,968
A1FISS9YFJCXVG,0.3711707711565422,0.13331781622572217,0.0733029440123229,1.0,0.45139876114297894,2,0,288,969
A1QMJF9VR808JM,0.37102323122582914,0.014790102384174846,0.23502949567912873,1.0,0.431315306363178,2,0,46,970
AA9FDKGOIAYH3,0.3709152435038896,0.19187409300782687,0.32733892954317545,0.5,0.5260731328629907,3,8,246,971
AY8Q1X7G96HV5,0.3703495147899871,0.2991342805319826,0.5154209161174411,0.42106964908384237,0.27016028713705426,13,0,406,972
AZ9QAIBGTLTLB,0.370250761559871,0.13331781622572217,0.06906729546276713,1.0,0.45195437130585014,2,1,242,973
A1HTXF6132KVZY,0.3701458349994172,0.19998965526159254,0.1259928707689607,1.0,0.314602882914797,3,1,504,974
AKYSM32DSG2TK,0.3699913999496012,0.13331781622572217,0.12794935102770072,1.0,0.3920348692998372,2,0,77,975
A1SIX968W2WNZM,0.36931807255266913,0.13331781622572217,0.0,1.0,0.5172909107398097,2,1,139,976
A28Q0JA9H8WZOD,0.3691612035725786,0.00012066966834598147,0.005760223039674194,1.0,0.670739787648625,2,4,572,977
A1IT7KPZW9DY05,0.3685679211219286,0.0013689465020121918,0.548289428984602,1.0,0.12433951970069784,5,0,55,978
A35SB5XA89HR41,0.36796828320005626,0.0007274922673810965,0.42318946040876804,1.0,0.24781068167059955,2,7,44,979
A3CJABT03EG9FE,0.36794039013300367,0.13331781622572217,0.1684445873749028,1.0,0.3433355936862452,2,1,307,980
ABP3SLO2TYSD5,0.36784205822018307,0.06664597718985181,0.3597719222915197,1.0,0.23162113796139033,2,0,15,981
AW2HM4QASXSA6,0.3674488829773148,0.06664597718985181,0.0,1.0,0.5898203592814372,1,0,243,982
A1HO7J528F9WC,0.3674488829773148,0.06664597718985181,0.0,1.0,0.5898203592814372,1,0,243,983
AXU2CNLS5EGPP,0.3674488829773148,0.06664597718985181,0.0,1.0,0.5898203592814372,1,0,243,984
A1IJT5YXUFPYAH,0.3674488829773148,0.06664597718985181,0.0,1.0,0.5898203592814372,1,0,243,985
AJ0PG46QD33RD,0.3674488829773148,0.06664597718985181,0.0,1.0,0.5898203592814372,1,0,243,986
ASGCTZMBO161A,0.3674488829773148,0.06664597718985181,0.0,1.0,0.5898203592814372,1,0,243,987
ASFUUFA3EKP6T,0.3674488829773148,0.06664597718985181,0.0,1.0,0.5898203592814372,1,0,243,988
AS035WUAUHUOF,0.3674488829773148,0.06664597718985181,0.0,1.0,0.5898203592814372,1,0,243,989
AROWZGGO4VTJU,0.3674488829773148,0.06664597718985181,0.0,1.0,0.5898203592814372,1,0,243,990
AR61QCJ7Y19XG,0.3674488829773148,0.06664597718985181,0.0,1.0,0.5898203592814372,1,0,243,991
A1FA8AAON1UIV9,0.3674488829773148,0.06664597718985181,0.0,1.0,0.5898203592814372,1,0,243,992
AO35VK4BB2YZR,0.3674488829773148,0.06664597718985181,0.0,1.0,0.5898203592814372,1,0,243,993
APEVVQVOJH12B,0.3674488829773148,0.06664597718985181,0.0,1.0,0.5898203592814372,1,0,243,994
AGDEKOVH67W44,0.3674488829773148,0.06664597718985181,0.0,1.0,0.5898203592814372,1,0,243,995
A1CHRL0JWA2OO8,0.3674488829773148,0.06664597718985181,0.0,1.0,0.5898203592814372,1,0,243,996
AF0JI4JIVNBYP,0.3674488829773148,0.06664597718985181,0.0,1.0,0.5898203592814372,1,0,243,997
AGL7YKS3NTP4K,0.3674488829773148,0.06664597718985181,0.0,1.0,0.5898203592814372,1,0,243,998
AJ6H9ZV7TJUUT,0.3674488829773148,0.06664597718985181,0.0,1.0,0.5898203592814372,1,0,243,999
A2O1L50DB0VQYB,0.3674488829773148,0.06664597718985181,0.0,1.0,0.5898203592814372,1,0,243,1000
AI02Y5Q8Z5X8I,0.3674488829773148,0.06664597718985181,0.0,1.0,0.5898203592814372,1,0,243,1001
A2HONG3KI05QIX,0.3674488829773148,0.06664597718985181,0.0,1.0,0.5898203592814372,1,0,243,1002
AOOU4GVVQHK5O,0.3674488829773148,0.06664597718985181,0.0,1.0,0.5898203592814372,1,0,243,1003
A23XSCX5MNVTA3,0.3674488829773148,0.06664597718985181,0.0,1.0,0.5898203592814372,1,0,243,1004
A2598DC654IRTQ,0.3674488829773148,0.06664597718985181,0.0,1.0,0.5898203592814372,1,0,243,1005
A255MXZ2359C3Y,0.3674488829773148,0.06664597718985181,0.0,1.0,0.5898203592814372,1,0,243,1006
A243PC8288DLU0,0.3674488829773148,0.06664597718985181,0.0,1.0,0.5898203592814372,1,0,243,1007
A1XFVNFGS78TX1,0.3674488829773148,0.06664597718985181,0.0,1.0,0.5898203592814372,1,0,243,1008
A1Y7D7F0FM6GWK,0.3674488829773148,0.06664597718985181,0.0,1.0,0.5898203592814372,1,0,243,1009
A282XABZ9J36WT,0.3674488829773148,0.06664597718985181,0.0,1.0,0.5898203592814372,1,0,243,1010
A1EXGL6L0QQ0M5,0.3674488829773148,0.06664597718985181,0.0,1.0,0.5898203592814372,1,0,243,1011
AOM6Y2A4J0WOG,0.3674488829773148,0.06664597718985181,0.0,1.0,0.5898203592814372,1,0,243,1012
A21519P9B7ACHJ,0.3674488829773148,0.06664597718985181,0.0,1.0,0.5898203592814372,1,0,243,1013
A20CQ20J30DJZT,0.3674488829773148,0.06664597718985181,0.0,1.0,0.5898203592814372,1,0,243,1014
AQBKBWMXB8VI4,0.3674488829773148,0.06664597718985181,0.0,1.0,0.5898203592814372,1,0,243,1015
A2W7FH5YOZ6KWD,0.3674488829773148,0.06664597718985181,0.0,1.0,0.5898203592814372,1,0,243,1016
A2SEJZ4E8N675N,0.3674488829773148,0.06664597718985181,0.0,1.0,0.5898203592814372,1,0,243,1017
A1BIUX1OVAE5N8,0.3674488829773148,0.06664597718985181,0.0,1.0,0.5898203592814372,1,0,243,1018
A2R9DK7JEEQD2D,0.3674488829773148,0.06664597718985181,0.0,1.0,0.5898203592814372,1,0,243,1019
A1TP3ZYYNA6KNE,0.3674488829773148,0.06664597718985181,0.0,1.0,0.5898203592814372,1,0,243,1020
A1U1CQ51DLZX67,0.3674488829773148,0.06664597718985181,0.0,1.0,0.5898203592814372,1,0,243,1021
A2PEAJVDLTBHL2,0.3674488829773148,0.06664597718985181,0.0,1.0,0.5898203592814372,1,0,243,1022
ABLYG410FOSK,0.3674488829773148,0.06664597718985181,0.0,1.0,0.5898203592814372,1,0,243,1023
A2O5TLE802NTA8,0.3674488829773148,0.06664597718985181,0.0,1.0,0.5898203592814372,1,0,243,1024
A9QBZ7DXWWXNX,0.3674488829773148,0.06664597718985181,0.0,1.0,0.5898203592814372,1,0,243,1025
A1BSER3P7ZCIB6,0.3674488829773148,0.06664597718985181,0.0,1.0,0.5898203592814372,1,0,243,1026
ACH1HJAM7UIZR,0.3674488829773148,0.06664597718985181,0.0,1.0,0.5898203592814372,1,0,243,1027
ASKH5LEPX8O39,0.3674488829773148,0.06664597718985181,0.0,1.0,0.5898203592814372,1,0,243,1028
A2NSNH8RW55F32,0.3674488829773148,0.06664597718985181,0.0,1.0,0.5898203592814372,1,0,243,1029
ATDE9JYCPI0L1,0.3674488829773148,0.06664597718985181,0.0,1.0,0.5898203592814372,1,0,243,1030
A2VV0TJNJT9D3O,0.3674488829773148,0.06664597718985181,0.0,1.0,0.5898203592814372,1,0,243,1031
A4QC76NMWE5OC,0.3674488829773148,0.06664597718985181,0.0,1.0,0.5898203592814372,1,0,243,1032
A32R3RWA8KQ6C6,0.3674488829773148,0.06664597718985181,0.0,1.0,0.5898203592814372,1,0,243,1033
A6DUQDX4B2KVI,0.3674488829773148,0.06664597718985181,0.0,1.0,0.5898203592814372,1,0,243,1034
A34N351EUCEMHO,0.3674488829773148,0.06664597718985181,0.0,1.0,0.5898203592814372,1,0,243,1035
A38986T7SECVKX,0.3674488829773148,0.06664597718985181,0.0,1.0,0.5898203592814372,1,0,243,1036
A3VYPS07YQR9KN,0.3674488829773148,0.06664597718985181,0.0,1.0,0.5898203592814372,1,0,243,1037
A37I377QOTELM1,0.3674488829773148,0.06664597718985181,0.0,1.0,0.5898203592814372,1,0,243,1038
A1B0RBLA5N0J74,0.3674488829773148,0.06664597718985181,0.0,1.0,0.5898203592814372,1,0,243,1039
A1P38QD8R0S590,0.3674488829773148,0.06664597718985181,0.0,1.0,0.5898203592814372,1,0,243,1040
A34SHL7JJVHLNJ,0.3674488829773148,0.06664597718985181,0.0,1.0,0.5898203592814372,1,0,243,1041
A34V0V1CGJPKIU,0.3674488829773148,0.06664597718985181,0.0,1.0,0.5898203592814372,1,0,243,1042
A578ANR1FGHT8,0.3674488829773148,0.06664597718985181,0.0,1.0,0.5898203592814372,1,0,243,1043
A58N07M0ZCYMB,0.3674488829773148,0.06664597718985181,0.0,1.0,0.5898203592814372,1,0,243,1044
A1AS0WT5Q7WE9M,0.3674488829773148,0.06664597718985181,0.0,1.0,0.5898203592814372,1,0,243,1045
A31C4P50CH9ET4,0.3674488829773148,0.06664597718985181,0.0,1.0,0.5898203592814372,1,0,243,1046
A98EMXHC6883S,0.3674488829773148,0.06664597718985181,0.0,1.0,0.5898203592814372,1,0,243,1047
A1907DLJNSAAQC,0.3674488829773148,0.06664597718985181,0.0,1.0,0.5898203592814372,1,0,243,1048
A38WNTZ2E1SNFW,0.3674488829773148,0.06664597718985181,0.0,1.0,0.5898203592814372,1,0,243,1049
AUX8P4Q9RG6IN,0.3674488829773148,0.06664597718985181,0.0,1.0,0.5898203592814372,1,0,243,1050
AUJUHU8L50OMU,0.3674488829773148,0.06664597718985181,0.0,1.0,0.5898203592814372,1,0,243,1051
A1SDPA1J98UP4L,0.3674488829773148,0.06664597718985181,0.0,1.0,0.5898203592814372,1,0,243,1052
AU8DH6AOA1YOJ,0.3674488829773148,0.06664597718985181,0.0,1.0,0.5898203592814372,1,0,243,1053
A37ZW5VNQTIO5S,0.3674488829773148,0.06664597718985181,0.0,1.0,0.5898203592814372,1,0,243,1054
A198JGOF1W0D69,0.3674488829773148,0.06664597718985181,0.0,1.0,0.5898203592814372,1,0,243,1055
A19R7EJI4CNE1X,0.3674488829773148,0.06664597718985181,0.0,1.0,0.5898203592814372,1,0,243,1056
A3CM3MI6Y5G12R,0.3674488829773148,0.06664597718985181,0.0,1.0,0.5898203592814372,1,0,243,1057
A18A2Q0UNZU1LQ,0.3674488829773148,0.06664597718985181,0.0,1.0,0.5898203592814372,1,0,243,1058
A3D6OHGHXN95AS,0.3674488829773148,0.06664597718985181,0.0,1.0,0.5898203592814372,1,0,243,1059
A3DL67RLSWPJ15,0.3674488829773148,0.06664597718985181,0.0,1.0,0.5898203592814372,1,0,243,1060
A3A2SZ8VFI6M00,0.3674488829773148,0.06664597718985181,0.0,1.0,0.5898203592814372,1,0,243,1061
A3E4EN8NV92TUE,0.3674488829773148,0.06664597718985181,0.0,1.0,0.5898203592814372,1,0,243,1062
A39B4ZJFZRGX1I,0.3674488829773148,0.06664597718985181,0.0,1.0,0.5898203592814372,1,0,243,1063
A3JU0IKY1GJG76,0.3674488829773148,0.06664597718985181,0.0,1.0,0.5898203592814372,1,0,243,1064
A17HKNU77UWH4Y,0.3674488829773148,0.06664597718985181,0.0,1.0,0.5898203592814372,1,0,243,1065
A1NELB08S5MHGT,0.3674488829773148,0.06664597718985181,0.0,1.0,0.5898203592814372,1,0,243,1066
A1MYPJEG8ST7F5,0.3674488829773148,0.06664597718985181,0.0,1.0,0.5898203592814372,1,0,243,1067
A3EZEP0FX5BC1P,0.3674488829773148,0.06664597718985181,0.0,1.0,0.5898203592814372,1,0,243,1068
A3M6B1VZZXGKSL,0.3674488829773148,0.06664597718985181,0.0,1.0,0.5898203592814372,1,0,243,1069
A16OL0K4WZL53E,0.3674488829773148,0.06664597718985181,0.0,1.0,0.5898203592814372,1,0,243,1070
A16T3JEEDK4JLI,0.3674488829773148,0.06664597718985181,0.0,1.0,0.5898203592814372,1,0,243,1071
A3NUG06RC4F8EV,0.3674488829773148,0.06664597718985181,0.0,1.0,0.5898203592814372,1,0,243,1072
A3O06V8NAPKJO9,0.3674488829773148,0.06664597718985181,0.0,1.0,0.5898203592814372,1,0,243,1073
A3OFJES10PZGEH,0.3674488829773148,0.06664597718985181,0.0,1.0,0.5898203592814372,1,0,243,1074
A1GEGWTL027WIL,0.3674488829773148,0.06664597718985181,0.0,1.0,0.5898203592814372,1,0,243,1075
A1JR6JQRZTIBQX,0.3674488829773148,0.06664597718985181,0.0,1.0,0.5898203592814372,1,0,243,1076
A1GNYV0RA0EQSS,0.3674488829773148,0.06664597718985181,0.0,1.0,0.5898203592814372,1,0,243,1077
A10ARISO1UMIUN,0.3674488829773148,0.06664597718985181,0.0,1.0,0.5898203592814372,1,0,243,1078
A100WHX0JSGXDB,0.3674488829773148,0.06664597718985181,0.0,1.0,0.5898203592814372,1,0,243,1079
A3PLX6PTM2ERKL,0.36711479635360333,0.2872435063465538,0.14994988806975607,0.8258592916326664,0.31312965642265955,9,0,378,1080
A2OLQ18EOBZPE6,0.3668762394651474,0.13076169761387338,0.11567933156286597,1.0,0.3949115891610757,6,0,313,1081
ABQ255D6JXBNV,0.3668340216353884,0.13331781622572217,0.23938759880509144,1.0,0.26796710826559544,2,0,51,1082
A2IYOX0G607ZKS,0.36641969136054836,0.06664597718985181,0.0,1.0,0.5857035928143712,1,8,232,1083
A28FSKNDEGW9EM,0.36641969136054836,0.06664597718985181,0.0,1.0,0.5857035928143712,1,8,232,1084
AS5NJXTCU9LX8,0.36641969136054836,0.06664597718985181,0.0,1.0,0.5857035928143712,1,8,232,1085
A3BQPLQONW58RK,0.36641969136054836,0.06664597718985181,0.0,1.0,0.5857035928143712,1,8,232,1086
A3BHPD32RSZJQX,0.36641969136054836,0.06664597718985181,0.0,1.0,0.5857035928143712,1,8,232,1087
A1NY3TMEB8KEW2,0.36641969136054836,0.06664597718985181,0.0,1.0,0.5857035928143712,1,8,232,1088
A5KMMY627T3W,0.36641969136054836,0.06664597718985181,0.0,1.0,0.5857035928143712,1,8,232,1089
A2JAUEU9WI3D95,0.36641969136054836,0.06664597718985181,0.0,1.0,0.5857035928143712,1,8,232,1090
A3C2P53X7OVOKX,0.36641969136054836,0.06664597718985181,0.0,1.0,0.5857035928143712,1,8,232,1091
A1Y363HWR2D0B7,0.36641969136054836,0.06664597718985181,0.0,1.0,0.5857035928143712,1,8,232,1092
A31FHQVCAND5TD,0.36641969136054836,0.06664597718985181,0.0,1.0,0.5857035928143712,1,8,232,1093
A2AWP1RAJ2GOGE,0.36641969136054836,0.06664597718985181,0.0,1.0,0.5857035928143712,1,8,232,1094
A42D8DYQ7EVJT,0.36641969136054836,0.06664597718985181,0.0,1.0,0.5857035928143712,1,8,232,1095
A3I9HER2MU2OML,0.36641969136054836,0.06664597718985181,0.0,1.0,0.5857035928143712,1,8,232,1096
A2ZY56ETQFB9L8,0.36641969136054836,0.06664597718985181,0.0,1.0,0.5857035928143712,1,8,232,1097
A29QYVLSXFQ9HB,0.36641969136054836,0.06664597718985181,0.0,1.0,0.5857035928143712,1,8,232,1098
A116JE9WSXSETB,0.36641969136054836,0.06664597718985181,0.0,1.0,0.5857035928143712,1,8,232,1099
A3XL1ZRLXVZM8,0.36641969136054836,0.06664597718985181,0.0,1.0,0.5857035928143712,1,8,232,1100
A3L7TRIJ13ROR3,0.36641969136054836,0.06664597718985181,0.0,1.0,0.5857035928143712,1,8,232,1101
A10KI8CUGFN14O,0.36641969136054836,0.06664597718985181,0.0,1.0,0.5857035928143712,1,8,232,1102
A24G8O1KZ911TW,0.36641969136054836,0.06664597718985181,0.0,1.0,0.5857035928143712,1,8,232,1103
A3Q6IF3UZ6T1X8,0.36641969136054836,0.06664597718985181,0.0,1.0,0.5857035928143712,1,8,232,1104
A32OKDKPS1DAO6,0.36641969136054836,0.06664597718985181,0.0,1.0,0.5857035928143712,1,8,232,1105
AQD4Y38IFTXEA,0.36641969136054836,0.06664597718985181,0.0,1.0,0.5857035928143712,1,8,232,1106
A1AM1RHN5GXOOG,0.36641969136054836,0.06664597718985181,0.0,1.0,0.5857035928143712,1,8,232,1107
A19VCE46OWKKLP,0.36641969136054836,0.06664597718985181,0.0,1.0,0.5857035928143712,1,8,232,1108
A17ZGZHO81XVC2,0.36641969136054836,0.06664597718985181,0.0,1.0,0.5857035928143712,1,8,232,1109
A11312A9J5RL9J,0.36641969136054836,0.06664597718985181,0.0,1.0,0.5857035928143712,1,8,232,1110
A2JQZ1WA1UEQWK,0.36641969136054836,0.06664597718985181,0.0,1.0,0.5857035928143712,1,8,232,1111
A2YVLGHD3YK5M,0.36641969136054836,0.06664597718985181,0.0,1.0,0.5857035928143712,1,8,232,1112
AMGN9031D8VKI,0.36641969136054836,0.06664597718985181,0.0,1.0,0.5857035928143712,1,8,232,1113
AR0SWMNTBFXU7,0.36641969136054836,0.06664597718985181,0.0,1.0,0.5857035928143712,1,8,232,1114
A1Y4G3WZ321YAE,0.36641969136054836,0.06664597718985181,0.0,1.0,0.5857035928143712,1,8,232,1115
A1W5ERSUQ9RX8F,0.36641969136054836,0.06664597718985181,0.0,1.0,0.5857035928143712,1,8,232,1116
AJZR37LXKSI7P,0.36641969136054836,0.06664597718985181,0.0,1.0,0.5857035928143712,1,8,232,1117
A10LSISVUDS2GH,0.36641969136054836,0.06664597718985181,0.0,1.0,0.5857035928143712,1,8,232,1118
A329X6LME4DZ9,0.36641969136054836,0.06664597718985181,0.0,1.0,0.5857035928143712,1,8,232,1119
A13P1SRWGJTBSO,0.36641969136054836,0.06664597718985181,0.0,1.0,0.5857035928143712,1,8,232,1120
A35HR13MDW19RP,0.36641969136054836,0.06664597718985181,0.0,1.0,0.5857035928143712,1,8,232,1121
A354OVU5DU050Q,0.36641969136054836,0.06664597718985181,0.0,1.0,0.5857035928143712,1,8,232,1122
A3TIWRAKFP7LMA,0.36641969136054836,0.06664597718985181,0.0,1.0,0.5857035928143712,1,8,232,1123
A1AUBZQQ1AWSP9,0.36641969136054836,0.06664597718985181,0.0,1.0,0.5857035928143712,1,8,232,1124
A262G6Q4J29VPD,0.36641969136054836,0.06664597718985181,0.0,1.0,0.5857035928143712,1,8,232,1125
AEJN0RZCBNXTA,0.36641969136054836,0.06664597718985181,0.0,1.0,0.5857035928143712,1,8,232,1126
A35T95CVL2QB9O,0.36641969136054836,0.06664597718985181,0.0,1.0,0.5857035928143712,1,8,232,1127
A1SMCTGDM2LK7X,0.36641969136054836,0.06664597718985181,0.0,1.0,0.5857035928143712,1,8,232,1128
A7J1N0NCJEDFI,0.36641969136054836,0.06664597718985181,0.0,1.0,0.5857035928143712,1,8,232,1129
A1LXE1JF4B4KQ4,0.36641969136054836,0.06664597718985181,0.0,1.0,0.5857035928143712,1,8,232,1130
AND41V9HNRA0X,0.36641969136054836,0.06664597718985181,0.0,1.0,0.5857035928143712,1,8,232,1131
A3355TU2GYGQQ3,0.36641969136054836,0.06664597718985181,0.0,1.0,0.5857035928143712,1,8,232,1132
A372X2HNH627N1,0.36641969136054836,0.06664597718985181,0.0,1.0,0.5857035928143712,1,8,232,1133
A37D0RO6MQ230W,0.36641969136054836,0.06664597718985181,0.0,1.0,0.5857035928143712,1,8,232,1134
APSEERGKRFATE,0.36641969136054836,0.06664597718985181,0.0,1.0,0.5857035928143712,1,8,232,1135
AFC1I1MPDJXTL,0.36641969136054836,0.06664597718985181,0.0,1.0,0.5857035928143712,1,8,232,1136
A1MC53GFOTUSAB,0.36641969136054836,0.06664597718985181,0.0,1.0,0.5857035928143712,1,8,232,1137
ATTFTGJKCAHV,0.36641969136054836,0.06664597718985181,0.0,1.0,0.5857035928143712,1,8,232,1138
AUDW7XTPPD79T,0.36641969136054836,0.06664597718985181,0.0,1.0,0.5857035928143712,1,8,232,1139
A1M03LEAHM933E,0.36641969136054836,0.06664597718985181,0.0,1.0,0.5857035928143712,1,8,232,1140
AIDSW2EQR47D6,0.36641969136054836,0.06664597718985181,0.0,1.0,0.5857035928143712,1,8,232,1141
A2VZRPRIOAYJEV,0.36641969136054836,0.06664597718985181,0.0,1.0,0.5857035928143712,1,8,232,1142
A1Z3LA4T9GJM5R,0.36641969136054836,0.06664597718985181,0.0,1.0,0.5857035928143712,1,8,232,1143
A1SLK8FRYWEISP,0.36641969136054836,0.06664597718985181,0.0,1.0,0.5857035928143712,1,8,232,1144
AE3B4JNHK2AWA,0.36641969136054836,0.06664597718985181,0.0,1.0,0.5857035928143712,1,8,232,1145
A3M26CG1IIP9MX,0.36641969136054836,0.06664597718985181,0.0,1.0,0.5857035928143712,1,8,232,1146
A3PHHFN21LG8L,0.36641969136054836,0.06664597718985181,0.0,1.0,0.5857035928143712,1,8,232,1147
A3P4YPMCWTDPA7,0.36641969136054836,0.06664597718985181,0.0,1.0,0.5857035928143712,1,8,232,1148
AQ06TH8QPIEN5,0.36641969136054836,0.06664597718985181,0.0,1.0,0.5857035928143712,1,8,232,1149
A2P0HSG8FQUO76,0.36641969136054836,0.06664597718985181,0.0,1.0,0.5857035928143712,1,8,232,1150
A3DXRN8UPJ6W2N,0.36641969136054836,0.06664597718985181,0.0,1.0,0.5857035928143712,1,8,232,1151
A9Q66U9SCV3Q9,0.36641969136054836,0.06664597718985181,0.0,1.0,0.5857035928143712,1,8,232,1152
AN2Y0K0LM7IGF,0.36641969136054836,0.06664597718985181,0.0,1.0,0.5857035928143712,1,8,232,1153
A3DMARFI3FQRJ9,0.36641969136054836,0.06664597718985181,0.0,1.0,0.5857035928143712,1,8,232,1154
A32R2880NCFLGR,0.36641969136054836,0.06664597718985181,0.0,1.0,0.5857035928143712,1,8,232,1155
A3PJHDLQBKM4PL,0.36641969136054836,0.06664597718985181,0.0,1.0,0.5857035928143712,1,8,232,1156
A20YIDMSMXPS3E,0.36641969136054836,0.06664597718985181,0.0,1.0,0.5857035928143712,1,8,232,1157
A3V7Y6EPPSN6HZ,0.36641969136054836,0.06664597718985181,0.0,1.0,0.5857035928143712,1,8,232,1158
A2GKF3Q0YG4XS5,0.36641969136054836,0.06664597718985181,0.0,1.0,0.5857035928143712,1,8,232,1159
A20ZDV9ZEESN5K,0.36641969136054836,0.06664597718985181,0.0,1.0,0.5857035928143712,1,8,232,1160
ASGL4FBI6GZW0,0.36641969136054836,0.06664597718985181,0.0,1.0,0.5857035928143712,1,8,232,1161
A1P6FGVEYCS4FQ,0.36641969136054836,0.06664597718985181,0.0,1.0,0.5857035928143712,1,8,232,1162
A2989GGNNTCGZU,0.36641969136054836,0.06664597718985181,0.0,1.0,0.5857035928143712,1,8,232,1163
A1OV3CJD0MFYTU,0.36641969136054836,0.06664597718985181,0.0,1.0,0.5857035928143712,1,8,232,1164
A35K21L7HIH76Q,0.36641969136054836,0.06664597718985181,0.0,1.0,0.5857035928143712,1,8,232,1165
A1KYIYS7EGCTOF,0.36641969136054836,0.06664597718985181,0.0,1.0,0.5857035928143712,1,8,232,1166
ACC5EUH4URLUU,0.36641969136054836,0.06664597718985181,0.0,1.0,0.5857035928143712,1,8,232,1167
A3AT8MXBJ8ZWEK,0.36641969136054836,0.06664597718985181,0.0,1.0,0.5857035928143712,1,8,232,1168
A2VB5FKZMKLVPV,0.36641969136054836,0.06664597718985181,0.0,1.0,0.5857035928143712,1,8,232,1169
A2V142MS1OHRFZ,0.36641969136054836,0.06664597718985181,0.0,1.0,0.5857035928143712,1,8,232,1170
A3F81TPV4IQ2BG,0.36641969136054836,0.06664597718985181,0.0,1.0,0.5857035928143712,1,8,232,1171
A1FW5ROF3LQC9Q,0.36641969136054836,0.06664597718985181,0.0,1.0,0.5857035928143712,1,8,232,1172
A1LCOMU8L6C05Z,0.36641969136054836,0.06664597718985181,0.0,1.0,0.5857035928143712,1,8,232,1173
A13OR6VTA2EBH9,0.36641969136054836,0.06664597718985181,0.0,1.0,0.5857035928143712,1,8,232,1174
A2EBEC60QO7QGW,0.36641969136054836,0.06664597718985181,0.0,1.0,0.5857035928143712,1,8,232,1175
AVATJWYV4L8T9,0.36641969136054836,0.06664597718985181,0.0,1.0,0.5857035928143712,1,8,232,1176
A2N0UGB60G110F,0.36641969136054836,0.06664597718985181,0.0,1.0,0.5857035928143712,1,8,232,1177
AONVF6RGZHT0E,0.36641969136054836,0.06664597718985181,0.0,1.0,0.5857035928143712,1,8,232,1178
AEQO36Q7H1RV,0.36641969136054836,0.06664597718985181,0.0,1.0,0.5857035928143712,1,8,232,1179
A25TFVJ6B9U1NU,0.36641969136054836,0.06664597718985181,0.0,1.0,0.5857035928143712,1,8,232,1180
A25SMO52DJBB1Y,0.36641969136054836,0.06664597718985181,0.0,1.0,0.5857035928143712,1,8,232,1181
A26BZ1I78GIPUK,0.36641969136054836,0.06664597718985181,0.0,1.0,0.5857035928143712,1,8,232,1182
A1KI5B6SW3GUBY,0.36641969136054836,0.06664597718985181,0.0,1.0,0.5857035928143712,1,8,232,1183
A1ZZR25X0CNOJX,0.36641969136054836,0.06664597718985181,0.0,1.0,0.5857035928143712,1,8,232,1184
A19Q4JC53BX7KB,0.36641969136054836,0.06664597718985181,0.0,1.0,0.5857035928143712,1,8,232,1185
A34WYT35SQGBH3,0.36641969136054836,0.06664597718985181,0.0,1.0,0.5857035928143712,1,8,232,1186
A35667Y9Y4EBLE,0.36641969136054836,0.06664597718985181,0.0,1.0,0.5857035928143712,1,8,232,1187
A8AK2HEXCZN4Q,0.36641969136054836,0.06664597718985181,0.0,1.0,0.5857035928143712,1,8,232,1188
A3445SRT7KJ6FN,0.36641969136054836,0.06664597718985181,0.0,1.0,0.5857035928143712,1,8,232,1189
A36FRBJ4QO0RQ3,0.36641969136054836,0.06664597718985181,0.0,1.0,0.5857035928143712,1,8,232,1190
AO8IMELSF9A7F,0.36641969136054836,0.06664597718985181,0.0,1.0,0.5857035928143712,1,8,232,1191
A1LUQ4UWRA1REZ,0.36641969136054836,0.06664597718985181,0.0,1.0,0.5857035928143712,1,8,232,1192
A1R0ZOYR1ZCH6K,0.3663875463346988,0.0033932068224876047,0.39648511547172727,1.0,0.2649932216800826,2,7,111,1193
A3RRHP4XAI4KUI,0.3657000469182524,0.0009692402291436755,0.16782645018598197,1.0,0.4938106492120552,2,11,167,1194
A3R26BOC579JZT,0.3656711883665364,0.06664597718985181,0.0,1.0,0.5827095808383234,1,10,224,1195
A1XQYFPZW6TA45,0.3656711883665364,0.06664597718985181,0.0,1.0,0.5827095808383234,1,10,224,1196
AGMRCXA1AX1TJ,0.3656711883665364,0.06664597718985181,0.0,1.0,0.5827095808383234,1,10,224,1197
A3J1QBB1ULWDOQ,0.3656711883665364,0.06664597718985181,0.0,1.0,0.5827095808383234,1,10,224,1198
A50ARWTXJ9FPV,0.3656711883665364,0.06664597718985181,0.0,1.0,0.5827095808383234,1,10,224,1199
A28ZZVJQDTXKLA,0.3656711883665364,0.06664597718985181,0.0,1.0,0.5827095808383234,1,10,224,1200
A2IMYG68MPGPF9,0.3656711883665364,0.06664597718985181,0.0,1.0,0.5827095808383234,1,10,224,1201
A1056H518CJ5XD,0.3656711883665364,0.06664597718985181,0.0,1.0,0.5827095808383234,1,10,224,1202
A3RO6Z7WI0032B,0.3656711883665364,0.06664597718985181,0.0,1.0,0.5827095808383234,1,10,224,1203
A2ZIXNYGNZBDYS,0.3656711883665364,0.06664597718985181,0.0,1.0,0.5827095808383234,1,10,224,1204
AMKB1A6CU9H0P,0.3656711883665364,0.06664597718985181,0.0,1.0,0.5827095808383234,1,10,224,1205
A3VT9VE8JYA0LI,0.3656711883665364,0.06664597718985181,0.0,1.0,0.5827095808383234,1,10,224,1206
A1ACUIN0UZC4K4,0.3656711883665364,0.06664597718985181,0.0,1.0,0.5827095808383234,1,10,224,1207
A2S5T5L2JILR16,0.3656711883665364,0.06664597718985181,0.0,1.0,0.5827095808383234,1,10,224,1208
A194CASS07MYI7,0.3656711883665364,0.06664597718985181,0.0,1.0,0.5827095808383234,1,10,224,1209
A38YN01J31JTBD,0.3656711883665364,0.06664597718985181,0.0,1.0,0.5827095808383234,1,10,224,1210
A393L8KPRNFKMU,0.3656711883665364,0.06664597718985181,0.0,1.0,0.5827095808383234,1,10,224,1211
AHCXIFBSY3GC6,0.3656711883665364,0.06664597718985181,0.0,1.0,0.5827095808383234,1,10,224,1212
A3C5B6DI5QZHKG,0.3656711883665364,0.06664597718985181,0.0,1.0,0.5827095808383234,1,10,224,1213
A2HKIW9RMMSKXI,0.3656711883665364,0.06664597718985181,0.0,1.0,0.5827095808383234,1,10,224,1214
AGU7N9HSQQ57C,0.3656711883665364,0.06664597718985181,0.0,1.0,0.5827095808383234,1,10,224,1215
A2I4NRKPMGL07Z,0.3656711883665364,0.06664597718985181,0.0,1.0,0.5827095808383234,1,10,224,1216
A1CP551C8355WH,0.3656711883665364,0.06664597718985181,0.0,1.0,0.5827095808383234,1,10,224,1217
A3C2B90CTO7T1V,0.3656711883665364,0.06664597718985181,0.0,1.0,0.5827095808383234,1,10,224,1218
A2HSQ44YJXSVAX,0.3656711883665364,0.06664597718985181,0.0,1.0,0.5827095808383234,1,10,224,1219
A2Z2VZEOYK3EMX,0.3656711883665364,0.06664597718985181,0.0,1.0,0.5827095808383234,1,10,224,1220
AAONZ50U9K7NW,0.3656711883665364,0.06664597718985181,0.0,1.0,0.5827095808383234,1,10,224,1221
A28NNY8RA9EVW1,0.3656711883665364,0.06664597718985181,0.0,1.0,0.5827095808383234,1,10,224,1222
AMEZFR0V0FTFX,0.3656711883665364,0.06664597718985181,0.0,1.0,0.5827095808383234,1,10,224,1223
A3CFO6309H5H0,0.3656711883665364,0.06664597718985181,0.0,1.0,0.5827095808383234,1,10,224,1224
AH1KJ45IQTM4T,0.3656711883665364,0.06664597718985181,0.0,1.0,0.5827095808383234,1,10,224,1225
A1N73M40MPPWSR,0.3656711883665364,0.06664597718985181,0.0,1.0,0.5827095808383234,1,10,224,1226
A2GE48B0B9588V,0.3656711883665364,0.06664597718985181,0.0,1.0,0.5827095808383234,1,10,224,1227
A1A016H61PMGYA,0.3656711883665364,0.06664597718985181,0.0,1.0,0.5827095808383234,1,10,224,1228
A32WHPPRFXTHRV,0.3656711883665364,0.06664597718985181,0.0,1.0,0.5827095808383234,1,10,224,1229
A32VUK5VY3V11D,0.3656711883665364,0.06664597718985181,0.0,1.0,0.5827095808383234,1,10,224,1230
A2JWZ2WBSBMTV3,0.3656711883665364,0.06664597718985181,0.0,1.0,0.5827095808383234,1,10,224,1231
A2SKEQT0WTB954,0.3656711883665364,0.06664597718985181,0.0,1.0,0.5827095808383234,1,10,224,1232
A2SJD44C37X1LS,0.3656711883665364,0.06664597718985181,0.0,1.0,0.5827095808383234,1,10,224,1233
A3PMROFEIAER4U,0.3656711883665364,0.06664597718985181,0.0,1.0,0.5827095808383234,1,10,224,1234
A3Q1EKWQUA0INF,0.3656711883665364,0.06664597718985181,0.0,1.0,0.5827095808383234,1,10,224,1235
A2XW2J2M66JC1A,0.3656711883665364,0.06664597718985181,0.0,1.0,0.5827095808383234,1,10,224,1236
A3SNRU9Z9763AO,0.3656711883665364,0.06664597718985181,0.0,1.0,0.5827095808383234,1,10,224,1237
A1MCDTLCGM8IEE,0.3656711883665364,0.06664597718985181,0.0,1.0,0.5827095808383234,1,10,224,1238
APP5G31NNOHID,0.3656711883665364,0.06664597718985181,0.0,1.0,0.5827095808383234,1,10,224,1239
A37MO3JSJKWYQ8,0.3656711883665364,0.06664597718985181,0.0,1.0,0.5827095808383234,1,10,224,1240
A2WTAKAN3KH2IR,0.3656711883665364,0.06664597718985181,0.0,1.0,0.5827095808383234,1,10,224,1241
A1D3CQN43Q2T3F,0.3656711883665364,0.06664597718985181,0.0,1.0,0.5827095808383234,1,10,224,1242
A94SPCQ65L2SL,0.3656711883665364,0.06664597718985181,0.0,1.0,0.5827095808383234,1,10,224,1243
A199IPMLMRRRMH,0.3656711883665364,0.06664597718985181,0.0,1.0,0.5827095808383234,1,10,224,1244
AMZYVZBIMD7LY,0.3656711883665364,0.06664597718985181,0.0,1.0,0.5827095808383234,1,10,224,1245
A1MRX4ZBEF5CB8,0.3656711883665364,0.06664597718985181,0.0,1.0,0.5827095808383234,1,10,224,1246
AJSSCAO4RSU78,0.3656711883665364,0.06664597718985181,0.0,1.0,0.5827095808383234,1,10,224,1247
AXF7HOXQDTVOQ,0.3656711883665364,0.06664597718985181,0.0,1.0,0.5827095808383234,1,10,224,1248
AJP7IKVQXDJ7G,0.3656711883665364,0.06664597718985181,0.0,1.0,0.5827095808383234,1,10,224,1249
A3SKXRB5QQWMLZ,0.3656711883665364,0.06664597718985181,0.0,1.0,0.5827095808383234,1,10,224,1250
A1RP09FD797OVG,0.3656711883665364,0.06664597718985181,0.0,1.0,0.5827095808383234,1,10,224,1251
A2X92GFMN2QUY2,0.3656711883665364,0.06664597718985181,0.0,1.0,0.5827095808383234,1,10,224,1252
A1JVJPIRK7MXGD,0.3656711883665364,0.06664597718985181,0.0,1.0,0.5827095808383234,1,10,224,1253
AWZTZR9GATRZH,0.3656711883665364,0.06664597718985181,0.0,1.0,0.5827095808383234,1,10,224,1254
A2WI99LSF1RRXG,0.3656711883665364,0.06664597718985181,0.0,1.0,0.5827095808383234,1,10,224,1255
APFDM4RTT2E0B,0.3656711883665364,0.06664597718985181,0.0,1.0,0.5827095808383234,1,10,224,1256
A2KZWL4NQ65C7P,0.3656711883665364,0.06664597718985181,0.0,1.0,0.5827095808383234,1,10,224,1257
AFE44U6RKH4ZL,0.3656711883665364,0.06664597718985181,0.0,1.0,0.5827095808383234,1,10,224,1258
A1FPS4R13KT9ZC,0.3656711883665364,0.06664597718985181,0.0,1.0,0.5827095808383234,1,10,224,1259
A1CCKKNSH3QR08,0.3656711883665364,0.06664597718985181,0.0,1.0,0.5827095808383234,1,10,224,1260
A3EP26M3QHINXT,0.3656711883665364,0.06664597718985181,0.0,1.0,0.5827095808383234,1,10,224,1261
APDY9AJZDOGDX,0.3656711883665364,0.06664597718985181,0.0,1.0,0.5827095808383234,1,10,224,1262
A1DDG2R80UWTPI,0.3656711883665364,0.06664597718985181,0.0,1.0,0.5827095808383234,1,10,224,1263
A1APZA6WOY8J8,0.3656711883665364,0.06664597718985181,0.0,1.0,0.5827095808383234,1,10,224,1264
A7ZVK3V3S35CF,0.3656711883665364,0.06664597718985181,0.0,1.0,0.5827095808383234,1,10,224,1265
A3T8XGEOFSU5UI,0.3656711883665364,0.06664597718985181,0.0,1.0,0.5827095808383234,1,10,224,1266
A1DGED31BJ7H4D,0.3656711883665364,0.06664597718985181,0.0,1.0,0.5827095808383234,1,10,224,1267
A1F3YT1298K5DX,0.3656711883665364,0.06664597718985181,0.0,1.0,0.5827095808383234,1,10,224,1268
A3T1KATJEI7I29,0.3656711883665364,0.06664597718985181,0.0,1.0,0.5827095808383234,1,10,224,1269
A3SYB4E5MCEBZL,0.3656711883665364,0.06664597718985181,0.0,1.0,0.5827095808383234,1,10,224,1270
A2NS2BWQKIS13C,0.3656711883665364,0.06664597718985181,0.0,1.0,0.5827095808383234,1,10,224,1271
AJ00DXOOCDL2C,0.3656711883665364,0.06664597718985181,0.0,1.0,0.5827095808383234,1,10,224,1272
AIKDNESAP7MX2,0.3656711883665364,0.06664597718985181,0.0,1.0,0.5827095808383234,1,10,224,1273
A7R9S61MMVO2H,0.3656711883665364,0.06664597718985181,0.0,1.0,0.5827095808383234,1,10,224,1274
AOLN7ZXFT6EDI,0.3656711883665364,0.06664597718985181,0.0,1.0,0.5827095808383234,1,10,224,1275
A1LA54IU9QKJWO,0.3656711883665364,0.06664597718985181,0.0,1.0,0.5827095808383234,1,10,224,1276
A87CILADRIZW0,0.3656711883665364,0.06664597718985181,0.0,1.0,0.5827095808383234,1,10,224,1277
A2E3L36WTNQJEJ,0.3656711883665364,0.06664597718985181,0.0,1.0,0.5827095808383234,1,10,224,1278
A2UNI5F2K6TFQH,0.3656711883665364,0.06664597718985181,0.0,1.0,0.5827095808383234,1,10,224,1279
A3TJXGZ6DE38R7,0.3656711883665364,0.06664597718985181,0.0,1.0,0.5827095808383234,1,10,224,1280
A3OBYV9M3PY8JW,0.3656711883665364,0.06664597718985181,0.0,1.0,0.5827095808383234,1,10,224,1281
AEC90GPFKLAAW,0.3656711883665364,0.06664597718985181,0.0,1.0,0.5827095808383234,1,10,224,1282
A1A2UR00NVQ37J,0.3656711883665364,0.06664597718985181,0.0,1.0,0.5827095808383234,1,10,224,1283
A299WE3SXXMRTD,0.3656711883665364,0.06664597718985181,0.0,1.0,0.5827095808383234,1,10,224,1284
A35LSGTF3H8BYV,0.3656711883665364,0.06664597718985181,0.0,1.0,0.5827095808383234,1,10,224,1285
A16PPW1E26SZPX,0.3656711883665364,0.06664597718985181,0.0,1.0,0.5827095808383234,1,10,224,1286
AL2CD0KF155Y8,0.3656711883665364,0.06664597718985181,0.0,1.0,0.5827095808383234,1,10,224,1287
AKP40I31XYX1D,0.3656711883665364,0.06664597718985181,0.0,1.0,0.5827095808383234,1,10,224,1288
A1XAWUIMSX6C1Z,0.3656711883665364,0.06664597718985181,0.0,1.0,0.5827095808383234,1,10,224,1289
A1X5KSUPUR5GFO,0.3656711883665364,0.06664597718985181,0.0,1.0,0.5827095808383234,1,10,224,1290
A39WT88YZXIJTB,0.3651098111210274,0.06664597718985181,0.0,1.0,0.5804640718562875,1,13,218,1291
A1P560UNX4SBE7,0.3651098111210274,0.06664597718985181,0.0,1.0,0.5804640718562875,1,13,218,1292
A2ZDMIP49N36UJ,0.3651098111210274,0.06664597718985181,0.0,1.0,0.5804640718562875,1,13,218,1293
A3ISZ8KLXYYI7P,0.3651098111210274,0.06664597718985181,0.0,1.0,0.5804640718562875,1,13,218,1294
AB31FF0JMPOUP,0.3651098111210274,0.06664597718985181,0.0,1.0,0.5804640718562875,1,13,218,1295
AY796UUSZ2ZVA,0.3651098111210274,0.06664597718985181,0.0,1.0,0.5804640718562875,1,13,218,1296
A3S1BO0SLFC5H,0.3651098111210274,0.06664597718985181,0.0,1.0,0.5804640718562875,1,13,218,1297
A1THJB1ORM3U2I,0.3651098111210274,0.06664597718985181,0.0,1.0,0.5804640718562875,1,13,218,1298
AVHB9LLVCTEKY,0.3651098111210274,0.06664597718985181,0.0,1.0,0.5804640718562875,1,13,218,1299
A19H6TQ0NFXKVT,0.3651098111210274,0.06664597718985181,0.0,1.0,0.5804640718562875,1,13,218,1300
A19FCOXA6VVR9Z,0.3651098111210274,0.06664597718985181,0.0,1.0,0.5804640718562875,1,13,218,1301
AEQR0VUFBZXUY,0.3651098111210274,0.06664597718985181,0.0,1.0,0.5804640718562875,1,13,218,1302
AZ6SUJ5T0KBE5,0.3651098111210274,0.06664597718985181,0.0,1.0,0.5804640718562875,1,13,218,1303
A1HMK1KMWQBDTT,0.3651098111210274,0.06664597718985181,0.0,1.0,0.5804640718562875,1,13,218,1304
A2RU0H9MD4IH5M,0.3651098111210274,0.06664597718985181,0.0,1.0,0.5804640718562875,1,13,218,1305
A1FGK3N8GZHGZJ,0.3651098111210274,0.06664597718985181,0.0,1.0,0.5804640718562875,1,13,218,1306
A1FFCR74WU1E6Z,0.3651098111210274,0.06664597718985181,0.0,1.0,0.5804640718562875,1,13,218,1307
A2RE73VUCARNE0,0.3651098111210274,0.06664597718985181,0.0,1.0,0.5804640718562875,1,13,218,1308
A1PYNMFFQ9IBNL,0.3651098111210274,0.06664597718985181,0.0,1.0,0.5804640718562875,1,13,218,1309
A11EKN3A8FUEDC,0.3651098111210274,0.06664597718985181,0.0,1.0,0.5804640718562875,1,13,218,1310
A2HLNXOYLMERTC,0.3651098111210274,0.06664597718985181,0.0,1.0,0.5804640718562875,1,13,218,1311
A56AUIA2KJ3KQ,0.3651098111210274,0.06664597718985181,0.0,1.0,0.5804640718562875,1,13,218,1312
A3IIGCFLKVFW8M,0.3651098111210274,0.06664597718985181,0.0,1.0,0.5804640718562875,1,13,218,1313
A3QH8VQDE7HZCR,0.3651098111210274,0.06664597718985181,0.0,1.0,0.5804640718562875,1,13,218,1314
A26QCCO0101CO1,0.3651098111210274,0.06664597718985181,0.0,1.0,0.5804640718562875,1,13,218,1315
A2683OJ85CLWFA,0.3651098111210274,0.06664597718985181,0.0,1.0,0.5804640718562875,1,13,218,1316
A2NOXTG05AHVB3,0.3651098111210274,0.06664597718985181,0.0,1.0,0.5804640718562875,1,13,218,1317
A1CA40102FA5N0,0.3651098111210274,0.06664597718985181,0.0,1.0,0.5804640718562875,1,13,218,1318
A3TAT80JCWYGB4,0.3651098111210274,0.06664597718985181,0.0,1.0,0.5804640718562875,1,13,218,1319
A2UAS6OGCR8IUG,0.3651098111210274,0.06664597718985181,0.0,1.0,0.5804640718562875,1,13,218,1320
A2U9XX4Q5NQBG6,0.3651098111210274,0.06664597718985181,0.0,1.0,0.5804640718562875,1,13,218,1321
A25RTRAPQAJBDJ,0.3651098111210274,0.06664597718985181,0.0,1.0,0.5804640718562875,1,13,218,1322
A2EBPFXZNLL753,0.3651098111210274,0.06664597718985181,0.0,1.0,0.5804640718562875,1,13,218,1323
A1L7JCX9IKGKIQ,0.3651098111210274,0.06664597718985181,0.0,1.0,0.5804640718562875,1,13,218,1324
A1EWQ5Y6HHSJGX,0.3651098111210274,0.06664597718985181,0.0,1.0,0.5804640718562875,1,13,218,1325
AOOQGCJEV25VT,0.3651098111210274,0.06664597718985181,0.0,1.0,0.5804640718562875,1,13,218,1326
A2TOUTL6Z74SMQ,0.3651098111210274,0.06664597718985181,0.0,1.0,0.5804640718562875,1,13,218,1327
AOU1TM9UA1BZF,0.3651098111210274,0.06664597718985181,0.0,1.0,0.5804640718562875,1,13,218,1328
A2UT34LEOXUR33,0.3651098111210274,0.06664597718985181,0.0,1.0,0.5804640718562875,1,13,218,1329
A3S5643F4JNLQQ,0.3651098111210274,0.06664597718985181,0.0,1.0,0.5804640718562875,1,13,218,1330
AD0VA39FRVNKN,0.3651098111210274,0.06664597718985181,0.0,1.0,0.5804640718562875,1,13,218,1331
AY1IDZTQDM2D7,0.3651098111210274,0.06664597718985181,0.0,1.0,0.5804640718562875,1,13,218,1332
A3CCITVF0WL6KE,0.3651098111210274,0.06664597718985181,0.0,1.0,0.5804640718562875,1,13,218,1333
A3KHBD3YRNY5WO,0.3651098111210274,0.06664597718985181,0.0,1.0,0.5804640718562875,1,13,218,1334
A2JDDUN6YNRYKU,0.3651098111210274,0.06664597718985181,0.0,1.0,0.5804640718562875,1,13,218,1335
A5O0P0JV6PLU3,0.3651098111210274,0.06664597718985181,0.0,1.0,0.5804640718562875,1,13,218,1336
A1G5508T5XY1RS,0.3651098111210274,0.06664597718985181,0.0,1.0,0.5804640718562875,1,13,218,1337
A114Z5X6UH93GT,0.3651098111210274,0.06664597718985181,0.0,1.0,0.5804640718562875,1,13,218,1338
A326UIIB1O2UUR,0.3651098111210274,0.06664597718985181,0.0,1.0,0.5804640718562875,1,13,218,1339
AGY0KH2D5G9WH,0.3651098111210274,0.06664597718985181,0.0,1.0,0.5804640718562875,1,13,218,1340
A3VWY3CDC423UM,0.3651098111210274,0.06664597718985181,0.0,1.0,0.5804640718562875,1,13,218,1341
AQIBGC2OCCAHQ,0.3651098111210274,0.06664597718985181,0.0,1.0,0.5804640718562875,1,13,218,1342
A23S2XCWFZM976,0.3651098111210274,0.06664597718985181,0.0,1.0,0.5804640718562875,1,13,218,1343
AH7DLKHSGZKCR,0.3651098111210274,0.06664597718985181,0.0,1.0,0.5804640718562875,1,13,218,1344
A3VSGMP5KCQ4Q2,0.3651098111210274,0.06664597718985181,0.0,1.0,0.5804640718562875,1,13,218,1345
A14R4K86STZFD2,0.3651098111210274,0.06664597718985181,0.0,1.0,0.5804640718562875,1,13,218,1346
A2K3WCT5GZY4FN,0.3651098111210274,0.06664597718985181,0.0,1.0,0.5804640718562875,1,13,218,1347
APBF796U7GUTV,0.3651098111210274,0.06664597718985181,0.0,1.0,0.5804640718562875,1,13,218,1348
AP7LSRPXT3ZL8,0.3651098111210274,0.06664597718985181,0.0,1.0,0.5804640718562875,1,13,218,1349
AP3XMM1077I50,0.3651098111210274,0.06664597718985181,0.0,1.0,0.5804640718562875,1,13,218,1350
A3MY0WAP1OB7F8,0.3651098111210274,0.06664597718985181,0.0,1.0,0.5804640718562875,1,13,218,1351
A7R4R9THNELTP,0.3651098111210274,0.06664597718985181,0.0,1.0,0.5804640718562875,1,13,218,1352
A25BHOP1LA4XDA,0.3651098111210274,0.06664597718985181,0.0,1.0,0.5804640718562875,1,13,218,1353
A7EVWY97FPSIA,0.3651098111210274,0.06664597718985181,0.0,1.0,0.5804640718562875,1,13,218,1354
AUKEU9CW56TT4,0.3651098111210274,0.06664597718985181,0.0,1.0,0.5804640718562875,1,13,218,1355
A12PFARGH9ELDI,0.3651098111210274,0.06664597718985181,0.0,1.0,0.5804640718562875,1,13,218,1356
A3T3M5EYGCWSUA,0.3651098111210274,0.06664597718985181,0.0,1.0,0.5804640718562875,1,13,218,1357
A1EAXVLKPVL8W5,0.3651098111210274,0.06664597718985181,0.0,1.0,0.5804640718562875,1,13,218,1358
A3EP4YIS9W1LR1,0.3651098111210274,0.06664597718985181,0.0,1.0,0.5804640718562875,1,13,218,1359
A3945ZO3MNKVMO,0.3651098111210274,0.06664597718985181,0.0,1.0,0.5804640718562875,1,13,218,1360
A18FTRFQQ141CP,0.3651098111210274,0.06664597718985181,0.0,1.0,0.5804640718562875,1,13,218,1361
AA81KFW4X8UIH,0.3651098111210274,0.06664597718985181,0.0,1.0,0.5804640718562875,1,13,218,1362
A2S4X009TZ0C26,0.3651098111210274,0.06664597718985181,0.0,1.0,0.5804640718562875,1,13,218,1363
A1N9QB2BECD6TS,0.3651098111210274,0.06664597718985181,0.0,1.0,0.5804640718562875,1,13,218,1364
A1N7QSP1U513KJ,0.3651098111210274,0.06664597718985181,0.0,1.0,0.5804640718562875,1,13,218,1365
A2GPNXFUUV51ZZ,0.3651098111210274,0.06664597718985181,0.0,1.0,0.5804640718562875,1,13,218,1366
A2YF3QW52PBL3C,0.3651098111210274,0.06664597718985181,0.0,1.0,0.5804640718562875,1,13,218,1367
AD3L2C20LB7EP,0.3651098111210274,0.06664597718985181,0.0,1.0,0.5804640718562875,1,13,218,1368
A38LYJ7NQ65G5L,0.3651098111210274,0.06664597718985181,0.0,1.0,0.5804640718562875,1,13,218,1369
A38VUSBYQZCKUQ,0.3651098111210274,0.06664597718985181,0.0,1.0,0.5804640718562875,1,13,218,1370
A2BLGQ2SCSKCCY,0.3651098111210274,0.06664597718985181,0.0,1.0,0.5804640718562875,1,13,218,1371
A27XULAA9X5ZGQ,0.3651098111210274,0.06664597718985181,0.0,1.0,0.5804640718562875,1,13,218,1372
A27X48PMUGK6U4,0.3651098111210274,0.06664597718985181,0.0,1.0,0.5804640718562875,1,13,218,1373
A1N4DKWTQ9YP1Q,0.3651098111210274,0.06664597718985181,0.0,1.0,0.5804640718562875,1,13,218,1374
A6FGKXU6ZPW64,0.3651098111210274,0.06664597718985181,0.0,1.0,0.5804640718562875,1,13,218,1375
A21OS6PWQG5YOO,0.3651098111210274,0.06664597718985181,0.0,1.0,0.5804640718562875,1,13,218,1376
A2KUEGMSLHUNNP,0.3651098111210274,0.06664597718985181,0.0,1.0,0.5804640718562875,1,13,218,1377
A2XXCJLS58H1A7,0.3651098111210274,0.06664597718985181,0.0,1.0,0.5804640718562875,1,13,218,1378
A110S8IJ3ZID0D,0.3651098111210274,0.06664597718985181,0.0,1.0,0.5804640718562875,1,13,218,1379
A20XXTXWF2TCPY,0.3651098111210274,0.06664597718985181,0.0,1.0,0.5804640718562875,1,13,218,1380
A20Q4FIBCAG2ZV,0.3651098111210274,0.06664597718985181,0.0,1.0,0.5804640718562875,1,13,218,1381
A2LME30OB5OHTN,0.3651098111210274,0.06664597718985181,0.0,1.0,0.5804640718562875,1,13,218,1382
A3UOSOCRKS3WIH,0.3651098111210274,0.06664597718985181,0.0,1.0,0.5804640718562875,1,13,218,1383
A2WH3Y3YZVTHY2,0.3651098111210274,0.06664597718985181,0.0,1.0,0.5804640718562875,1,13,218,1384
A1S8E2JSVXHIPB,0.3651098111210274,0.06664597718985181,0.0,1.0,0.5804640718562875,1,13,218,1385
A1GLL5CJ1SFAMS,0.3651098111210274,0.06664597718985181,0.0,1.0,0.5804640718562875,1,13,218,1386
ATWPVC644K29Z,0.3651098111210274,0.06664597718985181,0.0,1.0,0.5804640718562875,1,13,218,1387
A1EDI0X3GI1SK7,0.3651098111210274,0.06664597718985181,0.0,1.0,0.5804640718562875,1,13,218,1388
A2W75LE521OOTH,0.3651098111210274,0.06664597718985181,0.0,1.0,0.5804640718562875,1,13,218,1389
A3P24ZSF9IQRJJ,0.3651098111210274,0.06664597718985181,0.0,1.0,0.5804640718562875,1,13,218,1390
A1USUT1GJPMNAN,0.3651098111210274,0.06664597718985181,0.0,1.0,0.5804640718562875,1,13,218,1391
ANJY75Z24A6AG,0.3651098111210274,0.06664597718985181,0.0,1.0,0.5804640718562875,1,13,218,1392
A1980MGZXSGJP,0.3651098111210274,0.06664597718985181,0.0,1.0,0.5804640718562875,1,13,218,1393
AHWVTOXGM4SZ9,0.3651098111210274,0.06664597718985181,0.0,1.0,0.5804640718562875,1,13,218,1394
A3UYI01GLEYZSP,0.3651098111210274,0.06664597718985181,0.0,1.0,0.5804640718562875,1,13,218,1395
AQBLWW13U66XD,0.3651098111210274,0.06664597718985181,0.0,1.0,0.5804640718562875,1,13,218,1396
A3HAWAR6KX3ENU,0.3651098111210274,0.06664597718985181,0.0,1.0,0.5804640718562875,1,13,218,1397
A6GYEDCEU2LKG,0.3651098111210274,0.06664597718985181,0.0,1.0,0.5804640718562875,1,13,218,1398
A24OHQK700QEIW,0.3651098111210274,0.06664597718985181,0.0,1.0,0.5804640718562875,1,13,218,1399
A2GGS3I5BY7R1A,0.3651098111210274,0.06664597718985181,0.0,1.0,0.5804640718562875,1,13,218,1400
A32QNGGSX3YTAH,0.3651098111210274,0.06664597718985181,0.0,1.0,0.5804640718562875,1,13,218,1401
A1MSO6LERG39PC,0.3651098111210274,0.06664597718985181,0.0,1.0,0.5804640718562875,1,13,218,1402
AHPRCZ59P9RU0,0.3651098111210274,0.06664597718985181,0.0,1.0,0.5804640718562875,1,13,218,1403
A1VM0DU10K0DE6,0.3651098111210274,0.06664597718985181,0.0,1.0,0.5804640718562875,1,13,218,1404
A2T4OX8NH9LIIC,0.3651098111210274,0.06664597718985181,0.0,1.0,0.5804640718562875,1,13,218,1405
A1VA1QF8KZNBLL,0.3651098111210274,0.06664597718985181,0.0,1.0,0.5804640718562875,1,13,218,1406
A1V8UZ63FQD382,0.3651098111210274,0.06664597718985181,0.0,1.0,0.5804640718562875,1,13,218,1407
A27OMVFGJXH1VB,0.3651098111210274,0.06664597718985181,0.0,1.0,0.5804640718562875,1,13,218,1408
A3E4YU6APQLRKE,0.3651098111210274,0.06664597718985181,0.0,1.0,0.5804640718562875,1,13,218,1409
A1RI8HAZRUWZM6,0.3651098111210274,0.06664597718985181,0.0,1.0,0.5804640718562875,1,13,218,1410
A6J8D9V5S9MBE,0.3651098111210274,0.06664597718985181,0.0,1.0,0.5804640718562875,1,13,218,1411
A2FWAYS1GIOEX4,0.3651098111210274,0.06664597718985181,0.0,1.0,0.5804640718562875,1,13,218,1412
A1C00XXCYWEKK1,0.3651098111210274,0.06664597718985181,0.0,1.0,0.5804640718562875,1,13,218,1413
A1BKKEWFMHS7XU,0.3651098111210274,0.06664597718985181,0.0,1.0,0.5804640718562875,1,13,218,1414
A3IZFW84VV75XS,0.3651098111210274,0.06664597718985181,0.0,1.0,0.5804640718562875,1,13,218,1415
A2I8J6GW1H6LWU,0.3651098111210274,0.06664597718985181,0.0,1.0,0.5804640718562875,1,13,218,1416
A1XSSIGIY4WGX5,0.3651098111210274,0.06664597718985181,0.0,1.0,0.5804640718562875,1,13,218,1417
A162MNFD5CGQ03,0.3651098111210274,0.06664597718985181,0.0,1.0,0.5804640718562875,1,13,218,1418
A39KBWLS6TURMR,0.3651098111210274,0.06664597718985181,0.0,1.0,0.5804640718562875,1,13,218,1419
A1038957GWRBP375RU5T,0.3651098111210274,0.06664597718985181,0.0,1.0,0.5804640718562875,1,13,218,1420
A1HBNCPHMW87Y0,0.3651098111210274,0.06664597718985181,0.0,1.0,0.5804640718562875,1,13,218,1421
A2IDCSC6NVONIZ,0.3651098111210274,0.06664597718985181,0.0,1.0,0.5804640718562875,1,13,218,1422
A1OYA1IESSJ8F6,0.3651098111210274,0.06664597718985181,0.0,1.0,0.5804640718562875,1,13,218,1423
A12AU3CNAWYO5D,0.3651098111210274,0.06664597718985181,0.0,1.0,0.5804640718562875,1,13,218,1424
AYYNNAEWP3W5Y,0.3651098111210274,0.06664597718985181,0.0,1.0,0.5804640718562875,1,13,218,1425
AYQNWE3AX4H08,0.3651098111210274,0.06664597718985181,0.0,1.0,0.5804640718562875,1,13,218,1426
ALB2U20GGGJWU,0.3651098111210274,0.06664597718985181,0.0,1.0,0.5804640718562875,1,13,218,1427
A36HL8Y5NI4FR9,0.36482279900562253,0.13331781622572217,0.0,1.0,0.49930981655162343,2,7,112,1428
A3T0MOVJN9OPVB,0.36461151005645415,7.647405426672723e-05,0.23737211696011376,1.0,0.4209821544005827,2,5,55,1429
A1BM3CYLFRE4X5,0.36436130812701545,0.06664597718985181,0.0,1.0,0.5774700598802396,1,1,210,1430
A1BMQC79FGKV00,0.36436130812701545,0.06664597718985181,0.0,1.0,0.5774700598802396,1,1,210,1431
A1WWZXNOXBCIMN,0.36436130812701545,0.06664597718985181,0.0,1.0,0.5774700598802396,1,1,210,1432
ARX6W8UN2PYJ1,0.36436130812701545,0.06664597718985181,0.0,1.0,0.5774700598802396,1,1,210,1433
ABUHPSLHCHE8,0.36436130812701545,0.06664597718985181,0.0,1.0,0.5774700598802396,1,1,210,1434
A2QMPB2I0Z5K6W,0.36436130812701545,0.06664597718985181,0.0,1.0,0.5774700598802396,1,1,210,1435
AZP2U25R0TN4E,0.36436130812701545,0.06664597718985181,0.0,1.0,0.5774700598802396,1,1,210,1436
A1HBLNE8QYSG3Z,0.36436130812701545,0.06664597718985181,0.0,1.0,0.5774700598802396,1,1,210,1437
A15KZO444F3B95,0.36436130812701545,0.06664597718985181,0.0,1.0,0.5774700598802396,1,1,210,1438
AK66HX2T0YN6,0.36436130812701545,0.06664597718985181,0.0,1.0,0.5774700598802396,1,1,210,1439
AS28WVBBZ3G99,0.36436130812701545,0.06664597718985181,0.0,1.0,0.5774700598802396,1,1,210,1440
A3JI2LW8IB9YOV,0.36436130812701545,0.06664597718985181,0.0,1.0,0.5774700598802396,1,1,210,1441
AGL95K4GLGZ4J,0.36436130812701545,0.06664597718985181,0.0,1.0,0.5774700598802396,1,1,210,1442
AGOPJZFEL0Q1E,0.36436130812701545,0.06664597718985181,0.0,1.0,0.5774700598802396,1,1,210,1443
A4J4J2V4KH7LY,0.36436130812701545,0.06664597718985181,0.0,1.0,0.5774700598802396,1,1,210,1444
A2IP0Z4VPCAXZ1,0.36436130812701545,0.06664597718985181,0.0,1.0,0.5774700598802396,1,1,210,1445
A10UQI8QS0Z2N3,0.36436130812701545,0.06664597718985181,0.0,1.0,0.5774700598802396,1,1,210,1446
A2KZKZSOJDBBIQ,0.36436130812701545,0.06664597718985181,0.0,1.0,0.5774700598802396,1,1,210,1447
A3LISZ01VY6PI7,0.36436130812701545,0.06664597718985181,0.0,1.0,0.5774700598802396,1,1,210,1448
A1R0Z1BJGWRH8E,0.36436130812701545,0.06664597718985181,0.0,1.0,0.5774700598802396,1,1,210,1449
A3JQDX6UB87982,0.36436130812701545,0.06664597718985181,0.0,1.0,0.5774700598802396,1,1,210,1450
A4HRLWU9GJCEF,0.36436130812701545,0.06664597718985181,0.0,1.0,0.5774700598802396,1,1,210,1451
A1JQ7K37IVD50C,0.36436130812701545,0.06664597718985181,0.0,1.0,0.5774700598802396,1,1,210,1452
A2TE3USS8JS1UO,0.36436130812701545,0.06664597718985181,0.0,1.0,0.5774700598802396,1,1,210,1453
A1YLL71R2M75LC,0.36436130812701545,0.06664597718985181,0.0,1.0,0.5774700598802396,1,1,210,1454
A38CQJJOWSL8A7,0.36436130812701545,0.06664597718985181,0.0,1.0,0.5774700598802396,1,1,210,1455
A2T48324YQHU56,0.36436130812701545,0.06664597718985181,0.0,1.0,0.5774700598802396,1,1,210,1456
A2OXGLRMYMXCHY,0.36436130812701545,0.06664597718985181,0.0,1.0,0.5774700598802396,1,1,210,1457
A3VFSX2M29WGA0,0.36436130812701545,0.06664597718985181,0.0,1.0,0.5774700598802396,1,1,210,1458
A3VHEYLZ0R7LCU,0.36436130812701545,0.06664597718985181,0.0,1.0,0.5774700598802396,1,1,210,1459
A6S1IS2P44QEE,0.36436130812701545,0.06664597718985181,0.0,1.0,0.5774700598802396,1,1,210,1460
A2X117IF5LX1B5,0.36436130812701545,0.06664597718985181,0.0,1.0,0.5774700598802396,1,1,210,1461
APRO0FN36AK1V,0.36436130812701545,0.06664597718985181,0.0,1.0,0.5774700598802396,1,1,210,1462
A3UWM2JGOASDI4,0.36436130812701545,0.06664597718985181,0.0,1.0,0.5774700598802396,1,1,210,1463
A1BBAECLOD0XFN,0.36436130812701545,0.06664597718985181,0.0,1.0,0.5774700598802396,1,1,210,1464
A3EML7WV7A5QZW,0.36436130812701545,0.06664597718985181,0.0,1.0,0.5774700598802396,1,1,210,1465
A3LTB2C1YPJXT5,0.36436130812701545,0.06664597718985181,0.0,1.0,0.5774700598802396,1,1,210,1466
A1885J18PY8I7S,0.36436130812701545,0.06664597718985181,0.0,1.0,0.5774700598802396,1,1,210,1467
A1V21SKYOEGN2D,0.36436130812701545,0.06664597718985181,0.0,1.0,0.5774700598802396,1,1,210,1468
A3P1V5EP4RJDKS,0.36436130812701545,0.06664597718985181,0.0,1.0,0.5774700598802396,1,1,210,1469
A1FMZGVDOLOP9W,0.36436130812701545,0.06664597718985181,0.0,1.0,0.5774700598802396,1,1,210,1470
A1ULAF163Z7PM7,0.36436130812701545,0.06664597718985181,0.0,1.0,0.5774700598802396,1,1,210,1471
A70WOSKH59VRE,0.36436130812701545,0.06664597718985181,0.0,1.0,0.5774700598802396,1,1,210,1472
A20Q8IOS2PWZKI,0.36436130812701545,0.06664597718985181,0.0,1.0,0.5774700598802396,1,1,210,1473
A1MEY9ETHMVX4Q,0.36436130812701545,0.06664597718985181,0.0,1.0,0.5774700598802396,1,1,210,1474
A2XW6VPIR979KN,0.36436130812701545,0.06664597718985181,0.0,1.0,0.5774700598802396,1,1,210,1475
A2XWP890G6ARFW,0.36436130812701545,0.06664597718985181,0.0,1.0,0.5774700598802396,1,1,210,1476
AHKLKGLLMS5R5,0.36436130812701545,0.06664597718985181,0.0,1.0,0.5774700598802396,1,1,210,1477
A3L5VIXGTCW2X9,0.36436130812701545,0.06664597718985181,0.0,1.0,0.5774700598802396,1,1,210,1478
A2P7N9VW82JOKE,0.36436130812701545,0.06664597718985181,0.0,1.0,0.5774700598802396,1,1,210,1479
AA6956HVSVG1T,0.36436130812701545,0.06664597718985181,0.0,1.0,0.5774700598802396,1,1,210,1480
A3SDQ1BJ9RTQ2B,0.36436130812701545,0.06664597718985181,0.0,1.0,0.5774700598802396,1,1,210,1481
A1QV9FV8OBTHZ4,0.36436130812701545,0.06664597718985181,0.0,1.0,0.5774700598802396,1,1,210,1482
AQCZRP5A2QHBR,0.36436130812701545,0.06664597718985181,0.0,1.0,0.5774700598802396,1,1,210,1483
A17VA7VAEI0PQK,0.36436130812701545,0.06664597718985181,0.0,1.0,0.5774700598802396,1,1,210,1484
A24B12OG6NW0WH,0.36436130812701545,0.06664597718985181,0.0,1.0,0.5774700598802396,1,1,210,1485
AQG17YFAR1ANR,0.36436130812701545,0.06664597718985181,0.0,1.0,0.5774700598802396,1,1,210,1486
A2859C020TGTJV,0.36436130812701545,0.06664597718985181,0.0,1.0,0.5774700598802396,1,1,210,1487
A7696ALS0LKSV,0.36436130812701545,0.06664597718985181,0.0,1.0,0.5774700598802396,1,1,210,1488
A2EQ0QDOSGH6AC,0.36436130812701545,0.06664597718985181,0.0,1.0,0.5774700598802396,1,1,210,1489
A3GGZJZZFQ7S5D,0.36436130812701545,0.06664597718985181,0.0,1.0,0.5774700598802396,1,1,210,1490
A3GHITPT5SRXBH,0.36436130812701545,0.06664597718985181,0.0,1.0,0.5774700598802396,1,1,210,1491
A20IGHP5BJ4OD5,0.36436130812701545,0.06664597718985181,0.0,1.0,0.5774700598802396,1,1,210,1492
A3UMZ8DDGIC0DO,0.36436130812701545,0.06664597718985181,0.0,1.0,0.5774700598802396,1,1,210,1493
AJJQ188TFNITV,0.36436130812701545,0.06664597718985181,0.0,1.0,0.5774700598802396,1,1,210,1494
AJK49DENMS2BT,0.36436130812701545,0.06664597718985181,0.0,1.0,0.5774700598802396,1,1,210,1495
A3766V4YCREN0D,0.36436130812701545,0.06664597718985181,0.0,1.0,0.5774700598802396,1,1,210,1496
A8IVR2DGBOR3Q,0.36436130812701545,0.06664597718985181,0.0,1.0,0.5774700598802396,1,1,210,1497
A27C68294LPSDE,0.36436130812701545,0.06664597718985181,0.0,1.0,0.5774700598802396,1,1,210,1498
A3OW28ME7CP7BV,0.36436130812701545,0.06664597718985181,0.0,1.0,0.5774700598802396,1,1,210,1499
A1EDBC5HQQY98Q,0.36436130812701545,0.06664597718985181,0.0,1.0,0.5774700598802396,1,1,210,1500
A1EB93IMG9QWBB,0.36436130812701545,0.06664597718985181,0.0,1.0,0.5774700598802396,1,1,210,1501
A2MOD50IHEDH3G,0.36436130812701545,0.06664597718985181,0.0,1.0,0.5774700598802396,1,1,210,1502
A16AF8BFMCVOWW,0.36436130812701545,0.06664597718985181,0.0,1.0,0.5774700598802396,1,1,210,1503
A7KEXYO4RMXBP,0.36436130812701545,0.06664597718985181,0.0,1.0,0.5774700598802396,1,1,210,1504
AOYZWX4I1LA44,0.36436130812701545,0.06664597718985181,0.0,1.0,0.5774700598802396,1,1,210,1505
A1SNYIW6EDDE4R,0.36436130812701545,0.06664597718985181,0.0,1.0,0.5774700598802396,1,1,210,1506
ANUZ58K6OIJN2,0.36436130812701545,0.06664597718985181,0.0,1.0,0.5774700598802396,1,1,210,1507
A3QJVGI8XV8UVV,0.36436130812701545,0.06664597718985181,0.0,1.0,0.5774700598802396,1,1,210,1508
A1W476YCP7DZ2S,0.36436130812701545,0.06664597718985181,0.0,1.0,0.5774700598802396,1,1,210,1509
A2PLSZ90SNG3FV,0.36436130812701545,0.06664597718985181,0.0,1.0,0.5774700598802396,1,1,210,1510
A1NPKJKOQ7KOE6,0.36436130812701545,0.06664597718985181,0.0,1.0,0.5774700598802396,1,1,210,1511
A1720HQJ5FZ87L,0.36436130812701545,0.06664597718985181,0.0,1.0,0.5774700598802396,1,1,210,1512
AQN56XCI2R7L5,0.36436130812701545,0.06664597718985181,0.0,1.0,0.5774700598802396,1,1,210,1513
A3HYTLSRSV68HF,0.36436130812701545,0.06664597718985181,0.0,1.0,0.5774700598802396,1,1,210,1514
A34G4GSIYY4JJ3,0.36436130812701545,0.06664597718985181,0.0,1.0,0.5774700598802396,1,1,210,1515
A2HPFRNPZZ405N,0.36436130812701545,0.06664597718985181,0.0,1.0,0.5774700598802396,1,1,210,1516
AAAI5A49L3MKG,0.36436130812701545,0.06664597718985181,0.0,1.0,0.5774700598802396,1,1,210,1517
AAYB56GHHGB6R,0.36436130812701545,0.06664597718985181,0.0,1.0,0.5774700598802396,1,1,210,1518
AAFIE0FF7B95V,0.36436130812701545,0.06664597718985181,0.0,1.0,0.5774700598802396,1,1,210,1519
AMBFK6N4JS5Z2,0.36436130812701545,0.06664597718985181,0.0,1.0,0.5774700598802396,1,1,210,1520
A1W0QK53EN02H5,0.36436130812701545,0.06664597718985181,0.0,1.0,0.5774700598802396,1,1,210,1521
A143LJ4G2OPP7T,0.36436130812701545,0.06664597718985181,0.0,1.0,0.5774700598802396,1,1,210,1522
AMHDZ16XSYASU,0.36436130812701545,0.06664597718985181,0.0,1.0,0.5774700598802396,1,1,210,1523
A2UE0QBDSPVE6O,0.36436130812701545,0.06664597718985181,0.0,1.0,0.5774700598802396,1,1,210,1524
A25UHHZKAFJ563,0.36436130812701545,0.06664597718985181,0.0,1.0,0.5774700598802396,1,1,210,1525
A3NGOG8Z78AZSD,0.36436130812701545,0.06664597718985181,0.0,1.0,0.5774700598802396,1,1,210,1526
A3G8YKV4Q0138F,0.36436130812701545,0.06664597718985181,0.0,1.0,0.5774700598802396,1,1,210,1527
A16IFD5H3B2SSJ,0.36436130812701545,0.06664597718985181,0.0,1.0,0.5774700598802396,1,1,210,1528
A1URTX250HLGUF,0.36436130812701545,0.06664597718985181,0.0,1.0,0.5774700598802396,1,1,210,1529
A1BAOU9WXR429D,0.36436130812701545,0.06664597718985181,0.0,1.0,0.5774700598802396,1,1,210,1530
A20HOZHZ2URRLW,0.36436130812701545,0.06664597718985181,0.0,1.0,0.5774700598802396,1,1,210,1531
A8E0SNQFWA5TB,0.36436130812701545,0.06664597718985181,0.0,1.0,0.5774700598802396,1,1,210,1532
ADS4GVLF8HIFU,0.36436130812701545,0.06664597718985181,0.0,1.0,0.5774700598802396,1,1,210,1533
A2TUOJ0NZ5T01H,0.36436130812701545,0.06664597718985181,0.0,1.0,0.5774700598802396,1,1,210,1534
AVBG4AB5XVKNB,0.36436130812701545,0.06664597718985181,0.0,1.0,0.5774700598802396,1,1,210,1535
A7YKQRCRPPCMU,0.36436130812701545,0.06664597718985181,0.0,1.0,0.5774700598802396,1,1,210,1536
A810PNCBZXIYJ,0.36436130812701545,0.06664597718985181,0.0,1.0,0.5774700598802396,1,1,210,1537
A26HC0DYVSVNUS,0.36436130812701545,0.06664597718985181,0.0,1.0,0.5774700598802396,1,1,210,1538
A3KHL3O4K6WMXN,0.36436130812701545,0.06664597718985181,0.0,1.0,0.5774700598802396,1,1,210,1539
A3K6GPH3ONDHFT,0.36436130812701545,0.06664597718985181,0.0,1.0,0.5774700598802396,1,1,210,1540
A3K7PWRX8GXJZP,0.36436130812701545,0.06664597718985181,0.0,1.0,0.5774700598802396,1,1,210,1541
A2HZLT6N4OLB4J,0.36436130812701545,0.06664597718985181,0.0,1.0,0.5774700598802396,1,1,210,1542
A23MY68C1MAZVN,0.36436130812701545,0.06664597718985181,0.0,1.0,0.5774700598802396,1,1,210,1543
A119VL7KR5EIR6,0.36436130812701545,0.06664597718985181,0.0,1.0,0.5774700598802396,1,1,210,1544
A18MVVNA2U9YNU,0.36436130812701545,0.06664597718985181,0.0,1.0,0.5774700598802396,1,1,210,1545
A29XOCWBBZCUI0,0.36436130812701545,0.06664597718985181,0.0,1.0,0.5774700598802396,1,1,210,1546
A1435OKJPDTTGP,0.36436130812701545,0.06664597718985181,0.0,1.0,0.5774700598802396,1,1,210,1547
AEGLY4IPD9UWP,0.36436130812701545,0.06664597718985181,0.0,1.0,0.5774700598802396,1,1,210,1548
A2013X1OLSB1O9,0.36436130812701545,0.06664597718985181,0.0,1.0,0.5774700598802396,1,1,210,1549
A35YJ7SBI8ZTME,0.36436130812701545,0.06664597718985181,0.0,1.0,0.5774700598802396,1,1,210,1550
A1KUKFI8NWFT57,0.36436130812701545,0.06664597718985181,0.0,1.0,0.5774700598802396,1,1,210,1551
AOJBKPV6ELTE9,0.36436130812701545,0.06664597718985181,0.0,1.0,0.5774700598802396,1,1,210,1552
A2V504B39HC7IQ,0.36436130812701545,0.06664597718985181,0.0,1.0,0.5774700598802396,1,1,210,1553
A3BSR1TPMAXW3T,0.36436130812701545,0.06664597718985181,0.0,1.0,0.5774700598802396,1,1,210,1554
A39CUQBMV62S5O,0.36436130812701545,0.06664597718985181,0.0,1.0,0.5774700598802396,1,1,210,1555
A39F5L16R1ATFS,0.36436130812701545,0.06664597718985181,0.0,1.0,0.5774700598802396,1,1,210,1556
AB2PV7PVCSMT2,0.36436130812701545,0.06664597718985181,0.0,1.0,0.5774700598802396,1,1,210,1557
AGXS84QRM01ZE,0.36436130812701545,0.06664597718985181,0.0,1.0,0.5774700598802396,1,1,210,1558
A441R59DABT6E,0.36436130812701545,0.06664597718985181,0.0,1.0,0.5774700598802396,1,1,210,1559
A310FK6D7P891I,0.36436130812701545,0.06664597718985181,0.0,1.0,0.5774700598802396,1,1,210,1560
A31OQEN2R4QZKE,0.36436130812701545,0.06664597718985181,0.0,1.0,0.5774700598802396,1,1,210,1561
A1HN2ZEPOV8JOG,0.36436130812701545,0.06664597718985181,0.0,1.0,0.5774700598802396,1,1,210,1562
A102EC3XGCBZ81,0.36436130812701545,0.06664597718985181,0.0,1.0,0.5774700598802396,1,1,210,1563
A19RRN85DY4SB2,0.364057191947346,0.00199449691264417,0.0,1.0,0.653835371494211,2,2,584,1564
A1J75JJ0Q2OEJN,0.3636957763757088,0.0006408565443401349,0.029995451478245356,1.0,0.6240186261713818,2,3,511,1565
A2P6FU1HQ1OFAP,0.3636533947521516,0.0007361020286770926,0.014060680963912336,1.0,0.6396695756102815,2,5,595,1566
A23ZO1BVFFLGHO,0.36286020242064443,0.13251700814156284,0.24459622426604175,0.8258592916326664,0.3871367423405274,9,0,313,1567
A4GGT6O0GQNV2,0.3628329542443507,1.2091762540750197e-05,0.11265064440842114,1.0,0.5386666624539327,3,15,459,1568
A1AMOQQ6GCKDNQ,0.3626494419999414,9.383624919843367e-05,0.20488127020741437,1.0,0.44560389429331315,2,2,59,1569
A342ZILZJ260ST,0.3623207460313422,0.0004889786098568782,0.00404647868106181,1.0,0.6446497311124786,2,2,591,1570
A35C08P4HELIMI,0.361835110522225,0.06664597718985181,0.0,1.0,0.5673652694610778,1,12,183,1571
ABXEFUVFKQLXT,0.361835110522225,0.06664597718985181,0.0,1.0,0.5673652694610778,1,12,183,1572
A33LOGQTJCM66N,0.361835110522225,0.06664597718985181,0.0,1.0,0.5673652694610778,1,12,183,1573
A15N3ETU8WWAUB,0.361835110522225,0.06664597718985181,0.0,1.0,0.5673652694610778,1,12,183,1574
A3J3XO9BNTVTRS,0.361835110522225,0.06664597718985181,0.0,1.0,0.5673652694610778,1,12,183,1575
A1LB1T6HPU2J91,0.361835110522225,0.06664597718985181,0.0,1.0,0.5673652694610778,1,12,183,1576
A22A3YXFDLPMFL,0.361835110522225,0.06664597718985181,0.0,1.0,0.5673652694610778,1,12,183,1577
A227BV4KDDDZHZ,0.361835110522225,0.06664597718985181,0.0,1.0,0.5673652694610778,1,12,183,1578
A2IBUZECB34CMS,0.361835110522225,0.06664597718985181,0.0,1.0,0.5673652694610778,1,12,183,1579
A3NGABXDIB0POU,0.361835110522225,0.06664597718985181,0.0,1.0,0.5673652694610778,1,12,183,1580
A12G7V6HEAQ9JK,0.361835110522225,0.06664597718985181,0.0,1.0,0.5673652694610778,1,12,183,1581
A22X8SXCBIY746,0.361835110522225,0.06664597718985181,0.0,1.0,0.5673652694610778,1,12,183,1582
A4IF24BMN3Z3H,0.361835110522225,0.06664597718985181,0.0,1.0,0.5673652694610778,1,12,183,1583
A3JZ3PFAD6DXBM,0.361835110522225,0.06664597718985181,0.0,1.0,0.5673652694610778,1,12,183,1584
A1WJ9679CCAXNS,0.361835110522225,0.06664597718985181,0.0,1.0,0.5673652694610778,1,12,183,1585
AUCIFMWP3DU8R,0.361835110522225,0.06664597718985181,0.0,1.0,0.5673652694610778,1,12,183,1586
A33TDBE3822NTY,0.361835110522225,0.06664597718985181,0.0,1.0,0.5673652694610778,1,12,183,1587
AID3D20YLGU0U,0.361835110522225,0.06664597718985181,0.0,1.0,0.5673652694610778,1,12,183,1588
A3194LALPLNT8Y,0.361835110522225,0.06664597718985181,0.0,1.0,0.5673652694610778,1,12,183,1589
A2Z6M29DOKM8EB,0.361835110522225,0.06664597718985181,0.0,1.0,0.5673652694610778,1,12,183,1590
AGYW580EFV1QF,0.361835110522225,0.06664597718985181,0.0,1.0,0.5673652694610778,1,12,183,1591
A3GS06T7VKDRPV,0.361835110522225,0.06664597718985181,0.0,1.0,0.5673652694610778,1,12,183,1592
A181QOJBZ8O5AY,0.361835110522225,0.06664597718985181,0.0,1.0,0.5673652694610778,1,12,183,1593
A30BQ1F0T0IES8,0.361835110522225,0.06664597718985181,0.0,1.0,0.5673652694610778,1,12,183,1594
AZXWUZ9PPSOTL,0.361835110522225,0.06664597718985181,0.0,1.0,0.5673652694610778,1,12,183,1595
A2IPN5RZ7YAJG7,0.361835110522225,0.06664597718985181,0.0,1.0,0.5673652694610778,1,12,183,1596
A39AB1CZ74VSGG,0.361835110522225,0.06664597718985181,0.0,1.0,0.5673652694610778,1,12,183,1597
AE9QWJETO90U0,0.361835110522225,0.06664597718985181,0.0,1.0,0.5673652694610778,1,12,183,1598
A3639Z6O5JBLIZ,0.361835110522225,0.06664597718985181,0.0,1.0,0.5673652694610778,1,12,183,1599
AJ6N2T3MDB2ER,0.361835110522225,0.06664597718985181,0.0,1.0,0.5673652694610778,1,12,183,1600
A2WL2ZWWGHM2J1,0.361835110522225,0.06664597718985181,0.0,1.0,0.5673652694610778,1,12,183,1601
ANX51Y0Y4TXAK,0.361835110522225,0.06664597718985181,0.0,1.0,0.5673652694610778,1,12,183,1602
A2FUQX4OMDU3LS,0.361835110522225,0.06664597718985181,0.0,1.0,0.5673652694610778,1,12,183,1603
A2OEPMLEWAF9A4,0.361835110522225,0.06664597718985181,0.0,1.0,0.5673652694610778,1,12,183,1604
A2U9WJOGZSYM0U,0.361835110522225,0.06664597718985181,0.0,1.0,0.5673652694610778,1,12,183,1605
AO9QC2WG3T9NQ,0.361835110522225,0.06664597718985181,0.0,1.0,0.5673652694610778,1,12,183,1606
A2UO1LAZGQQMDR,0.361835110522225,0.06664597718985181,0.0,1.0,0.5673652694610778,1,12,183,1607
A2V8SHOF5ZU931,0.361835110522225,0.06664597718985181,0.0,1.0,0.5673652694610778,1,12,183,1608
A1YX6YUHJA11KE,0.361835110522225,0.06664597718985181,0.0,1.0,0.5673652694610778,1,12,183,1609
A1FI3PMS0U7KQL,0.361835110522225,0.06664597718985181,0.0,1.0,0.5673652694610778,1,12,183,1610
A3EAKDPOB7H96W,0.361835110522225,0.06664597718985181,0.0,1.0,0.5673652694610778,1,12,183,1611
A21M8JLOHG5Q6V,0.361835110522225,0.06664597718985181,0.0,1.0,0.5673652694610778,1,12,183,1612
A33152QEGO2MZN,0.361835110522225,0.06664597718985181,0.0,1.0,0.5673652694610778,1,12,183,1613
A32SUIEEW3K443,0.361835110522225,0.06664597718985181,0.0,1.0,0.5673652694610778,1,12,183,1614
A10WET3ZP50AFG,0.361835110522225,0.06664597718985181,0.0,1.0,0.5673652694610778,1,12,183,1615
A24WJXSXVNB9KF,0.361835110522225,0.06664597718985181,0.0,1.0,0.5673652694610778,1,12,183,1616
A1Y949S90RE8FP,0.361835110522225,0.06664597718985181,0.0,1.0,0.5673652694610778,1,12,183,1617
A1VNI8SZ045QY1,0.361835110522225,0.06664597718985181,0.0,1.0,0.5673652694610778,1,12,183,1618
A2BIAZVVPAEB9U,0.361835110522225,0.06664597718985181,0.0,1.0,0.5673652694610778,1,12,183,1619
A2H0XJ7I2FUZBD,0.361835110522225,0.06664597718985181,0.0,1.0,0.5673652694610778,1,12,183,1620
A9D87WNSGOGLW,0.361835110522225,0.06664597718985181,0.0,1.0,0.5673652694610778,1,12,183,1621
A2JEB9JRWW0MFL,0.361835110522225,0.06664597718985181,0.0,1.0,0.5673652694610778,1,12,183,1622
A24AB6DJ00YOJ6,0.361835110522225,0.06664597718985181,0.0,1.0,0.5673652694610778,1,12,183,1623
A23YK4DYOYWI55,0.361835110522225,0.06664597718985181,0.0,1.0,0.5673652694610778,1,12,183,1624
A328YKP8SAY73L,0.361835110522225,0.06664597718985181,0.0,1.0,0.5673652694610778,1,12,183,1625
A246B0QH9QMNFW,0.361835110522225,0.06664597718985181,0.0,1.0,0.5673652694610778,1,12,183,1626
A2P1ZALAC93BHH,0.361835110522225,0.06664597718985181,0.0,1.0,0.5673652694610778,1,12,183,1627
A2IFTSL05L8NP,0.361835110522225,0.06664597718985181,0.0,1.0,0.5673652694610778,1,12,183,1628
ATQVLZOBO68E9,0.361835110522225,0.06664597718985181,0.0,1.0,0.5673652694610778,1,12,183,1629
A29C2DK1SF1GI4,0.361835110522225,0.06664597718985181,0.0,1.0,0.5673652694610778,1,12,183,1630
AZD8DMTDUVUDL,0.361835110522225,0.06664597718985181,0.0,1.0,0.5673652694610778,1,12,183,1631
A2QT1VUOINR03O,0.361835110522225,0.06664597718985181,0.0,1.0,0.5673652694610778,1,12,183,1632
AJEBA8C74TQ5U,0.361835110522225,0.06664597718985181,0.0,1.0,0.5673652694610778,1,12,183,1633
AU0V5EYSZT9SK,0.361835110522225,0.06664597718985181,0.0,1.0,0.5673652694610778,1,12,183,1634
A1R8RXVOGP7Q7C,0.361835110522225,0.06664597718985181,0.0,1.0,0.5673652694610778,1,12,183,1635
A266PY9OPJHHQW,0.361835110522225,0.06664597718985181,0.0,1.0,0.5673652694610778,1,12,183,1636
AI8SCFYK5I0YB,0.361835110522225,0.06664597718985181,0.0,1.0,0.5673652694610778,1,12,183,1637
A365UWK3K5SD1X,0.361835110522225,0.06664597718985181,0.0,1.0,0.5673652694610778,1,12,183,1638
AU61SDVMO3PQG,0.361835110522225,0.06664597718985181,0.0,1.0,0.5673652694610778,1,12,183,1639
A3F85164PLQFTP,0.361835110522225,0.06664597718985181,0.0,1.0,0.5673652694610778,1,12,183,1640
A2QDO2ACVW88GT,0.361835110522225,0.06664597718985181,0.0,1.0,0.5673652694610778,1,12,183,1641
ALVO1A5UB8DG0,0.361835110522225,0.06664597718985181,0.0,1.0,0.5673652694610778,1,12,183,1642
A17HVJ3WXQXJ8J,0.361835110522225,0.06664597718985181,0.0,1.0,0.5673652694610778,1,12,183,1643
ARKQYQ6FMLT3H,0.361835110522225,0.06664597718985181,0.0,1.0,0.5673652694610778,1,12,183,1644
AKZ32SQMCXBS2,0.361835110522225,0.06664597718985181,0.0,1.0,0.5673652694610778,1,12,183,1645
A3A4NX6KSX3Q8F,0.361835110522225,0.06664597718985181,0.0,1.0,0.5673652694610778,1,12,183,1646
ALHC64J88LVWO,0.361835110522225,0.06664597718985181,0.0,1.0,0.5673652694610778,1,12,183,1647
AOKH8MBCROIL,0.36136512662994735,0.0036781292115297855,0.11939610846838171,1.0,0.521650642997572,2,11,631,1648
A30NZYWSJ5WT7I,0.36096694479837127,0.13331781622572217,0.020377223414550453,1.0,0.4635091763080679,2,19,73,1649
A179LO7TV9N1BT,0.36089948177971004,0.06664597718985181,0.0,1.0,0.563622754491018,1,1,173,1650
A1NUAX0GYD3076,0.36089948177971004,0.06664597718985181,0.0,1.0,0.563622754491018,1,1,173,1651
A3HZ83EUW587RM,0.36089948177971004,0.06664597718985181,0.0,1.0,0.563622754491018,1,1,173,1652
AF9TX1AH6OR65,0.36089948177971004,0.06664597718985181,0.0,1.0,0.563622754491018,1,1,173,1653
A24X8P2TG2AR02,0.36089948177971004,0.06664597718985181,0.0,1.0,0.563622754491018,1,1,173,1654
A1EN0HIRFDGC8T,0.36089948177971004,0.06664597718985181,0.0,1.0,0.563622754491018,1,1,173,1655
A5KVTBI8FA961,0.36089948177971004,0.06664597718985181,0.0,1.0,0.563622754491018,1,1,173,1656
A1LXHQM4NSC1T4,0.36089948177971004,0.06664597718985181,0.0,1.0,0.563622754491018,1,1,173,1657
A1LUE84R341L1Q,0.36089948177971004,0.06664597718985181,0.0,1.0,0.563622754491018,1,1,173,1658
A1OX19PDA486CD,0.36089948177971004,0.06664597718985181,0.0,1.0,0.563622754491018,1,1,173,1659
ARXYNHFIXEYO2,0.36089948177971004,0.06664597718985181,0.0,1.0,0.563622754491018,1,1,173,1660
A31PXV9XPENREQ,0.36089948177971004,0.06664597718985181,0.0,1.0,0.563622754491018,1,1,173,1661
A2RRYDCPJ4T8OV,0.36089948177971004,0.06664597718985181,0.0,1.0,0.563622754491018,1,1,173,1662
A4APIXYMVZGU4,0.36089948177971004,0.06664597718985181,0.0,1.0,0.563622754491018,1,1,173,1663
A3JUJ6UQVE5B92,0.36089948177971004,0.06664597718985181,0.0,1.0,0.563622754491018,1,1,173,1664
A2Q7VY0358PA3W,0.36089948177971004,0.06664597718985181,0.0,1.0,0.563622754491018,1,1,173,1665
A1BQLUMAXH49VN,0.36089948177971004,0.06664597718985181,0.0,1.0,0.563622754491018,1,1,173,1666
A2S2PG1LKF4YCX,0.36089948177971004,0.06664597718985181,0.0,1.0,0.563622754491018,1,1,173,1667
A2NHID60GOWHD0,0.36089948177971004,0.06664597718985181,0.0,1.0,0.563622754491018,1,1,173,1668
A3QX0ERX4D03TF,0.36089948177971004,0.06664597718985181,0.0,1.0,0.563622754491018,1,1,173,1669
A3QRPQFQLHDF2X,0.36089948177971004,0.06664597718985181,0.0,1.0,0.563622754491018,1,1,173,1670
A19KWXOS9L6WIO,0.36089948177971004,0.06664597718985181,0.0,1.0,0.563622754491018,1,1,173,1671
A33MZ69QV2G5F3,0.36089948177971004,0.06664597718985181,0.0,1.0,0.563622754491018,1,1,173,1672
A253X5E4L0DM0W,0.36089948177971004,0.06664597718985181,0.0,1.0,0.563622754491018,1,1,173,1673
A2RULKDI00UF1F,0.36089948177971004,0.06664597718985181,0.0,1.0,0.563622754491018,1,1,173,1674
A1F8FFYPYZ9XJ,0.36089948177971004,0.06664597718985181,0.0,1.0,0.563622754491018,1,1,173,1675
AD20KMDUDP5EF,0.36089948177971004,0.06664597718985181,0.0,1.0,0.563622754491018,1,1,173,1676
A2BCB516A8HV6K,0.36089948177971004,0.06664597718985181,0.0,1.0,0.563622754491018,1,1,173,1677
AB33ZRXEBG41L,0.36089948177971004,0.06664597718985181,0.0,1.0,0.563622754491018,1,1,173,1678
A2LZSPR192KEX6,0.36089948177971004,0.06664597718985181,0.0,1.0,0.563622754491018,1,1,173,1679
A34DUTUH6VLRWB,0.36089948177971004,0.06664597718985181,0.0,1.0,0.563622754491018,1,1,173,1680
A2BHAEL2Q4HR4A,0.36089948177971004,0.06664597718985181,0.0,1.0,0.563622754491018,1,1,173,1681
A38ZQZ8N7EDWQA,0.36089948177971004,0.06664597718985181,0.0,1.0,0.563622754491018,1,1,173,1682
A1Q98ZMHZXOYWI,0.36089948177971004,0.06664597718985181,0.0,1.0,0.563622754491018,1,1,173,1683
A3KEH9CD2SPUEB,0.36089948177971004,0.06664597718985181,0.0,1.0,0.563622754491018,1,1,173,1684
A31GHUVQ0N2NXH,0.36089948177971004,0.06664597718985181,0.0,1.0,0.563622754491018,1,1,173,1685
A28CAQRAIZ1UWU,0.36089948177971004,0.06664597718985181,0.0,1.0,0.563622754491018,1,1,173,1686
A19KVCG1JDOGAB,0.36089948177971004,0.06664597718985181,0.0,1.0,0.563622754491018,1,1,173,1687
A3N8O68DOEQ2FE,0.36089948177971004,0.06664597718985181,0.0,1.0,0.563622754491018,1,1,173,1688
APSGIVBQKFLRY,0.36089948177971004,0.06664597718985181,0.0,1.0,0.563622754491018,1,1,173,1689
A2OZ5ERO1D2YOX,0.36089948177971004,0.06664597718985181,0.0,1.0,0.563622754491018,1,1,173,1690
A3SJSUSBFQ1V81,0.36089948177971004,0.06664597718985181,0.0,1.0,0.563622754491018,1,1,173,1691
A1CPPZT5ZNIM57,0.36089948177971004,0.06664597718985181,0.0,1.0,0.563622754491018,1,1,173,1692
A5PS42VT6YVQZ,0.36089948177971004,0.06664597718985181,0.0,1.0,0.563622754491018,1,1,173,1693
A13A9XV81EQF30,0.36089948177971004,0.06664597718985181,0.0,1.0,0.563622754491018,1,1,173,1694
A1CXH0ECJCO3US,0.36089948177971004,0.06664597718985181,0.0,1.0,0.563622754491018,1,1,173,1695
A3SA3SI8HXUTWM,0.36089948177971004,0.06664597718985181,0.0,1.0,0.563622754491018,1,1,173,1696
A36Z96ASIRAB1E,0.36089948177971004,0.06664597718985181,0.0,1.0,0.563622754491018,1,1,173,1697
A1GWYS0HGHQKB7,0.36089948177971004,0.06664597718985181,0.0,1.0,0.563622754491018,1,1,173,1698
A1KAE1LOY4TBSV,0.36089948177971004,0.06664597718985181,0.0,1.0,0.563622754491018,1,1,173,1699
A36N2I7T8KSQEF,0.36089948177971004,0.06664597718985181,0.0,1.0,0.563622754491018,1,1,173,1700
A2KPCPTR2Z3KA7,0.36089948177971004,0.06664597718985181,0.0,1.0,0.563622754491018,1,1,173,1701
A2XEO2W78WS34Z,0.36089948177971004,0.06664597718985181,0.0,1.0,0.563622754491018,1,1,173,1702
AO91OW1SZKSJK,0.36089948177971004,0.06664597718985181,0.0,1.0,0.563622754491018,1,1,173,1703
ANC58RQKSQ5DG,0.36089948177971004,0.06664597718985181,0.0,1.0,0.563622754491018,1,1,173,1704
A8QA95BMLXCSU,0.36089948177971004,0.06664597718985181,0.0,1.0,0.563622754491018,1,1,173,1705
ANI8BTQMGG1R2,0.36089948177971004,0.06664597718985181,0.0,1.0,0.563622754491018,1,1,173,1706
A2TI9BIKPB7TZJ,0.36089948177971004,0.06664597718985181,0.0,1.0,0.563622754491018,1,1,173,1707
A37NYCRAA80CP8,0.36089948177971004,0.06664597718985181,0.0,1.0,0.563622754491018,1,1,173,1708
A3EGCYJ41MWIFD,0.36089948177971004,0.06664597718985181,0.0,1.0,0.563622754491018,1,1,173,1709
A1DA35S1UET846,0.36089948177971004,0.06664597718985181,0.0,1.0,0.563622754491018,1,1,173,1710
A14QLW52ATB8W5,0.36089948177971004,0.06664597718985181,0.0,1.0,0.563622754491018,1,1,173,1711
A1MZ1T2CO2J2Q3,0.36089948177971004,0.06664597718985181,0.0,1.0,0.563622754491018,1,1,173,1712
A2V91VHCO48UO4,0.36089948177971004,0.06664597718985181,0.0,1.0,0.563622754491018,1,1,173,1713
A1AW01QS0NVVDV,0.36089948177971004,0.06664597718985181,0.0,1.0,0.563622754491018,1,1,173,1714
A3O7Z9L168UHBP,0.36089948177971004,0.06664597718985181,0.0,1.0,0.563622754491018,1,1,173,1715
A3TNOAG3UIFQDI,0.36089948177971004,0.06664597718985181,0.0,1.0,0.563622754491018,1,1,173,1716
A1J5BGM658BIUS,0.36089948177971004,0.06664597718985181,0.0,1.0,0.563622754491018,1,1,173,1717
A175DL6WO56TUX,0.36089948177971004,0.06664597718985181,0.0,1.0,0.563622754491018,1,1,173,1718
A1YMC7H5U3TQOU,0.36089948177971004,0.06664597718985181,0.0,1.0,0.563622754491018,1,1,173,1719
A3CX02IGUE2FV9,0.36089948177971004,0.06664597718985181,0.0,1.0,0.563622754491018,1,1,173,1720
A677O9VC9P6L9,0.36089948177971004,0.06664597718985181,0.0,1.0,0.563622754491018,1,1,173,1721
A1J9LVA298D5OF,0.36089948177971004,0.06664597718985181,0.0,1.0,0.563622754491018,1,1,173,1722
A2Y6PGW144PYBN,0.36089948177971004,0.06664597718985181,0.0,1.0,0.563622754491018,1,1,173,1723
A32BQI4PD4MC1K,0.36089948177971004,0.06664597718985181,0.0,1.0,0.563622754491018,1,1,173,1724
A27PF7CJPO7AH,0.36089948177971004,0.06664597718985181,0.0,1.0,0.563622754491018,1,1,173,1725
A2O26XU8WGOQSC,0.36089948177971004,0.06664597718985181,0.0,1.0,0.563622754491018,1,1,173,1726
AHXU85QHWB8JM,0.36089948177971004,0.06664597718985181,0.0,1.0,0.563622754491018,1,1,173,1727
ADZ84438N4VXR,0.36089948177971004,0.06664597718985181,0.0,1.0,0.563622754491018,1,1,173,1728
A369ZU3YLFRDIC,0.36089948177971004,0.06664597718985181,0.0,1.0,0.563622754491018,1,1,173,1729
A20S66SKYXULG2,0.36089948177971004,0.06664597718985181,0.0,1.0,0.563622754491018,1,1,173,1730
A1UB3T4KB2SJ1E,0.36089948177971004,0.06664597718985181,0.0,1.0,0.563622754491018,1,1,173,1731
A1KJRNFAO7K5S5,0.36089948177971004,0.06664597718985181,0.0,1.0,0.563622754491018,1,1,173,1732
AJ2RVTE5ZN68V,0.36089948177971004,0.06664597718985181,0.0,1.0,0.563622754491018,1,1,173,1733
A3V5YGSE1SBERA,0.36089948177971004,0.06664597718985181,0.0,1.0,0.563622754491018,1,1,173,1734
AEBC5HHLPWMLC,0.36089948177971004,0.06664597718985181,0.0,1.0,0.563622754491018,1,1,173,1735
A25PJ0QJ61SC80,0.36089948177971004,0.06664597718985181,0.0,1.0,0.563622754491018,1,1,173,1736
A2TPCUVV4A98H3,0.36089948177971004,0.06664597718985181,0.0,1.0,0.563622754491018,1,1,173,1737
A2X435VE2DGZFG,0.36089948177971004,0.06664597718985181,0.0,1.0,0.563622754491018,1,1,173,1738
APXN17MQLCH7O,0.36089948177971004,0.06664597718985181,0.0,1.0,0.563622754491018,1,1,173,1739
AWLUBRTNZP5FL,0.36089948177971004,0.06664597718985181,0.0,1.0,0.563622754491018,1,1,173,1740
A1UEW6E8MAN95V,0.36089948177971004,0.06664597718985181,0.0,1.0,0.563622754491018,1,1,173,1741
A12OILS0DDD1K9,0.36089948177971004,0.06664597718985181,0.0,1.0,0.563622754491018,1,1,173,1742
A1ZGFGTX5BQ8WY,0.36089948177971004,0.06664597718985181,0.0,1.0,0.563622754491018,1,1,173,1743
AVWRG73FEVBQV,0.36089948177971004,0.06664597718985181,0.0,1.0,0.563622754491018,1,1,173,1744
A2IF9ZFPVR0E15,0.36089948177971004,0.06664597718985181,0.0,1.0,0.563622754491018,1,1,173,1745
A22ZZQG4FOCNCM,0.36089948177971004,0.06664597718985181,0.0,1.0,0.563622754491018,1,1,173,1746
A3ANBGDAJX55HD,0.36089948177971004,0.06664597718985181,0.0,1.0,0.563622754491018,1,1,173,1747
A3ANRNLZ2LVM8J,0.36089948177971004,0.06664597718985181,0.0,1.0,0.563622754491018,1,1,173,1748
AC09OIFJYTUQK,0.36089948177971004,0.06664597718985181,0.0,1.0,0.563622754491018,1,1,173,1749
A10CRW7XRJBJ2G,0.36089948177971004,0.06664597718985181,0.0,1.0,0.563622754491018,1,1,173,1750
A1TFS18UUUKO1F,0.36089948177971004,0.06664597718985181,0.0,1.0,0.563622754491018,1,1,173,1751
A131XK438X81X9,0.36089948177971004,0.06664597718985181,0.0,1.0,0.563622754491018,1,1,173,1752
A3EV8JA23IUP7O,0.36089948177971004,0.06664597718985181,0.0,1.0,0.563622754491018,1,1,173,1753
AZQ9DYG38GVBR,0.36089948177971004,0.06664597718985181,0.0,1.0,0.563622754491018,1,1,173,1754
AKYDGCKCY7H9F,0.36089948177971004,0.06664597718985181,0.0,1.0,0.563622754491018,1,1,173,1755
A3RNIG506NCWWO,0.36089948177971004,0.06664597718985181,0.0,1.0,0.563622754491018,1,1,173,1756
A3RHCLAFMG8W8,0.36089948177971004,0.06664597718985181,0.0,1.0,0.563622754491018,1,1,173,1757
ALC8I6BZ0QDJE,0.36089948177971004,0.06664597718985181,0.0,1.0,0.563622754491018,1,1,173,1758
A29WUMT65XEQE9,0.36089948177971004,0.06664597718985181,0.0,1.0,0.563622754491018,1,1,173,1759
A13REZ5NPV6L,0.36089948177971004,0.06664597718985181,0.0,1.0,0.563622754491018,1,1,173,1760
AYLC085ZL5X5O,0.3597536900651401,0.0014156914304326825,0.10449391564970242,1.0,0.5328220148943386,4,0,257,1761
A2QIK74BPWV7NR,0.3594024757916861,0.06664597718985181,0.0,1.0,0.5576347305389222,1,11,157,1762
A3RKVIE9PUITW8,0.3594024757916861,0.06664597718985181,0.0,1.0,0.5576347305389222,1,11,157,1763
ABDAL1JFCZSH6,0.3594024757916861,0.06664597718985181,0.0,1.0,0.5576347305389222,1,11,157,1764
AFXN7YRQIBTP1,0.3594024757916861,0.06664597718985181,0.0,1.0,0.5576347305389222,1,11,157,1765
A1HSGHW38ZSYXN,0.3594024757916861,0.06664597718985181,0.0,1.0,0.5576347305389222,1,11,157,1766
A3B2DFMVEIT8TS,0.3594024757916861,0.06664597718985181,0.0,1.0,0.5576347305389222,1,11,157,1767
A3AXW3V7YBRKCE,0.3594024757916861,0.06664597718985181,0.0,1.0,0.5576347305389222,1,11,157,1768
AIU3NFC8VQG72,0.3594024757916861,0.06664597718985181,0.0,1.0,0.5576347305389222,1,11,157,1769
A25V0QNH29GCX4,0.3594024757916861,0.06664597718985181,0.0,1.0,0.5576347305389222,1,11,157,1770
A1S95WASXJ02VX,0.3594024757916861,0.06664597718985181,0.0,1.0,0.5576347305389222,1,11,157,1771
A264KSWO7ADT2W,0.3594024757916861,0.06664597718985181,0.0,1.0,0.5576347305389222,1,11,157,1772
A265ELQ8QCGJZ1,0.3594024757916861,0.06664597718985181,0.0,1.0,0.5576347305389222,1,11,157,1773
A1TRAEV7QWA5DX,0.3594024757916861,0.06664597718985181,0.0,1.0,0.5576347305389222,1,11,157,1774
A24WS0HVBX9D3L,0.3594024757916861,0.06664597718985181,0.0,1.0,0.5576347305389222,1,11,157,1775
A11LTGLPJ66GTN,0.3594024757916861,0.06664597718985181,0.0,1.0,0.5576347305389222,1,11,157,1776
A1RW48VM5K7UU,0.3594024757916861,0.06664597718985181,0.0,1.0,0.5576347305389222,1,11,157,1777
A1ZIPGAG8KMU66,0.3594024757916861,0.06664597718985181,0.0,1.0,0.5576347305389222,1,11,157,1778
A146K5OQPHQUMR,0.3594024757916861,0.06664597718985181,0.0,1.0,0.5576347305389222,1,11,157,1779
A2L44BPVGMB5FD,0.3594024757916861,0.06664597718985181,0.0,1.0,0.5576347305389222,1,11,157,1780
A2X8ORQE9W3GIH,0.3594024757916861,0.06664597718985181,0.0,1.0,0.5576347305389222,1,11,157,1781
A272JDNEVXGADX,0.3594024757916861,0.06664597718985181,0.0,1.0,0.5576347305389222,1,11,157,1782
AWA8NYOA1CPBS,0.3594024757916861,0.06664597718985181,0.0,1.0,0.5576347305389222,1,11,157,1783
A1MXXBKX2AWBR8,0.3594024757916861,0.06664597718985181,0.0,1.0,0.5576347305389222,1,11,157,1784
A1VASOVPUGUYEJ,0.3594024757916861,0.06664597718985181,0.0,1.0,0.5576347305389222,1,11,157,1785
A1AFW98PPLSRBB,0.3594024757916861,0.06664597718985181,0.0,1.0,0.5576347305389222,1,11,157,1786
A2T9W5ND8N17O0,0.3594024757916861,0.06664597718985181,0.0,1.0,0.5576347305389222,1,11,157,1787
A3TLYL0E41W6DQ,0.3594024757916861,0.06664597718985181,0.0,1.0,0.5576347305389222,1,11,157,1788
A1THVLECOV14YL,0.3594024757916861,0.06664597718985181,0.0,1.0,0.5576347305389222,1,11,157,1789
A3NPFLYZKA4N09,0.3594024757916861,0.06664597718985181,0.0,1.0,0.5576347305389222,1,11,157,1790
A3KK6PWQOBG9QV,0.3594024757916861,0.06664597718985181,0.0,1.0,0.5576347305389222,1,11,157,1791
A3E1IXJ949VL29,0.3594024757916861,0.06664597718985181,0.0,1.0,0.5576347305389222,1,11,157,1792
A1V5TRJXTI6F01,0.3594024757916861,0.06664597718985181,0.0,1.0,0.5576347305389222,1,11,157,1793
A2Y1YSXP0CR3JK,0.3594024757916861,0.06664597718985181,0.0,1.0,0.5576347305389222,1,11,157,1794
A1QX9VE4U6FQMM,0.3594024757916861,0.06664597718985181,0.0,1.0,0.5576347305389222,1,11,157,1795
AQC42OVV9FLWV,0.3594024757916861,0.06664597718985181,0.0,1.0,0.5576347305389222,1,11,157,1796
A2GR77INMKX9O4,0.3594024757916861,0.06664597718985181,0.0,1.0,0.5576347305389222,1,11,157,1797
A1YJ541O10BM5U,0.3594024757916861,0.06664597718985181,0.0,1.0,0.5576347305389222,1,11,157,1798
A2CDEOM9RZMI74,0.3594024757916861,0.06664597718985181,0.0,1.0,0.5576347305389222,1,11,157,1799
A38RMU1Y5TDP9,0.3594024757916861,0.06664597718985181,0.0,1.0,0.5576347305389222,1,11,157,1800
A31Z1N67RKI5A,0.3594024757916861,0.06664597718985181,0.0,1.0,0.5576347305389222,1,11,157,1801
A5BR77YAIE341,0.3594024757916861,0.06664597718985181,0.0,1.0,0.5576347305389222,1,11,157,1802
A2HOYLB0HXLLJJ,0.3594024757916861,0.06664597718985181,0.0,1.0,0.5576347305389222,1,11,157,1803
ATXGAWFZAYEKT,0.3594024757916861,0.06664597718985181,0.0,1.0,0.5576347305389222,1,11,157,1804
AF19ZLFXCX31S,0.3594024757916861,0.06664597718985181,0.0,1.0,0.5576347305389222,1,11,157,1805
A1GGD7MP7HKJAJ,0.3594024757916861,0.06664597718985181,0.0,1.0,0.5576347305389222,1,11,157,1806
A2S13NSRLNW59V,0.3594024757916861,0.06664597718985181,0.0,1.0,0.5576347305389222,1,11,157,1807
A38Z1QNI3H0JDB,0.3594024757916861,0.06664597718985181,0.0,1.0,0.5576347305389222,1,11,157,1808
A2YZ9XYWX9NQEW,0.3594024757916861,0.06664597718985181,0.0,1.0,0.5576347305389222,1,11,157,1809
A30UO2HV1289CO,0.3594024757916861,0.06664597718985181,0.0,1.0,0.5576347305389222,1,11,157,1810
ASBCVHHEO1QXB,0.3594024757916861,0.06664597718985181,0.0,1.0,0.5576347305389222,1,11,157,1811
A3S15YGZ6W6EV2,0.3594024757916861,0.06664597718985181,0.0,1.0,0.5576347305389222,1,11,157,1812
A22PNO62IYQ4WM,0.3594024757916861,0.06664597718985181,0.0,1.0,0.5576347305389222,1,11,157,1813
A3QNZW2WKPSDJG,0.3594024757916861,0.06664597718985181,0.0,1.0,0.5576347305389222,1,11,157,1814
A3QPQD77H49IFR,0.3594024757916861,0.06664597718985181,0.0,1.0,0.5576347305389222,1,11,157,1815
A1WNEVIRLVH12R,0.3594024757916861,0.06664597718985181,0.0,1.0,0.5576347305389222,1,11,157,1816
A3QY9MCAQ6CRFH,0.3594024757916861,0.06664597718985181,0.0,1.0,0.5576347305389222,1,11,157,1817
A2N1VI3PB6IXMP,0.3594024757916861,0.06664597718985181,0.0,1.0,0.5576347305389222,1,11,157,1818
A1SZJC7I20X82N,0.3594024757916861,0.06664597718985181,0.0,1.0,0.5576347305389222,1,11,157,1819
A19MJFMEE3035J,0.3594024757916861,0.06664597718985181,0.0,1.0,0.5576347305389222,1,11,157,1820
ALLIL7DUQXJ97,0.3594024757916861,0.06664597718985181,0.0,1.0,0.5576347305389222,1,11,157,1821
A2959OYCZX0D4Y,0.3594024757916861,0.06664597718985181,0.0,1.0,0.5576347305389222,1,11,157,1822
A3UC3YT2E65LZO,0.35934536759567354,0.00018680749699856157,0.0,1.0,0.6371573013862958,2,3,503,1823
A2XXCCT0TBVDIE,0.3592163189831967,0.00011986894968825169,0.9999999999999997,0.26436524818879814,0.22522923464212272,2,5,50,1824
ACRHIAZZ8WFDF,0.35896474702266035,0.13331781622572217,0.1172440428091153,1.0,0.3586335658106593,2,0,24,1825
A1SW7P73Z8BUUJ,0.35866664992329056,0.0007585127308740238,0.05030628232775243,1.0,0.5834501020883609,2,10,541,1826
A3WFZDDG0JPK5,0.35860778809342786,0.13331781622572217,0.18427084211231579,1.0,0.2901789307905292,2,0,17,1827
A22VA25WNAMON7,0.35856040992342264,0.06664597718985181,0.0,1.0,0.5542664670658682,1,1,148,1828
A2QV5G2WEWP15M,0.35856040992342264,0.06664597718985181,0.0,1.0,0.5542664670658682,1,1,148,1829
A10BH1JDT6SNGA,0.35856040992342264,0.06664597718985181,0.0,1.0,0.5542664670658682,1,1,148,1830
A72KEKIG7WATK,0.35856040992342264,0.06664597718985181,0.0,1.0,0.5542664670658682,1,1,148,1831
AP7IT6ZJMDVUA,0.35856040992342264,0.06664597718985181,0.0,1.0,0.5542664670658682,1,1,148,1832
A2IXAPF182DWBL,0.35856040992342264,0.06664597718985181,0.0,1.0,0.5542664670658682,1,1,148,1833
A1PGGWY26N3SP4,0.35856040992342264,0.06664597718985181,0.0,1.0,0.5542664670658682,1,1,148,1834
A30RMQZADGBG6V,0.35856040992342264,0.06664597718985181,0.0,1.0,0.5542664670658682,1,1,148,1835
AS730BK4JQF0V,0.35856040992342264,0.06664597718985181,0.0,1.0,0.5542664670658682,1,1,148,1836
A4U8NV8P13RH9,0.35856040992342264,0.06664597718985181,0.0,1.0,0.5542664670658682,1,1,148,1837
A3UL00RH3B9MMC,0.35856040992342264,0.06664597718985181,0.0,1.0,0.5542664670658682,1,1,148,1838
A1D8JPKIZ9SZYL,0.35856040992342264,0.06664597718985181,0.0,1.0,0.5542664670658682,1,1,148,1839
A2FGU9ML27G3Q2,0.35856040992342264,0.06664597718985181,0.0,1.0,0.5542664670658682,1,1,148,1840
A3TRSUX9JYKNCJ,0.35856040992342264,0.06664597718985181,0.0,1.0,0.5542664670658682,1,1,148,1841
A35B9KQC3483CR,0.35856040992342264,0.06664597718985181,0.0,1.0,0.5542664670658682,1,1,148,1842
A33H8NZQ7UVSC7,0.35856040992342264,0.06664597718985181,0.0,1.0,0.5542664670658682,1,1,148,1843
A1WLV9I6MMMDM5,0.35856040992342264,0.06664597718985181,0.0,1.0,0.5542664670658682,1,1,148,1844
AZI2LSICN77KW,0.35856040992342264,0.06664597718985181,0.0,1.0,0.5542664670658682,1,1,148,1845
A3APKVUOTQ20KQ,0.35856040992342264,0.06664597718985181,0.0,1.0,0.5542664670658682,1,1,148,1846
A2I3RZM3UC2Z3G,0.35856040992342264,0.06664597718985181,0.0,1.0,0.5542664670658682,1,1,148,1847
A439RDKQQIYR3,0.35856040992342264,0.06664597718985181,0.0,1.0,0.5542664670658682,1,1,148,1848
A33E61AGL43KTS,0.35856040992342264,0.06664597718985181,0.0,1.0,0.5542664670658682,1,1,148,1849
A2019UPX8SO317,0.35856040992342264,0.06664597718985181,0.0,1.0,0.5542664670658682,1,1,148,1850
A32V1A0ER6VKTX,0.35856040992342264,0.06664597718985181,0.0,1.0,0.5542664670658682,1,1,148,1851
A6H2C3IPC0J9Q,0.35856040992342264,0.06664597718985181,0.0,1.0,0.5542664670658682,1,1,148,1852
A2VZ43530IHTJU,0.35856040992342264,0.06664597718985181,0.0,1.0,0.5542664670658682,1,1,148,1853
A1S5QVS3YLY6FK,0.35856040992342264,0.06664597718985181,0.0,1.0,0.5542664670658682,1,1,148,1854
A22WODWOZKCO40,0.35856040992342264,0.06664597718985181,0.0,1.0,0.5542664670658682,1,1,148,1855
A141NV31GSC2CQ,0.35856040992342264,0.06664597718985181,0.0,1.0,0.5542664670658682,1,1,148,1856
A3OIGJHNDIU7OV,0.35856040992342264,0.06664597718985181,0.0,1.0,0.5542664670658682,1,1,148,1857
A26W5C2OC26ZXI,0.35856040992342264,0.06664597718985181,0.0,1.0,0.5542664670658682,1,1,148,1858
A3HNMDZLMAX9H9,0.35856040992342264,0.06664597718985181,0.0,1.0,0.5542664670658682,1,1,148,1859
A3P47HE94ZHGP7,0.35856040992342264,0.06664597718985181,0.0,1.0,0.5542664670658682,1,1,148,1860
A1F81UOEZWZ01A,0.35856040992342264,0.06664597718985181,0.0,1.0,0.5542664670658682,1,1,148,1861
A3S5AME3Q5SFDD,0.35856040992342264,0.06664597718985181,0.0,1.0,0.5542664670658682,1,1,148,1862
A3V1A3C9DTLPME,0.35856040992342264,0.06664597718985181,0.0,1.0,0.5542664670658682,1,1,148,1863
AE8LM3YURTAF4,0.35856040992342264,0.06664597718985181,0.0,1.0,0.5542664670658682,1,1,148,1864
AQBAN131RIXIZ,0.35856040992342264,0.06664597718985181,0.0,1.0,0.5542664670658682,1,1,148,1865
A32S5XUIJ6NEX0,0.35856040992342264,0.06664597718985181,0.0,1.0,0.5542664670658682,1,1,148,1866
A3T5U8741AEXWU,0.35856040992342264,0.06664597718985181,0.0,1.0,0.5542664670658682,1,1,148,1867
AAW7X3GRD8GY9,0.35856040992342264,0.06664597718985181,0.0,1.0,0.5542664670658682,1,1,148,1868
A3963R7EPE3A7E,0.35856040992342264,0.06664597718985181,0.0,1.0,0.5542664670658682,1,1,148,1869
A26UGCSD0QA6FC,0.35856040992342264,0.06664597718985181,0.0,1.0,0.5542664670658682,1,1,148,1870
A2AXDNZG8JIVAW,0.35856040992342264,0.06664597718985181,0.0,1.0,0.5542664670658682,1,1,148,1871
A171OFMZU7XP72,0.35856040992342264,0.06664597718985181,0.0,1.0,0.5542664670658682,1,1,148,1872
A1RUOPLRT1W7P7,0.35856040992342264,0.06664597718985181,0.0,1.0,0.5542664670658682,1,1,148,1873
A3M8D93CGFP9JU,0.35856040992342264,0.06664597718985181,0.0,1.0,0.5542664670658682,1,1,148,1874
AR6E0WAEOCUKI,0.35856040992342264,0.06664597718985181,0.0,1.0,0.5542664670658682,1,1,148,1875
AUX0AAT25O9O0,0.35856040992342264,0.06664597718985181,0.0,1.0,0.5542664670658682,1,1,148,1876
AEQKUNN8X67EN,0.35856040992342264,0.06664597718985181,0.0,1.0,0.5542664670658682,1,1,148,1877
A2N607UFKAA5MM,0.35856040992342264,0.06664597718985181,0.0,1.0,0.5542664670658682,1,1,148,1878
A21WV6SJFB21AM,0.35856040992342264,0.06664597718985181,0.0,1.0,0.5542664670658682,1,1,148,1879
A7958QGR5LEDZ,0.35856040992342264,0.06664597718985181,0.0,1.0,0.5542664670658682,1,1,148,1880
A3B6PCNC86UB86,0.35856040992342264,0.06664597718985181,0.0,1.0,0.5542664670658682,1,1,148,1881
A3SG4FNILRZH5S,0.35856040992342264,0.06664597718985181,0.0,1.0,0.5542664670658682,1,1,148,1882
AHE4RU04NVDHR,0.35856040992342264,0.06664597718985181,0.0,1.0,0.5542664670658682,1,1,148,1883
A1XP5DDWIHLH0Q,0.35856040992342264,0.06664597718985181,0.0,1.0,0.5542664670658682,1,1,148,1884
ALTD3G36MJTGO,0.35856040992342264,0.06664597718985181,0.0,1.0,0.5542664670658682,1,1,148,1885
AL6R8X23EGQNG,0.35856040992342264,0.06664597718985181,0.0,1.0,0.5542664670658682,1,1,148,1886
ABDX7H5LA2IB0,0.35856040992342264,0.06664597718985181,0.0,1.0,0.5542664670658682,1,1,148,1887
A3BOV3A8GZJ0AT,0.35856040992342264,0.06664597718985181,0.0,1.0,0.5542664670658682,1,1,148,1888
A3A2QISZ44247F,0.35856040992342264,0.06664597718985181,0.0,1.0,0.5542664670658682,1,1,148,1889
AKP9TEMA1T01X,0.35856040992342264,0.06664597718985181,0.0,1.0,0.5542664670658682,1,1,148,1890
AV4OIRMTG6QXC,0.35856040992342264,0.06664597718985181,0.0,1.0,0.5542664670658682,1,1,148,1891
A20CC4CZ7EL7D7,0.35856040992342264,0.06664597718985181,0.0,1.0,0.5542664670658682,1,1,148,1892
A22TJPZOUI9DE1,0.35856040992342264,0.06664597718985181,0.0,1.0,0.5542664670658682,1,1,148,1893
A1P8W0HATB9U86,0.35856040992342264,0.06664597718985181,0.0,1.0,0.5542664670658682,1,1,148,1894
A3HOU7C1FRGTXI,0.35856040992342264,0.06664597718985181,0.0,1.0,0.5542664670658682,1,1,148,1895
A2TAY3SZ3TF5EI,0.35856040992342264,0.06664597718985181,0.0,1.0,0.5542664670658682,1,1,148,1896
A38155DKJODLWZ,0.35856040992342264,0.06664597718985181,0.0,1.0,0.5542664670658682,1,1,148,1897
A3DVCKQY3WN6ZU,0.35856040992342264,0.06664597718985181,0.0,1.0,0.5542664670658682,1,1,148,1898
A1JTQ5TNBCTWPV,0.35856040992342264,0.06664597718985181,0.0,1.0,0.5542664670658682,1,1,148,1899
A2HSRVGCSNHW97,0.35856040992342264,0.06664597718985181,0.0,1.0,0.5542664670658682,1,1,148,1900
A27BPKU7ZJ3NOO,0.35856040992342264,0.06664597718985181,0.0,1.0,0.5542664670658682,1,1,148,1901
A2HYEGYQXWXCJX,0.35856040992342264,0.06664597718985181,0.0,1.0,0.5542664670658682,1,1,148,1902
A3V8P0O224OBDB,0.35856040992342264,0.06664597718985181,0.0,1.0,0.5542664670658682,1,1,148,1903
A2XD50D7HKTTZE,0.35856040992342264,0.06664597718985181,0.0,1.0,0.5542664670658682,1,1,148,1904
A8AIHHQ300K0Q,0.35856040992342264,0.06664597718985181,0.0,1.0,0.5542664670658682,1,1,148,1905
A3ERS94QZJJ9EP,0.35856040992342264,0.06664597718985181,0.0,1.0,0.5542664670658682,1,1,148,1906
A1FJU0BFGSBF3K,0.35856040992342264,0.06664597718985181,0.0,1.0,0.5542664670658682,1,1,148,1907
A3IGETH1M17L0W,0.35856040992342264,0.06664597718985181,0.0,1.0,0.5542664670658682,1,1,148,1908
A18E7XYFB86Q84,0.35856040992342264,0.06664597718985181,0.0,1.0,0.5542664670658682,1,1,148,1909
A1R3GN9MEJFXM3,0.35856040992342264,0.06664597718985181,0.0,1.0,0.5542664670658682,1,1,148,1910
A3SCHXMAJDLLUU,0.35856040992342264,0.06664597718985181,0.0,1.0,0.5542664670658682,1,1,148,1911
A1FZZV7MKUE0MK,0.35856040992342264,0.06664597718985181,0.0,1.0,0.5542664670658682,1,1,148,1912
A3SKD7PP6S0II4,0.35856040992342264,0.06664597718985181,0.0,1.0,0.5542664670658682,1,1,148,1913
A2YAXL6USA6MJO,0.35856040992342264,0.06664597718985181,0.0,1.0,0.5542664670658682,1,1,148,1914
AFW5OSWR85WRY,0.35856040992342264,0.06664597718985181,0.0,1.0,0.5542664670658682,1,1,148,1915
A140KFMVPOLASZ,0.35856040992342264,0.06664597718985181,0.0,1.0,0.5542664670658682,1,1,148,1916
A32B6XWNR55SRL,0.35856040992342264,0.06664597718985181,0.0,1.0,0.5542664670658682,1,1,148,1917
A327GK6XKAKQZG,0.35856040992342264,0.06664597718985181,0.0,1.0,0.5542664670658682,1,1,148,1918
A2865Q3GBNDKFV,0.35856040992342264,0.06664597718985181,0.0,1.0,0.5542664670658682,1,1,148,1919
A1BZ18U2EF4FAI,0.3578867852851429,0.16352773806708912,0.19321133556440837,1.0,0.24210251989565615,3,7,175,1920
AW003H7Z3OCHA,0.35761227794267836,0.0022342004941804266,0.222218003804614,1.0,0.40555006737308286,2,0,49,1921
A141E91QV31KER,0.3574160236780046,0.13331781622572217,0.6262307095075852,0.5,0.24345200573356648,2,2,81,1922
A3JSBSXZRB2BBJ,0.35734409255815314,0.06664597718985181,0.0,1.0,0.5494011976047904,1,15,135,1923
A3UQ66AYXFZ1SX,0.35734409255815314,0.06664597718985181,0.0,1.0,0.5494011976047904,1,15,135,1924
A3GQY0TFRG0MPZ,0.35734409255815314,0.06664597718985181,0.0,1.0,0.5494011976047904,1,15,135,1925
A747BB4QM2SWW,0.35734409255815314,0.06664597718985181,0.0,1.0,0.5494011976047904,1,15,135,1926
AG121PE84AFEY,0.35734409255815314,0.06664597718985181,0.0,1.0,0.5494011976047904,1,15,135,1927
A3AXR6XRTDTD3C,0.35734409255815314,0.06664597718985181,0.0,1.0,0.5494011976047904,1,15,135,1928
A2QI2JHSIQ3SN3,0.35734409255815314,0.06664597718985181,0.0,1.0,0.5494011976047904,1,15,135,1929
ATSVUBE2115N1,0.35734409255815314,0.06664597718985181,0.0,1.0,0.5494011976047904,1,15,135,1930
A2WLNSZ9U0T1S3,0.35734409255815314,0.06664597718985181,0.0,1.0,0.5494011976047904,1,15,135,1931
A3G8DSANVTLXW9,0.35734409255815314,0.06664597718985181,0.0,1.0,0.5494011976047904,1,15,135,1932
A2VF6TEWSJZ1WG,0.35734409255815314,0.06664597718985181,0.0,1.0,0.5494011976047904,1,15,135,1933
A3H2OM4DBR3P3T,0.35734409255815314,0.06664597718985181,0.0,1.0,0.5494011976047904,1,15,135,1934
AUXGETYE86593,0.35734409255815314,0.06664597718985181,0.0,1.0,0.5494011976047904,1,15,135,1935
A3FYSRXY46VSF1,0.35734409255815314,0.06664597718985181,0.0,1.0,0.5494011976047904,1,15,135,1936
A1A3XV6SL603AD,0.35734409255815314,0.06664597718985181,0.0,1.0,0.5494011976047904,1,15,135,1937
A1OU7JI6NKAYOF,0.35734409255815314,0.06664597718985181,0.0,1.0,0.5494011976047904,1,15,135,1938
A30HY6CENWVVTA,0.35734409255815314,0.06664597718985181,0.0,1.0,0.5494011976047904,1,15,135,1939
AG4V480QF85GJ,0.35734409255815314,0.06664597718985181,0.0,1.0,0.5494011976047904,1,15,135,1940
A506HOOCVL8GW,0.35734409255815314,0.06664597718985181,0.0,1.0,0.5494011976047904,1,15,135,1941
A3BS6QRUYSUYGI,0.35734409255815314,0.06664597718985181,0.0,1.0,0.5494011976047904,1,15,135,1942
A14Q1WGNF9DM3A,0.35734409255815314,0.06664597718985181,0.0,1.0,0.5494011976047904,1,15,135,1943
A93EEI4KTK5ZG,0.35734409255815314,0.06664597718985181,0.0,1.0,0.5494011976047904,1,15,135,1944
A21GJHZCME5BS,0.35734409255815314,0.06664597718985181,0.0,1.0,0.5494011976047904,1,15,135,1945
A3VCOKMQOCUNGX,0.35734409255815314,0.06664597718985181,0.0,1.0,0.5494011976047904,1,15,135,1946
AFQSKOVBYW62L,0.35734409255815314,0.06664597718985181,0.0,1.0,0.5494011976047904,1,15,135,1947
A1N2YDAHTH2U5R,0.35734409255815314,0.06664597718985181,0.0,1.0,0.5494011976047904,1,15,135,1948
ATKFSP54JDDEO,0.35734409255815314,0.06664597718985181,0.0,1.0,0.5494011976047904,1,15,135,1949
A32MZZ6LEZCGRL,0.35734409255815314,0.06664597718985181,0.0,1.0,0.5494011976047904,1,15,135,1950
A2OFPV99TN5FA9,0.35734409255815314,0.06664597718985181,0.0,1.0,0.5494011976047904,1,15,135,1951
A2Z9H86XRXBVEI,0.35734409255815314,0.06664597718985181,0.0,1.0,0.5494011976047904,1,15,135,1952
A3KA0Z3X5RB1YK,0.35734409255815314,0.06664597718985181,0.0,1.0,0.5494011976047904,1,15,135,1953
A10MB3X3QKRDI0,0.35734409255815314,0.06664597718985181,0.0,1.0,0.5494011976047904,1,15,135,1954
A36ETJ4I1FEG6J,0.35734409255815314,0.06664597718985181,0.0,1.0,0.5494011976047904,1,15,135,1955
A2TOLOXNDL6SKR,0.35734409255815314,0.06664597718985181,0.0,1.0,0.5494011976047904,1,15,135,1956
A3SXRG9TFJ41ZF,0.35734409255815314,0.06664597718985181,0.0,1.0,0.5494011976047904,1,15,135,1957
A2XJ3J0UDEANER,0.35734409255815314,0.06664597718985181,0.0,1.0,0.5494011976047904,1,15,135,1958
A28ESPSP0O6LUM,0.35734409255815314,0.06664597718985181,0.0,1.0,0.5494011976047904,1,15,135,1959
A2UCOSEHTW6I0H,0.35734409255815314,0.06664597718985181,0.0,1.0,0.5494011976047904,1,15,135,1960
A145GBOUVLGECJ,0.35734409255815314,0.06664597718985181,0.0,1.0,0.5494011976047904,1,15,135,1961
A54SG05AV6S4H,0.35734409255815314,0.06664597718985181,0.0,1.0,0.5494011976047904,1,15,135,1962
A39HB69V29EDTX,0.35734409255815314,0.06664597718985181,0.0,1.0,0.5494011976047904,1,15,135,1963
ASSOOHA7T12OA,0.35734409255815314,0.06664597718985181,0.0,1.0,0.5494011976047904,1,15,135,1964
A14BXZ2BXGLTXN,0.35734409255815314,0.06664597718985181,0.0,1.0,0.5494011976047904,1,15,135,1965
APVCKYQTCK78F,0.35734409255815314,0.06664597718985181,0.0,1.0,0.5494011976047904,1,15,135,1966
A215SE0FJ3R2GI,0.35734409255815314,0.06664597718985181,0.0,1.0,0.5494011976047904,1,15,135,1967
A2UCGQ82BQW5B8,0.35734409255815314,0.06664597718985181,0.0,1.0,0.5494011976047904,1,15,135,1968
A32RDPAKVCVXTA,0.35734409255815314,0.06664597718985181,0.0,1.0,0.5494011976047904,1,15,135,1969
A3T5H53KJY7ZG,0.35734409255815314,0.06664597718985181,0.0,1.0,0.5494011976047904,1,15,135,1970
A2UBM2Y060XR7R,0.35734409255815314,0.06664597718985181,0.0,1.0,0.5494011976047904,1,15,135,1971
A1WFTIOEH30UJY,0.35734409255815314,0.06664597718985181,0.0,1.0,0.5494011976047904,1,15,135,1972
A3CJC7K4QZBYW5,0.35734409255815314,0.06664597718985181,0.0,1.0,0.5494011976047904,1,15,135,1973
A2P3V1BG6FMUS5,0.35734409255815314,0.06664597718985181,0.0,1.0,0.5494011976047904,1,15,135,1974
A220WCFHHMV2X4,0.35734409255815314,0.06664597718985181,0.0,1.0,0.5494011976047904,1,15,135,1975
AQOQUWM58SGFR,0.35734409255815314,0.06664597718985181,0.0,1.0,0.5494011976047904,1,15,135,1976
AXABTEYS7A4A8,0.35734409255815314,0.06664597718985181,0.0,1.0,0.5494011976047904,1,15,135,1977
A1980UDWGL6J3N,0.35734409255815314,0.06664597718985181,0.0,1.0,0.5494011976047904,1,15,135,1978
A3PKHLXWYK19HD,0.35734409255815314,0.06664597718985181,0.0,1.0,0.5494011976047904,1,15,135,1979
A3SHDDL7T2HDC9,0.35734409255815314,0.06664597718985181,0.0,1.0,0.5494011976047904,1,15,135,1980
A1VICFJYF0NK83,0.35734409255815314,0.06664597718985181,0.0,1.0,0.5494011976047904,1,15,135,1981
A23Y94TEJPW8YP,0.35734409255815314,0.06664597718985181,0.0,1.0,0.5494011976047904,1,15,135,1982
A2KWQ3YQ5C3SPD,0.35734409255815314,0.06664597718985181,0.0,1.0,0.5494011976047904,1,15,135,1983
A1JY2V24BF8HED,0.35734409255815314,0.06664597718985181,0.0,1.0,0.5494011976047904,1,15,135,1984
AHFEONGV7UFPX,0.35734409255815314,0.06664597718985181,0.0,1.0,0.5494011976047904,1,15,135,1985
A15SF8FPL1RF63,0.35734409255815314,0.06664597718985181,0.0,1.0,0.5494011976047904,1,15,135,1986
A3KZTJ41GBCDDA,0.35734409255815314,0.06664597718985181,0.0,1.0,0.5494011976047904,1,15,135,1987
A17YPTSJ9UFDJ5,0.35734409255815314,0.06664597718985181,0.0,1.0,0.5494011976047904,1,15,135,1988
A2GZKGGQ6U0YL0,0.35734409255815314,0.06664597718985181,0.0,1.0,0.5494011976047904,1,15,135,1989
A2CCHCGJY0IR9F,0.35734409255815314,0.06664597718985181,0.0,1.0,0.5494011976047904,1,15,135,1990
AFVCZOXM4JV5W,0.35734409255815314,0.06664597718985181,0.0,1.0,0.5494011976047904,1,15,135,1991
A2ZD33OULX0OG,0.35734409255815314,0.06664597718985181,0.0,1.0,0.5494011976047904,1,15,135,1992
A2A973NYYQYPQS,0.35734409255815314,0.06664597718985181,0.0,1.0,0.5494011976047904,1,15,135,1993
A39WALMR3G46FU,0.35734409255815314,0.06664597718985181,0.0,1.0,0.5494011976047904,1,15,135,1994
AA66O1V57XZX7,0.35734409255815314,0.06664597718985181,0.0,1.0,0.5494011976047904,1,15,135,1995
A1169WM71ZTLXR,0.35734409255815314,0.06664597718985181,0.0,1.0,0.5494011976047904,1,15,135,1996
A1HK6XKQEQDKXK,0.35734409255815314,0.06664597718985181,0.0,1.0,0.5494011976047904,1,15,135,1997
A2T3S3VTW65VO5,0.35734409255815314,0.06664597718985181,0.0,1.0,0.5494011976047904,1,15,135,1998
A1FW6JOS06AD1X,0.35734409255815314,0.06664597718985181,0.0,1.0,0.5494011976047904,1,15,135,1999
A1L5YXWSMMIV54,0.35734409255815314,0.06664597718985181,0.0,1.0,0.5494011976047904,1,15,135,2000
A1P9N5P77WPZPL,0.35734409255815314,0.06664597718985181,0.0,1.0,0.5494011976047904,1,15,135,2001
A22P177ZFTOVMC,0.35734409255815314,0.06664597718985181,0.0,1.0,0.5494011976047904,1,15,135,2002
A2VU7N0CHQ6YFJ,0.35734409255815314,0.06664597718985181,0.0,1.0,0.5494011976047904,1,15,135,2003
AIKMJBX0P9Z9D,0.35734409255815314,0.06664597718985181,0.0,1.0,0.5494011976047904,1,15,135,2004
A1XHKQ5R31843B,0.35734409255815314,0.06664597718985181,0.0,1.0,0.5494011976047904,1,15,135,2005
A1HS11O0GNTDEW,0.35734409255815314,0.06664597718985181,0.0,1.0,0.5494011976047904,1,15,135,2006
A32WCCXGTR5UFX,0.35726051544360415,0.0016409341298781906,0.11322813555093465,1.0,0.5138448052676281,2,3,657,2007
A3237FOR4LVBZO,0.35685612111403375,0.0015615628929307257,0.05128307349535938,1.0,0.5742675354892587,2,5,437,2008
A1T39H43F02PHO,0.35668915243839266,0.06664597718985181,0.0,1.0,0.5467814371257484,1,5,128,2009
A1SXU695DSX72,0.35668915243839266,0.06664597718985181,0.0,1.0,0.5467814371257484,1,5,128,2010
A2N63B3300IC70,0.35668915243839266,0.06664597718985181,0.0,1.0,0.5467814371257484,1,5,128,2011
AYKQ204JQF419,0.35668915243839266,0.06664597718985181,0.0,1.0,0.5467814371257484,1,5,128,2012
A22RW51298Z15M,0.35668915243839266,0.06664597718985181,0.0,1.0,0.5467814371257484,1,5,128,2013
A12BD1BM69K25L,0.35668915243839266,0.06664597718985181,0.0,1.0,0.5467814371257484,1,5,128,2014
A1JAREBNI5AWYP,0.35668915243839266,0.06664597718985181,0.0,1.0,0.5467814371257484,1,5,128,2015
A9II2162E3NEN,0.35668915243839266,0.06664597718985181,0.0,1.0,0.5467814371257484,1,5,128,2016
A28YUFBI33QZ28,0.35668915243839266,0.06664597718985181,0.0,1.0,0.5467814371257484,1,5,128,2017
A1Y448U695FUVR,0.35668915243839266,0.06664597718985181,0.0,1.0,0.5467814371257484,1,5,128,2018
A3PYUA40IF43IX,0.35668915243839266,0.06664597718985181,0.0,1.0,0.5467814371257484,1,5,128,2019
A113KNP2LMBXMI,0.35668915243839266,0.06664597718985181,0.0,1.0,0.5467814371257484,1,5,128,2020
AX3VPBCU8F4RF,0.35668915243839266,0.06664597718985181,0.0,1.0,0.5467814371257484,1,5,128,2021
A94GCTI3VMYKY,0.35668915243839266,0.06664597718985181,0.0,1.0,0.5467814371257484,1,5,128,2022
A2BW2AE4FVJ0SL,0.35668915243839266,0.06664597718985181,0.0,1.0,0.5467814371257484,1,5,128,2023
AR0UOJ48VGQMA,0.35668915243839266,0.06664597718985181,0.0,1.0,0.5467814371257484,1,5,128,2024
A3A2Z3KKF6GEH,0.35668915243839266,0.06664597718985181,0.0,1.0,0.5467814371257484,1,5,128,2025
A24EAAKE63MTM0,0.35668915243839266,0.06664597718985181,0.0,1.0,0.5467814371257484,1,5,128,2026
A2CTXDLXKOHCEH,0.35668915243839266,0.06664597718985181,0.0,1.0,0.5467814371257484,1,5,128,2027
ANJFSFOYEOUXL,0.35668915243839266,0.06664597718985181,0.0,1.0,0.5467814371257484,1,5,128,2028
ADR6SKFTGZAYX,0.35668915243839266,0.06664597718985181,0.0,1.0,0.5467814371257484,1,5,128,2029
A17YINFAHQJ7GA,0.35668915243839266,0.06664597718985181,0.0,1.0,0.5467814371257484,1,5,128,2030
A176P2BEE2LF22,0.35668915243839266,0.06664597718985181,0.0,1.0,0.5467814371257484,1,5,128,2031
A1J4HV7EVBZZTC,0.35668915243839266,0.06664597718985181,0.0,1.0,0.5467814371257484,1,5,128,2032
A2K0R61CIS5RCH,0.35668915243839266,0.06664597718985181,0.0,1.0,0.5467814371257484,1,5,128,2033
A18XNFAMBG11VB,0.35668915243839266,0.06664597718985181,0.0,1.0,0.5467814371257484,1,5,128,2034
A27ZSW3DO2RR5W,0.35668915243839266,0.06664597718985181,0.0,1.0,0.5467814371257484,1,5,128,2035
A1W33FQTKYHWM,0.35668915243839266,0.06664597718985181,0.0,1.0,0.5467814371257484,1,5,128,2036
A2PEUFPOYLY3U7,0.35668915243839266,0.06664597718985181,0.0,1.0,0.5467814371257484,1,5,128,2037
A8IXRVW6N6THX,0.35668915243839266,0.06664597718985181,0.0,1.0,0.5467814371257484,1,5,128,2038
AWELDY8FAE20O,0.35668915243839266,0.06664597718985181,0.0,1.0,0.5467814371257484,1,5,128,2039
A94EFB6F2WH98,0.35668915243839266,0.06664597718985181,0.0,1.0,0.5467814371257484,1,5,128,2040
A2JXWCXXRMY863,0.35668915243839266,0.06664597718985181,0.0,1.0,0.5467814371257484,1,5,128,2041
A2DDKCHI03OBE,0.35668915243839266,0.06664597718985181,0.0,1.0,0.5467814371257484,1,5,128,2042
A1FJSCNYLU4126,0.35668915243839266,0.06664597718985181,0.0,1.0,0.5467814371257484,1,5,128,2043
A1UDQ2FIUN3JUT,0.35668915243839266,0.06664597718985181,0.0,1.0,0.5467814371257484,1,5,128,2044
A8JFL6FA9A32P,0.35668915243839266,0.06664597718985181,0.0,1.0,0.5467814371257484,1,5,128,2045
A15XI2BEGGFEOW,0.35668915243839266,0.06664597718985181,0.0,1.0,0.5467814371257484,1,5,128,2046
A3C88ZDIZALRMN,0.35668915243839266,0.06664597718985181,0.0,1.0,0.5467814371257484,1,5,128,2047
AFEK14A7MNGTV,0.35668915243839266,0.06664597718985181,0.0,1.0,0.5467814371257484,1,5,128,2048
A1ZFST7RH39RT7,0.35668915243839266,0.06664597718985181,0.0,1.0,0.5467814371257484,1,5,128,2049
AO8Q98Z14CRAZ,0.35668915243839266,0.06664597718985181,0.0,1.0,0.5467814371257484,1,5,128,2050
A3LIHB4OPMZ8LS,0.35668915243839266,0.06664597718985181,0.0,1.0,0.5467814371257484,1,5,128,2051
A3LAQSWV1VNONO,0.35668915243839266,0.06664597718985181,0.0,1.0,0.5467814371257484,1,5,128,2052
A2FY4A86W9E31S,0.35668915243839266,0.06664597718985181,0.0,1.0,0.5467814371257484,1,5,128,2053
A3HFBXHGNT5IF8,0.35668915243839266,0.06664597718985181,0.0,1.0,0.5467814371257484,1,5,128,2054
A1RWHQCLGP7MJJ,0.35668915243839266,0.06664597718985181,0.0,1.0,0.5467814371257484,1,5,128,2055
AW08US1RAYI0B,0.35668915243839266,0.06664597718985181,0.0,1.0,0.5467814371257484,1,5,128,2056
A2TWZPSSY63TGK,0.35668915243839266,0.06664597718985181,0.0,1.0,0.5467814371257484,1,5,128,2057
A1REC5AYMCAXBA,0.35668915243839266,0.06664597718985181,0.0,1.0,0.5467814371257484,1,5,128,2058
A16Q11SK6172U4,0.35668915243839266,0.06664597718985181,0.0,1.0,0.5467814371257484,1,5,128,2059
A3C60TAOFVQB45,0.35668915243839266,0.06664597718985181,0.0,1.0,0.5467814371257484,1,5,128,2060
A3C1BQLPUTYFB4,0.35668915243839266,0.06664597718985181,0.0,1.0,0.5467814371257484,1,5,128,2061
A3S49EUX9DRT0J,0.35668915243839266,0.06664597718985181,0.0,1.0,0.5467814371257484,1,5,128,2062
A1WJBJUQ24G8BU,0.35668915243839266,0.06664597718985181,0.0,1.0,0.5467814371257484,1,5,128,2063
A3IPDVVMGHDE5K,0.35668915243839266,0.06664597718985181,0.0,1.0,0.5467814371257484,1,5,128,2064
A22W4064FH1VHE,0.35668915243839266,0.06664597718985181,0.0,1.0,0.5467814371257484,1,5,128,2065
A236XRE6MLXPKY,0.35668915243839266,0.06664597718985181,0.0,1.0,0.5467814371257484,1,5,128,2066
AI78BR0UXFPW1,0.35668915243839266,0.06664597718985181,0.0,1.0,0.5467814371257484,1,5,128,2067
APNL8G7JMIY19,0.35668915243839266,0.06664597718985181,0.0,1.0,0.5467814371257484,1,5,128,2068
A1M2C49S4GG5CA,0.35668915243839266,0.06664597718985181,0.0,1.0,0.5467814371257484,1,5,128,2069
A263ACJCNTURTL,0.35668915243839266,0.06664597718985181,0.0,1.0,0.5467814371257484,1,5,128,2070
A200C5ZDWEKTRA,0.35668915243839266,0.06664597718985181,0.0,1.0,0.5467814371257484,1,5,128,2071
A2UK5HQS62ESQP,0.35668915243839266,0.06664597718985181,0.0,1.0,0.5467814371257484,1,5,128,2072
ATSW2ZBGB9E9G,0.35668915243839266,0.06664597718985181,0.0,1.0,0.5467814371257484,1,5,128,2073
A334SPS816A2GG,0.35668915243839266,0.06664597718985181,0.0,1.0,0.5467814371257484,1,5,128,2074
A3MT7MPZ20QW4T,0.35668915243839266,0.06664597718985181,0.0,1.0,0.5467814371257484,1,5,128,2075
A16LG9GOHGELD1,0.35668915243839266,0.06664597718985181,0.0,1.0,0.5467814371257484,1,5,128,2076
A3O08GNFMHVJHD,0.35668915243839266,0.06664597718985181,0.0,1.0,0.5467814371257484,1,5,128,2077
A2ENBKGI9TI7DX,0.35668915243839266,0.06664597718985181,0.0,1.0,0.5467814371257484,1,5,128,2078
A1EZ520KVSUVST,0.35668915243839266,0.06664597718985181,0.0,1.0,0.5467814371257484,1,5,128,2079
A34F15TPWKCU50,0.35668915243839266,0.06664597718985181,0.0,1.0,0.5467814371257484,1,5,128,2080
A251DNCRYU6LQX,0.35668915243839266,0.06664597718985181,0.0,1.0,0.5467814371257484,1,5,128,2081
A41R4FYVV8YCO,0.35668915243839266,0.06664597718985181,0.0,1.0,0.5467814371257484,1,5,128,2082
A1WILC2XNV5R04,0.35668915243839266,0.06664597718985181,0.0,1.0,0.5467814371257484,1,5,128,2083
A2RM5ZSZJQL7WY,0.35668915243839266,0.06664597718985181,0.0,1.0,0.5467814371257484,1,5,128,2084
A2Q230N02UCO8O,0.35668915243839266,0.06664597718985181,0.0,1.0,0.5467814371257484,1,5,128,2085
A13QUJ8535XWSP,0.35668915243839266,0.06664597718985181,0.0,1.0,0.5467814371257484,1,5,128,2086
A1HUDHDSLZ8PFS,0.35668915243839266,0.06664597718985181,0.0,1.0,0.5467814371257484,1,5,128,2087
AZNH6NRP6PVYR,0.35668915243839266,0.06664597718985181,0.0,1.0,0.5467814371257484,1,5,128,2088
A29Z8U6PQ4231Z,0.35668915243839266,0.06664597718985181,0.0,1.0,0.5467814371257484,1,5,128,2089
AJQDIT55SZ3ZX,0.35626221971963623,0.00026655850062998546,0.22007480443034827,1.0,0.4046542042474407,2,5,150,2090
A3AG0DHBLDYVPZ,0.3559927586217002,0.0031489876318800208,0.10634744406091681,1.0,0.5138448052676281,2,3,657,2091
A2MY9VXHZYAHUZ,0.3558130007207437,3.7334209939602166e-05,0.033853029495311104,1.0,0.5893541723357361,2,0,536,2092
A1J0GICFWG7G5A,0.3553961004256265,0.13331781622572217,0.14609892535303876,1.0,0.3155040968786007,2,0,103,2093
AAXG160ES9P7G,0.35539152374326655,0.00021955596638340802,0.4783432453853457,1.0,0.14295938242806044,3,0,19,2094
A3F5JV08JUY06C,0.35523730586393915,0.16496724368263632,0.1094563306176029,1.0,0.31353220041898994,3,0,86,2095
A2A1CFL4A83Q20,0.35481789495336274,0.06664597718985181,0.0,1.0,0.5392964071856288,1,7,108,2096
A341HCMGNZCBIT,0.35481789495336274,0.06664597718985181,0.0,1.0,0.5392964071856288,1,7,108,2097
A19CV4KEXXAA1N,0.35481789495336274,0.06664597718985181,0.0,1.0,0.5392964071856288,1,7,108,2098
A2RFNIOYR9YO69,0.35481789495336274,0.06664597718985181,0.0,1.0,0.5392964071856288,1,7,108,2099
A712TJ5820FAY,0.35481789495336274,0.06664597718985181,0.0,1.0,0.5392964071856288,1,7,108,2100
AMI7NR2C7DO10,0.35481789495336274,0.06664597718985181,0.0,1.0,0.5392964071856288,1,7,108,2101
AQMUXDDCLJSSV,0.35481789495336274,0.06664597718985181,0.0,1.0,0.5392964071856288,1,7,108,2102
A1LZ2BZTMFPGI2,0.35481789495336274,0.06664597718985181,0.0,1.0,0.5392964071856288,1,7,108,2103
A3KFIMCP87VH4U,0.35481789495336274,0.06664597718985181,0.0,1.0,0.5392964071856288,1,7,108,2104
A146H9ZF0SNKLW,0.35481789495336274,0.06664597718985181,0.0,1.0,0.5392964071856288,1,7,108,2105
ADP8ROI8NMNL2,0.35481789495336274,0.06664597718985181,0.0,1.0,0.5392964071856288,1,7,108,2106
A2JPY5OA6FSW0T,0.35481789495336274,0.06664597718985181,0.0,1.0,0.5392964071856288,1,7,108,2107
A3QMCI8K2A99E4,0.35481789495336274,0.06664597718985181,0.0,1.0,0.5392964071856288,1,7,108,2108
ANR0DW93W06R5,0.35481789495336274,0.06664597718985181,0.0,1.0,0.5392964071856288,1,7,108,2109
A3VI7503NDDODN,0.35481789495336274,0.06664597718985181,0.0,1.0,0.5392964071856288,1,7,108,2110
A3INI5Z5O4TIXX,0.35481789495336274,0.06664597718985181,0.0,1.0,0.5392964071856288,1,7,108,2111
A3FRF7VQOR28S0,0.35481789495336274,0.06664597718985181,0.0,1.0,0.5392964071856288,1,7,108,2112
A2ZR3YTMEEIIZ4,0.35481789495336274,0.06664597718985181,0.0,1.0,0.5392964071856288,1,7,108,2113
A1GHZFYE83R2GA,0.35481789495336274,0.06664597718985181,0.0,1.0,0.5392964071856288,1,7,108,2114
AA2SVPVU0LQTK,0.35481789495336274,0.06664597718985181,0.0,1.0,0.5392964071856288,1,7,108,2115
A2VB2Q9DVM2K39,0.35481789495336274,0.06664597718985181,0.0,1.0,0.5392964071856288,1,7,108,2116
A23K0A6DL5HQQ3,0.35481789495336274,0.06664597718985181,0.0,1.0,0.5392964071856288,1,7,108,2117
A2TEAQ7XD3B11B,0.35481789495336274,0.06664597718985181,0.0,1.0,0.5392964071856288,1,7,108,2118
A1I68HGX9VG1PY,0.35481789495336274,0.06664597718985181,0.0,1.0,0.5392964071856288,1,7,108,2119
A2WFBRX9R0D84U,0.35481789495336274,0.06664597718985181,0.0,1.0,0.5392964071856288,1,7,108,2120
A2MBKEPPUSAVUS,0.35481789495336274,0.06664597718985181,0.0,1.0,0.5392964071856288,1,7,108,2121
ATEUCBITZJ5XO,0.35481789495336274,0.06664597718985181,0.0,1.0,0.5392964071856288,1,7,108,2122
A16723ZETJAWIS,0.35481789495336274,0.06664597718985181,0.0,1.0,0.5392964071856288,1,7,108,2123
A2N2C8O2RYL3M3,0.35481789495336274,0.06664597718985181,0.0,1.0,0.5392964071856288,1,7,108,2124
A160H0YEDV1DA0,0.35481789495336274,0.06664597718985181,0.0,1.0,0.5392964071856288,1,7,108,2125
A2VAUN3R0OV1MB,0.35481789495336274,0.06664597718985181,0.0,1.0,0.5392964071856288,1,7,108,2126
A2NMY5UF624JGE,0.35481789495336274,0.06664597718985181,0.0,1.0,0.5392964071856288,1,7,108,2127
A2VDVWA2TYAS4J,0.35481789495336274,0.06664597718985181,0.0,1.0,0.5392964071856288,1,7,108,2128
A248QWX79TFHAT,0.35481789495336274,0.06664597718985181,0.0,1.0,0.5392964071856288,1,7,108,2129
A29HDY49CQDCWG,0.35481789495336274,0.06664597718985181,0.0,1.0,0.5392964071856288,1,7,108,2130
A2GP6XJ1V3MM3L,0.35481789495336274,0.06664597718985181,0.0,1.0,0.5392964071856288,1,7,108,2131
AFNYEP9UND180,0.35481789495336274,0.06664597718985181,0.0,1.0,0.5392964071856288,1,7,108,2132
AFM9LKET50RZ4,0.35481789495336274,0.06664597718985181,0.0,1.0,0.5392964071856288,1,7,108,2133
A2FPGZXBPCLMMM,0.35481789495336274,0.06664597718985181,0.0,1.0,0.5392964071856288,1,7,108,2134
A1JAQM73RYX8WQ,0.35481789495336274,0.06664597718985181,0.0,1.0,0.5392964071856288,1,7,108,2135
A6O19PVPF8YDM,0.35481789495336274,0.06664597718985181,0.0,1.0,0.5392964071856288,1,7,108,2136
A23EN1JWF1RQ1N,0.35481789495336274,0.06664597718985181,0.0,1.0,0.5392964071856288,1,7,108,2137
A1B6M00USHUR6O,0.35481789495336274,0.06664597718985181,0.0,1.0,0.5392964071856288,1,7,108,2138
A23UZA419K52A9,0.35481789495336274,0.06664597718985181,0.0,1.0,0.5392964071856288,1,7,108,2139
A22CW0ZHY3NJH8,0.35472433207911125,0.06664597718985181,0.0,1.0,0.5389221556886228,1,9,107,2140
A2ZNMPZMLRRC8R,0.35472433207911125,0.06664597718985181,0.0,1.0,0.5389221556886228,1,9,107,2141
A3J3MXHLT5EPA9,0.35472433207911125,0.06664597718985181,0.0,1.0,0.5389221556886228,1,9,107,2142
ARBV8U9I8C1BK,0.35472433207911125,0.06664597718985181,0.0,1.0,0.5389221556886228,1,9,107,2143
A22KD7ATICQIPK,0.35472433207911125,0.06664597718985181,0.0,1.0,0.5389221556886228,1,14,107,2144
A3AIL332D1GIX5,0.35472433207911125,0.06664597718985181,0.0,1.0,0.5389221556886228,1,9,107,2145
A3A3LNDYHH53L0,0.35472433207911125,0.06664597718985181,0.0,1.0,0.5389221556886228,1,14,107,2146
A1OO9N1MRNQ7K0,0.35472433207911125,0.06664597718985181,0.0,1.0,0.5389221556886228,1,14,107,2147
A1X244QTQDFT49,0.35472433207911125,0.06664597718985181,0.0,1.0,0.5389221556886228,1,9,107,2148
AKFXN2QUBIKZA,0.35472433207911125,0.06664597718985181,0.0,1.0,0.5389221556886228,1,9,107,2149
A1XTVZ9Y9Y6GRU,0.35472433207911125,0.06664597718985181,0.0,1.0,0.5389221556886228,1,14,107,2150
A2Q4DC1N1DH67C,0.35472433207911125,0.06664597718985181,0.0,1.0,0.5389221556886228,1,9,107,2151
AM2PAP6COUV5J,0.35472433207911125,0.06664597718985181,0.0,1.0,0.5389221556886228,1,9,107,2152
A17BH0ZOXHDFJJ,0.35472433207911125,0.06664597718985181,0.0,1.0,0.5389221556886228,1,9,107,2153
AMF75VWP2SV6M,0.35472433207911125,0.06664597718985181,0.0,1.0,0.5389221556886228,1,14,107,2154
A2PATWWZAXHQYA,0.35472433207911125,0.06664597718985181,0.0,1.0,0.5389221556886228,1,9,107,2155
A1MC4013WKDABW,0.35472433207911125,0.06664597718985181,0.0,1.0,0.5389221556886228,1,14,107,2156
AWWBWAEQ8UUO0,0.35472433207911125,0.06664597718985181,0.0,1.0,0.5389221556886228,1,14,107,2157
A2JL1GIC0JAFW9,0.35472433207911125,0.06664597718985181,0.0,1.0,0.5389221556886228,1,9,107,2158
A3VZ99CCMUESSY,0.35472433207911125,0.06664597718985181,0.0,1.0,0.5389221556886228,1,9,107,2159
A1FAJINGM36NHC,0.35472433207911125,0.06664597718985181,0.0,1.0,0.5389221556886228,1,9,107,2160
A42FNTM7Q2FE0,0.35472433207911125,0.06664597718985181,0.0,1.0,0.5389221556886228,1,14,107,2161
AR2D9G4V4GGUF,0.35472433207911125,0.06664597718985181,0.0,1.0,0.5389221556886228,1,14,107,2162
A2KJXBI3V1MZNM,0.35472433207911125,0.06664597718985181,0.0,1.0,0.5389221556886228,1,9,107,2163
A31HVP4R32FSVZ,0.35472433207911125,0.06664597718985181,0.0,1.0,0.5389221556886228,1,9,107,2164
A1VUA80DLZGWIP,0.35472433207911125,0.06664597718985181,0.0,1.0,0.5389221556886228,1,9,107,2165
A1VSJ1YD40Y7PG,0.35472433207911125,0.06664597718985181,0.0,1.0,0.5389221556886228,1,14,107,2166
A4ZGPH50QWA1F,0.35472433207911125,0.06664597718985181,0.0,1.0,0.5389221556886228,1,9,107,2167
A3J30FS0PGTYWU,0.35472433207911125,0.06664597718985181,0.0,1.0,0.5389221556886228,1,14,107,2168
A1R3T01MVZU6Z5,0.35472433207911125,0.06664597718985181,0.0,1.0,0.5389221556886228,1,9,107,2169
AXAJXJZUL2J5P,0.35472433207911125,0.06664597718985181,0.0,1.0,0.5389221556886228,1,9,107,2170
A3FQZZNEHL02WO,0.35472433207911125,0.06664597718985181,0.0,1.0,0.5389221556886228,1,14,107,2171
A3PXZ8TOQNGLA,0.35472433207911125,0.06664597718985181,0.0,1.0,0.5389221556886228,1,14,107,2172
A2RRT5Z4D43CZV,0.35472433207911125,0.06664597718985181,0.0,1.0,0.5389221556886228,1,14,107,2173
A2KUOQLRGGHCQX,0.35472433207911125,0.06664597718985181,0.0,1.0,0.5389221556886228,1,14,107,2174
A19ALNTBQGCWO7,0.35472433207911125,0.06664597718985181,0.0,1.0,0.5389221556886228,1,14,107,2175
AJUP0PNA44A0A,0.35472433207911125,0.06664597718985181,0.0,1.0,0.5389221556886228,1,9,107,2176
A1AK5068R1WJAK,0.35472433207911125,0.06664597718985181,0.0,1.0,0.5389221556886228,1,14,107,2177
A2YGB747HQLREO,0.35472433207911125,0.06664597718985181,0.0,1.0,0.5389221556886228,1,14,107,2178
A1JZEPPYFZDRPC,0.35472433207911125,0.06664597718985181,0.0,1.0,0.5389221556886228,1,9,107,2179
ADYRLMDROBAXW,0.35472433207911125,0.06664597718985181,0.0,1.0,0.5389221556886228,1,9,107,2180
A6RZG1711OSGT,0.35472433207911125,0.06664597718985181,0.0,1.0,0.5389221556886228,1,9,107,2181
A33LUG9R954H0Q,0.35472433207911125,0.06664597718985181,0.0,1.0,0.5389221556886228,1,9,107,2182
A8B29NA6R2E6Z,0.35472433207911125,0.06664597718985181,0.0,1.0,0.5389221556886228,1,9,107,2183
A37894K753YF3J,0.35472433207911125,0.06664597718985181,0.0,1.0,0.5389221556886228,1,14,107,2184
A1D1ZUWM0MMBVK,0.35472433207911125,0.06664597718985181,0.0,1.0,0.5389221556886228,1,9,107,2185
ANEHF7BWGYZ5L,0.35472433207911125,0.06664597718985181,0.0,1.0,0.5389221556886228,1,14,107,2186
A2T9HCIVTG1OAA,0.35472433207911125,0.06664597718985181,0.0,1.0,0.5389221556886228,1,9,107,2187
ANMFIHKJH7032,0.35472433207911125,0.06664597718985181,0.0,1.0,0.5389221556886228,1,9,107,2188
A16BCKU6WTSGRL,0.35472433207911125,0.06664597718985181,0.0,1.0,0.5389221556886228,1,14,107,2189
A1S7ZHV3VCF4IQ,0.35472433207911125,0.06664597718985181,0.0,1.0,0.5389221556886228,1,14,107,2190
A10TI8SX6OKJ23,0.35472433207911125,0.06664597718985181,0.0,1.0,0.5389221556886228,1,9,107,2191
AY18E24VXG8FT,0.35472433207911125,0.06664597718985181,0.0,1.0,0.5389221556886228,1,14,107,2192
A2M775WAM2DXTD,0.35472433207911125,0.06664597718985181,0.0,1.0,0.5389221556886228,1,9,107,2193
A3N7GBJ5NC8RUC,0.35472433207911125,0.06664597718985181,0.0,1.0,0.5389221556886228,1,14,107,2194
AQ18N1SD6RV2P,0.35472433207911125,0.06664597718985181,0.0,1.0,0.5389221556886228,1,14,107,2195
ASLAICRA179OS,0.35472433207911125,0.06664597718985181,0.0,1.0,0.5389221556886228,1,14,107,2196
ASRSXQNGDV0HG,0.35472433207911125,0.06664597718985181,0.0,1.0,0.5389221556886228,1,9,107,2197
A148WA455FCXQZ,0.35472433207911125,0.06664597718985181,0.0,1.0,0.5389221556886228,1,9,107,2198
A339BQZ2491E6N,0.35472433207911125,0.06664597718985181,0.0,1.0,0.5389221556886228,1,14,107,2199
A3UERTXLHBGAZ0,0.35472433207911125,0.06664597718985181,0.0,1.0,0.5389221556886228,1,14,107,2200
A9LYDGQCOZ3LV,0.35472433207911125,0.06664597718985181,0.0,1.0,0.5389221556886228,1,14,107,2201
A2WZX2MXMMNYBA,0.35472433207911125,0.06664597718985181,0.0,1.0,0.5389221556886228,1,14,107,2202
A3LWTNKF8T05AK,0.35472433207911125,0.06664597718985181,0.0,1.0,0.5389221556886228,1,14,107,2203
A27NKDSY5J9MEB,0.35472433207911125,0.06664597718985181,0.0,1.0,0.5389221556886228,1,14,107,2204
A3IIOKFJDSKW9H,0.35472433207911125,0.06664597718985181,0.0,1.0,0.5389221556886228,1,9,107,2205
A2HW660OT2KXUM,0.35472433207911125,0.06664597718985181,0.0,1.0,0.5389221556886228,1,9,107,2206
A35JP8KSV9281K,0.35472433207911125,0.06664597718985181,0.0,1.0,0.5389221556886228,1,9,107,2207
A24NT6ZIGSJFWG,0.35472433207911125,0.06664597718985181,0.0,1.0,0.5389221556886228,1,9,107,2208
A3CW0ZLUO5X2B1,0.35472433207911125,0.06664597718985181,0.0,1.0,0.5389221556886228,1,9,107,2209
A2MXK2BL6EFOPR,0.35472433207911125,0.06664597718985181,0.0,1.0,0.5389221556886228,1,9,107,2210
A3HLUBDLMU8RGO,0.35472433207911125,0.06664597718985181,0.0,1.0,0.5389221556886228,1,9,107,2211
AXSTY40VP4M45,0.35472433207911125,0.06664597718985181,0.0,1.0,0.5389221556886228,1,9,107,2212
AXQPJFOALBYAH,0.35472433207911125,0.06664597718985181,0.0,1.0,0.5389221556886228,1,14,107,2213
AIAT4UQM6AS8G,0.35472433207911125,0.06664597718985181,0.0,1.0,0.5389221556886228,1,14,107,2214
A2MFT5N8Y4RXV9,0.35472433207911125,0.06664597718985181,0.0,1.0,0.5389221556886228,1,14,107,2215
A1SF59X4FDUGQG,0.35472433207911125,0.06664597718985181,0.0,1.0,0.5389221556886228,1,14,107,2216
A2NLE392AJ0LOU,0.35472433207911125,0.06664597718985181,0.0,1.0,0.5389221556886228,1,14,107,2217
AIZV746OPQ5PS,0.35472433207911125,0.06664597718985181,0.0,1.0,0.5389221556886228,1,14,107,2218
AJ7RK6IXOYK4U,0.35472433207911125,0.06664597718985181,0.0,1.0,0.5389221556886228,1,9,107,2219
A25YWG8NC0DKGH,0.35472433207911125,0.06664597718985181,0.0,1.0,0.5389221556886228,1,14,107,2220
A5XWJZF0L36W3,0.35472433207911125,0.06664597718985181,0.0,1.0,0.5389221556886228,1,9,107,2221
A38WZ0ITR34AFN,0.35472433207911125,0.06664597718985181,0.0,1.0,0.5389221556886228,1,9,107,2222
A5P7STTZE2MJV,0.35472433207911125,0.06664597718985181,0.0,1.0,0.5389221556886228,1,9,107,2223
A1NVCFX4PU0NYK,0.35472433207911125,0.06664597718985181,0.0,1.0,0.5389221556886228,1,9,107,2224
A18VF30YX62V1N,0.35472433207911125,0.06664597718985181,0.0,1.0,0.5389221556886228,1,9,107,2225
A3CL2MI40GZGPR,0.35472433207911125,0.06664597718985181,0.0,1.0,0.5389221556886228,1,14,107,2226
AVPJ9F4OR0VRB,0.35472433207911125,0.06664597718985181,0.0,1.0,0.5389221556886228,1,14,107,2227
A3TMAXADCGGSYL,0.35472433207911125,0.06664597718985181,0.0,1.0,0.5389221556886228,1,9,107,2228
A3NYG1OSPK7UW1,0.35472433207911125,0.06664597718985181,0.0,1.0,0.5389221556886228,1,9,107,2229
AISN6HORBXNHR,0.35472433207911125,0.06664597718985181,0.0,1.0,0.5389221556886228,1,9,107,2230
AIZFG6OQA55AP,0.35472433207911125,0.06664597718985181,0.0,1.0,0.5389221556886228,1,9,107,2231
A2UHI6BF37BZ0Z,0.35472433207911125,0.06664597718985181,0.0,1.0,0.5389221556886228,1,14,107,2232
A19VS67HZOKT6X,0.35472433207911125,0.06664597718985181,0.0,1.0,0.5389221556886228,1,9,107,2233
A2UHZY5FPP05QI,0.35472433207911125,0.06664597718985181,0.0,1.0,0.5389221556886228,1,9,107,2234
A3TBMGNSEQBWIL,0.35472433207911125,0.06664597718985181,0.0,1.0,0.5389221556886228,1,9,107,2235
A3TJ2K4LP6V71U,0.35472433207911125,0.06664597718985181,0.0,1.0,0.5389221556886228,1,9,107,2236
A3R4Q2UEPTZPSQ,0.35472433207911125,0.06664597718985181,0.0,1.0,0.5389221556886228,1,9,107,2237
A2QQU4THUEX7I,0.35472433207911125,0.06664597718985181,0.0,1.0,0.5389221556886228,1,14,107,2238
A3BEYTAVDKX9BQ,0.35472433207911125,0.06664597718985181,0.0,1.0,0.5389221556886228,1,9,107,2239
A65VEN5RKAEA8,0.35472433207911125,0.06664597718985181,0.0,1.0,0.5389221556886228,1,14,107,2240
A1H6G9KAJFX19Z,0.35472433207911125,0.06664597718985181,0.0,1.0,0.5389221556886228,1,14,107,2241
AZSKORJRCSQ38,0.35472433207911125,0.06664597718985181,0.0,1.0,0.5389221556886228,1,9,107,2242
A258NDMTLH29RJ,0.35472433207911125,0.06664597718985181,0.0,1.0,0.5389221556886228,1,14,107,2243
A25EGTGMF8V06Y,0.35472433207911125,0.06664597718985181,0.0,1.0,0.5389221556886228,1,9,107,2244
A2ERKJWKPRWZU5,0.35472433207911125,0.06664597718985181,0.0,1.0,0.5389221556886228,1,9,107,2245
AUM9K0KZGK653,0.35472433207911125,0.06664597718985181,0.0,1.0,0.5389221556886228,1,14,107,2246
ACASEIWET37PO,0.35472433207911125,0.06664597718985181,0.0,1.0,0.5389221556886228,1,9,107,2247
AZ4ZYOPY754KQ,0.35472433207911125,0.06664597718985181,0.0,1.0,0.5389221556886228,1,9,107,2248
A34UVV757IKPVB,0.35453720633060826,0.06664597718985181,0.0,1.0,0.5381736526946108,1,5,105,2249
A2N0XYJE6MU9LZ,0.35453720633060826,0.06664597718985181,0.0,1.0,0.5381736526946108,1,5,105,2250
A1UHPSQD4TOWQI,0.35453720633060826,0.06664597718985181,0.0,1.0,0.5381736526946108,1,5,105,2251
A1ZKG86UBD8K8,0.35453720633060826,0.06664597718985181,0.0,1.0,0.5381736526946108,1,5,105,2252
A2UA726E8SLXY,0.35453720633060826,0.06664597718985181,0.0,1.0,0.5381736526946108,1,5,105,2253
A1ZU09TQ1TGWEX,0.35453720633060826,0.06664597718985181,0.0,1.0,0.5381736526946108,1,5,105,2254
A1UCUVJNLUS8ES,0.35453720633060826,0.06664597718985181,0.0,1.0,0.5381736526946108,1,5,105,2255
A206AJFCVJE56W,0.35453720633060826,0.06664597718985181,0.0,1.0,0.5381736526946108,1,5,105,2256
A3R3P5M7X0F1CB,0.35453720633060826,0.06664597718985181,0.0,1.0,0.5381736526946108,1,5,105,2257
A1413HQ9UF22C5,0.35453720633060826,0.06664597718985181,0.0,1.0,0.5381736526946108,1,5,105,2258
A1YYWUE2ZNN8RK,0.35453720633060826,0.06664597718985181,0.0,1.0,0.5381736526946108,1,5,105,2259
AY1AH6JFEURNZ,0.35453720633060826,0.06664597718985181,0.0,1.0,0.5381736526946108,1,5,105,2260
A328ER55DPOCMO,0.35453720633060826,0.06664597718985181,0.0,1.0,0.5381736526946108,1,5,105,2261
A1V2ZO1JLPJS8E,0.35453720633060826,0.06664597718985181,0.0,1.0,0.5381736526946108,1,5,105,2262
A18EU4GV8OLOBB,0.35453720633060826,0.06664597718985181,0.0,1.0,0.5381736526946108,1,5,105,2263
AXHEZ7BIWEYX6,0.35453720633060826,0.06664597718985181,0.0,1.0,0.5381736526946108,1,5,105,2264
A2HOPYNO8PMUHP,0.35453720633060826,0.06664597718985181,0.0,1.0,0.5381736526946108,1,5,105,2265
A2BG1N1J4R84GM,0.35453720633060826,0.06664597718985181,0.0,1.0,0.5381736526946108,1,5,105,2266
A9TXYI2PBV0U1,0.35453720633060826,0.06664597718985181,0.0,1.0,0.5381736526946108,1,5,105,2267
A280GXBY1EV2TL,0.35453720633060826,0.06664597718985181,0.0,1.0,0.5381736526946108,1,5,105,2268
A2W3WWVETOMJBS,0.35453720633060826,0.06664597718985181,0.0,1.0,0.5381736526946108,1,5,105,2269
A18409QMZ6CMQD,0.35453720633060826,0.06664597718985181,0.0,1.0,0.5381736526946108,1,5,105,2270
A1QT6PHXDA5XDF,0.35453720633060826,0.06664597718985181,0.0,1.0,0.5381736526946108,1,5,105,2271
A1K8H6L63RZFP4,0.35453720633060826,0.06664597718985181,0.0,1.0,0.5381736526946108,1,5,105,2272
ASAK3HY21OTNN,0.35453720633060826,0.06664597718985181,0.0,1.0,0.5381736526946108,1,5,105,2273
A2CNN71709T4Y2,0.35453720633060826,0.06664597718985181,0.0,1.0,0.5381736526946108,1,5,105,2274
A1L14TJ4LSADUP,0.35453720633060826,0.06664597718985181,0.0,1.0,0.5381736526946108,1,5,105,2275
A2E6A49WGDYWFA,0.35453720633060826,0.06664597718985181,0.0,1.0,0.5381736526946108,1,5,105,2276
A3VW2I0P1TQ1DV,0.35453720633060826,0.06664597718985181,0.0,1.0,0.5381736526946108,1,5,105,2277
AHGYNZ1588WLB,0.35453720633060826,0.06664597718985181,0.0,1.0,0.5381736526946108,1,5,105,2278
A186SYJ56RFQPG,0.35453720633060826,0.06664597718985181,0.0,1.0,0.5381736526946108,1,5,105,2279
A214RF6HHFZ5R5,0.35453720633060826,0.06664597718985181,0.0,1.0,0.5381736526946108,1,5,105,2280
A38RS419QDS06O,0.35453720633060826,0.06664597718985181,0.0,1.0,0.5381736526946108,1,5,105,2281
A1GT1QSKQ5FAIE,0.35453720633060826,0.06664597718985181,0.0,1.0,0.5381736526946108,1,5,105,2282
A1OHCHEFNO345R,0.35453720633060826,0.06664597718985181,0.0,1.0,0.5381736526946108,1,5,105,2283
A2HLXJBE9N7MPQ,0.35453720633060826,0.06664597718985181,0.0,1.0,0.5381736526946108,1,5,105,2284
ASJSX783R5HTZ,0.35453720633060826,0.06664597718985181,0.0,1.0,0.5381736526946108,1,5,105,2285
A2HOJS4E005E7T,0.35453720633060826,0.06664597718985181,0.0,1.0,0.5381736526946108,1,5,105,2286
A1WJVU9KICHFI,0.35453720633060826,0.06664597718985181,0.0,1.0,0.5381736526946108,1,5,105,2287
A1EUE5JH2881MB,0.35453720633060826,0.06664597718985181,0.0,1.0,0.5381736526946108,1,5,105,2288
A300RFTV7HKI5S,0.35453720633060826,0.06664597718985181,0.0,1.0,0.5381736526946108,1,5,105,2289
A1JXNDR68ZJZX4,0.35453720633060826,0.06664597718985181,0.0,1.0,0.5381736526946108,1,5,105,2290
A1JMUZQQEUAI2T,0.35453720633060826,0.06664597718985181,0.0,1.0,0.5381736526946108,1,5,105,2291
A1BCS2ROHQ84X8,0.35453720633060826,0.06664597718985181,0.0,1.0,0.5381736526946108,1,5,105,2292
A2ALCI2BU43KTU,0.35453720633060826,0.06664597718985181,0.0,1.0,0.5381736526946108,1,5,105,2293
A1W5CI9L3JPTF,0.35453720633060826,0.06664597718985181,0.0,1.0,0.5381736526946108,1,5,105,2294
A2PDNGELZSWCQG,0.35453720633060826,0.06664597718985181,0.0,1.0,0.5381736526946108,1,5,105,2295
A14LKBOG9SVEFT,0.35453720633060826,0.06664597718985181,0.0,1.0,0.5381736526946108,1,5,105,2296
A39F6S9OFDFF1N,0.35453720633060826,0.06664597718985181,0.0,1.0,0.5381736526946108,1,5,105,2297
A2IPBE3XFMT2MY,0.35453720633060826,0.06664597718985181,0.0,1.0,0.5381736526946108,1,5,105,2298
AGP5A25LAX70Y,0.35453720633060826,0.06664597718985181,0.0,1.0,0.5381736526946108,1,5,105,2299
A22M88TMGIM65C,0.35453720633060826,0.06664597718985181,0.0,1.0,0.5381736526946108,1,5,105,2300
A36TM9ZVJF41SS,0.35453720633060826,0.06664597718985181,0.0,1.0,0.5381736526946108,1,5,105,2301
A13QF33ZVNS0SB,0.35453720633060826,0.06664597718985181,0.0,1.0,0.5381736526946108,1,5,105,2302
A2XTQXZ1FUFTO5,0.35453720633060826,0.06664597718985181,0.0,1.0,0.5381736526946108,1,5,105,2303
ACXBG5KP3VP35,0.35453720633060826,0.06664597718985181,0.0,1.0,0.5381736526946108,1,5,105,2304
A2DJBNB0VZU3X3,0.35453720633060826,0.06664597718985181,0.0,1.0,0.5381736526946108,1,5,105,2305
A2OF7E89T1UYZT,0.3534144518395903,0.06664597718985181,0.0,1.0,0.5336826347305389,1,16,93,2306
A1NN8I840LYGDO,0.3534144518395903,0.06664597718985181,0.0,1.0,0.5336826347305389,1,16,93,2307
AODSDJXUR4CGZ,0.3534144518395903,0.06664597718985181,0.0,1.0,0.5336826347305389,1,16,93,2308
A249W26VWPJ8DF,0.3534144518395903,0.06664597718985181,0.0,1.0,0.5336826347305389,1,16,93,2309
A1KN9R46A9T15V,0.3534144518395903,0.06664597718985181,0.0,1.0,0.5336826347305389,1,16,93,2310
AFQ0LL0Y20AH3,0.3534144518395903,0.06664597718985181,0.0,1.0,0.5336826347305389,1,16,93,2311
A2HD75EMZR8QLN,0.3534144518395903,0.06664597718985181,0.0,1.0,0.5336826347305389,1,16,93,2312
A3MV97KOHNHCF0,0.3534144518395903,0.06664597718985181,0.0,1.0,0.5336826347305389,1,16,93,2313
A3322RJGG8TZHC,0.3534144518395903,0.06664597718985181,0.0,1.0,0.5336826347305389,1,16,93,2314
AFRGJP413HUZ5,0.3534144518395903,0.06664597718985181,0.0,1.0,0.5336826347305389,1,16,93,2315
A1ZTSV4IDULSP0,0.3534144518395903,0.06664597718985181,0.0,1.0,0.5336826347305389,1,16,93,2316
A394KTQFK85XPW,0.3534144518395903,0.06664597718985181,0.0,1.0,0.5336826347305389,1,16,93,2317
AMZI3ABA7O19,0.3534144518395903,0.06664597718985181,0.0,1.0,0.5336826347305389,1,16,93,2318
A3RU10O4KAN4MT,0.3534144518395903,0.06664597718985181,0.0,1.0,0.5336826347305389,1,16,93,2319
A3RBVDH87QF1A,0.3534144518395903,0.06664597718985181,0.0,1.0,0.5336826347305389,1,16,93,2320
A3RTCA21S7BQ3P,0.3534144518395903,0.06664597718985181,0.0,1.0,0.5336826347305389,1,16,93,2321
A1QTYO9O4HCF9E,0.3534144518395903,0.06664597718985181,0.0,1.0,0.5336826347305389,1,16,93,2322
A11V8U5E758U8U,0.3534144518395903,0.06664597718985181,0.0,1.0,0.5336826347305389,1,16,93,2323
A10UHQH1YL5Q6B,0.3534144518395903,0.06664597718985181,0.0,1.0,0.5336826347305389,1,16,93,2324
A1KJAFKBSRL2RF,0.3534144518395903,0.06664597718985181,0.0,1.0,0.5336826347305389,1,16,93,2325
A28TEYUOFXAJCK,0.3534144518395903,0.06664597718985181,0.0,1.0,0.5336826347305389,1,16,93,2326
AFY57BND7NSN2,0.3534144518395903,0.06664597718985181,0.0,1.0,0.5336826347305389,1,16,93,2327
A341RBL4H3RJQG,0.3534144518395903,0.06664597718985181,0.0,1.0,0.5336826347305389,1,16,93,2328
A2CRUZQT2OUT0E,0.3534144518395903,0.06664597718985181,0.0,1.0,0.5336826347305389,1,16,93,2329
AZDGMG2Y0FLB2,0.3534144518395903,0.06664597718985181,0.0,1.0,0.5336826347305389,1,16,93,2330
A4BG416YX5366,0.3534144518395903,0.06664597718985181,0.0,1.0,0.5336826347305389,1,16,93,2331
A3GG3EQD981OCI,0.3534144518395903,0.06664597718985181,0.0,1.0,0.5336826347305389,1,16,93,2332
A3GG7QSSI58HJV,0.3534144518395903,0.06664597718985181,0.0,1.0,0.5336826347305389,1,16,93,2333
A39EEI8WLCVVAJ,0.3534144518395903,0.06664597718985181,0.0,1.0,0.5336826347305389,1,16,93,2334
A3EUQ5G81AN9LN,0.3534144518395903,0.06664597718985181,0.0,1.0,0.5336826347305389,1,16,93,2335
A6U34RDGWDAP0,0.3534144518395903,0.06664597718985181,0.0,1.0,0.5336826347305389,1,16,93,2336
A1DNFRUWF2PXDT,0.3534144518395903,0.06664597718985181,0.0,1.0,0.5336826347305389,1,16,93,2337
AQDRAF7MX0BRM,0.3534144518395903,0.06664597718985181,0.0,1.0,0.5336826347305389,1,16,93,2338
A2B9AYXPRI38IV,0.3534144518395903,0.06664597718985181,0.0,1.0,0.5336826347305389,1,16,93,2339
AFDKK3Y9D445,0.3534144518395903,0.06664597718985181,0.0,1.0,0.5336826347305389,1,16,93,2340
A214AXZWCBZLBO,0.3534144518395903,0.06664597718985181,0.0,1.0,0.5336826347305389,1,16,93,2341
A1YIJSP53GAXGW,0.3534144518395903,0.06664597718985181,0.0,1.0,0.5336826347305389,1,16,93,2342
A19B0UB53D820Y,0.3534144518395903,0.06664597718985181,0.0,1.0,0.5336826347305389,1,16,93,2343
A1OFIP9PEMFF4X,0.3534144518395903,0.06664597718985181,0.0,1.0,0.5336826347305389,1,16,93,2344
AJT08ZT4NQBYX,0.3534144518395903,0.06664597718985181,0.0,1.0,0.5336826347305389,1,16,93,2345
AN562K00DPRW7,0.3534144518395903,0.06664597718985181,0.0,1.0,0.5336826347305389,1,16,93,2346
A1XEL9W3JBAT4P,0.3532769480609343,0.0010240883750187598,0.2858869981444522,1.0,0.3259918880492625,2,0,143,2347
A1N5U7RRKEJS9T,0.35284503515346144,0.13331781622572217,0.0,1.0,0.45139876114297894,2,0,288,2348
A3C0H04U0QRNGO,0.35266326915064383,0.13331781622572217,0.2247353483370411,1.0,0.22593634879466784,2,0,15,2349
A1MZ2BJHUSTW0W,0.3526173824822484,0.005771689374491898,0.3008113088087041,1.0,0.3027321938708992,2,0,92,2350
A8E6QXKIALS43,0.35247882309707534,0.06664597718985181,0.0,1.0,0.5299401197604791,1,8,83,2351
A2A3HQJM4VQGBL,0.35247882309707534,0.06664597718985181,0.0,1.0,0.5299401197604791,1,8,83,2352
A3FE9EUVTU3UD8,0.35247882309707534,0.06664597718985181,0.0,1.0,0.5299401197604791,1,8,83,2353
A8IMDXXLZVN5M,0.35247882309707534,0.06664597718985181,0.0,1.0,0.5299401197604791,1,8,83,2354
A29HHD1M6QPCWX,0.35247882309707534,0.06664597718985181,0.0,1.0,0.5299401197604791,1,8,83,2355
A3A1JKH6FU935A,0.35247882309707534,0.06664597718985181,0.0,1.0,0.5299401197604791,1,8,83,2356
A36VX41XBE84P7,0.35247882309707534,0.06664597718985181,0.0,1.0,0.5299401197604791,1,8,83,2357
A250YP5XTKH243,0.35247882309707534,0.06664597718985181,0.0,1.0,0.5299401197604791,1,8,83,2358
AK3D1F2TEULT0,0.35247882309707534,0.06664597718985181,0.0,1.0,0.5299401197604791,1,8,83,2359
AMGIMGPA34FIZ,0.35247882309707534,0.06664597718985181,0.0,1.0,0.5299401197604791,1,8,83,2360
A3W3XQY4GQRSIY,0.35247882309707534,0.06664597718985181,0.0,1.0,0.5299401197604791,1,8,83,2361
A2EORZSMHG45DB,0.35247882309707534,0.06664597718985181,0.0,1.0,0.5299401197604791,1,8,83,2362
A2OMXJJJU63L5Q,0.35247882309707534,0.06664597718985181,0.0,1.0,0.5299401197604791,1,8,83,2363
A11T5128OZMUY4,0.35247882309707534,0.06664597718985181,0.0,1.0,0.5299401197604791,1,8,83,2364
AHEU9UBEDU61B,0.35247882309707534,0.06664597718985181,0.0,1.0,0.5299401197604791,1,8,83,2365
A3L6L5O89JTX2T,0.35247882309707534,0.06664597718985181,0.0,1.0,0.5299401197604791,1,8,83,2366
A3129B0UL290DD,0.35247882309707534,0.06664597718985181,0.0,1.0,0.5299401197604791,1,8,83,2367
A2XVGWQZN26LX9,0.35247882309707534,0.06664597718985181,0.0,1.0,0.5299401197604791,1,8,83,2368
A2OLTRWQKKDD5E,0.35247882309707534,0.06664597718985181,0.0,1.0,0.5299401197604791,1,8,83,2369
A1E5D73Z5Q73A0,0.35247882309707534,0.06664597718985181,0.0,1.0,0.5299401197604791,1,8,83,2370
A2N8DYL17G3I7C,0.35247882309707534,0.06664597718985181,0.0,1.0,0.5299401197604791,1,8,83,2371
A2V1CW0YZ25USU,0.35247882309707534,0.06664597718985181,0.0,1.0,0.5299401197604791,1,8,83,2372
A207G6DL5D61W,0.35247882309707534,0.06664597718985181,0.0,1.0,0.5299401197604791,1,8,83,2373
AA26J206CPKWP,0.35247882309707534,0.06664597718985181,0.0,1.0,0.5299401197604791,1,8,83,2374
A2UU3K8KZGCQUK,0.35247882309707534,0.06664597718985181,0.0,1.0,0.5299401197604791,1,8,83,2375
A3B0D8Z49UW0P9,0.35247882309707534,0.06664597718985181,0.0,1.0,0.5299401197604791,1,8,83,2376
A3F9CBHV4OHFBS,0.35247882309707534,0.06664597718985181,0.0,1.0,0.5299401197604791,1,8,83,2377
A3MSO10BPAF01U,0.35247882309707534,0.06664597718985181,0.0,1.0,0.5299401197604791,1,8,83,2378
A38ZKGP6U1QOF0,0.35247882309707534,0.06664597718985181,0.0,1.0,0.5299401197604791,1,8,83,2379
A1NEL661KNJR4A,0.35247882309707534,0.06664597718985181,0.0,1.0,0.5299401197604791,1,8,83,2380
A2GEK8R4FEXDZU,0.35247882309707534,0.06664597718985181,0.0,1.0,0.5299401197604791,1,8,83,2381
ADEF2TC6C3ART,0.35247882309707534,0.06664597718985181,0.0,1.0,0.5299401197604791,1,8,83,2382
A2QIC4G483SQQA,0.35247882309707534,0.06664597718985181,0.0,1.0,0.5299401197604791,1,8,83,2383
A10NQKIG7NXUR7,0.35247882309707534,0.06664597718985181,0.0,1.0,0.5299401197604791,1,8,83,2384
A11QNB7FPVY3V,0.35247882309707534,0.06664597718985181,0.0,1.0,0.5299401197604791,1,8,83,2385
AG5ZZ3L1KU8VS,0.35247882309707534,0.06664597718985181,0.0,1.0,0.5299401197604791,1,8,83,2386
A1G3LFZTTQQI5C,0.35247882309707534,0.06664597718985181,0.0,1.0,0.5299401197604791,1,8,83,2387
A3GH0VSG68C8SL,0.35247882309707534,0.06664597718985181,0.0,1.0,0.5299401197604791,1,8,83,2388
A1WJE2B0N0I3T1,0.35247882309707534,0.06664597718985181,0.0,1.0,0.5299401197604791,1,8,83,2389
AEXS7M2VKYQ7D,0.35247882309707534,0.06664597718985181,0.0,1.0,0.5299401197604791,1,8,83,2390
A17JY99GDGPQI4,0.35247882309707534,0.06664597718985181,0.0,1.0,0.5299401197604791,1,8,83,2391
A2Z9S2RQD542CP,0.35247882309707534,0.06664597718985181,0.0,1.0,0.5299401197604791,1,8,83,2392
A1QW4FM8FA63T1,0.35247882309707534,0.06664597718985181,0.0,1.0,0.5299401197604791,1,8,83,2393
AG08KHIO8TVPY,0.35247882309707534,0.06664597718985181,0.0,1.0,0.5299401197604791,1,8,83,2394
A2X179NHCLFQ60,0.35247882309707534,0.06664597718985181,0.0,1.0,0.5299401197604791,1,8,83,2395
A2CBIY2WT8XCRC,0.35247882309707534,0.06664597718985181,0.0,1.0,0.5299401197604791,1,8,83,2396
A1YLJGGB0EDFV2,0.35247882309707534,0.06664597718985181,0.0,1.0,0.5299401197604791,1,8,83,2397
A2CQAEX92SXVKR,0.35247882309707534,0.06664597718985181,0.0,1.0,0.5299401197604791,1,8,83,2398
A2YV0F1VTUGV54,0.35247882309707534,0.06664597718985181,0.0,1.0,0.5299401197604791,1,8,83,2399
A2IATJLZM78N9Z,0.35247882309707534,0.06664597718985181,0.0,1.0,0.5299401197604791,1,8,83,2400
A1QO494VNTR54U,0.35247882309707534,0.06664597718985181,0.0,1.0,0.5299401197604791,1,8,83,2401
A21BX2V5UK4IPN,0.35247882309707534,0.06664597718985181,0.0,1.0,0.5299401197604791,1,8,83,2402
A1R1D0D9HW83QU,0.35247882309707534,0.06664597718985181,0.0,1.0,0.5299401197604791,1,8,83,2403
A1OGCPMSIVK7G4,0.35247882309707534,0.06664597718985181,0.0,1.0,0.5299401197604791,1,8,83,2404
AACKRUEFSCZOW,0.35247882309707534,0.06664597718985181,0.0,1.0,0.5299401197604791,1,8,83,2405
A2W1LLW1Y682PW,0.35247882309707534,0.06664597718985181,0.0,1.0,0.5299401197604791,1,8,83,2406
A3UPEV60FD84VX,0.35247882309707534,0.06664597718985181,0.0,1.0,0.5299401197604791,1,8,83,2407
A1L2STZ2U6Q607,0.35247882309707534,0.06664597718985181,0.0,1.0,0.5299401197604791,1,8,83,2408
A1S70Q21XUZU1Q,0.35247882309707534,0.06664597718985181,0.0,1.0,0.5299401197604791,1,8,83,2409
A22XH75Z0895RC,0.35247882309707534,0.06664597718985181,0.0,1.0,0.5299401197604791,1,8,83,2410
A2PNVJCCV4GKE1,0.35247882309707534,0.06664597718985181,0.0,1.0,0.5299401197604791,1,8,83,2411
A3AE2N9PGYQU7L,0.35229169734857235,0.06664597718985181,0.0,1.0,0.5291916167664671,1,18,81,2412
AZOPTWUSS6UM0,0.35229169734857235,0.06664597718985181,0.0,1.0,0.5291916167664671,1,18,81,2413
AZQTJ6HUS5L2Q,0.35229169734857235,0.06664597718985181,0.0,1.0,0.5291916167664671,1,18,81,2414
A2QT4XAXGRNVEO,0.35229169734857235,0.06664597718985181,0.0,1.0,0.5291916167664671,1,18,81,2415
A3RRV1F1QVI0C5,0.35229169734857235,0.06664597718985181,0.0,1.0,0.5291916167664671,1,18,81,2416
A1E2TVC46QZJ3X,0.35229169734857235,0.06664597718985181,0.0,1.0,0.5291916167664671,1,18,81,2417
A32B8VX0HMX9YQ,0.35229169734857235,0.06664597718985181,0.0,1.0,0.5291916167664671,1,18,81,2418
AY1406KH1MLAP,0.35229169734857235,0.06664597718985181,0.0,1.0,0.5291916167664671,1,18,81,2419
A1Z5E1Z9V8G2SU,0.35229169734857235,0.06664597718985181,0.0,1.0,0.5291916167664671,1,18,81,2420
AXO2I2EINB39S,0.35229169734857235,0.06664597718985181,0.0,1.0,0.5291916167664671,1,18,81,2421
A2GJU27367VVCX,0.35229169734857235,0.06664597718985181,0.0,1.0,0.5291916167664671,1,18,81,2422
A3RH8D7NKLP2JS,0.35229169734857235,0.06664597718985181,0.0,1.0,0.5291916167664671,1,18,81,2423
A2UG509F865GJK,0.35229169734857235,0.06664597718985181,0.0,1.0,0.5291916167664671,1,18,81,2424
A3T7POAJUPYA06,0.35229169734857235,0.06664597718985181,0.0,1.0,0.5291916167664671,1,18,81,2425
A3R749LCFV5I3,0.35229169734857235,0.06664597718985181,0.0,1.0,0.5291916167664671,1,18,81,2426
A3P9WO6BXBSM54,0.35229169734857235,0.06664597718985181,0.0,1.0,0.5291916167664671,1,18,81,2427
A356BWNK80JKVP,0.35229169734857235,0.06664597718985181,0.0,1.0,0.5291916167664671,1,18,81,2428
A2WQA5YPH8P4SB,0.35229169734857235,0.06664597718985181,0.0,1.0,0.5291916167664671,1,18,81,2429
A14738H3YYX7ZC,0.35229169734857235,0.06664597718985181,0.0,1.0,0.5291916167664671,1,18,81,2430
A1IAJW86DJU0EM,0.35229169734857235,0.06664597718985181,0.0,1.0,0.5291916167664671,1,18,81,2431
A1YW7H051M0ME3,0.35229169734857235,0.06664597718985181,0.0,1.0,0.5291916167664671,1,18,81,2432
A2LD9KDNCD0WCG,0.35229169734857235,0.06664597718985181,0.0,1.0,0.5291916167664671,1,18,81,2433
A21UXK2Q4138Q3,0.35229169734857235,0.06664597718985181,0.0,1.0,0.5291916167664671,1,18,81,2434
A1W6VR9F0OKMWM,0.35229169734857235,0.06664597718985181,0.0,1.0,0.5291916167664671,1,18,81,2435
A39GD9S0DEQNLD,0.35229169734857235,0.06664597718985181,0.0,1.0,0.5291916167664671,1,18,81,2436
A3774N0999VO0P,0.35229169734857235,0.06664597718985181,0.0,1.0,0.5291916167664671,1,18,81,2437
A8BW6F16DEZOZ,0.35229169734857235,0.06664597718985181,0.0,1.0,0.5291916167664671,1,18,81,2438
A34QWZUNR0WNWM,0.35229169734857235,0.06664597718985181,0.0,1.0,0.5291916167664671,1,18,81,2439
A17FS0XVZ5V35L,0.35229169734857235,0.06664597718985181,0.0,1.0,0.5291916167664671,1,18,81,2440
A3Z3817Z6WTXU,0.35229169734857235,0.06664597718985181,0.0,1.0,0.5291916167664671,1,18,81,2441
A1I1H1EHPOH6ZW,0.35229169734857235,0.06664597718985181,0.0,1.0,0.5291916167664671,1,18,81,2442
AYO28MSBV9F,0.35229169734857235,0.06664597718985181,0.0,1.0,0.5291916167664671,1,18,81,2443
A39K52QDP4C3ZS,0.35229169734857235,0.06664597718985181,0.0,1.0,0.5291916167664671,1,18,81,2444
A11JD0X51IJ7RM,0.35229169734857235,0.06664597718985181,0.0,1.0,0.5291916167664671,1,18,81,2445
A2ZVNM8J2Q4HQT,0.35229169734857235,0.06664597718985181,0.0,1.0,0.5291916167664671,1,18,81,2446
A30HUZHJBOX1LK,0.35229169734857235,0.06664597718985181,0.0,1.0,0.5291916167664671,1,18,81,2447
A3JR704FL9YJ26,0.35229169734857235,0.06664597718985181,0.0,1.0,0.5291916167664671,1,18,81,2448
AYXH5VLBX3GDT,0.35229169734857235,0.06664597718985181,0.0,1.0,0.5291916167664671,1,18,81,2449
A37AQI4AU3JWSR,0.3520110087258178,0.06664597718985181,0.0,1.0,0.5280688622754491,1,9,78,2450
ASCBJEPXTOU0V,0.3520110087258178,0.06664597718985181,0.0,1.0,0.5280688622754491,1,9,78,2451
A27QB80ZPR6SWR,0.3520110087258178,0.06664597718985181,0.0,1.0,0.5280688622754491,1,9,78,2452
A3V6YL38FIEDP,0.3520110087258178,0.06664597718985181,0.0,1.0,0.5280688622754491,1,9,78,2453
A3J0IFH0TYTVHQ,0.3520110087258178,0.06664597718985181,0.0,1.0,0.5280688622754491,1,9,78,2454
A36K4VOLWEBG1H,0.3520110087258178,0.06664597718985181,0.0,1.0,0.5280688622754491,1,9,78,2455
A3LM4LWX9M14BI,0.3520110087258178,0.06664597718985181,0.0,1.0,0.5280688622754491,1,9,78,2456
A1EAN2SFKYBJ05,0.3520110087258178,0.06664597718985181,0.0,1.0,0.5280688622754491,1,9,78,2457
A2ZBL197CLFKPK,0.3520110087258178,0.06664597718985181,0.0,1.0,0.5280688622754491,1,9,78,2458
A2IE2U4SL7JWX2,0.3520110087258178,0.06664597718985181,0.0,1.0,0.5280688622754491,1,9,78,2459
A13HO1F4SW568P,0.3520110087258178,0.06664597718985181,0.0,1.0,0.5280688622754491,1,9,78,2460
AI43VKPN5NF7D,0.3520110087258178,0.06664597718985181,0.0,1.0,0.5280688622754491,1,9,78,2461
A124AKDXC26XT9,0.3520110087258178,0.06664597718985181,0.0,1.0,0.5280688622754491,1,9,78,2462
A3P7KN9Z1N5OOR,0.3520110087258178,0.06664597718985181,0.0,1.0,0.5280688622754491,1,9,78,2463
A1YSTRGTX7B66G,0.3520110087258178,0.06664597718985181,0.0,1.0,0.5280688622754491,1,9,78,2464
A1LBH85DP0NEVO,0.3520110087258178,0.06664597718985181,0.0,1.0,0.5280688622754491,1,9,78,2465
AJNZQZVL8MG6P,0.3520110087258178,0.06664597718985181,0.0,1.0,0.5280688622754491,1,9,78,2466
A2PH4RGYVR34L,0.3520110087258178,0.06664597718985181,0.0,1.0,0.5280688622754491,1,9,78,2467
A33LBTRTH6XOLE,0.3520110087258178,0.06664597718985181,0.0,1.0,0.5280688622754491,1,9,78,2468
A1LM4PSE0HJQDW,0.3520110087258178,0.06664597718985181,0.0,1.0,0.5280688622754491,1,9,78,2469
A1Y2BG1GPW1VT6,0.3520110087258178,0.06664597718985181,0.0,1.0,0.5280688622754491,1,9,78,2470
A7N1JRLTA65IE,0.3520110087258178,0.06664597718985181,0.0,1.0,0.5280688622754491,1,9,78,2471
A34X9CGJCEE5Q5,0.3520110087258178,0.06664597718985181,0.0,1.0,0.5280688622754491,1,9,78,2472
A1MCVOZSB6GDI8,0.3520110087258178,0.06664597718985181,0.0,1.0,0.5280688622754491,1,9,78,2473
A3QG1JW6O3SD96,0.3520110087258178,0.06664597718985181,0.0,1.0,0.5280688622754491,1,9,78,2474
A6GSTJCNZY4IW,0.3520110087258178,0.06664597718985181,0.0,1.0,0.5280688622754491,1,9,78,2475
A2TN0U8173HM7A,0.3520110087258178,0.06664597718985181,0.0,1.0,0.5280688622754491,1,9,78,2476
A1UB46NT3QX94A,0.3520110087258178,0.06664597718985181,0.0,1.0,0.5280688622754491,1,9,78,2477
A1SH4S5XGTEXZ3,0.3520110087258178,0.06664597718985181,0.0,1.0,0.5280688622754491,1,9,78,2478
A2DOUSV52ED1HG,0.3520110087258178,0.06664597718985181,0.0,1.0,0.5280688622754491,1,9,78,2479
A24FQNZ2ZCP9UH,0.3520110087258178,0.06664597718985181,0.0,1.0,0.5280688622754491,1,9,78,2480
A2GMJ3DJ7CBM1D,0.3520110087258178,0.06664597718985181,0.0,1.0,0.5280688622754491,1,9,78,2481
AXLRBD9NUE6BV,0.3520110087258178,0.06664597718985181,0.0,1.0,0.5280688622754491,1,9,78,2482
A2VRYQBXSTA424,0.3520110087258178,0.06664597718985181,0.0,1.0,0.5280688622754491,1,9,78,2483
A5ZGJBOPDRVQL,0.3520110087258178,0.06664597718985181,0.0,1.0,0.5280688622754491,1,9,78,2484
A3NH30B70DU5IH,0.3520110087258178,0.06664597718985181,0.0,1.0,0.5280688622754491,1,9,78,2485
A9P4Q7KX35RS2,0.3520110087258178,0.06664597718985181,0.0,1.0,0.5280688622754491,1,9,78,2486
A2MBLVMVDLHK1L,0.3520110087258178,0.06664597718985181,0.0,1.0,0.5280688622754491,1,9,78,2487
A1IZZLH62NT5F1,0.3520110087258178,0.06664597718985181,0.0,1.0,0.5280688622754491,1,9,78,2488
A2MTMN4A9KGE2X,0.3520110087258178,0.06664597718985181,0.0,1.0,0.5280688622754491,1,9,78,2489
APT7V2Z8MO6T0,0.3520110087258178,0.06664597718985181,0.0,1.0,0.5280688622754491,1,9,78,2490
AE3S5S2B77PJX,0.3520110087258178,0.06664597718985181,0.0,1.0,0.5280688622754491,1,9,78,2491
A3ERWBVZHT86CB,0.35191744585156637,0.06664597718985181,0.0,1.0,0.5276946107784432,1,0,77,2492
A1Y249FQCV6MNN,0.35191744585156637,0.06664597718985181,0.0,1.0,0.5276946107784432,1,0,77,2493
A115J29WONV2JZ,0.35191744585156637,0.06664597718985181,0.0,1.0,0.5276946107784432,1,0,77,2494
A2CX7KMO48MCW0,0.35191744585156637,0.06664597718985181,0.0,1.0,0.5276946107784432,1,0,77,2495
A36K2N527TXXJN,0.35191744585156637,0.06664597718985181,0.0,1.0,0.5276946107784432,1,0,77,2496
AHIK7BUXFRMT8,0.35191744585156637,0.06664597718985181,0.0,1.0,0.5276946107784432,1,0,77,2497
A2WYNTUJ91DLZW,0.35191744585156637,0.06664597718985181,0.0,1.0,0.5276946107784432,1,0,77,2498
A37187ZFJZKUPY,0.35191744585156637,0.06664597718985181,0.0,1.0,0.5276946107784432,1,0,77,2499
A3M6QI4WNREEEV,0.35191744585156637,0.06664597718985181,0.0,1.0,0.5276946107784432,1,0,77,2500
A3LBZLI0FOL2YP,0.35191744585156637,0.06664597718985181,0.0,1.0,0.5276946107784432,1,0,77,2501
A3W57Y5J12YY41,0.35191744585156637,0.06664597718985181,0.0,1.0,0.5276946107784432,1,0,77,2502
A2IFZ00ICAERE4,0.35191744585156637,0.06664597718985181,0.0,1.0,0.5276946107784432,1,0,77,2503
A88XPSZ26G6TG,0.35191744585156637,0.06664597718985181,0.0,1.0,0.5276946107784432,1,0,77,2504
AQT7VQSW7UOM2,0.35191744585156637,0.06664597718985181,0.0,1.0,0.5276946107784432,1,0,77,2505
AQ7322MXNS3G0,0.35191744585156637,0.06664597718985181,0.0,1.0,0.5276946107784432,1,0,77,2506
AGQ45LLYE4LQO,0.35191744585156637,0.06664597718985181,0.0,1.0,0.5276946107784432,1,0,77,2507
A3JJBH0X3FTT5E,0.35191744585156637,0.06664597718985181,0.0,1.0,0.5276946107784432,1,0,77,2508
A1K7AEP8WWSKHX,0.35191744585156637,0.06664597718985181,0.0,1.0,0.5276946107784432,1,0,77,2509
A3GXH7PS56WLMI,0.35191744585156637,0.06664597718985181,0.0,1.0,0.5276946107784432,1,0,77,2510
A1XYXUV7IFHC4A,0.35191744585156637,0.06664597718985181,0.0,1.0,0.5276946107784432,1,0,77,2511
A15N5D547HXVXL,0.35191744585156637,0.06664597718985181,0.0,1.0,0.5276946107784432,1,0,77,2512
A2Q2NQODHFA2C9,0.35191744585156637,0.06664597718985181,0.0,1.0,0.5276946107784432,1,0,77,2513
AU9TU640Z88PY,0.35191744585156637,0.06664597718985181,0.0,1.0,0.5276946107784432,1,0,77,2514
AB1Y8Z50EPV46,0.35191744585156637,0.06664597718985181,0.0,1.0,0.5276946107784432,1,0,77,2515
A1I6TR7R336BXH,0.35191744585156637,0.06664597718985181,0.0,1.0,0.5276946107784432,1,0,77,2516
AKYNDGWD3TPAG,0.35191744585156637,0.06664597718985181,0.0,1.0,0.5276946107784432,1,0,77,2517
A3S7SV04I6BQ6E,0.35191744585156637,0.06664597718985181,0.0,1.0,0.5276946107784432,1,0,77,2518
ABAXZYRBJ7KUT,0.35191744585156637,0.06664597718985181,0.0,1.0,0.5276946107784432,1,0,77,2519
A3ORYMCHM9Q0VM,0.35191744585156637,0.06664597718985181,0.0,1.0,0.5276946107784432,1,0,77,2520
ANYDIV59WSQ6Q,0.35191744585156637,0.06664597718985181,0.0,1.0,0.5276946107784432,1,0,77,2521
A2OMWV3WTOJ27N,0.35191744585156637,0.06664597718985181,0.0,1.0,0.5276946107784432,1,0,77,2522
A24QURRFX7F7YV,0.35191744585156637,0.06664597718985181,0.0,1.0,0.5276946107784432,1,0,77,2523
A1YMI27NURH2YC,0.35191744585156637,0.06664597718985181,0.0,1.0,0.5276946107784432,1,0,77,2524
AZOK5STV85FBJ,0.35191744585156637,0.06664597718985181,0.0,1.0,0.5276946107784432,1,0,77,2525
A1KJEDEL6B3E8G,0.35191744585156637,0.06664597718985181,0.0,1.0,0.5276946107784432,1,0,77,2526
AE6DDIKFMC2RY,0.35191744585156637,0.06664597718985181,0.0,1.0,0.5276946107784432,1,0,77,2527
A23GFTVIETX7DS,0.35191744585156637,0.06664597718985181,0.0,1.0,0.5276946107784432,1,0,77,2528
A3HOQ9C7UMZQCS,0.35191744585156637,0.06664597718985181,0.0,1.0,0.5276946107784432,1,0,77,2529
A1ZCJ4VQPKV3W4,0.35191744585156637,0.06664597718985181,0.0,1.0,0.5276946107784432,1,0,77,2530
AIUXWEHCJRALM,0.35191744585156637,0.06664597718985181,0.0,1.0,0.5276946107784432,1,0,77,2531
AOAVP3C5WIVNH,0.35191744585156637,0.06664597718985181,0.0,1.0,0.5276946107784432,1,0,77,2532
A3AIM9XS17T39P,0.3517303201030634,0.06664597718985181,0.0,1.0,0.5269461077844312,1,3,75,2533
A21EXYTX5JWPAU,0.3517303201030634,0.06664597718985181,0.0,1.0,0.5269461077844312,1,3,75,2534
A3VPVJMLX1X3L7,0.3517303201030634,0.06664597718985181,0.0,1.0,0.5269461077844312,1,3,75,2535
A2XVE0GEZ4G16A,0.3517303201030634,0.06664597718985181,0.0,1.0,0.5269461077844312,1,3,75,2536
A317L56T9Q55C2,0.3517303201030634,0.06664597718985181,0.0,1.0,0.5269461077844312,1,3,75,2537
A3E5SOPIL985NQ,0.3517303201030634,0.06664597718985181,0.0,1.0,0.5269461077844312,1,3,75,2538
A3IMIUF9L0RK4E,0.3517303201030634,0.06664597718985181,0.0,1.0,0.5269461077844312,1,3,75,2539
A2HLMXUSTCSK8N,0.3517303201030634,0.06664597718985181,0.0,1.0,0.5269461077844312,1,3,75,2540
A9A0W7JKT1ORD,0.3517303201030634,0.06664597718985181,0.0,1.0,0.5269461077844312,1,3,75,2541
A3RTMCOLN1MIJW,0.3517303201030634,0.06664597718985181,0.0,1.0,0.5269461077844312,1,3,75,2542
A1HGK2XHW9J2PL,0.3517303201030634,0.06664597718985181,0.0,1.0,0.5269461077844312,1,3,75,2543
ARTA78TP6H73D,0.3517303201030634,0.06664597718985181,0.0,1.0,0.5269461077844312,1,3,75,2544
AQO6JI57GOIG3,0.3517303201030634,0.06664597718985181,0.0,1.0,0.5269461077844312,1,3,75,2545
A37NODCIL8PP75,0.3517303201030634,0.06664597718985181,0.0,1.0,0.5269461077844312,1,3,75,2546
AYXJMJJJ8JMXH,0.3517303201030634,0.06664597718985181,0.0,1.0,0.5269461077844312,1,3,75,2547
A3ADZPLY7C1TQV,0.3517303201030634,0.06664597718985181,0.0,1.0,0.5269461077844312,1,3,75,2548
A3OUYFXUOHDGH,0.3517303201030634,0.06664597718985181,0.0,1.0,0.5269461077844312,1,3,75,2549
A2SF8O50ZLJOC0,0.3517303201030634,0.06664597718985181,0.0,1.0,0.5269461077844312,1,3,75,2550
ALUYNO0PD2ARM,0.3517303201030634,0.06664597718985181,0.0,1.0,0.5269461077844312,1,3,75,2551
A28EZVGVWMQ071,0.3517303201030634,0.06664597718985181,0.0,1.0,0.5269461077844312,1,3,75,2552
A3GIZQ450133SC,0.3517303201030634,0.06664597718985181,0.0,1.0,0.5269461077844312,1,3,75,2553
A279M2SJNQDWM7,0.3517303201030634,0.06664597718985181,0.0,1.0,0.5269461077844312,1,3,75,2554
A30YRZHUDGLEK0,0.3517303201030634,0.06664597718985181,0.0,1.0,0.5269461077844312,1,3,75,2555
A1RH4OXWSKPQL6,0.3517303201030634,0.06664597718985181,0.0,1.0,0.5269461077844312,1,3,75,2556
A3M88BYKRP2ALY,0.3517303201030634,0.06664597718985181,0.0,1.0,0.5269461077844312,1,3,75,2557
A2IV2LFAX3E6D9,0.3517303201030634,0.06664597718985181,0.0,1.0,0.5269461077844312,1,3,75,2558
A1K79LEZS4KGUM,0.3517303201030634,0.06664597718985181,0.0,1.0,0.5269461077844312,1,3,75,2559
A3EVJFU8OGK8IT,0.3517303201030634,0.06664597718985181,0.0,1.0,0.5269461077844312,1,3,75,2560
A1590KJR2FEHI7,0.3517303201030634,0.06664597718985181,0.0,1.0,0.5269461077844312,1,3,75,2561
A2BTUPD2PM2MRU,0.3517303201030634,0.06664597718985181,0.0,1.0,0.5269461077844312,1,3,75,2562
A1B30WMI3SO6CB,0.3517303201030634,0.06664597718985181,0.0,1.0,0.5269461077844312,1,3,75,2563
A1Q29INJ9IN570,0.3512836004266287,0.00020523638287526266,0.1276817081815339,1.0,0.47720640986553053,2,0,276,2564
ALBRTADLPHYNU,0.35126250573180584,0.06664597718985181,0.0,1.0,0.5250748502994012,1,7,70,2565
A1MIASCYLDH24Q,0.35126250573180584,0.06664597718985181,0.0,1.0,0.5250748502994012,1,7,70,2566
A1D311UPNHZTHV,0.35126250573180584,0.06664597718985181,0.0,1.0,0.5250748502994012,1,7,70,2567
A3S9DTM7BCJS21,0.35126250573180584,0.06664597718985181,0.0,1.0,0.5250748502994012,1,7,70,2568
A3REPF6Z0P8Y0Q,0.35126250573180584,0.06664597718985181,0.0,1.0,0.5250748502994012,1,7,70,2569
A2QDSC731OQC3P,0.35126250573180584,0.06664597718985181,0.0,1.0,0.5250748502994012,1,7,70,2570
A25F2NO8JVV7WI,0.35126250573180584,0.06664597718985181,0.0,1.0,0.5250748502994012,1,7,70,2571
A2S33I8S9FJF7,0.35126250573180584,0.06664597718985181,0.0,1.0,0.5250748502994012,1,7,70,2572
A3G0U8SNAL7UV8,0.35126250573180584,0.06664597718985181,0.0,1.0,0.5250748502994012,1,7,70,2573
A3TKHAC2G7G0H1,0.35126250573180584,0.06664597718985181,0.0,1.0,0.5250748502994012,1,7,70,2574
A85PGE2FRU7J8,0.35126250573180584,0.06664597718985181,0.0,1.0,0.5250748502994012,1,7,70,2575
A18ECVX2RJ7HUE,0.35126250573180584,0.06664597718985181,0.0,1.0,0.5250748502994012,1,7,70,2576
AOQYN0MQVWSJR,0.35126250573180584,0.06664597718985181,0.0,1.0,0.5250748502994012,1,7,70,2577
A1S45WQWHNQBF2,0.35126250573180584,0.06664597718985181,0.0,1.0,0.5250748502994012,1,7,70,2578
A1DCNMRBNSTN59,0.35126250573180584,0.06664597718985181,0.0,1.0,0.5250748502994012,1,7,70,2579
A174P367YZ02ZE,0.35126250573180584,0.06664597718985181,0.0,1.0,0.5250748502994012,1,7,70,2580
A21623VNZ5H1YE,0.35126250573180584,0.06664597718985181,0.0,1.0,0.5250748502994012,1,7,70,2581
AZOFJX627J181,0.35126250573180584,0.06664597718985181,0.0,1.0,0.5250748502994012,1,7,70,2582
A37AO7DNHVKB28,0.35126250573180584,0.06664597718985181,0.0,1.0,0.5250748502994012,1,7,70,2583
A1Q4DVABELGRQO,0.35126250573180584,0.06664597718985181,0.0,1.0,0.5250748502994012,1,7,70,2584
ATWC3WIN06B9A,0.35126250573180584,0.06664597718985181,0.0,1.0,0.5250748502994012,1,7,70,2585
A366NR0YOJ0NVZ,0.35126250573180584,0.06664597718985181,0.0,1.0,0.5250748502994012,1,7,70,2586
A1MWAFR2POMHPU,0.35126250573180584,0.06664597718985181,0.0,1.0,0.5250748502994012,1,7,70,2587
ATDEJ6381GRZJ,0.35126250573180584,0.06664597718985181,0.0,1.0,0.5250748502994012,1,7,70,2588
A24KEBS6DN87Q7,0.35126250573180584,0.06664597718985181,0.0,1.0,0.5250748502994012,1,7,70,2589
A2W7MB4GB7CWWF,0.35126250573180584,0.06664597718985181,0.0,1.0,0.5250748502994012,1,7,70,2590
A1AQU5XF9GP4SB,0.35126250573180584,0.06664597718985181,0.0,1.0,0.5250748502994012,1,7,70,2591
A20W4W9KGWJV12,0.35116894285755434,0.06664597718985181,0.0,1.0,0.5247005988023952,1,21,69,2592
A23CIS24TPIQZP,0.35116894285755434,0.06664597718985181,0.0,1.0,0.5247005988023952,1,21,69,2593
A13M0YEMOZZKDL,0.35116894285755434,0.06664597718985181,0.0,1.0,0.5247005988023952,1,21,69,2594
A3I996CW1YFR3D,0.35116894285755434,0.06664597718985181,0.0,1.0,0.5247005988023952,1,19,69,2595
A21EHWHI9XQY10,0.35116894285755434,0.06664597718985181,0.0,1.0,0.5247005988023952,1,19,69,2596
A3J4B4J72FTKC8,0.35116894285755434,0.06664597718985181,0.0,1.0,0.5247005988023952,1,19,69,2597
A1FWP4ZSTC8W5O,0.35116894285755434,0.06664597718985181,0.0,1.0,0.5247005988023952,1,19,69,2598
A22870XFVVBHIJ,0.35116894285755434,0.06664597718985181,0.0,1.0,0.5247005988023952,1,19,69,2599
A301ZMQ2FPX1AG,0.35116894285755434,0.06664597718985181,0.0,1.0,0.5247005988023952,1,19,69,2600
A17GXMTHZLL8OC,0.35116894285755434,0.06664597718985181,0.0,1.0,0.5247005988023952,1,21,69,2601
ADTRPBYXKK8BE,0.35116894285755434,0.06664597718985181,0.0,1.0,0.5247005988023952,1,21,69,2602
A27EXUP9VDZ5FV,0.35116894285755434,0.06664597718985181,0.0,1.0,0.5247005988023952,1,21,69,2603
A39RHVY97AQINP,0.35116894285755434,0.06664597718985181,0.0,1.0,0.5247005988023952,1,19,69,2604
A3AUWB5YGG0W20,0.35116894285755434,0.06664597718985181,0.0,1.0,0.5247005988023952,1,19,69,2605
A3AFPQWM1RGSDE,0.35116894285755434,0.06664597718985181,0.0,1.0,0.5247005988023952,1,19,69,2606
A2A2STSMRHC225,0.35116894285755434,0.06664597718985181,0.0,1.0,0.5247005988023952,1,21,69,2607
A1HOV5ICDDKI03,0.35116894285755434,0.06664597718985181,0.0,1.0,0.5247005988023952,1,19,69,2608
ACH5AATZANIVL,0.35116894285755434,0.06664597718985181,0.0,1.0,0.5247005988023952,1,21,69,2609
ALR7JXNK1KOIC,0.35116894285755434,0.06664597718985181,0.0,1.0,0.5247005988023952,1,21,69,2610
A2JWF9IG8PJAOA,0.35116894285755434,0.06664597718985181,0.0,1.0,0.5247005988023952,1,21,69,2611
A22DV4ZASA1MX3,0.35116894285755434,0.06664597718985181,0.0,1.0,0.5247005988023952,1,21,69,2612
AOUZ3K5E68IRZ,0.35116894285755434,0.06664597718985181,0.0,1.0,0.5247005988023952,1,19,69,2613
A27YPCR3ZXWVFE,0.35116894285755434,0.06664597718985181,0.0,1.0,0.5247005988023952,1,19,69,2614
A3HSPIBCQA2ASN,0.35116894285755434,0.06664597718985181,0.0,1.0,0.5247005988023952,1,19,69,2615
A16RZ80WPLJVC5,0.35116894285755434,0.06664597718985181,0.0,1.0,0.5247005988023952,1,19,69,2616
A2W3CVBKM239H5,0.35116894285755434,0.06664597718985181,0.0,1.0,0.5247005988023952,1,19,69,2617
A284J4XHAKPYM6,0.35116894285755434,0.06664597718985181,0.0,1.0,0.5247005988023952,1,21,69,2618
A2VVT23YZNEOUE,0.35116894285755434,0.06664597718985181,0.0,1.0,0.5247005988023952,1,21,69,2619
A23RCAS3DH5555,0.35116894285755434,0.06664597718985181,0.0,1.0,0.5247005988023952,1,19,69,2620
A1NP78VYIMHCKK,0.35116894285755434,0.06664597718985181,0.0,1.0,0.5247005988023952,1,21,69,2621
A3977M5S0GIG5H,0.35116894285755434,0.06664597718985181,0.0,1.0,0.5247005988023952,1,21,69,2622
A33JJRB8ZAU2LF,0.35116894285755434,0.06664597718985181,0.0,1.0,0.5247005988023952,1,19,69,2623
A2UZ08JP9E384H,0.35116894285755434,0.06664597718985181,0.0,1.0,0.5247005988023952,1,21,69,2624
A1B9W7LG5CQ8LL,0.35116894285755434,0.06664597718985181,0.0,1.0,0.5247005988023952,1,21,69,2625
A1MYZWL405PBUB,0.35116894285755434,0.06664597718985181,0.0,1.0,0.5247005988023952,1,21,69,2626
A69YFKRRIOG19,0.35116894285755434,0.06664597718985181,0.0,1.0,0.5247005988023952,1,19,69,2627
A2BEI9QC4XQFYD,0.35116894285755434,0.06664597718985181,0.0,1.0,0.5247005988023952,1,19,69,2628
A2ND1OJCS96L69,0.35116894285755434,0.06664597718985181,0.0,1.0,0.5247005988023952,1,19,69,2629
A1TNK6MP89YXY2,0.35116894285755434,0.06664597718985181,0.0,1.0,0.5247005988023952,1,21,69,2630
A1T8QZFPHG0S0W,0.35116894285755434,0.06664597718985181,0.0,1.0,0.5247005988023952,1,19,69,2631
A2V7EO331SFUF6,0.35116894285755434,0.06664597718985181,0.0,1.0,0.5247005988023952,1,21,69,2632
A1TOB2PO3B0MLC,0.35116894285755434,0.06664597718985181,0.0,1.0,0.5247005988023952,1,19,69,2633
A1VPAHPK6H0267,0.35116894285755434,0.06664597718985181,0.0,1.0,0.5247005988023952,1,21,69,2634
ATQQA4VFSCXAG,0.35116894285755434,0.06664597718985181,0.0,1.0,0.5247005988023952,1,21,69,2635
A6IT5UZHEBA02,0.35116894285755434,0.06664597718985181,0.0,1.0,0.5247005988023952,1,19,69,2636
A2OTFNASZFDVFT,0.35116894285755434,0.06664597718985181,0.0,1.0,0.5247005988023952,1,19,69,2637
A2SAI9GPI7NLK,0.35116894285755434,0.06664597718985181,0.0,1.0,0.5247005988023952,1,21,69,2638
A2SJVK0G3KLIB1,0.35116894285755434,0.06664597718985181,0.0,1.0,0.5247005988023952,1,19,69,2639
A3FNOSCPPESDF9,0.35116894285755434,0.06664597718985181,0.0,1.0,0.5247005988023952,1,21,69,2640
AFA29LL0COYO6,0.35116894285755434,0.06664597718985181,0.0,1.0,0.5247005988023952,1,19,69,2641
ALSIXP72JBQ2Q,0.35116894285755434,0.06664597718985181,0.0,1.0,0.5247005988023952,1,21,69,2642
A2519QDPSKTSAV,0.35116894285755434,0.06664597718985181,0.0,1.0,0.5247005988023952,1,21,69,2643
A2S3G3C84ATVST,0.35116894285755434,0.06664597718985181,0.0,1.0,0.5247005988023952,1,21,69,2644
A1F8F5LZ9GCHSB,0.35116894285755434,0.06664597718985181,0.0,1.0,0.5247005988023952,1,19,69,2645
A3RP68J125MBQW,0.35116894285755434,0.06664597718985181,0.0,1.0,0.5247005988023952,1,19,69,2646
A15ZWZKUIPUUVH,0.35116894285755434,0.06664597718985181,0.0,1.0,0.5247005988023952,1,19,69,2647
AKVKO4R1KZ0WR,0.35116894285755434,0.06664597718985181,0.0,1.0,0.5247005988023952,1,21,69,2648
A34ETKDJ29JAQ3,0.35116894285755434,0.06664597718985181,0.0,1.0,0.5247005988023952,1,21,69,2649
A100SER4Z9YAWR,0.35116894285755434,0.06664597718985181,0.0,1.0,0.5247005988023952,1,21,69,2650
A29LNXUJP5ANAL,0.35116894285755434,0.06664597718985181,0.0,1.0,0.5247005988023952,1,19,69,2651
AZ2X2P045ZFH2,0.35116894285755434,0.06664597718985181,0.0,1.0,0.5247005988023952,1,21,69,2652
AZ0FIJCBTM6MI,0.35116894285755434,0.06664597718985181,0.0,1.0,0.5247005988023952,1,21,69,2653
A1E6U796EWSWXL,0.35107537998330285,0.06664597718985181,0.0,1.0,0.5243263473053892,1,2,68,2654
A7Q5OECQBQA6F,0.35107537998330285,0.06664597718985181,0.0,1.0,0.5243263473053892,1,2,68,2655
A30WDIW9B3XQY1,0.35107537998330285,0.06664597718985181,0.0,1.0,0.5243263473053892,1,2,68,2656
A3775OP5VTX5ON,0.35107537998330285,0.06664597718985181,0.0,1.0,0.5243263473053892,1,2,68,2657
A2DAX9YH4EVXB0,0.35107537998330285,0.06664597718985181,0.0,1.0,0.5243263473053892,1,2,68,2658
AS0NBFJ2W5NSW,0.35107537998330285,0.06664597718985181,0.0,1.0,0.5243263473053892,1,2,68,2659
A3HKEH7RU4OS0,0.35107537998330285,0.06664597718985181,0.0,1.0,0.5243263473053892,1,2,68,2660
A19TH613LUQJ4X,0.35107537998330285,0.06664597718985181,0.0,1.0,0.5243263473053892,1,2,68,2661
A35PIJ9XIK1QDG,0.35107537998330285,0.06664597718985181,0.0,1.0,0.5243263473053892,1,2,68,2662
A3G5OZD8J9L7NW,0.35107537998330285,0.06664597718985181,0.0,1.0,0.5243263473053892,1,2,68,2663
A2ECC8ZVI96BNV,0.35107537998330285,0.06664597718985181,0.0,1.0,0.5243263473053892,1,2,68,2664
A1MJ35T7A49TCC,0.35107537998330285,0.06664597718985181,0.0,1.0,0.5243263473053892,1,2,68,2665
A75XLNYQN0QRW,0.35107537998330285,0.06664597718985181,0.0,1.0,0.5243263473053892,1,2,68,2666
A1CXY93H6HE4EH,0.35107537998330285,0.06664597718985181,0.0,1.0,0.5243263473053892,1,2,68,2667
A1KDUQ2HU0WD68,0.35107537998330285,0.06664597718985181,0.0,1.0,0.5243263473053892,1,2,68,2668
A3HOD6ZNT3Y475,0.35107537998330285,0.06664597718985181,0.0,1.0,0.5243263473053892,1,2,68,2669
A3F5B6FVK7KOJ7,0.35107537998330285,0.06664597718985181,0.0,1.0,0.5243263473053892,1,2,68,2670
AT6EUQERXGR8Z,0.35107537998330285,0.06664597718985181,0.0,1.0,0.5243263473053892,1,2,68,2671
A1WKVJZ5V4L08N,0.35107537998330285,0.06664597718985181,0.0,1.0,0.5243263473053892,1,2,68,2672
A2MTXUIGK2736T,0.35107537998330285,0.06664597718985181,0.0,1.0,0.5243263473053892,1,2,68,2673
A1CLS326NEN86Y,0.35107537998330285,0.06664597718985181,0.0,1.0,0.5243263473053892,1,2,68,2674
ADMWYMH11LD27,0.35107537998330285,0.06664597718985181,0.0,1.0,0.5243263473053892,1,2,68,2675
A16F3IAR2659FN,0.35107537998330285,0.06664597718985181,0.0,1.0,0.5243263473053892,1,2,68,2676
A1CM4HI4S5P0WO,0.35107537998330285,0.06664597718985181,0.0,1.0,0.5243263473053892,1,2,68,2677
A3KRRB6SG6P63T,0.35107537998330285,0.06664597718985181,0.0,1.0,0.5243263473053892,1,2,68,2678
A3KDRLIBWILPMJ,0.35107537998330285,0.06664597718985181,0.0,1.0,0.5243263473053892,1,2,68,2679
A3KJ12S3O5ESRW,0.35107537998330285,0.06664597718985181,0.0,1.0,0.5243263473053892,1,2,68,2680
A2RYWJMMS08S29,0.35107537998330285,0.06664597718985181,0.0,1.0,0.5243263473053892,1,2,68,2681
A1V8ZZOQ50N74V,0.35107537998330285,0.06664597718985181,0.0,1.0,0.5243263473053892,1,2,68,2682
A1CIFFHXSYF5KT,0.35107537998330285,0.06664597718985181,0.0,1.0,0.5243263473053892,1,2,68,2683
A1TYWW54WOSKCF,0.35107537998330285,0.06664597718985181,0.0,1.0,0.5243263473053892,1,2,68,2684
A1FNBZLJI88MQJ,0.35107537998330285,0.06664597718985181,0.0,1.0,0.5243263473053892,1,2,68,2685
A3PH8X6N66K228,0.35107537998330285,0.06664597718985181,0.0,1.0,0.5243263473053892,1,2,68,2686
A1X8WKS6S294JE,0.35107537998330285,0.06664597718985181,0.0,1.0,0.5243263473053892,1,2,68,2687
A2ZJPDH0YP90SD,0.35107537998330285,0.06664597718985181,0.0,1.0,0.5243263473053892,1,2,68,2688
A2K51F7XMZ3YY3,0.35107537998330285,0.06664597718985181,0.0,1.0,0.5243263473053892,1,2,68,2689
A32PP5VY9GEJ43,0.35098181710905135,0.06664597718985181,0.0,1.0,0.5239520958083832,1,0,67,2690
A6VPK7X53QNAQ,0.35098181710905135,0.06664597718985181,0.0,1.0,0.5239520958083832,1,0,67,2691
A30J7WQV0ZNRXG,0.35098181710905135,0.06664597718985181,0.0,1.0,0.5239520958083832,1,0,67,2692
A1NVD27K83L3BO,0.35098181710905135,0.06664597718985181,0.0,1.0,0.5239520958083832,1,0,67,2693
ASWHZ0TTPT0P0,0.35098181710905135,0.06664597718985181,0.0,1.0,0.5239520958083832,1,0,67,2694
A3085YHTXL9NRA,0.35098181710905135,0.06664597718985181,0.0,1.0,0.5239520958083832,1,0,67,2695
A1MH5BLELS53AS,0.35098181710905135,0.06664597718985181,0.0,1.0,0.5239520958083832,1,0,67,2696
A2HZSCP2YBACIN,0.35098181710905135,0.06664597718985181,0.0,1.0,0.5239520958083832,1,0,67,2697
A1MA3OY6Z3DGO9,0.35098181710905135,0.06664597718985181,0.0,1.0,0.5239520958083832,1,0,67,2698
A2J2JNUHJSJXEQ,0.35098181710905135,0.06664597718985181,0.0,1.0,0.5239520958083832,1,0,67,2699
A22VIIBDPVRNPZ,0.35098181710905135,0.06664597718985181,0.0,1.0,0.5239520958083832,1,0,67,2700
A3J01CV4XJ5V0A,0.35098181710905135,0.06664597718985181,0.0,1.0,0.5239520958083832,1,0,67,2701
A3K649G2P9C8PY,0.35098181710905135,0.06664597718985181,0.0,1.0,0.5239520958083832,1,0,67,2702
A3LGDXKOVO627U,0.35098181710905135,0.06664597718985181,0.0,1.0,0.5239520958083832,1,0,67,2703
ADQ0T89TVMRJU,0.35098181710905135,0.06664597718985181,0.0,1.0,0.5239520958083832,1,0,67,2704
ADMO37GU8F7DB,0.35098181710905135,0.06664597718985181,0.0,1.0,0.5239520958083832,1,0,67,2705
A2L6ARD2XWNC9P,0.35098181710905135,0.06664597718985181,0.0,1.0,0.5239520958083832,1,0,67,2706
AJP44QXY4JBOZ,0.35098181710905135,0.06664597718985181,0.0,1.0,0.5239520958083832,1,0,67,2707
A2MNB77YGJ3CN0,0.35098181710905135,0.06664597718985181,0.0,1.0,0.5239520958083832,1,0,67,2708
AQWZYNDSUOVC5,0.35098181710905135,0.06664597718985181,0.0,1.0,0.5239520958083832,1,0,67,2709
A3J891E9B6FIIP,0.35098181710905135,0.06664597718985181,0.0,1.0,0.5239520958083832,1,0,67,2710
AGZ8HQO485IL8,0.35098181710905135,0.06664597718985181,0.0,1.0,0.5239520958083832,1,0,67,2711
A3L3ZJJK5O77G4,0.35098181710905135,0.06664597718985181,0.0,1.0,0.5239520958083832,1,0,67,2712
AJO24K1MUFCKM,0.35098181710905135,0.06664597718985181,0.0,1.0,0.5239520958083832,1,0,67,2713
A1CBFIXDW95M5X,0.35098181710905135,0.06664597718985181,0.0,1.0,0.5239520958083832,1,0,67,2714
A28CDVITG60706,0.35098181710905135,0.06664597718985181,0.0,1.0,0.5239520958083832,1,0,67,2715
A1F8ABPW3WRF6T,0.35098181710905135,0.06664597718985181,0.0,1.0,0.5239520958083832,1,0,67,2716
A2QY6S1O0Y0Z65,0.35098181710905135,0.06664597718985181,0.0,1.0,0.5239520958083832,1,0,67,2717
A2PZJYHC2342W,0.35098181710905135,0.06664597718985181,0.0,1.0,0.5239520958083832,1,0,67,2718
A2SWSQTATYKT0C,0.35098181710905135,0.06664597718985181,0.0,1.0,0.5239520958083832,1,0,67,2719
AA75INOMAHULX,0.35067155843749065,0.0008751089517634632,0.2317758779635127,1.0,0.3698602250443337,2,5,336,2720
A22YUW6VX3I8PK,0.3503268769892909,0.06664597718985181,0.0,1.0,0.5213323353293413,1,10,60,2721
A3RXK7UUDWQRTQ,0.3503268769892909,0.06664597718985181,0.0,1.0,0.5213323353293413,1,10,60,2722
A7I3WFZE31KAZ,0.3503268769892909,0.06664597718985181,0.0,1.0,0.5213323353293413,1,10,60,2723
A235UFZGCFN3J5,0.3503268769892909,0.06664597718985181,0.0,1.0,0.5213323353293413,1,10,60,2724
ARVW5GNMO9QU7,0.3503268769892909,0.06664597718985181,0.0,1.0,0.5213323353293413,1,10,60,2725
A3FL4Q6TEPST6C,0.3503268769892909,0.06664597718985181,0.0,1.0,0.5213323353293413,1,10,60,2726
A1LAH0VUZGP0HX,0.3503268769892909,0.06664597718985181,0.0,1.0,0.5213323353293413,1,10,60,2727
AUEZ029EW5BF5,0.3503268769892909,0.06664597718985181,0.0,1.0,0.5213323353293413,1,10,60,2728
A2A0HREDAG2QIC,0.3503268769892909,0.06664597718985181,0.0,1.0,0.5213323353293413,1,10,60,2729
A29VGSEOXFSJC4,0.3503268769892909,0.06664597718985181,0.0,1.0,0.5213323353293413,1,10,60,2730
A3KZDS16VTCBCD,0.3503268769892909,0.06664597718985181,0.0,1.0,0.5213323353293413,1,10,60,2731
A3UACABVOF2XF1,0.3503268769892909,0.06664597718985181,0.0,1.0,0.5213323353293413,1,10,60,2732
A38QGN16XWQ8SL,0.3503268769892909,0.06664597718985181,0.0,1.0,0.5213323353293413,1,10,60,2733
A1UDJYFICROJ3X,0.3503268769892909,0.06664597718985181,0.0,1.0,0.5213323353293413,1,10,60,2734
A3NQU1649SH0Q4,0.3503268769892909,0.06664597718985181,0.0,1.0,0.5213323353293413,1,10,60,2735
A1U29HNXYN3TIB,0.3503268769892909,0.06664597718985181,0.0,1.0,0.5213323353293413,1,10,60,2736
ANNKHRRNO6TT9,0.3503268769892909,0.06664597718985181,0.0,1.0,0.5213323353293413,1,10,60,2737
AI4WN15VV8AYB,0.3503268769892909,0.06664597718985181,0.0,1.0,0.5213323353293413,1,10,60,2738
A1RPKCLVRLU062,0.3503268769892909,0.06664597718985181,0.0,1.0,0.5213323353293413,1,10,60,2739
A3RG6PPAEW83X2,0.3503268769892909,0.06664597718985181,0.0,1.0,0.5213323353293413,1,10,60,2740
A1XQCLOF5MP5OB,0.3503268769892909,0.06664597718985181,0.0,1.0,0.5213323353293413,1,10,60,2741
A1H0XHTUZEE8LF,0.3503268769892909,0.06664597718985181,0.0,1.0,0.5213323353293413,1,10,60,2742
A2U86YNYOVTMD4,0.3503268769892909,0.06664597718985181,0.0,1.0,0.5213323353293413,1,10,60,2743
A3P4OCFJHME34N,0.3503268769892909,0.06664597718985181,0.0,1.0,0.5213323353293413,1,10,60,2744
A3SSDQFBBVDGRS,0.3503268769892909,0.06664597718985181,0.0,1.0,0.5213323353293413,1,10,60,2745
A1W6QZK6BFJLW2,0.3503268769892909,0.06664597718985181,0.0,1.0,0.5213323353293413,1,10,60,2746
A2ZW4Q5B43JOFP,0.3503268769892909,0.06664597718985181,0.0,1.0,0.5213323353293413,1,10,60,2747
A2INA3KNWJWM1Z,0.3503268769892909,0.06664597718985181,0.0,1.0,0.5213323353293413,1,10,60,2748
A20ICK2UGU8PIJ,0.3503268769892909,0.06664597718985181,0.0,1.0,0.5213323353293413,1,10,60,2749
A9ZV2N6JTI8BF,0.3503268769892909,0.06664597718985181,0.0,1.0,0.5213323353293413,1,10,60,2750
A3RAZLVRY2R7VX,0.3500461883665364,0.06664597718985181,0.0,1.0,0.5202095808383234,1,22,57,2751
A1Z31WP1M6XWTQ,0.3500461883665364,0.06664597718985181,0.0,1.0,0.5202095808383234,1,22,57,2752
A2AWJVTRURCGX3,0.3500461883665364,0.06664597718985181,0.0,1.0,0.5202095808383234,1,22,57,2753
A1YXOCELGUR73P,0.3500461883665364,0.06664597718985181,0.0,1.0,0.5202095808383234,1,22,57,2754
A3U525HTP9WZX5,0.3500461883665364,0.06664597718985181,0.0,1.0,0.5202095808383234,1,8,57,2755
AO8RJE8TIFJZA,0.3500461883665364,0.06664597718985181,0.0,1.0,0.5202095808383234,1,22,57,2756
A2TVQ7WEVEU2R8,0.3500461883665364,0.06664597718985181,0.0,1.0,0.5202095808383234,1,22,57,2757
A1HTB488P5GRCP,0.3500461883665364,0.06664597718985181,0.0,1.0,0.5202095808383234,1,22,57,2758
A3P2TXT2WDMZR6,0.3500461883665364,0.06664597718985181,0.0,1.0,0.5202095808383234,1,8,57,2759
ATKBLA1K7BYE8,0.3500461883665364,0.06664597718985181,0.0,1.0,0.5202095808383234,1,8,57,2760
A2FM9BOFK3RS94,0.3500461883665364,0.06664597718985181,0.0,1.0,0.5202095808383234,1,8,57,2761
A1OAE2FSDZAXTL,0.3500461883665364,0.06664597718985181,0.0,1.0,0.5202095808383234,1,8,57,2762
A25789FH7X4BMI,0.3500461883665364,0.06664597718985181,0.0,1.0,0.5202095808383234,1,8,57,2763
A34818POYHM1GD,0.3500461883665364,0.06664597718985181,0.0,1.0,0.5202095808383234,1,8,57,2764
AZV2U6GU5QA6C,0.3500461883665364,0.06664597718985181,0.0,1.0,0.5202095808383234,1,22,57,2765
A3AGVFQM0TJJW4,0.3500461883665364,0.06664597718985181,0.0,1.0,0.5202095808383234,1,22,57,2766
A10TTUZKZRCT44,0.3500461883665364,0.06664597718985181,0.0,1.0,0.5202095808383234,1,8,57,2767
A4RQ2TQJVJ58Q,0.3500461883665364,0.06664597718985181,0.0,1.0,0.5202095808383234,1,8,57,2768
A309PFW8T6DMMZ,0.3500461883665364,0.06664597718985181,0.0,1.0,0.5202095808383234,1,8,57,2769
A1M3PFRRYTK9ZE,0.3500461883665364,0.06664597718985181,0.0,1.0,0.5202095808383234,1,22,57,2770
AUQX2NKVSRZ2A,0.3500461883665364,0.06664597718985181,0.0,1.0,0.5202095808383234,1,22,57,2771
A1DPUZDTVNJUMX,0.3500461883665364,0.06664597718985181,0.0,1.0,0.5202095808383234,1,8,57,2772
A1DKICE5Z4EQNR,0.3500461883665364,0.06664597718985181,0.0,1.0,0.5202095808383234,1,8,57,2773
A3PQBXEJX8WZ14,0.3500461883665364,0.06664597718985181,0.0,1.0,0.5202095808383234,1,8,57,2774
AYK7KLKHFHS89,0.3500461883665364,0.06664597718985181,0.0,1.0,0.5202095808383234,1,22,57,2775
A1F3BUDAE2HVK0,0.3500461883665364,0.06664597718985181,0.0,1.0,0.5202095808383234,1,8,57,2776
A3TTM5JYI2ZB7Z,0.3500461883665364,0.06664597718985181,0.0,1.0,0.5202095808383234,1,22,57,2777
A1RMTJ6SNY7A6O,0.3500461883665364,0.06664597718985181,0.0,1.0,0.5202095808383234,1,8,57,2778
A21O9932IN4OEW,0.3500461883665364,0.06664597718985181,0.0,1.0,0.5202095808383234,1,22,57,2779
AQBNT8J46B726,0.3500461883665364,0.06664597718985181,0.0,1.0,0.5202095808383234,1,8,57,2780
A37JWH7Y3AGPKH,0.3500461883665364,0.06664597718985181,0.0,1.0,0.5202095808383234,1,8,57,2781
AVZDJYULA3P3M,0.3500461883665364,0.06664597718985181,0.0,1.0,0.5202095808383234,1,8,57,2782
A2H0734J35EB5Q,0.3500461883665364,0.06664597718985181,0.0,1.0,0.5202095808383234,1,8,57,2783
A2E2XG7HG79EO5,0.3500461883665364,0.06664597718985181,0.0,1.0,0.5202095808383234,1,22,57,2784
ATA1ENQCHVZVV,0.3500461883665364,0.06664597718985181,0.0,1.0,0.5202095808383234,1,8,57,2785
A1OMZ3YU1W9L99,0.3500461883665364,0.06664597718985181,0.0,1.0,0.5202095808383234,1,22,57,2786
A1NP3RUUZSMR8J,0.3500461883665364,0.06664597718985181,0.0,1.0,0.5202095808383234,1,8,57,2787
A137OOBMF8P43D,0.3500461883665364,0.06664597718985181,0.0,1.0,0.5202095808383234,1,8,57,2788
A36DNPFCX8A0Q3,0.3500461883665364,0.06664597718985181,0.0,1.0,0.5202095808383234,1,8,57,2789
AT9TLGZ5UHY0C,0.3500461883665364,0.06664597718985181,0.0,1.0,0.5202095808383234,1,8,57,2790
A3HCZTTUH3CW9Z,0.3500461883665364,0.06664597718985181,0.0,1.0,0.5202095808383234,1,8,57,2791
A1JAY1EEQ2E60H,0.3500461883665364,0.06664597718985181,0.0,1.0,0.5202095808383234,1,8,57,2792
A2CBYGMX1S6KS6,0.3500461883665364,0.06664597718985181,0.0,1.0,0.5202095808383234,1,8,57,2793
A91K5V1GJ9ASA,0.3500461883665364,0.06664597718985181,0.0,1.0,0.5202095808383234,1,8,57,2794
A2XQ1TZ9RJQHL0,0.3500461883665364,0.06664597718985181,0.0,1.0,0.5202095808383234,1,22,57,2795
A21QQB0GM1B9BS,0.3500461883665364,0.06664597718985181,0.0,1.0,0.5202095808383234,1,8,57,2796
A1RM4PM0D4BNEJ,0.3500461883665364,0.06664597718985181,0.0,1.0,0.5202095808383234,1,22,57,2797
A1QP9QVNM4OMWR,0.3500461883665364,0.06664597718985181,0.0,1.0,0.5202095808383234,1,8,57,2798
A379D24QUVV1X3,0.3500461883665364,0.06664597718985181,0.0,1.0,0.5202095808383234,1,8,57,2799
A2ZRQ6XQ8XNMTO,0.3500461883665364,0.06664597718985181,0.0,1.0,0.5202095808383234,1,22,57,2800
A3ER4LUKW3PO2W,0.3500461883665364,0.06664597718985181,0.0,1.0,0.5202095808383234,1,22,57,2801
AWPRJUXW39ZYC,0.3500461883665364,0.06664597718985181,0.0,1.0,0.5202095808383234,1,8,57,2802
A3UNGIF5G9RMCN,0.3500461883665364,0.06664597718985181,0.0,1.0,0.5202095808383234,1,8,57,2803
A1Z9P17UJQKRKI,0.3500461883665364,0.06664597718985181,0.0,1.0,0.5202095808383234,1,22,57,2804
A2KZXS3L7C975N,0.3500461883665364,0.06664597718985181,0.0,1.0,0.5202095808383234,1,8,57,2805
A112SYEKX4ZTUI,0.3498590626180334,0.06664597718985181,0.0,1.0,0.5194610778443114,1,2,55,2806
A326CJOIAVMKIR,0.3498590626180334,0.06664597718985181,0.0,1.0,0.5194610778443114,1,0,55,2807
A233BX8N5692C6,0.3498590626180334,0.06664597718985181,0.0,1.0,0.5194610778443114,1,0,55,2808
A134XZNXCGU7JD,0.3498590626180334,0.06664597718985181,0.0,1.0,0.5194610778443114,1,2,55,2809
A2EGVV7O4CEOIT,0.3498590626180334,0.06664597718985181,0.0,1.0,0.5194610778443114,1,2,55,2810
AZBELVP7XNQ2W,0.3498590626180334,0.06664597718985181,0.0,1.0,0.5194610778443114,1,0,55,2811
A1E4FASFO78Z77,0.3498590626180334,0.06664597718985181,0.0,1.0,0.5194610778443114,1,2,55,2812
A34DXV6MS7G9CL,0.3498590626180334,0.06664597718985181,0.0,1.0,0.5194610778443114,1,2,55,2813
A139TU0DN7WHEG,0.3498590626180334,0.06664597718985181,0.0,1.0,0.5194610778443114,1,0,55,2814
A2HC3SUL6QC33I,0.3498590626180334,0.06664597718985181,0.0,1.0,0.5194610778443114,1,0,55,2815
A2H629SI5VJGRM,0.3498590626180334,0.06664597718985181,0.0,1.0,0.5194610778443114,1,2,55,2816
A61R1DEE1MO2Q,0.3498590626180334,0.06664597718985181,0.0,1.0,0.5194610778443114,1,2,55,2817
A3GJF1RYLXMQOD,0.3498590626180334,0.06664597718985181,0.0,1.0,0.5194610778443114,1,0,55,2818
ATQ97ZM79XJ3J,0.3498590626180334,0.06664597718985181,0.0,1.0,0.5194610778443114,1,2,55,2819
A1L34X2F3YTD7E,0.3498590626180334,0.06664597718985181,0.0,1.0,0.5194610778443114,1,2,55,2820
A2E7X11Z8FU5IG,0.3498590626180334,0.06664597718985181,0.0,1.0,0.5194610778443114,1,2,55,2821
A33O7L1ZGWEYTL,0.3498590626180334,0.06664597718985181,0.0,1.0,0.5194610778443114,1,0,55,2822
AEFMWTH14ZFWT,0.3498590626180334,0.06664597718985181,0.0,1.0,0.5194610778443114,1,2,55,2823
A3F67ZFU5YMIDD,0.3498590626180334,0.06664597718985181,0.0,1.0,0.5194610778443114,1,0,55,2824
A37T4NN3DV3U75,0.3498590626180334,0.06664597718985181,0.0,1.0,0.5194610778443114,1,2,55,2825
A13EQE9EY2ET93,0.3498590626180334,0.06664597718985181,0.0,1.0,0.5194610778443114,1,2,55,2826
A1J1ORDE07JZ46,0.3498590626180334,0.06664597718985181,0.0,1.0,0.5194610778443114,1,0,55,2827
A3MHMWIQ2GRHC3,0.3498590626180334,0.06664597718985181,0.0,1.0,0.5194610778443114,1,2,55,2828
A3UQR3IEAL6G6A,0.3498590626180334,0.06664597718985181,0.0,1.0,0.5194610778443114,1,2,55,2829
AI3FJ2DZ7IQYM,0.3498590626180334,0.06664597718985181,0.0,1.0,0.5194610778443114,1,0,55,2830
A21FX4X350687H,0.3498590626180334,0.06664597718985181,0.0,1.0,0.5194610778443114,1,2,55,2831
A38SHOPZADNOLN,0.3498590626180334,0.06664597718985181,0.0,1.0,0.5194610778443114,1,0,55,2832
A1RYOQDUVY5B0,0.3498590626180334,0.06664597718985181,0.0,1.0,0.5194610778443114,1,2,55,2833
A2X9H68QLS42Q7,0.3498590626180334,0.06664597718985181,0.0,1.0,0.5194610778443114,1,2,55,2834
A3LWII71ZQZQ5G,0.3498590626180334,0.06664597718985181,0.0,1.0,0.5194610778443114,1,2,55,2835
A2Z6K5LQUZU08X,0.3498590626180334,0.06664597718985181,0.0,1.0,0.5194610778443114,1,0,55,2836
A2IKX7H2PLHULP,0.3498590626180334,0.06664597718985181,0.0,1.0,0.5194610778443114,1,2,55,2837
A3J4DJ03W3UF8O,0.3498590626180334,0.06664597718985181,0.0,1.0,0.5194610778443114,1,0,55,2838
AGHBU1UWQBW2Z,0.3498590626180334,0.06664597718985181,0.0,1.0,0.5194610778443114,1,0,55,2839
A2OH37ZS0I1RSK,0.3498590626180334,0.06664597718985181,0.0,1.0,0.5194610778443114,1,2,55,2840
A1FP2LA6M2OJX0,0.3498590626180334,0.06664597718985181,0.0,1.0,0.5194610778443114,1,0,55,2841
A2TQ16HTB6F0JU,0.3498590626180334,0.06664597718985181,0.0,1.0,0.5194610778443114,1,2,55,2842
A1IJ9KI79QIGCU,0.3498590626180334,0.06664597718985181,0.0,1.0,0.5194610778443114,1,2,55,2843
A1HZIKS8JFCM9U,0.3498590626180334,0.06664597718985181,0.0,1.0,0.5194610778443114,1,0,55,2844
AMEG6A5W3QJCZ,0.3498590626180334,0.06664597718985181,0.0,1.0,0.5194610778443114,1,0,55,2845
AYMJ0CNEMPG48,0.3498590626180334,0.06664597718985181,0.0,1.0,0.5194610778443114,1,2,55,2846
A3SCTA36FA7E88,0.3498590626180334,0.06664597718985181,0.0,1.0,0.5194610778443114,1,2,55,2847
AMSOH6T6E3FSJ,0.3498590626180334,0.06664597718985181,0.0,1.0,0.5194610778443114,1,2,55,2848
A3QCXIDIO5DF00,0.3498590626180334,0.06664597718985181,0.0,1.0,0.5194610778443114,1,2,55,2849
AJZ0V9Q3ZVYWV,0.3498590626180334,0.06664597718985181,0.0,1.0,0.5194610778443114,1,0,55,2850
A2QAS68TU5KOZT,0.3498590626180334,0.06664597718985181,0.0,1.0,0.5194610778443114,1,0,55,2851
A3RNAIFV56WG5E,0.3498590626180334,0.06664597718985181,0.0,1.0,0.5194610778443114,1,0,55,2852
A12AYONFLIYMSZ,0.3498590626180334,0.06664597718985181,0.0,1.0,0.5194610778443114,1,2,55,2853
A1WJBY269CG7AC,0.3498590626180334,0.06664597718985181,0.0,1.0,0.5194610778443114,1,2,55,2854
A2RQKWQP4W3I2M,0.3498590626180334,0.06664597718985181,0.0,1.0,0.5194610778443114,1,0,55,2855
A1XUQIA7Q0BGJ1,0.3498590626180334,0.06664597718985181,0.0,1.0,0.5194610778443114,1,2,55,2856
ABQEDHBG91BBR,0.3498590626180334,0.06664597718985181,0.0,1.0,0.5194610778443114,1,2,55,2857
A1DVKQE6BFL98Q,0.3498590626180334,0.06664597718985181,0.0,1.0,0.5194610778443114,1,2,55,2858
A2CJ4DLE8TWAGL,0.3498178770008957,0.0041411280937233294,0.0,1.0,0.5943021542911149,2,4,642,2859
A2ABALJP4ZTH4P,0.3497654997437819,0.06664597718985181,0.0,1.0,0.5190868263473054,1,14,54,2860
A2AF0NOCM71J0B,0.3497654997437819,0.06664597718985181,0.0,1.0,0.5190868263473054,1,14,54,2861
A2WHVT3GA5J71X,0.3497654997437819,0.06664597718985181,0.0,1.0,0.5190868263473054,1,14,54,2862
A1AWPV3PS9IH3U,0.3497654997437819,0.06664597718985181,0.0,1.0,0.5190868263473054,1,14,54,2863
A38FSZIH7JWJU5,0.3497654997437819,0.06664597718985181,0.0,1.0,0.5190868263473054,1,14,54,2864
A1SMPBX582OIDY,0.3497654997437819,0.06664597718985181,0.0,1.0,0.5190868263473054,1,14,54,2865
AXI2RYB20ZZM4,0.3497654997437819,0.06664597718985181,0.0,1.0,0.5190868263473054,1,14,54,2866
A2LVSXBNK9VN3R,0.3497654997437819,0.06664597718985181,0.0,1.0,0.5190868263473054,1,14,54,2867
A1XNP1G5HWNGB7,0.3497654997437819,0.06664597718985181,0.0,1.0,0.5190868263473054,1,14,54,2868
ACKFOZS2ASBAT,0.3497654997437819,0.06664597718985181,0.0,1.0,0.5190868263473054,1,14,54,2869
A1BVQGCOMB4H3W,0.3497654997437819,0.06664597718985181,0.0,1.0,0.5190868263473054,1,14,54,2870
A3HLIVR8UY72P6,0.3497654997437819,0.06664597718985181,0.0,1.0,0.5190868263473054,1,14,54,2871
ATXZN4ZBT7VT,0.3497654997437819,0.06664597718985181,0.0,1.0,0.5190868263473054,1,14,54,2872
AGC8S0U7W23FQ,0.3497654997437819,0.06664597718985181,0.0,1.0,0.5190868263473054,1,14,54,2873
A13BRR77UOED7D,0.3497654997437819,0.06664597718985181,0.0,1.0,0.5190868263473054,1,14,54,2874
A329B6BKTHQ41A,0.3497654997437819,0.06664597718985181,0.0,1.0,0.5190868263473054,1,14,54,2875
A25MMGY5LQ9R8J,0.3497654997437819,0.06664597718985181,0.0,1.0,0.5190868263473054,1,14,54,2876
A1K5HZNTA6MMAK,0.3497654997437819,0.06664597718985181,0.0,1.0,0.5190868263473054,1,14,54,2877
A3D0WID5KX7YQ0,0.3497654997437819,0.06664597718985181,0.0,1.0,0.5190868263473054,1,14,54,2878
A1RRO3BUQIZ8QF,0.3497654997437819,0.06664597718985181,0.0,1.0,0.5190868263473054,1,14,54,2879
A3GNN31HJ11PPA,0.3497654997437819,0.06664597718985181,0.0,1.0,0.5190868263473054,1,14,54,2880
A1H1TAQ6E1TYAM,0.3496719368695304,0.06664597718985181,0.0,1.0,0.5187125748502994,1,17,53,2881
A153K6XUY9L0CF,0.3496719368695304,0.06664597718985181,0.0,1.0,0.5187125748502994,1,17,53,2882
A6KRB71JYJRBT,0.3496719368695304,0.06664597718985181,0.0,1.0,0.5187125748502994,1,17,53,2883
A3M4FU3WQWJHMP,0.3496719368695304,0.06664597718985181,0.0,1.0,0.5187125748502994,1,17,53,2884
A2GNRMUTWM4TKW,0.3496719368695304,0.06664597718985181,0.0,1.0,0.5187125748502994,1,17,53,2885
A35LFO0F2ROTNG,0.3496719368695304,0.06664597718985181,0.0,1.0,0.5187125748502994,1,17,53,2886
A3FFNWA0T3QXDN,0.3496719368695304,0.06664597718985181,0.0,1.0,0.5187125748502994,1,17,53,2887
A22M9VM8S9YCZ6,0.3496719368695304,0.06664597718985181,0.0,1.0,0.5187125748502994,1,17,53,2888
AKA4Q4NIXHTAU,0.3496719368695304,0.06664597718985181,0.0,1.0,0.5187125748502994,1,17,53,2889
AGUOI1ESL2O52,0.3496719368695304,0.06664597718985181,0.0,1.0,0.5187125748502994,1,17,53,2890
A34HW115TAJU9J,0.3496719368695304,0.06664597718985181,0.0,1.0,0.5187125748502994,1,17,53,2891
AIN73XQ0LYBTF,0.3496719368695304,0.06664597718985181,0.0,1.0,0.5187125748502994,1,17,53,2892
AKKIGH65S6ILU,0.3496719368695304,0.06664597718985181,0.0,1.0,0.5187125748502994,1,17,53,2893
A2J1QMGQ432RAJ,0.3496719368695304,0.06664597718985181,0.0,1.0,0.5187125748502994,1,17,53,2894
AZG6CV3B3279V,0.3496719368695304,0.06664597718985181,0.0,1.0,0.5187125748502994,1,17,53,2895
A3U3Z6HB5V8ECV,0.3496719368695304,0.06664597718985181,0.0,1.0,0.5187125748502994,1,17,53,2896
A2MHH4FWA6B6FV,0.3496719368695304,0.06664597718985181,0.0,1.0,0.5187125748502994,1,17,53,2897
A3UGXRNRXVNAPI,0.3496719368695304,0.06664597718985181,0.0,1.0,0.5187125748502994,1,17,53,2898
A3L9E0YI7C5G0W,0.3496719368695304,0.06664597718985181,0.0,1.0,0.5187125748502994,1,17,53,2899
A3UTWBBK9MKFDL,0.3496719368695304,0.06664597718985181,0.0,1.0,0.5187125748502994,1,17,53,2900
A12GIOKE26ZFKJ,0.3496719368695304,0.06664597718985181,0.0,1.0,0.5187125748502994,1,17,53,2901
A1LE0VV01B2LF2,0.3496719368695304,0.06664597718985181,0.0,1.0,0.5187125748502994,1,17,53,2902
A1Q2YZMM79RW0N,0.3496719368695304,0.06664597718985181,0.0,1.0,0.5187125748502994,1,17,53,2903
A2XY1CTLU0FE9U,0.3496719368695304,0.06664597718985181,0.0,1.0,0.5187125748502994,1,17,53,2904
A3SGAXUWAIY61B,0.3496719368695304,0.06664597718985181,0.0,1.0,0.5187125748502994,1,17,53,2905
AO46YPZ1EAGZ,0.3496719368695304,0.06664597718985181,0.0,1.0,0.5187125748502994,1,17,53,2906
A3EU4P3GZRYHN3,0.3496719368695304,0.06664597718985181,0.0,1.0,0.5187125748502994,1,17,53,2907
A2U27A197AH87W,0.3496719368695304,0.06664597718985181,0.0,1.0,0.5187125748502994,1,17,53,2908
A2E7W2XGXMG6RU,0.3496719368695304,0.06664597718985181,0.0,1.0,0.5187125748502994,1,17,53,2909
AN24ATCW3AY5C,0.3496719368695304,0.06664597718985181,0.0,1.0,0.5187125748502994,1,17,53,2910
A2NKHNO8VA378W,0.3496719368695304,0.06664597718985181,0.0,1.0,0.5187125748502994,1,17,53,2911
A2UEYDQ3VZNBF,0.3496719368695304,0.06664597718985181,0.0,1.0,0.5187125748502994,1,17,53,2912
A2E9VW8175STQV,0.3496719368695304,0.06664597718985181,0.0,1.0,0.5187125748502994,1,17,53,2913
A3VM9E0ZTN0TH,0.3496719368695304,0.06664597718985181,0.0,1.0,0.5187125748502994,1,17,53,2914
A1TFAKVCUOR9PD,0.3496719368695304,0.06664597718985181,0.0,1.0,0.5187125748502994,1,17,53,2915
A17HNPM0R7HT9Y,0.3496719368695304,0.06664597718985181,0.0,1.0,0.5187125748502994,1,17,53,2916
AD08RQDB441D,0.3496719368695304,0.06664597718985181,0.0,1.0,0.5187125748502994,1,17,53,2917
A184F48SN5WFPU,0.3496719368695304,0.06664597718985181,0.0,1.0,0.5187125748502994,1,17,53,2918
AIZA39M8ZAQDO,0.3493912482467759,0.06664597718985181,0.0,1.0,0.5175898203592815,1,15,50,2919
A2ZCWFNMC84GPY,0.3493912482467759,0.06664597718985181,0.0,1.0,0.5175898203592815,1,15,50,2920
A2XAHEQG61OQN1,0.3493912482467759,0.06664597718985181,0.0,1.0,0.5175898203592815,1,20,50,2921
A13UQXD9UWRS7U,0.3493912482467759,0.06664597718985181,0.0,1.0,0.5175898203592815,1,15,50,2922
AC63G8TNC9UMO,0.3493912482467759,0.06664597718985181,0.0,1.0,0.5175898203592815,1,20,50,2923
AYGB2EFZ3O3IW,0.3493912482467759,0.06664597718985181,0.0,1.0,0.5175898203592815,1,15,50,2924
A1PHNXJQYNX7BH,0.3493912482467759,0.06664597718985181,0.0,1.0,0.5175898203592815,1,20,50,2925
ABVYGB2TKBO8F,0.3493912482467759,0.06664597718985181,0.0,1.0,0.5175898203592815,1,20,50,2926
AC6YL9O8P14E8,0.3493912482467759,0.06664597718985181,0.0,1.0,0.5175898203592815,1,5,50,2927
A6HW4G2S68KGV,0.3493912482467759,0.06664597718985181,0.0,1.0,0.5175898203592815,1,15,50,2928
AQPIILREUKLZM,0.3493912482467759,0.06664597718985181,0.0,1.0,0.5175898203592815,1,20,50,2929
A3LN27742T0L76,0.3493912482467759,0.06664597718985181,0.0,1.0,0.5175898203592815,1,15,50,2930
A2XEW6HJK34RXU,0.3493912482467759,0.06664597718985181,0.0,1.0,0.5175898203592815,1,5,50,2931
A3TUOAQ56ZQIJH,0.3493912482467759,0.06664597718985181,0.0,1.0,0.5175898203592815,1,15,50,2932
ABUIRVLVTPFTZ,0.3493912482467759,0.06664597718985181,0.0,1.0,0.5175898203592815,1,5,50,2933
ACB499ZP5KZPZ,0.3493912482467759,0.06664597718985181,0.0,1.0,0.5175898203592815,1,20,50,2934
A3TGD1UTG4V072,0.3493912482467759,0.06664597718985181,0.0,1.0,0.5175898203592815,1,20,50,2935
AX9FIZX89LNFQ,0.3493912482467759,0.06664597718985181,0.0,1.0,0.5175898203592815,1,15,50,2936
A19BR6M0VG7AHZ,0.3493912482467759,0.06664597718985181,0.0,1.0,0.5175898203592815,1,15,50,2937
A1A23C8SJI7OCV,0.3493912482467759,0.06664597718985181,0.0,1.0,0.5175898203592815,1,5,50,2938
A2WBT0TCU7YHW8,0.3493912482467759,0.06664597718985181,0.0,1.0,0.5175898203592815,1,20,50,2939
A1989944VHPI2I,0.3493912482467759,0.06664597718985181,0.0,1.0,0.5175898203592815,1,15,50,2940
A2OCNEE5JHLJI9,0.3493912482467759,0.06664597718985181,0.0,1.0,0.5175898203592815,1,15,50,2941
A2KVSY1005QJDF,0.3493912482467759,0.06664597718985181,0.0,1.0,0.5175898203592815,1,15,50,2942
A20AOQWXYDFAU7,0.3493912482467759,0.06664597718985181,0.0,1.0,0.5175898203592815,1,20,50,2943
AFBHHGKL81PDH,0.3493912482467759,0.06664597718985181,0.0,1.0,0.5175898203592815,1,5,50,2944
A3JAL9LX5XMKB3,0.3493912482467759,0.06664597718985181,0.0,1.0,0.5175898203592815,1,15,50,2945
A257GFB4MEE56X,0.3493912482467759,0.06664597718985181,0.0,1.0,0.5175898203592815,1,20,50,2946
A1J07V3G9MK6KM,0.3493912482467759,0.06664597718985181,0.0,1.0,0.5175898203592815,1,20,50,2947
A1JFXOFDRZ9CFQ,0.3493912482467759,0.06664597718985181,0.0,1.0,0.5175898203592815,1,20,50,2948
A3CMSRCYUJ9ZA5,0.3493912482467759,0.06664597718985181,0.0,1.0,0.5175898203592815,1,15,50,2949
A2T001N0QCRMZ1,0.3493912482467759,0.06664597718985181,0.0,1.0,0.5175898203592815,1,20,50,2950
AG1CBEN65QI9W,0.3493912482467759,0.06664597718985181,0.0,1.0,0.5175898203592815,1,5,50,2951
A36CCV2B7XQGJK,0.3493912482467759,0.06664597718985181,0.0,1.0,0.5175898203592815,1,20,50,2952
AG0MG2M4DE3P0,0.3493912482467759,0.06664597718985181,0.0,1.0,0.5175898203592815,1,15,50,2953
A166PLPFD2A42H,0.3493912482467759,0.06664597718985181,0.0,1.0,0.5175898203592815,1,15,50,2954
A1GBU479WXR7UG,0.3493912482467759,0.06664597718985181,0.0,1.0,0.5175898203592815,1,5,50,2955
ASHJAZC9OA9NS,0.3493912482467759,0.06664597718985181,0.0,1.0,0.5175898203592815,1,20,50,2956
A3I6EKL5ISK5JF,0.3493912482467759,0.06664597718985181,0.0,1.0,0.5175898203592815,1,5,50,2957
A3IC2ZFYBA39KJ,0.3493912482467759,0.06664597718985181,0.0,1.0,0.5175898203592815,1,5,50,2958
A3IKQ1HN8KQJFD,0.3493912482467759,0.06664597718985181,0.0,1.0,0.5175898203592815,1,15,50,2959
A25SDTIJI2EFPG,0.3493912482467759,0.06664597718985181,0.0,1.0,0.5175898203592815,1,20,50,2960
A1Z64RLLQYQ959,0.3493912482467759,0.06664597718985181,0.0,1.0,0.5175898203592815,1,20,50,2961
A2JMSJO1Z8C8ZQ,0.3493912482467759,0.06664597718985181,0.0,1.0,0.5175898203592815,1,15,50,2962
A286412C4WR3J9,0.3493912482467759,0.06664597718985181,0.0,1.0,0.5175898203592815,1,5,50,2963
A2P45JTLZQ5C8V,0.3493912482467759,0.06664597718985181,0.0,1.0,0.5175898203592815,1,20,50,2964
AJXQR3WH2GB63,0.3493912482467759,0.06664597718985181,0.0,1.0,0.5175898203592815,1,5,50,2965
AOVMTR7PA8XB9,0.3493912482467759,0.06664597718985181,0.0,1.0,0.5175898203592815,1,20,50,2966
A2183499CPCTIA,0.3493912482467759,0.06664597718985181,0.0,1.0,0.5175898203592815,1,20,50,2967
APNI0D19W2VQR,0.3493912482467759,0.06664597718985181,0.0,1.0,0.5175898203592815,1,20,50,2968
A3MGIOWRRMULJY,0.3493912482467759,0.06664597718985181,0.0,1.0,0.5175898203592815,1,5,50,2969
A30VJALZMOTNW3,0.3493912482467759,0.06664597718985181,0.0,1.0,0.5175898203592815,1,20,50,2970
A30W19TNWBB6SH,0.3493912482467759,0.06664597718985181,0.0,1.0,0.5175898203592815,1,5,50,2971
A1DLFC5GG1RQFL,0.3493912482467759,0.06664597718985181,0.0,1.0,0.5175898203592815,1,20,50,2972
A28QRX1HWDLNL1,0.3493912482467759,0.06664597718985181,0.0,1.0,0.5175898203592815,1,5,50,2973
ARWRBORADGA3G,0.3493912482467759,0.06664597718985181,0.0,1.0,0.5175898203592815,1,20,50,2974
AS7J4952JB5XR,0.3493912482467759,0.06664597718985181,0.0,1.0,0.5175898203592815,1,5,50,2975
A2SIYIHLRRM7J1,0.3493912482467759,0.06664597718985181,0.0,1.0,0.5175898203592815,1,5,50,2976
A14MER71N2DCDW,0.3493912482467759,0.06664597718985181,0.0,1.0,0.5175898203592815,1,15,50,2977
ATEDSY50EDAMI,0.3493912482467759,0.06664597718985181,0.0,1.0,0.5175898203592815,1,15,50,2978
A1DCN0NZO7E2C,0.3493912482467759,0.06664597718985181,0.0,1.0,0.5175898203592815,1,5,50,2979
A1N3IS6ZQE7Y8L,0.3493912482467759,0.06664597718985181,0.0,1.0,0.5175898203592815,1,20,50,2980
A13JZ1WIEZMJXX,0.3493912482467759,0.06664597718985181,0.0,1.0,0.5175898203592815,1,20,50,2981
A3RCEXV5769SG8,0.3493912482467759,0.06664597718985181,0.0,1.0,0.5175898203592815,1,5,50,2982
A3507DMCU3IEGI,0.3493912482467759,0.06664597718985181,0.0,1.0,0.5175898203592815,1,15,50,2983
A3H9R0EX67LJE6,0.3493912482467759,0.06664597718985181,0.0,1.0,0.5175898203592815,1,15,50,2984
A334X69Y2AJHJ6,0.3493912482467759,0.06664597718985181,0.0,1.0,0.5175898203592815,1,20,50,2985
A10XB56QFYLVC8,0.3493912482467759,0.06664597718985181,0.0,1.0,0.5175898203592815,1,15,50,2986
A1F9X6Z1EGWMNI,0.3493912482467759,0.06664597718985181,0.0,1.0,0.5175898203592815,1,5,50,2987
A3GYWZE27QBMY7,0.3493912482467759,0.06664597718985181,0.0,1.0,0.5175898203592815,1,5,50,2988
A1GIMMNRJM94RX,0.3493912482467759,0.06664597718985181,0.0,1.0,0.5175898203592815,1,20,50,2989
AKAW7SD0O63C2,0.3493912482467759,0.06664597718985181,0.0,1.0,0.5175898203592815,1,5,50,2990
A225G2TFM76GYX,0.3493912482467759,0.06664597718985181,0.0,1.0,0.5175898203592815,1,15,50,2991
A1CSKKTDNT13BD,0.3493912482467759,0.06664597718985181,0.0,1.0,0.5175898203592815,1,20,50,2992
A2SKUS5ULRZ8ZA,0.3493912482467759,0.06664597718985181,0.0,1.0,0.5175898203592815,1,20,50,2993
A2BIQJIXLDSJSE,0.3493912482467759,0.06664597718985181,0.0,1.0,0.5175898203592815,1,15,50,2994
A2SDA5LOD7577T,0.3493912482467759,0.06664597718985181,0.0,1.0,0.5175898203592815,1,15,50,2995
A3FE2B2X39IFJJ,0.3493912482467759,0.06664597718985181,0.0,1.0,0.5175898203592815,1,15,50,2996
A13WL1MBY347F7,0.3493912482467759,0.06664597718985181,0.0,1.0,0.5175898203592815,1,15,50,2997
A2T8BSIIGDZYJS,0.3493912482467759,0.06664597718985181,0.0,1.0,0.5175898203592815,1,20,50,2998
ALIMSOTBD6WMK,0.3493912482467759,0.06664597718985181,0.0,1.0,0.5175898203592815,1,20,50,2999
A9EDWX9SR4XT6,0.3493912482467759,0.06664597718985181,0.0,1.0,0.5175898203592815,1,5,50,3000
A3GBDJVNX84IKD,0.3493912482467759,0.06664597718985181,0.0,1.0,0.5175898203592815,1,5,50,3001
AKI2Y9IT0EMRR,0.3493912482467759,0.06664597718985181,0.0,1.0,0.5175898203592815,1,20,50,3002
A1F5ME1J70I0W6,0.3493912482467759,0.06664597718985181,0.0,1.0,0.5175898203592815,1,5,50,3003
A3RL4MZ8PH9Q5B,0.3493912482467759,0.06664597718985181,0.0,1.0,0.5175898203592815,1,15,50,3004
A3GGOU7B5NVAIS,0.3493912482467759,0.06664597718985181,0.0,1.0,0.5175898203592815,1,15,50,3005
A2FUD7TNC8HRYG,0.3493912482467759,0.06664597718985181,0.0,1.0,0.5175898203592815,1,5,50,3006
A1HD8EWSHR9FM6,0.3493912482467759,0.06664597718985181,0.0,1.0,0.5175898203592815,1,15,50,3007
ACIAP3IPPGK27,0.3493912482467759,0.06664597718985181,0.0,1.0,0.5175898203592815,1,15,50,3008
A2C4N3KROL6WA2,0.3493912482467759,0.06664597718985181,0.0,1.0,0.5175898203592815,1,20,50,3009
A1IG7GSIP42RDJ,0.3493912482467759,0.06664597718985181,0.0,1.0,0.5175898203592815,1,5,50,3010
A39M7D6VKFKWRN,0.3493912482467759,0.06664597718985181,0.0,1.0,0.5175898203592815,1,15,50,3011
A1R3NJNVS6HLV7,0.3493912482467759,0.06664597718985181,0.0,1.0,0.5175898203592815,1,15,50,3012
A2MCZOZ2X2ZQYK,0.3493912482467759,0.06664597718985181,0.0,1.0,0.5175898203592815,1,5,50,3013
A212MDP6K4VJS5,0.3492976853725244,0.06664597718985181,0.0,1.0,0.5172155688622755,1,0,49,3014
AYMD77ITD15PT,0.3492976853725244,0.06664597718985181,0.0,1.0,0.5172155688622755,1,0,49,3015
A13JB1PC2F89MY,0.3492976853725244,0.06664597718985181,0.0,1.0,0.5172155688622755,1,0,49,3016
A1MRESWHA86B5B,0.3492976853725244,0.06664597718985181,0.0,1.0,0.5172155688622755,1,0,49,3017
A3PP444YA0Z0KA,0.3492976853725244,0.06664597718985181,0.0,1.0,0.5172155688622755,1,0,49,3018
A1KNHTFGH5X84I,0.3492976853725244,0.06664597718985181,0.0,1.0,0.5172155688622755,1,0,49,3019
A27T9BZ9WP57BY,0.3492976853725244,0.06664597718985181,0.0,1.0,0.5172155688622755,1,0,49,3020
A1WO5XDNFM80Y8,0.3492976853725244,0.06664597718985181,0.0,1.0,0.5172155688622755,1,0,49,3021
A1XU87EET0N0NL,0.3492976853725244,0.06664597718985181,0.0,1.0,0.5172155688622755,1,0,49,3022
A3G91OD8ODO80V,0.3492976853725244,0.06664597718985181,0.0,1.0,0.5172155688622755,1,0,49,3023
A2IZHXL66QBRNW,0.3492976853725244,0.06664597718985181,0.0,1.0,0.5172155688622755,1,0,49,3024
A2QVJHFRB94AI1,0.3492976853725244,0.06664597718985181,0.0,1.0,0.5172155688622755,1,0,49,3025
AGDKPD4DZD1L0,0.3492976853725244,0.06664597718985181,0.0,1.0,0.5172155688622755,1,0,49,3026
A27R1GTG9L16K3,0.3492976853725244,0.06664597718985181,0.0,1.0,0.5172155688622755,1,0,49,3027
ADH8L5MBPXQGK,0.3492976853725244,0.06664597718985181,0.0,1.0,0.5172155688622755,1,0,49,3028
A3Q0XALDVB66VQ,0.3492976853725244,0.06664597718985181,0.0,1.0,0.5172155688622755,1,0,49,3029
A3H9RTXHQ5H4UT,0.3492976853725244,0.06664597718985181,0.0,1.0,0.5172155688622755,1,0,49,3030
A2IPDJISO5T6AX,0.3492976853725244,0.06664597718985181,0.0,1.0,0.5172155688622755,1,0,49,3031
A21IOH964XF1AI,0.3492976853725244,0.06664597718985181,0.0,1.0,0.5172155688622755,1,0,49,3032
A2089FS2PJ9OZB,0.3492976853725244,0.06664597718985181,0.0,1.0,0.5172155688622755,1,0,49,3033
A1EN4XAKX9LK4A,0.3492976853725244,0.06664597718985181,0.0,1.0,0.5172155688622755,1,0,49,3034
A24ECQCIUKA2Y3,0.3492976853725244,0.06664597718985181,0.0,1.0,0.5172155688622755,1,0,49,3035
A3J8BLQ2HLK4WZ,0.3492976853725244,0.06664597718985181,0.0,1.0,0.5172155688622755,1,0,49,3036
A1OQS6JOD52Z84,0.3492976853725244,0.06664597718985181,0.0,1.0,0.5172155688622755,1,0,49,3037
A3UXW18DP4WSD6,0.3492976853725244,0.06664597718985181,0.0,1.0,0.5172155688622755,1,0,49,3038
A13OMZX5UHL36K,0.3492976853725244,0.06664597718985181,0.0,1.0,0.5172155688622755,1,0,49,3039
A3JX1D26WFEXOS,0.3492976853725244,0.06664597718985181,0.0,1.0,0.5172155688622755,1,0,49,3040
A2MWHD94CP06QL,0.3492976853725244,0.06664597718985181,0.0,1.0,0.5172155688622755,1,0,49,3041
A2Z7FGJ2UCQV7T,0.3492976853725244,0.06664597718985181,0.0,1.0,0.5172155688622755,1,0,49,3042
A2WV8Y608V90IJ,0.3492976853725244,0.06664597718985181,0.0,1.0,0.5172155688622755,1,0,49,3043
A3BA8YMGPWARPM,0.3492976853725244,0.06664597718985181,0.0,1.0,0.5172155688622755,1,0,49,3044
AQ4CDTEJMPTOS,0.3492976853725244,0.06664597718985181,0.0,1.0,0.5172155688622755,1,0,49,3045
AJ6WCVOY4HP06,0.3492976853725244,0.06664597718985181,0.0,1.0,0.5172155688622755,1,0,49,3046
A1OKXYEBH75140,0.3492976853725244,0.06664597718985181,0.0,1.0,0.5172155688622755,1,0,49,3047
A2OB0IK83HTU18,0.3492976853725244,0.06664597718985181,0.0,1.0,0.5172155688622755,1,0,49,3048
A12A8LU93A132U,0.3492976853725244,0.06664597718985181,0.0,1.0,0.5172155688622755,1,0,49,3049
A3HXSYE3AEP812,0.3492976853725244,0.06664597718985181,0.0,1.0,0.5172155688622755,1,0,49,3050
AATOKZ7EFZARA,0.3492976853725244,0.06664597718985181,0.0,1.0,0.5172155688622755,1,0,49,3051
A24P7YUPH9L5XU,0.3492976853725244,0.06664597718985181,0.0,1.0,0.5172155688622755,1,0,49,3052
AC8PYR6RJY04M,0.3492976853725244,0.06664597718985181,0.0,1.0,0.5172155688622755,1,0,49,3053
A1OEIH3SU8TSJC,0.3492976853725244,0.06664597718985181,0.0,1.0,0.5172155688622755,1,0,49,3054
A1BWD4UA5QTBOI,0.3492976853725244,0.06664597718985181,0.0,1.0,0.5172155688622755,1,0,49,3055
A22QTBGOS7C3FL,0.34911055962402143,0.06664597718985181,0.0,1.0,0.5164670658682635,1,23,47,3056
A2J52UTHU107PQ,0.34911055962402143,0.06664597718985181,0.0,1.0,0.5164670658682635,1,23,47,3057
A3BB2RC775TBZ1,0.34911055962402143,0.06664597718985181,0.0,1.0,0.5164670658682635,1,23,47,3058
A2D2AORHOMU0CV,0.34911055962402143,0.06664597718985181,0.0,1.0,0.5164670658682635,1,23,47,3059
A1UEYVSBWUNOGZ,0.34911055962402143,0.06664597718985181,0.0,1.0,0.5164670658682635,1,23,47,3060
A167VTVMWP0BW8,0.34911055962402143,0.06664597718985181,0.0,1.0,0.5164670658682635,1,23,47,3061
ACR4A8H4J7YNA,0.34911055962402143,0.06664597718985181,0.0,1.0,0.5164670658682635,1,23,47,3062
ASGG9KYGIIDGO,0.34911055962402143,0.06664597718985181,0.0,1.0,0.5164670658682635,1,23,47,3063
A7T9AXIM5XG3E,0.34911055962402143,0.06664597718985181,0.0,1.0,0.5164670658682635,1,23,47,3064
A3T1LD0C65QCWK,0.34911055962402143,0.06664597718985181,0.0,1.0,0.5164670658682635,1,23,47,3065
A323304W2UIUTX,0.34911055962402143,0.06664597718985181,0.0,1.0,0.5164670658682635,1,23,47,3066
AON4TXVOSYDHL,0.34911055962402143,0.06664597718985181,0.0,1.0,0.5164670658682635,1,23,47,3067
AG6TX1ZJHLMO7,0.34911055962402143,0.06664597718985181,0.0,1.0,0.5164670658682635,1,23,47,3068
A3PAR3GOF45UEM,0.34911055962402143,0.06664597718985181,0.0,1.0,0.5164670658682635,1,23,47,3069
AZIQ99PTUQ3PJ,0.34911055962402143,0.06664597718985181,0.0,1.0,0.5164670658682635,1,23,47,3070
A29XKP2TLNL7V,0.34911055962402143,0.06664597718985181,0.0,1.0,0.5164670658682635,1,23,47,3071
A2XR40GPJM6I6L,0.34895972279290044,0.19998965526159254,0.24472778126720449,0.5,0.5111235235904861,3,1,857,3072
A1HC9B0Y05N95A,0.34892343387551844,0.06664597718985181,0.0,1.0,0.5157185628742516,1,12,45,3073
A2Y5KXAJSN7NG3,0.34892343387551844,0.06664597718985181,0.0,1.0,0.5157185628742516,1,9,45,3074
A149VXBN2A971G,0.34892343387551844,0.06664597718985181,0.0,1.0,0.5157185628742516,1,12,45,3075
A32P0B3INF7HF5,0.34892343387551844,0.06664597718985181,0.0,1.0,0.5157185628742516,1,12,45,3076
AE38XXG3CPZ0L,0.34892343387551844,0.06664597718985181,0.0,1.0,0.5157185628742516,1,12,45,3077
A1MNVGWFE6E0J4,0.34892343387551844,0.06664597718985181,0.0,1.0,0.5157185628742516,1,9,45,3078
A3PXRHR3HQY2E3,0.34892343387551844,0.06664597718985181,0.0,1.0,0.5157185628742516,1,9,45,3079
A1MPW1WTMFFQDG,0.34892343387551844,0.06664597718985181,0.0,1.0,0.5157185628742516,1,9,45,3080
A32VIPOLAO12KV,0.34892343387551844,0.06664597718985181,0.0,1.0,0.5157185628742516,1,9,45,3081
ADL66OTVQYDIC,0.34892343387551844,0.06664597718985181,0.0,1.0,0.5157185628742516,1,12,45,3082
A2IX2BCH9YA2K4,0.34892343387551844,0.06664597718985181,0.0,1.0,0.5157185628742516,1,9,45,3083
A2ITTLEMAY03YD,0.34892343387551844,0.06664597718985181,0.0,1.0,0.5157185628742516,1,9,45,3084
AVRV5S5L7MJNC,0.34892343387551844,0.06664597718985181,0.0,1.0,0.5157185628742516,1,12,45,3085
ADQ073QJ0E5TK,0.34892343387551844,0.06664597718985181,0.0,1.0,0.5157185628742516,1,9,45,3086
AV3CY3MLHJ511,0.34892343387551844,0.06664597718985181,0.0,1.0,0.5157185628742516,1,9,45,3087
A2CIMOITO2S0ZY,0.34892343387551844,0.06664597718985181,0.0,1.0,0.5157185628742516,1,12,45,3088
A3BTBXXZ7LG6LW,0.34892343387551844,0.06664597718985181,0.0,1.0,0.5157185628742516,1,12,45,3089
A332E6XGZ46RAW,0.34892343387551844,0.06664597718985181,0.0,1.0,0.5157185628742516,1,9,45,3090
A22KNT28RO8DXL,0.34892343387551844,0.06664597718985181,0.0,1.0,0.5157185628742516,1,12,45,3091
A1HENIY6ASC7ZO,0.34892343387551844,0.06664597718985181,0.0,1.0,0.5157185628742516,1,12,45,3092
A1HWSRLE5IBCTV,0.34892343387551844,0.06664597718985181,0.0,1.0,0.5157185628742516,1,12,45,3093
A2XPPAMKIMK3VE,0.34892343387551844,0.06664597718985181,0.0,1.0,0.5157185628742516,1,12,45,3094
A1R8LFZ1EMGK75,0.34892343387551844,0.06664597718985181,0.0,1.0,0.5157185628742516,1,9,45,3095
A11F8JSQ206D9J,0.34892343387551844,0.06664597718985181,0.0,1.0,0.5157185628742516,1,12,45,3096
A1PORN92IWDNBP,0.34892343387551844,0.06664597718985181,0.0,1.0,0.5157185628742516,1,12,45,3097
A3LG0DU1ALKTH3,0.34892343387551844,0.06664597718985181,0.0,1.0,0.5157185628742516,1,12,45,3098
A3LUWGB6EOJEC,0.34892343387551844,0.06664597718985181,0.0,1.0,0.5157185628742516,1,9,45,3099
A61UIWC9N8CJK,0.34892343387551844,0.06664597718985181,0.0,1.0,0.5157185628742516,1,12,45,3100
A1DVJIPY0MFSNF,0.34892343387551844,0.06664597718985181,0.0,1.0,0.5157185628742516,1,9,45,3101
AIU5R82TF1ID2,0.34892343387551844,0.06664597718985181,0.0,1.0,0.5157185628742516,1,12,45,3102
A1RWYA52UUOCC0,0.34892343387551844,0.06664597718985181,0.0,1.0,0.5157185628742516,1,9,45,3103
APWCLRB3H1AVJ,0.34892343387551844,0.06664597718985181,0.0,1.0,0.5157185628742516,1,12,45,3104
A5YSNNBCMLVX2,0.34892343387551844,0.06664597718985181,0.0,1.0,0.5157185628742516,1,9,45,3105
A3HXGSMCIOZEW8,0.34892343387551844,0.06664597718985181,0.0,1.0,0.5157185628742516,1,9,45,3106
AA9PPYMDF4M4Q,0.34892343387551844,0.06664597718985181,0.0,1.0,0.5157185628742516,1,9,45,3107
A1YJQ0I05KU3M,0.34892343387551844,0.06664597718985181,0.0,1.0,0.5157185628742516,1,9,45,3108
A5S38CUDPMJ3H,0.34892343387551844,0.06664597718985181,0.0,1.0,0.5157185628742516,1,9,45,3109
A2VNNFURJ55S4G,0.34892343387551844,0.06664597718985181,0.0,1.0,0.5157185628742516,1,9,45,3110
A21I0B69KHEWMD,0.34892343387551844,0.06664597718985181,0.0,1.0,0.5157185628742516,1,12,45,3111
A3SIW24TMUVXG6,0.34892343387551844,0.06664597718985181,0.0,1.0,0.5157185628742516,1,12,45,3112
AJOZXSF28N5N5,0.34892343387551844,0.06664597718985181,0.0,1.0,0.5157185628742516,1,9,45,3113
A1STW7ZA3XZ9VV,0.34892343387551844,0.06664597718985181,0.0,1.0,0.5157185628742516,1,12,45,3114
A25E3UVEKH8D5,0.34892343387551844,0.06664597718985181,0.0,1.0,0.5157185628742516,1,12,45,3115
A2K4L3QL76RSG6,0.34892343387551844,0.06664597718985181,0.0,1.0,0.5157185628742516,1,9,45,3116
A3VWCQP7XS2JD,0.34892343387551844,0.06664597718985181,0.0,1.0,0.5157185628742516,1,12,45,3117
A2UO040HWOP0C2,0.34892343387551844,0.06664597718985181,0.0,1.0,0.5157185628742516,1,9,45,3118
A1JLW42JHQRJBP,0.34892343387551844,0.06664597718985181,0.0,1.0,0.5157185628742516,1,12,45,3119
AW96RTBLM8068,0.34892343387551844,0.06664597718985181,0.0,1.0,0.5157185628742516,1,12,45,3120
A183S80WADLOCU,0.34892343387551844,0.06664597718985181,0.0,1.0,0.5157185628742516,1,12,45,3121
AK9BXHEXOOM6Z,0.34892343387551844,0.06664597718985181,0.0,1.0,0.5157185628742516,1,12,45,3122
A183602MCC0Y5P,0.34892343387551844,0.06664597718985181,0.0,1.0,0.5157185628742516,1,12,45,3123
A1XCA99IXPBIKV,0.34892343387551844,0.06664597718985181,0.0,1.0,0.5157185628742516,1,12,45,3124
A3UI9U9NOOAM9S,0.34892343387551844,0.06664597718985181,0.0,1.0,0.5157185628742516,1,9,45,3125
A9JDOM7L4EML9,0.34892343387551844,0.06664597718985181,0.0,1.0,0.5157185628742516,1,9,45,3126
A30IP3E4MDQ36,0.34892343387551844,0.06664597718985181,0.0,1.0,0.5157185628742516,1,12,45,3127
A1SDKQER8V6DG6,0.34892343387551844,0.06664597718985181,0.0,1.0,0.5157185628742516,1,12,45,3128
A3DAURGJAL0Y0S,0.34892343387551844,0.06664597718985181,0.0,1.0,0.5157185628742516,1,9,45,3129
AJ4NMYPGJ43BY,0.34892343387551844,0.06664597718985181,0.0,1.0,0.5157185628742516,1,12,45,3130
A2X1HXM2TZ7VJV,0.34892343387551844,0.06664597718985181,0.0,1.0,0.5157185628742516,1,9,45,3131
A1IYWB3X1T6ZJ1,0.34892343387551844,0.06664597718985181,0.0,1.0,0.5157185628742516,1,9,45,3132
A130VGG4P4PW5J,0.34892343387551844,0.06664597718985181,0.0,1.0,0.5157185628742516,1,9,45,3133
A2NOQZINOJVPV2,0.34892343387551844,0.06664597718985181,0.0,1.0,0.5157185628742516,1,12,45,3134
ARNWCQZHZWKW8,0.34892343387551844,0.06664597718985181,0.0,1.0,0.5157185628742516,1,12,45,3135
A21L12NT10X25E,0.34892343387551844,0.06664597718985181,0.0,1.0,0.5157185628742516,1,9,45,3136
A87N6UTYA6NOB,0.34892343387551844,0.06664597718985181,0.0,1.0,0.5157185628742516,1,12,45,3137
A28ESDJPORMVEY,0.34892343387551844,0.06664597718985181,0.0,1.0,0.5157185628742516,1,9,45,3138
A3F64PK0D3MLRR,0.34892343387551844,0.06664597718985181,0.0,1.0,0.5157185628742516,1,12,45,3139
A2PNSG656BQTHC,0.34892343387551844,0.06664597718985181,0.0,1.0,0.5157185628742516,1,12,45,3140
AO68X66YOJGQI,0.34882987100126694,0.06664597718985181,0.0,1.0,0.5153443113772455,1,5,44,3141
A1JMD10TTUPVB4,0.34882987100126694,0.06664597718985181,0.0,1.0,0.5153443113772455,1,5,44,3142
AJVGREW8IXDGC,0.34882987100126694,0.06664597718985181,0.0,1.0,0.5153443113772455,1,5,44,3143
A3E3YJJ0KLYECK,0.34882987100126694,0.06664597718985181,0.0,1.0,0.5153443113772455,1,5,44,3144
A2V99RXY8L0HL7,0.34882987100126694,0.06664597718985181,0.0,1.0,0.5153443113772455,1,5,44,3145
A2R1MSD6OMF7V3,0.34882987100126694,0.06664597718985181,0.0,1.0,0.5153443113772455,1,5,44,3146
A17TPXJ2U4MJAB,0.34882987100126694,0.06664597718985181,0.0,1.0,0.5153443113772455,1,5,44,3147
A20HBRHKA0PKK4,0.34882987100126694,0.06664597718985181,0.0,1.0,0.5153443113772455,1,5,44,3148
A2M1NZLZCHEP6A,0.34882987100126694,0.06664597718985181,0.0,1.0,0.5153443113772455,1,5,44,3149
A3BJ2MFE8LZ8Y5,0.34882987100126694,0.06664597718985181,0.0,1.0,0.5153443113772455,1,5,44,3150
A34LIVUNCQNHA,0.34882987100126694,0.06664597718985181,0.0,1.0,0.5153443113772455,1,5,44,3151
A1KRX2VH2CM111,0.34882987100126694,0.06664597718985181,0.0,1.0,0.5153443113772455,1,5,44,3152
A25QCRZEUCKW35,0.34882987100126694,0.06664597718985181,0.0,1.0,0.5153443113772455,1,5,44,3153
A3DGWKQFZ11K9P,0.34882987100126694,0.06664597718985181,0.0,1.0,0.5153443113772455,1,5,44,3154
AHXN03152761I,0.34882987100126694,0.06664597718985181,0.0,1.0,0.5153443113772455,1,5,44,3155
A2OHEHPGQ8MNJX,0.34882987100126694,0.06664597718985181,0.0,1.0,0.5153443113772455,1,5,44,3156
A24RT6AVJXJZHF,0.34882987100126694,0.06664597718985181,0.0,1.0,0.5153443113772455,1,5,44,3157
A2SJ2SD6WIG56,0.3487363081270154,0.06664597718985181,0.0,1.0,0.5149700598802395,1,2,43,3158
A1F4EPSDCON365,0.3487363081270154,0.06664597718985181,0.0,1.0,0.5149700598802395,1,2,43,3159
A893NEHDW6NOL,0.3487363081270154,0.06664597718985181,0.0,1.0,0.5149700598802395,1,2,43,3160
A4SVJ7V6HZF9U,0.3487363081270154,0.06664597718985181,0.0,1.0,0.5149700598802395,1,2,43,3161
AICUSSCEK2P4C,0.3487363081270154,0.06664597718985181,0.0,1.0,0.5149700598802395,1,2,43,3162
A1HBINFSVAQ7G3,0.3487363081270154,0.06664597718985181,0.0,1.0,0.5149700598802395,1,2,43,3163
A2XAMPN1ZH4FGT,0.3487363081270154,0.06664597718985181,0.0,1.0,0.5149700598802395,1,2,43,3164
AY7RGI58I9W3B,0.3487363081270154,0.06664597718985181,0.0,1.0,0.5149700598802395,1,2,43,3165
A104F83PVACKQF,0.3487363081270154,0.06664597718985181,0.0,1.0,0.5149700598802395,1,2,43,3166
A1JEJEDR7NDZ7C,0.3487363081270154,0.06664597718985181,0.0,1.0,0.5149700598802395,1,2,43,3167
ARR335JD5JNJ3,0.3487363081270154,0.06664597718985181,0.0,1.0,0.5149700598802395,1,2,43,3168
AKAYUX1M0PZWB,0.3487363081270154,0.06664597718985181,0.0,1.0,0.5149700598802395,1,2,43,3169
A1WRXACOKPITBQ,0.34864274525276395,0.06664597718985181,0.0,1.0,0.5145958083832335,1,7,42,3170
A3R2US71Y3CV9R,0.34864274525276395,0.06664597718985181,0.0,1.0,0.5145958083832335,1,7,42,3171
A2UL4M5SXL7L0A,0.34864274525276395,0.06664597718985181,0.0,1.0,0.5145958083832335,1,7,42,3172
AW3KFYL19VZPL,0.34864274525276395,0.06664597718985181,0.0,1.0,0.5145958083832335,1,7,42,3173
ASPN95ORQQDS0,0.34864274525276395,0.06664597718985181,0.0,1.0,0.5145958083832335,1,7,42,3174
AHEP4N0XIJR1K,0.34864274525276395,0.06664597718985181,0.0,1.0,0.5145958083832335,1,7,42,3175
AW3LX47IHPFRL,0.34864274525276395,0.06664597718985181,0.0,1.0,0.5145958083832335,1,7,42,3176
AXT8ASWG8JZQM,0.34864274525276395,0.06664597718985181,0.0,1.0,0.5145958083832335,1,0,42,3177
A2ENZ4FESUXXMT,0.34864274525276395,0.06664597718985181,0.0,1.0,0.5145958083832335,1,7,42,3178
A11A8GWG0IXBZH,0.34864274525276395,0.06664597718985181,0.0,1.0,0.5145958083832335,1,0,42,3179
A2YY8ZX8R5HYMF,0.34864274525276395,0.06664597718985181,0.0,1.0,0.5145958083832335,1,0,42,3180
A2K4IDHREI1GLM,0.34864274525276395,0.06664597718985181,0.0,1.0,0.5145958083832335,1,7,42,3181
A2DN13HKY0A58L,0.34864274525276395,0.06664597718985181,0.0,1.0,0.5145958083832335,1,7,42,3182
A1ES2Z4ZX6IWBK,0.34864274525276395,0.06664597718985181,0.0,1.0,0.5145958083832335,1,7,42,3183
A1089S59XSJT2T,0.34864274525276395,0.06664597718985181,0.0,1.0,0.5145958083832335,1,7,42,3184
ADWCBZ7G4O7AV,0.34864274525276395,0.06664597718985181,0.0,1.0,0.5145958083832335,1,0,42,3185
A2PQZH1SJGRV4Y,0.34864274525276395,0.06664597718985181,0.0,1.0,0.5145958083832335,1,7,42,3186
A2BE471PVBBG6Z,0.34864274525276395,0.06664597718985181,0.0,1.0,0.5145958083832335,1,0,42,3187
A1HLEJA9NGG4O4,0.34864274525276395,0.06664597718985181,0.0,1.0,0.5145958083832335,1,7,42,3188
A2FE2YG8W9G8UW,0.34864274525276395,0.06664597718985181,0.0,1.0,0.5145958083832335,1,0,42,3189
AJIHWX6ITBI9G,0.34864274525276395,0.06664597718985181,0.0,1.0,0.5145958083832335,1,7,42,3190
ASH6NHZ1Z2O51,0.34864274525276395,0.06664597718985181,0.0,1.0,0.5145958083832335,1,7,42,3191
A1GR9JZSPOYPJC,0.34864274525276395,0.06664597718985181,0.0,1.0,0.5145958083832335,1,0,42,3192
A3EOHF2YSVZA9L,0.34864274525276395,0.06664597718985181,0.0,1.0,0.5145958083832335,1,7,42,3193
AH9FCFS4PCUVE,0.34864274525276395,0.06664597718985181,0.0,1.0,0.5145958083832335,1,7,42,3194
ADGRGGF9V645P,0.3485491823785124,0.06664597718985181,0.0,1.0,0.5142215568862275,1,0,41,3195
A20F5RFH0WVFNF,0.3485491823785124,0.06664597718985181,0.0,1.0,0.5142215568862275,1,0,41,3196
AINUV6DVXMKEM,0.3485491823785124,0.06664597718985181,0.0,1.0,0.5142215568862275,1,0,41,3197
A39F7XOVXQ0LZK,0.3485491823785124,0.06664597718985181,0.0,1.0,0.5142215568862275,1,0,41,3198
A1VRWURI5XLNU5,0.3485491823785124,0.06664597718985181,0.0,1.0,0.5142215568862275,1,0,41,3199
A33V7Z377X9KBV,0.3485491823785124,0.06664597718985181,0.0,1.0,0.5142215568862275,1,0,41,3200
A2J8IE3Q5LLB96,0.3485491823785124,0.06664597718985181,0.0,1.0,0.5142215568862275,1,0,41,3201
A96K1ZGW56S2I,0.3485491823785124,0.06664597718985181,0.0,1.0,0.5142215568862275,1,0,41,3202
A357HQZDY3YE58,0.3485491823785124,0.06664597718985181,0.0,1.0,0.5142215568862275,1,0,41,3203
A2CRF098PBFCLK,0.3485491823785124,0.06664597718985181,0.0,1.0,0.5142215568862275,1,0,41,3204
A1ER9BE147BD5E,0.3485491823785124,0.06664597718985181,0.0,1.0,0.5142215568862275,1,0,41,3205
A60GRZWE1VPHV,0.3485491823785124,0.06664597718985181,0.0,1.0,0.5142215568862275,1,0,41,3206
A23SRAOAAD81FF,0.3485491823785124,0.06664597718985181,0.0,1.0,0.5142215568862275,1,0,41,3207
A2DF62DP20RIXF,0.3485491823785124,0.06664597718985181,0.0,1.0,0.5142215568862275,1,0,41,3208
A320DLHQTRFL5L,0.3485491823785124,0.06664597718985181,0.0,1.0,0.5142215568862275,1,0,41,3209
A1TX3VNWII1TOJ,0.3485491823785124,0.06664597718985181,0.0,1.0,0.5142215568862275,1,0,41,3210
A11ZI425LVTVH7,0.3485491823785124,0.06664597718985181,0.0,1.0,0.5142215568862275,1,0,41,3211
A28LUBH5ZQBPIP,0.3485491823785124,0.06664597718985181,0.0,1.0,0.5142215568862275,1,0,41,3212
A319CJUZ04SQL7,0.3485491823785124,0.06664597718985181,0.0,1.0,0.5142215568862275,1,0,41,3213
A1FT3XZ2GWQAC3,0.3485491823785124,0.06664597718985181,0.0,1.0,0.5142215568862275,1,0,41,3214
A3DWO9ZI48DJL1,0.3485491823785124,0.06664597718985181,0.0,1.0,0.5142215568862275,1,0,41,3215
AER2EZOUZSKYB,0.3485491823785124,0.06664597718985181,0.0,1.0,0.5142215568862275,1,0,41,3216
A3J7BP60ZB6HW3,0.3485491823785124,0.06664597718985181,0.0,1.0,0.5142215568862275,1,0,41,3217
A28TVBEH7FWGPC,0.3485491823785124,0.06664597718985181,0.0,1.0,0.5142215568862275,1,0,41,3218
A2FG90RW53W8WS,0.3485491823785124,0.06664597718985181,0.0,1.0,0.5142215568862275,1,0,41,3219
A10BOETDPAFJ4C,0.34845561950426096,0.06664597718985181,0.0,1.0,0.5138473053892215,1,7,40,3220
A3UCF82XIPJME2,0.34845561950426096,0.06664597718985181,0.0,1.0,0.5138473053892215,1,7,40,3221
A3LBFWWQGQYV48,0.34845561950426096,0.06664597718985181,0.0,1.0,0.5138473053892215,1,2,40,3222
A13HUHXEQPX3YI,0.34845561950426096,0.06664597718985181,0.0,1.0,0.5138473053892215,1,7,40,3223
A1JAJO1BULTYMZ,0.34845561950426096,0.06664597718985181,0.0,1.0,0.5138473053892215,1,7,40,3224
A2YQHMDUS67VDC,0.34845561950426096,0.06664597718985181,0.0,1.0,0.5138473053892215,1,2,40,3225
A2YDG1XB9J2N35,0.34845561950426096,0.06664597718985181,0.0,1.0,0.5138473053892215,1,2,40,3226
A3TF6A1YMYJQ9U,0.34845561950426096,0.06664597718985181,0.0,1.0,0.5138473053892215,1,7,40,3227
AJIEYYB8CT9D,0.34845561950426096,0.06664597718985181,0.0,1.0,0.5138473053892215,1,7,40,3228
AIW2B5CZEUTS5,0.34845561950426096,0.06664597718985181,0.0,1.0,0.5138473053892215,1,7,40,3229
A1BYM8XCLZTPMY,0.34845561950426096,0.06664597718985181,0.0,1.0,0.5138473053892215,1,2,40,3230
A1PPS91NLI7KEH,0.34845561950426096,0.06664597718985181,0.0,1.0,0.5138473053892215,1,7,40,3231
A3K4ERDSQTN0YX,0.34845561950426096,0.06664597718985181,0.0,1.0,0.5138473053892215,1,7,40,3232
A75MTT7XI4B02,0.34845561950426096,0.06664597718985181,0.0,1.0,0.5138473053892215,1,7,40,3233
A2XTPC8OBW4BLB,0.34845561950426096,0.06664597718985181,0.0,1.0,0.5138473053892215,1,2,40,3234
A1BZHVUHARTXS6,0.34845561950426096,0.06664597718985181,0.0,1.0,0.5138473053892215,1,7,40,3235
AFQEMGLY2RFGH,0.34845561950426096,0.06664597718985181,0.0,1.0,0.5138473053892215,1,7,40,3236
A1DQHS7MOVYYYA,0.34845561950426096,0.06664597718985181,0.0,1.0,0.5138473053892215,1,7,40,3237
A37OD7AIUMV3EO,0.34845561950426096,0.06664597718985181,0.0,1.0,0.5138473053892215,1,2,40,3238
A2Q5OH3DGQGMXD,0.34845561950426096,0.06664597718985181,0.0,1.0,0.5138473053892215,1,7,40,3239
A1XKCHZELFYG6D,0.34845561950426096,0.06664597718985181,0.0,1.0,0.5138473053892215,1,2,40,3240
A42YG78Z1GBBD,0.34845561950426096,0.06664597718985181,0.0,1.0,0.5138473053892215,1,7,40,3241
A3ZCIEUX68DEZ,0.34845561950426096,0.06664597718985181,0.0,1.0,0.5138473053892215,1,7,40,3242
A1S71JIN40YHXK,0.34845561950426096,0.06664597718985181,0.0,1.0,0.5138473053892215,1,7,40,3243
A1SHK7D1XG7RIY,0.34845561950426096,0.06664597718985181,0.0,1.0,0.5138473053892215,1,7,40,3244
A44UKZE6XEV9,0.34845561950426096,0.06664597718985181,0.0,1.0,0.5138473053892215,1,7,40,3245
A2C4O93BXM5ROE,0.34845561950426096,0.06664597718985181,0.0,1.0,0.5138473053892215,1,7,40,3246
A1EGEU2T7ZQQL8,0.34845561950426096,0.06664597718985181,0.0,1.0,0.5138473053892215,1,2,40,3247
A1XY86U23W6LQ,0.34845561950426096,0.06664597718985181,0.0,1.0,0.5138473053892215,1,7,40,3248
A1GSJ4TMAE2MYC,0.34845561950426096,0.06664597718985181,0.0,1.0,0.5138473053892215,1,2,40,3249
A1K28ISPKGE4N1,0.34845561950426096,0.06664597718985181,0.0,1.0,0.5138473053892215,1,2,40,3250
A1Y6N4X8FV6IAC,0.34845561950426096,0.06664597718985181,0.0,1.0,0.5138473053892215,1,2,40,3251
A2JXS1JII6SAUD,0.34845561950426096,0.06664597718985181,0.0,1.0,0.5138473053892215,1,7,40,3252
A1O8B339CM5VAU,0.34845561950426096,0.06664597718985181,0.0,1.0,0.5138473053892215,1,2,40,3253
A33ZO4XGZ09MPG,0.34845561950426096,0.06664597718985181,0.0,1.0,0.5138473053892215,1,7,40,3254
A89ZZKNDFQH23,0.34845561950426096,0.06664597718985181,0.0,1.0,0.5138473053892215,1,7,40,3255
ATIOA4WH6UE1C,0.34845561950426096,0.06664597718985181,0.0,1.0,0.5138473053892215,1,7,40,3256
A84O215CIZY6W,0.34845561950426096,0.06664597718985181,0.0,1.0,0.5138473053892215,1,7,40,3257
A2V24K8UWPPDSB,0.34845561950426096,0.06664597718985181,0.0,1.0,0.5138473053892215,1,7,40,3258
ANEUPVXP9GKJQ,0.34845561950426096,0.06664597718985181,0.0,1.0,0.5138473053892215,1,7,40,3259
A2TETZJOUBQTJE,0.34845561950426096,0.06664597718985181,0.0,1.0,0.5138473053892215,1,7,40,3260
A127X09WZNT908,0.34845561950426096,0.06664597718985181,0.0,1.0,0.5138473053892215,1,7,40,3261
A15XMUY3LA6O71,0.34845561950426096,0.06664597718985181,0.0,1.0,0.5138473053892215,1,2,40,3262
A33GR4CDLG08T1,0.34845561950426096,0.06664597718985181,0.0,1.0,0.5138473053892215,1,2,40,3263
AOKC4MRKH1UON,0.34845561950426096,0.06664597718985181,0.0,1.0,0.5138473053892215,1,7,40,3264
A1263RB8HKHD76,0.34845561950426096,0.06664597718985181,0.0,1.0,0.5138473053892215,1,7,40,3265
A1HWV9AYUMH3HV,0.34845561950426096,0.06664597718985181,0.0,1.0,0.5138473053892215,1,2,40,3266
AYAH3223TN3YU,0.34845561950426096,0.06664597718985181,0.0,1.0,0.5138473053892215,1,2,40,3267
A105AZN9C8UAOJ,0.34845561950426096,0.06664597718985181,0.0,1.0,0.5138473053892215,1,7,40,3268
A191KD41X3I93D,0.34845561950426096,0.06664597718985181,0.0,1.0,0.5138473053892215,1,2,40,3269
A3OEKYU0C8ZXAO,0.34845561950426096,0.06664597718985181,0.0,1.0,0.5138473053892215,1,7,40,3270
ADQCC6Y5SCLK5,0.34845561950426096,0.06664597718985181,0.0,1.0,0.5138473053892215,1,2,40,3271
A1STE8GFJV0JBM,0.34845561950426096,0.06664597718985181,0.0,1.0,0.5138473053892215,1,2,40,3272
A3PFLOVUUUDUI3,0.3483620566300094,0.06664597718985181,0.0,1.0,0.5134730538922155,1,9,39,3273
A2C7D65XX6K2OD,0.3483620566300094,0.06664597718985181,0.0,1.0,0.5134730538922155,1,9,39,3274
ALD4EGIL85Q8,0.3483620566300094,0.06664597718985181,0.0,1.0,0.5134730538922155,1,9,39,3275
A2WDCAMKCCP1UR,0.3483620566300094,0.06664597718985181,0.0,1.0,0.5134730538922155,1,9,39,3276
A3MCPNPCOLOCEI,0.3483620566300094,0.06664597718985181,0.0,1.0,0.5134730538922155,1,9,39,3277
A3VTSPF7JQ80UQ,0.3483620566300094,0.06664597718985181,0.0,1.0,0.5134730538922155,1,9,39,3278
A2FY4IRPNJCRUK,0.3483620566300094,0.06664597718985181,0.0,1.0,0.5134730538922155,1,9,39,3279
A2NYUHO4HL2CYG,0.3483620566300094,0.06664597718985181,0.0,1.0,0.5134730538922155,1,9,39,3280
ABU5AVJ05TWXW,0.3483620566300094,0.06664597718985181,0.0,1.0,0.5134730538922155,1,9,39,3281
A3SL7BXUHLRKW3,0.3483620566300094,0.06664597718985181,0.0,1.0,0.5134730538922155,1,9,39,3282
A2ANICQ82D7RJV,0.3483620566300094,0.06664597718985181,0.0,1.0,0.5134730538922155,1,9,39,3283
A1JTTI1KH3DOCY,0.3483620566300094,0.06664597718985181,0.0,1.0,0.5134730538922155,1,9,39,3284
A6GDUWATWOH8B,0.3483620566300094,0.06664597718985181,0.0,1.0,0.5134730538922155,1,9,39,3285
A1JUJM2FDDREHY,0.3483620566300094,0.06664597718985181,0.0,1.0,0.5134730538922155,1,9,39,3286
A319UCRTOK0V9P,0.3483620566300094,0.06664597718985181,0.0,1.0,0.5134730538922155,1,9,39,3287
A3H482CX4KZBK4,0.3483620566300094,0.06664597718985181,0.0,1.0,0.5134730538922155,1,9,39,3288
A33CNFK776MTWR,0.3483620566300094,0.06664597718985181,0.0,1.0,0.5134730538922155,1,9,39,3289
A5SRH9OLR37VY,0.3483620566300094,0.06664597718985181,0.0,1.0,0.5134730538922155,1,9,39,3290
AGTQW6LCRGAPZ,0.3483620566300094,0.06664597718985181,0.0,1.0,0.5134730538922155,1,9,39,3291
A3R9X003XW0LNR,0.3483620566300094,0.06664597718985181,0.0,1.0,0.5134730538922155,1,9,39,3292
A2V5UI37R7ESEV,0.3483620566300094,0.06664597718985181,0.0,1.0,0.5134730538922155,1,9,39,3293
A2UOK8UV9AITAW,0.3483620566300094,0.06664597718985181,0.0,1.0,0.5134730538922155,1,9,39,3294
A27FPKOKRNWKJM,0.3483620566300094,0.06664597718985181,0.0,1.0,0.5134730538922155,1,9,39,3295
ACD8ZMA7CXVF1,0.34826849375575797,0.06664597718985181,0.0,1.0,0.5130988023952096,1,0,38,3296
A1FGL6IPRPCR9J,0.34826849375575797,0.06664597718985181,0.0,1.0,0.5130988023952096,1,0,38,3297
A321UWX6A3K66B,0.34826849375575797,0.06664597718985181,0.0,1.0,0.5130988023952096,1,0,38,3298
A3MOYH4ZADV478,0.34826849375575797,0.06664597718985181,0.0,1.0,0.5130988023952096,1,0,38,3299
A3NU7HS5TUSU74,0.34826849375575797,0.06664597718985181,0.0,1.0,0.5130988023952096,1,0,38,3300
A2DN7RUNX06BZ1,0.34826849375575797,0.06664597718985181,0.0,1.0,0.5130988023952096,1,0,38,3301
A3IQEPONXLFJ9A,0.34826849375575797,0.06664597718985181,0.0,1.0,0.5130988023952096,1,0,38,3302
ATWGAAUYYLACR,0.34826849375575797,0.06664597718985181,0.0,1.0,0.5130988023952096,1,0,38,3303
A3VW47C62Q0RML,0.34826849375575797,0.06664597718985181,0.0,1.0,0.5130988023952096,1,0,38,3304
AD3PVF4GNKD4I,0.34826849375575797,0.06664597718985181,0.0,1.0,0.5130988023952096,1,0,38,3305
A3GB92BPDHSAOA,0.34826849375575797,0.06664597718985181,0.0,1.0,0.5130988023952096,1,0,38,3306
A3GAEVQR5F9Q9J,0.34826849375575797,0.06664597718985181,0.0,1.0,0.5130988023952096,1,0,38,3307
A2GBHZL855WFH3,0.34826849375575797,0.06664597718985181,0.0,1.0,0.5130988023952096,1,0,38,3308
A33ENNU5G60VIH,0.34826849375575797,0.06664597718985181,0.0,1.0,0.5130988023952096,1,0,38,3309
A32UT0N3BGO8KN,0.34826849375575797,0.06664597718985181,0.0,1.0,0.5130988023952096,1,0,38,3310
A3N0U283FPLHGD,0.34826849375575797,0.06664597718985181,0.0,1.0,0.5130988023952096,1,0,38,3311
A2O28GXZHU7P3C,0.3481749308815064,0.06664597718985181,0.0,1.0,0.5127245508982036,1,2,37,3312
A3890NYX72ZQ,0.3481749308815064,0.06664597718985181,0.0,1.0,0.5127245508982036,1,2,37,3313
A3DVGMO8DCK8AX,0.3481749308815064,0.06664597718985181,0.0,1.0,0.5127245508982036,1,1,37,3314
A29PAGCYHOJN4A,0.3481749308815064,0.06664597718985181,0.0,1.0,0.5127245508982036,1,2,37,3315
A3TPXFQ9CIK7OF,0.3481749308815064,0.06664597718985181,0.0,1.0,0.5127245508982036,1,2,37,3316
A2KK3KCSA118PF,0.3481749308815064,0.06664597718985181,0.0,1.0,0.5127245508982036,1,2,37,3317
AHMV0VLLZSM18,0.3481749308815064,0.06664597718985181,0.0,1.0,0.5127245508982036,1,2,37,3318
A3GFK87L3P68AH,0.3481749308815064,0.06664597718985181,0.0,1.0,0.5127245508982036,1,1,37,3319
A4BW957GKIJUM,0.3481749308815064,0.06664597718985181,0.0,1.0,0.5127245508982036,1,1,37,3320
A228B35PGJ9S8I,0.3481749308815064,0.06664597718985181,0.0,1.0,0.5127245508982036,1,2,37,3321
AJRCUR3RS5A1E,0.3481749308815064,0.06664597718985181,0.0,1.0,0.5127245508982036,1,2,37,3322
A3VZH0PWLQ9BB1,0.3481749308815064,0.06664597718985181,0.0,1.0,0.5127245508982036,1,1,37,3323
AF1NQ69CABFD0,0.3481749308815064,0.06664597718985181,0.0,1.0,0.5127245508982036,1,2,37,3324
A2ZT9UP11DGS0O,0.3481749308815064,0.06664597718985181,0.0,1.0,0.5127245508982036,1,1,37,3325
A2ZT5LYQVJQJAU,0.3481749308815064,0.06664597718985181,0.0,1.0,0.5127245508982036,1,1,37,3326
A3SIVSBFGWO03,0.3481749308815064,0.06664597718985181,0.0,1.0,0.5127245508982036,1,1,37,3327
A2AOZQ3WTNVVOK,0.3481749308815064,0.06664597718985181,0.0,1.0,0.5127245508982036,1,1,37,3328
A25DV2T1HW6WTR,0.3481749308815064,0.06664597718985181,0.0,1.0,0.5127245508982036,1,1,37,3329
A1WGFWCQ8IQCWV,0.3481749308815064,0.06664597718985181,0.0,1.0,0.5127245508982036,1,1,37,3330
A1TCD3JA870YCJ,0.3481749308815064,0.06664597718985181,0.0,1.0,0.5127245508982036,1,2,37,3331
AUL0JCNC6QZ2L,0.3481749308815064,0.06664597718985181,0.0,1.0,0.5127245508982036,1,1,37,3332
A1GHIZOF6W4VON,0.3481749308815064,0.06664597718985181,0.0,1.0,0.5127245508982036,1,1,37,3333
A3R8M455KMAQ5K,0.3481749308815064,0.06664597718985181,0.0,1.0,0.5127245508982036,1,1,37,3334
A1W2DP25RTN59X,0.3481749308815064,0.06664597718985181,0.0,1.0,0.5127245508982036,1,1,37,3335
A2S462MQ984OD2,0.3481749308815064,0.06664597718985181,0.0,1.0,0.5127245508982036,1,1,37,3336
A2VSI9JA8Q1OPM,0.3481749308815064,0.06664597718985181,0.0,1.0,0.5127245508982036,1,1,37,3337
A2V0SRJJJ3PD91,0.3481749308815064,0.06664597718985181,0.0,1.0,0.5127245508982036,1,1,37,3338
A3HQS2YTR4GNC1,0.3481749308815064,0.06664597718985181,0.0,1.0,0.5127245508982036,1,2,37,3339
AFYDSCHAXBASF,0.3481749308815064,0.06664597718985181,0.0,1.0,0.5127245508982036,1,1,37,3340
A4ZAGU38SC09Q,0.3481749308815064,0.06664597718985181,0.0,1.0,0.5127245508982036,1,2,37,3341
A2DJ7MDPBNZW6J,0.3481749308815064,0.06664597718985181,0.0,1.0,0.5127245508982036,1,2,37,3342
AXNQ3UXQ3P5HE,0.3481749308815064,0.06664597718985181,0.0,1.0,0.5127245508982036,1,1,37,3343
ABOTQXNUBA1MM,0.3481749308815064,0.06664597718985181,0.0,1.0,0.5127245508982036,1,1,37,3344
A2DOKI3HUPALWE,0.3481749308815064,0.06664597718985181,0.0,1.0,0.5127245508982036,1,1,37,3345
A3CDH6GBMQ8SF6,0.3481749308815064,0.06664597718985181,0.0,1.0,0.5127245508982036,1,1,37,3346
AQ3Z6LHWZ5W7E,0.3481749308815064,0.06664597718985181,0.0,1.0,0.5127245508982036,1,1,37,3347
A1DYB9MKFYEGS4,0.3481749308815064,0.06664597718985181,0.0,1.0,0.5127245508982036,1,2,37,3348
A3ARNJ9NF0H6YD,0.3481749308815064,0.06664597718985181,0.0,1.0,0.5127245508982036,1,2,37,3349
AID6E0HC9H6CP,0.3481749308815064,0.06664597718985181,0.0,1.0,0.5127245508982036,1,1,37,3350
AQ1F4Z6CCQMVQ,0.348081368007255,0.06664597718985181,0.0,1.0,0.5123502994011976,1,0,36,3351
A1UJJMFTG7WCX7,0.348081368007255,0.06664597718985181,0.0,1.0,0.5123502994011976,1,0,36,3352
AG0FO4LWC3ALI,0.348081368007255,0.06664597718985181,0.0,1.0,0.5123502994011976,1,0,36,3353
A3BSE70YMG6FM0,0.348081368007255,0.06664597718985181,0.0,1.0,0.5123502994011976,1,0,36,3354
A57QS8CXFWMV5,0.348081368007255,0.06664597718985181,0.0,1.0,0.5123502994011976,1,0,36,3355
A3OZR4QXMILU6E,0.348081368007255,0.06664597718985181,0.0,1.0,0.5123502994011976,1,0,36,3356
AFX6DK3RMHQGO,0.348081368007255,0.06664597718985181,0.0,1.0,0.5123502994011976,1,0,36,3357
A33PWO1CNL1KAP,0.348081368007255,0.06664597718985181,0.0,1.0,0.5123502994011976,1,0,36,3358
A1CRUBEW267K0W,0.348081368007255,0.06664597718985181,0.0,1.0,0.5123502994011976,1,0,36,3359
A3F29V1XQ72M3M,0.348081368007255,0.06664597718985181,0.0,1.0,0.5123502994011976,1,0,36,3360
A1OXZ8PYU1A2J0,0.348081368007255,0.06664597718985181,0.0,1.0,0.5123502994011976,1,0,36,3361
A1A23QM5WA9F0H,0.348081368007255,0.06664597718985181,0.0,1.0,0.5123502994011976,1,0,36,3362
A2XUTJJ678UBQ5,0.348081368007255,0.06664597718985181,0.0,1.0,0.5123502994011976,1,0,36,3363
A1P6EK8AZ4MHTA,0.348081368007255,0.06664597718985181,0.0,1.0,0.5123502994011976,1,0,36,3364
A1D9U33OHQTO18,0.348081368007255,0.06664597718985181,0.0,1.0,0.5123502994011976,1,0,36,3365
ACMRDAKUXXN5D,0.348081368007255,0.06664597718985181,0.0,1.0,0.5123502994011976,1,0,36,3366
A24820RRYFYLCO,0.348081368007255,0.06664597718985181,0.0,1.0,0.5123502994011976,1,0,36,3367
A2MFRJZCVA0QWY,0.348081368007255,0.06664597718985181,0.0,1.0,0.5123502994011976,1,0,36,3368
AZ1UEOB5EIU5O,0.348081368007255,0.06664597718985181,0.0,1.0,0.5123502994011976,1,0,36,3369
A18VHVC7JXA7H7,0.348081368007255,0.06664597718985181,0.0,1.0,0.5123502994011976,1,0,36,3370
A21VUD32OENHJE,0.348081368007255,0.06664597718985181,0.0,1.0,0.5123502994011976,1,0,36,3371
A26QL0T3E7MOAE,0.3479878051330034,0.06664597718985181,0.0,1.0,0.5119760479041916,1,5,35,3372
A3BQ16UFNMAPW,0.3479878051330034,0.06664597718985181,0.0,1.0,0.5119760479041916,1,0,35,3373
A22XTZPWSYJY8H,0.3479878051330034,0.06664597718985181,0.0,1.0,0.5119760479041916,1,5,35,3374
A1H8EOX4LE3PNQ,0.3479878051330034,0.06664597718985181,0.0,1.0,0.5119760479041916,1,0,35,3375
A1U1Y59XC65U2F,0.3479878051330034,0.06664597718985181,0.0,1.0,0.5119760479041916,1,0,35,3376
A2YCEVZLNY3ZO2,0.3479878051330034,0.06664597718985181,0.0,1.0,0.5119760479041916,1,5,35,3377
A1CX5JZD7J6M0N,0.3479878051330034,0.06664597718985181,0.0,1.0,0.5119760479041916,1,5,35,3378
A3MND6ONIQPBYN,0.3479878051330034,0.06664597718985181,0.0,1.0,0.5119760479041916,1,5,35,3379
A2J6DDH3DPUY8B,0.3479878051330034,0.06664597718985181,0.0,1.0,0.5119760479041916,1,0,35,3380
A15L0EDQMU28DA,0.3479878051330034,0.06664597718985181,0.0,1.0,0.5119760479041916,1,5,35,3381
A3C3VITIMY0DJJ,0.3479878051330034,0.06664597718985181,0.0,1.0,0.5119760479041916,1,0,35,3382
A1MU2MRUV1541F,0.3479878051330034,0.06664597718985181,0.0,1.0,0.5119760479041916,1,0,35,3383
A15ZT0K8VGFLL2,0.3479878051330034,0.06664597718985181,0.0,1.0,0.5119760479041916,1,5,35,3384
A25Q4C2UDIOPXC,0.3479878051330034,0.06664597718985181,0.0,1.0,0.5119760479041916,1,5,35,3385
A3NUS6C31S5CQY,0.3479878051330034,0.06664597718985181,0.0,1.0,0.5119760479041916,1,5,35,3386
A2VF3U1XNCH3BH,0.3479878051330034,0.06664597718985181,0.0,1.0,0.5119760479041916,1,5,35,3387
A32RMUE2HOPW69,0.3479878051330034,0.06664597718985181,0.0,1.0,0.5119760479041916,1,0,35,3388
AOK9U912FK03L,0.3479878051330034,0.06664597718985181,0.0,1.0,0.5119760479041916,1,5,35,3389
A5PC0I3U0OP6O,0.3479878051330034,0.06664597718985181,0.0,1.0,0.5119760479041916,1,0,35,3390
A152ZT3Y3Q4VQQ,0.3479878051330034,0.06664597718985181,0.0,1.0,0.5119760479041916,1,0,35,3391
A3BAVQ0GF8FI0R,0.3479878051330034,0.06664597718985181,0.0,1.0,0.5119760479041916,1,0,35,3392
AYCS41BVC7IWA,0.3479878051330034,0.06664597718985181,0.0,1.0,0.5119760479041916,1,5,35,3393
A14EO36F2S1A90,0.3479878051330034,0.06664597718985181,0.0,1.0,0.5119760479041916,1,0,35,3394
A17INQNCZ1HMHL,0.3479878051330034,0.06664597718985181,0.0,1.0,0.5119760479041916,1,0,35,3395
A1S9YZ2L3GYF2A,0.3479878051330034,0.06664597718985181,0.0,1.0,0.5119760479041916,1,5,35,3396
A245C6II33C74U,0.3479878051330034,0.06664597718985181,0.0,1.0,0.5119760479041916,1,5,35,3397
AWXRPZ7F3D1UH,0.3479878051330034,0.06664597718985181,0.0,1.0,0.5119760479041916,1,0,35,3398
A28LI4KXSRSVLY,0.3479878051330034,0.06664597718985181,0.0,1.0,0.5119760479041916,1,0,35,3399
AROAG742G5QQV,0.3479878051330034,0.06664597718985181,0.0,1.0,0.5119760479041916,1,0,35,3400
A3LX5EDHM91M9J,0.3479878051330034,0.06664597718985181,0.0,1.0,0.5119760479041916,1,0,35,3401
A3FBKSJY4UPVU,0.3479878051330034,0.06664597718985181,0.0,1.0,0.5119760479041916,1,5,35,3402
A1Q6BOVHAOZ04E,0.3479878051330034,0.06664597718985181,0.0,1.0,0.5119760479041916,1,5,35,3403
A3TMZ2H98O43I,0.3479878051330034,0.06664597718985181,0.0,1.0,0.5119760479041916,1,5,35,3404
AIO00LM9IL7FA,0.3479878051330034,0.06664597718985181,0.0,1.0,0.5119760479041916,1,5,35,3405
A10G67NY7XQQIQ,0.3479878051330034,0.06664597718985181,0.0,1.0,0.5119760479041916,1,0,35,3406
A6TBR6L2D4XKC,0.3479878051330034,0.06664597718985181,0.0,1.0,0.5119760479041916,1,5,35,3407
A1RGEORG34AQAY,0.3479878051330034,0.06664597718985181,0.0,1.0,0.5119760479041916,1,0,35,3408
AB02B8WS2BGAL,0.3479878051330034,0.06664597718985181,0.0,1.0,0.5119760479041916,1,5,35,3409
A20EQ98GMJSGG8,0.3479878051330034,0.06664597718985181,0.0,1.0,0.5119760479041916,1,0,35,3410
A2M9ME0N2S3R39,0.3479878051330034,0.06664597718985181,0.0,1.0,0.5119760479041916,1,0,35,3411
A3UGCKULLHJ01E,0.3479878051330034,0.06664597718985181,0.0,1.0,0.5119760479041916,1,0,35,3412
A2M9SJDWEJR7JN,0.3479878051330034,0.06664597718985181,0.0,1.0,0.5119760479041916,1,0,35,3413
A2L7DQQSGCBA46,0.3479878051330034,0.06664597718985181,0.0,1.0,0.5119760479041916,1,5,35,3414
A29O2CYBUENAB1,0.3479878051330034,0.06664597718985181,0.0,1.0,0.5119760479041916,1,5,35,3415
A1P3DDFL423B3C,0.34793318014664054,0.06664597718985181,0.7038336484084189,0.5143652481887981,0.19643170099928273,2,1,24,3416
A2PNSW5ZWFISHU,0.347894242258752,0.06664597718985181,0.0,1.0,0.5116017964071856,1,0,34,3417
A2PMM1LP41I6IN,0.347894242258752,0.06664597718985181,0.0,1.0,0.5116017964071856,1,2,34,3418
A21OA8773GTIKD,0.347894242258752,0.06664597718985181,0.0,1.0,0.5116017964071856,1,2,34,3419
A3JSY3V8X43HUP,0.347894242258752,0.06664597718985181,0.0,1.0,0.5116017964071856,1,9,34,3420
ARSW44J26H0WY,0.347894242258752,0.06664597718985181,0.0,1.0,0.5116017964071856,1,9,34,3421
A35V32HZEGZH04,0.347894242258752,0.06664597718985181,0.0,1.0,0.5116017964071856,1,9,34,3422
A3LVHU3WNR5XF3,0.347894242258752,0.06664597718985181,0.0,1.0,0.5116017964071856,1,0,34,3423
A1AKKYXG0Y0ULL,0.347894242258752,0.06664597718985181,0.0,1.0,0.5116017964071856,1,9,34,3424
AWCWQ5N8EB1XW,0.347894242258752,0.06664597718985181,0.0,1.0,0.5116017964071856,1,9,34,3425
AD1QSUQBQ7PS7,0.347894242258752,0.06664597718985181,0.0,1.0,0.5116017964071856,1,9,34,3426
A19SXS5PEC80UQ,0.347894242258752,0.06664597718985181,0.0,1.0,0.5116017964071856,1,2,34,3427
AM3N5LZ7BETCB,0.347894242258752,0.06664597718985181,0.0,1.0,0.5116017964071856,1,2,34,3428
A7T67XA3U5J8B,0.347894242258752,0.06664597718985181,0.0,1.0,0.5116017964071856,1,0,34,3429
A2W29HD38V9F8X,0.347894242258752,0.06664597718985181,0.0,1.0,0.5116017964071856,1,2,34,3430
A1FPSSELKQNTK4,0.347894242258752,0.06664597718985181,0.0,1.0,0.5116017964071856,1,9,34,3431
A23GNFDESFFY6C,0.347894242258752,0.06664597718985181,0.0,1.0,0.5116017964071856,1,2,34,3432
AU8E774SC8TWK,0.347894242258752,0.06664597718985181,0.0,1.0,0.5116017964071856,1,9,34,3433
A1O7NN2SNJZ9XY,0.347894242258752,0.06664597718985181,0.0,1.0,0.5116017964071856,1,9,34,3434
AU9BPT3Y3K6J4,0.347894242258752,0.06664597718985181,0.0,1.0,0.5116017964071856,1,2,34,3435
ARUQAU51OAMTQ,0.347894242258752,0.06664597718985181,0.0,1.0,0.5116017964071856,1,2,34,3436
A1KGMLV9UME4EX,0.347894242258752,0.06664597718985181,0.0,1.0,0.5116017964071856,1,2,34,3437
A1GPS8D0AWIEG8,0.347894242258752,0.06664597718985181,0.0,1.0,0.5116017964071856,1,9,34,3438
A2812T15HPAR06,0.347894242258752,0.06664597718985181,0.0,1.0,0.5116017964071856,1,9,34,3439
AA63DLG8HJ2JQ,0.347894242258752,0.06664597718985181,0.0,1.0,0.5116017964071856,1,2,34,3440
AH9QYOWBYWRXJ,0.347894242258752,0.06664597718985181,0.0,1.0,0.5116017964071856,1,0,34,3441
A1N798ZTE2S4F2,0.347894242258752,0.06664597718985181,0.0,1.0,0.5116017964071856,1,9,34,3442
AEF7CR8SNCYF2,0.347894242258752,0.06664597718985181,0.0,1.0,0.5116017964071856,1,2,34,3443
A13DDUENBR1CW8,0.347894242258752,0.06664597718985181,0.0,1.0,0.5116017964071856,1,9,34,3444
A1MGS94AG7NSZL,0.347894242258752,0.06664597718985181,0.0,1.0,0.5116017964071856,1,2,34,3445
A3O64PJAT8FRAU,0.347894242258752,0.06664597718985181,0.0,1.0,0.5116017964071856,1,2,34,3446
A2D82GLVKG2EIW,0.347894242258752,0.06664597718985181,0.0,1.0,0.5116017964071856,1,0,34,3447
A3UJDNT32ZJEF,0.347894242258752,0.06664597718985181,0.0,1.0,0.5116017964071856,1,9,34,3448
A1V5M5ENS5YBK9,0.347894242258752,0.06664597718985181,0.0,1.0,0.5116017964071856,1,2,34,3449
A1UWVLJM65EEFX,0.347894242258752,0.06664597718985181,0.0,1.0,0.5116017964071856,1,2,34,3450
A127P8A5QQ05KN,0.347894242258752,0.06664597718985181,0.0,1.0,0.5116017964071856,1,0,34,3451
A1DF5D8N00SQR0,0.347894242258752,0.06664597718985181,0.0,1.0,0.5116017964071856,1,2,34,3452
A2I7TWQ62H1VF,0.347894242258752,0.06664597718985181,0.0,1.0,0.5116017964071856,1,2,34,3453
A1ITXFX7GG8I60,0.347894242258752,0.06664597718985181,0.0,1.0,0.5116017964071856,1,2,34,3454
A3OIGUHVHZBKT4,0.347894242258752,0.06664597718985181,0.0,1.0,0.5116017964071856,1,9,34,3455
A13RLDI2F7OQOH,0.347894242258752,0.06664597718985181,0.0,1.0,0.5116017964071856,1,0,34,3456
A2HOZZLPREEY4G,0.347894242258752,0.06664597718985181,0.0,1.0,0.5116017964071856,1,9,34,3457
A2VI9F9LH3117S,0.347894242258752,0.06664597718985181,0.0,1.0,0.5116017964071856,1,9,34,3458
A2YL9FWBDJR4KL,0.347894242258752,0.06664597718985181,0.0,1.0,0.5116017964071856,1,2,34,3459
A3A3F5N7NZCVMT,0.347894242258752,0.06664597718985181,0.0,1.0,0.5116017964071856,1,9,34,3460
A2L5YC5Z8JD34M,0.347894242258752,0.06664597718985181,0.0,1.0,0.5116017964071856,1,2,34,3461
A133Z74IY6J9D7,0.347894242258752,0.06664597718985181,0.0,1.0,0.5116017964071856,1,2,34,3462
A3CQUQ28OKOMMT,0.347894242258752,0.06664597718985181,0.0,1.0,0.5116017964071856,1,2,34,3463
A1JH4RE328VB3K,0.347894242258752,0.06664597718985181,0.0,1.0,0.5116017964071856,1,2,34,3464
A3TB9HNQR54B5V,0.347894242258752,0.06664597718985181,0.0,1.0,0.5116017964071856,1,0,34,3465
A3K04GHJ88XQR8,0.347894242258752,0.06664597718985181,0.0,1.0,0.5116017964071856,1,9,34,3466
AJB446EO96DUE,0.347894242258752,0.06664597718985181,0.0,1.0,0.5116017964071856,1,9,34,3467
A3D5PYW78GKDWV,0.347894242258752,0.06664597718985181,0.0,1.0,0.5116017964071856,1,2,34,3468
A381YC9NE1K8R8,0.347894242258752,0.06664597718985181,0.0,1.0,0.5116017964071856,1,2,34,3469
ACROMCL9HF767,0.347894242258752,0.06664597718985181,0.0,1.0,0.5116017964071856,1,9,34,3470
A3SOLBOIBNYCCP,0.347894242258752,0.06664597718985181,0.0,1.0,0.5116017964071856,1,9,34,3471
AXALKJR9F4USW,0.347894242258752,0.06664597718985181,0.0,1.0,0.5116017964071856,1,0,34,3472
A1PPD5TOR6VVYV,0.347894242258752,0.06664597718985181,0.0,1.0,0.5116017964071856,1,0,34,3473
A1RHVVY6U02LN2,0.347894242258752,0.06664597718985181,0.0,1.0,0.5116017964071856,1,2,34,3474
APOGXH3A74CM3,0.347894242258752,0.06664597718985181,0.0,1.0,0.5116017964071856,1,0,34,3475
A3RR3PDK3FX6CO,0.347894242258752,0.06664597718985181,0.0,1.0,0.5116017964071856,1,2,34,3476
A2462LPFBLFKT6,0.347894242258752,0.06664597718985181,0.0,1.0,0.5116017964071856,1,2,34,3477
A1X6TD4D3D9YUP,0.347894242258752,0.06664597718985181,0.0,1.0,0.5116017964071856,1,2,34,3478
A1LA4K5JF78BER,0.347894242258752,0.06664597718985181,0.0,1.0,0.5116017964071856,1,9,34,3479
A353N8AMEU296G,0.347894242258752,0.06664597718985181,0.0,1.0,0.5116017964071856,1,2,34,3480
AVMWJGOUXWY2D,0.347894242258752,0.06664597718985181,0.0,1.0,0.5116017964071856,1,0,34,3481
AWN8Q7FYS4G09,0.347894242258752,0.06664597718985181,0.0,1.0,0.5116017964071856,1,2,34,3482
APGS6U5D8YRII,0.347894242258752,0.06664597718985181,0.0,1.0,0.5116017964071856,1,2,34,3483
A3AGSFLNNIFKNJ,0.34783698708352,4.182530021074122e-05,0.01778418607964006,1.0,0.5735135718941871,2,3,550,3484
A604IM2TKXONO,0.34780067938450043,0.06664597718985181,0.0,1.0,0.5112275449101796,1,11,33,3485
A1840PJZBE47TP,0.34780067938450043,0.06664597718985181,0.0,1.0,0.5112275449101796,1,24,33,3486
A1CRCLL00ULF20,0.34780067938450043,0.06664597718985181,0.0,1.0,0.5112275449101796,1,11,33,3487
A2EJ8QA6Q2X9BL,0.34780067938450043,0.06664597718985181,0.0,1.0,0.5112275449101796,1,11,33,3488
AVSMRPI23DQI2,0.34780067938450043,0.06664597718985181,0.0,1.0,0.5112275449101796,1,11,33,3489
AKNI01GEKRTDV,0.34780067938450043,0.06664597718985181,0.0,1.0,0.5112275449101796,1,24,33,3490
A2XHVJXV58MHVL,0.34780067938450043,0.06664597718985181,0.0,1.0,0.5112275449101796,1,24,33,3491
A2F36RDJUBR6TI,0.34780067938450043,0.06664597718985181,0.0,1.0,0.5112275449101796,1,11,33,3492
A3TSAQ6H6HKXIZ,0.34780067938450043,0.06664597718985181,0.0,1.0,0.5112275449101796,1,24,33,3493
A14I1F2H7NOYDC,0.34780067938450043,0.06664597718985181,0.0,1.0,0.5112275449101796,1,24,33,3494
ATLCOMAE8J7FO,0.34780067938450043,0.06664597718985181,0.0,1.0,0.5112275449101796,1,11,33,3495
A1TV0MBAF13ZMS,0.34780067938450043,0.06664597718985181,0.0,1.0,0.5112275449101796,1,24,33,3496
A3TOCVBMFZTZ2Z,0.34780067938450043,0.06664597718985181,0.0,1.0,0.5112275449101796,1,24,33,3497
A17T4YZDDWWFTL,0.34780067938450043,0.06664597718985181,0.0,1.0,0.5112275449101796,1,11,33,3498
A2VHUAB7SS8PCQ,0.34780067938450043,0.06664597718985181,0.0,1.0,0.5112275449101796,1,24,33,3499
A2DDTHUPCXB6Y,0.34780067938450043,0.06664597718985181,0.0,1.0,0.5112275449101796,1,11,33,3500
A2S4ALQNVY89W0,0.34780067938450043,0.06664597718985181,0.0,1.0,0.5112275449101796,1,24,33,3501
A4G51W9PC7TJL,0.34780067938450043,0.06664597718985181,0.0,1.0,0.5112275449101796,1,11,33,3502
A2VA1Q64QRGY5H,0.34780067938450043,0.06664597718985181,0.0,1.0,0.5112275449101796,1,24,33,3503
A9DW3IODLLHJG,0.34780067938450043,0.06664597718985181,0.0,1.0,0.5112275449101796,1,24,33,3504
A313VOS25H6G2F,0.34780067938450043,0.06664597718985181,0.0,1.0,0.5112275449101796,1,24,33,3505
A2TZ1P4VNJLYQQ,0.34780067938450043,0.06664597718985181,0.0,1.0,0.5112275449101796,1,11,33,3506
A26KXNN6H1IL0I,0.34780067938450043,0.06664597718985181,0.0,1.0,0.5112275449101796,1,11,33,3507
A1660JZPHFX90N,0.34780067938450043,0.06664597718985181,0.0,1.0,0.5112275449101796,1,24,33,3508
AEN9ZAYSCOD88,0.34780067938450043,0.06664597718985181,0.0,1.0,0.5112275449101796,1,11,33,3509
A3F5G02JODRZ10,0.34780067938450043,0.06664597718985181,0.0,1.0,0.5112275449101796,1,11,33,3510
A1RO7LHPEVFKY1,0.34780067938450043,0.06664597718985181,0.0,1.0,0.5112275449101796,1,24,33,3511
A3VV443NATJMKY,0.34780067938450043,0.06664597718985181,0.0,1.0,0.5112275449101796,1,11,33,3512
A24ANAR5QTRBOO,0.34780067938450043,0.06664597718985181,0.0,1.0,0.5112275449101796,1,24,33,3513
A2AFGNDUPNWVSN,0.34780067938450043,0.06664597718985181,0.0,1.0,0.5112275449101796,1,11,33,3514
A3UC2DLZF7TFB4,0.34780067938450043,0.06664597718985181,0.0,1.0,0.5112275449101796,1,24,33,3515
AZRPGTU8A7KD5,0.34780067938450043,0.06664597718985181,0.0,1.0,0.5112275449101796,1,11,33,3516
A1D6XJGWCLNM3W,0.34780067938450043,0.06664597718985181,0.0,1.0,0.5112275449101796,1,11,33,3517
A1RXA718FHHMO3,0.34780067938450043,0.06664597718985181,0.0,1.0,0.5112275449101796,1,11,33,3518
A1DJ72M95U7GPD,0.34773773648806017,0.0002584530325992153,0.014078026293420826,1.0,0.5765627760197006,2,0,246,3519
A390CDHLS6NHWP,0.347707116510249,0.06664597718985181,0.0,1.0,0.5108532934131736,1,0,32,3520
A2IAOKN86UONF9,0.347707116510249,0.06664597718985181,0.0,1.0,0.5108532934131736,1,5,32,3521
A2LX285KLNY8M3,0.347707116510249,0.06664597718985181,0.0,1.0,0.5108532934131736,1,0,32,3522
A2SVJ8MKR2VB0T,0.347707116510249,0.06664597718985181,0.0,1.0,0.5108532934131736,1,5,32,3523
A2Y4QQTCIP2E0E,0.347707116510249,0.06664597718985181,0.0,1.0,0.5108532934131736,1,0,32,3524
A106FBN3SVKSQL,0.347707116510249,0.06664597718985181,0.0,1.0,0.5108532934131736,1,0,32,3525
A2FSW50DBYKTAG,0.347707116510249,0.06664597718985181,0.0,1.0,0.5108532934131736,1,0,32,3526
AIVJDP9TGEGZN,0.347707116510249,0.06664597718985181,0.0,1.0,0.5108532934131736,1,0,32,3527
A3TEP6U427LK9Z,0.347707116510249,0.06664597718985181,0.0,1.0,0.5108532934131736,1,5,32,3528
APVAEF5ZIRL6D,0.347707116510249,0.06664597718985181,0.0,1.0,0.5108532934131736,1,5,32,3529
A37JNUJSVAJKYN,0.347707116510249,0.06664597718985181,0.0,1.0,0.5108532934131736,1,0,32,3530
A2QJJR9P3IYVO9,0.347707116510249,0.06664597718985181,0.0,1.0,0.5108532934131736,1,0,32,3531
A2J13N66WSPPPF,0.347707116510249,0.06664597718985181,0.0,1.0,0.5108532934131736,1,5,32,3532
ADNDDTNOTZFXP,0.347707116510249,0.06664597718985181,0.0,1.0,0.5108532934131736,1,5,32,3533
A3LFBEOD5RIGMK,0.347707116510249,0.06664597718985181,0.0,1.0,0.5108532934131736,1,5,32,3534
A27Y4OEC9MD9PA,0.347707116510249,0.06664597718985181,0.0,1.0,0.5108532934131736,1,0,32,3535
A19E3ZCQH6TJBD,0.347707116510249,0.06664597718985181,0.0,1.0,0.5108532934131736,1,0,32,3536
A2KHV9BF02Y4LH,0.347707116510249,0.06664597718985181,0.0,1.0,0.5108532934131736,1,5,32,3537
A27A10YC94A9G2,0.347707116510249,0.06664597718985181,0.0,1.0,0.5108532934131736,1,5,32,3538
A2RPRWKVCY13FI,0.347707116510249,0.06664597718985181,0.0,1.0,0.5108532934131736,1,5,32,3539
A1WAYVM44HACOO,0.347707116510249,0.06664597718985181,0.0,1.0,0.5108532934131736,1,0,32,3540
A31N0XY2UTB25C,0.347707116510249,0.06664597718985181,0.0,1.0,0.5108532934131736,1,5,32,3541
A88AV20XJ5X60,0.347707116510249,0.06664597718985181,0.0,1.0,0.5108532934131736,1,0,32,3542
AM7VNKKUJK97J,0.347707116510249,0.06664597718985181,0.0,1.0,0.5108532934131736,1,5,32,3543
A1A22RM1NZTVQV,0.347707116510249,0.06664597718985181,0.0,1.0,0.5108532934131736,1,5,32,3544
A3Q6EL2PFKJK76,0.347707116510249,0.06664597718985181,0.0,1.0,0.5108532934131736,1,0,32,3545
A15UNI5A23UA4J,0.347707116510249,0.06664597718985181,0.0,1.0,0.5108532934131736,1,0,32,3546
A16OL6XJCMNFQ2,0.347707116510249,0.06664597718985181,0.0,1.0,0.5108532934131736,1,5,32,3547
A3ONE2VJCDI5GZ,0.347707116510249,0.06664597718985181,0.0,1.0,0.5108532934131736,1,0,32,3548
A17U12E2LNDSYL,0.347707116510249,0.06664597718985181,0.0,1.0,0.5108532934131736,1,0,32,3549
A29CIMCVNUZQ8B,0.347707116510249,0.06664597718985181,0.0,1.0,0.5108532934131736,1,5,32,3550
AOA7NY2649Z9I,0.347707116510249,0.06664597718985181,0.0,1.0,0.5108532934131736,1,5,32,3551
A1TEQLH0UOWNOK,0.347707116510249,0.06664597718985181,0.0,1.0,0.5108532934131736,1,0,32,3552
A1LYZ1VWGLCI1X,0.347707116510249,0.06664597718985181,0.0,1.0,0.5108532934131736,1,0,32,3553
A8VNRW9OJGDV0,0.347707116510249,0.06664597718985181,0.0,1.0,0.5108532934131736,1,5,32,3554
A3CSEHN7WKCTZ5,0.347707116510249,0.06664597718985181,0.0,1.0,0.5108532934131736,1,0,32,3555
A1PWB41M2CYPTG,0.347707116510249,0.06664597718985181,0.0,1.0,0.5108532934131736,1,5,32,3556
A2MPVQT5N0NB20,0.347707116510249,0.06664597718985181,0.0,1.0,0.5108532934131736,1,5,32,3557
A2N44JXLCGCKVR,0.347707116510249,0.06664597718985181,0.0,1.0,0.5108532934131736,1,5,32,3558
A2AVX8HN2XX0WQ,0.347707116510249,0.06664597718985181,0.0,1.0,0.5108532934131736,1,5,32,3559
A3QNX5KWHDV0GD,0.347519990761746,0.06664597718985181,0.0,1.0,0.5101047904191617,1,9,30,3560
AMLICZAK25GMM,0.347519990761746,0.06664597718985181,0.0,1.0,0.5101047904191617,1,0,30,3561
A2RB0X2T3VWV1B,0.347519990761746,0.06664597718985181,0.0,1.0,0.5101047904191617,1,9,30,3562
A14HHLBGGNNCFK,0.347519990761746,0.06664597718985181,0.0,1.0,0.5101047904191617,1,9,30,3563
A22QKPZ2BV00NK,0.347519990761746,0.06664597718985181,0.0,1.0,0.5101047904191617,1,9,30,3564
A3HMI98TOOAVYS,0.347519990761746,0.06664597718985181,0.0,1.0,0.5101047904191617,1,9,30,3565
A2IPC51HL9UUYF,0.347519990761746,0.06664597718985181,0.0,1.0,0.5101047904191617,1,0,30,3566
A2UB3DLGTRBHVT,0.347519990761746,0.06664597718985181,0.0,1.0,0.5101047904191617,1,9,30,3567
A1QHTHV3S8J3GJ,0.347519990761746,0.06664597718985181,0.0,1.0,0.5101047904191617,1,9,30,3568
A3I2LH8T7QJI7J,0.347519990761746,0.06664597718985181,0.0,1.0,0.5101047904191617,1,9,30,3569
A2SN4KPZ2G45V3,0.347519990761746,0.06664597718985181,0.0,1.0,0.5101047904191617,1,9,30,3570
A1LCVSECISPGSO,0.347519990761746,0.06664597718985181,0.0,1.0,0.5101047904191617,1,0,30,3571
A2759PRDPCNGXF,0.347519990761746,0.06664597718985181,0.0,1.0,0.5101047904191617,1,9,30,3572
A33ZNV7VQ925SB,0.347519990761746,0.06664597718985181,0.0,1.0,0.5101047904191617,1,9,30,3573
A1SNT83NFD4U8N,0.347519990761746,0.06664597718985181,0.0,1.0,0.5101047904191617,1,9,30,3574
AW1D68VYR0HD0,0.347519990761746,0.06664597718985181,0.0,1.0,0.5101047904191617,1,9,30,3575
A37A27YO5I79IZ,0.347519990761746,0.06664597718985181,0.0,1.0,0.5101047904191617,1,0,30,3576
A34LSBBIKLTOOV,0.347519990761746,0.06664597718985181,0.0,1.0,0.5101047904191617,1,9,30,3577
A5XWWZZL5NZUX,0.347519990761746,0.06664597718985181,0.0,1.0,0.5101047904191617,1,9,30,3578
AQ6F5FMEFRIKL,0.347519990761746,0.06664597718985181,0.0,1.0,0.5101047904191617,1,9,30,3579
A3TJP0AW9HHY2,0.347519990761746,0.06664597718985181,0.0,1.0,0.5101047904191617,1,0,30,3580
A3STDPXRUJQBOQ,0.347519990761746,0.06664597718985181,0.0,1.0,0.5101047904191617,1,9,30,3581
A38IWCW17QMNI9,0.347519990761746,0.06664597718985181,0.0,1.0,0.5101047904191617,1,9,30,3582
A1EMDSTJDUE6B0,0.347519990761746,0.06664597718985181,0.0,1.0,0.5101047904191617,1,0,30,3583
AFP6C8GPJ4SBQ,0.347519990761746,0.06664597718985181,0.0,1.0,0.5101047904191617,1,0,30,3584
A2B0HYERQR96HI,0.347519990761746,0.06664597718985181,0.0,1.0,0.5101047904191617,1,0,30,3585
A3E37ZYITKUQNL,0.347519990761746,0.06664597718985181,0.0,1.0,0.5101047904191617,1,9,30,3586
A29P65DEEZIEB0,0.34742642788749445,0.06664597718985181,0.0,1.0,0.5097305389221557,1,11,29,3587
AZXP46IB63PU8,0.34742642788749445,0.06664597718985181,0.0,1.0,0.5097305389221557,1,2,29,3588
A2U3TXDWG3U3XS,0.34742642788749445,0.06664597718985181,0.0,1.0,0.5097305389221557,1,9,29,3589
A13YHMQKJF3ZL5,0.34742642788749445,0.06664597718985181,0.0,1.0,0.5097305389221557,1,9,29,3590
A3FDXCRC4LAOZP,0.34742642788749445,0.06664597718985181,0.0,1.0,0.5097305389221557,1,9,29,3591
A2T6E660Y0AXFQ,0.34742642788749445,0.06664597718985181,0.0,1.0,0.5097305389221557,1,11,29,3592
A34AMRIGX4RVKU,0.34742642788749445,0.06664597718985181,0.0,1.0,0.5097305389221557,1,9,29,3593
A1BHRKM387NKXH,0.34742642788749445,0.06664597718985181,0.0,1.0,0.5097305389221557,1,9,29,3594
A1KHBL5M5UO0OH,0.34742642788749445,0.06664597718985181,0.0,1.0,0.5097305389221557,1,11,29,3595
A33M07VZBYRMPY,0.34742642788749445,0.06664597718985181,0.0,1.0,0.5097305389221557,1,2,29,3596
A3F4OHY3R93F78,0.34742642788749445,0.06664597718985181,0.0,1.0,0.5097305389221557,1,2,29,3597
A3QJM92LOBZJ6P,0.34742642788749445,0.06664597718985181,0.0,1.0,0.5097305389221557,1,9,29,3598
AMFFWASO0476G,0.34742642788749445,0.06664597718985181,0.0,1.0,0.5097305389221557,1,11,29,3599
A3NID9D9WMIV01,0.34742642788749445,0.06664597718985181,0.0,1.0,0.5097305389221557,1,2,29,3600
AM7IDMQK0MCGX,0.34742642788749445,0.06664597718985181,0.0,1.0,0.5097305389221557,1,11,29,3601
A3GZHI2Y4HNJMD,0.34742642788749445,0.06664597718985181,0.0,1.0,0.5097305389221557,1,9,29,3602
A5V1EF2BNERO9,0.34742642788749445,0.06664597718985181,0.0,1.0,0.5097305389221557,1,2,29,3603
A5V6ZDQQAARJL,0.34742642788749445,0.06664597718985181,0.0,1.0,0.5097305389221557,1,0,29,3604
AP55R45MSCVQ7,0.34742642788749445,0.06664597718985181,0.0,1.0,0.5097305389221557,1,11,29,3605
A23JEB4NAIIH2P,0.34742642788749445,0.06664597718985181,0.0,1.0,0.5097305389221557,1,9,29,3606
A335QXPTV1RIV1,0.34742642788749445,0.06664597718985181,0.0,1.0,0.5097305389221557,1,0,29,3607
A1SL5FHOMDDY15,0.34742642788749445,0.06664597718985181,0.0,1.0,0.5097305389221557,1,0,29,3608
A2QOLHSESSJZWJ,0.34742642788749445,0.06664597718985181,0.0,1.0,0.5097305389221557,1,9,29,3609
A2BCV9V0BLJ7RI,0.34742642788749445,0.06664597718985181,0.0,1.0,0.5097305389221557,1,11,29,3610
A41I67QYRAOSQ,0.34742642788749445,0.06664597718985181,0.0,1.0,0.5097305389221557,1,2,29,3611
A1XP5GMAIXJ10A,0.34742642788749445,0.06664597718985181,0.0,1.0,0.5097305389221557,1,11,29,3612
A3S47OYFMIQT5N,0.34742642788749445,0.06664597718985181,0.0,1.0,0.5097305389221557,1,2,29,3613
A15QYHQH80W30L,0.34742642788749445,0.06664597718985181,0.0,1.0,0.5097305389221557,1,9,29,3614
A1Y8NN628X1IMH,0.34742642788749445,0.06664597718985181,0.0,1.0,0.5097305389221557,1,2,29,3615
AFUG91MG3OW6O,0.34742642788749445,0.06664597718985181,0.0,1.0,0.5097305389221557,1,11,29,3616
A2GLAFB46IUJP7,0.34742642788749445,0.06664597718985181,0.0,1.0,0.5097305389221557,1,9,29,3617
A6ILK3FXYH595,0.34742642788749445,0.06664597718985181,0.0,1.0,0.5097305389221557,1,0,29,3618
A389M5HYNF26PN,0.34742642788749445,0.06664597718985181,0.0,1.0,0.5097305389221557,1,2,29,3619
A1N1VUJCILPR55,0.34742642788749445,0.06664597718985181,0.0,1.0,0.5097305389221557,1,11,29,3620
AHOH3V3AVVCL3,0.34742642788749445,0.06664597718985181,0.0,1.0,0.5097305389221557,1,2,29,3621
A3IKZ15AVH556K,0.34742642788749445,0.06664597718985181,0.0,1.0,0.5097305389221557,1,11,29,3622
AJNNNF726KSEA,0.34742642788749445,0.06664597718985181,0.0,1.0,0.5097305389221557,1,9,29,3623
A2AU3BJPWB4TT8,0.34742642788749445,0.06664597718985181,0.0,1.0,0.5097305389221557,1,11,29,3624
AFNG8O2DXRCUV,0.34742642788749445,0.06664597718985181,0.0,1.0,0.5097305389221557,1,2,29,3625
AQRQFC49CR3YJ,0.34742642788749445,0.06664597718985181,0.0,1.0,0.5097305389221557,1,11,29,3626
A1AK6D48SAUFWK,0.34742642788749445,0.06664597718985181,0.0,1.0,0.5097305389221557,1,11,29,3627
A24V0SRCB8XBAC,0.34742642788749445,0.06664597718985181,0.0,1.0,0.5097305389221557,1,11,29,3628
A2AK9QCWJ7PJHV,0.34742642788749445,0.06664597718985181,0.0,1.0,0.5097305389221557,1,2,29,3629
AQJWVL7YBSMOL,0.34742642788749445,0.06664597718985181,0.0,1.0,0.5097305389221557,1,11,29,3630
A21BRJ72OZGU98,0.34742642788749445,0.06664597718985181,0.0,1.0,0.5097305389221557,1,9,29,3631
AECHEZNHB4NGA,0.34742642788749445,0.06664597718985181,0.0,1.0,0.5097305389221557,1,11,29,3632
AXQ9TA3XU93T2,0.34742642788749445,0.06664597718985181,0.0,1.0,0.5097305389221557,1,9,29,3633
AF89PY8OK1PV5,0.34742642788749445,0.06664597718985181,0.0,1.0,0.5097305389221557,1,9,29,3634
A3A5TZ3IHOOYM9,0.34742642788749445,0.06664597718985181,0.0,1.0,0.5097305389221557,1,2,29,3635
A1H7JRH18L2BXG,0.34742642788749445,0.06664597718985181,0.0,1.0,0.5097305389221557,1,2,29,3636
A29UNXK7F3S93L,0.34742642788749445,0.06664597718985181,0.0,1.0,0.5097305389221557,1,2,29,3637
A0266076X6KPZ6CCHGVS,0.34742642788749445,0.06664597718985181,0.0,1.0,0.5097305389221557,1,2,29,3638
A17P5N52BH91E1,0.34723930213899146,0.06664597718985181,0.0,1.0,0.5089820359281437,1,0,27,3639
A3IYSOTP3HA77N,0.34723930213899146,0.06664597718985181,0.0,1.0,0.5089820359281437,1,7,27,3640
A3K2H4VS98DWWI,0.34723930213899146,0.06664597718985181,0.0,1.0,0.5089820359281437,1,0,27,3641
A1LMUHXVNBLTGZ,0.34723930213899146,0.06664597718985181,0.0,1.0,0.5089820359281437,1,7,27,3642
A2TL5R8RQGN4DL,0.34723930213899146,0.06664597718985181,0.0,1.0,0.5089820359281437,1,0,27,3643
A2756CRIGV5V7T,0.34723930213899146,0.06664597718985181,0.0,1.0,0.5089820359281437,1,2,27,3644
A3A1ENOW12T0QY,0.34723930213899146,0.06664597718985181,0.0,1.0,0.5089820359281437,1,7,27,3645
A3A5VMQMYTLXV9,0.34723930213899146,0.06664597718985181,0.0,1.0,0.5089820359281437,1,2,27,3646
A3IBHBAQY6K9OA,0.34723930213899146,0.06664597718985181,0.0,1.0,0.5089820359281437,1,0,27,3647
A3O1BQ499WT7IZ,0.34723930213899146,0.06664597718985181,0.0,1.0,0.5089820359281437,1,0,27,3648
A18G22TSZ58V1I,0.34723930213899146,0.06664597718985181,0.0,1.0,0.5089820359281437,1,7,27,3649
A1AWXFMOX56DWM,0.34723930213899146,0.06664597718985181,0.0,1.0,0.5089820359281437,1,7,27,3650
AMC5Y9SMC96Z1,0.34723930213899146,0.06664597718985181,0.0,1.0,0.5089820359281437,1,2,27,3651
A1WGEIDK19JKH3,0.34723930213899146,0.06664597718985181,0.0,1.0,0.5089820359281437,1,0,27,3652
A2DZZZ8D81Q8X,0.34723930213899146,0.06664597718985181,0.0,1.0,0.5089820359281437,1,0,27,3653
A1ZG9WMHNMGY62,0.34723930213899146,0.06664597718985181,0.0,1.0,0.5089820359281437,1,0,27,3654
A3MWYUFGO2EQE6,0.34723930213899146,0.06664597718985181,0.0,1.0,0.5089820359281437,1,0,27,3655
AM5176KRA9JA9,0.34723930213899146,0.06664597718985181,0.0,1.0,0.5089820359281437,1,2,27,3656
AWAJT50EE2PBD,0.34723930213899146,0.06664597718985181,0.0,1.0,0.5089820359281437,1,2,27,3657
A3I4MTIXADZFYS,0.34723930213899146,0.06664597718985181,0.0,1.0,0.5089820359281437,1,7,27,3658
A5KBC6M1KUIC8,0.34723930213899146,0.06664597718985181,0.0,1.0,0.5089820359281437,1,7,27,3659
A3PJTNFMKC508C,0.34723930213899146,0.06664597718985181,0.0,1.0,0.5089820359281437,1,2,27,3660
A3GHZZM7CNK77I,0.34723930213899146,0.06664597718985181,0.0,1.0,0.5089820359281437,1,2,27,3661
A5ITGZTKFCN65,0.34723930213899146,0.06664597718985181,0.0,1.0,0.5089820359281437,1,0,27,3662
A32SVEX626XG20,0.34723930213899146,0.06664597718985181,0.0,1.0,0.5089820359281437,1,0,27,3663
A2KJ43Z9LSL6S7,0.34723930213899146,0.06664597718985181,0.0,1.0,0.5089820359281437,1,7,27,3664
A2KIJBT9HRIOM8,0.34723930213899146,0.06664597718985181,0.0,1.0,0.5089820359281437,1,2,27,3665
A1BTULXPTQBGQ0,0.34723930213899146,0.06664597718985181,0.0,1.0,0.5089820359281437,1,7,27,3666
AHECJ57PPSS96,0.34723930213899146,0.06664597718985181,0.0,1.0,0.5089820359281437,1,0,27,3667
A19B3LR2VGAP88,0.34723930213899146,0.06664597718985181,0.0,1.0,0.5089820359281437,1,2,27,3668
A1PLW9IUWONJUS,0.34723930213899146,0.06664597718985181,0.0,1.0,0.5089820359281437,1,0,27,3669
A1Y7QU3BUUSI6R,0.34723930213899146,0.06664597718985181,0.0,1.0,0.5089820359281437,1,2,27,3670
AUTNL9E3MTR4M,0.34723930213899146,0.06664597718985181,0.0,1.0,0.5089820359281437,1,7,27,3671
A57Q87B0TC9IJ,0.34723930213899146,0.06664597718985181,0.0,1.0,0.5089820359281437,1,0,27,3672
A1U8BMNVUVNXW7,0.34723930213899146,0.06664597718985181,0.0,1.0,0.5089820359281437,1,7,27,3673
A3BUBZG2VAP67E,0.34723930213899146,0.06664597718985181,0.0,1.0,0.5089820359281437,1,2,27,3674
A24ILKC00ROWQM,0.34723930213899146,0.06664597718985181,0.0,1.0,0.5089820359281437,1,0,27,3675
A24KM9R4RYUAG4,0.34723930213899146,0.06664597718985181,0.0,1.0,0.5089820359281437,1,0,27,3676
A3SFQQB23IZVVL,0.34723930213899146,0.06664597718985181,0.0,1.0,0.5089820359281437,1,2,27,3677
A23A3FEXAMBOIJ,0.34723930213899146,0.06664597718985181,0.0,1.0,0.5089820359281437,1,0,27,3678
A2BCDZO1XQLDH,0.34723930213899146,0.06664597718985181,0.0,1.0,0.5089820359281437,1,0,27,3679
AHNHLGKIZ2N3B,0.34723930213899146,0.06664597718985181,0.0,1.0,0.5089820359281437,1,0,27,3680
A2W3KBMFRUDU4J,0.34723930213899146,0.06664597718985181,0.0,1.0,0.5089820359281437,1,0,27,3681
A1K69BBLY0NVOW,0.34723930213899146,0.06664597718985181,0.0,1.0,0.5089820359281437,1,0,27,3682
A15DKJQPGXVLQ3,0.34723930213899146,0.06664597718985181,0.0,1.0,0.5089820359281437,1,0,27,3683
A1XTQULERNAFQ,0.34723930213899146,0.06664597718985181,0.0,1.0,0.5089820359281437,1,7,27,3684
A2GQEXMQQHPEUB,0.34723930213899146,0.06664597718985181,0.0,1.0,0.5089820359281437,1,0,27,3685
A11JDD2KZVUOT6,0.34723930213899146,0.06664597718985181,0.0,1.0,0.5089820359281437,1,2,27,3686
A20BHA430QDYV2,0.34723930213899146,0.06664597718985181,0.0,1.0,0.5089820359281437,1,2,27,3687
A3MJTC00XJWGBF,0.34723930213899146,0.06664597718985181,0.0,1.0,0.5089820359281437,1,2,27,3688
A2R2ZMVX4ENQTU,0.34723930213899146,0.06664597718985181,0.0,1.0,0.5089820359281437,1,0,27,3689
A1EAY9UVLFSBYL,0.34723930213899146,0.06664597718985181,0.0,1.0,0.5089820359281437,1,0,27,3690
AYEGDBTAK29JA,0.34714573926474,0.06664597718985181,0.0,1.0,0.5086077844311377,1,2,26,3691
A1L1TSQFQ0HQL5,0.34714573926474,0.06664597718985181,0.0,1.0,0.5086077844311377,1,2,26,3692
A3O12K1YQR2FZ9,0.34714573926474,0.06664597718985181,0.0,1.0,0.5086077844311377,1,2,26,3693
A37LCWTTQMBMFX,0.34714573926474,0.06664597718985181,0.0,1.0,0.5086077844311377,1,2,26,3694
A1A5532VDV679B,0.34714573926474,0.06664597718985181,0.0,1.0,0.5086077844311377,1,2,26,3695
ABYBC49OP1MZN,0.34714573926474,0.06664597718985181,0.0,1.0,0.5086077844311377,1,2,26,3696
A2LB8VDT59VTP5,0.34714573926474,0.06664597718985181,0.0,1.0,0.5086077844311377,1,2,26,3697
APK74RJ5E0DDX,0.34714573926474,0.06664597718985181,0.0,1.0,0.5086077844311377,1,2,26,3698
A2245J0YNO975U,0.34714573926474,0.06664597718985181,0.0,1.0,0.5086077844311377,1,2,26,3699
A2XNOKX6FQPXNF,0.34705217639048846,0.06664597718985181,0.0,1.0,0.5082335329341318,1,26,25,3700
AALVOR2JKHN5Q,0.34705217639048846,0.06664597718985181,0.0,1.0,0.5082335329341318,1,26,25,3701
A11V9E4044WFNK,0.34705217639048846,0.06664597718985181,0.0,1.0,0.5082335329341318,1,26,25,3702
AK0A6283E5XZE,0.34705217639048846,0.06664597718985181,0.0,1.0,0.5082335329341318,1,26,25,3703
A2Q9ZWQ5NVT19E,0.34705217639048846,0.06664597718985181,0.0,1.0,0.5082335329341318,1,26,25,3704
A3MXEIQLQZ9ABW,0.34705217639048846,0.06664597718985181,0.0,1.0,0.5082335329341318,1,26,25,3705
A2MBOX3TNBCBV6,0.34705217639048846,0.06664597718985181,0.0,1.0,0.5082335329341318,1,26,25,3706
A2JJNP8GJFL0DM,0.34705217639048846,0.06664597718985181,0.0,1.0,0.5082335329341318,1,26,25,3707
ADV3UP462OAFS,0.34705217639048846,0.06664597718985181,0.0,1.0,0.5082335329341318,1,26,25,3708
A3E47AJOQG6UK2,0.34705217639048846,0.06664597718985181,0.0,1.0,0.5082335329341318,1,26,25,3709
A1X3GSQ1ZM4UEQ,0.34705217639048846,0.06664597718985181,0.0,1.0,0.5082335329341318,1,26,25,3710
A2BXVR4XBE18T6,0.34705217639048846,0.06664597718985181,0.0,1.0,0.5082335329341318,1,26,25,3711
A3EUUHAB232JOI,0.34705217639048846,0.06664597718985181,0.0,1.0,0.5082335329341318,1,26,25,3712
A2725N1VSUMBIQ,0.34705217639048846,0.06664597718985181,0.0,1.0,0.5082335329341318,1,26,25,3713
AR5UBWWTT2UQM,0.34705217639048846,0.06664597718985181,0.0,1.0,0.5082335329341318,1,26,25,3714
A2VC84WRAOKSDQ,0.34705217639048846,0.06664597718985181,0.0,1.0,0.5082335329341318,1,26,25,3715
AVVD6V3FYC99O,0.34705217639048846,0.06664597718985181,0.0,1.0,0.5082335329341318,1,26,25,3716
A119UPKK8J0VWQ,0.34705217639048846,0.06664597718985181,0.0,1.0,0.5082335329341318,1,26,25,3717
A14GKZOAPB9CHY,0.34705217639048846,0.06664597718985181,0.0,1.0,0.5082335329341318,1,26,25,3718
AIQORT9402J1F,0.34705217639048846,0.06664597718985181,0.0,1.0,0.5082335329341318,1,26,25,3719
ASJN4DBPLF53L,0.346958613516237,0.06664597718985181,0.0,1.0,0.5078592814371258,1,7,24,3720
A3CBBQQXA7VV6J,0.346958613516237,0.06664597718985181,0.0,1.0,0.5078592814371258,1,7,24,3721
A3Q3ICZ7K0RA1V,0.346958613516237,0.06664597718985181,0.0,1.0,0.5078592814371258,1,7,24,3722
AQLJGOADY379U,0.346958613516237,0.06664597718985181,0.0,1.0,0.5078592814371258,1,7,24,3723
A328GLDSDNFYII,0.346958613516237,0.06664597718985181,0.0,1.0,0.5078592814371258,1,7,24,3724
A1G4PDC7AI56XG,0.346958613516237,0.06664597718985181,0.0,1.0,0.5078592814371258,1,7,24,3725
A4PXXQ3UGXSB5,0.346958613516237,0.06664597718985181,0.0,1.0,0.5078592814371258,1,7,24,3726
A3BNLLP9KAA1FE,0.346958613516237,0.06664597718985181,0.0,1.0,0.5078592814371258,1,7,24,3727
A1A4WRN8PF4VK0,0.346958613516237,0.06664597718985181,0.0,1.0,0.5078592814371258,1,7,24,3728
A2XK854TOM88L2,0.346958613516237,0.06664597718985181,0.0,1.0,0.5078592814371258,1,7,24,3729
A32F6TVKKA6JX4,0.346958613516237,0.06664597718985181,0.0,1.0,0.5078592814371258,1,7,24,3730
AWSTQ0RMVNH0R,0.346958613516237,0.06664597718985181,0.0,1.0,0.5078592814371258,1,7,24,3731
AGZDSR4R8SA2S,0.346958613516237,0.06664597718985181,0.0,1.0,0.5078592814371258,1,7,24,3732
A2V8Q6IQ602H4O,0.3468650506419855,0.06664597718985181,0.0,1.0,0.5074850299401198,1,0,23,3733
A2S4OCXPJ9SA01,0.3468650506419855,0.06664597718985181,0.0,1.0,0.5074850299401198,1,0,23,3734
A27F7B3PXZ0RVE,0.3468650506419855,0.06664597718985181,0.0,1.0,0.5074850299401198,1,0,23,3735
A3GM64N13BILUP,0.3468650506419855,0.06664597718985181,0.0,1.0,0.5074850299401198,1,0,23,3736
A18N2RPPBF5MF9,0.3468650506419855,0.06664597718985181,0.0,1.0,0.5074850299401198,1,0,23,3737
AS21S3XF7XEG1,0.3468650506419855,0.06664597718985181,0.0,1.0,0.5074850299401198,1,0,23,3738
AYOUAFWNVE76F,0.3468650506419855,0.06664597718985181,0.0,1.0,0.5074850299401198,1,0,23,3739
A3BHLQE9PAJI0,0.3468650506419855,0.06664597718985181,0.0,1.0,0.5074850299401198,1,0,23,3740
A1E00WMEXK151D,0.3468650506419855,0.06664597718985181,0.0,1.0,0.5074850299401198,1,0,23,3741
A3TU618RIP1SGL,0.3468650506419855,0.06664597718985181,0.0,1.0,0.5074850299401198,1,0,23,3742
A2NMQWBDWT3SQF,0.3468650506419855,0.06664597718985181,0.0,1.0,0.5074850299401198,1,0,23,3743
A36T60KRYUZ6OC,0.3468650506419855,0.06664597718985181,0.0,1.0,0.5074850299401198,1,0,23,3744
A2DU3ID6V8TCW6,0.3468650506419855,0.06664597718985181,0.0,1.0,0.5074850299401198,1,0,23,3745
A3NO2DP8NTQ3E7,0.3468650506419855,0.06664597718985181,0.0,1.0,0.5074850299401198,1,0,23,3746
AFWMVMPB2WVP9,0.3468650506419855,0.06664597718985181,0.0,1.0,0.5074850299401198,1,0,23,3747
A3U760Q06JVW92,0.3468650506419855,0.06664597718985181,0.0,1.0,0.5074850299401198,1,0,23,3748
A12HW0ECID12WF,0.3468650506419855,0.06664597718985181,0.0,1.0,0.5074850299401198,1,0,23,3749
A3U9RATIL4DAB2,0.3468650506419855,0.06664597718985181,0.0,1.0,0.5074850299401198,1,0,23,3750
A2X70YC7WIRT23,0.3468650506419855,0.06664597718985181,0.0,1.0,0.5074850299401198,1,0,23,3751
ATQI6GADZOH0X,0.3468650506419855,0.06664597718985181,0.0,1.0,0.5074850299401198,1,0,23,3752
A1WVS59FQETT75,0.3468650506419855,0.06664597718985181,0.0,1.0,0.5074850299401198,1,0,23,3753
A32AKKZRP848H8,0.3468650506419855,0.06664597718985181,0.0,1.0,0.5074850299401198,1,0,23,3754
A24LLNKVW5NX8U,0.3468650506419855,0.06664597718985181,0.0,1.0,0.5074850299401198,1,0,23,3755
AKEF85M7R9RGK,0.3468650506419855,0.06664597718985181,0.0,1.0,0.5074850299401198,1,0,23,3756
A3E11WHSG52T0M,0.3468650506419855,0.06664597718985181,0.0,1.0,0.5074850299401198,1,0,23,3757
A3DMK9OFGHKA8U,0.3468650506419855,0.06664597718985181,0.0,1.0,0.5074850299401198,1,0,23,3758
A1LCR2QXP8PBB5,0.34677148776773403,0.06664597718985181,0.0,1.0,0.5071107784431138,1,25,22,3759
A16EE2RD5VLYE6,0.34677148776773403,0.06664597718985181,0.0,1.0,0.5071107784431138,1,2,22,3760
A3G9C63446RUCD,0.34677148776773403,0.06664597718985181,0.0,1.0,0.5071107784431138,1,17,22,3761
A34LWZYRIOIC7H,0.34677148776773403,0.06664597718985181,0.0,1.0,0.5071107784431138,1,17,22,3762
A1IBBI5YMPAUCW,0.34677148776773403,0.06664597718985181,0.0,1.0,0.5071107784431138,1,25,22,3763
A2MSAU64QJ998A,0.34677148776773403,0.06664597718985181,0.0,1.0,0.5071107784431138,1,17,22,3764
A19DJFABUM7D1K,0.34677148776773403,0.06664597718985181,0.0,1.0,0.5071107784431138,1,17,22,3765
A2TXG0E15EEHKG,0.34677148776773403,0.06664597718985181,0.0,1.0,0.5071107784431138,1,2,22,3766
A35GCX48AVAQPB,0.34677148776773403,0.06664597718985181,0.0,1.0,0.5071107784431138,1,2,22,3767
A1GZULYG4M5HHR,0.34677148776773403,0.06664597718985181,0.0,1.0,0.5071107784431138,1,17,22,3768
A344UAY8CWTXOI,0.34677148776773403,0.06664597718985181,0.0,1.0,0.5071107784431138,1,2,22,3769
ANB0OKIDLNTZ,0.34677148776773403,0.06664597718985181,0.0,1.0,0.5071107784431138,1,17,22,3770
A2CNXXVWOAPE0B,0.34677148776773403,0.06664597718985181,0.0,1.0,0.5071107784431138,1,2,22,3771
A34BFOXOM87TCY,0.34677148776773403,0.06664597718985181,0.0,1.0,0.5071107784431138,1,2,22,3772
A3EUSH8DPW75LR,0.34677148776773403,0.06664597718985181,0.0,1.0,0.5071107784431138,1,17,22,3773
A1EDPGHC9EYBUN,0.34677148776773403,0.06664597718985181,0.0,1.0,0.5071107784431138,1,25,22,3774
A1YJ09IVYZ0FW0,0.34677148776773403,0.06664597718985181,0.0,1.0,0.5071107784431138,1,2,22,3775
A13E4PY6OVAGTX,0.34677148776773403,0.06664597718985181,0.0,1.0,0.5071107784431138,1,2,22,3776
A369WEIVFS31G7,0.34677148776773403,0.06664597718985181,0.0,1.0,0.5071107784431138,1,2,22,3777
A10ONZJPXOK6G7,0.34677148776773403,0.06664597718985181,0.0,1.0,0.5071107784431138,1,2,22,3778
A10ZEOXLINIOEP,0.34677148776773403,0.06664597718985181,0.0,1.0,0.5071107784431138,1,25,22,3779
A2G8DGQ8CHJUQM,0.34677148776773403,0.06664597718985181,0.0,1.0,0.5071107784431138,1,25,22,3780
A2L3OAPBMBGHHD,0.34677148776773403,0.06664597718985181,0.0,1.0,0.5071107784431138,1,25,22,3781
A1C7AR562HE0TF,0.34677148776773403,0.06664597718985181,0.0,1.0,0.5071107784431138,1,2,22,3782
A2YORH3MSOM6P8,0.34677148776773403,0.06664597718985181,0.0,1.0,0.5071107784431138,1,25,22,3783
ABGBROXAT83JH,0.34677148776773403,0.06664597718985181,0.0,1.0,0.5071107784431138,1,25,22,3784
A2BDT8C8FGPNF4,0.34677148776773403,0.06664597718985181,0.0,1.0,0.5071107784431138,1,0,22,3785
A1T9YSDAYS097M,0.34677148776773403,0.06664597718985181,0.0,1.0,0.5071107784431138,1,0,22,3786
A2H5N8YQ50U3CJ,0.34677148776773403,0.06664597718985181,0.0,1.0,0.5071107784431138,1,0,22,3787
A1JFNZ4UAMEZN3,0.34677148776773403,0.06664597718985181,0.0,1.0,0.5071107784431138,1,2,22,3788
A2AJ77KV1AA7T0,0.34677148776773403,0.06664597718985181,0.0,1.0,0.5071107784431138,1,17,22,3789
A32UWXGT2UZIPT,0.34677148776773403,0.06664597718985181,0.0,1.0,0.5071107784431138,1,25,22,3790
A117L29JBUWK5U,0.34677148776773403,0.06664597718985181,0.0,1.0,0.5071107784431138,1,17,22,3791
ASV9LQSCXMG06,0.34677148776773403,0.06664597718985181,0.0,1.0,0.5071107784431138,1,25,22,3792
A7SXKE8X1ZZ21,0.34677148776773403,0.06664597718985181,0.0,1.0,0.5071107784431138,1,25,22,3793
A2H1X4B3ISLHOG,0.34677148776773403,0.06664597718985181,0.0,1.0,0.5071107784431138,1,2,22,3794
A34WPI852H7AVB,0.34677148776773403,0.06664597718985181,0.0,1.0,0.5071107784431138,1,25,22,3795
A3BFPY4HS3FG9C,0.34677148776773403,0.06664597718985181,0.0,1.0,0.5071107784431138,1,25,22,3796
AL5BBGTUH8AL6,0.34677148776773403,0.06664597718985181,0.0,1.0,0.5071107784431138,1,0,22,3797
A2POPDGIZ1XGFE,0.34677148776773403,0.06664597718985181,0.0,1.0,0.5071107784431138,1,17,22,3798
A3R1ZR6SHNK8CU,0.34677148776773403,0.06664597718985181,0.0,1.0,0.5071107784431138,1,17,22,3799
A8BZEB7HYFLKF,0.34677148776773403,0.06664597718985181,0.0,1.0,0.5071107784431138,1,17,22,3800
ATO7H6R5SQKIX,0.34677148776773403,0.06664597718985181,0.0,1.0,0.5071107784431138,1,17,22,3801
A1BT3B317O829E,0.34677148776773403,0.06664597718985181,0.0,1.0,0.5071107784431138,1,17,22,3802
AEQZYT45D9V5R,0.34677148776773403,0.06664597718985181,0.0,1.0,0.5071107784431138,1,25,22,3803
A14MDHUI5P0029,0.3466779248934825,0.06664597718985181,0.0,1.0,0.5067365269461078,1,14,21,3804
A3EPZNFF590EXL,0.3466779248934825,0.06664597718985181,0.0,1.0,0.5067365269461078,1,27,21,3805
AHP139SLDRPIS,0.3466779248934825,0.06664597718985181,0.0,1.0,0.5067365269461078,1,27,21,3806
A2VSE81NGRBMZ1,0.3466779248934825,0.06664597718985181,0.0,1.0,0.5067365269461078,1,27,21,3807
A3V1DYN19UXF4F,0.3466779248934825,0.06664597718985181,0.0,1.0,0.5067365269461078,1,27,21,3808
A329P043ENCM1R,0.3466779248934825,0.06664597718985181,0.0,1.0,0.5067365269461078,1,27,21,3809
A3S3Y3JYFY96WZ,0.3466779248934825,0.06664597718985181,0.0,1.0,0.5067365269461078,1,27,21,3810
ANZGC4YCEQC6W,0.3466779248934825,0.06664597718985181,0.0,1.0,0.5067365269461078,1,27,21,3811
A9SSQJ46YXCHY,0.3466779248934825,0.06664597718985181,0.0,1.0,0.5067365269461078,1,27,21,3812
A23K7QXXKSZ8D2,0.3466779248934825,0.06664597718985181,0.0,1.0,0.5067365269461078,1,27,21,3813
A351TM1V66NOEJ,0.3466779248934825,0.06664597718985181,0.0,1.0,0.5067365269461078,1,27,21,3814
AMEGPD597TRUN,0.3466779248934825,0.06664597718985181,0.0,1.0,0.5067365269461078,1,5,21,3815
AMYQVXWY2MIFK,0.3466779248934825,0.06664597718985181,0.0,1.0,0.5067365269461078,1,14,21,3816
ANYNGATL97915,0.3466779248934825,0.06664597718985181,0.0,1.0,0.5067365269461078,1,5,21,3817
A3JGFQZR5BJFF8,0.3466779248934825,0.06664597718985181,0.0,1.0,0.5067365269461078,1,5,21,3818
A1P0KMRBCKB133,0.3466779248934825,0.06664597718985181,0.0,1.0,0.5067365269461078,1,27,21,3819
APDFEF98QERT4,0.3466779248934825,0.06664597718985181,0.0,1.0,0.5067365269461078,1,14,21,3820
A14FFSOOTP0FR,0.3466779248934825,0.06664597718985181,0.0,1.0,0.5067365269461078,1,27,21,3821
A1CYTBE7LLUQ8F,0.3466779248934825,0.06664597718985181,0.0,1.0,0.5067365269461078,1,5,21,3822
A3ELMB2P2QFT7U,0.3466779248934825,0.06664597718985181,0.0,1.0,0.5067365269461078,1,14,21,3823
A2DCZF2RN31FNK,0.3466779248934825,0.06664597718985181,0.0,1.0,0.5067365269461078,1,14,21,3824
A2N1GE2B8QXK08,0.3466779248934825,0.06664597718985181,0.0,1.0,0.5067365269461078,1,14,21,3825
A1ANK8ZVPWIL1P,0.3466779248934825,0.06664597718985181,0.0,1.0,0.5067365269461078,1,14,21,3826
AFV0UZAXA95TL,0.3466779248934825,0.06664597718985181,0.0,1.0,0.5067365269461078,1,14,21,3827
A3QM50LF2CHU6,0.3466779248934825,0.06664597718985181,0.0,1.0,0.5067365269461078,1,5,21,3828
A2GT4B9RTOZJHW,0.3466779248934825,0.06664597718985181,0.0,1.0,0.5067365269461078,1,27,21,3829
A3MXYE2LUQ523F,0.34658436201923104,0.06664597718985181,0.0,1.0,0.5063622754491018,1,5,20,3830
A1K5H8RA39DKT4,0.34658436201923104,0.06664597718985181,0.0,1.0,0.5063622754491018,1,5,20,3831
A1YRI31DB4921S,0.34658436201923104,0.06664597718985181,0.0,1.0,0.5063622754491018,1,5,20,3832
AFXE634F4366L,0.34658436201923104,0.06664597718985181,0.0,1.0,0.5063622754491018,1,5,20,3833
A37KC1KU0JPI1K,0.34658436201923104,0.06664597718985181,0.0,1.0,0.5063622754491018,1,5,20,3834
A19HKRB4LU5YR,0.34658436201923104,0.06664597718985181,0.0,1.0,0.5063622754491018,1,5,20,3835
A2SZOQBR5IWD59,0.34658436201923104,0.06664597718985181,0.0,1.0,0.5063622754491018,1,5,20,3836
A1UYLCO4MXXB70,0.34658436201923104,0.06664597718985181,0.0,1.0,0.5063622754491018,1,28,20,3837
A1F81SAQBP04IW,0.34658436201923104,0.06664597718985181,0.0,1.0,0.5063622754491018,1,0,20,3838
A39B0SSJKCS0WY,0.34658436201923104,0.06664597718985181,0.0,1.0,0.5063622754491018,1,28,20,3839
A27S55KYD5LCAT,0.34658436201923104,0.06664597718985181,0.0,1.0,0.5063622754491018,1,28,20,3840
A2ZL75KJU11RLO,0.34658436201923104,0.06664597718985181,0.0,1.0,0.5063622754491018,1,0,20,3841
A39FOHN4RAHGB6,0.34658436201923104,0.06664597718985181,0.0,1.0,0.5063622754491018,1,0,20,3842
A3O6UZVYTJY1S7,0.34658436201923104,0.06664597718985181,0.0,1.0,0.5063622754491018,1,5,20,3843
A13BX9O5UDBILC,0.34658436201923104,0.06664597718985181,0.0,1.0,0.5063622754491018,1,28,20,3844
ATAS1JU2SXBL4,0.34658436201923104,0.06664597718985181,0.0,1.0,0.5063622754491018,1,28,20,3845
A2RZVD8A0T6ZF1,0.34658436201923104,0.06664597718985181,0.0,1.0,0.5063622754491018,1,5,20,3846
A36MDL9RQGO7EN,0.34658436201923104,0.06664597718985181,0.0,1.0,0.5063622754491018,1,5,20,3847
A2HXEJXEQQTM1D,0.34658436201923104,0.06664597718985181,0.0,1.0,0.5063622754491018,1,5,20,3848
A2OZDMW87K5XSO,0.34658436201923104,0.06664597718985181,0.0,1.0,0.5063622754491018,1,0,20,3849
A2NYY8Z3CWT3IB,0.34658436201923104,0.06664597718985181,0.0,1.0,0.5063622754491018,1,28,20,3850
A37KD47W5WONHK,0.34658436201923104,0.06664597718985181,0.0,1.0,0.5063622754491018,1,28,20,3851
ALRBBAELSG0X6,0.34658436201923104,0.06664597718985181,0.0,1.0,0.5063622754491018,1,0,20,3852
ASCRBSK5RD33H,0.34658436201923104,0.06664597718985181,0.0,1.0,0.5063622754491018,1,5,20,3853
A2EYZJBTX8X9XU,0.34658436201923104,0.06664597718985181,0.0,1.0,0.5063622754491018,1,5,20,3854
A298Q3B5R3X54L,0.3464907991449795,0.06664597718985181,0.0,1.0,0.5059880239520959,1,10,19,3855
A3E2SQ61RG4KPF,0.3464907991449795,0.06664597718985181,0.0,1.0,0.5059880239520959,1,7,19,3856
A1LXQEATSZ228H,0.3464907991449795,0.06664597718985181,0.0,1.0,0.5059880239520959,1,0,19,3857
A31LD9CUER3EGH,0.3464907991449795,0.06664597718985181,0.0,1.0,0.5059880239520959,1,0,19,3858
A35EC54TIQQN01,0.3464907991449795,0.06664597718985181,0.0,1.0,0.5059880239520959,1,7,19,3859
A1TH70AZA3XZOL,0.3464907991449795,0.06664597718985181,0.0,1.0,0.5059880239520959,1,10,19,3860
A35FTKYO9UQZWF,0.3464907991449795,0.06664597718985181,0.0,1.0,0.5059880239520959,1,7,19,3861
A1H8I2PH00UQ2K,0.3464907991449795,0.06664597718985181,0.0,1.0,0.5059880239520959,1,7,19,3862
A3K2BEZXDWOC3L,0.3464907991449795,0.06664597718985181,0.0,1.0,0.5059880239520959,1,0,19,3863
A2P2FU0YG5IEYI,0.3464907991449795,0.06664597718985181,0.0,1.0,0.5059880239520959,1,0,19,3864
A2K0JL9L38MK8L,0.3464907991449795,0.06664597718985181,0.0,1.0,0.5059880239520959,1,7,19,3865
A1KW4AGRCOIWI2,0.3464907991449795,0.06664597718985181,0.0,1.0,0.5059880239520959,1,7,19,3866
A2S3CS0WLR616U,0.3464907991449795,0.06664597718985181,0.0,1.0,0.5059880239520959,1,0,19,3867
A329L3HF2QK7E,0.3464907991449795,0.06664597718985181,0.0,1.0,0.5059880239520959,1,0,19,3868
A21B8AV7E3MPXE,0.3464907991449795,0.06664597718985181,0.0,1.0,0.5059880239520959,1,7,19,3869
A36Z1OLH6B0C2I,0.3464907991449795,0.06664597718985181,0.0,1.0,0.5059880239520959,1,7,19,3870
A1KCSW7Y04ZWYJ,0.3464907991449795,0.06664597718985181,0.0,1.0,0.5059880239520959,1,10,19,3871
A211RZCTZCNLZK,0.3464907991449795,0.06664597718985181,0.0,1.0,0.5059880239520959,1,0,19,3872
A3KOA0YU5LB92W,0.3464907991449795,0.06664597718985181,0.0,1.0,0.5059880239520959,1,7,19,3873
A1JXTW4HW1DZN2,0.3464907991449795,0.06664597718985181,0.0,1.0,0.5059880239520959,1,0,19,3874
A1BNL6HCVVEDN0,0.3464907991449795,0.06664597718985181,0.0,1.0,0.5059880239520959,1,7,19,3875
A1S2M6SA4OAUNK,0.3464907991449795,0.06664597718985181,0.0,1.0,0.5059880239520959,1,7,19,3876
A3RKNRLZ2D6D08,0.3464907991449795,0.06664597718985181,0.0,1.0,0.5059880239520959,1,0,19,3877
A3ADJ00F29DU5I,0.3464907991449795,0.06664597718985181,0.0,1.0,0.5059880239520959,1,7,19,3878
A2U6LD5AY97MJR,0.3464907991449795,0.06664597718985181,0.0,1.0,0.5059880239520959,1,0,19,3879
AO84V5QJ6K23Z,0.3464907991449795,0.06664597718985181,0.0,1.0,0.5059880239520959,1,7,19,3880
ACMKJIW7FKAR5,0.3464907991449795,0.06664597718985181,0.0,1.0,0.5059880239520959,1,7,19,3881
A3UBNP5DWQCNEH,0.3464907991449795,0.06664597718985181,0.0,1.0,0.5059880239520959,1,10,19,3882
A2I5M1X863QB8L,0.34639723627072805,0.06664597718985181,0.0,1.0,0.5056137724550899,1,0,18,3883
A2WROWUBLQ9GZZ,0.34639723627072805,0.06664597718985181,0.0,1.0,0.5056137724550899,1,0,18,3884
A1AMRAJP3AC0OE,0.34639723627072805,0.06664597718985181,0.0,1.0,0.5056137724550899,1,30,18,3885
A2QYZET30IH2AI,0.34639723627072805,0.06664597718985181,0.0,1.0,0.5056137724550899,1,2,18,3886
A3EMIQ5M1G0J4W,0.34639723627072805,0.06664597718985181,0.0,1.0,0.5056137724550899,1,30,18,3887
APL10FPWGNVFV,0.34639723627072805,0.06664597718985181,0.0,1.0,0.5056137724550899,1,30,18,3888
A1S5251XGPBIVN,0.34639723627072805,0.06664597718985181,0.0,1.0,0.5056137724550899,1,30,18,3889
A2QCJ9VR3SEIR0,0.34639723627072805,0.06664597718985181,0.0,1.0,0.5056137724550899,1,2,18,3890
A24DDONNQLE0K,0.34639723627072805,0.06664597718985181,0.0,1.0,0.5056137724550899,1,2,18,3891
A2GW1F1LPHQOZA,0.34639723627072805,0.06664597718985181,0.0,1.0,0.5056137724550899,1,0,18,3892
A18RZLFVFN6697,0.34639723627072805,0.06664597718985181,0.0,1.0,0.5056137724550899,1,2,18,3893
A2D23Q75DN4LLH,0.34639723627072805,0.06664597718985181,0.0,1.0,0.5056137724550899,1,2,18,3894
A2LDA4B81XDVJM,0.34639723627072805,0.06664597718985181,0.0,1.0,0.5056137724550899,1,2,18,3895
A1MSEO4MD7ZT33,0.34639723627072805,0.06664597718985181,0.0,1.0,0.5056137724550899,1,0,18,3896
A2FZQFX80KE9CJ,0.34639723627072805,0.06664597718985181,0.0,1.0,0.5056137724550899,1,30,18,3897
A1OKPC1K12YZEP,0.34639723627072805,0.06664597718985181,0.0,1.0,0.5056137724550899,1,0,18,3898
A32IAWS84M6SYO,0.34639723627072805,0.06664597718985181,0.0,1.0,0.5056137724550899,1,30,18,3899
A2D0F87RY5YMHN,0.34639723627072805,0.06664597718985181,0.0,1.0,0.5056137724550899,1,30,18,3900
A1IWR4YH4ZA9BM,0.34639723627072805,0.06664597718985181,0.0,1.0,0.5056137724550899,1,0,18,3901
A37PHA4BWQ4XB9,0.34639723627072805,0.06664597718985181,0.0,1.0,0.5056137724550899,1,0,18,3902
A37F1PDYYBKLGD,0.34639723627072805,0.06664597718985181,0.0,1.0,0.5056137724550899,1,0,18,3903
A1WLP6S3L9V3VL,0.34639723627072805,0.06664597718985181,0.0,1.0,0.5056137724550899,1,0,18,3904
A1DTTUZZH3UCJK,0.34639723627072805,0.06664597718985181,0.0,1.0,0.5056137724550899,1,30,18,3905
A3ORP2IZ7D19VP,0.34639723627072805,0.06664597718985181,0.0,1.0,0.5056137724550899,1,2,18,3906
AFXXS6KIJ9E83,0.34639723627072805,0.06664597718985181,0.0,1.0,0.5056137724550899,1,30,18,3907
A2A1LYCNNE9WES,0.34639723627072805,0.06664597718985181,0.0,1.0,0.5056137724550899,1,0,18,3908
A14YZVQTMRO7NE,0.34639723627072805,0.06664597718985181,0.0,1.0,0.5056137724550899,1,2,18,3909
A352L9PCDDK7NE,0.34639723627072805,0.06664597718985181,0.0,1.0,0.5056137724550899,1,0,18,3910
AVSVOKDI0AGR7,0.34639723627072805,0.06664597718985181,0.0,1.0,0.5056137724550899,1,2,18,3911
A3PDU0KJO6QKYW,0.34639723627072805,0.06664597718985181,0.0,1.0,0.5056137724550899,1,0,18,3912
A1R4ZEXE3T5PW3,0.34639723627072805,0.06664597718985181,0.0,1.0,0.5056137724550899,1,30,18,3913
A2GKUSRRPCOV17,0.34639723627072805,0.06664597718985181,0.0,1.0,0.5056137724550899,1,2,18,3914
A3OE6OOAD730QU,0.34639723627072805,0.06664597718985181,0.0,1.0,0.5056137724550899,1,30,18,3915
A32D4R7O5KQWBC,0.34639723627072805,0.06664597718985181,0.0,1.0,0.5056137724550899,1,2,18,3916
A4QCYNKAT2UN,0.34639723627072805,0.06664597718985181,0.0,1.0,0.5056137724550899,1,2,18,3917
A1TJPE10C8FPJD,0.34639723627072805,0.06664597718985181,0.0,1.0,0.5056137724550899,1,30,18,3918
A3SGQUKYUATAM8,0.34639723627072805,0.06664597718985181,0.0,1.0,0.5056137724550899,1,2,18,3919
A2YXS8NCIO205E,0.34639723627072805,0.06664597718985181,0.0,1.0,0.5056137724550899,1,2,18,3920
A1NAA1R38JSNHV,0.34639723627072805,0.06664597718985181,0.0,1.0,0.5056137724550899,1,2,18,3921
A2N3OJ1T4IKZBM,0.34639723627072805,0.06664597718985181,0.0,1.0,0.5056137724550899,1,2,18,3922
A32SE19753YIL4,0.34639723627072805,0.06664597718985181,0.0,1.0,0.5056137724550899,1,2,18,3923
AMRRT7RC261OP,0.34639723627072805,0.06664597718985181,0.0,1.0,0.5056137724550899,1,30,18,3924
A3EX8ZFNVDHGPM,0.34639723627072805,0.06664597718985181,0.0,1.0,0.5056137724550899,1,30,18,3925
A1NDHLQN0K23QK,0.34639723627072805,0.06664597718985181,0.0,1.0,0.5056137724550899,1,30,18,3926
A305XJYZOLQ4M2,0.3463036733964765,0.06664597718985181,0.0,1.0,0.5052395209580839,1,0,17,3927
A2W0GY64CJSV5D,0.3463036733964765,0.06664597718985181,0.0,1.0,0.5052395209580839,1,20,17,3928
AP6T0CI46U93Z,0.3463036733964765,0.06664597718985181,0.0,1.0,0.5052395209580839,1,10,17,3929
A2J591OLWPBEMQ,0.3463036733964765,0.06664597718985181,0.0,1.0,0.5052395209580839,1,32,17,3930
A15H3X6YH5LFPN,0.3463036733964765,0.06664597718985181,0.0,1.0,0.5052395209580839,1,5,17,3931
AXHZ3GKG02IQY,0.3463036733964765,0.06664597718985181,0.0,1.0,0.5052395209580839,1,20,17,3932
A3M7VAYKYYHEAX,0.3463036733964765,0.06664597718985181,0.0,1.0,0.5052395209580839,1,5,17,3933
A3UW23DBF2KHWC,0.3463036733964765,0.06664597718985181,0.0,1.0,0.5052395209580839,1,20,17,3934
ADTOR4IQAYC2G,0.3463036733964765,0.06664597718985181,0.0,1.0,0.5052395209580839,1,6,17,3935
A3N4QU9537CZ5O,0.3463036733964765,0.06664597718985181,0.0,1.0,0.5052395209580839,1,32,17,3936
AGZ0B2TQOAIA3,0.3463036733964765,0.06664597718985181,0.0,1.0,0.5052395209580839,1,0,17,3937
AD7PVSLW69R4F,0.3463036733964765,0.06664597718985181,0.0,1.0,0.5052395209580839,1,32,17,3938
A2OHGA790ZR35V,0.3463036733964765,0.06664597718985181,0.0,1.0,0.5052395209580839,1,32,17,3939
A3SE4NU7AGO47Q,0.3463036733964765,0.06664597718985181,0.0,1.0,0.5052395209580839,1,20,17,3940
AU8A5W8DWEMVP,0.3463036733964765,0.06664597718985181,0.0,1.0,0.5052395209580839,1,32,17,3941
A33ZNSZSZ580D9,0.3463036733964765,0.06664597718985181,0.0,1.0,0.5052395209580839,1,10,17,3942
A2ZODK2UVATV0N,0.3463036733964765,0.06664597718985181,0.0,1.0,0.5052395209580839,1,0,17,3943
A2UE2PMAZZL34K,0.3463036733964765,0.06664597718985181,0.0,1.0,0.5052395209580839,1,0,17,3944
A1URZMYX7LYOGI,0.3463036733964765,0.06664597718985181,0.0,1.0,0.5052395209580839,1,20,17,3945
A135MK4P9G8EDX,0.3463036733964765,0.06664597718985181,0.0,1.0,0.5052395209580839,1,10,17,3946
A2GCVUZ1N1TBZ2,0.3463036733964765,0.06664597718985181,0.0,1.0,0.5052395209580839,1,32,17,3947
AJT510WEA1QHV,0.3463036733964765,0.06664597718985181,0.0,1.0,0.5052395209580839,1,10,17,3948
A1QXBKNTVF2BNV,0.3463036733964765,0.06664597718985181,0.0,1.0,0.5052395209580839,1,10,17,3949
A1TST756Q1U2JM,0.3463036733964765,0.06664597718985181,0.0,1.0,0.5052395209580839,1,5,17,3950
A3FOOF7Q2GUMXX,0.3463036733964765,0.06664597718985181,0.0,1.0,0.5052395209580839,1,20,17,3951
A3OEGVSXY0Y07W,0.3463036733964765,0.06664597718985181,0.0,1.0,0.5052395209580839,1,20,17,3952
A3LVDB70Z5ZNP,0.3463036733964765,0.06664597718985181,0.0,1.0,0.5052395209580839,1,20,17,3953
A38IPXVQFX7KBP,0.3463036733964765,0.06664597718985181,0.0,1.0,0.5052395209580839,1,20,17,3954
A2XQW1K6ALWSMZ,0.3463036733964765,0.06664597718985181,0.0,1.0,0.5052395209580839,1,20,17,3955
A2UROXC3FXJKX0,0.3463036733964765,0.06664597718985181,0.0,1.0,0.5052395209580839,1,32,17,3956
A1POFVVXUZR3IQ,0.3463036733964765,0.06664597718985181,0.0,1.0,0.5052395209580839,1,20,17,3957
A3JUJRN2J800KC,0.3463036733964765,0.06664597718985181,0.0,1.0,0.5052395209580839,1,6,17,3958
A1TIWOJFIX21RY,0.3463036733964765,0.06664597718985181,0.0,1.0,0.5052395209580839,1,32,17,3959
A2BGJ5ABQEERDU,0.3463036733964765,0.06664597718985181,0.0,1.0,0.5052395209580839,1,10,17,3960
A1IJOBQD8CY8K1,0.3463036733964765,0.06664597718985181,0.0,1.0,0.5052395209580839,1,10,17,3961
A37WVR9M1STQDU,0.3463036733964765,0.06664597718985181,0.0,1.0,0.5052395209580839,1,10,17,3962
A2KFWHHUFVKFXZ,0.3463036733964765,0.06664597718985181,0.0,1.0,0.5052395209580839,1,0,17,3963
A3PZTHTC84Y9I4,0.3463036733964765,0.06664597718985181,0.0,1.0,0.5052395209580839,1,29,17,3964
A2VAJSG4VJ0II2,0.3463036733964765,0.06664597718985181,0.0,1.0,0.5052395209580839,1,10,17,3965
A1R6S377HMO6W8,0.3463036733964765,0.06664597718985181,0.0,1.0,0.5052395209580839,1,5,17,3966
A1IH9D4IINKH2M,0.3463036733964765,0.06664597718985181,0.0,1.0,0.5052395209580839,1,20,17,3967
AJV2QY96IVPVM,0.3463036733964765,0.06664597718985181,0.0,1.0,0.5052395209580839,1,0,17,3968
ADOD2HZ0YM7HC,0.3463036733964765,0.06664597718985181,0.0,1.0,0.5052395209580839,1,0,17,3969
A3RGU833M0OLDY,0.3463036733964765,0.06664597718985181,0.0,1.0,0.5052395209580839,1,29,17,3970
A1GOTJRHOSQKZK,0.3463036733964765,0.06664597718985181,0.0,1.0,0.5052395209580839,1,5,17,3971
A240E6DLMP5KEK,0.3463036733964765,0.06664597718985181,0.0,1.0,0.5052395209580839,1,6,17,3972
A2TKWMX4563NR6,0.3463036733964765,0.06664597718985181,0.0,1.0,0.5052395209580839,1,10,17,3973
AM78WFHEBDBGM,0.3463036733964765,0.06664597718985181,0.0,1.0,0.5052395209580839,1,20,17,3974
A1ZGIIHI1LDEAO,0.3463036733964765,0.06664597718985181,0.0,1.0,0.5052395209580839,1,5,17,3975
A3KZEGBTPH6MMF,0.3463036733964765,0.06664597718985181,0.0,1.0,0.5052395209580839,1,6,17,3976
A2JCLEDQTNXMPT,0.3463036733964765,0.06664597718985181,0.0,1.0,0.5052395209580839,1,0,17,3977
A15PWO8ELUJPH3,0.3463036733964765,0.06664597718985181,0.0,1.0,0.5052395209580839,1,6,17,3978
A329AE4A7Q1FQK,0.3463036733964765,0.06664597718985181,0.0,1.0,0.5052395209580839,1,29,17,3979
A2FRFAQCWZJT3Q,0.3463036733964765,0.06664597718985181,0.0,1.0,0.5052395209580839,1,10,17,3980
AC5AGZTLM3QO,0.3463036733964765,0.06664597718985181,0.0,1.0,0.5052395209580839,1,0,17,3981
A2M0ZILSGJQS4,0.3463036733964765,0.06664597718985181,0.0,1.0,0.5052395209580839,1,0,17,3982
A3AOGYPD6MVBYZ,0.3463036733964765,0.06664597718985181,0.0,1.0,0.5052395209580839,1,10,17,3983
AI261Y5T8PB0S,0.3463036733964765,0.06664597718985181,0.0,1.0,0.5052395209580839,1,32,17,3984
A2ODZAM2HH1COJ,0.3463036733964765,0.06664597718985181,0.0,1.0,0.5052395209580839,1,5,17,3985
A2YSEA25OUUR6X,0.3463036733964765,0.06664597718985181,0.0,1.0,0.5052395209580839,1,0,17,3986
AQL1IWD29ISFD,0.3463036733964765,0.06664597718985181,0.0,1.0,0.5052395209580839,1,20,17,3987
A1MV4UAKFMA51Y,0.3463036733964765,0.06664597718985181,0.0,1.0,0.5052395209580839,1,20,17,3988
A2KZ1JXW8J1VC8,0.3463036733964765,0.06664597718985181,0.0,1.0,0.5052395209580839,1,32,17,3989
A23C4KJDFH9TIK,0.3463036733964765,0.06664597718985181,0.0,1.0,0.5052395209580839,1,5,17,3990
A2U7QPASO59UO1,0.3463036733964765,0.06664597718985181,0.0,1.0,0.5052395209580839,1,10,17,3991
AA6BJGZG6XI05,0.3463036733964765,0.06664597718985181,0.0,1.0,0.5052395209580839,1,32,17,3992
A2RWLVFGTWL41S,0.3463036733964765,0.06664597718985181,0.0,1.0,0.5052395209580839,1,0,17,3993
A1WFQPYY8YBXEM,0.3463036733964765,0.06664597718985181,0.0,1.0,0.5052395209580839,1,10,17,3994
AUQ222SF27VCL,0.3463036733964765,0.06664597718985181,0.0,1.0,0.5052395209580839,1,20,17,3995
APV4CA1BTAGQ3,0.3462900335375563,0.0005886251497037388,0.0,1.0,0.5844537839705807,2,3,543,3996
A1H4B09YLQ9IMA,0.346210110522225,0.06664597718985181,0.0,1.0,0.5048652694610778,1,11,16,3997
A1I0M1C381UQNZ,0.346210110522225,0.06664597718985181,0.0,1.0,0.5048652694610778,1,11,16,3998
A39JL3OBJIBIX7,0.346210110522225,0.06664597718985181,0.0,1.0,0.5048652694610778,1,11,16,3999
A306LNS6H0P1W,0.346210110522225,0.06664597718985181,0.0,1.0,0.5048652694610778,1,11,16,4000
A1IF5UP2PK2T4U,0.346210110522225,0.06664597718985181,0.0,1.0,0.5048652694610778,1,0,16,4001
ANPBKESJ39FU8,0.346210110522225,0.06664597718985181,0.0,1.0,0.5048652694610778,1,0,16,4002
A3VBORHS4H8LES,0.346210110522225,0.06664597718985181,0.0,1.0,0.5048652694610778,1,11,16,4003
A13DD17X1AZFGJ,0.346210110522225,0.06664597718985181,0.0,1.0,0.5048652694610778,1,0,16,4004
A1I3AJXVJ8PDS4,0.346210110522225,0.06664597718985181,0.0,1.0,0.5048652694610778,1,0,16,4005
A3OJNGNBWD7KNN,0.346210110522225,0.06664597718985181,0.0,1.0,0.5048652694610778,1,11,16,4006
AQ9GVQAH3ZU0,0.346210110522225,0.06664597718985181,0.0,1.0,0.5048652694610778,1,0,16,4007
A5U3O5KSTUOY0,0.346210110522225,0.06664597718985181,0.0,1.0,0.5048652694610778,1,11,16,4008
AH67CQEJ4RQM9,0.346210110522225,0.06664597718985181,0.0,1.0,0.5048652694610778,1,11,16,4009
A2MHHD7Q2ZCZLQ,0.346210110522225,0.06664597718985181,0.0,1.0,0.5048652694610778,1,2,16,4010
AB5S5DS16EVMJ,0.346210110522225,0.06664597718985181,0.0,1.0,0.5048652694610778,1,11,16,4011
A3NESHNWS733JS,0.346210110522225,0.06664597718985181,0.0,1.0,0.5048652694610778,1,2,16,4012
AJ4YYD8VTYQ5R,0.346210110522225,0.06664597718985181,0.0,1.0,0.5048652694610778,1,2,16,4013
A18A4AMMJ5KV7T,0.346210110522225,0.06664597718985181,0.0,1.0,0.5048652694610778,1,11,16,4014
A1GYAEE9ISZKUA,0.346210110522225,0.06664597718985181,0.0,1.0,0.5048652694610778,1,2,16,4015
A2V69WVX5K1CHO,0.346210110522225,0.06664597718985181,0.0,1.0,0.5048652694610778,1,2,16,4016
A3L1N36J3BOL9V,0.346210110522225,0.06664597718985181,0.0,1.0,0.5048652694610778,1,11,16,4017
A2BX0E26599UPQ,0.346210110522225,0.06664597718985181,0.0,1.0,0.5048652694610778,1,11,16,4018
A1AGU2XO1LL0BI,0.346210110522225,0.06664597718985181,0.0,1.0,0.5048652694610778,1,2,16,4019
A1LY7Z60TNV629,0.346210110522225,0.06664597718985181,0.0,1.0,0.5048652694610778,1,11,16,4020
A1LVDHMAHS387Q,0.346210110522225,0.06664597718985181,0.0,1.0,0.5048652694610778,1,2,16,4021
A2HQYNDVHRWZWL,0.346210110522225,0.06664597718985181,0.0,1.0,0.5048652694610778,1,0,16,4022
A14JTZ14GIYM3E,0.346210110522225,0.06664597718985181,0.0,1.0,0.5048652694610778,1,2,16,4023
A20G957N2TEVQX,0.346210110522225,0.06664597718985181,0.0,1.0,0.5048652694610778,1,2,16,4024
A1OL8IISTUIYBC,0.346210110522225,0.06664597718985181,0.0,1.0,0.5048652694610778,1,0,16,4025
ACC1SLND21RI6,0.346210110522225,0.06664597718985181,0.0,1.0,0.5048652694610778,1,0,16,4026
A220059NEEBEX7,0.346210110522225,0.06664597718985181,0.0,1.0,0.5048652694610778,1,2,16,4027
A2MOJANFPX353G,0.346210110522225,0.06664597718985181,0.0,1.0,0.5048652694610778,1,0,16,4028
A1XJOSJN6FHFO0,0.346210110522225,0.06664597718985181,0.0,1.0,0.5048652694610778,1,2,16,4029
A1CGJPFN8KPTDH,0.346210110522225,0.06664597718985181,0.0,1.0,0.5048652694610778,1,2,16,4030
A1XPNKJWTITV0W,0.3461165476479735,0.06664597718985181,0.0,1.0,0.5044910179640718,1,0,15,4031
A2G9DTRPLG0VED,0.3461165476479735,0.06664597718985181,0.0,1.0,0.5044910179640718,1,37,15,4032
A11KX4PSKOL7VL,0.3461165476479735,0.06664597718985181,0.0,1.0,0.5044910179640718,1,0,15,4033
A1UQFK8TIKD5YY,0.3461165476479735,0.06664597718985181,0.0,1.0,0.5044910179640718,1,0,15,4034
A1CCBLW6NH70ID,0.3461165476479735,0.06664597718985181,0.0,1.0,0.5044910179640718,1,0,15,4035
A30F4NMKRP7UZS,0.3461165476479735,0.06664597718985181,0.0,1.0,0.5044910179640718,1,37,15,4036
A2JA7C0WEMB1M7,0.3461165476479735,0.06664597718985181,0.0,1.0,0.5044910179640718,1,0,15,4037
A3BTFKDNAC29JL,0.3461165476479735,0.06664597718985181,0.0,1.0,0.5044910179640718,1,37,15,4038
A20HMQGKR7RET5,0.3461165476479735,0.06664597718985181,0.0,1.0,0.5044910179640718,1,37,15,4039
A2QJW1H9XD1U3B,0.3461165476479735,0.06664597718985181,0.0,1.0,0.5044910179640718,1,0,15,4040
A2K5NFUOAFUBD2,0.3461165476479735,0.06664597718985181,0.0,1.0,0.5044910179640718,1,0,15,4041
A2BDQ38RNRXIRQ,0.3461165476479735,0.06664597718985181,0.0,1.0,0.5044910179640718,1,37,15,4042
A1WMHFPD9YLVFV,0.3461165476479735,0.06664597718985181,0.0,1.0,0.5044910179640718,1,0,15,4043
A21AX7U9UNIV75,0.3461165476479735,0.06664597718985181,0.0,1.0,0.5044910179640718,1,0,15,4044
A3CMO6EORUNEYQ,0.3461165476479735,0.06664597718985181,0.0,1.0,0.5044910179640718,1,0,15,4045
A3D4B6J0ZAA6D,0.3461165476479735,0.06664597718985181,0.0,1.0,0.5044910179640718,1,33,15,4046
A2Q5RORSLPNHIN,0.3461165476479735,0.06664597718985181,0.0,1.0,0.5044910179640718,1,0,15,4047
A1Y5UABA87I2JI,0.3461165476479735,0.06664597718985181,0.0,1.0,0.5044910179640718,1,0,15,4048
A244ASJUKMUGSI,0.3461165476479735,0.06664597718985181,0.0,1.0,0.5044910179640718,1,0,15,4049
A1WKMDL85JLIFM,0.3461165476479735,0.06664597718985181,0.0,1.0,0.5044910179640718,1,33,15,4050
A3H1CE8T6GDVWV,0.3461165476479735,0.06664597718985181,0.0,1.0,0.5044910179640718,1,0,15,4051
A3VHGUZCGYA4KK,0.3461165476479735,0.06664597718985181,0.0,1.0,0.5044910179640718,1,33,15,4052
A22JNORZI4KPAP,0.3461165476479735,0.06664597718985181,0.0,1.0,0.5044910179640718,1,0,15,4053
A38K8WFKSUTNJ2,0.3461165476479735,0.06664597718985181,0.0,1.0,0.5044910179640718,1,0,15,4054
AELOCQI4CMQYQ,0.3461165476479735,0.06664597718985181,0.0,1.0,0.5044910179640718,1,0,15,4055
A1IBKN1GXYJ3K4,0.3461165476479735,0.06664597718985181,0.0,1.0,0.5044910179640718,1,0,15,4056
A27LYK37L6L37M,0.3461165476479735,0.06664597718985181,0.0,1.0,0.5044910179640718,1,33,15,4057
AYE6O5A7WOXR0,0.3461165476479735,0.06664597718985181,0.0,1.0,0.5044910179640718,1,0,15,4058
A3GAGDH0FHEREP,0.3461165476479735,0.06664597718985181,0.0,1.0,0.5044910179640718,1,0,15,4059
A3B7ZAWRSGO0TX,0.3461165476479735,0.06664597718985181,0.0,1.0,0.5044910179640718,1,0,15,4060
A3GATAFT8LVTSK,0.3461165476479735,0.06664597718985181,0.0,1.0,0.5044910179640718,1,37,15,4061
A23KLGJ105C5LV,0.3461165476479735,0.06664597718985181,0.0,1.0,0.5044910179640718,1,37,15,4062
AJPO70SUQEDRJ,0.3461165476479735,0.06664597718985181,0.0,1.0,0.5044910179640718,1,37,15,4063
AIPY9QIUPKZJ9,0.3461165476479735,0.06664597718985181,0.0,1.0,0.5044910179640718,1,0,15,4064
AVXOTIX8WM0T7,0.3461165476479735,0.06664597718985181,0.0,1.0,0.5044910179640718,1,0,15,4065
A1MYL1VV9LMDVF,0.3461165476479735,0.06664597718985181,0.0,1.0,0.5044910179640718,1,0,15,4066
A3NLCKSEDQ6546,0.3461165476479735,0.06664597718985181,0.0,1.0,0.5044910179640718,1,0,15,4067
A3LMTN315ZHD6O,0.3461165476479735,0.06664597718985181,0.0,1.0,0.5044910179640718,1,0,15,4068
A1YUZ3PFNAILHW,0.3461165476479735,0.06664597718985181,0.0,1.0,0.5044910179640718,1,37,15,4069
A2T077JYCTRL60,0.3461165476479735,0.06664597718985181,0.0,1.0,0.5044910179640718,1,37,15,4070
A2V5OS0QGHIUDS,0.3461165476479735,0.06664597718985181,0.0,1.0,0.5044910179640718,1,0,15,4071
A3PSGJREO570YX,0.3461165476479735,0.06664597718985181,0.0,1.0,0.5044910179640718,1,33,15,4072
A3I634592SZH0B,0.3461165476479735,0.06664597718985181,0.0,1.0,0.5044910179640718,1,33,15,4073
AV5QKR5O2XE1I,0.3461165476479735,0.06664597718985181,0.0,1.0,0.5044910179640718,1,0,15,4074
AOVROBZ8BNTP7,0.3461165476479735,0.06664597718985181,0.0,1.0,0.5044910179640718,1,0,15,4075
A16JV9KHNCJQGF,0.3461165476479735,0.06664597718985181,0.0,1.0,0.5044910179640718,1,0,15,4076
A2KAOIY8M4D044,0.3461165476479735,0.06664597718985181,0.0,1.0,0.5044910179640718,1,37,15,4077
A3ODFEO61GKCAH,0.3461165476479735,0.06664597718985181,0.0,1.0,0.5044910179640718,1,0,15,4078
APHPXV5RY2SDP,0.346022984773722,0.06664597718985181,0.0,1.0,0.5041167664670658,1,34,14,4079
A3UCNSBH307OEV,0.346022984773722,0.06664597718985181,0.0,1.0,0.5041167664670658,1,2,14,4080
A1OO2SELSSU128,0.346022984773722,0.06664597718985181,0.0,1.0,0.5041167664670658,1,2,14,4081
AQHYPU9OIL1IL,0.346022984773722,0.06664597718985181,0.0,1.0,0.5041167664670658,1,1,14,4082
AFN973QGO8L9J,0.346022984773722,0.06664597718985181,0.0,1.0,0.5041167664670658,1,1,14,4083
A28IAZZI0SNRMW,0.346022984773722,0.06664597718985181,0.0,1.0,0.5041167664670658,1,0,14,4084
A1XMW0DEX90OEA,0.346022984773722,0.06664597718985181,0.0,1.0,0.5041167664670658,1,5,14,4085
A1ES9IQ5EZ4XQF,0.346022984773722,0.06664597718985181,0.0,1.0,0.5041167664670658,1,34,14,4086
A2WZRBFLJESCSH,0.346022984773722,0.06664597718985181,0.0,1.0,0.5041167664670658,1,0,14,4087
A2NX6PABLIJLP1,0.346022984773722,0.06664597718985181,0.0,1.0,0.5041167664670658,1,5,14,4088
A1E8XGHM6Z4W93,0.346022984773722,0.06664597718985181,0.0,1.0,0.5041167664670658,1,2,14,4089
A12ENBT314RFXR,0.346022984773722,0.06664597718985181,0.0,1.0,0.5041167664670658,1,2,14,4090
A15ZZDKRKP7L4R,0.346022984773722,0.06664597718985181,0.0,1.0,0.5041167664670658,1,0,14,4091
A1M9URNKLM42TG,0.346022984773722,0.06664597718985181,0.0,1.0,0.5041167664670658,1,5,14,4092
A2RUJAHQLGIOGP,0.346022984773722,0.06664597718985181,0.0,1.0,0.5041167664670658,1,2,14,4093
A32JA9FA6O0XST,0.346022984773722,0.06664597718985181,0.0,1.0,0.5041167664670658,1,1,14,4094
ARPX4QADOUSVM,0.346022984773722,0.06664597718985181,0.0,1.0,0.5041167664670658,1,3,14,4095
A3M6L86GPYG0A9,0.346022984773722,0.06664597718985181,0.0,1.0,0.5041167664670658,1,0,14,4096
A2O2D7JV0QU630,0.346022984773722,0.06664597718985181,0.0,1.0,0.5041167664670658,1,5,14,4097
A2Z5C2MD0XL1QB,0.346022984773722,0.06664597718985181,0.0,1.0,0.5041167664670658,1,3,14,4098
A3KFLKO5MSTRCZ,0.346022984773722,0.06664597718985181,0.0,1.0,0.5041167664670658,1,34,14,4099
A33N08AT51YRK0,0.346022984773722,0.06664597718985181,0.0,1.0,0.5041167664670658,1,0,14,4100
A3901UFHY19IGV,0.346022984773722,0.06664597718985181,0.0,1.0,0.5041167664670658,1,5,14,4101
A2BH53SGUYGXQE,0.346022984773722,0.06664597718985181,0.0,1.0,0.5041167664670658,1,0,14,4102
A38SN37XVGG1R7,0.346022984773722,0.06664597718985181,0.0,1.0,0.5041167664670658,1,34,14,4103
A1YV5G4GL5N6XV,0.346022984773722,0.06664597718985181,0.0,1.0,0.5041167664670658,1,1,14,4104
A2PIAVZR2957GK,0.346022984773722,0.06664597718985181,0.0,1.0,0.5041167664670658,1,5,14,4105
A3OFI1JD2KA9WD,0.346022984773722,0.06664597718985181,0.0,1.0,0.5041167664670658,1,34,14,4106
A2E74YKJXGZCJB,0.346022984773722,0.06664597718985181,0.0,1.0,0.5041167664670658,1,3,14,4107
A3C65DHC8UBUNC,0.346022984773722,0.06664597718985181,0.0,1.0,0.5041167664670658,1,2,14,4108
AFDAQD10WTBAD,0.346022984773722,0.06664597718985181,0.0,1.0,0.5041167664670658,1,3,14,4109
A1Z54EM24Y40LL,0.346022984773722,0.06664597718985181,0.0,1.0,0.5041167664670658,1,0,14,4110
A2I6KBFBFIORH7,0.346022984773722,0.06664597718985181,0.0,1.0,0.5041167664670658,1,3,14,4111
ARLTYP6WGMJSZ,0.346022984773722,0.06664597718985181,0.0,1.0,0.5041167664670658,1,5,14,4112
AZZR8DUVE5L8O,0.346022984773722,0.06664597718985181,0.0,1.0,0.5041167664670658,1,34,14,4113
A2583R6OPKM7CN,0.346022984773722,0.06664597718985181,0.0,1.0,0.5041167664670658,1,3,14,4114
A1LAGLKT5I2ME0,0.346022984773722,0.06664597718985181,0.0,1.0,0.5041167664670658,1,34,14,4115
AUUV3XDYB16X5,0.346022984773722,0.06664597718985181,0.0,1.0,0.5041167664670658,1,0,14,4116
A11YC90BA0KJQ7,0.346022984773722,0.06664597718985181,0.0,1.0,0.5041167664670658,1,2,14,4117
A16C19G0I2DE8S,0.346022984773722,0.06664597718985181,0.0,1.0,0.5041167664670658,1,1,14,4118
A3IZXJRV8RHUQC,0.346022984773722,0.06664597718985181,0.0,1.0,0.5041167664670658,1,34,14,4119
A18U05IGMK1FVV,0.3459294218994705,0.06664597718985181,0.0,1.0,0.5037425149700598,1,0,13,4120
A3B86XJSLQSSJH,0.3459294218994705,0.06664597718985181,0.0,1.0,0.5037425149700598,1,35,13,4121
A1H4HIMWZPFZUQ,0.3459294218994705,0.06664597718985181,0.0,1.0,0.5037425149700598,1,9,13,4122
A2B201HPHQVX3V,0.3459294218994705,0.06664597718985181,0.0,1.0,0.5037425149700598,1,1,13,4123
A2P1G7ONLUBJ7O,0.3459294218994705,0.06664597718985181,0.0,1.0,0.5037425149700598,1,1,13,4124
A2KL8TMCBUR036,0.3459294218994705,0.06664597718985181,0.0,1.0,0.5037425149700598,1,38,13,4125
A2JT5X557H8JWX,0.3459294218994705,0.06664597718985181,0.0,1.0,0.5037425149700598,1,0,13,4126
A3LIEPHXF1SI1I,0.3459294218994705,0.06664597718985181,0.0,1.0,0.5037425149700598,1,11,13,4127
A3JLI2G1CCUKIM,0.3459294218994705,0.06664597718985181,0.0,1.0,0.5037425149700598,1,0,13,4128
A25FD86NG19ICC,0.3459294218994705,0.06664597718985181,0.0,1.0,0.5037425149700598,1,11,13,4129
A20DHT8BPBOCP8,0.3459294218994705,0.06664597718985181,0.0,1.0,0.5037425149700598,1,0,13,4130
A3ORS0KYKUXU4Z,0.3459294218994705,0.06664597718985181,0.0,1.0,0.5037425149700598,1,9,13,4131
A2TCCKKIPJCM0L,0.3459294218994705,0.06664597718985181,0.0,1.0,0.5037425149700598,1,0,13,4132
A3FY3S8KMC5X82,0.3459294218994705,0.06664597718985181,0.0,1.0,0.5037425149700598,1,2,13,4133
A21MJJDFBNUJ3L,0.3459294218994705,0.06664597718985181,0.0,1.0,0.5037425149700598,1,35,13,4134
AK73Y669AMPVS,0.3459294218994705,0.06664597718985181,0.0,1.0,0.5037425149700598,1,0,13,4135
APZ51EQUCB79F,0.3459294218994705,0.06664597718985181,0.0,1.0,0.5037425149700598,1,1,13,4136
A28LXIZQOEQ6KY,0.3459294218994705,0.06664597718985181,0.0,1.0,0.5037425149700598,1,35,13,4137
A2X2VP3OBZ6VFE,0.3459294218994705,0.06664597718985181,0.0,1.0,0.5037425149700598,1,0,13,4138
A138B0GK83O33R,0.3459294218994705,0.06664597718985181,0.0,1.0,0.5037425149700598,1,0,13,4139
A2WQ0T7U3ETN5S,0.3459294218994705,0.06664597718985181,0.0,1.0,0.5037425149700598,1,36,13,4140
A39FKRQK3E8VZQ,0.3459294218994705,0.06664597718985181,0.0,1.0,0.5037425149700598,1,0,13,4141
A23KEN4HK5CBN3,0.3459294218994705,0.06664597718985181,0.0,1.0,0.5037425149700598,1,9,13,4142
A3PCA3O8PO6F7B,0.3459294218994705,0.06664597718985181,0.0,1.0,0.5037425149700598,1,35,13,4143
A28IK37GNGUDUX,0.3459294218994705,0.06664597718985181,0.0,1.0,0.5037425149700598,1,38,13,4144
A1JZJFVE1K61LU,0.3459294218994705,0.06664597718985181,0.0,1.0,0.5037425149700598,1,35,13,4145
AGQZW9MI41AFR,0.3459294218994705,0.06664597718985181,0.0,1.0,0.5037425149700598,1,1,13,4146
A1N9QUJASE2N76,0.3459294218994705,0.06664597718985181,0.0,1.0,0.5037425149700598,1,31,13,4147
A17WPU84HJCK4S,0.3459294218994705,0.06664597718985181,0.0,1.0,0.5037425149700598,1,35,13,4148
A3KZXERLMGYHP8,0.3459294218994705,0.06664597718985181,0.0,1.0,0.5037425149700598,1,0,13,4149
AQ6WXOXDZIYCS,0.3459294218994705,0.06664597718985181,0.0,1.0,0.5037425149700598,1,0,13,4150
A3D819E3ZQPNLA,0.3459294218994705,0.06664597718985181,0.0,1.0,0.5037425149700598,1,0,13,4151
A1AMR7YWHX7W7O,0.3459294218994705,0.06664597718985181,0.0,1.0,0.5037425149700598,1,9,13,4152
A3SP5OZ25GTBIH,0.3459294218994705,0.06664597718985181,0.0,1.0,0.5037425149700598,1,35,13,4153
A27DUWMSKPPGLT,0.3459294218994705,0.06664597718985181,0.0,1.0,0.5037425149700598,1,2,13,4154
A229KNRZM9URT,0.3459294218994705,0.06664597718985181,0.0,1.0,0.5037425149700598,1,11,13,4155
AWC8CTW8N2XVE,0.3459294218994705,0.06664597718985181,0.0,1.0,0.5037425149700598,1,38,13,4156
A1F041LBLQNOZW,0.3459294218994705,0.06664597718985181,0.0,1.0,0.5037425149700598,1,1,13,4157
A2C00NNG1ZQQG2,0.3459294218994705,0.06664597718985181,0.0,1.0,0.5037425149700598,1,1,13,4158
AUGDEAVGV90X5,0.3459294218994705,0.06664597718985181,0.0,1.0,0.5037425149700598,1,38,13,4159
A3F4VCTXZZ449P,0.3459294218994705,0.06664597718985181,0.0,1.0,0.5037425149700598,1,35,13,4160
A2CYA3J5K1ZYJ6,0.3459294218994705,0.06664597718985181,0.0,1.0,0.5037425149700598,1,0,13,4161
A1FPVTPIJF9IIQ,0.3459294218994705,0.06664597718985181,0.0,1.0,0.5037425149700598,1,1,13,4162
A1FZH340EKH640,0.3459294218994705,0.06664597718985181,0.0,1.0,0.5037425149700598,1,9,13,4163
A2KVMXLAVXYXBE,0.3459294218994705,0.06664597718985181,0.0,1.0,0.5037425149700598,1,0,13,4164
A3VP5SXUTKJFRW,0.3459294218994705,0.06664597718985181,0.0,1.0,0.5037425149700598,1,0,13,4165
A1TEKCBCU3ZBXE,0.3459294218994705,0.06664597718985181,0.0,1.0,0.5037425149700598,1,0,13,4166
A3NKP1YSDFGW5,0.3459294218994705,0.06664597718985181,0.0,1.0,0.5037425149700598,1,38,13,4167
AD6XZ8L68MFNU,0.3459294218994705,0.06664597718985181,0.0,1.0,0.5037425149700598,1,9,13,4168
A1NSF87AMGGXF5,0.3459294218994705,0.06664597718985181,0.0,1.0,0.5037425149700598,1,0,13,4169
A31PDR78F1MNDI,0.3459294218994705,0.06664597718985181,0.0,1.0,0.5037425149700598,1,0,13,4170
A2SKHEHJ4TM1LE,0.3459294218994705,0.06664597718985181,0.0,1.0,0.5037425149700598,1,0,13,4171
A3GKY17CHGC5OT,0.3459294218994705,0.06664597718985181,0.0,1.0,0.5037425149700598,1,35,13,4172
A33UD2JQGUVLAO,0.3459294218994705,0.06664597718985181,0.0,1.0,0.5037425149700598,1,0,13,4173
A33ZDZUEF1GXXA,0.3459294218994705,0.06664597718985181,0.0,1.0,0.5037425149700598,1,35,13,4174
A3ET92C0O9XNS6,0.3459294218994705,0.06664597718985181,0.0,1.0,0.5037425149700598,1,31,13,4175
A3669T2UVJZR41,0.3459294218994705,0.06664597718985181,0.0,1.0,0.5037425149700598,1,9,13,4176
A2CP8OUNLHJXX8,0.3459294218994705,0.06664597718985181,0.0,1.0,0.5037425149700598,1,36,13,4177
A5NXA10HTO42S,0.3459294218994705,0.06664597718985181,0.0,1.0,0.5037425149700598,1,0,13,4178
A3Q1J68QY1MZQ9,0.3459294218994705,0.06664597718985181,0.0,1.0,0.5037425149700598,1,0,13,4179
A1GEV4XRR3YJ0F,0.3459294218994705,0.06664597718985181,0.0,1.0,0.5037425149700598,1,0,13,4180
A2E7E9EWADK4S6,0.3459294218994705,0.06664597718985181,0.0,1.0,0.5037425149700598,1,0,13,4181
AY99XJF8S74Q5,0.3459294218994705,0.06664597718985181,0.0,1.0,0.5037425149700598,1,1,13,4182
A3C5JFSAPHWJU3,0.3459294218994705,0.06664597718985181,0.0,1.0,0.5037425149700598,1,31,13,4183
A3VDWR7HE54SB2,0.3459294218994705,0.06664597718985181,0.0,1.0,0.5037425149700598,1,1,13,4184
AYVM2DODURDLE,0.3459294218994705,0.06664597718985181,0.0,1.0,0.5037425149700598,1,38,13,4185
A108J5O7DG2WIM,0.3459294218994705,0.06664597718985181,0.0,1.0,0.5037425149700598,1,9,13,4186
A2MF5NKKRVRZTJ,0.3459294218994705,0.06664597718985181,0.0,1.0,0.5037425149700598,1,2,13,4187
AS269J1OGZT1V,0.3459294218994705,0.06664597718985181,0.0,1.0,0.5037425149700598,1,0,13,4188
AAHQAFQ81K7BB,0.3459294218994705,0.06664597718985181,0.0,1.0,0.5037425149700598,1,38,13,4189
A2I5LVVQ7WXEH6,0.3459294218994705,0.06664597718985181,0.0,1.0,0.5037425149700598,1,1,13,4190
A23205H9PLIOC0,0.3459294218994705,0.06664597718985181,0.0,1.0,0.5037425149700598,1,2,13,4191
AG3ICATDLQ3EQ,0.3459294218994705,0.06664597718985181,0.0,1.0,0.5037425149700598,1,1,13,4192
A3ISID2L2BJF5N,0.3459294218994705,0.06664597718985181,0.0,1.0,0.5037425149700598,1,0,13,4193
A3014KJFHAIMGP,0.3459294218994705,0.06664597718985181,0.0,1.0,0.5037425149700598,1,2,13,4194
A1P98E8Z20JD1Q,0.3459294218994705,0.06664597718985181,0.0,1.0,0.5037425149700598,1,31,13,4195
A3UJQN65YXBL50,0.3459294218994705,0.06664597718985181,0.0,1.0,0.5037425149700598,1,0,13,4196
A3ULKL4TS05ZGX,0.3459294218994705,0.06664597718985181,0.0,1.0,0.5037425149700598,1,1,13,4197
A13RIB5M9L611E,0.345835859025219,0.06664597718985181,0.0,1.0,0.5033682634730539,1,39,12,4198
A3UOID9VI8CC0C,0.345835859025219,0.06664597718985181,0.0,1.0,0.5033682634730539,1,0,12,4199
A2I76U2KSA7QWL,0.345835859025219,0.06664597718985181,0.0,1.0,0.5033682634730539,1,0,12,4200
A1H2O9EQANIGQT,0.345835859025219,0.06664597718985181,0.0,1.0,0.5033682634730539,1,39,12,4201
A1OZYQ4V83X8K4,0.345835859025219,0.06664597718985181,0.0,1.0,0.5033682634730539,1,10,12,4202
A2M4NHKCBDV4OD,0.345835859025219,0.06664597718985181,0.0,1.0,0.5033682634730539,1,0,12,4203
A3EXWV8FNSSFL6,0.345835859025219,0.06664597718985181,0.0,1.0,0.5033682634730539,1,0,12,4204
A9AZJGWMDJ7SR,0.345835859025219,0.06664597718985181,0.0,1.0,0.5033682634730539,1,0,12,4205
A4OAW3JQC5UNM,0.345835859025219,0.06664597718985181,0.0,1.0,0.5033682634730539,1,2,12,4206
A2RW587355CMVA,0.345835859025219,0.06664597718985181,0.0,1.0,0.5033682634730539,1,10,12,4207
AGI34T5QZWBBC,0.345835859025219,0.06664597718985181,0.0,1.0,0.5033682634730539,1,40,12,4208
AA8JH8LD2H4P9,0.345835859025219,0.06664597718985181,0.0,1.0,0.5033682634730539,1,2,12,4209
A1EE1HLYUIJPIG,0.345835859025219,0.06664597718985181,0.0,1.0,0.5033682634730539,1,2,12,4210
A36J60Z5VCWBQZ,0.345835859025219,0.06664597718985181,0.0,1.0,0.5033682634730539,1,0,12,4211
AHXGALGGZ9ND4,0.345835859025219,0.06664597718985181,0.0,1.0,0.5033682634730539,1,0,12,4212
A1NJLUKL3K8BDK,0.345835859025219,0.06664597718985181,0.0,1.0,0.5033682634730539,1,1,12,4213
A16DPGQQ5MFJ8G,0.345835859025219,0.06664597718985181,0.0,1.0,0.5033682634730539,1,2,12,4214
A2XWZHQ52BND8R,0.345835859025219,0.06664597718985181,0.0,1.0,0.5033682634730539,1,1,12,4215
A2XW3HYL9YSJGW,0.345835859025219,0.06664597718985181,0.0,1.0,0.5033682634730539,1,0,12,4216
AKG02HTYGM88L,0.345835859025219,0.06664597718985181,0.0,1.0,0.5033682634730539,1,39,12,4217
A2GNATC9V28GJS,0.345835859025219,0.06664597718985181,0.0,1.0,0.5033682634730539,1,0,12,4218
A2JSFCLWWRXIJ4,0.345835859025219,0.06664597718985181,0.0,1.0,0.5033682634730539,1,0,12,4219
A2JSKM60VTCNI,0.345835859025219,0.06664597718985181,0.0,1.0,0.5033682634730539,1,10,12,4220
A37FB0STAIM5PY,0.345835859025219,0.06664597718985181,0.0,1.0,0.5033682634730539,1,39,12,4221
A1K4AVQIU704DY,0.345835859025219,0.06664597718985181,0.0,1.0,0.5033682634730539,1,2,12,4222
A1PA728IKLN8SI,0.345835859025219,0.06664597718985181,0.0,1.0,0.5033682634730539,1,0,12,4223
A2I85TDI7XF3C3,0.345835859025219,0.06664597718985181,0.0,1.0,0.5033682634730539,1,0,12,4224
A1UULANW6F0NZC,0.345835859025219,0.06664597718985181,0.0,1.0,0.5033682634730539,1,39,12,4225
A35BXS8M3HZZV4,0.345835859025219,0.06664597718985181,0.0,1.0,0.5033682634730539,1,0,12,4226
A1KZDMCI54UXIY,0.345835859025219,0.06664597718985181,0.0,1.0,0.5033682634730539,1,0,12,4227
A265S153QJNV70,0.345835859025219,0.06664597718985181,0.0,1.0,0.5033682634730539,1,0,12,4228
A5RIO7FOCJVAL,0.345835859025219,0.06664597718985181,0.0,1.0,0.5033682634730539,1,0,12,4229
A2QXRKY45PAGU9,0.345835859025219,0.06664597718985181,0.0,1.0,0.5033682634730539,1,0,12,4230
A3QPWNKTUC8N2B,0.345835859025219,0.06664597718985181,0.0,1.0,0.5033682634730539,1,7,12,4231
A38T55CCT4B3E6,0.345835859025219,0.06664597718985181,0.0,1.0,0.5033682634730539,1,0,12,4232
A1QKJJM2T4E21H,0.345835859025219,0.06664597718985181,0.0,1.0,0.5033682634730539,1,0,12,4233
A1QKBG5JZ0CDPG,0.345835859025219,0.06664597718985181,0.0,1.0,0.5033682634730539,1,0,12,4234
A38SK72V6NORUP,0.345835859025219,0.06664597718985181,0.0,1.0,0.5033682634730539,1,2,12,4235
ABAW1TNE54PJ8,0.345835859025219,0.06664597718985181,0.0,1.0,0.5033682634730539,1,0,12,4236
ACNP2GG9P4WV9,0.345835859025219,0.06664597718985181,0.0,1.0,0.5033682634730539,1,0,12,4237
AMG7EQW81MG58,0.345835859025219,0.06664597718985181,0.0,1.0,0.5033682634730539,1,0,12,4238
A449KVVGC9J7I,0.345835859025219,0.06664597718985181,0.0,1.0,0.5033682634730539,1,0,12,4239
A90CJHEDYOPIW,0.345835859025219,0.06664597718985181,0.0,1.0,0.5033682634730539,1,40,12,4240
A3NB5CY9PWKWGD,0.345835859025219,0.06664597718985181,0.0,1.0,0.5033682634730539,1,7,12,4241
A22EUYXY2KQEKH,0.345835859025219,0.06664597718985181,0.0,1.0,0.5033682634730539,1,0,12,4242
A28621TSIR5EOG,0.345835859025219,0.06664597718985181,0.0,1.0,0.5033682634730539,1,40,12,4243
A3K7QTMDO872EC,0.345835859025219,0.06664597718985181,0.0,1.0,0.5033682634730539,1,1,12,4244
A1M1B4JA1SX1U9,0.345835859025219,0.06664597718985181,0.0,1.0,0.5033682634730539,1,0,12,4245
A1KNSBM4VIPXED,0.345835859025219,0.06664597718985181,0.0,1.0,0.5033682634730539,1,0,12,4246
A2V5K7WIPS4XOG,0.345835859025219,0.06664597718985181,0.0,1.0,0.5033682634730539,1,0,12,4247
A2V1E7EAKW3CWB,0.345835859025219,0.06664597718985181,0.0,1.0,0.5033682634730539,1,0,12,4248
AUHT4M1W3G7PJ,0.345835859025219,0.06664597718985181,0.0,1.0,0.5033682634730539,1,7,12,4249
A6VXZ1EEPRTLV,0.345835859025219,0.06664597718985181,0.0,1.0,0.5033682634730539,1,0,12,4250
A1PRF8YIK73VH5,0.345835859025219,0.06664597718985181,0.0,1.0,0.5033682634730539,1,1,12,4251
A7Y4EVU8LZ7FV,0.345835859025219,0.06664597718985181,0.0,1.0,0.5033682634730539,1,39,12,4252
A2CX4X0IIKGSNJ,0.345835859025219,0.06664597718985181,0.0,1.0,0.5033682634730539,1,10,12,4253
A2GZBPJ1HTFM67,0.345835859025219,0.06664597718985181,0.0,1.0,0.5033682634730539,1,7,12,4254
A32VSTSDEPUBHU,0.345835859025219,0.06664597718985181,0.0,1.0,0.5033682634730539,1,40,12,4255
A3JIPMKVVJGVFP,0.345835859025219,0.06664597718985181,0.0,1.0,0.5033682634730539,1,2,12,4256
A1EGD8EGNINP52,0.345835859025219,0.06664597718985181,0.0,1.0,0.5033682634730539,1,0,12,4257
A1Y4MY6KYVUTIA,0.345835859025219,0.06664597718985181,0.0,1.0,0.5033682634730539,1,2,12,4258
A1HMI0JPCWQY4E,0.345835859025219,0.06664597718985181,0.0,1.0,0.5033682634730539,1,0,12,4259
A9DZGSTEJFOP3,0.345835859025219,0.06664597718985181,0.0,1.0,0.5033682634730539,1,39,12,4260
A355M74J438SGG,0.345835859025219,0.06664597718985181,0.0,1.0,0.5033682634730539,1,2,12,4261
A3UZLX3C5FLLUH,0.345835859025219,0.06664597718985181,0.0,1.0,0.5033682634730539,1,0,12,4262
A25K6D8IF14MW2,0.345835859025219,0.06664597718985181,0.0,1.0,0.5033682634730539,1,2,12,4263
AJXSHZAEW0142,0.3457422961509675,0.06664597718985181,0.0,1.0,0.5029940119760479,1,0,11,4264
AFUXQ0EI1UC22,0.3457422961509675,0.06664597718985181,0.0,1.0,0.5029940119760479,1,0,11,4265
A3SHAOQ7FI3JLN,0.3457422961509675,0.06664597718985181,0.0,1.0,0.5029940119760479,1,0,11,4266
AKAWPV482ODX8,0.3457422961509675,0.06664597718985181,0.0,1.0,0.5029940119760479,1,2,11,4267
AO7TPG23L7Z3L,0.3457422961509675,0.06664597718985181,0.0,1.0,0.5029940119760479,1,44,11,4268
A2JWFLMUIV5N2P,0.3457422961509675,0.06664597718985181,0.0,1.0,0.5029940119760479,1,9,11,4269
A2LZ3HGE6UMSQF,0.3457422961509675,0.06664597718985181,0.0,1.0,0.5029940119760479,1,0,11,4270
A3B7TD1VKB2K8N,0.3457422961509675,0.06664597718985181,0.0,1.0,0.5029940119760479,1,0,11,4271
AFH0V9CYF56IK,0.3457422961509675,0.06664597718985181,0.0,1.0,0.5029940119760479,1,44,11,4272
A1J93485GAAGED,0.3457422961509675,0.06664597718985181,0.0,1.0,0.5029940119760479,1,2,11,4273
A1GFH98ATO6D5I,0.3457422961509675,0.06664597718985181,0.0,1.0,0.5029940119760479,1,0,11,4274
A2SXJZGMY90RZN,0.3457422961509675,0.06664597718985181,0.0,1.0,0.5029940119760479,1,0,11,4275
AIY63PF337QF4,0.3457422961509675,0.06664597718985181,0.0,1.0,0.5029940119760479,1,9,11,4276
A2IQSNBMGS45X9,0.3457422961509675,0.06664597718985181,0.0,1.0,0.5029940119760479,1,9,11,4277
A1BJUDYO6TJ6S9,0.3457422961509675,0.06664597718985181,0.0,1.0,0.5029940119760479,1,0,11,4278
A3GKRQWPAIZR3L,0.3457422961509675,0.06664597718985181,0.0,1.0,0.5029940119760479,1,9,11,4279
A1C4YDZGWGH9FX,0.3457422961509675,0.06664597718985181,0.0,1.0,0.5029940119760479,1,0,11,4280
A3TMH3ESKQN3L4,0.3457422961509675,0.06664597718985181,0.0,1.0,0.5029940119760479,1,0,11,4281
A2HPF56C5C13I1,0.3457422961509675,0.06664597718985181,0.0,1.0,0.5029940119760479,1,0,11,4282
A2YRX8J4WM5BRX,0.3457422961509675,0.06664597718985181,0.0,1.0,0.5029940119760479,1,0,11,4283
A3I28B9NJBGB5O,0.3457422961509675,0.06664597718985181,0.0,1.0,0.5029940119760479,1,0,11,4284
AWORZ9HO1HCTB,0.3457422961509675,0.06664597718985181,0.0,1.0,0.5029940119760479,1,41,11,4285
A2U6X0GHPCODVV,0.3457422961509675,0.06664597718985181,0.0,1.0,0.5029940119760479,1,0,11,4286
A2U3HG214VNP9N,0.3457422961509675,0.06664597718985181,0.0,1.0,0.5029940119760479,1,41,11,4287
A2M3E53LN2CQT6,0.3457422961509675,0.06664597718985181,0.0,1.0,0.5029940119760479,1,9,11,4288
A20GHPA3NAOCSA,0.3457422961509675,0.06664597718985181,0.0,1.0,0.5029940119760479,1,0,11,4289
A10AW7H143CP9M,0.3457422961509675,0.06664597718985181,0.0,1.0,0.5029940119760479,1,0,11,4290
A27LEONMJN31DW,0.3457422961509675,0.06664597718985181,0.0,1.0,0.5029940119760479,1,0,11,4291
AYC7L2YJMZOOC,0.3457422961509675,0.06664597718985181,0.0,1.0,0.5029940119760479,1,9,11,4292
A3IF2RRR8R84BV,0.3457422961509675,0.06664597718985181,0.0,1.0,0.5029940119760479,1,0,11,4293
A2K5I02PHHTTNQ,0.3457422961509675,0.06664597718985181,0.0,1.0,0.5029940119760479,1,44,11,4294
A3W53H5F2YLJQ4,0.3457422961509675,0.06664597718985181,0.0,1.0,0.5029940119760479,1,41,11,4295
A3IMYCI2PGALH3,0.3457422961509675,0.06664597718985181,0.0,1.0,0.5029940119760479,1,0,11,4296
A69Z3F9A2ILNP,0.3457422961509675,0.06664597718985181,0.0,1.0,0.5029940119760479,1,41,11,4297
AI4IPKCY56NQD,0.3457422961509675,0.06664597718985181,0.0,1.0,0.5029940119760479,1,41,11,4298
A1554THSW3S7WZ,0.3457422961509675,0.06664597718985181,0.0,1.0,0.5029940119760479,1,0,11,4299
A2I9XSZSHXQ3OZ,0.3457422961509675,0.06664597718985181,0.0,1.0,0.5029940119760479,1,2,11,4300
AVCLMVDU3FMSH,0.3457422961509675,0.06664597718985181,0.0,1.0,0.5029940119760479,1,0,11,4301
ABDZCVPQVRPX5,0.3457422961509675,0.06664597718985181,0.0,1.0,0.5029940119760479,1,0,11,4302
A2YHABRZJVRSYF,0.3457422961509675,0.06664597718985181,0.0,1.0,0.5029940119760479,1,0,11,4303
A2YBYKUXJM5LW4,0.3457422961509675,0.06664597718985181,0.0,1.0,0.5029940119760479,1,0,11,4304
A32BART9O61O3E,0.3457422961509675,0.06664597718985181,0.0,1.0,0.5029940119760479,1,0,11,4305
A1YY6103EIE3H4,0.3457422961509675,0.06664597718985181,0.0,1.0,0.5029940119760479,1,2,11,4306
A1QPV43SWY9CGI,0.3457422961509675,0.06664597718985181,0.0,1.0,0.5029940119760479,1,0,11,4307
A24QCKJ232QM52,0.3457422961509675,0.06664597718985181,0.0,1.0,0.5029940119760479,1,41,11,4308
A1QRST0A3IQIEF,0.3457422961509675,0.06664597718985181,0.0,1.0,0.5029940119760479,1,41,11,4309
A1CMJDOKUWCE1S,0.3457422961509675,0.06664597718985181,0.0,1.0,0.5029940119760479,1,0,11,4310
A23O8T3LNL9YY8,0.3457422961509675,0.06664597718985181,0.0,1.0,0.5029940119760479,1,44,11,4311
A1PCHVTAXXQYSR,0.3457422961509675,0.06664597718985181,0.0,1.0,0.5029940119760479,1,9,11,4312
A1KKHE3R5PBZ7Q,0.3457422961509675,0.06664597718985181,0.0,1.0,0.5029940119760479,1,41,11,4313
AU4H7OG5UFDWO,0.3457422961509675,0.06664597718985181,0.0,1.0,0.5029940119760479,1,0,11,4314
A2CRZP89XOHVKK,0.3457422961509675,0.06664597718985181,0.0,1.0,0.5029940119760479,1,44,11,4315
A36XMNKPKOG69I,0.3457422961509675,0.06664597718985181,0.0,1.0,0.5029940119760479,1,0,11,4316
A27WR1MUJH2RNP,0.3457422961509675,0.06664597718985181,0.0,1.0,0.5029940119760479,1,41,11,4317
ALDT4Z7SZY2GQ,0.3457422961509675,0.06664597718985181,0.0,1.0,0.5029940119760479,1,0,11,4318
A8TIL945EHW1U,0.3457422961509675,0.06664597718985181,0.0,1.0,0.5029940119760479,1,0,11,4319
A3HWB36LLQAMXH,0.345648733276716,0.06664597718985181,0.0,1.0,0.5026197604790419,1,14,10,4320
A325DQLHV6GUOT,0.345648733276716,0.06664597718985181,0.0,1.0,0.5026197604790419,1,0,10,4321
A8PLLO3D3VCTH,0.345648733276716,0.06664597718985181,0.0,1.0,0.5026197604790419,1,0,10,4322
ASYWPMAIO0HGD,0.345648733276716,0.06664597718985181,0.0,1.0,0.5026197604790419,1,0,10,4323
A2YVT92OFFUJEI,0.345648733276716,0.06664597718985181,0.0,1.0,0.5026197604790419,1,42,10,4324
A31WL2DMXTR6SV,0.345648733276716,0.06664597718985181,0.0,1.0,0.5026197604790419,1,14,10,4325
A36CB8LS12L46X,0.345648733276716,0.06664597718985181,0.0,1.0,0.5026197604790419,1,2,10,4326
A1V4VVBQBFXRHC,0.345648733276716,0.06664597718985181,0.0,1.0,0.5026197604790419,1,0,10,4327
AAFI4N3QKPBOD,0.345648733276716,0.06664597718985181,0.0,1.0,0.5026197604790419,1,0,10,4328
A2JFOHC9W629IE,0.345648733276716,0.06664597718985181,0.0,1.0,0.5026197604790419,1,0,10,4329
A3AIEQAJMNVI6F,0.345648733276716,0.06664597718985181,0.0,1.0,0.5026197604790419,1,14,10,4330
A1GCKBZ5B7XHPC,0.345648733276716,0.06664597718985181,0.0,1.0,0.5026197604790419,1,0,10,4331
A2ICY670PVUTAD,0.345648733276716,0.06664597718985181,0.0,1.0,0.5026197604790419,1,0,10,4332
A22R9L5DAVYYWR,0.345648733276716,0.06664597718985181,0.0,1.0,0.5026197604790419,1,0,10,4333
A3UBYYUZQHN7RR,0.345648733276716,0.06664597718985181,0.0,1.0,0.5026197604790419,1,0,10,4334
A305KK5LXBJOK3,0.345648733276716,0.06664597718985181,0.0,1.0,0.5026197604790419,1,0,10,4335
A3TYWLLZGB1EDR,0.345648733276716,0.06664597718985181,0.0,1.0,0.5026197604790419,1,43,10,4336
A23956TW9D1LTN,0.345648733276716,0.06664597718985181,0.0,1.0,0.5026197604790419,1,43,10,4337
A2IIHXGM8ZF1NC,0.345648733276716,0.06664597718985181,0.0,1.0,0.5026197604790419,1,14,10,4338
A1C8K8UTDSXRXS,0.345648733276716,0.06664597718985181,0.0,1.0,0.5026197604790419,1,0,10,4339
A3GO24N9Y05PKG,0.345648733276716,0.06664597718985181,0.0,1.0,0.5026197604790419,1,14,10,4340
A1GJ913L9IZR7G,0.345648733276716,0.06664597718985181,0.0,1.0,0.5026197604790419,1,0,10,4341
A3KA40XY9YRJR2,0.345648733276716,0.06664597718985181,0.0,1.0,0.5026197604790419,1,0,10,4342
A155YL0Y0GKUW5,0.345648733276716,0.06664597718985181,0.0,1.0,0.5026197604790419,1,0,10,4343
A3QSYD9EOX6BTP,0.345648733276716,0.06664597718985181,0.0,1.0,0.5026197604790419,1,14,10,4344
AW8YACI7RNNC,0.345648733276716,0.06664597718985181,0.0,1.0,0.5026197604790419,1,2,10,4345
A2QZ7Z48X4I4TA,0.345648733276716,0.06664597718985181,0.0,1.0,0.5026197604790419,1,0,10,4346
APFBMDI5TJ8MQ,0.345648733276716,0.06664597718985181,0.0,1.0,0.5026197604790419,1,0,10,4347
A3759SJ9AA9QVU,0.345648733276716,0.06664597718985181,0.0,1.0,0.5026197604790419,1,0,10,4348
A2D333TODX15EN,0.345648733276716,0.06664597718985181,0.0,1.0,0.5026197604790419,1,0,10,4349
A14WXFRFJLJPP5,0.345648733276716,0.06664597718985181,0.0,1.0,0.5026197604790419,1,14,10,4350
A2YBMSUMVETP0K,0.345648733276716,0.06664597718985181,0.0,1.0,0.5026197604790419,1,0,10,4351
A1DO9LRCO23EOM,0.345648733276716,0.06664597718985181,0.0,1.0,0.5026197604790419,1,42,10,4352
APIXJQATQT7TK,0.345648733276716,0.06664597718985181,0.0,1.0,0.5026197604790419,1,2,10,4353
A3MMQ88H2WCYVJ,0.345648733276716,0.06664597718985181,0.0,1.0,0.5026197604790419,1,0,10,4354
A1XLCQVGWBU6UX,0.345648733276716,0.06664597718985181,0.0,1.0,0.5026197604790419,1,0,10,4355
AQSW6WDVCJGB8,0.345648733276716,0.06664597718985181,0.0,1.0,0.5026197604790419,1,0,10,4356
AST7UNIXVOAVA,0.345648733276716,0.06664597718985181,0.0,1.0,0.5026197604790419,1,2,10,4357
A38VIVDARCVC1,0.345648733276716,0.06664597718985181,0.0,1.0,0.5026197604790419,1,0,10,4358
AS9YSOCMP1D9D,0.345648733276716,0.06664597718985181,0.0,1.0,0.5026197604790419,1,0,10,4359
A37KEW14MD925E,0.345648733276716,0.06664597718985181,0.0,1.0,0.5026197604790419,1,0,10,4360
A3TWFM69THKQBK,0.345648733276716,0.06664597718985181,0.0,1.0,0.5026197604790419,1,0,10,4361
A3O1SS8PDDK7IE,0.345648733276716,0.06664597718985181,0.0,1.0,0.5026197604790419,1,42,10,4362
A1MO77HMZ0QYLL,0.345648733276716,0.06664597718985181,0.0,1.0,0.5026197604790419,1,2,10,4363
ATNZ6ZION5HI1,0.345648733276716,0.06664597718985181,0.0,1.0,0.5026197604790419,1,42,10,4364
A3300ZHK4SPWC3,0.345648733276716,0.06664597718985181,0.0,1.0,0.5026197604790419,1,14,10,4365
A2XTK6CZTWSCKH,0.345648733276716,0.06664597718985181,0.0,1.0,0.5026197604790419,1,2,10,4366
ATC3ZSRYRONK,0.345648733276716,0.06664597718985181,0.0,1.0,0.5026197604790419,1,0,10,4367
A2XWJK6POTDSP7,0.345648733276716,0.06664597718985181,0.0,1.0,0.5026197604790419,1,0,10,4368
AKNI5ROMW5FWD,0.345648733276716,0.06664597718985181,0.0,1.0,0.5026197604790419,1,0,10,4369
A2WY7M2G4FUK9Y,0.345648733276716,0.06664597718985181,0.0,1.0,0.5026197604790419,1,43,10,4370
A3M6FW3728C8NA,0.345648733276716,0.06664597718985181,0.0,1.0,0.5026197604790419,1,42,10,4371
A1XX37HBK45UG8,0.345648733276716,0.06664597718985181,0.0,1.0,0.5026197604790419,1,0,10,4372
A2PUDX7VRQN5M5,0.345648733276716,0.06664597718985181,0.0,1.0,0.5026197604790419,1,0,10,4373
A16CV6OJMT3RVO,0.345648733276716,0.06664597718985181,0.0,1.0,0.5026197604790419,1,43,10,4374
A2UEW04N38LVB,0.345648733276716,0.06664597718985181,0.0,1.0,0.5026197604790419,1,0,10,4375
A1Z0NIO16UXTH,0.345648733276716,0.06664597718985181,0.0,1.0,0.5026197604790419,1,0,10,4376
A2Y06YSBK1YYWT,0.345648733276716,0.06664597718985181,0.0,1.0,0.5026197604790419,1,0,10,4377
A1QXPDCEU0ZUE,0.345648733276716,0.06664597718985181,0.0,1.0,0.5026197604790419,1,0,10,4378
A189TQGLN9IERW,0.345648733276716,0.06664597718985181,0.0,1.0,0.5026197604790419,1,0,10,4379
A1JTSRG8SU4VFO,0.345648733276716,0.06664597718985181,0.0,1.0,0.5026197604790419,1,2,10,4380
ADTODK0KIOYLP,0.345648733276716,0.06664597718985181,0.0,1.0,0.5026197604790419,1,0,10,4381
AS6OC9WIHIQU0,0.34555517040246453,0.06664597718985181,0.0,1.0,0.5022455089820359,1,0,9,4382
A3LM1NSW9FM8IO,0.34555517040246453,0.06664597718985181,0.0,1.0,0.5022455089820359,1,0,9,4383
AWUBTQZOBGFKK,0.34555517040246453,0.06664597718985181,0.0,1.0,0.5022455089820359,1,45,9,4384
ARWR2O48OIGKH,0.34555517040246453,0.06664597718985181,0.0,1.0,0.5022455089820359,1,46,9,4385
A2P533MRZ7JB2Y,0.34555517040246453,0.06664597718985181,0.0,1.0,0.5022455089820359,1,0,9,4386
A18AW14NE61NOT,0.34555517040246453,0.06664597718985181,0.0,1.0,0.5022455089820359,1,1,9,4387
AFR82BF45HYSU,0.34555517040246453,0.06664597718985181,0.0,1.0,0.5022455089820359,1,8,9,4388
A24MX6O7YJGFBO,0.34555517040246453,0.06664597718985181,0.0,1.0,0.5022455089820359,1,3,9,4389
A12T2YJDP004C2,0.34555517040246453,0.06664597718985181,0.0,1.0,0.5022455089820359,1,1,9,4390
A2DIPUAC4DOZAK,0.34555517040246453,0.06664597718985181,0.0,1.0,0.5022455089820359,1,46,9,4391
A2KFAJY4JA7JQ1,0.34555517040246453,0.06664597718985181,0.0,1.0,0.5022455089820359,1,0,9,4392
A2G88IFSSK591Y,0.34555517040246453,0.06664597718985181,0.0,1.0,0.5022455089820359,1,1,9,4393
A680RUE1FDO8B,0.34555517040246453,0.06664597718985181,0.0,1.0,0.5022455089820359,1,7,9,4394
A6CXO60VYUKL9,0.34555517040246453,0.06664597718985181,0.0,1.0,0.5022455089820359,1,1,9,4395
A19Y5TZ03B0Z7C,0.34555517040246453,0.06664597718985181,0.0,1.0,0.5022455089820359,1,1,9,4396
A1Z6TERCYMMECJ,0.34555517040246453,0.06664597718985181,0.0,1.0,0.5022455089820359,1,2,9,4397
APCX388F6CFFA,0.34555517040246453,0.06664597718985181,0.0,1.0,0.5022455089820359,1,45,9,4398
A27181AF6YYMRF,0.34555517040246453,0.06664597718985181,0.0,1.0,0.5022455089820359,1,0,9,4399
A4JHEO7H330AF,0.34555517040246453,0.06664597718985181,0.0,1.0,0.5022455089820359,1,2,9,4400
A1T6R772Q80FW7,0.34555517040246453,0.06664597718985181,0.0,1.0,0.5022455089820359,1,46,9,4401
A24R30PNVRG4VG,0.34555517040246453,0.06664597718985181,0.0,1.0,0.5022455089820359,1,0,9,4402
A2AG8VKBKJY40R,0.34555517040246453,0.06664597718985181,0.0,1.0,0.5022455089820359,1,0,9,4403
A1EBGQUBPD16Y0,0.34555517040246453,0.06664597718985181,0.0,1.0,0.5022455089820359,1,45,9,4404
A2FUMBORC5EMXG,0.34555517040246453,0.06664597718985181,0.0,1.0,0.5022455089820359,1,7,9,4405
A38ON1MOZNBCGE,0.34555517040246453,0.06664597718985181,0.0,1.0,0.5022455089820359,1,0,9,4406
A32I07L6RTFMUA,0.34555517040246453,0.06664597718985181,0.0,1.0,0.5022455089820359,1,7,9,4407
A2QIDS8473FW29,0.34555517040246453,0.06664597718985181,0.0,1.0,0.5022455089820359,1,46,9,4408
A2WL4FEGN510I7,0.34555517040246453,0.06664597718985181,0.0,1.0,0.5022455089820359,1,0,9,4409
A1I090FC32L88Q,0.34555517040246453,0.06664597718985181,0.0,1.0,0.5022455089820359,1,2,9,4410
A4RC4IF81L71H,0.34555517040246453,0.06664597718985181,0.0,1.0,0.5022455089820359,1,45,9,4411
A3IB1W0SVED0Z3,0.34555517040246453,0.06664597718985181,0.0,1.0,0.5022455089820359,1,0,9,4412
A2FB4H1WFR1GDL,0.34555517040246453,0.06664597718985181,0.0,1.0,0.5022455089820359,1,1,9,4413
A9Y70VN7AHQMT,0.34555517040246453,0.06664597718985181,0.0,1.0,0.5022455089820359,1,0,9,4414
A2F3Q2C4S0TUH5,0.34555517040246453,0.06664597718985181,0.0,1.0,0.5022455089820359,1,2,9,4415
A27HJKSWIJZ131,0.34555517040246453,0.06664597718985181,0.0,1.0,0.5022455089820359,1,46,9,4416
A3GAU6X29L9VTL,0.34555517040246453,0.06664597718985181,0.0,1.0,0.5022455089820359,1,0,9,4417
A3C1GV89DSSCEB,0.34555517040246453,0.06664597718985181,0.0,1.0,0.5022455089820359,1,45,9,4418
A3BOPY9EERVP3G,0.34555517040246453,0.06664597718985181,0.0,1.0,0.5022455089820359,1,45,9,4419
A39V7MMKAIL55K,0.34555517040246453,0.06664597718985181,0.0,1.0,0.5022455089820359,1,0,9,4420
A2EVFD5C3NFKPU,0.34555517040246453,0.06664597718985181,0.0,1.0,0.5022455089820359,1,8,9,4421
A20FMZR1LNNYJS,0.34555517040246453,0.06664597718985181,0.0,1.0,0.5022455089820359,1,2,9,4422
AV0D9NPLN8BIL,0.34555517040246453,0.06664597718985181,0.0,1.0,0.5022455089820359,1,0,9,4423
A3OBZ4F27KV8NO,0.34555517040246453,0.06664597718985181,0.0,1.0,0.5022455089820359,1,2,9,4424
A9MF6OT936TOB,0.34555517040246453,0.06664597718985181,0.0,1.0,0.5022455089820359,1,45,9,4425
A28Y587UOB6VCS,0.34555517040246453,0.06664597718985181,0.0,1.0,0.5022455089820359,1,1,9,4426
A1PYTLRARR1W0K,0.34555517040246453,0.06664597718985181,0.0,1.0,0.5022455089820359,1,45,9,4427
A1CZ8JTF1JCI72,0.34555517040246453,0.06664597718985181,0.0,1.0,0.5022455089820359,1,2,9,4428
A2VW4FYZILSXF2,0.34555517040246453,0.06664597718985181,0.0,1.0,0.5022455089820359,1,0,9,4429
A3THJLGG03GA3S,0.34555517040246453,0.06664597718985181,0.0,1.0,0.5022455089820359,1,2,9,4430
A3DZIDWH11X2BF,0.34547075961101725,0.13331781622572217,0.0,1.0,0.4219016589732024,2,5,155,4431
A2W4X464V5KALG,0.34546160752821303,0.06664597718985181,0.0,1.0,0.5018712574850299,1,14,8,4432
A24HIIPOF1E2EJ,0.34546160752821303,0.06664597718985181,0.0,1.0,0.5018712574850299,1,47,8,4433
A1MG8G1VL8C1WY,0.34546160752821303,0.06664597718985181,0.0,1.0,0.5018712574850299,1,3,8,4434
A21PY549E3M51S,0.34546160752821303,0.06664597718985181,0.0,1.0,0.5018712574850299,1,51,8,4435
A1MLNJK9HDCQLV,0.34546160752821303,0.06664597718985181,0.0,1.0,0.5018712574850299,1,0,8,4436
A2PVD9N0YBE1E3,0.34546160752821303,0.06664597718985181,0.0,1.0,0.5018712574850299,1,0,8,4437
A3J979TOP4933X,0.34546160752821303,0.06664597718985181,0.0,1.0,0.5018712574850299,1,0,8,4438
A3A4WASUJDYCE3,0.34546160752821303,0.06664597718985181,0.0,1.0,0.5018712574850299,1,48,8,4439
A3AGIOKDN01U4U,0.34546160752821303,0.06664597718985181,0.0,1.0,0.5018712574850299,1,47,8,4440
A6HIYEJGCE1MA,0.34546160752821303,0.06664597718985181,0.0,1.0,0.5018712574850299,1,0,8,4441
A2U889P9EBQD3,0.34546160752821303,0.06664597718985181,0.0,1.0,0.5018712574850299,1,0,8,4442
A1665GGGDM0ZPO,0.34546160752821303,0.06664597718985181,0.0,1.0,0.5018712574850299,1,0,8,4443
A3G2MJPURQSCBD,0.34546160752821303,0.06664597718985181,0.0,1.0,0.5018712574850299,1,47,8,4444
A11Y89064TEGQ8,0.34546160752821303,0.06664597718985181,0.0,1.0,0.5018712574850299,1,0,8,4445
A14NIA30HFV68D,0.34546160752821303,0.06664597718985181,0.0,1.0,0.5018712574850299,1,48,8,4446
AN9TLUKFAJHP8,0.34546160752821303,0.06664597718985181,0.0,1.0,0.5018712574850299,1,0,8,4447
A3U648J0AHF50K,0.34546160752821303,0.06664597718985181,0.0,1.0,0.5018712574850299,1,0,8,4448
A1EKSETIBS9ETQ,0.34546160752821303,0.06664597718985181,0.0,1.0,0.5018712574850299,1,3,8,4449
A352GZK70MPY2R,0.34546160752821303,0.06664597718985181,0.0,1.0,0.5018712574850299,1,0,8,4450
A2U4W69NZJT4LD,0.34546160752821303,0.06664597718985181,0.0,1.0,0.5018712574850299,1,8,8,4451
A1B48D0I1M9HBI,0.34546160752821303,0.06664597718985181,0.0,1.0,0.5018712574850299,1,8,8,4452
A3EVTPOJDS5OQ9,0.34546160752821303,0.06664597718985181,0.0,1.0,0.5018712574850299,1,0,8,4453
A2ID51FCQFBOFS,0.34546160752821303,0.06664597718985181,0.0,1.0,0.5018712574850299,1,3,8,4454
AMVW02HD7K4C1,0.34546160752821303,0.06664597718985181,0.0,1.0,0.5018712574850299,1,0,8,4455
AMKXRFHOQZCIQ,0.34546160752821303,0.06664597718985181,0.0,1.0,0.5018712574850299,1,0,8,4456
A19MNLXNDBHI54,0.34546160752821303,0.06664597718985181,0.0,1.0,0.5018712574850299,1,0,8,4457
A2BZF12UZ53GAU,0.34546160752821303,0.06664597718985181,0.0,1.0,0.5018712574850299,1,47,8,4458
A209G57KXCBF4C,0.34546160752821303,0.06664597718985181,0.0,1.0,0.5018712574850299,1,48,8,4459
AHU47OI4QXLEK,0.34546160752821303,0.06664597718985181,0.0,1.0,0.5018712574850299,1,14,8,4460
ABB3GDPNS9TVW,0.34546160752821303,0.06664597718985181,0.0,1.0,0.5018712574850299,1,8,8,4461
A1435P5AMCPB3X,0.34546160752821303,0.06664597718985181,0.0,1.0,0.5018712574850299,1,0,8,4462
AIUGQ4PNB8T6P,0.34546160752821303,0.06664597718985181,0.0,1.0,0.5018712574850299,1,14,8,4463
A11229C4LTJ4JG,0.34546160752821303,0.06664597718985181,0.0,1.0,0.5018712574850299,1,51,8,4464
A1W1V6RD1I9R2D,0.34546160752821303,0.06664597718985181,0.0,1.0,0.5018712574850299,1,14,8,4465
A3RYHP2OYFJ3YC,0.34546160752821303,0.06664597718985181,0.0,1.0,0.5018712574850299,1,8,8,4466
ACW97PWU2VO5D,0.34546160752821303,0.06664597718985181,0.0,1.0,0.5018712574850299,1,51,8,4467
A1DOFBSJT3SSKZ,0.34546160752821303,0.06664597718985181,0.0,1.0,0.5018712574850299,1,8,8,4468
A3HKNAA3578FSZ,0.34546160752821303,0.06664597718985181,0.0,1.0,0.5018712574850299,1,0,8,4469
A32ZNPZDXOK609,0.34546160752821303,0.06664597718985181,0.0,1.0,0.5018712574850299,1,3,8,4470
A1YY7XFFU5IGE8,0.34546160752821303,0.06664597718985181,0.0,1.0,0.5018712574850299,1,2,8,4471
A1ZC0H05U51M3C,0.34546160752821303,0.06664597718985181,0.0,1.0,0.5018712574850299,1,0,8,4472
A38Q2EI3LM24VT,0.34546160752821303,0.06664597718985181,0.0,1.0,0.5018712574850299,1,0,8,4473
A3EU0497R9UFX2,0.34546160752821303,0.06664597718985181,0.0,1.0,0.5018712574850299,1,0,8,4474
A2VCC3QW23GK3S,0.34546160752821303,0.06664597718985181,0.0,1.0,0.5018712574850299,1,47,8,4475
AW37W6PEWFCD7,0.34546160752821303,0.06664597718985181,0.0,1.0,0.5018712574850299,1,0,8,4476
A1SYLII0808HD6,0.34546160752821303,0.06664597718985181,0.0,1.0,0.5018712574850299,1,3,8,4477
A28ZNQA9A9VZNQ,0.34546160752821303,0.06664597718985181,0.0,1.0,0.5018712574850299,1,0,8,4478
A33BVOFXW2WA8M,0.34546160752821303,0.06664597718985181,0.0,1.0,0.5018712574850299,1,0,8,4479
A2DXENZNO2JT4F,0.34546160752821303,0.06664597718985181,0.0,1.0,0.5018712574850299,1,0,8,4480
A1L2OPQR7TTEY9,0.34546160752821303,0.06664597718985181,0.0,1.0,0.5018712574850299,1,0,8,4481
ANS1JBFLGILMF,0.34546160752821303,0.06664597718985181,0.0,1.0,0.5018712574850299,1,0,8,4482
A25TM6Q7ROIR0Y,0.34546160752821303,0.06664597718985181,0.0,1.0,0.5018712574850299,1,0,8,4483
A1D75IF0B4H4L,0.34546160752821303,0.06664597718985181,0.0,1.0,0.5018712574850299,1,0,8,4484
A2I9LWY5PN73YI,0.34546160752821303,0.06664597718985181,0.0,1.0,0.5018712574850299,1,0,8,4485
A35FPAMOA9XI55,0.34546160752821303,0.06664597718985181,0.0,1.0,0.5018712574850299,1,51,8,4486
AEL6CQNQXONBX,0.34546160752821303,0.06664597718985181,0.0,1.0,0.5018712574850299,1,3,8,4487
A2THQCHKR89E16,0.34546160752821303,0.06664597718985181,0.0,1.0,0.5018712574850299,1,48,8,4488
A1J5N0JZIVP4DA,0.34546160752821303,0.06664597718985181,0.0,1.0,0.5018712574850299,1,14,8,4489
A1K6G765GJLOZE,0.34546160752821303,0.06664597718985181,0.0,1.0,0.5018712574850299,1,0,8,4490
ABMZGK7Z5I9N0,0.34546160752821303,0.06664597718985181,0.0,1.0,0.5018712574850299,1,0,8,4491
A12N7MLCZZ797E,0.34546160752821303,0.06664597718985181,0.0,1.0,0.5018712574850299,1,0,8,4492
A158D4T6S70AWO,0.34546160752821303,0.06664597718985181,0.0,1.0,0.5018712574850299,1,48,8,4493
A2AFZNODU90LOV,0.34546160752821303,0.06664597718985181,0.0,1.0,0.5018712574850299,1,47,8,4494
A2JAB206O2PG9J,0.34546160752821303,0.06664597718985181,0.0,1.0,0.5018712574850299,1,0,8,4495
A1EU2HO4Y1SKHQ,0.34546160752821303,0.06664597718985181,0.0,1.0,0.5018712574850299,1,0,8,4496
A451H9FVEZTWR,0.34546160752821303,0.06664597718985181,0.0,1.0,0.5018712574850299,1,0,8,4497
A3R2M5ABAYL63P,0.34546160752821303,0.06664597718985181,0.0,1.0,0.5018712574850299,1,8,8,4498
A22MRNZZGWJXBC,0.34546160752821303,0.06664597718985181,0.0,1.0,0.5018712574850299,1,0,8,4499
A1OZOJ8YVQQZCS,0.34536804465396154,0.06664597718985181,0.0,1.0,0.5014970059880239,1,9,7,4500
AVH94LMMMVXSO,0.34536804465396154,0.06664597718985181,0.0,1.0,0.5014970059880239,1,7,7,4501
A29P1GQGK08W6Z,0.34536804465396154,0.06664597718985181,0.0,1.0,0.5014970059880239,1,4,7,4502
ANY6JUFM0GH8U,0.34536804465396154,0.06664597718985181,0.0,1.0,0.5014970059880239,1,50,7,4503
ACCUPJZUVRNT1,0.34536804465396154,0.06664597718985181,0.0,1.0,0.5014970059880239,1,0,7,4504
A1F234IKW8X91O,0.34536804465396154,0.06664597718985181,0.0,1.0,0.5014970059880239,1,0,7,4505
AXGSXTSBRGDMZ,0.34536804465396154,0.06664597718985181,0.0,1.0,0.5014970059880239,1,0,7,4506
AGQIQ1TEW7H5R,0.34536804465396154,0.06664597718985181,0.0,1.0,0.5014970059880239,1,49,7,4507
AWYSI7X29SQ9D,0.34536804465396154,0.06664597718985181,0.0,1.0,0.5014970059880239,1,2,7,4508
A3RIRRJ44LGVDA,0.34536804465396154,0.06664597718985181,0.0,1.0,0.5014970059880239,1,12,7,4509
A2X0T8HIOCL0AM,0.34536804465396154,0.06664597718985181,0.0,1.0,0.5014970059880239,1,0,7,4510
A3HICVLF4PFFMN,0.34536804465396154,0.06664597718985181,0.0,1.0,0.5014970059880239,1,50,7,4511
A2682BOZU0ZTCF,0.34536804465396154,0.06664597718985181,0.0,1.0,0.5014970059880239,1,7,7,4512
A1ETGPDALZIMVA,0.34536804465396154,0.06664597718985181,0.0,1.0,0.5014970059880239,1,49,7,4513
A2B8GN9RVQ0EFA,0.34536804465396154,0.06664597718985181,0.0,1.0,0.5014970059880239,1,9,7,4514
A2PN8S9QT7INHE,0.34536804465396154,0.06664597718985181,0.0,1.0,0.5014970059880239,1,0,7,4515
A34T45LDD85VZ7,0.34536804465396154,0.06664597718985181,0.0,1.0,0.5014970059880239,1,0,7,4516
AEW6F162PSLDH,0.34536804465396154,0.06664597718985181,0.0,1.0,0.5014970059880239,1,0,7,4517
AAEEXHRP4QBQ1,0.34536804465396154,0.06664597718985181,0.0,1.0,0.5014970059880239,1,0,7,4518
AZD7C4ZW00YKH,0.34536804465396154,0.06664597718985181,0.0,1.0,0.5014970059880239,1,0,7,4519
A3DQWFWINN3V5A,0.34536804465396154,0.06664597718985181,0.0,1.0,0.5014970059880239,1,0,7,4520
A38AAY3HJVHZAU,0.34536804465396154,0.06664597718985181,0.0,1.0,0.5014970059880239,1,9,7,4521
A3A53X9NSO3M4Z,0.34536804465396154,0.06664597718985181,0.0,1.0,0.5014970059880239,1,49,7,4522
A3A0ULRM4SEHG3,0.34536804465396154,0.06664597718985181,0.0,1.0,0.5014970059880239,1,0,7,4523
AXUY77QFQ14FY,0.34536804465396154,0.06664597718985181,0.0,1.0,0.5014970059880239,1,0,7,4524
AHNDWVX0WCDXG,0.34536804465396154,0.06664597718985181,0.0,1.0,0.5014970059880239,1,0,7,4525
A1AMCR6ISCN2Z6,0.34536804465396154,0.06664597718985181,0.0,1.0,0.5014970059880239,1,0,7,4526
APOFQFXC8K645,0.34536804465396154,0.06664597718985181,0.0,1.0,0.5014970059880239,1,12,7,4527
A2WAU01PM6FPD9,0.34536804465396154,0.06664597718985181,0.0,1.0,0.5014970059880239,1,7,7,4528
AL5KR6BEIDL1G,0.34536804465396154,0.06664597718985181,0.0,1.0,0.5014970059880239,1,0,7,4529
A2R7LGGF0XYJGK,0.34536804465396154,0.06664597718985181,0.0,1.0,0.5014970059880239,1,0,7,4530
AQE2B2QSZG0HY,0.34536804465396154,0.06664597718985181,0.0,1.0,0.5014970059880239,1,0,7,4531
AFKEI3OEU5U85,0.34536804465396154,0.06664597718985181,0.0,1.0,0.5014970059880239,1,0,7,4532
A2R5CUTW2NJ3G,0.34536804465396154,0.06664597718985181,0.0,1.0,0.5014970059880239,1,49,7,4533
A601IGAG8FWGW,0.34536804465396154,0.06664597718985181,0.0,1.0,0.5014970059880239,1,0,7,4534
A3E6JBXN9KFHRX,0.34536804465396154,0.06664597718985181,0.0,1.0,0.5014970059880239,1,49,7,4535
A3EDICFQJDXT7L,0.34536804465396154,0.06664597718985181,0.0,1.0,0.5014970059880239,1,2,7,4536
A3QZ6BFXJK88RK,0.34536804465396154,0.06664597718985181,0.0,1.0,0.5014970059880239,1,0,7,4537
A3KHS6CXBTP1DM,0.34536804465396154,0.06664597718985181,0.0,1.0,0.5014970059880239,1,0,7,4538
AIU93YMNWEKI7,0.34536804465396154,0.06664597718985181,0.0,1.0,0.5014970059880239,1,0,7,4539
A28GOYAWYITYYJ,0.34536804465396154,0.06664597718985181,0.0,1.0,0.5014970059880239,1,0,7,4540
A3TUZOJZM9008Y,0.34536804465396154,0.06664597718985181,0.0,1.0,0.5014970059880239,1,0,7,4541
A33R77IXUMAGL6,0.34536804465396154,0.06664597718985181,0.0,1.0,0.5014970059880239,1,0,7,4542
A3EPJSPH03AS29,0.34536804465396154,0.06664597718985181,0.0,1.0,0.5014970059880239,1,9,7,4543
AWMFKTA75KJQB,0.34536804465396154,0.06664597718985181,0.0,1.0,0.5014970059880239,1,0,7,4544
A4L0UD2AWHART,0.34536804465396154,0.06664597718985181,0.0,1.0,0.5014970059880239,1,9,7,4545
A4G4AWDVJ8XCJ,0.34536804465396154,0.06664597718985181,0.0,1.0,0.5014970059880239,1,4,7,4546
A10Y058K7B96C6,0.34536804465396154,0.06664597718985181,0.0,1.0,0.5014970059880239,1,49,7,4547
A1602WP8OHESZD,0.34536804465396154,0.06664597718985181,0.0,1.0,0.5014970059880239,1,12,7,4548
A1LX9GSMN66L7E,0.34536804465396154,0.06664597718985181,0.0,1.0,0.5014970059880239,1,0,7,4549
ASKH6TPNTTAFS,0.34536804465396154,0.06664597718985181,0.0,1.0,0.5014970059880239,1,0,7,4550
A22ZH10HU692PZ,0.34536804465396154,0.06664597718985181,0.0,1.0,0.5014970059880239,1,7,7,4551
A2E4JRA6MHBR4F,0.34536804465396154,0.06664597718985181,0.0,1.0,0.5014970059880239,1,0,7,4552
AMZCZBK1EF1PV,0.34536804465396154,0.06664597718985181,0.0,1.0,0.5014970059880239,1,0,7,4553
A1IEFXS4C1TSB8,0.34536804465396154,0.06664597718985181,0.0,1.0,0.5014970059880239,1,7,7,4554
A19RD443T9F1WX,0.34536804465396154,0.06664597718985181,0.0,1.0,0.5014970059880239,1,7,7,4555
A9U3398HENJBM,0.34536804465396154,0.06664597718985181,0.0,1.0,0.5014970059880239,1,7,7,4556
A2HW2SL0WG09OR,0.34536804465396154,0.06664597718985181,0.0,1.0,0.5014970059880239,1,0,7,4557
A1PACH221DODGO,0.34536804465396154,0.06664597718985181,0.0,1.0,0.5014970059880239,1,49,7,4558
A2HGQNXVQ8DPA8,0.34536804465396154,0.06664597718985181,0.0,1.0,0.5014970059880239,1,0,7,4559
ARJ1P9IS56IE4,0.34536804465396154,0.06664597718985181,0.0,1.0,0.5014970059880239,1,0,7,4560
A3U5VP06Q1W4DB,0.34536804465396154,0.06664597718985181,0.0,1.0,0.5014970059880239,1,0,7,4561
A27R1FLUS2KTIX,0.34536804465396154,0.06664597718985181,0.0,1.0,0.5014970059880239,1,4,7,4562
AIHIEVDST65Q1,0.34536804465396154,0.06664597718985181,0.0,1.0,0.5014970059880239,1,0,7,4563
A2TXTO6FBY2EB4,0.34536804465396154,0.06664597718985181,0.0,1.0,0.5014970059880239,1,0,7,4564
ANSKSPEEAKY7S,0.34536804465396154,0.06664597718985181,0.0,1.0,0.5014970059880239,1,50,7,4565
A30LT7I4GHR1H2,0.34536804465396154,0.06664597718985181,0.0,1.0,0.5014970059880239,1,0,7,4566
A2EHRDDOVUN7PN,0.34536804465396154,0.06664597718985181,0.0,1.0,0.5014970059880239,1,0,7,4567
A3OZQGMISIJK61,0.34536804465396154,0.06664597718985181,0.0,1.0,0.5014970059880239,1,2,7,4568
A3U4LQGN5AE9DO,0.34536804465396154,0.06664597718985181,0.0,1.0,0.5014970059880239,1,0,7,4569
A3FP9141P7DHT6,0.34527448177971004,0.06664597718985181,0.0,1.0,0.501122754491018,1,57,6,4570
A184HKN286B6XS,0.34527448177971004,0.06664597718985181,0.0,1.0,0.501122754491018,1,4,6,4571
A2SPV96SGOEO2,0.34527448177971004,0.06664597718985181,0.0,1.0,0.501122754491018,1,14,6,4572
AR87CWP6KEL4A,0.34527448177971004,0.06664597718985181,0.0,1.0,0.501122754491018,1,53,6,4573
A19HT7YC1UW3D6,0.34527448177971004,0.06664597718985181,0.0,1.0,0.501122754491018,1,53,6,4574
A4QBJJ9YC59WE,0.34527448177971004,0.06664597718985181,0.0,1.0,0.501122754491018,1,0,6,4575
AOCOIFM61SA7F,0.34527448177971004,0.06664597718985181,0.0,1.0,0.501122754491018,1,56,6,4576
A1U6C4G5YT51E,0.34527448177971004,0.06664597718985181,0.0,1.0,0.501122754491018,1,10,6,4577
A58HIMN3EW2NN,0.34527448177971004,0.06664597718985181,0.0,1.0,0.501122754491018,1,25,6,4578
AN7ZTHQEJLJW,0.34527448177971004,0.06664597718985181,0.0,1.0,0.501122754491018,1,0,6,4579
A3PUCUV4ORFEAJ,0.34527448177971004,0.06664597718985181,0.0,1.0,0.501122754491018,1,0,6,4580
A3PL8ENSYWS1PZ,0.34527448177971004,0.06664597718985181,0.0,1.0,0.501122754491018,1,4,6,4581
A2I1V1XF9Z3JFT,0.34527448177971004,0.06664597718985181,0.0,1.0,0.501122754491018,1,17,6,4582
A22Y586YTVSY10,0.34527448177971004,0.06664597718985181,0.0,1.0,0.501122754491018,1,10,6,4583
A1W5G9ITZQ64TN,0.34527448177971004,0.06664597718985181,0.0,1.0,0.501122754491018,1,52,6,4584
A2SHQJP6PNQTLD,0.34527448177971004,0.06664597718985181,0.0,1.0,0.501122754491018,1,0,6,4585
AOHG53ZO6BJ7R,0.34527448177971004,0.06664597718985181,0.0,1.0,0.501122754491018,1,54,6,4586
A1W0CHSU0O5VUK,0.34527448177971004,0.06664597718985181,0.0,1.0,0.501122754491018,1,53,6,4587
A3V3JVJ9NJYBBI,0.34527448177971004,0.06664597718985181,0.0,1.0,0.501122754491018,1,0,6,4588
A1OFU9LH1ZHQ3M,0.34527448177971004,0.06664597718985181,0.0,1.0,0.501122754491018,1,0,6,4589
A25SPTJVZ8DT1Z,0.34527448177971004,0.06664597718985181,0.0,1.0,0.501122754491018,1,0,6,4590
A3U2L3V3MOEYLC,0.34527448177971004,0.06664597718985181,0.0,1.0,0.501122754491018,1,14,6,4591
A3U0GO1FYQ87FE,0.34527448177971004,0.06664597718985181,0.0,1.0,0.501122754491018,1,0,6,4592
A22G6CZZXS4MZ8,0.34527448177971004,0.06664597718985181,0.0,1.0,0.501122754491018,1,0,6,4593
A2V8VLTPY3W01E,0.34527448177971004,0.06664597718985181,0.0,1.0,0.501122754491018,1,10,6,4594
AOMD90U7TEAP6,0.34527448177971004,0.06664597718985181,0.0,1.0,0.501122754491018,1,0,6,4595
A5RESRBCJXMOM,0.34527448177971004,0.06664597718985181,0.0,1.0,0.501122754491018,1,54,6,4596
A28DFWTBTUDAJJ,0.34527448177971004,0.06664597718985181,0.0,1.0,0.501122754491018,1,56,6,4597
A284KBVQ4OSZR,0.34527448177971004,0.06664597718985181,0.0,1.0,0.501122754491018,1,0,6,4598
A2ITS3FO21AYA3,0.34527448177971004,0.06664597718985181,0.0,1.0,0.501122754491018,1,52,6,4599
A33UIQMVOBGFS8,0.34527448177971004,0.06664597718985181,0.0,1.0,0.501122754491018,1,0,6,4600
A22966W52J34CH,0.34527448177971004,0.06664597718985181,0.0,1.0,0.501122754491018,1,54,6,4601
A37AO20OXS51QA,0.34527448177971004,0.06664597718985181,0.0,1.0,0.501122754491018,1,58,6,4602
A3735ONQL764JD,0.34527448177971004,0.06664597718985181,0.0,1.0,0.501122754491018,1,56,6,4603
A2YULFEPE7QEHB,0.34527448177971004,0.06664597718985181,0.0,1.0,0.501122754491018,1,4,6,4604
A2ZCKOJM6MOBVY,0.34527448177971004,0.06664597718985181,0.0,1.0,0.501122754491018,1,25,6,4605
ASQIJSJUYE00F,0.34527448177971004,0.06664597718985181,0.0,1.0,0.501122754491018,1,0,6,4606
A1GDAIVRFY8832,0.34527448177971004,0.06664597718985181,0.0,1.0,0.501122754491018,1,0,6,4607
A2Z5WCWTUTWFO9,0.34527448177971004,0.06664597718985181,0.0,1.0,0.501122754491018,1,5,6,4608
A1PSBR1T610QYI,0.34527448177971004,0.06664597718985181,0.0,1.0,0.501122754491018,1,55,6,4609
A3EKNB6HM09LN8,0.34527448177971004,0.06664597718985181,0.0,1.0,0.501122754491018,1,0,6,4610
A2HGEG82645YF4,0.34527448177971004,0.06664597718985181,0.0,1.0,0.501122754491018,1,57,6,4611
A1D1MIFRSG50Y3,0.34527448177971004,0.06664597718985181,0.0,1.0,0.501122754491018,1,10,6,4612
A1M26RAR1R86S4,0.34527448177971004,0.06664597718985181,0.0,1.0,0.501122754491018,1,0,6,4613
AL5V0IGIPIBEJ,0.34527448177971004,0.06664597718985181,0.0,1.0,0.501122754491018,1,0,6,4614
A37GFV0AL784BL,0.34527448177971004,0.06664597718985181,0.0,1.0,0.501122754491018,1,0,6,4615
A1XP2TMQOYBPE3,0.34527448177971004,0.06664597718985181,0.0,1.0,0.501122754491018,1,0,6,4616
A2QBZTG2TIZDER,0.34527448177971004,0.06664597718985181,0.0,1.0,0.501122754491018,1,0,6,4617
A33FZNPF0TRLYN,0.34527448177971004,0.06664597718985181,0.0,1.0,0.501122754491018,1,53,6,4618
A33FS5H3CPDR6D,0.34527448177971004,0.06664597718985181,0.0,1.0,0.501122754491018,1,52,6,4619
AK21M2AE4U71T,0.34527448177971004,0.06664597718985181,0.0,1.0,0.501122754491018,1,57,6,4620
A25X0R6758CLWJ,0.34527448177971004,0.06664597718985181,0.0,1.0,0.501122754491018,1,58,6,4621
AY1KGMCPIZRBP,0.34527448177971004,0.06664597718985181,0.0,1.0,0.501122754491018,1,57,6,4622
A3UURD9IGGUGW9,0.34527448177971004,0.06664597718985181,0.0,1.0,0.501122754491018,1,25,6,4623
A13B39ZS8W9SQO,0.34527448177971004,0.06664597718985181,0.0,1.0,0.501122754491018,1,56,6,4624
A1DARGMU0J830E,0.34527448177971004,0.06664597718985181,0.0,1.0,0.501122754491018,1,0,6,4625
A111XJY4XSDIY9,0.34527448177971004,0.06664597718985181,0.0,1.0,0.501122754491018,1,0,6,4626
A2PC1YCLTB3EY9,0.34527448177971004,0.06664597718985181,0.0,1.0,0.501122754491018,1,54,6,4627
A3S68WYZ3UWRVH,0.34527448177971004,0.06664597718985181,0.0,1.0,0.501122754491018,1,25,6,4628
A188SIPN9JC3HE,0.34527448177971004,0.06664597718985181,0.0,1.0,0.501122754491018,1,0,6,4629
A1DS1VQA47ACCC,0.34527448177971004,0.06664597718985181,0.0,1.0,0.501122754491018,1,0,6,4630
A2GRYN2DYGFM8L,0.34527448177971004,0.06664597718985181,0.0,1.0,0.501122754491018,1,53,6,4631
A3MJ1OH04JQNQF,0.34527448177971004,0.06664597718985181,0.0,1.0,0.501122754491018,1,53,6,4632
A3MFEMJQQJDWMS,0.34527448177971004,0.06664597718985181,0.0,1.0,0.501122754491018,1,0,6,4633
A3M8N1L4WAMJG4,0.34527448177971004,0.06664597718985181,0.0,1.0,0.501122754491018,1,57,6,4634
A1YDI2SNP4CISY,0.34527448177971004,0.06664597718985181,0.0,1.0,0.501122754491018,1,0,6,4635
A1EFAJ4Q7XFJWD,0.34527448177971004,0.06664597718985181,0.0,1.0,0.501122754491018,1,55,6,4636
A3I88OJ7DVC4RN,0.34527448177971004,0.06664597718985181,0.0,1.0,0.501122754491018,1,0,6,4637
A1YXBYJCCS0R3A,0.34527448177971004,0.06664597718985181,0.0,1.0,0.501122754491018,1,57,6,4638
A1MWYPWY444AHF,0.34527448177971004,0.06664597718985181,0.0,1.0,0.501122754491018,1,0,6,4639
A1Z45DENVX2PQ1,0.34527448177971004,0.06664597718985181,0.0,1.0,0.501122754491018,1,0,6,4640
AJLUJQ4CWUEIR,0.34527448177971004,0.06664597718985181,0.0,1.0,0.501122754491018,1,56,6,4641
A2AP059CCLBWPU,0.34527448177971004,0.06664597718985181,0.0,1.0,0.501122754491018,1,0,6,4642
AJA31UYVQP4UI,0.34527448177971004,0.06664597718985181,0.0,1.0,0.501122754491018,1,0,6,4643
A2690TEJA2N778,0.34527448177971004,0.06664597718985181,0.0,1.0,0.501122754491018,1,0,6,4644
A1N03V52IRZ5PR,0.34527448177971004,0.06664597718985181,0.0,1.0,0.501122754491018,1,52,6,4645
A3LAUF321KERYB,0.34527448177971004,0.06664597718985181,0.0,1.0,0.501122754491018,1,17,6,4646
A10G7GOD9ZWVVV,0.34527448177971004,0.06664597718985181,0.0,1.0,0.501122754491018,1,54,6,4647
A12UQZS58C1DQ6,0.34527448177971004,0.06664597718985181,0.0,1.0,0.501122754491018,1,56,6,4648
A2YCJJV1QEO655,0.34527448177971004,0.06664597718985181,0.0,1.0,0.501122754491018,1,57,6,4649
ASY25YMTIC2A9,0.34527448177971004,0.06664597718985181,0.0,1.0,0.501122754491018,1,0,6,4650
A172O6GT6GLUIB,0.34527448177971004,0.06664597718985181,0.0,1.0,0.501122754491018,1,54,6,4651
A850S0PK7OMFU,0.34527448177971004,0.06664597718985181,0.0,1.0,0.501122754491018,1,10,6,4652
AEPTZ4SG6U3UE,0.34527448177971004,0.06664597718985181,0.0,1.0,0.501122754491018,1,58,6,4653
AC8E3L5ZM01P,0.34527448177971004,0.06664597718985181,0.0,1.0,0.501122754491018,1,10,6,4654
A1HHME9SRDVXWB,0.34527448177971004,0.06664597718985181,0.0,1.0,0.501122754491018,1,0,6,4655
AI0JF9AJC1GD0,0.34527448177971004,0.06664597718985181,0.0,1.0,0.501122754491018,1,0,6,4656
A3UPYGJKZ0XTU4,0.34527448177971004,0.06664597718985181,0.0,1.0,0.501122754491018,1,0,6,4657
AYQLU316XEFAG,0.34527448177971004,0.06664597718985181,0.0,1.0,0.501122754491018,1,58,6,4658
A18U8ASOYBRF53,0.34527448177971004,0.06664597718985181,0.0,1.0,0.501122754491018,1,0,6,4659
A2TVJ0YDW3QO63,0.34527448177971004,0.06664597718985181,0.0,1.0,0.501122754491018,1,0,6,4660
A2EQDEKD20ZLGD,0.34527448177971004,0.06664597718985181,0.0,1.0,0.501122754491018,1,54,6,4661
A3UCD1OMXG96OR,0.34527448177971004,0.06664597718985181,0.0,1.0,0.501122754491018,1,0,6,4662
A2MD10BMUUTCV2,0.34527448177971004,0.06664597718985181,0.0,1.0,0.501122754491018,1,55,6,4663
AZ1RAP7SF84I3,0.34527448177971004,0.06664597718985181,0.0,1.0,0.501122754491018,1,0,6,4664
A20KJABXJLXG9G,0.34527448177971004,0.06664597718985181,0.0,1.0,0.501122754491018,1,0,6,4665
A1HCMIM33ZPNWR,0.34527448177971004,0.06664597718985181,0.0,1.0,0.501122754491018,1,0,6,4666
A3A1B23YB8VB8X,0.34518091890545854,0.06664597718985181,0.0,1.0,0.500748502994012,1,0,5,4667
A3J7XPPQH4W2O3,0.34518091890545854,0.06664597718985181,0.0,1.0,0.500748502994012,1,1,5,4668
AIBSG1S4OFJH6,0.34518091890545854,0.06664597718985181,0.0,1.0,0.500748502994012,1,0,5,4669
A1OMXVXXP07F05,0.34518091890545854,0.06664597718985181,0.0,1.0,0.500748502994012,1,60,5,4670
A3J3GRH2JJ8KO2,0.34518091890545854,0.06664597718985181,0.0,1.0,0.500748502994012,1,0,5,4671
A76DRAEKZTT62,0.34518091890545854,0.06664597718985181,0.0,1.0,0.500748502994012,1,0,5,4672
AR1J3PPLB886B,0.34518091890545854,0.06664597718985181,0.0,1.0,0.500748502994012,1,64,5,4673
A3D2VIUT2HWP0Z,0.34518091890545854,0.06664597718985181,0.0,1.0,0.500748502994012,1,59,5,4674
A32B969NDCPVWQ,0.34518091890545854,0.06664597718985181,0.0,1.0,0.500748502994012,1,0,5,4675
A38UKFBS0Y3KZY,0.34518091890545854,0.06664597718985181,0.0,1.0,0.500748502994012,1,2,5,4676
A1ZRKRDFWG1TC,0.34518091890545854,0.06664597718985181,0.0,1.0,0.500748502994012,1,5,5,4677
A3CL82UITQJLWS,0.34518091890545854,0.06664597718985181,0.0,1.0,0.500748502994012,1,0,5,4678
A2FOF0GY8A3U3,0.34518091890545854,0.06664597718985181,0.0,1.0,0.500748502994012,1,0,5,4679
A1QWGPBP61DPQP,0.34518091890545854,0.06664597718985181,0.0,1.0,0.500748502994012,1,62,5,4680
A3AXXUSU4KJQ6R,0.34518091890545854,0.06664597718985181,0.0,1.0,0.500748502994012,1,66,5,4681
A1Q587F0FDB3EV,0.34518091890545854,0.06664597718985181,0.0,1.0,0.500748502994012,1,2,5,4682
A3STNU0QG5IMCY,0.34518091890545854,0.06664597718985181,0.0,1.0,0.500748502994012,1,67,5,4683
A2GDMNWEJ3F8SO,0.34518091890545854,0.06664597718985181,0.0,1.0,0.500748502994012,1,0,5,4684
A38GZ9522SW4T3,0.34518091890545854,0.06664597718985181,0.0,1.0,0.500748502994012,1,23,5,4685
A28Y1YD0QK88M5,0.34518091890545854,0.06664597718985181,0.0,1.0,0.500748502994012,1,5,5,4686
A1MMEARDASNIA0,0.34518091890545854,0.06664597718985181,0.0,1.0,0.500748502994012,1,0,5,4687
A2KKVYSLUE5JFR,0.34518091890545854,0.06664597718985181,0.0,1.0,0.500748502994012,1,2,5,4688
A1AOM32TWI2BN9,0.34518091890545854,0.06664597718985181,0.0,1.0,0.500748502994012,1,0,5,4689
A2W3JMA1P62IXL,0.34518091890545854,0.06664597718985181,0.0,1.0,0.500748502994012,1,0,5,4690
A1MH0S2LR24DGH,0.34518091890545854,0.06664597718985181,0.0,1.0,0.500748502994012,1,0,5,4691
A31KBA8LLZIDS2,0.34518091890545854,0.06664597718985181,0.0,1.0,0.500748502994012,1,62,5,4692
A2YIMB2LF7HH1C,0.34518091890545854,0.06664597718985181,0.0,1.0,0.500748502994012,1,0,5,4693
A1NS6O584WD5FJ,0.34518091890545854,0.06664597718985181,0.0,1.0,0.500748502994012,1,61,5,4694
A23JXBO3D3ELAA,0.34518091890545854,0.06664597718985181,0.0,1.0,0.500748502994012,1,6,5,4695
A209QRVZ99UQDC,0.34518091890545854,0.06664597718985181,0.0,1.0,0.500748502994012,1,0,5,4696
AXYGT3CBHC1WA,0.34518091890545854,0.06664597718985181,0.0,1.0,0.500748502994012,1,0,5,4697
A326F2HO1FPAPB,0.34518091890545854,0.06664597718985181,0.0,1.0,0.500748502994012,1,59,5,4698
AQDNQLKMG7HBX,0.34518091890545854,0.06664597718985181,0.0,1.0,0.500748502994012,1,0,5,4699
A11617B1NW474D,0.34518091890545854,0.06664597718985181,0.0,1.0,0.500748502994012,1,0,5,4700
A2OD0GJGVMA07I,0.34518091890545854,0.06664597718985181,0.0,1.0,0.500748502994012,1,0,5,4701
A2WWF532XMFHRE,0.34518091890545854,0.06664597718985181,0.0,1.0,0.500748502994012,1,62,5,4702
AXN9VY5129WYT,0.34518091890545854,0.06664597718985181,0.0,1.0,0.500748502994012,1,10,5,4703
A203OCQQ12MAVT,0.34518091890545854,0.06664597718985181,0.0,1.0,0.500748502994012,1,64,5,4704
A3KKMR2NISUND4,0.34518091890545854,0.06664597718985181,0.0,1.0,0.500748502994012,1,0,5,4705
AHVLDNLA5IRQ1,0.34518091890545854,0.06664597718985181,0.0,1.0,0.500748502994012,1,0,5,4706
A2N07D07YVB08S,0.34518091890545854,0.06664597718985181,0.0,1.0,0.500748502994012,1,0,5,4707
A2KE3HCVYS1GH1,0.34518091890545854,0.06664597718985181,0.0,1.0,0.500748502994012,1,0,5,4708
A32TEHZX11HR1A,0.34518091890545854,0.06664597718985181,0.0,1.0,0.500748502994012,1,0,5,4709
A2NZB5S3QTQRVS,0.34518091890545854,0.06664597718985181,0.0,1.0,0.500748502994012,1,2,5,4710
A26WI0BMA91S32,0.34518091890545854,0.06664597718985181,0.0,1.0,0.500748502994012,1,2,5,4711
A33IJGLTVS5MDS,0.34518091890545854,0.06664597718985181,0.0,1.0,0.500748502994012,1,59,5,4712
A3RLSF1NC70JRK,0.34518091890545854,0.06664597718985181,0.0,1.0,0.500748502994012,1,0,5,4713
A2211XQCAX9TD4,0.34518091890545854,0.06664597718985181,0.0,1.0,0.500748502994012,1,0,5,4714
A2B37JAQUAZ29N,0.34518091890545854,0.06664597718985181,0.0,1.0,0.500748502994012,1,2,5,4715
A2UWPPU5GZLMQZ,0.34518091890545854,0.06664597718985181,0.0,1.0,0.500748502994012,1,62,5,4716
A2QZP0Q6G02AFZ,0.34518091890545854,0.06664597718985181,0.0,1.0,0.500748502994012,1,63,5,4717
A2VBJ937PKSBG8,0.34518091890545854,0.06664597718985181,0.0,1.0,0.500748502994012,1,0,5,4718
A4O7NPE5C5DS9,0.34518091890545854,0.06664597718985181,0.0,1.0,0.500748502994012,1,1,5,4719
A3Q0D8U4I1FCRM,0.34518091890545854,0.06664597718985181,0.0,1.0,0.500748502994012,1,0,5,4720
A230F2ZKGFGY8A,0.34518091890545854,0.06664597718985181,0.0,1.0,0.500748502994012,1,62,5,4721
A3GCULBJ04IYA2,0.34518091890545854,0.06664597718985181,0.0,1.0,0.500748502994012,1,63,5,4722
A3GAJB5Y9XCLHU,0.34518091890545854,0.06664597718985181,0.0,1.0,0.500748502994012,1,66,5,4723
A5F4K8GULBUYL,0.34518091890545854,0.06664597718985181,0.0,1.0,0.500748502994012,1,63,5,4724
A27MW1FQ52O87S,0.34518091890545854,0.06664597718985181,0.0,1.0,0.500748502994012,1,6,5,4725
AUQQWQ5GTVKTQ,0.34518091890545854,0.06664597718985181,0.0,1.0,0.500748502994012,1,0,5,4726
ANUB9JPLMT41O,0.34518091890545854,0.06664597718985181,0.0,1.0,0.500748502994012,1,5,5,4727
A230PPNNJYJ6HR,0.34518091890545854,0.06664597718985181,0.0,1.0,0.500748502994012,1,10,5,4728
A1OTANPNRO4UNJ,0.34518091890545854,0.06664597718985181,0.0,1.0,0.500748502994012,1,6,5,4729
A1U074CMWNWS7W,0.34518091890545854,0.06664597718985181,0.0,1.0,0.500748502994012,1,6,5,4730
A1TQBAHI3M4ZBQ,0.34518091890545854,0.06664597718985181,0.0,1.0,0.500748502994012,1,66,5,4731
AN151W7OXZERY,0.34518091890545854,0.06664597718985181,0.0,1.0,0.500748502994012,1,2,5,4732
AVPDFPMZK4Q65,0.34518091890545854,0.06664597718985181,0.0,1.0,0.500748502994012,1,0,5,4733
A2TER9CFVU6V93,0.34518091890545854,0.06664597718985181,0.0,1.0,0.500748502994012,1,7,5,4734
A1H9UFWNIWTPFV,0.34518091890545854,0.06664597718985181,0.0,1.0,0.500748502994012,1,65,5,4735
A3OVFH1ACP273D,0.34518091890545854,0.06664597718985181,0.0,1.0,0.500748502994012,1,66,5,4736
A108EEYSHGDL6O,0.34518091890545854,0.06664597718985181,0.0,1.0,0.500748502994012,1,63,5,4737
AVGNO39FVLP3F,0.34518091890545854,0.06664597718985181,0.0,1.0,0.500748502994012,1,0,5,4738
A2LMVRUCHB6G8K,0.34518091890545854,0.06664597718985181,0.0,1.0,0.500748502994012,1,66,5,4739
A1EIFZLXET92Q2,0.34518091890545854,0.06664597718985181,0.0,1.0,0.500748502994012,1,2,5,4740
AFCD2VYPAWKNG,0.34518091890545854,0.06664597718985181,0.0,1.0,0.500748502994012,1,0,5,4741
A7LUFZI7XDT9Z,0.34518091890545854,0.06664597718985181,0.0,1.0,0.500748502994012,1,0,5,4742
A3IS6HB3B4M2YF,0.34518091890545854,0.06664597718985181,0.0,1.0,0.500748502994012,1,0,5,4743
A29BHRFANZXQ3C,0.34518091890545854,0.06664597718985181,0.0,1.0,0.500748502994012,1,64,5,4744
A3JR1HTAZYM9K4,0.34518091890545854,0.06664597718985181,0.0,1.0,0.500748502994012,1,12,5,4745
AR6X6ZNF1XN5X,0.34518091890545854,0.06664597718985181,0.0,1.0,0.500748502994012,1,67,5,4746
A1L65N1MS8WRGZ,0.34518091890545854,0.06664597718985181,0.0,1.0,0.500748502994012,1,0,5,4747
A13LR4L955N2NI,0.34518091890545854,0.06664597718985181,0.0,1.0,0.500748502994012,1,2,5,4748
A2CYDCJKZ7F0IO,0.34518091890545854,0.06664597718985181,0.0,1.0,0.500748502994012,1,0,5,4749
A8PEBDJYN6B16,0.34518091890545854,0.06664597718985181,0.0,1.0,0.500748502994012,1,7,5,4750
A1AUYEJD621EHQ,0.34518091890545854,0.06664597718985181,0.0,1.0,0.500748502994012,1,0,5,4751
A28DUP3ZYFS6NH,0.34518091890545854,0.06664597718985181,0.0,1.0,0.500748502994012,1,2,5,4752
A1TDU9KYO4EFE4,0.34518091890545854,0.06664597718985181,0.0,1.0,0.500748502994012,1,2,5,4753
A2HRWONDPECN9L,0.34518091890545854,0.06664597718985181,0.0,1.0,0.500748502994012,1,0,5,4754
A1LYN3ZK230TGE,0.34518091890545854,0.06664597718985181,0.0,1.0,0.500748502994012,1,0,5,4755
A7Y64ICNNWLZ2,0.34518091890545854,0.06664597718985181,0.0,1.0,0.500748502994012,1,12,5,4756
A2MMTMB7CKROY0,0.34518091890545854,0.06664597718985181,0.0,1.0,0.500748502994012,1,0,5,4757
A3TXZJQWCPYNVS,0.34518091890545854,0.06664597718985181,0.0,1.0,0.500748502994012,1,66,5,4758
A2MMPAHJUJAVWV,0.34518091890545854,0.06664597718985181,0.0,1.0,0.500748502994012,1,64,5,4759
A2BH9DHKBIBDX3,0.34518091890545854,0.06664597718985181,0.0,1.0,0.500748502994012,1,63,5,4760
ADIEPB0AZ4RHE,0.34518091890545854,0.06664597718985181,0.0,1.0,0.500748502994012,1,0,5,4761
A2V2XRUGEYYCGG,0.34518091890545854,0.06664597718985181,0.0,1.0,0.500748502994012,1,6,5,4762
A30XCXBX58I43B,0.34518091890545854,0.06664597718985181,0.0,1.0,0.500748502994012,1,10,5,4763
A155E6PQ1EO3NO,0.34518091890545854,0.06664597718985181,0.0,1.0,0.500748502994012,1,0,5,4764
A1F3A3MMY54FUP,0.34518091890545854,0.06664597718985181,0.0,1.0,0.500748502994012,1,23,5,4765
A3JXARXF2KGBIS,0.34518091890545854,0.06664597718985181,0.0,1.0,0.500748502994012,1,64,5,4766
A2VME004JAPD41,0.34518091890545854,0.06664597718985181,0.0,1.0,0.500748502994012,1,2,5,4767
AM004PHO6F3FZ,0.34518091890545854,0.06664597718985181,0.0,1.0,0.500748502994012,1,0,5,4768
AY1WB9I0SE5US,0.34518091890545854,0.06664597718985181,0.0,1.0,0.500748502994012,1,62,5,4769
A3ICHEO78NFE4Y,0.34518091890545854,0.06664597718985181,0.0,1.0,0.500748502994012,1,61,5,4770
A2MUCVJJFNIP4S,0.34518091890545854,0.06664597718985181,0.0,1.0,0.500748502994012,1,6,5,4771
A1B1W7XEX2DRD5,0.34518091890545854,0.06664597718985181,0.0,1.0,0.500748502994012,1,0,5,4772
A1JDP8UAE7HVW7,0.34508735603120705,0.06664597718985181,0.0,1.0,0.500374251497006,1,0,4,4773
AXK9O1OC2I2PD,0.34508735603120705,0.06664597718985181,0.0,1.0,0.500374251497006,1,0,4,4774
A38M7PZ5DEOOCC,0.34508735603120705,0.06664597718985181,0.0,1.0,0.500374251497006,1,70,4,4775
A18LJ72NBKZ6JC,0.34508735603120705,0.06664597718985181,0.0,1.0,0.500374251497006,1,7,4,4776
A20H1M28WLI9J2,0.34508735603120705,0.06664597718985181,0.0,1.0,0.500374251497006,1,74,4,4777
A2LUW64R1VY53N,0.34508735603120705,0.06664597718985181,0.0,1.0,0.500374251497006,1,0,4,4778
AZZ77XYX8O2WE,0.34508735603120705,0.06664597718985181,0.0,1.0,0.500374251497006,1,5,4,4779
A1NWHDUUV9V7VT,0.34508735603120705,0.06664597718985181,0.0,1.0,0.500374251497006,1,88,4,4780
AEH644IG7XZUI,0.34508735603120705,0.06664597718985181,0.0,1.0,0.500374251497006,1,0,4,4781
AIR5HDNUI9WCU,0.34508735603120705,0.06664597718985181,0.0,1.0,0.500374251497006,1,0,4,4782
A2YIHYJLTKN8YJ,0.34508735603120705,0.06664597718985181,0.0,1.0,0.500374251497006,1,0,4,4783
A23ONMGKEWDG4M,0.34508735603120705,0.06664597718985181,0.0,1.0,0.500374251497006,1,75,4,4784
ACDHUPAMZR7DC,0.34508735603120705,0.06664597718985181,0.0,1.0,0.500374251497006,1,7,4,4785
A291XTI6NO7DEG,0.34508735603120705,0.06664597718985181,0.0,1.0,0.500374251497006,1,0,4,4786
AYB4ELCS5AM8P,0.34508735603120705,0.06664597718985181,0.0,1.0,0.500374251497006,1,0,4,4787
A337XUY8HSGC33,0.34508735603120705,0.06664597718985181,0.0,1.0,0.500374251497006,1,0,4,4788
A16X9K6CTHEYXO,0.34508735603120705,0.06664597718985181,0.0,1.0,0.500374251497006,1,80,4,4789
A3S8A9JBOP1PG7,0.34508735603120705,0.06664597718985181,0.0,1.0,0.500374251497006,1,31,4,4790
A16Z9C8ESLGOPL,0.34508735603120705,0.06664597718985181,0.0,1.0,0.500374251497006,1,75,4,4791
A187ADBPN8OOY7,0.34508735603120705,0.06664597718985181,0.0,1.0,0.500374251497006,1,87,4,4792
A18BPTL4TMTBY9,0.34508735603120705,0.06664597718985181,0.0,1.0,0.500374251497006,1,73,4,4793
A2PGE5RPSV9BFH,0.34508735603120705,0.06664597718985181,0.0,1.0,0.500374251497006,1,86,4,4794
A3H9OYPMFA0EJJ,0.34508735603120705,0.06664597718985181,0.0,1.0,0.500374251497006,1,0,4,4795
A2JXAZZI9PHK9Z,0.34508735603120705,0.06664597718985181,0.0,1.0,0.500374251497006,1,0,4,4796
A2H2H6SQVHRIER,0.34508735603120705,0.06664597718985181,0.0,1.0,0.500374251497006,1,87,4,4797
A3W371ZI5K5C8K,0.34508735603120705,0.06664597718985181,0.0,1.0,0.500374251497006,1,0,4,4798
A1ANPXJB9B0R5V,0.34508735603120705,0.06664597718985181,0.0,1.0,0.500374251497006,1,81,4,4799
A1CWMO3LQQ7P0P,0.34508735603120705,0.06664597718985181,0.0,1.0,0.500374251497006,1,0,4,4800
A2DGP3CC6D0TKL,0.34508735603120705,0.06664597718985181,0.0,1.0,0.500374251497006,1,68,4,4801
AXJU138LSIS2J,0.34508735603120705,0.06664597718985181,0.0,1.0,0.500374251497006,1,74,4,4802
AB8AYATYO2EQ0,0.34508735603120705,0.06664597718985181,0.0,1.0,0.500374251497006,1,88,4,4803
A2OAJN06TQ9KAT,0.34508735603120705,0.06664597718985181,0.0,1.0,0.500374251497006,1,79,4,4804
A1R87GD4CLPKTK,0.34508735603120705,0.06664597718985181,0.0,1.0,0.500374251497006,1,82,4,4805
A8CIFOCCN9G1P,0.34508735603120705,0.06664597718985181,0.0,1.0,0.500374251497006,1,0,4,4806
A1IICMPYFNPG01,0.34508735603120705,0.06664597718985181,0.0,1.0,0.500374251497006,1,0,4,4807
A2NB2E5DXE319Z,0.34508735603120705,0.06664597718985181,0.0,1.0,0.500374251497006,1,78,4,4808
A1IL8I2ZD6QVVC,0.34508735603120705,0.06664597718985181,0.0,1.0,0.500374251497006,1,2,4,4809
A3KMUHGAZME8VN,0.34508735603120705,0.06664597718985181,0.0,1.0,0.500374251497006,1,73,4,4810
A1AHYRIK9DX6NY,0.34508735603120705,0.06664597718985181,0.0,1.0,0.500374251497006,1,81,4,4811
A2OKLYBFUKQNU4,0.34508735603120705,0.06664597718985181,0.0,1.0,0.500374251497006,1,82,4,4812
A1RHQFEIREK0KU,0.34508735603120705,0.06664597718985181,0.0,1.0,0.500374251497006,1,0,4,4813
A19YIXNURUGK6I,0.34508735603120705,0.06664597718985181,0.0,1.0,0.500374251497006,1,77,4,4814
A3USUO0YREMXME,0.34508735603120705,0.06664597718985181,0.0,1.0,0.500374251497006,1,88,4,4815
A1E71PU53N45Y0,0.34508735603120705,0.06664597718985181,0.0,1.0,0.500374251497006,1,0,4,4816
A39V9ZEGFFD7JB,0.34508735603120705,0.06664597718985181,0.0,1.0,0.500374251497006,1,2,4,4817
A13QGI4AZOB64K,0.34508735603120705,0.06664597718985181,0.0,1.0,0.500374251497006,1,0,4,4818
AS8IC1P9Y4VR1,0.34508735603120705,0.06664597718985181,0.0,1.0,0.500374251497006,1,69,4,4819
A2M2LMZMDFI35Y,0.34508735603120705,0.06664597718985181,0.0,1.0,0.500374251497006,1,1,4,4820
A39VTD9COHHY34,0.34508735603120705,0.06664597718985181,0.0,1.0,0.500374251497006,1,0,4,4821
A3HSLVVMSJNCX9,0.34508735603120705,0.06664597718985181,0.0,1.0,0.500374251497006,1,78,4,4822
A17YPB3JICRUK2,0.34508735603120705,0.06664597718985181,0.0,1.0,0.500374251497006,1,83,4,4823
A2YA6QX577CK8Q,0.34508735603120705,0.06664597718985181,0.0,1.0,0.500374251497006,1,1,4,4824
AC3R6XWQYOYFM,0.34508735603120705,0.06664597718985181,0.0,1.0,0.500374251497006,1,16,4,4825
A2Y870S7P44V4C,0.34508735603120705,0.06664597718985181,0.0,1.0,0.500374251497006,1,74,4,4826
A2Y3DTTBOU77MO,0.34508735603120705,0.06664597718985181,0.0,1.0,0.500374251497006,1,70,4,4827
AXX1R3B8LRTCS,0.34508735603120705,0.06664597718985181,0.0,1.0,0.500374251497006,1,5,4,4828
AJ6TMOHHFJJAJ,0.34508735603120705,0.06664597718985181,0.0,1.0,0.500374251497006,1,68,4,4829
A17GV9STD2PEMQ,0.34508735603120705,0.06664597718985181,0.0,1.0,0.500374251497006,1,7,4,4830
A1QMJBMMEDO0RM,0.34508735603120705,0.06664597718985181,0.0,1.0,0.500374251497006,1,76,4,4831
A1QLQFG062ZA3R,0.34508735603120705,0.06664597718985181,0.0,1.0,0.500374251497006,1,85,4,4832
A2NSR2R4M8CWC2,0.34508735603120705,0.06664597718985181,0.0,1.0,0.500374251497006,1,79,4,4833
A2NOW4U7W3F7RI,0.34508735603120705,0.06664597718985181,0.0,1.0,0.500374251497006,1,2,4,4834
A3CIV9WPFHNX0K,0.34508735603120705,0.06664597718985181,0.0,1.0,0.500374251497006,1,0,4,4835
A2DLY1BLDQRWGX,0.34508735603120705,0.06664597718985181,0.0,1.0,0.500374251497006,1,0,4,4836
AQ64NMZDUVYN7,0.34508735603120705,0.06664597718985181,0.0,1.0,0.500374251497006,1,79,4,4837
A11NRU3W8RS375,0.34508735603120705,0.06664597718985181,0.0,1.0,0.500374251497006,1,0,4,4838
A1N8FRMRYUHHV0,0.34508735603120705,0.06664597718985181,0.0,1.0,0.500374251497006,1,83,4,4839
A3L1TG3OOOTRBR,0.34508735603120705,0.06664597718985181,0.0,1.0,0.500374251497006,1,71,4,4840
A6NBOKCU9JHHC,0.34508735603120705,0.06664597718985181,0.0,1.0,0.500374251497006,1,0,4,4841
A11IR07H8SYDD0,0.34508735603120705,0.06664597718985181,0.0,1.0,0.500374251497006,1,75,4,4842
A1B00KVE1YFKCR,0.34508735603120705,0.06664597718985181,0.0,1.0,0.500374251497006,1,81,4,4843
A1IDWUYX4QXTUE,0.34508735603120705,0.06664597718985181,0.0,1.0,0.500374251497006,1,83,4,4844
A2LFIYTONVQMEQ,0.34508735603120705,0.06664597718985181,0.0,1.0,0.500374251497006,1,31,4,4845
A311NAIRZC7EGO,0.34508735603120705,0.06664597718985181,0.0,1.0,0.500374251497006,1,0,4,4846
A3IKK57TI9BP85,0.34508735603120705,0.06664597718985181,0.0,1.0,0.500374251497006,1,78,4,4847
ARAS5VERQ8BH2,0.34508735603120705,0.06664597718985181,0.0,1.0,0.500374251497006,1,2,4,4848
A1P3WH08J6VEXF,0.34508735603120705,0.06664597718985181,0.0,1.0,0.500374251497006,1,0,4,4849
A9D6Y6RL8ILK4,0.34508735603120705,0.06664597718985181,0.0,1.0,0.500374251497006,1,86,4,4850
A2R1ASJJDBM2S4,0.34508735603120705,0.06664597718985181,0.0,1.0,0.500374251497006,1,77,4,4851
A3NQMOURCTVI40,0.34508735603120705,0.06664597718985181,0.0,1.0,0.500374251497006,1,2,4,4852
A378RFIJ6U88DI,0.34508735603120705,0.06664597718985181,0.0,1.0,0.500374251497006,1,82,4,4853
A12F8OG8CKZU9L,0.34508735603120705,0.06664597718985181,0.0,1.0,0.500374251497006,1,88,4,4854
A2IY49V4ARN4HC,0.34508735603120705,0.06664597718985181,0.0,1.0,0.500374251497006,1,0,4,4855
A12I3HHLUD6WY9,0.34508735603120705,0.06664597718985181,0.0,1.0,0.500374251497006,1,79,4,4856
A2RBMWT2ZB95JY,0.34508735603120705,0.06664597718985181,0.0,1.0,0.500374251497006,1,0,4,4857
AM765S5A37QB2,0.34508735603120705,0.06664597718985181,0.0,1.0,0.500374251497006,1,31,4,4858
A160RGARQLLB05,0.34508735603120705,0.06664597718985181,0.0,1.0,0.500374251497006,1,69,4,4859
A3NVZTGPORNPRW,0.34508735603120705,0.06664597718985181,0.0,1.0,0.500374251497006,1,0,4,4860
A46YT26BA97R0,0.34508735603120705,0.06664597718985181,0.0,1.0,0.500374251497006,1,0,4,4861
A4254PHBJAPL,0.34508735603120705,0.06664597718985181,0.0,1.0,0.500374251497006,1,76,4,4862
A40U43VX39NR9,0.34508735603120705,0.06664597718985181,0.0,1.0,0.500374251497006,1,85,4,4863
A33L4OCSS2MJ2G,0.34508735603120705,0.06664597718985181,0.0,1.0,0.500374251497006,1,88,4,4864
A3RHPUZBOP4D47,0.34508735603120705,0.06664597718985181,0.0,1.0,0.500374251497006,1,83,4,4865
A3RK99YGKXWTDT,0.34508735603120705,0.06664597718985181,0.0,1.0,0.500374251497006,1,0,4,4866
AU7O296O6PXZM,0.34508735603120705,0.06664597718985181,0.0,1.0,0.500374251497006,1,0,4,4867
A31U2QT7SAL7K,0.34508735603120705,0.06664597718985181,0.0,1.0,0.500374251497006,1,0,4,4868
A1CRKXZHTI95AI,0.34508735603120705,0.06664597718985181,0.0,1.0,0.500374251497006,1,5,4,4869
A1F958T2GSWCEK,0.34508735603120705,0.06664597718985181,0.0,1.0,0.500374251497006,1,2,4,4870
ALKWNPN0QCSP7,0.34508735603120705,0.06664597718985181,0.0,1.0,0.500374251497006,1,0,4,4871
A14Y070B40ZGMR,0.34508735603120705,0.06664597718985181,0.0,1.0,0.500374251497006,1,0,4,4872
A2MQ3Z1UX5EXUC,0.34508735603120705,0.06664597718985181,0.0,1.0,0.500374251497006,1,77,4,4873
AMBP7V5ME7K13,0.34508735603120705,0.06664597718985181,0.0,1.0,0.500374251497006,1,0,4,4874
A954QD0JVPDYF,0.34508735603120705,0.06664597718985181,0.0,1.0,0.500374251497006,1,0,4,4875
A1KT8699WEJXS8,0.34508735603120705,0.06664597718985181,0.0,1.0,0.500374251497006,1,0,4,4876
A2BHNIWHUFKE9D,0.34508735603120705,0.06664597718985181,0.0,1.0,0.500374251497006,1,71,4,4877
A9UQZFBHHJ17J,0.34508735603120705,0.06664597718985181,0.0,1.0,0.500374251497006,1,70,4,4878
A16BSOOMVMXGR9,0.34508735603120705,0.06664597718985181,0.0,1.0,0.500374251497006,1,78,4,4879
A34N0OYW8076L6,0.34508735603120705,0.06664597718985181,0.0,1.0,0.500374251497006,1,0,4,4880
A1LL87239YH1NM,0.34508735603120705,0.06664597718985181,0.0,1.0,0.500374251497006,1,0,4,4881
A3PIVKCLKIAHHT,0.34508735603120705,0.06664597718985181,0.0,1.0,0.500374251497006,1,0,4,4882
A3PPLH5DL6DHN7,0.34508735603120705,0.06664597718985181,0.0,1.0,0.500374251497006,1,83,4,4883
A1LIAYBBNHUCB4,0.34508735603120705,0.06664597718985181,0.0,1.0,0.500374251497006,1,0,4,4884
AUIRGT6DWUVD,0.34508735603120705,0.06664597718985181,0.0,1.0,0.500374251497006,1,0,4,4885
A1BD4T41QJZBHB,0.34508735603120705,0.06664597718985181,0.0,1.0,0.500374251497006,1,2,4,4886
A10PEXB6XAQ5XF,0.34508735603120705,0.06664597718985181,0.0,1.0,0.500374251497006,1,76,4,4887
AMSAQMLJKCFSB,0.34508735603120705,0.06664597718985181,0.0,1.0,0.500374251497006,1,7,4,4888
AMO1CR5KN8T4P,0.34508735603120705,0.06664597718985181,0.0,1.0,0.500374251497006,1,85,4,4889
A3Q5IB0HPGUQXW,0.34508735603120705,0.06664597718985181,0.0,1.0,0.500374251497006,1,31,4,4890
A2CF6Z5T5AF6NC,0.34508735603120705,0.06664597718985181,0.0,1.0,0.500374251497006,1,0,4,4891
A1FFKKJYBNSAYM,0.34508735603120705,0.06664597718985181,0.0,1.0,0.500374251497006,1,75,4,4892
A3IYGLSQ6N2G3G,0.34508735603120705,0.06664597718985181,0.0,1.0,0.500374251497006,1,16,4,4893
A182YOL7ZA0PGK,0.34508735603120705,0.06664597718985181,0.0,1.0,0.500374251497006,1,0,4,4894
A1OH6EB0V4L138,0.34508735603120705,0.06664597718985181,0.0,1.0,0.500374251497006,1,0,4,4895
A305FHDAKFC9LQ,0.34508735603120705,0.06664597718985181,0.0,1.0,0.500374251497006,1,0,4,4896
A3J5VAB9PZN1T3,0.34508735603120705,0.06664597718985181,0.0,1.0,0.500374251497006,1,0,4,4897
A3JOVOKUKWLNLN,0.34508735603120705,0.06664597718985181,0.0,1.0,0.500374251497006,1,71,4,4898
AO94DHGC771SJ,0.34508735603120705,0.06664597718985181,0.0,1.0,0.500374251497006,1,84,4,4899
A35HFZ8O44O062,0.34508735603120705,0.06664597718985181,0.0,1.0,0.500374251497006,1,2,4,4900
ADAYT4YDXRSGY,0.34508735603120705,0.06664597718985181,0.0,1.0,0.500374251497006,1,73,4,4901
A3PDNV30IFOUBT,0.34508735603120705,0.06664597718985181,0.0,1.0,0.500374251497006,1,0,4,4902
A2STWCKJD4TMK8,0.34508735603120705,0.06664597718985181,0.0,1.0,0.500374251497006,1,87,4,4903
AYM76JWI220Z4,0.34508735603120705,0.06664597718985181,0.0,1.0,0.500374251497006,1,75,4,4904
A3FNF36SELJ49S,0.34508735603120705,0.06664597718985181,0.0,1.0,0.500374251497006,1,87,4,4905
A1B75TZD1XLC0A,0.34508735603120705,0.06664597718985181,0.0,1.0,0.500374251497006,1,0,4,4906
A2TJT33BAEDZVW,0.34508735603120705,0.06664597718985181,0.0,1.0,0.500374251497006,1,0,4,4907
A1JWSDDIH5Z7DV,0.34505149492776516,5.10376223042344e-05,0.02823311681519013,1.0,0.5519116177491054,2,0,252,4908
A3OYMK6UMM871F,0.3448772890952513,0.02664287376832958,0.2519208950888071,1.0,0.29561681277020263,2,7,58,4909
ACT1EPHFS9E7V,0.3432980175171316,0.0003186954616603479,0.11669874507746746,1.0,0.45611089043706665,2,1,116,4910
AOHQVDAGYMV6J,0.34291694708547427,0.0004950118964491685,0.297945114897448,1.0,0.2731286591687101,2,7,60,4911
A23GS2ACRISIER,0.34261667460239065,0.0005367697070267507,0.03165705243402764,1.0,0.5381655223271029,2,12,188,4912
A2C9MURXVUCBMM,0.3424533257218534,0.00886371669209748,0.2267179682149378,1.0,0.3324588746419588,2,9,143,4913
A3GZQJZLSMETLI,0.34181627448251556,0.13331781622572217,0.07482484381723675,1.0,0.3324588746419588,2,9,143,4914
A1ILS0R3USIU9O,0.3416646077985114,0.0011041693240809289,0.062009156939787015,1.0,0.5033242710653613,2,3,713,4915
APXV4GM2BKZX1,0.3414658236108944,0.1646519039034126,0.019709174179962017,1.0,0.3485718355795204,3,0,82,4916
A1BPRRT5QIKU8J,0.34115970637852794,0.13331781622572217,0.0,1.0,0.40465744604324505,2,2,48,4917
A1NOE0PC1W7ROU,0.34105292138906895,0.0012687369702119237,0.033241591214120944,1.0,0.5294476099779005,2,2,236,4918
A1OG5AUTRLC040,0.3409299284178666,0.04442203084456168,0.15374750207206123,1.0,0.3566657745859312,2,1,348,4919
A2VHZWRA699KYR,0.3406141628753053,0.03331005767191662,0.37610278342012216,0.5143652481887981,0.5348896003237608,2,3,877,4920
A32T9TM5F7KHIG,0.3404660918027532,0.13331781622572217,0.06942411309818741,1.0,0.3324588746419588,2,9,143,4921
AAZ084UMH8VZ2,0.34023921999892975,0.13331781622572217,0.14661520589657173,1.0,0.2543602946282805,2,0,15,4922
A39KTSPC3MP53O,0.3401510724155467,0.13331781622572217,0.22961585110442587,1.0,0.17100705908689426,2,2,10,4923
A1NBYDWT892WMS,0.3395665246678646,0.006992226473546734,0.3796411595046659,0.5143652481887981,0.5587420688474978,2,8,238,4924
A2VUAICVS9XW35,0.33954311801349657,0.0030751539230916814,0.04063748207864799,1.0,0.5138448052676281,2,3,657,4925
A380W12QEPG2BO,0.3391944259793151,0.16383668233705487,0.15356074119436997,1.0,0.20661294391842447,3,2,64,4926
AJ6SPK7Y38RKW,0.3391037787796717,0.2782995628326108,0.29030692549792003,0.43383468049321494,0.38508096982706186,4,0,325,4927
A1QVS34FWGRAVG,0.3383849611922948,0.16515244323551373,0.15839176826432694,1.0,0.19696514462223547,3,2,56,4928
A1FYX3RHM6B6EX,0.3380594460463925,0.00026849505921706197,0.018549220712778473,1.0,0.5333663694017309,2,0,257,4929
A146CA37V0450V,0.33779064793230723,0.0016203564017806995,0.15154710508307467,1.0,0.3976710589640173,2,12,227,4930
A2UREP3Z9EU6V5,0.3373249021271683,0.006641322057568469,0.5980967133994863,0.5143652481887981,0.3317411100890661,2,0,62,4931
A1U489SYAGQ2FM,0.3368880721309798,0.13331781622572217,0.13253096325573,1.0,0.25503994579732275,2,0,23,4932
A2M7NKO97UIVAH,0.33632408251176144,0.00014054041447029235,0.061810860694911554,1.0,0.4833168208547698,3,0,273,4933
A317RWPY08I5QX,0.336126157867477,0.06664597718985181,0.006218204808451788,1.0,0.458311254033634,2,13,620,4934
A36XQ1OK9UUSB0,0.33580010270283706,0.17382758018608754,0.2976870816630957,0.6169509223866431,0.34335949501563295,3,0,82,4935
A23QCWXEG3BJ9H,0.3356136513070458,0.005530124740303962,0.3045336647272622,1.0,0.23128479081255604,2,2,16,4936
A2TYHWXZPE415M,0.33551205203758766,0.13331781622572217,0.17729757849650402,1.0,0.20476925018298014,2,0,20,4937
A23QTZE764PJNS,0.3348961361770707,0.00017991543495633972,0.23586652425126386,1.0,0.3035021219350712,3,2,71,4938
A3GFQHHVMEAIO,0.33459059217457704,0.0009618691026609923,0.0,1.0,0.5372081257751149,2,0,256,4939
A100WO06OQR8BQ,0.33356379627026017,0.0005641544286351513,0.0,1.0,0.5335781997666784,2,1,219,4940
A2A3B0JX2JRS6S,0.333074421404734,0.13331781622572217,0.0,1.0,0.3723163061480693,2,8,301,4941
A2KTANMYE2372G,0.3321508672361234,0.13331781622572217,0.17825432956081202,0.5,0.590367759912815,2,4,1020,4942
A2DIPVQAX7SN18,0.3317809319624416,0.00019637761743433244,0.02757825815722178,1.0,0.49930981655162343,2,2,112,4943
A2FHM5FB0BXKGA,0.33161815387709037,0.00045264417576997457,0.5679855438711491,0.6169509223866431,0.2643831607169739,3,7,165,4944
A2EQVLY0BKQINM,0.33128190404922,0.13331781622572217,0.030221180566430493,1.0,0.3349250561595829,2,1,205,4945
A259MPG6SOL02P,0.3312188697532402,0.16443047887683906,0.6834368856620914,0.28361758905330975,0.21722794745601492,3,0,68,4946
A1EXXVCOOMXEQ0,0.3305599855721541,0.00010065018251249452,0.00827435680197331,1.0,0.5138448052676281,2,3,657,4947
A304GUEPCPYM3Z,0.3304827116235679,5.584383907440959e-05,0.05987865707293222,1.0,0.46198517681445006,2,0,82,4948
A20NL7QAHXDCU5,0.33036175287706504,0.0,0.0,1.0,0.5214470115082602,2,1,180,4949
A149C701MLJDJC,0.33029489251771416,0.13331781622572217,0.017010211782448173,1.0,0.3441879788175418,2,0,47,4950
A1YF0SKMGV2BIL,0.32975383445119055,0.006992226473546734,0.3774818244878957,0.5143652481887981,0.521650642997572,2,11,631,4951
AQ28L0J970DVW,0.32916178851419947,0.13331781622572217,0.0,1.0,0.3566657745859312,2,1,348,4952
A239ON6G2S2E9E,0.3276890585270973,0.00738212026907814,0.014408741689823935,1.0,0.4874889480956715,2,16,97,4953
A12S3E4HK8330R,0.3276500615410864,0.13331781622572217,0.07128199636479579,1.0,0.2793368703286832,2,0,18,4954
A1IH42TUIZ2XJL,0.327620203144951,0.00011104131421935805,0.02247564697707381,1.0,0.4878719160256668,2,5,110,4955
A28X7NZ02016FO,0.3273468197538805,0.00017256624635009305,0.04957493909748287,1.0,0.4596052604224191,2,1,163,4956
AXDCA2CU2BNSG,0.326692619524928,0.0014448404856550424,0.08283964354084696,1.0,0.4221970259760789,3,0,301,4957
A1D27BCSYV7VWH,0.32664955978817206,0.00030917252099585516,0.009149030504400423,1.0,0.4970782016230928,2,5,109,4958
A7IKOAH6M8WAC,0.32656814317077787,0.13331781622572217,0.0,1.0,0.3462911932122447,2,0,83,4959
A34H1TFXR2MZ7U,0.32622933226871254,0.0004256404499354066,0.2473514722793029,1.0,0.2570550882556246,3,5,204,4960
A3PGAICBV5O6QR,0.3262140978485543,0.13331781622572217,0.6899308076387457,0.26436524818879814,0.24345200573356648,2,2,81,4961
A304AY9M0FAI3Y,0.3254249620581501,0.00738212026907814,0.5083441669712532,0.5143652481887981,0.3730049383874148,2,0,23,4962
A2OBHC9ED59WO1,0.32527159990186616,0.0009001359183685196,0.1990446790508355,1.0,0.30096155745458686,2,0,29,4963
A1US87X5YUEQ7A,0.3246888628217251,0.2627428003909077,0.07702255927859843,1.0,0.10644153153921275,4,0,66,4964
A2IMLPUXYQJTSY,0.32437257318778573,0.1507196972811919,0.10143157075882794,1.0,0.21519508525488473,4,0,87,4965
A1C8V13RD60LTR,0.3243141801919483,0.16455840693383147,0.0949750449979438,1.0,0.20481158744925163,3,0,123,4966
A28ORIA0YWRKEK,0.324223749937669,0.13331781622572217,0.3716575089138192,0.5143652481887981,0.3537639128149517,2,1,377,4967
A21ZZUXAM2PUCA,0.3240146026031056,0.16395623628742026,0.02774545698607242,0.6169509223866431,0.5780047319721312,3,4,659,4968
A1V3TRGWOMA8LC,0.32361731805411015,0.19998965526159254,0.011270356115938055,1.0,0.24321132978659138,3,0,71,4969
A22QLK442U2GP0,0.3233935834584367,0.1506105888910018,0.05786350824403369,0.6838346804932149,0.5079103745259391,4,0,264,4970
A2HRHF83I3NDGT,0.32273876693892656,0.022198084499271558,0.14348324442167587,1.0,0.3208341219349044,2,1,280,4971
A258SMAC3H58CO,0.32253532214122926,0.0012203407527827464,0.02760201011932426,1.0,0.46107486954225346,2,0,71,4972
AT2J7H5TRZM8Z,0.3223350054233666,0.0034831823137640825,0.17862158667087905,1.0,0.30653861624607043,2,0,72,4973
A1LZUJF8AQ796R,0.3212563045584933,0.001826133682755608,0.0,1.0,0.4828338578146666,2,1,232,4974
A3VEROAVSRAMG2,0.3211744628807486,0.0001236265823129791,0.03929446731951223,1.0,0.44525503230470653,2,0,59,4975
AZFF4CX9MQ4AE,0.32019211935178316,0.0038960110384443944,0.0,1.0,0.4760932641609993,2,2,244,4976
A105GWGM7PDAI2,0.32012840804137466,0.0012943725903353,0.20618148831217253,1.0,0.2727788967449237,2,0,103,4977
A3LZEFHIYZ1FGA,0.31983083014408087,0.06664597718985181,0.08569963549429176,1.0,0.3136485124542094,2,0,225,4978
A32QOZWIKQDNZX,0.3196525075724491,0.0010158856389169057,0.2099082557996635,1.0,0.2674827117234326,2,0,25,4979
A3A48XEYWLWH7T,0.3194697796649414,0.010231344159499951,0.19396835118769645,1.0,0.2716331544806692,2,0,37,4980
A3EPOKANU798QW,0.31914599321555853,0.13331781622572217,0.05059315788147965,1.0,0.2660094355098879,2,0,36,4981
A2HMF8ZR67BNZS,0.318701766772648,0.00013325948819591899,0.00977486314046556,1.0,0.46487229256429125,2,2,266,4982
A248LSBZT4P38V,0.3184873271054174,0.16339177899309007,0.03672702328990486,0.6169509223866431,0.5475914124307422,3,4,738,4983
A2CLD5FSSXMYBT,0.31836104299832296,0.13331781622572217,0.3141854927443117,0.5143652481887981,0.38778510122707494,2,0,49,4984
AG62RJJIAYSOZ,0.31828547536808066,0.0032264229849994983,0.21002574550067976,1.0,0.25924444838964344,2,0,88,4985
A1H2V4OF8BZ4FC,0.31821890823560955,0.06664597718985181,0.0,1.0,0.39290046031461606,2,0,26,4986
A3O55EWFNKSPV3,0.3181884569824337,0.0005011882649369283,0.04948786177190588,1.0,0.4226645402399046,2,0,46,4987
A1VXOAVRGKGEAK,0.31785470713316427,0.13331781622572217,0.37300110581309565,0.5,0.33843634324869487,2,0,19,4988
AFJ0ZC0BL7NV3,0.31771767083078156,0.0005615552379979104,0.061754948679319875,1.0,0.40844186835820884,2,5,50,4989
A1EKB0SYZ81ZV,0.31768198273374554,0.13331781622572217,0.029947911049386357,1.0,0.2807986404147292,2,9,116,4990
A1GPVV2XWNGSDX,0.3172293496415256,0.00020807443130027464,0.03252075717108584,1.0,0.43614695207745613,2,8,91,4991
A23P9INV8GRN48,0.3166045914118337,0.00018151556933406065,0.21803216981743062,0.5143652481887981,0.6366761785956649,2,6,407,4992
AN9FFU7XP6TL5,0.31660197774775456,0.13331781622572217,0.0,1.0,0.3064265315201515,2,1,275,4993
AZGNX5BBS3UMW,0.3161189169042636,0.000723259940901323,0.024929814361372954,1.0,0.43867794132659976,2,2,247,4994
A19N3S7CBSU6O7,0.3160817930074434,0.00016381621667238533,0.23616153348571012,1.0,0.2279690590840564,2,7,82,4995
AZAC8O310IK4E,0.31271449932297113,8.762213531908289e-05,0.0,1.0,0.45075285072950144,2,1,261,4996
A1MQQEM7W77L62,0.3123207596064108,0.00039879954911436355,0.0511334200026886,1.0,0.3976710589640173,2,12,227,4997
AW68KVDV7BBRS,0.31211092966513154,0.0002590605430236123,0.1877321849601754,1.0,0.2604006610487224,2,0,52,4998
A3H6HJSLFNLGMA,0.31210002820517657,0.16536246334702423,0.07351285324859469,0.6169509223866431,0.48289156564636804,3,3,719,4999
A1THF19PO0LXRD,0.31172852213783253,0.0003100164362780074,0.05177729816765787,1.0,0.3947647706601385,2,2,79,5000
A1FVN80HHHR3RA,0.31141916932559643,0.0001649016419238357,0.16324680913241363,0.5143652481887981,0.670739787648625,2,4,572,5001
A1QWYAWB1DRSQF,0.3114086924809411,1.2710233261657039e-05,0.03181542203896734,1.0,0.413804095604883,2,0,76,5002
A1D0KL9ZD7SU56,0.31130393236669207,0.13331781622572217,0.3149867981044463,0.5,0.37024755189145553,2,0,66,5003
A2K5FK58JSWXJ9,0.31048748225862893,0.29762425925170877,0.09043867506621892,0.6169509223866431,0.30080140495693186,6,0,480,5004
A3W112102BC6BG,0.3101135851085042,0.1342981096251514,0.3992969540860105,0.406174042715453,0.35506042062546217,6,0,342,5005
ADWUJZ8865J2A,0.3094501867597917,0.0005564249577881594,0.0,1.0,0.43713303708982093,2,1,199,5006
AQMD0WGJVD4RJ,0.3092204189928819,0.13331781622572217,0.020352787667153066,1.0,0.25654750883350785,2,0,108,5007
A1BVIANDXCX7RW,0.3089381823406221,0.00044587286414089143,0.08171335262434434,1.0,0.3535043293011748,3,0,59,5008
A15KFU3ZSAOUG0,0.30851617863855274,0.00012034832730570831,0.0,1.0,0.43392029656144393,2,0,200,5009
A23M2D8GZPCWCV,0.3084163540515681,0.04442203084456168,0.0265950663778467,1.0,0.3537639128149517,2,1,377,5010
AZFM7IM6ZEX2T,0.3082788112960201,0.0007585127308740238,0.04821074835614762,1.0,0.3839942815508838,2,5,125,5011
A1B6O7SAIYG2N0,0.3081126199234562,2.2609138376829502e-05,0.03117816688048362,1.0,0.40124518184728875,2,2,300,5012
A17MR3U4MPW65C,0.30741030295365884,0.1833019994175007,0.2700200831090709,0.6169509223866431,0.2460979914952493,3,0,32,5013
A8HZL68EGLI18,0.30687626409164537,0.2472047135343687,0.2171897927397557,0.6838346804932149,0.16660186299101143,4,0,46,5014
A3E0CXFVZHO626,0.30665705206536276,0.13331781622572217,0.04582191195535357,1.0,0.22082491683523084,2,9,64,5015
AJX474LNBU6TX,0.30619656022964004,0.13331781622572217,0.35750989015143103,0.5,0.3072949712962625,2,11,106,5016
A5I75Q8VR91XE,0.30572394595190455,0.0007774133230883032,0.005125203178955555,1.0,0.4168376846409566,2,0,45,5017
A2L7WYA5OENV03,0.3053526007489411,0.16334960364606313,0.10254764039420847,0.5,0.5228432382262802,3,3,939,5018
A9U1BQILTMSMM,0.30514828512353187,0.0007289136902365674,0.14854271665973054,1.0,0.27117572740611295,3,0,76,5019
AX8SWWB9837TA,0.30495747645061294,0.0056888672141988915,0.12990923244538471,1.0,0.28309403270002836,3,0,57,5020
A3I1BJIFFM4S21,0.3039254923978666,6.151933227221806e-05,0.1751571577930241,1.0,0.2404709885997156,3,0,101,5021
A1TNK82XJQ0XPK,0.30378976376987016,0.16405238574097872,0.2576954469484086,0.6169509223866431,0.2670400073325832,3,0,73,5022
A1TFOXCKW4JHIB,0.3034200092894407,0.012096290705957862,0.056228545221725525,1.0,0.34293594308888764,2,0,60,5023
A1R377IPZOKLMM,0.30327958257181586,7.038148571053884e-06,0.037944278103152956,1.0,0.3751656064058252,2,0,467,5024
A3BI8BKIHESDNQ,0.30299865083894784,0.0010408875785553572,0.02547016103499597,1.0,0.3852753772265289,2,9,91,5025
AO2FXIAM4EKOS,0.3029807427900893,0.13331781622572217,0.5969973874048855,0.26436524818879814,0.24345200573356648,2,2,81,5026
A1U5NWJOYH2QQH,0.3026846920817036,0.000643086371732639,0.16894314612524539,1.0,0.24102391855548985,3,0,67,5027
AGCN38LIJZM3K,0.30246929292350067,0.0001960078346332461,0.16540928957870468,1.0,0.24423267271373797,2,10,50,5028
A1HH11STE53V5,0.3014683630488574,0.004736412370829315,0.26031581657060976,0.5143652481887981,0.528381742228786,2,2,469,5029
A3MVMPFBN1RFFV,0.3010352611376797,0.00028862796075440465,0.10766885314549329,0.5143652481887981,0.6846336393012817,2,4,563,5030
A24VVE3E7D4GVQ,0.3010164021011765,0.19998965526159254,0.14762765735821143,0.6169509223866431,0.32288962682326894,3,2,377,5031
AHRXG1I39B1FR,0.30060191069345354,0.0006453311644096564,0.1591234872849933,0.6169509223866431,0.5489490201822149,3,11,721,5032
A37Z65SZVT0TVB,0.3002351662770837,0.13331781622572217,0.0,1.0,0.24095928563746802,2,0,22,5033
APQQK1V695AUE,0.30019623771024484,0.0004503655756662196,0.19056419645289752,1.0,0.2096803156972823,2,0,27,5034
A3V6Z4RCDGRC44,0.2999206872931183,0.00020091311668847325,0.05751588020006301,1.0,0.34192577323238404,2,0,70,5035
A1EKSHKY9G1K18,0.2997665516548532,7.742911559994895e-06,0.018711284716578805,1.0,0.3803456304089621,2,1,279,5036
A20AAU9AUQ2ATE,0.299690529945548,0.00330773010577495,0.2759770394415829,0.5143652481887981,0.5073236056626407,2,10,242,5037
AKT8TGIT6VVZ5,0.29959380812785374,3.262222331114206e-05,0.0709127708811835,1.0,0.32742331496225807,2,0,51,5038
A3IBOQ8R44YG9L,0.2989881207319962,0.11690711247965457,0.5318503694832938,0.5064587764955951,0.11864655727262935,8,0,214,5039
A3UXU4YM508ZEA,0.2987865212234756,0.13331781622572217,0.19999588756742925,0.5143652481887981,0.423676619304568,2,10,66,5040
AVV7UXTHR0NWS,0.2987654764375026,0.00738212026907814,0.009934990814316771,1.0,0.3762683706128,2,0,64,5041
A3F85J4C6F7A7Z,0.2986709343376037,0.13331781622572217,0.27181490003603803,0.26436524818879814,0.5513952592924717,2,4,732,5042
A33775AIB1A664,0.2985769212224841,0.0006031177675273782,0.26304607863870566,0.5,0.5305378649301977,2,11,161,5043
A3U52V5ZAHZZKU,0.29842364608088306,0.00011844949388591253,0.02126239912212665,1.0,0.3722900458087425,2,3,89,5044
AYWIO6OYAGFGQ,0.29831929162432363,0.00042768807939551535,0.22555191341676092,1.0,0.1672120273852588,4,0,59,5045
A2UFAKH7Y8VH5N,0.2980264195355482,0.004912792897379237,0.0,1.0,0.3862103266653378,2,1,97,5046
ACDUPC4QGE99F,0.2979566710693112,0.001826133682755608,0.28103105466479406,0.6838346804932149,0.361536524798572,4,0,464,5047
A3S0Z7UOTUIP9R,0.2978251301869733,0.19187409300782687,0.02639038177084396,0.6169509223866431,0.44110048945834257,3,0,289,5048
AT4UTUQP51RZG,0.2976942823864537,0.001752053861604641,0.018670683553538625,1.0,0.3700039813583505,2,0,58,5049
A2PYS280Q1UH7V,0.297509843536692,0.13331781622572217,0.012229778311336134,1.0,0.21782821636456534,2,0,30,5050
A14PHG6QJ1DTG,0.29672367561277885,0.0007774133230883032,0.18051910535359586,1.0,0.20544270110981364,3,0,21,5051
A2RTUZEUT87V92,0.29626624824677594,0.06664597718985181,0.0,0.5,0.7050898203592815,1,4,551,5052
AUBQ9SL293I8X,0.29626624824677594,0.06664597718985181,0.0,0.5,0.7050898203592815,1,4,551,5053
A2V8FNIO634ZRD,0.29626624824677594,0.06664597718985181,0.0,0.5,0.7050898203592815,1,4,551,5054
A36YGJOFWHHRAC,0.29626624824677594,0.06664597718985181,0.0,0.5,0.7050898203592815,1,4,551,5055
A3O10ZTQSU6RKX,0.29626624824677594,0.06664597718985181,0.0,0.5,0.7050898203592815,1,4,551,5056
A12EMDRJ838FPF,0.29626624824677594,0.06664597718985181,0.0,0.5,0.7050898203592815,1,4,551,5057
AW9QRZNFIT95F,0.29626624824677594,0.06664597718985181,0.0,0.5,0.7050898203592815,1,4,551,5058
A1GWUB4XO5OFVE,0.29626624824677594,0.06664597718985181,0.0,0.5,0.7050898203592815,1,4,551,5059
A2BFYFA5C5JFWU,0.29626624824677594,0.06664597718985181,0.0,0.5,0.7050898203592815,1,4,551,5060
A2IR9680RV5O5J,0.29626624824677594,0.06664597718985181,0.0,0.5,0.7050898203592815,1,4,551,5061
A1TIAPDVMPJ0Z0,0.29626624824677594,0.06664597718985181,0.0,0.5,0.7050898203592815,1,4,551,5062
A3NW4WGCI3LZM,0.29626624824677594,0.06664597718985181,0.0,0.5,0.7050898203592815,1,4,551,5063
A3EFWIRQLWS0G,0.29626624824677594,0.06664597718985181,0.0,0.5,0.7050898203592815,1,4,551,5064
A3ENO7ZDMZ62TK,0.29626624824677594,0.06664597718985181,0.0,0.5,0.7050898203592815,1,4,551,5065
A23LF95HUEIGUR,0.29626624824677594,0.06664597718985181,0.0,0.5,0.7050898203592815,1,4,551,5066
A35W3JQYP0M655,0.29626624824677594,0.06664597718985181,0.0,0.5,0.7050898203592815,1,4,551,5067
A3O2DF7P03JMD2,0.29626624824677594,0.06664597718985181,0.0,0.5,0.7050898203592815,1,4,551,5068
A13H8Z0F3FJ5AO,0.29626624824677594,0.06664597718985181,0.0,0.5,0.7050898203592815,1,4,551,5069
AM4M872Y7AEZL,0.29626624824677594,0.06664597718985181,0.0,0.5,0.7050898203592815,1,4,551,5070
A1FSFYP29DRI4L,0.29626624824677594,0.06664597718985181,0.0,0.5,0.7050898203592815,1,4,551,5071
A3EPCX4M6IKD85,0.29626624824677594,0.06664597718985181,0.0,0.5,0.7050898203592815,1,4,551,5072
A1VR9II0HC7ZQ6,0.29626624824677594,0.06664597718985181,0.0,0.5,0.7050898203592815,1,4,551,5073
A2QRX9OJKW9TM9,0.29626624824677594,0.06664597718985181,0.0,0.5,0.7050898203592815,1,4,551,5074
A1SVVOKIP0TQ0Z,0.29626624824677594,0.06664597718985181,0.0,0.5,0.7050898203592815,1,4,551,5075
ATXSOMIK98ZMH,0.29626624824677594,0.06664597718985181,0.0,0.5,0.7050898203592815,1,4,551,5076
AOW5OPZTW1C28,0.29626624824677594,0.06664597718985181,0.0,0.5,0.7050898203592815,1,4,551,5077
A16KIQ83QUDL68,0.29626624824677594,0.06664597718985181,0.0,0.5,0.7050898203592815,1,4,551,5078
A37FBFYV7JGRVN,0.29626624824677594,0.06664597718985181,0.0,0.5,0.7050898203592815,1,4,551,5079
ALXIRSNGIYHRY,0.29626624824677594,0.06664597718985181,0.0,0.5,0.7050898203592815,1,4,551,5080
A36R1GGNDJ0R5I,0.29626624824677594,0.06664597718985181,0.0,0.5,0.7050898203592815,1,4,551,5081
A1W18337L4X2LD,0.29626624824677594,0.06664597718985181,0.0,0.5,0.7050898203592815,1,4,551,5082
A1LXOMK4K8CPPU,0.29626624824677594,0.06664597718985181,0.0,0.5,0.7050898203592815,1,4,551,5083
A365PBEOWM7EI7,0.29626624824677594,0.06664597718985181,0.0,0.5,0.7050898203592815,1,4,551,5084
AOIT1BEY7BRC8,0.29626624824677594,0.06664597718985181,0.0,0.5,0.7050898203592815,1,4,551,5085
A2IJ8OWXSJQV27,0.29626624824677594,0.06664597718985181,0.0,0.5,0.7050898203592815,1,4,551,5086
A3OY03STLZCY1,0.29626624824677594,0.06664597718985181,0.0,0.5,0.7050898203592815,1,4,551,5087
AZ3KFS5LTFPTQ,0.29626624824677594,0.06664597718985181,0.0,0.5,0.7050898203592815,1,4,551,5088
A23UX0TM93QIQZ,0.29626624824677594,0.06664597718985181,0.0,0.5,0.7050898203592815,1,4,551,5089
A23UFEVSV8IBPQ,0.29626624824677594,0.06664597718985181,0.0,0.5,0.7050898203592815,1,4,551,5090
A3J9C4DT8XKMCP,0.29626624824677594,0.06664597718985181,0.0,0.5,0.7050898203592815,1,4,551,5091
A2EPL9FTJEUSZV,0.29626624824677594,0.06664597718985181,0.0,0.5,0.7050898203592815,1,4,551,5092
AID2DBGZBVOJY,0.29626624824677594,0.06664597718985181,0.0,0.5,0.7050898203592815,1,4,551,5093
A2ENU7RB48VUF5,0.29626624824677594,0.06664597718985181,0.0,0.5,0.7050898203592815,1,4,551,5094
AR64CEBJWBICU,0.29626624824677594,0.06664597718985181,0.0,0.5,0.7050898203592815,1,4,551,5095
ARTOW7IV000K8,0.29626624824677594,0.06664597718985181,0.0,0.5,0.7050898203592815,1,4,551,5096
A19CYR02E7UPBV,0.29626624824677594,0.06664597718985181,0.0,0.5,0.7050898203592815,1,4,551,5097
A35HUT8MQMT21L,0.29626624824677594,0.06664597718985181,0.0,0.5,0.7050898203592815,1,4,551,5098
A1CFU5XJXN3PV4,0.29626624824677594,0.06664597718985181,0.0,0.5,0.7050898203592815,1,4,551,5099
AZLAKWWT1RKGP,0.29626624824677594,0.06664597718985181,0.0,0.5,0.7050898203592815,1,4,551,5100
A29IE483D5HY5R,0.29626624824677594,0.06664597718985181,0.0,0.5,0.7050898203592815,1,4,551,5101
A1P9FP9ZZ00TU4,0.29626624824677594,0.06664597718985181,0.0,0.5,0.7050898203592815,1,4,551,5102
A3J2N3MC99CLB3,0.29626624824677594,0.06664597718985181,0.0,0.5,0.7050898203592815,1,4,551,5103
A3AK2R0N3CKTUP,0.29626624824677594,0.06664597718985181,0.0,0.5,0.7050898203592815,1,4,551,5104
A2XHRN1WV0B6MV,0.29626624824677594,0.06664597718985181,0.0,0.5,0.7050898203592815,1,4,551,5105
A1RM8B6R7JRPNI,0.29626624824677594,0.06664597718985181,0.0,0.5,0.7050898203592815,1,4,551,5106
A1Y0OMDO1NIKOT,0.29626624824677594,0.06664597718985181,0.0,0.5,0.7050898203592815,1,4,551,5107
A2P52SPNEHYPZ9,0.29626624824677594,0.06664597718985181,0.0,0.5,0.7050898203592815,1,4,551,5108
A3SC91NJUK624,0.29626624824677594,0.06664597718985181,0.0,0.5,0.7050898203592815,1,4,551,5109
A37VJLVXDOWABZ,0.29626624824677594,0.06664597718985181,0.0,0.5,0.7050898203592815,1,4,551,5110
A1XXTDDNAKXLHO,0.29626624824677594,0.06664597718985181,0.0,0.5,0.7050898203592815,1,4,551,5111
A1XZ16AFVCACUN,0.29626624824677594,0.06664597718985181,0.0,0.5,0.7050898203592815,1,4,551,5112
A1DIFL0333QPEB,0.29626624824677594,0.06664597718985181,0.0,0.5,0.7050898203592815,1,4,551,5113
A1RTXXRXQPWH9F,0.29626624824677594,0.06664597718985181,0.0,0.5,0.7050898203592815,1,4,551,5114
A21SDYUVDLYATM,0.29626624824677594,0.06664597718985181,0.0,0.5,0.7050898203592815,1,4,551,5115
A242NHKVYIYHHP,0.29626624824677594,0.06664597718985181,0.0,0.5,0.7050898203592815,1,4,551,5116
A3MWMO2IOQDWBJ,0.29626624824677594,0.06664597718985181,0.0,0.5,0.7050898203592815,1,4,551,5117
A2B7WSIBZIC2F5,0.29626624824677594,0.06664597718985181,0.0,0.5,0.7050898203592815,1,4,551,5118
A3MH75XEELHGY0,0.29626624824677594,0.06664597718985181,0.0,0.5,0.7050898203592815,1,4,551,5119
A3HBASBZZVT2N7,0.29626624824677594,0.06664597718985181,0.0,0.5,0.7050898203592815,1,4,551,5120
A21YJPHV31QQ92,0.29626624824677594,0.06664597718985181,0.0,0.5,0.7050898203592815,1,4,551,5121
AX329NHW6B7BA,0.29626624824677594,0.06664597718985181,0.0,0.5,0.7050898203592815,1,4,551,5122
A1X7X8KB9NXPAA,0.29626624824677594,0.06664597718985181,0.0,0.5,0.7050898203592815,1,4,551,5123
A3QVRSVMJ4TRJX,0.29626624824677594,0.06664597718985181,0.0,0.5,0.7050898203592815,1,4,551,5124
A3H0KNC7PKLXU7,0.29626624824677594,0.06664597718985181,0.0,0.5,0.7050898203592815,1,4,551,5125
A2VRYMER23944K,0.29626624824677594,0.06664597718985181,0.0,0.5,0.7050898203592815,1,4,551,5126
A8ZDH1PO2NXBW,0.29626624824677594,0.06664597718985181,0.0,0.5,0.7050898203592815,1,4,551,5127
A91BVZEDZYEWW,0.29626624824677594,0.06664597718985181,0.0,0.5,0.7050898203592815,1,4,551,5128
A3N1KKOGKXBICU,0.29626624824677594,0.06664597718985181,0.0,0.5,0.7050898203592815,1,4,551,5129
A2W27OK4XZK1NZ,0.29626624824677594,0.06664597718985181,0.0,0.5,0.7050898203592815,1,4,551,5130
A2VZET5SXXG5AJ,0.29626624824677594,0.06664597718985181,0.0,0.5,0.7050898203592815,1,4,551,5131
A23W4SGMFMSE5N,0.29626624824677594,0.06664597718985181,0.0,0.5,0.7050898203592815,1,4,551,5132
AKKD4NIONN7DJ,0.29626624824677594,0.06664597718985181,0.0,0.5,0.7050898203592815,1,4,551,5133
A2QA43U4AHHCC,0.29626624824677594,0.06664597718985181,0.0,0.5,0.7050898203592815,1,4,551,5134
A1K3O5HTQ3CY0C,0.29626624824677594,0.06664597718985181,0.0,0.5,0.7050898203592815,1,4,551,5135
A2BBZGVLEGIAVN,0.29626624824677594,0.06664597718985181,0.0,0.5,0.7050898203592815,1,4,551,5136
A1KHHZYK9BF0B1,0.29626624824677594,0.06664597718985181,0.0,0.5,0.7050898203592815,1,4,551,5137
AM2RKBZ539OVW,0.29626624824677594,0.06664597718985181,0.0,0.5,0.7050898203592815,1,4,551,5138
A3L53MXMJ1OOWV,0.29626624824677594,0.06664597718985181,0.0,0.5,0.7050898203592815,1,4,551,5139
A2YA8HT95FIXB8,0.29626624824677594,0.06664597718985181,0.0,0.5,0.7050898203592815,1,4,551,5140
A1DLMTOTHQ4AST,0.29626624824677594,0.06664597718985181,0.0,0.5,0.7050898203592815,1,4,551,5141
AJL9UH9G5AC9P,0.29626624824677594,0.06664597718985181,0.0,0.5,0.7050898203592815,1,4,551,5142
AT9254GWBBOTC,0.29626624824677594,0.06664597718985181,0.0,0.5,0.7050898203592815,1,4,551,5143
AQ60TA0Z5FTGC,0.29626624824677594,0.06664597718985181,0.0,0.5,0.7050898203592815,1,4,551,5144
A27TQB8CIV25OX,0.29626624824677594,0.06664597718985181,0.0,0.5,0.7050898203592815,1,4,551,5145
A1B58TDQ0XQGU6,0.29626624824677594,0.06664597718985181,0.0,0.5,0.7050898203592815,1,4,551,5146
AA0YPCLUF78B4,0.29626624824677594,0.06664597718985181,0.0,0.5,0.7050898203592815,1,4,551,5147
AXKVDODFCKHYJ,0.29626624824677594,0.06664597718985181,0.0,0.5,0.7050898203592815,1,4,551,5148
A232X0D2CYSOG3,0.29626624824677594,0.06664597718985181,0.0,0.5,0.7050898203592815,1,4,551,5149
A1UVUDG4DQ66L,0.29626624824677594,0.06664597718985181,0.0,0.5,0.7050898203592815,1,4,551,5150
A1ZBR4NYVGY7U7,0.29626624824677594,0.06664597718985181,0.0,0.5,0.7050898203592815,1,4,551,5151
A3DGJXTSR0R73C,0.29626624824677594,0.06664597718985181,0.0,0.5,0.7050898203592815,1,4,551,5152
A3L9UYRI7SE826,0.29626624824677594,0.06664597718985181,0.0,0.5,0.7050898203592815,1,4,551,5153
ACRWKOL0WAT8M,0.29626624824677594,0.06664597718985181,0.0,0.5,0.7050898203592815,1,4,551,5154
A27N36BPXB2EKB,0.29626624824677594,0.06664597718985181,0.0,0.5,0.7050898203592815,1,4,551,5155
A2XMUCJWMWFTDH,0.29626624824677594,0.06664597718985181,0.0,0.5,0.7050898203592815,1,4,551,5156
A26AY1BPGZ50AG,0.29626624824677594,0.06664597718985181,0.0,0.5,0.7050898203592815,1,4,551,5157
A1R5GNP5CWJG44,0.29626624824677594,0.06664597718985181,0.0,0.5,0.7050898203592815,1,4,551,5158
A3HN1NFTA2Q7VV,0.29626624824677594,0.06664597718985181,0.0,0.5,0.7050898203592815,1,4,551,5159
A32M3NV9464KEA,0.29626624824677594,0.06664597718985181,0.0,0.5,0.7050898203592815,1,4,551,5160
A2IDRAYYZ5GKBZ,0.29626624824677594,0.06664597718985181,0.0,0.5,0.7050898203592815,1,4,551,5161
A2ICE47SJFD90U,0.29626624824677594,0.06664597718985181,0.0,0.5,0.7050898203592815,1,4,551,5162
A2SZMPX5JFBFFF,0.29626624824677594,0.06664597718985181,0.0,0.5,0.7050898203592815,1,4,551,5163
AOA98DNOIPBZG,0.29626624824677594,0.06664597718985181,0.0,0.5,0.7050898203592815,1,4,551,5164
A1TZ0VDFSS1Z4C,0.29626624824677594,0.06664597718985181,0.0,0.5,0.7050898203592815,1,4,551,5165
A2SYCZ9Y5Y6IGB,0.29626624824677594,0.06664597718985181,0.0,0.5,0.7050898203592815,1,4,551,5166
A1V5QP5KNFAM6X,0.29626624824677594,0.06664597718985181,0.0,0.5,0.7050898203592815,1,4,551,5167
AHKJXWMSUWE2U,0.29626624824677594,0.06664597718985181,0.0,0.5,0.7050898203592815,1,4,551,5168
A31L967UMFOLPT,0.29626624824677594,0.06664597718985181,0.0,0.5,0.7050898203592815,1,4,551,5169
A1G1SBEB82NDRU,0.29626624824677594,0.06664597718985181,0.0,0.5,0.7050898203592815,1,4,551,5170
A1ZKA59YVVN4PF,0.29626624824677594,0.06664597718985181,0.0,0.5,0.7050898203592815,1,4,551,5171
A3TB2M0Y63G0OF,0.29626624824677594,0.06664597718985181,0.0,0.5,0.7050898203592815,1,4,551,5172
AJ7ILS8P4WD2M,0.29626624824677594,0.06664597718985181,0.0,0.5,0.7050898203592815,1,4,551,5173
A175V5Z3EFCZG,0.29626624824677594,0.06664597718985181,0.0,0.5,0.7050898203592815,1,4,551,5174
A3HUK2D3SNXHMR,0.29626624824677594,0.06664597718985181,0.0,0.5,0.7050898203592815,1,4,551,5175
ASWOF6PRBN5V0,0.29626624824677594,0.06664597718985181,0.0,0.5,0.7050898203592815,1,4,551,5176
A1BUH3JUQ1MLOO,0.29626624824677594,0.06664597718985181,0.0,0.5,0.7050898203592815,1,4,551,5177
A3SXP858XO6OCZ,0.29626624824677594,0.06664597718985181,0.0,0.5,0.7050898203592815,1,4,551,5178
A3T6W3UKZBIUTB,0.29626624824677594,0.06664597718985181,0.0,0.5,0.7050898203592815,1,4,551,5179
A1FNVTIU6Q062Z,0.29626624824677594,0.06664597718985181,0.0,0.5,0.7050898203592815,1,4,551,5180
A34W3C38EAN5WL,0.29626624824677594,0.06664597718985181,0.0,0.5,0.7050898203592815,1,4,551,5181
A3FS3FJPD3RJTD,0.29626624824677594,0.06664597718985181,0.0,0.5,0.7050898203592815,1,4,551,5182
A3FVSZUAV37MYM,0.29626624824677594,0.06664597718985181,0.0,0.5,0.7050898203592815,1,4,551,5183
A1VH4YW78W1G6O,0.29626624824677594,0.06664597718985181,0.0,0.5,0.7050898203592815,1,4,551,5184
A3CYGJR5YNON0D,0.29626624824677594,0.06664597718985181,0.0,0.5,0.7050898203592815,1,4,551,5185
A1L1N3J6XNABO2,0.29626624824677594,0.06664597718985181,0.0,0.5,0.7050898203592815,1,4,551,5186
A1Q4HTJCDAU1VI,0.29626624824677594,0.06664597718985181,0.0,0.5,0.7050898203592815,1,4,551,5187
A154N4DL6101SC,0.29626624824677594,0.06664597718985181,0.0,0.5,0.7050898203592815,1,4,551,5188
A152ZZZPA3BAGU,0.29626624824677594,0.06664597718985181,0.0,0.5,0.7050898203592815,1,4,551,5189
A297R44X7WEQ8T,0.29626624824677594,0.06664597718985181,0.0,0.5,0.7050898203592815,1,4,551,5190
A20NUW4T1DB7UQ,0.29626624824677594,0.06664597718985181,0.0,0.5,0.7050898203592815,1,4,551,5191
A2F1V6JKYFP67M,0.29626624824677594,0.06664597718985181,0.0,0.5,0.7050898203592815,1,4,551,5192
A6UONSUT6D70X,0.29626624824677594,0.06664597718985181,0.0,0.5,0.7050898203592815,1,4,551,5193
A2E81T06VRM5LY,0.29626624824677594,0.06664597718985181,0.0,0.5,0.7050898203592815,1,4,551,5194
A153OJR22XJQF1,0.29626624824677594,0.06664597718985181,0.0,0.5,0.7050898203592815,1,4,551,5195
A1302F5IP6W9Q1,0.29626624824677594,0.06664597718985181,0.0,0.5,0.7050898203592815,1,4,551,5196
A1AJ1LFYJW80AT,0.29626624824677594,0.06664597718985181,0.0,0.5,0.7050898203592815,1,4,551,5197
A20361V1Y2GZ5X,0.29626624824677594,0.06664597718985181,0.0,0.5,0.7050898203592815,1,4,551,5198
A3CELQN8FLDW0Y,0.29626624824677594,0.06664597718985181,0.0,0.5,0.7050898203592815,1,4,551,5199
A2FB6W4914JSAN,0.29626624824677594,0.06664597718985181,0.0,0.5,0.7050898203592815,1,4,551,5200
AEU3JVTB1XJTN,0.29626624824677594,0.06664597718985181,0.0,0.5,0.7050898203592815,1,4,551,5201
A31COKWABW2WH2,0.29626624824677594,0.06664597718985181,0.0,0.5,0.7050898203592815,1,4,551,5202
A2ZL6GEH9ZW4ES,0.29626624824677594,0.06664597718985181,0.0,0.5,0.7050898203592815,1,4,551,5203
ARBA3PVDL118W,0.29626624824677594,0.06664597718985181,0.0,0.5,0.7050898203592815,1,4,551,5204
A2F30TRZIIDMXY,0.29626624824677594,0.06664597718985181,0.0,0.5,0.7050898203592815,1,4,551,5205
A3C35YQCMRP4Q6,0.29626624824677594,0.06664597718985181,0.0,0.5,0.7050898203592815,1,4,551,5206
A2YHVZ52FRPAOR,0.29626624824677594,0.06664597718985181,0.0,0.5,0.7050898203592815,1,4,551,5207
A2MOM7UV3ZY4H1,0.29626624824677594,0.06664597718985181,0.0,0.5,0.7050898203592815,1,4,551,5208
A1KY771GFD2Z63,0.29626624824677594,0.06664597718985181,0.0,0.5,0.7050898203592815,1,4,551,5209
A19JO0D9LYFJZF,0.29626624824677594,0.06664597718985181,0.0,0.5,0.7050898203592815,1,4,551,5210
AN9CP6J4JF91X,0.29626624824677594,0.06664597718985181,0.0,0.5,0.7050898203592815,1,4,551,5211
A29ZO7EB4NTC07,0.29626624824677594,0.06664597718985181,0.0,0.5,0.7050898203592815,1,4,551,5212
A39KES33IH1GXR,0.29626624824677594,0.06664597718985181,0.0,0.5,0.7050898203592815,1,4,551,5213
AVW90M65ADTDM,0.29626624824677594,0.06664597718985181,0.0,0.5,0.7050898203592815,1,4,551,5214
A29CT3MXKBWVQ6,0.29626624824677594,0.06664597718985181,0.0,0.5,0.7050898203592815,1,4,551,5215
A29BDFO26ZEITL,0.29626624824677594,0.06664597718985181,0.0,0.5,0.7050898203592815,1,4,551,5216
A214DG8Y09M3W9,0.29626624824677594,0.06664597718985181,0.0,0.5,0.7050898203592815,1,4,551,5217
A2T1DD07FMCAKQ,0.29626624824677594,0.06664597718985181,0.0,0.5,0.7050898203592815,1,4,551,5218
ANEZ6Z9XPZSJH,0.29626624824677594,0.06664597718985181,0.0,0.5,0.7050898203592815,1,4,551,5219
AN9WEMSAAQ6GM,0.29626624824677594,0.06664597718985181,0.0,0.5,0.7050898203592815,1,4,551,5220
A9MGHMVZMJL9Y,0.29626624824677594,0.06664597718985181,0.0,0.5,0.7050898203592815,1,4,551,5221
AIIGU7JSDMESE,0.29626624824677594,0.06664597718985181,0.0,0.5,0.7050898203592815,1,4,551,5222
AZXIGU9MBPYW,0.29626624824677594,0.06664597718985181,0.0,0.5,0.7050898203592815,1,4,551,5223
A3BUDM5FYDLU71,0.29626624824677594,0.06664597718985181,0.0,0.5,0.7050898203592815,1,4,551,5224
A2LYK1AGZ4U9L8,0.29626624824677594,0.06664597718985181,0.0,0.5,0.7050898203592815,1,4,551,5225
A3BEYFBHNGZ9S6,0.29626624824677594,0.06664597718985181,0.0,0.5,0.7050898203592815,1,4,551,5226
ACLU576JJXM93,0.29626624824677594,0.06664597718985181,0.0,0.5,0.7050898203592815,1,4,551,5227
A3A4PWZFZU29MW,0.29626624824677594,0.06664597718985181,0.0,0.5,0.7050898203592815,1,4,551,5228
A2LUJ7HIK09GEU,0.29626624824677594,0.06664597718985181,0.0,0.5,0.7050898203592815,1,4,551,5229
AHXWPY977L7VF,0.29626624824677594,0.06664597718985181,0.0,0.5,0.7050898203592815,1,4,551,5230
AF74VPDSL69FE,0.29626624824677594,0.06664597718985181,0.0,0.5,0.7050898203592815,1,4,551,5231
A77R969THZFH7,0.29626624824677594,0.06664597718985181,0.0,0.5,0.7050898203592815,1,4,551,5232
A3UFIFPNO0TR0Q,0.29625234549417123,0.0022342004941804266,0.043680850439970415,1.0,0.33864749094369784,2,15,183,5233
ACNAJKU6NPDW,0.2961148779302646,8.433954081758057e-05,0.2379765053972778,0.5143652481887981,0.5348896003237608,2,3,877,5234
A246IM7MP7YZ8K,0.2951146499299477,0.13331781622572217,0.0,1.0,0.22047722024892397,2,0,20,5235
A328Z8A4GQWOQI,0.2943083717307067,2.9490448739314452e-05,0.08972690138277795,1.0,0.28747119700156143,2,0,22,5236
A1ABVP0DV1ZN89,0.29380841521046364,0.00032689920708127445,0.06505859976971787,1.0,0.30978278202363907,2,0,29,5237
AOY9SZTMNQWAW,0.29371663596843617,0.0010051459741237565,0.4644526157012282,0.6169509223866431,0.21564701509425355,3,7,215,5238
A21U4DR8M6I9QN,0.2936144982675546,0.000919837998461862,0.2028666214911093,0.5143652481887981,0.5589953674299164,2,10,229,5239
A2H1ZKAQN0B49Z,0.2927489026633034,0.006641322057568469,0.1567468643985635,1.0,0.20627915978556793,2,0,27,5240
A3PD8JD9L4WEII,0.2927278844044455,0.00023007611573141345,0.04266175131447231,1.0,0.32797369496443196,2,9,56,5241
A3EQQHWJ1EEYEU,0.29233480053674105,0.00026741603830344167,0.024415965260609677,1.0,0.3446023376403904,3,10,365,5242
A3LDPF5FMB782Z,0.29229541544774224,0.0003235712726180684,0.5745599775915189,0.5712102976547352,0.13726516054852025,5,7,166,5243
A1DE7W7O9L1UYX,0.29220139009168994,0.0010494903964954694,0.05142481518222397,1.0,0.3161213567087412,3,1,530,5244
A3UBI8XEO26P2C,0.2919960699617394,0.13331781622572217,0.009784604448003283,1.0,0.1982182959280875,2,0,26,5245
A2BK7LBCEWRREY,0.29171259462971805,0.00018183858711498372,0.1501280566123051,0.6169509223866431,0.5229433776927146,3,2,470,5246
A386NVAVQV5WUO,0.29160014432087783,0.0016002805694904645,0.1658858480700216,1.0,0.19859439253010105,2,0,24,5247
A3OCHH22N0W1AR,0.29133621928297104,0.0006722725941476132,0.012551332690632692,1.0,0.3519868173282742,2,0,82,5248
A3NHUQ33CFH3VM,0.29121730383473526,0.19998965526159254,0.2311411109580787,0.5,0.2937405180669512,3,0,68,5249
A2TVT03TGAMFL4,0.2911481726689854,0.00021614119948368295,0.17396556132374616,0.5,0.590367759912815,2,4,1020,5250
AMDZ6MZR6CRG9,0.29076257041873665,0.00017023179820457933,0.16690002099548196,0.5143652481887981,0.5844537839705807,2,3,543,5251
A2NX6MFZP8TM6S,0.29044341341675994,0.0024434655256803336,0.015238522207716905,1.0,0.34360297282850627,2,0,31,5252
A3O72DJ2MQ8930,0.29039465371069495,5.055286920878978e-05,0.08929846544388846,1.0,0.2722194859558407,2,0,59,5253
A2XCALYSPH9WUV,0.29026561217451163,0.19998965526159254,0.25881087510691114,0.6169509223866431,0.16870324936790984,3,0,39,5254
A1DBDCQASEIMDW,0.2901516414217976,0.001826133682755608,0.21203340639308427,0.5143652481887981,0.5348896003237608,2,3,877,5255
A14LG64GIVZIGS,0.29004894135052484,7.988254579090046e-05,0.020944116025472415,1.0,0.3391557903216777,2,1,248,5256
A2CUOPUW0ZDPW6,0.2897168470491711,0.06664597718985181,0.0,0.5,0.6788922155688624,1,3,481,5257
A2CXHJECJ8R0QL,0.2897168470491711,0.06664597718985181,0.0,0.5,0.6788922155688624,1,3,481,5258
AZHV16QDXACKC,0.2897168470491711,0.06664597718985181,0.0,0.5,0.6788922155688624,1,3,481,5259
A3B21ZWOW9I4X7,0.2897168470491711,0.06664597718985181,0.0,0.5,0.6788922155688624,1,3,481,5260
A1IDFR483R23N,0.2897168470491711,0.06664597718985181,0.0,0.5,0.6788922155688624,1,3,481,5261
A3AQOHP0SK2JBY,0.2897168470491711,0.06664597718985181,0.0,0.5,0.6788922155688624,1,3,481,5262
A1NHTHTDTL70OV,0.2897168470491711,0.06664597718985181,0.0,0.5,0.6788922155688624,1,3,481,5263
A1NGKLLPET4J88,0.2897168470491711,0.06664597718985181,0.0,0.5,0.6788922155688624,1,3,481,5264
A1NMFG57527DGM,0.2897168470491711,0.06664597718985181,0.0,0.5,0.6788922155688624,1,3,481,5265
A31QX4MCDU5235,0.2897168470491711,0.06664597718985181,0.0,0.5,0.6788922155688624,1,3,481,5266
A3FBX7QRP0B7S8,0.2897168470491711,0.06664597718985181,0.0,0.5,0.6788922155688624,1,3,481,5267
A360AVFBKSAY4W,0.2897168470491711,0.06664597718985181,0.0,0.5,0.6788922155688624,1,3,481,5268
A2DD6S47KYGQEV,0.2897168470491711,0.06664597718985181,0.0,0.5,0.6788922155688624,1,3,481,5269
A143X0EUX2LCDS,0.2897168470491711,0.06664597718985181,0.0,0.5,0.6788922155688624,1,3,481,5270
A9X950RNKST4P,0.2897168470491711,0.06664597718985181,0.0,0.5,0.6788922155688624,1,3,481,5271
A2B54000WDS6D2,0.2897168470491711,0.06664597718985181,0.0,0.5,0.6788922155688624,1,3,481,5272
A3A18QLK7CNIVX,0.2897168470491711,0.06664597718985181,0.0,0.5,0.6788922155688624,1,3,481,5273
A39WL7TJZW0ALV,0.2897168470491711,0.06664597718985181,0.0,0.5,0.6788922155688624,1,3,481,5274
A3C6RY5QEY89CE,0.2897168470491711,0.06664597718985181,0.0,0.5,0.6788922155688624,1,3,481,5275
A1POXXTXRSNEYU,0.2897168470491711,0.06664597718985181,0.0,0.5,0.6788922155688624,1,3,481,5276
ART6PY1KQ0CR7,0.2897168470491711,0.06664597718985181,0.0,0.5,0.6788922155688624,1,3,481,5277
ARHGG2KXAPR32,0.2897168470491711,0.06664597718985181,0.0,0.5,0.6788922155688624,1,3,481,5278
A3IL9TABNQ0SYP,0.2897168470491711,0.06664597718985181,0.0,0.5,0.6788922155688624,1,3,481,5279
A2VR3SNZMCUTZ6,0.2897168470491711,0.06664597718985181,0.0,0.5,0.6788922155688624,1,3,481,5280
A1GCLR2XBUFH6,0.2897168470491711,0.06664597718985181,0.0,0.5,0.6788922155688624,1,3,481,5281
A2WB7LZ595CR50,0.2897168470491711,0.06664597718985181,0.0,0.5,0.6788922155688624,1,3,481,5282
A3LYRF8UZ0W182,0.2897168470491711,0.06664597718985181,0.0,0.5,0.6788922155688624,1,3,481,5283
A3LSNT62S89ERQ,0.2897168470491711,0.06664597718985181,0.0,0.5,0.6788922155688624,1,3,481,5284
A3LLFZGX8RTA0E,0.2897168470491711,0.06664597718985181,0.0,0.5,0.6788922155688624,1,3,481,5285
A2XOUBTCDPFMBB,0.2897168470491711,0.06664597718985181,0.0,0.5,0.6788922155688624,1,3,481,5286
A2E4ROH3UVXCEJ,0.2897168470491711,0.06664597718985181,0.0,0.5,0.6788922155688624,1,3,481,5287
A81LEWNPJ49WO,0.2897168470491711,0.06664597718985181,0.0,0.5,0.6788922155688624,1,3,481,5288
A1FXR3BGMW7F22,0.2897168470491711,0.06664597718985181,0.0,0.5,0.6788922155688624,1,3,481,5289
AR07B1BMVZ3QC,0.2897168470491711,0.06664597718985181,0.0,0.5,0.6788922155688624,1,3,481,5290
A3BZ20YGTVLAG5,0.2897168470491711,0.06664597718985181,0.0,0.5,0.6788922155688624,1,3,481,5291
A11L3AWH521WFV,0.2897168470491711,0.06664597718985181,0.0,0.5,0.6788922155688624,1,3,481,5292
A1RHA553QUE54L,0.2897168470491711,0.06664597718985181,0.0,0.5,0.6788922155688624,1,3,481,5293
A391VSDDL0NTF4,0.2897168470491711,0.06664597718985181,0.0,0.5,0.6788922155688624,1,3,481,5294
AQ9O2ACE8C9WS,0.2897168470491711,0.06664597718985181,0.0,0.5,0.6788922155688624,1,3,481,5295
A1QK3W42I9LS30,0.2897168470491711,0.06664597718985181,0.0,0.5,0.6788922155688624,1,3,481,5296
A1D5HLEQD8J0MI,0.2897168470491711,0.06664597718985181,0.0,0.5,0.6788922155688624,1,3,481,5297
A9R1940MBF122,0.2897168470491711,0.06664597718985181,0.0,0.5,0.6788922155688624,1,3,481,5298
A7829CRHD25WU,0.2897168470491711,0.06664597718985181,0.0,0.5,0.6788922155688624,1,3,481,5299
A2VCAIFRFMLMMD,0.2897168470491711,0.06664597718985181,0.0,0.5,0.6788922155688624,1,3,481,5300
AR1ZV5U2DYA7I,0.2897168470491711,0.06664597718985181,0.0,0.5,0.6788922155688624,1,3,481,5301
A3F4DSZ38VDKNR,0.2897168470491711,0.06664597718985181,0.0,0.5,0.6788922155688624,1,3,481,5302
ADF86HAB3K6EF,0.2897168470491711,0.06664597718985181,0.0,0.5,0.6788922155688624,1,3,481,5303
A2FW8B993V84VI,0.2897168470491711,0.06664597718985181,0.0,0.5,0.6788922155688624,1,3,481,5304
A6MA0VVEUCEVQ,0.2897168470491711,0.06664597718985181,0.0,0.5,0.6788922155688624,1,3,481,5305
A6312S8QYEDED,0.2897168470491711,0.06664597718985181,0.0,0.5,0.6788922155688624,1,3,481,5306
A1T8IVXCCBEA44,0.2897168470491711,0.06664597718985181,0.0,0.5,0.6788922155688624,1,3,481,5307
A1TPQIM8DOH9JN,0.2897168470491711,0.06664597718985181,0.0,0.5,0.6788922155688624,1,3,481,5308
A1UEWPPJHPS17C,0.2897168470491711,0.06664597718985181,0.0,0.5,0.6788922155688624,1,3,481,5309
AD2KEOIA6BSUZ,0.2897168470491711,0.06664597718985181,0.0,0.5,0.6788922155688624,1,3,481,5310
A2SI71XM3BMLAD,0.2897168470491711,0.06664597718985181,0.0,0.5,0.6788922155688624,1,3,481,5311
A3PW19X5NQU3EF,0.2897168470491711,0.06664597718985181,0.0,0.5,0.6788922155688624,1,3,481,5312
A2T4KPVN5XQ5V6,0.2897168470491711,0.06664597718985181,0.0,0.5,0.6788922155688624,1,3,481,5313
A2SS9DRRQQ7EG5,0.2897168470491711,0.06664597718985181,0.0,0.5,0.6788922155688624,1,3,481,5314
A2T1BB7S1F9YYU,0.2897168470491711,0.06664597718985181,0.0,0.5,0.6788922155688624,1,3,481,5315
A5ZELOQA2OY7V,0.2897168470491711,0.06664597718985181,0.0,0.5,0.6788922155688624,1,3,481,5316
A2HDRD3QSR2XWC,0.2897168470491711,0.06664597718985181,0.0,0.5,0.6788922155688624,1,3,481,5317
A3FOXL24P5ZGE8,0.2897168470491711,0.06664597718985181,0.0,0.5,0.6788922155688624,1,3,481,5318
A2I6H0OBCTMNN9,0.2897168470491711,0.06664597718985181,0.0,0.5,0.6788922155688624,1,3,481,5319
A54S9CIUV5VNB,0.2897168470491711,0.06664597718985181,0.0,0.5,0.6788922155688624,1,3,481,5320
A27IPICV6MUXIE,0.2897168470491711,0.06664597718985181,0.0,0.5,0.6788922155688624,1,3,481,5321
A271VNQZ9NCM42,0.2897168470491711,0.06664597718985181,0.0,0.5,0.6788922155688624,1,3,481,5322
A2QIB13E4TR50S,0.2897168470491711,0.06664597718985181,0.0,0.5,0.6788922155688624,1,3,481,5323
A1BMPAGUVC0T9W,0.2897168470491711,0.06664597718985181,0.0,0.5,0.6788922155688624,1,3,481,5324
ANV2AKYYI04EU,0.2897168470491711,0.06664597718985181,0.0,0.5,0.6788922155688624,1,3,481,5325
A3RMXJ4XMR56GB,0.2897168470491711,0.06664597718985181,0.0,0.5,0.6788922155688624,1,3,481,5326
APGN8QGF0P5QR,0.2897168470491711,0.06664597718985181,0.0,0.5,0.6788922155688624,1,3,481,5327
APHEQQGFN0F31,0.2897168470491711,0.06664597718985181,0.0,0.5,0.6788922155688624,1,3,481,5328
APEJ8EJCC8PQ8,0.2897168470491711,0.06664597718985181,0.0,0.5,0.6788922155688624,1,3,481,5329
A2UD5EG63WWTUR,0.2897168470491711,0.06664597718985181,0.0,0.5,0.6788922155688624,1,3,481,5330
A6XGIW9KSC0Y1,0.2897168470491711,0.06664597718985181,0.0,0.5,0.6788922155688624,1,3,481,5331
A186R37OQQ8TP1,0.2897168470491711,0.06664597718985181,0.0,0.5,0.6788922155688624,1,3,481,5332
A183VLQN2JD01,0.2897168470491711,0.06664597718985181,0.0,0.5,0.6788922155688624,1,3,481,5333
A99TMXJYXUL55,0.2897168470491711,0.06664597718985181,0.0,0.5,0.6788922155688624,1,3,481,5334
A2IEKS5Z84WVSR,0.2897168470491711,0.06664597718985181,0.0,0.5,0.6788922155688624,1,3,481,5335
A2IBDTAQUO9UI8,0.2897168470491711,0.06664597718985181,0.0,0.5,0.6788922155688624,1,3,481,5336
A3FUTKW59AWR6C,0.2897168470491711,0.06664597718985181,0.0,0.5,0.6788922155688624,1,3,481,5337
A3QJFOLL5KGS8H,0.2897168470491711,0.06664597718985181,0.0,0.5,0.6788922155688624,1,3,481,5338
AN6774EDYBQPP,0.2897168470491711,0.06664597718985181,0.0,0.5,0.6788922155688624,1,3,481,5339
A339DV3S739GE8,0.2897168470491711,0.06664597718985181,0.0,0.5,0.6788922155688624,1,3,481,5340
A1V6OO610O7MAO,0.2897168470491711,0.06664597718985181,0.0,0.5,0.6788922155688624,1,3,481,5341
A1UQRSCLF8GW1T,0.2897168470491711,0.06664597718985181,0.0,0.5,0.6788922155688624,1,3,481,5342
AM76TKHVICZC6,0.2897168470491711,0.06664597718985181,0.0,0.5,0.6788922155688624,1,3,481,5343
A1FF2PLA84KNAE,0.2897168470491711,0.06664597718985181,0.0,0.5,0.6788922155688624,1,3,481,5344
A1WKJRJRP3BLVS,0.2897168470491711,0.06664597718985181,0.0,0.5,0.6788922155688624,1,3,481,5345
A3SDJ70H00OQCJ,0.2897168470491711,0.06664597718985181,0.0,0.5,0.6788922155688624,1,3,481,5346
A24C863NNAPCLW,0.2897168470491711,0.06664597718985181,0.0,0.5,0.6788922155688624,1,3,481,5347
A34LPMU4LNSJC6,0.2897168470491711,0.06664597718985181,0.0,0.5,0.6788922155688624,1,3,481,5348
A13BOWET73AJQ1,0.2897168470491711,0.06664597718985181,0.0,0.5,0.6788922155688624,1,3,481,5349
AFXNXN8TMGKZF,0.2897168470491711,0.06664597718985181,0.0,0.5,0.6788922155688624,1,3,481,5350
A1XE3M22N91451,0.2897168470491711,0.06664597718985181,0.0,0.5,0.6788922155688624,1,3,481,5351
A2QAGLOY2VFUYU,0.2897168470491711,0.06664597718985181,0.0,0.5,0.6788922155688624,1,3,481,5352
A3433V6H1NDFGP,0.2897168470491711,0.06664597718985181,0.0,0.5,0.6788922155688624,1,3,481,5353
AJP45EYVBQSTP,0.2897168470491711,0.06664597718985181,0.0,0.5,0.6788922155688624,1,3,481,5354
A1C2FHDWS02T2Q,0.2897168470491711,0.06664597718985181,0.0,0.5,0.6788922155688624,1,3,481,5355
A3H3AW7VY6PI1A,0.2897168470491711,0.06664597718985181,0.0,0.5,0.6788922155688624,1,3,481,5356
A2JNBBSGJFN7EF,0.2897168470491711,0.06664597718985181,0.0,0.5,0.6788922155688624,1,3,481,5357
A21YOY2I4CFF02,0.2897168470491711,0.06664597718985181,0.0,0.5,0.6788922155688624,1,3,481,5358
A1EO5YR1238VL3,0.2897168470491711,0.06664597718985181,0.0,0.5,0.6788922155688624,1,3,481,5359
A1ESIPXHHGJS16,0.2897168470491711,0.06664597718985181,0.0,0.5,0.6788922155688624,1,3,481,5360
AGC75EPFB7CYD,0.2897168470491711,0.06664597718985181,0.0,0.5,0.6788922155688624,1,3,481,5361
A1YWOG0NT12J96,0.2897168470491711,0.06664597718985181,0.0,0.5,0.6788922155688624,1,3,481,5362
A2P73QZC75DD2A,0.2897168470491711,0.06664597718985181,0.0,0.5,0.6788922155688624,1,3,481,5363
A2P1ESXY3TK3UM,0.2897168470491711,0.06664597718985181,0.0,0.5,0.6788922155688624,1,3,481,5364
A2J1WRE1KQ5CS2,0.2897168470491711,0.06664597718985181,0.0,0.5,0.6788922155688624,1,3,481,5365
A1VY2CG81I1JRR,0.2897168470491711,0.06664597718985181,0.0,0.5,0.6788922155688624,1,3,481,5366
A20HABKJ0CDE1F,0.2897168470491711,0.06664597718985181,0.0,0.5,0.6788922155688624,1,3,481,5367
A20JX4DJDU67DE,0.2897168470491711,0.06664597718985181,0.0,0.5,0.6788922155688624,1,3,481,5368
A38FEJ8BPFY320,0.2897168470491711,0.06664597718985181,0.0,0.5,0.6788922155688624,1,3,481,5369
A1YUB4V9OHM4YI,0.2897168470491711,0.06664597718985181,0.0,0.5,0.6788922155688624,1,3,481,5370
A19TAB9NLAVPPK,0.2897168470491711,0.06664597718985181,0.0,0.5,0.6788922155688624,1,3,481,5371
A34AJOQX9NGT7G,0.2897168470491711,0.06664597718985181,0.0,0.5,0.6788922155688624,1,3,481,5372
A3UK6XF38M32SK,0.2897168470491711,0.06664597718985181,0.0,0.5,0.6788922155688624,1,3,481,5373
A20WH8FQNXNZSP,0.2897168470491711,0.06664597718985181,0.0,0.5,0.6788922155688624,1,3,481,5374
A3U5HTOOB376EP,0.2897168470491711,0.06664597718985181,0.0,0.5,0.6788922155688624,1,3,481,5375
A3TT2RMPFK7D1W,0.2897168470491711,0.06664597718985181,0.0,0.5,0.6788922155688624,1,3,481,5376
A2NA41EE5VUMY0,0.2897168470491711,0.06664597718985181,0.0,0.5,0.6788922155688624,1,3,481,5377
A10K4IH3C93O4L,0.2897168470491711,0.06664597718985181,0.0,0.5,0.6788922155688624,1,3,481,5378
A10H073G5MOLJA,0.2897168470491711,0.06664597718985181,0.0,0.5,0.6788922155688624,1,3,481,5379
AXI7RR4TBX3DZ,0.2897168470491711,0.06664597718985181,0.0,0.5,0.6788922155688624,1,3,481,5380
A1GP5D3MXBKUQE,0.2897168470491711,0.06664597718985181,0.0,0.5,0.6788922155688624,1,3,481,5381
A2M7G89B9WKLG9,0.2897168470491711,0.06664597718985181,0.0,0.5,0.6788922155688624,1,3,481,5382
A1K5BHC4LS2XWY,0.2897168470491711,0.06664597718985181,0.0,0.5,0.6788922155688624,1,3,481,5383
A313H6238N589,0.2897168470491711,0.06664597718985181,0.0,0.5,0.6788922155688624,1,3,481,5384
A300M5BZZ1FWRX,0.2897168470491711,0.06664597718985181,0.0,0.5,0.6788922155688624,1,3,481,5385
A303UDTZGJRFL,0.2897168470491711,0.06664597718985181,0.0,0.5,0.6788922155688624,1,3,481,5386
A30E0PFBI2LKRC,0.2897168470491711,0.06664597718985181,0.0,0.5,0.6788922155688624,1,3,481,5387
A3F2NSR3N0UKP0,0.2897168470491711,0.06664597718985181,0.0,0.5,0.6788922155688624,1,3,481,5388
A36CA7WO8H60SK,0.2897168470491711,0.06664597718985181,0.0,0.5,0.6788922155688624,1,3,481,5389
A30E73YLNXH2LJ,0.2897168470491711,0.06664597718985181,0.0,0.5,0.6788922155688624,1,3,481,5390
A1KE06KXZCYVWG,0.2897168470491711,0.06664597718985181,0.0,0.5,0.6788922155688624,1,3,481,5391
AVWFHFRDVOC6Q,0.2897168470491711,0.06664597718985181,0.0,0.5,0.6788922155688624,1,3,481,5392
AU23M8NFNISHE,0.2897168470491711,0.06664597718985181,0.0,0.5,0.6788922155688624,1,3,481,5393
AVV7G36385NL0,0.2897168470491711,0.06664597718985181,0.0,0.5,0.6788922155688624,1,3,481,5394
A1MRDNCRZT1AWC,0.2897168470491711,0.06664597718985181,0.0,0.5,0.6788922155688624,1,3,481,5395
A31K78RDPK1UKE,0.2897168470491711,0.06664597718985181,0.0,0.5,0.6788922155688624,1,3,481,5396
A3L0LXJ66P4OFG,0.2897168470491711,0.06664597718985181,0.0,0.5,0.6788922155688624,1,3,481,5397
A3KLPTNEJ28OS2,0.2897168470491711,0.06664597718985181,0.0,0.5,0.6788922155688624,1,3,481,5398
ABU4LUKJU2QOY,0.2896306888510586,0.0015615628929307257,0.006622228214777877,1.0,0.35002665171793956,2,1,391,5399
A18HE80910BTZI,0.2896164619036932,7.424602040165697e-05,0.04069968719371361,1.0,0.3176770651965773,2,11,240,5400
A1KH2YVJA0B6MB,0.2895233790821872,0.1855243940520297,0.019315715341175214,1.0,0.11614852812513801,3,0,27,5401
A2JTL1WA0R3J3V,0.2894065515010025,0.0003325889014861106,0.041464855085291664,1.0,0.315762244236935,2,10,26,5402
A3J2YU2D9BH2J7,0.2893034936910357,0.004625661807646806,0.06460147293673836,1.0,0.28706170765822836,3,1,439,5403
A3CLWR1UUZT6TG,0.288933781576849,0.0001142050427122513,0.0,1.0,0.3555980802561412,2,7,326,5404
A2GML5RFMHMAYW,0.2888033858532247,0.014790102384174846,0.21699314803502612,0.5143652481887981,0.5089800739658242,2,14,110,5405
ALHWZSTAELK9I,0.2886731351971521,0.00041133054110189263,0.05146284499884078,0.5143652481887981,0.6912439005894069,2,4,559,5406
A3PAJ1KIMSH7FS,0.2884737038246397,0.13331781622572217,0.3458169162362266,0.5143652481887981,0.23660432104042717,2,2,73,5407
A1F9YNY2KTBO5H,0.2882849471123111,0.0009066114272103875,0.18747786271155834,0.5143652481887981,0.5530817934739951,2,0,252,5408
A1URXSRV6WDHVY,0.2880858689896857,0.0001668313303856808,0.013495787418582199,1.0,0.33864749094369784,2,15,183,5409
A23LM7S0TPQSCZ,0.28796415697497685,0.13331781622572217,0.26653824461037423,0.26436524818879814,0.5138448052676281,2,3,657,5410
A3TAS1AG6FMBQW,0.28794188175032404,0.00016609162529391785,0.019537168281774882,1.0,0.3320310487691685,3,1,465,5411
AT28RL25Q2OLK,0.28661493543565547,1.5977252482641365e-06,0.04541149998213672,0.5143652481887981,0.6895541259391487,2,4,560,5412
A1BBTNE0NGNTJW,0.285708042132816,0.0003895390202485363,0.140504763243112,0.5143652481887981,0.590367759912815,2,4,1020,5413
AOIBOJRBYYVGI,0.28558533104084727,0.0009403966907331757,0.14526686561289004,0.5143652481887981,0.5844537839705807,2,3,543,5414
A1T1YSCDW0PD25,0.28529370179383307,3.345473675355786e-05,0.04665675524864565,1.0,0.2944779062425823,2,20,67,5415
A1CAGTNRSFHJNJ,0.284324011176159,4.012809694006238e-05,0.01910542223858593,1.0,0.3181424687497221,3,2,392,5416
A3KN2OBPZ6QJLF,0.2841289802483967,0.13331781622572217,0.051197537704053664,0.5143652481887981,0.5138448052676281,2,3,657,5417
A3VONQL7YW8UPM,0.28374444213761085,0.004572196018524216,0.3866713522938219,0.5143652481887981,0.331327582483354,2,0,8,5418
ALUNVOQRXOZIA,0.28346777859424166,0.20384500350844356,0.20990457809064825,0.45928345216653665,0.31192577034295677,9,0,376,5419
A1J87C2DKBO441,0.2833898963295703,0.16456636870109154,0.06193533186721352,0.6169509223866431,0.3805838731004434,3,0,181,5420
A3MEIR72XKQY88,0.2833894271859836,0.12968059861340156,0.22333079140950277,0.3276291254450524,0.4925068986423079,6,11,672,5421
A3956O40ZZYFMY,0.2833819493874305,0.00018479167384200112,0.0,1.0,0.33330604754111165,2,7,29,5422
ASWYSSKL9LL9X,0.28317076616594156,0.209089681744286,0.3313735760822951,0.4769563969302545,0.1688367529441244,5,0,63,5423
A2ED50E3KWKUKW,0.2829772792793279,0.0036781292115297855,0.03302633766630571,1.0,0.2944690243971701,2,5,155,5424
A3LGT6UZL99IW1,0.28285998202557383,0.010231344159499951,0.060012559717880366,1.0,0.25914975539301505,2,0,24,5425
A145LBW8ZHF0TW,0.28247708622305573,0.006641322057568469,0.024189765610176946,0.5143652481887981,0.6862567942619253,2,4,562,5426
ALICSOW9JNXCD,0.28240680731922846,0.0002820912211217101,0.034869708222315984,1.0,0.2944190115892517,2,5,155,5427
A2UFC4VCQXX4F,0.2823675224407029,0.00031604502083204853,0.09716646299104945,1.0,0.23192437274676364,2,0,31,5428
A3DVM2YS59Z3ZF,0.28232537998330287,0.06664597718985181,0.0,0.5,0.6493263473053892,1,6,402,5429
A3VJAU9FIDMB8N,0.28232537998330287,0.06664597718985181,0.0,0.5,0.6493263473053892,1,6,402,5430
A2L9EICT9AZ9AN,0.28232537998330287,0.06664597718985181,0.0,0.5,0.6493263473053892,1,6,402,5431
ALIN01RFOIX3G,0.28232537998330287,0.06664597718985181,0.0,0.5,0.6493263473053892,1,6,402,5432
AHH79S8XM1OW6,0.28232537998330287,0.06664597718985181,0.0,0.5,0.6493263473053892,1,6,402,5433
AJE5S2MH4SERA,0.28232537998330287,0.06664597718985181,0.0,0.5,0.6493263473053892,1,6,402,5434
AI0V99FGBKWLB,0.28232537998330287,0.06664597718985181,0.0,0.5,0.6493263473053892,1,6,402,5435
A2M02TL1Q0DP5N,0.28232537998330287,0.06664597718985181,0.0,0.5,0.6493263473053892,1,6,402,5436
A2MTB7FSEW2KG9,0.28232537998330287,0.06664597718985181,0.0,0.5,0.6493263473053892,1,6,402,5437
A3K4PHZJMMCZ8K,0.28232537998330287,0.06664597718985181,0.0,0.5,0.6493263473053892,1,6,402,5438
A2ZLWZUP0D44SS,0.28232537998330287,0.06664597718985181,0.0,0.5,0.6493263473053892,1,6,402,5439
A3IY2QJN869W05,0.28232537998330287,0.06664597718985181,0.0,0.5,0.6493263473053892,1,6,402,5440
A2ZWT8VQXLOFLL,0.28232537998330287,0.06664597718985181,0.0,0.5,0.6493263473053892,1,6,402,5441
AV7371VDFACZO,0.28232537998330287,0.06664597718985181,0.0,0.5,0.6493263473053892,1,6,402,5442
A15AWJSRSMYJ60,0.28232537998330287,0.06664597718985181,0.0,0.5,0.6493263473053892,1,6,402,5443
A3STK5WDK5UB58,0.28232537998330287,0.06664597718985181,0.0,0.5,0.6493263473053892,1,6,402,5444
A2LAY11C7LCM2W,0.28232537998330287,0.06664597718985181,0.0,0.5,0.6493263473053892,1,6,402,5445
AUNJAQP3VECI5,0.28232537998330287,0.06664597718985181,0.0,0.5,0.6493263473053892,1,6,402,5446
A2ZAJGOIF88NLJ,0.28232537998330287,0.06664597718985181,0.0,0.5,0.6493263473053892,1,6,402,5447
A1V3R7M9T7QNZ6,0.28232537998330287,0.06664597718985181,0.0,0.5,0.6493263473053892,1,6,402,5448
A1BPJ55PLYUA77,0.28232537998330287,0.06664597718985181,0.0,0.5,0.6493263473053892,1,6,402,5449
A2RQVIY25W6ZD4,0.28232537998330287,0.06664597718985181,0.0,0.5,0.6493263473053892,1,6,402,5450
A2IA5Q0TDWE81X,0.28232537998330287,0.06664597718985181,0.0,0.5,0.6493263473053892,1,6,402,5451
A4SSILU7KZ1XK,0.28232537998330287,0.06664597718985181,0.0,0.5,0.6493263473053892,1,6,402,5452
A1WVSXVCCRRHZN,0.28232537998330287,0.06664597718985181,0.0,0.5,0.6493263473053892,1,6,402,5453
A24F1UX8ZT5IXY,0.28232537998330287,0.06664597718985181,0.0,0.5,0.6493263473053892,1,6,402,5454
A1991DX3FIMS3P,0.28232537998330287,0.06664597718985181,0.0,0.5,0.6493263473053892,1,6,402,5455
ALLFPK4VJC48D,0.28232537998330287,0.06664597718985181,0.0,0.5,0.6493263473053892,1,6,402,5456
A1FF8RVKS9Y843,0.28232537998330287,0.06664597718985181,0.0,0.5,0.6493263473053892,1,6,402,5457
A1XXHS9V80S9VG,0.28232537998330287,0.06664597718985181,0.0,0.5,0.6493263473053892,1,6,402,5458
A2NJEDYEYUGFM8,0.28232537998330287,0.06664597718985181,0.0,0.5,0.6493263473053892,1,6,402,5459
AKH6N84CBOBJ6,0.28232537998330287,0.06664597718985181,0.0,0.5,0.6493263473053892,1,6,402,5460
A1XEBSAXW4GRWZ,0.28232537998330287,0.06664597718985181,0.0,0.5,0.6493263473053892,1,6,402,5461
A2OOVMY4NX4CIP,0.28232537998330287,0.06664597718985181,0.0,0.5,0.6493263473053892,1,6,402,5462
A24XQKM79FYFV0,0.28232537998330287,0.06664597718985181,0.0,0.5,0.6493263473053892,1,6,402,5463
A1U99PCPE9US61,0.28232537998330287,0.06664597718985181,0.0,0.5,0.6493263473053892,1,6,402,5464
A1U4GOVZWL8ZTL,0.28232537998330287,0.06664597718985181,0.0,0.5,0.6493263473053892,1,6,402,5465
AO074X4WTO84B,0.28232537998330287,0.06664597718985181,0.0,0.5,0.6493263473053892,1,6,402,5466
A3PGE0N774CEXW,0.28232537998330287,0.06664597718985181,0.0,0.5,0.6493263473053892,1,6,402,5467
A2SVXQ66G7BWBR,0.28232537998330287,0.06664597718985181,0.0,0.5,0.6493263473053892,1,6,402,5468
A57TH5BVZMB2L,0.28232537998330287,0.06664597718985181,0.0,0.5,0.6493263473053892,1,6,402,5469
A3E4N4UWZN8KK6,0.28232537998330287,0.06664597718985181,0.0,0.5,0.6493263473053892,1,6,402,5470
A1DL9IH75MWT8R,0.28232537998330287,0.06664597718985181,0.0,0.5,0.6493263473053892,1,6,402,5471
A29GQ42XFJQDI8,0.28232537998330287,0.06664597718985181,0.0,0.5,0.6493263473053892,1,6,402,5472
A3CRB5KQ3SPFYF,0.28232537998330287,0.06664597718985181,0.0,0.5,0.6493263473053892,1,6,402,5473
A3G0YKIR4F1SCY,0.28232537998330287,0.06664597718985181,0.0,0.5,0.6493263473053892,1,6,402,5474
A53OG3Q99WAVL,0.28232537998330287,0.06664597718985181,0.0,0.5,0.6493263473053892,1,6,402,5475
ADP6XSD5E4R4G,0.28232537998330287,0.06664597718985181,0.0,0.5,0.6493263473053892,1,6,402,5476
A272Y6VXIMOKSF,0.28232537998330287,0.06664597718985181,0.0,0.5,0.6493263473053892,1,6,402,5477
A13L45CSY7TEQZ,0.28232537998330287,0.06664597718985181,0.0,0.5,0.6493263473053892,1,6,402,5478
AEGYIU4XJTYFN,0.28232537998330287,0.06664597718985181,0.0,0.5,0.6493263473053892,1,6,402,5479
A3PBQYLXZ77BGK,0.28232537998330287,0.06664597718985181,0.0,0.5,0.6493263473053892,1,6,402,5480
A1RH3DQBG3GQW1,0.28232537998330287,0.06664597718985181,0.0,0.5,0.6493263473053892,1,6,402,5481
A2FXX9VTD10J6C,0.28232537998330287,0.06664597718985181,0.0,0.5,0.6493263473053892,1,6,402,5482
A2F0Z8Y0QN29UF,0.28232537998330287,0.06664597718985181,0.0,0.5,0.6493263473053892,1,6,402,5483
A149OQRFVTWJA8,0.28232537998330287,0.06664597718985181,0.0,0.5,0.6493263473053892,1,6,402,5484
A193QPX2Z8K4HR,0.28232537998330287,0.06664597718985181,0.0,0.5,0.6493263473053892,1,6,402,5485
AC1O96M7OXGTT,0.28232537998330287,0.06664597718985181,0.0,0.5,0.6493263473053892,1,6,402,5486
AQLMVE6SH4A07,0.28232537998330287,0.06664597718985181,0.0,0.5,0.6493263473053892,1,6,402,5487
A13ZFIPTZ0IVGF,0.28232537998330287,0.06664597718985181,0.0,0.5,0.6493263473053892,1,6,402,5488
A2BMZRO0H7TFCS,0.28232537998330287,0.06664597718985181,0.0,0.5,0.6493263473053892,1,6,402,5489
A7EC1AKLPAEY,0.28232537998330287,0.06664597718985181,0.0,0.5,0.6493263473053892,1,6,402,5490
AQAM9QBPTG66U,0.28232537998330287,0.06664597718985181,0.0,0.5,0.6493263473053892,1,6,402,5491
A32AFX2PUJ82HG,0.28232537998330287,0.06664597718985181,0.0,0.5,0.6493263473053892,1,6,402,5492
A3NTH97MXHCPA9,0.28232537998330287,0.06664597718985181,0.0,0.5,0.6493263473053892,1,6,402,5493
A99K7S15XOQ45,0.28232537998330287,0.06664597718985181,0.0,0.5,0.6493263473053892,1,6,402,5494
A1QF996642YT9L,0.28232537998330287,0.06664597718985181,0.0,0.5,0.6493263473053892,1,6,402,5495
A2WE8VVT8JZOCI,0.28232537998330287,0.06664597718985181,0.0,0.5,0.6493263473053892,1,6,402,5496
A2XBKTBMLQRQAM,0.28232537998330287,0.06664597718985181,0.0,0.5,0.6493263473053892,1,6,402,5497
A3BMZALEIUMFBE,0.28232537998330287,0.06664597718985181,0.0,0.5,0.6493263473053892,1,6,402,5498
A1PB739AHGIX1N,0.28232537998330287,0.06664597718985181,0.0,0.5,0.6493263473053892,1,6,402,5499
A2EZTM9WY5B5IL,0.28232537998330287,0.06664597718985181,0.0,0.5,0.6493263473053892,1,6,402,5500
A1NL56D0Y0TORY,0.28232537998330287,0.06664597718985181,0.0,0.5,0.6493263473053892,1,6,402,5501
A1NG78LRAUOUWL,0.28232537998330287,0.06664597718985181,0.0,0.5,0.6493263473053892,1,6,402,5502
A3N0SXVR07R57K,0.28232537998330287,0.06664597718985181,0.0,0.5,0.6493263473053892,1,6,402,5503
A3BC51PZJ8L67R,0.28232537998330287,0.06664597718985181,0.0,0.5,0.6493263473053892,1,6,402,5504
A7WM1RJQQ68AR,0.28232537998330287,0.06664597718985181,0.0,0.5,0.6493263473053892,1,6,402,5505
A362UVNTN7KI68,0.28232537998330287,0.06664597718985181,0.0,0.5,0.6493263473053892,1,6,402,5506
A35OGQY4CFTKVK,0.28232537998330287,0.06664597718985181,0.0,0.5,0.6493263473053892,1,6,402,5507
A2DKVFYCQAICA0,0.28232537998330287,0.06664597718985181,0.0,0.5,0.6493263473053892,1,6,402,5508
A10BZC79VVV21R,0.28232537998330287,0.06664597718985181,0.0,0.5,0.6493263473053892,1,6,402,5509
A1HTJX4WSGZI2I,0.28232537998330287,0.06664597718985181,0.0,0.5,0.6493263473053892,1,6,402,5510
AZDFE5RF3TZLT,0.28232537998330287,0.06664597718985181,0.0,0.5,0.6493263473053892,1,6,402,5511
AXDM1069BD601,0.28226096743030427,0.0009066114272103875,0.03402196372290954,1.0,0.29393397228565493,2,0,50,5512
AL72LHELK6SZT,0.2822378731482941,0.016642097912949023,0.0775340278183333,1.0,0.23144694727930434,2,0,23,5513
ATXRV6Z3N08ZX,0.2820752097612405,0.0004929851503695275,0.03948680661352798,0.5143652481887981,0.6767302516999522,2,4,568,5514
A22LE2JAII1U84,0.28182059030068324,0.16607844099990085,0.17148143793078385,0.6169509223866431,0.2629460561627536,3,0,32,5515
AN4IXSXAL4L5Z,0.28131652843451294,0.00025368464889074095,0.1231017336955293,0.5143652481887981,0.590367759912815,2,4,1020,5516
A1EARN5PUVIF1S,0.28122768975442786,7.013814255529019e-06,0.05978042419415348,1.0,0.26512191824645126,2,0,108,5517
A3A57GX8FJ4QNQ,0.2807479935770584,4.356388015554127e-05,0.4575873537318581,0.5,0.2653523439201889,3,1,52,5518
A234GO3KZYKKTE,0.280665205704682,0.17506606636012845,0.20273513708341986,0.6169509223866431,0.21628566819383946,3,0,52,5519
A1V5UCC82BEETQ,0.2806263087789209,0.0004889786098568782,0.0,1.0,0.3219184607838553,2,1,27,5520
AKDTRP9QVHTCI,0.2805828374603324,0.0004555232733739971,0.04925531688830852,1.0,0.27252940502497225,2,0,37,5521
A1GBT4UN2RW7XY,0.2804863612440884,0.0041411280937233294,0.02083893435574758,0.5143652481887981,0.6846449583570994,2,4,563,5522
A2H4B42VDSFV2V,0.28018149153735405,0.0011863534091790743,0.0,1.0,0.31930234205840113,2,1,301,5523
A3JMQ363OSCWU2,0.27997346353951913,0.0005320614931937355,0.0493828129407,1.0,0.2698725674255441,2,0,42,5524
A1RLP0R1N8H8C4,0.27990887214880916,9.794844002761574e-05,0.0217651711845872,0.5143652481887981,0.6862605807315778,2,4,562,5525
A1ME5FUV8TPAK8,0.27985941835504174,0.014790102384174846,0.046415224885783694,1.0,0.2552743256733734,2,0,79,5526
A1MJ4WTOYW9WXZ,0.2797324587252189,0.00040152173754470284,0.012337519422406098,0.5143652481887981,0.6946182908423775,2,4,557,5527
AMIU8UVMZJLER,0.279506088190904,0.19998965526159254,0.04076514711586257,0.6169509223866431,0.343710881424528,3,0,362,5528
A1T8A6OCVV0UYU,0.27926658272972266,0.00025967065520571546,0.008919411912559232,1.0,0.30783531422008453,2,7,95,5529
A18VT083FG5FLJ,0.279259028410035,0.0011236526201171273,0.02028260225400663,1.0,0.2954051282419928,2,3,104,5530
AD50TWQOM8W4G,0.278719990577479,0.0013031449121715382,0.18468138394674594,1.0,0.128634804468564,6,0,71,5531
A3RBGEV4IHL1XM,0.27859855841630554,0.19998965526159254,0.11856262616162169,0.2931944211791752,0.5212884842463491,3,4,831,5532
AN2F0QIGX01QQ,0.27807189979667885,0.000609108049561149,0.11561068700562278,0.5143652481887981,0.5844537839705807,2,3,543,5533
A18H6KCOM1IPDZ,0.2778357347747705,0.00019938085342693923,0.008398200992244271,0.5143652481887981,0.691213282531687,2,4,559,5534
ATW2I5S6S2PFA,0.2776981981803443,0.0005161856258177757,0.18460003039316583,1.0,0.12557333957722996,4,0,112,5535
A2IFT8RDBN3P35,0.2775528860469938,0.0013926879207020774,0.03635596037391313,0.5143652481887981,0.6606921597581811,2,3,490,5536
ADG1I43JFC7YX,0.2764246868609224,0.13331781622572217,0.20176629477982577,0.5143652481887981,0.3324588746419588,2,9,143,5537
A2TAAKL8DQDMSA,0.27578485253549934,0.0020576331238523803,0.06964599803330951,1.0,0.23102425236006505,2,0,21,5538
ATACHC51UNRMG,0.27502870598818857,0.00035081521068126387,0.08055657089974622,0.5143652481887981,0.6076450762491521,2,4,626,5539
A2396ASCFP9L7F,0.2741793132037249,0.0009066114272103875,0.035031521357434356,1.0,0.2605977977448127,2,0,69,5540
A8EDTKSPOMRWK,0.2738557060293913,0.0003297212955060732,0.05142424593379681,1.0,0.24360291262916098,2,0,93,5541
A1AGGVT4VE56D,0.2738375884913767,5.422444711761182e-05,0.07892415469453892,0.5143652481887981,0.6048689313833882,2,6,421,5542
ADAAXJNRTTX0D,0.27369875188028325,0.0008040780589922657,0.04721343224160415,1.0,0.24661668160873812,3,0,235,5543
A1RPTVW5VEOSI,0.27366283466687946,0.11113986614853832,0.13297383491620526,0.6564524714844611,0.30314768718549767,9,0,390,5544
A3CMO216CWOF5N,0.27364173888822907,0.13331781622572217,0.24771616234822777,0.5,0.2868694137338219,2,0,37,5545
A3JTMBFD3MOZFQ,0.2735927802604867,0.00013635674044340293,0.01663914158558716,1.0,0.27756835136782776,2,2,173,5546
A2IFGGXG3YV3Y6,0.27354885229690806,0.0001938147241160947,0.026388864780894042,1.0,0.267573966737799,2,0,107,5547
A2P9W6KDKYFSXO,0.2730685637115527,0.00015075229712280968,0.05572442542621885,0.5143652481887981,0.624876728112406,2,4,608,5548
A36ARO7W03JMXV,0.27305903714860574,8.862900521646904e-05,0.015060975660853688,0.6169509223866431,0.583508080217995,3,4,1060,5549
A3S5USAAZE6029,0.272990964401615,0.0005183980644783323,0.0,0.5143652481887981,0.6798495813780476,2,4,566,5550
A191ZKMLDYIMZX,0.2729022994906656,5.550092278661057e-06,0.030890448946799702,0.5,0.6607120889051283,2,3,490,5551
A20JYIHL1W1U54,0.27270440016730507,0.003004676291975539,0.045470107269746644,1.0,0.2417418818491029,2,2,14,5552
A1TG615MWIBJT2,0.27266158978770466,0.00026980041134671006,0.0,1.0,0.2903225986572025,2,0,95,5553
A8O2E6UBLWWFM,0.27200487294478554,0.004736412370829315,0.04733624990755875,1.0,0.23499954702658812,2,0,92,5554
A2Q90UILXT8BNI,0.27175387259179895,0.0036781292115297855,0.10026845400030474,1.0,0.18233328131305523,2,0,13,5555
A39Q5JH09VUMR5,0.27110422618458896,0.001506824108829026,0.06696653532994218,1.0,0.2156421804778189,2,0,28,5556
A29XK5H3AA5S01,0.2709945905078433,0.0005274314239886543,0.0,1.0,0.28334544432258674,2,0,112,5557
AQSNJ8HQ3WHMS,0.270727853884982,8.685470349262371e-05,0.01082370911074867,1.0,0.27198348078498824,2,0,103,5558
A2RWHTNM5P3I8Y,0.270373061499321,4.6293823933671865e-05,0.09642200576753368,0.45028425571997643,0.6247872830650487,3,3,510,5559
AZ7EFFHA5K82P,0.27025778639613623,4.756528948349109e-05,0.10517195502365481,0.5143652481887981,0.5643099136624714,2,0,443,5560
AB10W5FUXWAJ,0.2693194090234746,0.00040152173754470284,0.05731636586228457,0.6169509223866431,0.5259187062372459,3,0,259,5561
A2INGDHZFPDBFP,0.269228755717753,0.0009265929973510078,0.009277512903154535,0.5143652481887981,0.6550333998199978,2,4,583,5562
A2B7BUH8834Y6M,0.2690161812991646,0.14045517524909415,0.2188336536662282,0.34138085108672106,0.4155801803621405,5,0,299,5563
A2DLK5KEQU4TX9,0.26899865701422554,0.0006475910735356775,0.06244493604751513,1.0,0.2127725827211442,2,0,19,5564
A1AXJJTN6GPQ0I,0.26868733527561295,0.0009265929973510078,0.07177747104177717,0.5143652481887981,0.590367759912815,2,4,1020,5565
A11ED8O95W2103,0.26837507955685647,0.13956821639073105,0.31303320998031575,0.5712102976547352,0.13601701045444464,5,0,140,5566
AQL2WVOAADPE2,0.2681314409437389,0.0013728480638248656,0.36297198359851696,0.6169509223866431,0.21434562459053447,3,0,68,5567
A15RDC4BZWPPQW,0.26797583908143235,0.13331781622572217,0.21367433960256432,0.5,0.29824763725229847,2,5,229,5568
A31UHOIFMFSCN1,0.2679212228031598,0.13331781622572217,0.196681570088581,0.5143652481887981,0.303529743102153,2,0,19,5569
A238V1XTSK9NFE,0.2676710970425182,0.13331781622572217,0.10207595056717983,0.5143652481887981,0.3971348595809879,2,0,77,5570
A3H78NCT3DJMY2,0.26755654365522924,0.0002820912211217101,0.026413357788453294,1.0,0.2434743073671176,2,0,34,5571
A2SL5IW096Z2BL,0.26744888297731484,0.06664597718985181,0.0,0.5,0.5898203592814372,1,0,243,5572
A1UVYL2G0XYX8W,0.26744888297731484,0.06664597718985181,0.0,0.5,0.5898203592814372,1,0,243,5573
A2IYAZCZSLHDI3,0.26744888297731484,0.06664597718985181,0.0,0.5,0.5898203592814372,1,0,243,5574
A390KWCJRLHPOD,0.26744888297731484,0.06664597718985181,0.0,0.5,0.5898203592814372,1,0,243,5575
A2SW560X584UEF,0.26744888297731484,0.06664597718985181,0.0,0.5,0.5898203592814372,1,0,243,5576
A3QC533RQ1X3ZV,0.26744888297731484,0.06664597718985181,0.0,0.5,0.5898203592814372,1,0,243,5577
A18D1RLW38LVLW,0.26744888297731484,0.06664597718985181,0.0,0.5,0.5898203592814372,1,0,243,5578
A2VA0ZJFWZK4Q1,0.26744888297731484,0.06664597718985181,0.0,0.5,0.5898203592814372,1,0,243,5579
A3HNADBFO4LTG,0.26744888297731484,0.06664597718985181,0.0,0.5,0.5898203592814372,1,0,243,5580
A3PZ4AXTY9J1DZ,0.26744888297731484,0.06664597718985181,0.0,0.5,0.5898203592814372,1,0,243,5581
A2RYI0YNOEB1LM,0.26744888297731484,0.06664597718985181,0.0,0.5,0.5898203592814372,1,0,243,5582
A1OEV2NKRD59M4,0.26744888297731484,0.06664597718985181,0.0,0.5,0.5898203592814372,1,0,243,5583
A1OW73WWCZL9M8,0.26744888297731484,0.06664597718985181,0.0,0.5,0.5898203592814372,1,0,243,5584
A3KKYNEYUICKX2,0.26744888297731484,0.06664597718985181,0.0,0.5,0.5898203592814372,1,0,243,5585
A1AHSLKOKA3MC3,0.26744888297731484,0.06664597718985181,0.0,0.5,0.5898203592814372,1,0,243,5586
A30LET3M8GQNMZ,0.26744888297731484,0.06664597718985181,0.0,0.5,0.5898203592814372,1,0,243,5587
A30I0LXKTAP4F,0.26744888297731484,0.06664597718985181,0.0,0.5,0.5898203592814372,1,0,243,5588
A1HI8X9113YNFB,0.26744888297731484,0.06664597718985181,0.0,0.5,0.5898203592814372,1,0,243,5589
A1AB2F8XOU928I,0.26744888297731484,0.06664597718985181,0.0,0.5,0.5898203592814372,1,0,243,5590
A2XUW6VTPD0ILX,0.26744888297731484,0.06664597718985181,0.0,0.5,0.5898203592814372,1,0,243,5591
A1MJS1YRKNMU04,0.26744888297731484,0.06664597718985181,0.0,0.5,0.5898203592814372,1,0,243,5592
A3LZL8USSPDQ17,0.26744888297731484,0.06664597718985181,0.0,0.5,0.5898203592814372,1,0,243,5593
A3OHUH3RWUWO91,0.26744888297731484,0.06664597718985181,0.0,0.5,0.5898203592814372,1,0,243,5594
A3OL52S5I0UQDD,0.26744888297731484,0.06664597718985181,0.0,0.5,0.5898203592814372,1,0,243,5595
A2UQIQUOAB47OT,0.26744888297731484,0.06664597718985181,0.0,0.5,0.5898203592814372,1,0,243,5596
A3M44M02O018YG,0.26744888297731484,0.06664597718985181,0.0,0.5,0.5898203592814372,1,0,243,5597
A2X9SQSKV4WKT0,0.26744888297731484,0.06664597718985181,0.0,0.5,0.5898203592814372,1,0,243,5598
A3UTY0UCKWXRY9,0.26744888297731484,0.06664597718985181,0.0,0.5,0.5898203592814372,1,0,243,5599
A249UW8K5A9JPB,0.26744888297731484,0.06664597718985181,0.0,0.5,0.5898203592814372,1,0,243,5600
A450WKBT9ZIM,0.26744888297731484,0.06664597718985181,0.0,0.5,0.5898203592814372,1,0,243,5601
A35HK0ZU7MWA4X,0.26744888297731484,0.06664597718985181,0.0,0.5,0.5898203592814372,1,0,243,5602
A2CA374K5ZZWI7,0.26744888297731484,0.06664597718985181,0.0,0.5,0.5898203592814372,1,0,243,5603
A181R0DUML7VOY,0.26744888297731484,0.06664597718985181,0.0,0.5,0.5898203592814372,1,0,243,5604
A2BZJFF352W2OD,0.26744888297731484,0.06664597718985181,0.0,0.5,0.5898203592814372,1,0,243,5605
A2EMM9HWOSY2Q5,0.26744888297731484,0.06664597718985181,0.0,0.5,0.5898203592814372,1,0,243,5606
A33PZPS7NFLWKR,0.26744888297731484,0.06664597718985181,0.0,0.5,0.5898203592814372,1,0,243,5607
A1XDHHQ549Q2JI,0.26744888297731484,0.06664597718985181,0.0,0.5,0.5898203592814372,1,0,243,5608
A1F5L6NPU5SWP1,0.26744888297731484,0.06664597718985181,0.0,0.5,0.5898203592814372,1,0,243,5609
A1YDFJVQ8GUHTP,0.26744888297731484,0.06664597718985181,0.0,0.5,0.5898203592814372,1,0,243,5610
A2MWNYW5IB8Y0N,0.26744888297731484,0.06664597718985181,0.0,0.5,0.5898203592814372,1,0,243,5611
A3TPNC3TKGCCEI,0.26744888297731484,0.06664597718985181,0.0,0.5,0.5898203592814372,1,0,243,5612
A1ZWZP8X1F8WVB,0.26744888297731484,0.06664597718985181,0.0,0.5,0.5898203592814372,1,0,243,5613
AGEJE3WH26UBR,0.26744888297731484,0.06664597718985181,0.0,0.5,0.5898203592814372,1,0,243,5614
AF6SGHBCX3PUF,0.26744888297731484,0.06664597718985181,0.0,0.5,0.5898203592814372,1,0,243,5615
AECYGE0VCQ8HB,0.26744888297731484,0.06664597718985181,0.0,0.5,0.5898203592814372,1,0,243,5616
A14GSTIN77TLSR,0.26744888297731484,0.06664597718985181,0.0,0.5,0.5898203592814372,1,0,243,5617
A240M3IVP8HR0L,0.26744888297731484,0.06664597718985181,0.0,0.5,0.5898203592814372,1,0,243,5618
A2K17Y2WL5SA84,0.26744888297731484,0.06664597718985181,0.0,0.5,0.5898203592814372,1,0,243,5619
A35HJZ1AACVMKK,0.26744888297731484,0.06664597718985181,0.0,0.5,0.5898203592814372,1,0,243,5620
A1ZEUALB9OHGNE,0.26744888297731484,0.06664597718985181,0.0,0.5,0.5898203592814372,1,0,243,5621
A23O5LZQT3VANF,0.26744888297731484,0.06664597718985181,0.0,0.5,0.5898203592814372,1,0,243,5622
AA797LFUG2ZGS,0.26744888297731484,0.06664597718985181,0.0,0.5,0.5898203592814372,1,0,243,5623
AZ0TA88HQ76QK,0.26744888297731484,0.06664597718985181,0.0,0.5,0.5898203592814372,1,0,243,5624
A3JATWQWZ0OKXR,0.26744888297731484,0.06664597718985181,0.0,0.5,0.5898203592814372,1,0,243,5625
AXEBO3BWCTWCK,0.26744888297731484,0.06664597718985181,0.0,0.5,0.5898203592814372,1,0,243,5626
A2DTXMVW1EQEW2,0.26744888297731484,0.06664597718985181,0.0,0.5,0.5898203592814372,1,0,243,5627
A2AZTRF410E765,0.26744888297731484,0.06664597718985181,0.0,0.5,0.5898203592814372,1,0,243,5628
A66UH98TFR04V,0.26744888297731484,0.06664597718985181,0.0,0.5,0.5898203592814372,1,0,243,5629
AC1SOWF86U4IJ,0.26744888297731484,0.06664597718985181,0.0,0.5,0.5898203592814372,1,0,243,5630
AZQ8HGO3Z4T,0.26744888297731484,0.06664597718985181,0.0,0.5,0.5898203592814372,1,0,243,5631
A1H4Z4OSMNDCFC,0.26744888297731484,0.06664597718985181,0.0,0.5,0.5898203592814372,1,0,243,5632
A3KVVY6CI2QA77,0.26744888297731484,0.06664597718985181,0.0,0.5,0.5898203592814372,1,0,243,5633
A3A36VG147MKYA,0.26744888297731484,0.06664597718985181,0.0,0.5,0.5898203592814372,1,0,243,5634
ASIUDXST0XPH,0.26744888297731484,0.06664597718985181,0.0,0.5,0.5898203592814372,1,0,243,5635
ASOD8X0ZOI3SU,0.26744888297731484,0.06664597718985181,0.0,0.5,0.5898203592814372,1,0,243,5636
A2VCRXCLV08SDH,0.26744888297731484,0.06664597718985181,0.0,0.5,0.5898203592814372,1,0,243,5637
A1AU6042JEI734,0.26744888297731484,0.06664597718985181,0.0,0.5,0.5898203592814372,1,0,243,5638
A1PPDBGCKM9AM0,0.26744888297731484,0.06664597718985181,0.0,0.5,0.5898203592814372,1,0,243,5639
A343CF9RXZ7DNG,0.26744888297731484,0.06664597718985181,0.0,0.5,0.5898203592814372,1,0,243,5640
A3GQSZ2RVVXDCZ,0.26744888297731484,0.06664597718985181,0.0,0.5,0.5898203592814372,1,0,243,5641
A2R0SHL1G7GV38,0.26744888297731484,0.06664597718985181,0.0,0.5,0.5898203592814372,1,0,243,5642
A1W0XQLEYWGQC5,0.26744888297731484,0.06664597718985181,0.0,0.5,0.5898203592814372,1,0,243,5643
AMKNPIDFLRFMP,0.2673001480361562,0.0008690621678857313,0.19095130767763147,0.5,0.47720640986553053,2,0,276,5644
A16X61RLY1YJL7,0.26695448695013135,0.0020576331238523803,0.06038131877314566,1.0,0.2049674692787568,2,5,31,5645
A1GF4BH6WPBZ4Y,0.266904278369981,0.00021353434441543617,0.1886524103711909,0.5,0.4787084618954344,2,0,275,5646
A8TZ88OM8YOLW,0.2668249238471214,0.0010380504790219157,0.12715565172471982,1.0,0.13889838308893945,3,0,39,5647
A118A49ORGNEUM,0.26680667080077425,0.00017648060932549912,0.002289026791889608,0.5143652481887981,0.6532336811289783,2,2,494,5648
A2LVYHHNQVX8M8,0.2665223010400256,0.00027178029253442393,0.1739723569481028,0.6169509223866431,0.3982299729516438,3,0,321,5649
A4WEZJOIZIV4U,0.2664196913605483,0.06664597718985181,0.0,0.5,0.5857035928143712,1,8,232,5650
A34NI8DC5AAE2W,0.2664196913605483,0.06664597718985181,0.0,0.5,0.5857035928143712,1,8,232,5651
AF8XXTXR6MNL4,0.2664196913605483,0.06664597718985181,0.0,0.5,0.5857035928143712,1,8,232,5652
AEESSZ8F5S7X6,0.2664196913605483,0.06664597718985181,0.0,0.5,0.5857035928143712,1,8,232,5653
A27QJSPXDC0982,0.2664196913605483,0.06664597718985181,0.0,0.5,0.5857035928143712,1,8,232,5654
A196D8WNI6JXBZ,0.2664196913605483,0.06664597718985181,0.0,0.5,0.5857035928143712,1,8,232,5655
A24O7WFLDZG8EN,0.2664196913605483,0.06664597718985181,0.0,0.5,0.5857035928143712,1,8,232,5656
A2I9HGYUMH5H4Y,0.2664196913605483,0.06664597718985181,0.0,0.5,0.5857035928143712,1,8,232,5657
A4TH1G4MV3VLM,0.2664196913605483,0.06664597718985181,0.0,0.5,0.5857035928143712,1,8,232,5658
A3FQOR3G5Y7UZ,0.2664196913605483,0.06664597718985181,0.0,0.5,0.5857035928143712,1,8,232,5659
A1Z4930RTKRTKV,0.2664196913605483,0.06664597718985181,0.0,0.5,0.5857035928143712,1,8,232,5660
AIWTLY316LPR4,0.2664196913605483,0.06664597718985181,0.0,0.5,0.5857035928143712,1,8,232,5661
A203Q1G7IMYOVY,0.2664196913605483,0.06664597718985181,0.0,0.5,0.5857035928143712,1,8,232,5662
AEX6CQEO3QZ4M,0.2664196913605483,0.06664597718985181,0.0,0.5,0.5857035928143712,1,8,232,5663
A2GGKJ318HO2GE,0.2664196913605483,0.06664597718985181,0.0,0.5,0.5857035928143712,1,8,232,5664
A1D34RQ7RIERSY,0.2664196913605483,0.06664597718985181,0.0,0.5,0.5857035928143712,1,8,232,5665
A1D678H20KE69R,0.2664196913605483,0.06664597718985181,0.0,0.5,0.5857035928143712,1,8,232,5666
A78J38NU18DDZ,0.2664196913605483,0.06664597718985181,0.0,0.5,0.5857035928143712,1,8,232,5667
A2EQPRSBX2R6ES,0.2664196913605483,0.06664597718985181,0.0,0.5,0.5857035928143712,1,8,232,5668
A9V1ACRKPKQWT,0.2664196913605483,0.06664597718985181,0.0,0.5,0.5857035928143712,1,8,232,5669
A35TJIUIJDKJ7A,0.2664196913605483,0.06664597718985181,0.0,0.5,0.5857035928143712,1,8,232,5670
AXYIDAFJ8KCDM,0.2664196913605483,0.06664597718985181,0.0,0.5,0.5857035928143712,1,8,232,5671
A1HSM98KUGTHNY,0.2664196913605483,0.06664597718985181,0.0,0.5,0.5857035928143712,1,8,232,5672
A3JU243J8NU729,0.2664196913605483,0.06664597718985181,0.0,0.5,0.5857035928143712,1,8,232,5673
A314GYAJRTK8Y7,0.2664196913605483,0.06664597718985181,0.0,0.5,0.5857035928143712,1,8,232,5674
A2ZRYWFYQBVOQ2,0.2664196913605483,0.06664597718985181,0.0,0.5,0.5857035928143712,1,8,232,5675
A2ZWHO87S7L5DA,0.2664196913605483,0.06664597718985181,0.0,0.5,0.5857035928143712,1,8,232,5676
A17OOVKR08H7FR,0.2664196913605483,0.06664597718985181,0.0,0.5,0.5857035928143712,1,8,232,5677
AXLQP6J93X2NQ,0.2664196913605483,0.06664597718985181,0.0,0.5,0.5857035928143712,1,8,232,5678
A2DY4K74PF6JST,0.2664196913605483,0.06664597718985181,0.0,0.5,0.5857035928143712,1,8,232,5679
A2FE3EQGIYQTLG,0.2664196913605483,0.06664597718985181,0.0,0.5,0.5857035928143712,1,8,232,5680
ABPI1E6Y8FNAB,0.2664196913605483,0.06664597718985181,0.0,0.5,0.5857035928143712,1,8,232,5681
A28KIQ00R1B50X,0.2664196913605483,0.06664597718985181,0.0,0.5,0.5857035928143712,1,8,232,5682
A35JHHE1NW0DIK,0.2664196913605483,0.06664597718985181,0.0,0.5,0.5857035928143712,1,8,232,5683
A35EXMSN4DPU9I,0.2664196913605483,0.06664597718985181,0.0,0.5,0.5857035928143712,1,8,232,5684
A1D0ZQA3MD7VLG,0.2664196913605483,0.06664597718985181,0.0,0.5,0.5857035928143712,1,8,232,5685
A2BUPVAQ8NN7EU,0.2664196913605483,0.06664597718985181,0.0,0.5,0.5857035928143712,1,8,232,5686
A2E95ZZNAQ24GS,0.2664196913605483,0.06664597718985181,0.0,0.5,0.5857035928143712,1,8,232,5687
A5MCDQ60DWUEV,0.2664196913605483,0.06664597718985181,0.0,0.5,0.5857035928143712,1,8,232,5688
A23COTZ159C7E5,0.2664196913605483,0.06664597718985181,0.0,0.5,0.5857035928143712,1,8,232,5689
A23VGBG17K5NJ3,0.2664196913605483,0.06664597718985181,0.0,0.5,0.5857035928143712,1,8,232,5690
AFMVQ27SB2N8U,0.2664196913605483,0.06664597718985181,0.0,0.5,0.5857035928143712,1,8,232,5691
A2IMZNPSJGB2HQ,0.2664196913605483,0.06664597718985181,0.0,0.5,0.5857035928143712,1,8,232,5692
A1977GWEGAYE2N,0.2664196913605483,0.06664597718985181,0.0,0.5,0.5857035928143712,1,8,232,5693
A3G2AAMHUT1N1U,0.2664196913605483,0.06664597718985181,0.0,0.5,0.5857035928143712,1,8,232,5694
AJOA5W5YFUCCV,0.2664196913605483,0.06664597718985181,0.0,0.5,0.5857035928143712,1,8,232,5695
A1XU4L0QTHU93T,0.2664196913605483,0.06664597718985181,0.0,0.5,0.5857035928143712,1,8,232,5696
A1XLUNECWHYP6N,0.2664196913605483,0.06664597718985181,0.0,0.5,0.5857035928143712,1,8,232,5697
A3UA33R5UOA8RC,0.2664196913605483,0.06664597718985181,0.0,0.5,0.5857035928143712,1,8,232,5698
AIAN4QGC6X2U9,0.2664196913605483,0.06664597718985181,0.0,0.5,0.5857035928143712,1,8,232,5699
A3TLV6X0NJV934,0.2664196913605483,0.06664597718985181,0.0,0.5,0.5857035928143712,1,8,232,5700
A3GN5NR7GDB3DE,0.2664196913605483,0.06664597718985181,0.0,0.5,0.5857035928143712,1,8,232,5701
ALC7DRPKTFF67,0.2664196913605483,0.06664597718985181,0.0,0.5,0.5857035928143712,1,8,232,5702
AGEVDBT717WU2,0.2664196913605483,0.06664597718985181,0.0,0.5,0.5857035928143712,1,8,232,5703
A21HD9LIRFID71,0.2664196913605483,0.06664597718985181,0.0,0.5,0.5857035928143712,1,8,232,5704
A21CL3NXLUNU9E,0.2664196913605483,0.06664597718985181,0.0,0.5,0.5857035928143712,1,8,232,5705
AHKZMAV762S4E,0.2664196913605483,0.06664597718985181,0.0,0.5,0.5857035928143712,1,8,232,5706
A3DRT9IRH63ZHB,0.2664196913605483,0.06664597718985181,0.0,0.5,0.5857035928143712,1,8,232,5707
A1TFUS11C1J4F5,0.2664196913605483,0.06664597718985181,0.0,0.5,0.5857035928143712,1,8,232,5708
A3QO3RJHS5O468,0.2664196913605483,0.06664597718985181,0.0,0.5,0.5857035928143712,1,8,232,5709
A2TLDIYYGLF0G,0.2664196913605483,0.06664597718985181,0.0,0.5,0.5857035928143712,1,8,232,5710
A1C5WS021EL3WO,0.2664196913605483,0.06664597718985181,0.0,0.5,0.5857035928143712,1,8,232,5711
A2PZ3URE2O6S8G,0.2664196913605483,0.06664597718985181,0.0,0.5,0.5857035928143712,1,8,232,5712
AM7BCX3ZCQ70V,0.2664196913605483,0.06664597718985181,0.0,0.5,0.5857035928143712,1,8,232,5713
A33US71RSEBUSC,0.2664196913605483,0.06664597718985181,0.0,0.5,0.5857035928143712,1,8,232,5714
A1CAP5AJ7JMHKS,0.2664196913605483,0.06664597718985181,0.0,0.5,0.5857035928143712,1,8,232,5715
A2O9BLNNEAH7JI,0.2664196913605483,0.06664597718985181,0.0,0.5,0.5857035928143712,1,8,232,5716
A2O0OMNWUPRF59,0.2664196913605483,0.06664597718985181,0.0,0.5,0.5857035928143712,1,8,232,5717
A1VMDYBJRZ0M12,0.2664196913605483,0.06664597718985181,0.0,0.5,0.5857035928143712,1,8,232,5718
A2QVVJUAHMMFQU,0.2664196913605483,0.06664597718985181,0.0,0.5,0.5857035928143712,1,8,232,5719
ALS5SVPGWX1S6,0.2664196913605483,0.06664597718985181,0.0,0.5,0.5857035928143712,1,8,232,5720
ANWDT4Q6RAJRV,0.2664196913605483,0.06664597718985181,0.0,0.5,0.5857035928143712,1,8,232,5721
A2QLJA07RV41US,0.2664196913605483,0.06664597718985181,0.0,0.5,0.5857035928143712,1,8,232,5722
A3R42MDM98MW2Q,0.2664196913605483,0.06664597718985181,0.0,0.5,0.5857035928143712,1,8,232,5723
A38ONUWY6M0KZU,0.2664196913605483,0.06664597718985181,0.0,0.5,0.5857035928143712,1,8,232,5724
A32YRGGWZ56OCS,0.2664196913605483,0.06664597718985181,0.0,0.5,0.5857035928143712,1,8,232,5725
A2R81A5S1AJC3F,0.2664196913605483,0.06664597718985181,0.0,0.5,0.5857035928143712,1,8,232,5726
A2UQK3DAZ8NO2T,0.2664196913605483,0.06664597718985181,0.0,0.5,0.5857035928143712,1,8,232,5727
A32OOHIQN9GFMH,0.2664196913605483,0.06664597718985181,0.0,0.5,0.5857035928143712,1,8,232,5728
AP66WW9URQDDD,0.2664196913605483,0.06664597718985181,0.0,0.5,0.5857035928143712,1,8,232,5729
A17Z0LVY96TO53,0.2664196913605483,0.06664597718985181,0.0,0.5,0.5857035928143712,1,8,232,5730
APVLFUAI3IDF7,0.2664196913605483,0.06664597718985181,0.0,0.5,0.5857035928143712,1,8,232,5731
APHS8MGWHWJH7,0.2664196913605483,0.06664597718985181,0.0,0.5,0.5857035928143712,1,8,232,5732
AP547LW4G32Q1,0.2664196913605483,0.06664597718985181,0.0,0.5,0.5857035928143712,1,8,232,5733
A3BI9UH1SCIQG9,0.2664196913605483,0.06664597718985181,0.0,0.5,0.5857035928143712,1,8,232,5734
AR4K3SYUFBP4G,0.2664196913605483,0.06664597718985181,0.0,0.5,0.5857035928143712,1,8,232,5735
A2WKTACW026L63,0.2664196913605483,0.06664597718985181,0.0,0.5,0.5857035928143712,1,8,232,5736
A39DPQ464LPGVP,0.2664196913605483,0.06664597718985181,0.0,0.5,0.5857035928143712,1,8,232,5737
A39C3BAC8J9KVA,0.2664196913605483,0.06664597718985181,0.0,0.5,0.5857035928143712,1,8,232,5738
A1P2V821D899GB,0.2664196913605483,0.06664597718985181,0.0,0.5,0.5857035928143712,1,8,232,5739
A1PR7UDVQ8QSFF,0.2664196913605483,0.06664597718985181,0.0,0.5,0.5857035928143712,1,8,232,5740
A16NHVBIU3VE4B,0.2664196913605483,0.06664597718985181,0.0,0.5,0.5857035928143712,1,8,232,5741
A2VPSHOKIKSLJY,0.2664196913605483,0.06664597718985181,0.0,0.5,0.5857035928143712,1,8,232,5742
A31P3WRM4BRRAV,0.2664196913605483,0.06664597718985181,0.0,0.5,0.5857035928143712,1,8,232,5743
A3BOVI9G971LA7,0.2664196913605483,0.06664597718985181,0.0,0.5,0.5857035928143712,1,8,232,5744
A18UVDQMISP7YA,0.2664196913605483,0.06664597718985181,0.0,0.5,0.5857035928143712,1,8,232,5745
A3LA9S2FF04OGJ,0.2664196913605483,0.06664597718985181,0.0,0.5,0.5857035928143712,1,8,232,5746
A3LO3M39AF1HXI,0.2664196913605483,0.06664597718985181,0.0,0.5,0.5857035928143712,1,8,232,5747
A2XMAO31ZFZVIW,0.2664196913605483,0.06664597718985181,0.0,0.5,0.5857035928143712,1,8,232,5748
AV1B3S6ONDIWL,0.2664196913605483,0.06664597718985181,0.0,0.5,0.5857035928143712,1,8,232,5749
A2XDJAEWOYWEYA,0.2664196913605483,0.06664597718985181,0.0,0.5,0.5857035928143712,1,8,232,5750
A3IDFHUI53L11Y,0.2664196913605483,0.06664597718985181,0.0,0.5,0.5857035928143712,1,8,232,5751
A1MM1QVMHQGTZ,0.2664196913605483,0.06664597718985181,0.0,0.5,0.5857035928143712,1,8,232,5752
A17FYFDILT57M0,0.2664196913605483,0.06664597718985181,0.0,0.5,0.5857035928143712,1,8,232,5753
A3KNDQ98179AHY,0.2664196913605483,0.06664597718985181,0.0,0.5,0.5857035928143712,1,8,232,5754
A2YXYJ4JJC5BQB,0.2664196913605483,0.06664597718985181,0.0,0.5,0.5857035928143712,1,8,232,5755
A3KGQOLVUA7DV8,0.2664196913605483,0.06664597718985181,0.0,0.5,0.5857035928143712,1,8,232,5756
A3ASFGE40HGXFD,0.2664196913605483,0.06664597718985181,0.0,0.5,0.5857035928143712,1,8,232,5757
AZZA7IQWTXCH3,0.2664196913605483,0.06664597718985181,0.0,0.5,0.5857035928143712,1,8,232,5758
A1VFIY34F94XHY,0.26628693556597316,0.06664597718985181,0.32747300870982915,0.5143652481887981,0.2462073623752027,2,0,16,5759
A37WO4IXM2HON1,0.26567118836653636,0.06664597718985181,0.0,0.5,0.5827095808383234,1,10,224,5760
AZH1J5JIBIE8G,0.26567118836653636,0.06664597718985181,0.0,0.5,0.5827095808383234,1,10,224,5761
A1H5FVY4HX3ABU,0.26567118836653636,0.06664597718985181,0.0,0.5,0.5827095808383234,1,10,224,5762
A24ICO449X5CE6,0.26567118836653636,0.06664597718985181,0.0,0.5,0.5827095808383234,1,10,224,5763
A22J6L1NSD0U5B,0.26567118836653636,0.06664597718985181,0.0,0.5,0.5827095808383234,1,10,224,5764
A3AWXCFD0J6S65,0.26567118836653636,0.06664597718985181,0.0,0.5,0.5827095808383234,1,10,224,5765
AIFS93UK3XG7R,0.26567118836653636,0.06664597718985181,0.0,0.5,0.5827095808383234,1,10,224,5766
A1HXLQOYQB889P,0.26567118836653636,0.06664597718985181,0.0,0.5,0.5827095808383234,1,10,224,5767
A24OJFC9EGH3KQ,0.26567118836653636,0.06664597718985181,0.0,0.5,0.5827095808383234,1,10,224,5768
A24P9F6NZ7I0EL,0.26567118836653636,0.06664597718985181,0.0,0.5,0.5827095808383234,1,10,224,5769
A1I2S55T0R9DTX,0.26567118836653636,0.06664597718985181,0.0,0.5,0.5827095808383234,1,10,224,5770
A270124TENJ78B,0.26567118836653636,0.06664597718985181,0.0,0.5,0.5827095808383234,1,10,224,5771
A21RU23FMI0XSS,0.26567118836653636,0.06664597718985181,0.0,0.5,0.5827095808383234,1,10,224,5772
A12YC1CY1XZ6KQ,0.26567118836653636,0.06664597718985181,0.0,0.5,0.5827095808383234,1,10,224,5773
A1E04XSIX1OAOM,0.26567118836653636,0.06664597718985181,0.0,0.5,0.5827095808383234,1,10,224,5774
A3EM40VV41YOHH,0.26567118836653636,0.06664597718985181,0.0,0.5,0.5827095808383234,1,10,224,5775
AYJG6V3AQONGG,0.26567118836653636,0.06664597718985181,0.0,0.5,0.5827095808383234,1,10,224,5776
AY80D45F691BD,0.26567118836653636,0.06664597718985181,0.0,0.5,0.5827095808383234,1,10,224,5777
ADKYANLVMPKSC,0.26567118836653636,0.06664597718985181,0.0,0.5,0.5827095808383234,1,10,224,5778
AMEX0T50TFZR6,0.26567118836653636,0.06664597718985181,0.0,0.5,0.5827095808383234,1,10,224,5779
A7J1NJ0YQOBTZ,0.26567118836653636,0.06664597718985181,0.0,0.5,0.5827095808383234,1,10,224,5780
A1WWUZUK1ONXXV,0.26567118836653636,0.06664597718985181,0.0,0.5,0.5827095808383234,1,10,224,5781
A17A6OOXUV6ULM,0.26567118836653636,0.06664597718985181,0.0,0.5,0.5827095808383234,1,10,224,5782
A2CBZMETQJTNEE,0.26567118836653636,0.06664597718985181,0.0,0.5,0.5827095808383234,1,10,224,5783
A2CFCASXVT8OIT,0.26567118836653636,0.06664597718985181,0.0,0.5,0.5827095808383234,1,10,224,5784
AARIIW46OO6LA,0.26567118836653636,0.06664597718985181,0.0,0.5,0.5827095808383234,1,10,224,5785
A9YD1S6VJJMOV,0.26567118836653636,0.06664597718985181,0.0,0.5,0.5827095808383234,1,10,224,5786
A3KBJHIZCU52OW,0.26567118836653636,0.06664597718985181,0.0,0.5,0.5827095808383234,1,10,224,5787
A1I8SSEK2E846I,0.26567118836653636,0.06664597718985181,0.0,0.5,0.5827095808383234,1,10,224,5788
A38GBRWMMP0UI1,0.26567118836653636,0.06664597718985181,0.0,0.5,0.5827095808383234,1,10,224,5789
AJCR7L4AXL2OG,0.26567118836653636,0.06664597718985181,0.0,0.5,0.5827095808383234,1,10,224,5790
A1Z0VDSYKCQTRH,0.26567118836653636,0.06664597718985181,0.0,0.5,0.5827095808383234,1,10,224,5791
A36H6CP232NRYD,0.26567118836653636,0.06664597718985181,0.0,0.5,0.5827095808383234,1,10,224,5792
A1ZTCLOO7CCXBC,0.26567118836653636,0.06664597718985181,0.0,0.5,0.5827095808383234,1,10,224,5793
A2A26KED39175E,0.26567118836653636,0.06664597718985181,0.0,0.5,0.5827095808383234,1,10,224,5794
A2A0XAOI0QSETY,0.26567118836653636,0.06664597718985181,0.0,0.5,0.5827095808383234,1,10,224,5795
ABKYBNND374AW,0.26567118836653636,0.06664597718985181,0.0,0.5,0.5827095808383234,1,10,224,5796
AGEWOMQ90BV8R,0.26567118836653636,0.06664597718985181,0.0,0.5,0.5827095808383234,1,10,224,5797
A2DLK5DI4S3OIX,0.26567118836653636,0.06664597718985181,0.0,0.5,0.5827095808383234,1,10,224,5798
A8C4VSOYHV7BY,0.26567118836653636,0.06664597718985181,0.0,0.5,0.5827095808383234,1,10,224,5799
A1X951MG53YRW0,0.26567118836653636,0.06664597718985181,0.0,0.5,0.5827095808383234,1,10,224,5800
A1482ISQT966WC,0.26567118836653636,0.06664597718985181,0.0,0.5,0.5827095808383234,1,10,224,5801
AMH264806NHLO,0.26567118836653636,0.06664597718985181,0.0,0.5,0.5827095808383234,1,10,224,5802
A2GAKGT138CJZS,0.26567118836653636,0.06664597718985181,0.0,0.5,0.5827095808383234,1,10,224,5803
A1GZZEI9LGAIRQ,0.26567118836653636,0.06664597718985181,0.0,0.5,0.5827095808383234,1,10,224,5804
A7ZKJ86MUO5JS,0.26567118836653636,0.06664597718985181,0.0,0.5,0.5827095808383234,1,10,224,5805
A2CJ6BOXPMVDZ9,0.26567118836653636,0.06664597718985181,0.0,0.5,0.5827095808383234,1,10,224,5806
A2BUA0W0E6NM2D,0.26567118836653636,0.06664597718985181,0.0,0.5,0.5827095808383234,1,10,224,5807
AKHWZLV8HFIPS,0.26567118836653636,0.06664597718985181,0.0,0.5,0.5827095808383234,1,10,224,5808
A2VHNK9KG4FN9F,0.26567118836653636,0.06664597718985181,0.0,0.5,0.5827095808383234,1,10,224,5809
A1MM4GI4DEMAJ8,0.26567118836653636,0.06664597718985181,0.0,0.5,0.5827095808383234,1,10,224,5810
A1KOOIDITRFGPY,0.26567118836653636,0.06664597718985181,0.0,0.5,0.5827095808383234,1,10,224,5811
A2RSBGN7RNQ3S0,0.26567118836653636,0.06664597718985181,0.0,0.5,0.5827095808383234,1,10,224,5812
A1OPM139NX6MM9,0.26567118836653636,0.06664597718985181,0.0,0.5,0.5827095808383234,1,10,224,5813
AVUJQ7L84Q5M2,0.26567118836653636,0.06664597718985181,0.0,0.5,0.5827095808383234,1,10,224,5814
AVSYVH92H3Y64,0.26567118836653636,0.06664597718985181,0.0,0.5,0.5827095808383234,1,10,224,5815
A1KRANXN8ON8SC,0.26567118836653636,0.06664597718985181,0.0,0.5,0.5827095808383234,1,10,224,5816
AZF2N3ZIC9B9M,0.26567118836653636,0.06664597718985181,0.0,0.5,0.5827095808383234,1,10,224,5817
AVEUMSBNRA5TJ,0.26567118836653636,0.06664597718985181,0.0,0.5,0.5827095808383234,1,10,224,5818
A3N0PBMHROT40K,0.26567118836653636,0.06664597718985181,0.0,0.5,0.5827095808383234,1,10,224,5819
A2VT9DGL3UU8HQ,0.26567118836653636,0.06664597718985181,0.0,0.5,0.5827095808383234,1,10,224,5820
A1LCO3C4LIJANB,0.26567118836653636,0.06664597718985181,0.0,0.5,0.5827095808383234,1,10,224,5821
A1LZSBV038CISF,0.26567118836653636,0.06664597718985181,0.0,0.5,0.5827095808383234,1,10,224,5822
A1GHIHEYT9EI43,0.26567118836653636,0.06664597718985181,0.0,0.5,0.5827095808383234,1,10,224,5823
A324X6N1112OAX,0.26567118836653636,0.06664597718985181,0.0,0.5,0.5827095808383234,1,10,224,5824
A2T3R3E038PSYR,0.26567118836653636,0.06664597718985181,0.0,0.5,0.5827095808383234,1,10,224,5825
ATVG5JYNR3EWN,0.26567118836653636,0.06664597718985181,0.0,0.5,0.5827095808383234,1,10,224,5826
A1MADL7UMDRH89,0.26567118836653636,0.06664597718985181,0.0,0.5,0.5827095808383234,1,10,224,5827
A3AGQAXTX6VRJ3,0.26567118836653636,0.06664597718985181,0.0,0.5,0.5827095808383234,1,10,224,5828
A18MQWHBYS6MLN,0.26567118836653636,0.06664597718985181,0.0,0.5,0.5827095808383234,1,10,224,5829
A3LMH7M7YGUW81,0.26567118836653636,0.06664597718985181,0.0,0.5,0.5827095808383234,1,10,224,5830
A3S7Z458PXGL82,0.26567118836653636,0.06664597718985181,0.0,0.5,0.5827095808383234,1,10,224,5831
ARC5ASW9CUAGP,0.26567118836653636,0.06664597718985181,0.0,0.5,0.5827095808383234,1,10,224,5832
A3RGAR7ZY1OEGT,0.26567118836653636,0.06664597718985181,0.0,0.5,0.5827095808383234,1,10,224,5833
A2XKCFK69WFJ2Q,0.26567118836653636,0.06664597718985181,0.0,0.5,0.5827095808383234,1,10,224,5834
A1ODOGXEYECQQ8,0.26567118836653636,0.06664597718985181,0.0,0.5,0.5827095808383234,1,10,224,5835
A154R0EH8V8J23,0.26567118836653636,0.06664597718985181,0.0,0.5,0.5827095808383234,1,10,224,5836
A150YMM55VZQ4A,0.26567118836653636,0.06664597718985181,0.0,0.5,0.5827095808383234,1,10,224,5837
A1G4AW937NAPVA,0.26567118836653636,0.06664597718985181,0.0,0.5,0.5827095808383234,1,10,224,5838
A1QBD8ROX93T4H,0.26567118836653636,0.06664597718985181,0.0,0.5,0.5827095808383234,1,10,224,5839
A1BU7ES6F0OOAA,0.26567118836653636,0.06664597718985181,0.0,0.5,0.5827095808383234,1,10,224,5840
AWHT8HM8R4B3Z,0.26567118836653636,0.06664597718985181,0.0,0.5,0.5827095808383234,1,10,224,5841
A3TNTDRTVYO1SN,0.26567118836653636,0.06664597718985181,0.0,0.5,0.5827095808383234,1,10,224,5842
A1QI2OEKR1TXQR,0.26567118836653636,0.06664597718985181,0.0,0.5,0.5827095808383234,1,10,224,5843
A3TMKO1DO08TQY,0.26567118836653636,0.06664597718985181,0.0,0.5,0.5827095808383234,1,10,224,5844
A2NCO79BXDXVCQ,0.26567118836653636,0.06664597718985181,0.0,0.5,0.5827095808383234,1,10,224,5845
A1SNCVH8GXEJPA,0.26567118836653636,0.06664597718985181,0.0,0.5,0.5827095808383234,1,10,224,5846
A1SUF6BBG0T2ZQ,0.26567118836653636,0.06664597718985181,0.0,0.5,0.5827095808383234,1,10,224,5847
A2LNQQ1N2DZBUJ,0.26567118836653636,0.06664597718985181,0.0,0.5,0.5827095808383234,1,10,224,5848
AP8GT460DVVCU,0.26567118836653636,0.06664597718985181,0.0,0.5,0.5827095808383234,1,10,224,5849
AOLC9OV244MFW,0.26567118836653636,0.06664597718985181,0.0,0.5,0.5827095808383234,1,10,224,5850
A2JFHS5XX1PMXZ,0.26567118836653636,0.06664597718985181,0.0,0.5,0.5827095808383234,1,10,224,5851
A1CN4ZCDTGCJCT,0.26567118836653636,0.06664597718985181,0.0,0.5,0.5827095808383234,1,10,224,5852
A1TF9EYT8FEPZP,0.26567118836653636,0.06664597718985181,0.0,0.5,0.5827095808383234,1,10,224,5853
A1UBZQMYXWI1DH,0.26567118836653636,0.06664597718985181,0.0,0.5,0.5827095808383234,1,10,224,5854
A18WG75O9GGKTT,0.26567118836653636,0.06664597718985181,0.0,0.5,0.5827095808383234,1,10,224,5855
A3KM0K7M1NN2C5,0.26567118836653636,0.06664597718985181,0.0,0.5,0.5827095808383234,1,10,224,5856
AO3BJZXP5O1DQ,0.26567118836653636,0.06664597718985181,0.0,0.5,0.5827095808383234,1,10,224,5857
A1V6GWOYZEVVKT,0.26567118836653636,0.06664597718985181,0.0,0.5,0.5827095808383234,1,10,224,5858
ANMA1H8LGEVBF,0.26567118836653636,0.06664597718985181,0.0,0.5,0.5827095808383234,1,10,224,5859
A3D1XWMQD0HTZJ,0.26567118836653636,0.06664597718985181,0.0,0.5,0.5827095808383234,1,10,224,5860
A29UCTPWD0NNHQ,0.26567118836653636,0.06664597718985181,0.0,0.5,0.5827095808383234,1,10,224,5861
A1GUJGGRLM6V30,0.26567118836653636,0.06664597718985181,0.0,0.5,0.5827095808383234,1,10,224,5862
A39M6RURHUXPR,0.26567118836653636,0.06664597718985181,0.0,0.5,0.5827095808383234,1,10,224,5863
A1O3DZU81QWRIF,0.26567118836653636,0.06664597718985181,0.0,0.5,0.5827095808383234,1,10,224,5864
A10C84Y38RT22P,0.26557949061757485,0.002641011715416246,0.05397836805040625,1.0,0.2051703803613936,2,0,34,5865
A2NYK9KWFMJV4Y,0.2654975057136227,8.799884699325851e-06,0.020776358388155183,1.0,0.2412031046046963,2,0,89,5866
A1522TN5FVJL0Y,0.2653950576108983,0.016642097912949023,0.0,1.0,0.24160971294805453,2,0,81,5867
A3L6XHA5FVMN16,0.26519111059233147,0.00016994384865359085,0.01396538029969598,1.0,0.24659512945124562,2,2,43,5868
A1L0MEXMESE4C4,0.2651098111210274,0.06664597718985181,0.0,0.5,0.5804640718562875,1,13,218,5869
A11IFJDOZ0T6Z2,0.2651098111210274,0.06664597718985181,0.0,0.5,0.5804640718562875,1,13,218,5870
A3C51ESBUD8QAJ,0.2651098111210274,0.06664597718985181,0.0,0.5,0.5804640718562875,1,13,218,5871
A2QBJEHKTD7R6O,0.2651098111210274,0.06664597718985181,0.0,0.5,0.5804640718562875,1,13,218,5872
A1OY33KGOG3IX8,0.2651098111210274,0.06664597718985181,0.0,0.5,0.5804640718562875,1,13,218,5873
A3BMUBUC1N77U8,0.2651098111210274,0.06664597718985181,0.0,0.5,0.5804640718562875,1,13,218,5874
A10S9NK38WEQ65,0.2651098111210274,0.06664597718985181,0.0,0.5,0.5804640718562875,1,13,218,5875
A3IC6OB22INS9,0.2651098111210274,0.06664597718985181,0.0,0.5,0.5804640718562875,1,13,218,5876
A2OGXHE7PVLTOE,0.2651098111210274,0.06664597718985181,0.0,0.5,0.5804640718562875,1,13,218,5877
A2KR372GZW00MJ,0.2651098111210274,0.06664597718985181,0.0,0.5,0.5804640718562875,1,13,218,5878
A3VKO21KYDJQ2W,0.2651098111210274,0.06664597718985181,0.0,0.5,0.5804640718562875,1,13,218,5879
A2JMN2JA9LSHVL,0.2651098111210274,0.06664597718985181,0.0,0.5,0.5804640718562875,1,13,218,5880
A2KQDWZZUBBNOJ,0.2651098111210274,0.06664597718985181,0.0,0.5,0.5804640718562875,1,13,218,5881
A4AF29Y2BHYEY,0.2651098111210274,0.06664597718985181,0.0,0.5,0.5804640718562875,1,13,218,5882
A3OYE7X2O08LNT,0.2651098111210274,0.06664597718985181,0.0,0.5,0.5804640718562875,1,13,218,5883
A180BZHVJIRWBZ,0.2651098111210274,0.06664597718985181,0.0,0.5,0.5804640718562875,1,13,218,5884
A39Z4OU2C7ENWH,0.2651098111210274,0.06664597718985181,0.0,0.5,0.5804640718562875,1,13,218,5885
A2RUN82QPU60PN,0.2651098111210274,0.06664597718985181,0.0,0.5,0.5804640718562875,1,13,218,5886
A3QPJS71FU70MX,0.2651098111210274,0.06664597718985181,0.0,0.5,0.5804640718562875,1,13,218,5887
A3A7ZJ4QS65X15,0.2651098111210274,0.06664597718985181,0.0,0.5,0.5804640718562875,1,13,218,5888
A15K7HV1XD6YWR,0.2651098111210274,0.06664597718985181,0.0,0.5,0.5804640718562875,1,13,218,5889
A2ZMEHV9S4FXV5,0.2651098111210274,0.06664597718985181,0.0,0.5,0.5804640718562875,1,13,218,5890
A7V9WIUIB02OI,0.2651098111210274,0.06664597718985181,0.0,0.5,0.5804640718562875,1,13,218,5891
A6TWN9W9WSAV0,0.2651098111210274,0.06664597718985181,0.0,0.5,0.5804640718562875,1,13,218,5892
A7060R14RJF3I,0.2651098111210274,0.06664597718985181,0.0,0.5,0.5804640718562875,1,13,218,5893
A3JD55EKK0KJKV,0.2651098111210274,0.06664597718985181,0.0,0.5,0.5804640718562875,1,13,218,5894
A1ZPEZMQBCTZQN,0.2651098111210274,0.06664597718985181,0.0,0.5,0.5804640718562875,1,13,218,5895
A12XCRHPREC51Y,0.2651098111210274,0.06664597718985181,0.0,0.5,0.5804640718562875,1,13,218,5896
A371ZZ95ZQEIZV,0.2651098111210274,0.06664597718985181,0.0,0.5,0.5804640718562875,1,13,218,5897
A20VSTDILG9K7H,0.2651098111210274,0.06664597718985181,0.0,0.5,0.5804640718562875,1,13,218,5898
A25M2X8KHSS2NC,0.2651098111210274,0.06664597718985181,0.0,0.5,0.5804640718562875,1,13,218,5899
A13M65IGNEQXW1,0.2651098111210274,0.06664597718985181,0.0,0.5,0.5804640718562875,1,13,218,5900
A212REVB5AFP02,0.2651098111210274,0.06664597718985181,0.0,0.5,0.5804640718562875,1,13,218,5901
A28RVT20CEXA8B,0.2651098111210274,0.06664597718985181,0.0,0.5,0.5804640718562875,1,13,218,5902
A2E5IK9TUH8UPD,0.2651098111210274,0.06664597718985181,0.0,0.5,0.5804640718562875,1,13,218,5903
A8THC8D64F5E3,0.2651098111210274,0.06664597718985181,0.0,0.5,0.5804640718562875,1,13,218,5904
A1XEYWWDJ09OEA,0.2651098111210274,0.06664597718985181,0.0,0.5,0.5804640718562875,1,13,218,5905
A1463ASM7QMU2I,0.2651098111210274,0.06664597718985181,0.0,0.5,0.5804640718562875,1,13,218,5906
A13BWQDECDDVIZ,0.2651098111210274,0.06664597718985181,0.0,0.5,0.5804640718562875,1,13,218,5907
A23A7OH3AM0PDA,0.2651098111210274,0.06664597718985181,0.0,0.5,0.5804640718562875,1,13,218,5908
A22UL4BXTSXSCB,0.2651098111210274,0.06664597718985181,0.0,0.5,0.5804640718562875,1,13,218,5909
A27K5RT7VDB7BU,0.2651098111210274,0.06664597718985181,0.0,0.5,0.5804640718562875,1,13,218,5910
A299PV3CRFH3C5,0.2651098111210274,0.06664597718985181,0.0,0.5,0.5804640718562875,1,13,218,5911
AMAR6CIOZUQO4,0.2651098111210274,0.06664597718985181,0.0,0.5,0.5804640718562875,1,13,218,5912
ABM9CL72EGWKN,0.2651098111210274,0.06664597718985181,0.0,0.5,0.5804640718562875,1,13,218,5913
A81NVWL4MMVT8,0.2651098111210274,0.06664597718985181,0.0,0.5,0.5804640718562875,1,13,218,5914
A2H1U31KRK5X5L,0.2651098111210274,0.06664597718985181,0.0,0.5,0.5804640718562875,1,13,218,5915
A120ULF73SUTI9,0.2651098111210274,0.06664597718985181,0.0,0.5,0.5804640718562875,1,13,218,5916
A38FGQVJM18OWV,0.2651098111210274,0.06664597718985181,0.0,0.5,0.5804640718562875,1,13,218,5917
A2EOJNVW4NF4AE,0.2651098111210274,0.06664597718985181,0.0,0.5,0.5804640718562875,1,13,218,5918
A3DOQ1AI1MU74K,0.2651098111210274,0.06664597718985181,0.0,0.5,0.5804640718562875,1,13,218,5919
A2BLRT79WUTLXW,0.2651098111210274,0.06664597718985181,0.0,0.5,0.5804640718562875,1,13,218,5920
AJIA55AVU0CUS,0.2651098111210274,0.06664597718985181,0.0,0.5,0.5804640718562875,1,13,218,5921
A2LR9WP2JGDT8E,0.2651098111210274,0.06664597718985181,0.0,0.5,0.5804640718562875,1,13,218,5922
A14O9P3DV5EHKO,0.2651098111210274,0.06664597718985181,0.0,0.5,0.5804640718562875,1,13,218,5923
A1JI3XL5ME8CWM,0.2651098111210274,0.06664597718985181,0.0,0.5,0.5804640718562875,1,13,218,5924
A2I87F2QCJ6RK3,0.2651098111210274,0.06664597718985181,0.0,0.5,0.5804640718562875,1,13,218,5925
A3AKVALGT4Y02G,0.2651098111210274,0.06664597718985181,0.0,0.5,0.5804640718562875,1,13,218,5926
A1KM3IPZ9H0JKZ,0.2651098111210274,0.06664597718985181,0.0,0.5,0.5804640718562875,1,13,218,5927
AVRFGGCCCR6QU,0.2651098111210274,0.06664597718985181,0.0,0.5,0.5804640718562875,1,13,218,5928
A3M6S7Y1FNPOLD,0.2651098111210274,0.06664597718985181,0.0,0.5,0.5804640718562875,1,13,218,5929
A3ATF868IEP191,0.2651098111210274,0.06664597718985181,0.0,0.5,0.5804640718562875,1,13,218,5930
A1KXONFPU2XQ5K,0.2651098111210274,0.06664597718985181,0.0,0.5,0.5804640718562875,1,13,218,5931
A3Q7DHKIU7TMBI,0.2651098111210274,0.06664597718985181,0.0,0.5,0.5804640718562875,1,13,218,5932
A3PR648T8RDRS,0.2651098111210274,0.06664597718985181,0.0,0.5,0.5804640718562875,1,13,218,5933
A2Y4H3PXB07WQI,0.2651098111210274,0.06664597718985181,0.0,0.5,0.5804640718562875,1,13,218,5934
A11NR4AJK9TNQM,0.2651098111210274,0.06664597718985181,0.0,0.5,0.5804640718562875,1,13,218,5935
APRP1LWB08YG8,0.2651098111210274,0.06664597718985181,0.0,0.5,0.5804640718562875,1,13,218,5936
A3SXYB8JPQ44LN,0.2651098111210274,0.06664597718985181,0.0,0.5,0.5804640718562875,1,13,218,5937
A1R2514DVWIIMV,0.2651098111210274,0.06664597718985181,0.0,0.5,0.5804640718562875,1,13,218,5938
A3TCV19D652GPU,0.2651098111210274,0.06664597718985181,0.0,0.5,0.5804640718562875,1,13,218,5939
A1QKUDP9EUHJXH,0.2651098111210274,0.06664597718985181,0.0,0.5,0.5804640718562875,1,13,218,5940
A3LSVS4YA2CEAX,0.2651098111210274,0.06664597718985181,0.0,0.5,0.5804640718562875,1,13,218,5941
A11ZP93TJED4T6,0.2651098111210274,0.06664597718985181,0.0,0.5,0.5804640718562875,1,13,218,5942
A1C4J9CUHT3UXE,0.2649138797526437,0.0023985686643767175,0.03611027416220883,0.5143652481887981,0.6091747639000754,2,6,419,5943
A2YG0C7JIOSZZ2,0.2648705885593793,5.341501371492748e-05,0.01123542989406226,0.5143652481887981,0.6366906277759583,2,6,407,5944
A26SDXLH2076YY,0.2643613081270154,0.06664597718985181,0.0,0.5,0.5774700598802396,1,1,210,5945
ADCR5CY3S9AQW,0.2643613081270154,0.06664597718985181,0.0,0.5,0.5774700598802396,1,1,210,5946
A21GNL0UCLB2SI,0.2643613081270154,0.06664597718985181,0.0,0.5,0.5774700598802396,1,1,210,5947
A387QAUJHI23S8,0.2643613081270154,0.06664597718985181,0.0,0.5,0.5774700598802396,1,1,210,5948
AEQ1H8QRESMPD,0.2643613081270154,0.06664597718985181,0.0,0.5,0.5774700598802396,1,1,210,5949
AEMTCO56SDFS3,0.2643613081270154,0.06664597718985181,0.0,0.5,0.5774700598802396,1,1,210,5950
A20YJDWDMWZ9NS,0.2643613081270154,0.06664597718985181,0.0,0.5,0.5774700598802396,1,1,210,5951
A29EGA8RIDPUJ1,0.2643613081270154,0.06664597718985181,0.0,0.5,0.5774700598802396,1,1,210,5952
AAWBS2IBQ0VAU,0.2643613081270154,0.06664597718985181,0.0,0.5,0.5774700598802396,1,1,210,5953
AAR7CEPXYJA0T,0.2643613081270154,0.06664597718985181,0.0,0.5,0.5774700598802396,1,1,210,5954
A1Z4FT2OMHIYFU,0.2643613081270154,0.06664597718985181,0.0,0.5,0.5774700598802396,1,1,210,5955
AJDNE10BS99IC,0.2643613081270154,0.06664597718985181,0.0,0.5,0.5774700598802396,1,1,210,5956
AARTRGFVZ9LXG,0.2643613081270154,0.06664597718985181,0.0,0.5,0.5774700598802396,1,1,210,5957
A1VQA08VWB9ALB,0.2643613081270154,0.06664597718985181,0.0,0.5,0.5774700598802396,1,1,210,5958
A1X9YWCDW70VCP,0.2643613081270154,0.06664597718985181,0.0,0.5,0.5774700598802396,1,1,210,5959
A1F4P9AXMQ4XZU,0.2643613081270154,0.06664597718985181,0.0,0.5,0.5774700598802396,1,1,210,5960
A2DG4I40CMY9QH,0.2643613081270154,0.06664597718985181,0.0,0.5,0.5774700598802396,1,1,210,5961
A2CGLTQSOX2UYM,0.2643613081270154,0.06664597718985181,0.0,0.5,0.5774700598802396,1,1,210,5962
A2AAB4Y69I91Y0,0.2643613081270154,0.06664597718985181,0.0,0.5,0.5774700598802396,1,1,210,5963
A13RCE7C3EU2EP,0.2643613081270154,0.06664597718985181,0.0,0.5,0.5774700598802396,1,1,210,5964
A202Y9F2VN8KY2,0.2643613081270154,0.06664597718985181,0.0,0.5,0.5774700598802396,1,1,210,5965
AY5VJCY3K4DD8,0.2643613081270154,0.06664597718985181,0.0,0.5,0.5774700598802396,1,1,210,5966
A2AD9V438DGUYU,0.2643613081270154,0.06664597718985181,0.0,0.5,0.5774700598802396,1,1,210,5967
A2YFWEBG4CGKP0,0.2643613081270154,0.06664597718985181,0.0,0.5,0.5774700598802396,1,1,210,5968
A4IL0CLL27Q33,0.2643613081270154,0.06664597718985181,0.0,0.5,0.5774700598802396,1,1,210,5969
A1FV6SJ6Z27O1E,0.2643613081270154,0.06664597718985181,0.0,0.5,0.5774700598802396,1,1,210,5970
A1TDHAKEDTJL2J,0.2643613081270154,0.06664597718985181,0.0,0.5,0.5774700598802396,1,1,210,5971
AMT7TEOP9X8JS,0.2643613081270154,0.06664597718985181,0.0,0.5,0.5774700598802396,1,1,210,5972
A3V1MV24OOGX36,0.2643613081270154,0.06664597718985181,0.0,0.5,0.5774700598802396,1,1,210,5973
A3A8EWK181RGFU,0.2643613081270154,0.06664597718985181,0.0,0.5,0.5774700598802396,1,1,210,5974
AWNWOMUT9HS2D,0.2643613081270154,0.06664597718985181,0.0,0.5,0.5774700598802396,1,1,210,5975
A2MYK96VGMBV0S,0.2643613081270154,0.06664597718985181,0.0,0.5,0.5774700598802396,1,1,210,5976
A3U9ECP0UKZYO0,0.2643613081270154,0.06664597718985181,0.0,0.5,0.5774700598802396,1,1,210,5977
A3U454B540HWZS,0.2643613081270154,0.06664597718985181,0.0,0.5,0.5774700598802396,1,1,210,5978
A3TYJTG8HXTWKY,0.2643613081270154,0.06664597718985181,0.0,0.5,0.5774700598802396,1,1,210,5979
A2XXO4NDGULP0M,0.2643613081270154,0.06664597718985181,0.0,0.5,0.5774700598802396,1,1,210,5980
A16TTF45LJY6IJ,0.2643613081270154,0.06664597718985181,0.0,0.5,0.5774700598802396,1,1,210,5981
A3I1GZ3Z7AXSNZ,0.2643613081270154,0.06664597718985181,0.0,0.5,0.5774700598802396,1,1,210,5982
A1NS37O7XRA5KG,0.2643613081270154,0.06664597718985181,0.0,0.5,0.5774700598802396,1,1,210,5983
A113JL355TBC33,0.2643613081270154,0.06664597718985181,0.0,0.5,0.5774700598802396,1,1,210,5984
A1134O4T95NOR2,0.2643613081270154,0.06664597718985181,0.0,0.5,0.5774700598802396,1,1,210,5985
A1PHOPS0I4ADML,0.2643613081270154,0.06664597718985181,0.0,0.5,0.5774700598802396,1,1,210,5986
A3GZZ7O20BZQ94,0.2643613081270154,0.06664597718985181,0.0,0.5,0.5774700598802396,1,1,210,5987
A1N4UL33MD8BOY,0.2643613081270154,0.06664597718985181,0.0,0.5,0.5774700598802396,1,1,210,5988
A3MIIKWIS9MBET,0.2643613081270154,0.06664597718985181,0.0,0.5,0.5774700598802396,1,1,210,5989
A1F1A0QQP2XVH5,0.264170856020293,0.00018760188622007697,0.006531426287206214,1.0,0.24992687553050164,3,0,101,5990
A2A817AADURYEF,0.2640502410590295,5.2162541384439245e-05,0.060192386664837484,0.5143652481887981,0.5844537839705807,2,3,543,5991
A1TAW91SQSU2AH,0.263871982817201,0.13331781622572217,0.2861703088158173,0.5143652481887981,0.19784404443108153,2,0,25,5992
A3A15L96IYUO6V,0.2636869838234491,0.1907266509940355,0.05656838614875295,0.5535602984024418,0.3264593292302473,7,0,208,5993
A9BVHFGX28SNZ,0.26368625325070416,5.6652806253548e-05,0.023041916995238762,0.5143652481887981,0.6201429140890352,2,6,414,5994
AFXTKAO0CB354,0.2636330083791114,0.0004236112261333663,0.09012035752909985,1.0,0.1639033425159856,3,2,19,5995
A2SATO5BNKWY3Y,0.26337638416327225,7.261945240960014e-05,0.025195211840917296,1.0,0.22822318146928014,2,2,77,5996
A8LEFDO3AKIJP,0.2633177534248198,0.17996840746570716,0.38127897018204915,0.28361758905330975,0.22913588331573342,3,1,56,5997
A3I8OURC83NM6V,0.26326348641134195,0.006992226473546734,0.2821344704862043,0.5143652481887981,0.35103660483986887,2,0,43,5998
A1GFB47CXP4LKR,0.26318269073726575,0.00020972769121065508,0.0,1.0,0.2524790897196103,2,0,39,5999
A3J8A5L5AF5TX9,0.26296625064227785,0.0003100164362780074,0.10534435807782633,0.43383468049321494,0.5990808803731794,4,11,1339,6000
AZMY6E8B52L2T,0.2627048616876211,0.0007678505234560784,0.02797424163451132,1.0,0.22192378448782563,2,0,69,6001
A149RNR5RH19YY,0.26256521688303647,0.00023559634627896205,0.11130581496176795,0.5143652481887981,0.5271801384038046,4,0,594,6002
A1GYV9PJ0U8ERX,0.26242139598865794,0.014790102384174846,0.0,1.0,0.23193746109362195,2,2,70,6003
A3RVAT0EUNM2MI,0.26228378387865137,0.13331781622572217,0.13432596380645512,0.5143652481887981,0.3433355936862452,2,1,307,6004
A1Z93YS0KD9M9N,0.2619854044805215,3.4094843761890166e-05,0.02872936584534653,1.0,0.21917133826422508,2,0,60,6005
A2169QCESH3QDF,0.26183511052222497,0.06664597718985181,0.0,0.5,0.5673652694610778,1,12,183,6006
AVJRYJHGXR3NX,0.26183511052222497,0.06664597718985181,0.0,0.5,0.5673652694610778,1,12,183,6007
AHT6REY7TMPJI,0.26183511052222497,0.06664597718985181,0.0,0.5,0.5673652694610778,1,12,183,6008
A21ML571MPRGXC,0.26183511052222497,0.06664597718985181,0.0,0.5,0.5673652694610778,1,12,183,6009
AARTX8A7CN0PB,0.26183511052222497,0.06664597718985181,0.0,0.5,0.5673652694610778,1,12,183,6010
A36E0HUM2Q6BSU,0.26183511052222497,0.06664597718985181,0.0,0.5,0.5673652694610778,1,12,183,6011
A2AEG2K27AHN95,0.26183511052222497,0.06664597718985181,0.0,0.5,0.5673652694610778,1,12,183,6012
A2ADXHHQWZ630U,0.26183511052222497,0.06664597718985181,0.0,0.5,0.5673652694610778,1,12,183,6013
AACK5P7QALJ7O,0.26183511052222497,0.06664597718985181,0.0,0.5,0.5673652694610778,1,12,183,6014
A1Z8SLW84NV7WJ,0.26183511052222497,0.06664597718985181,0.0,0.5,0.5673652694610778,1,12,183,6015
A3HRDRQ5VAFPQS,0.26183511052222497,0.06664597718985181,0.0,0.5,0.5673652694610778,1,12,183,6016
A2CQET6JR59YEY,0.26183511052222497,0.06664597718985181,0.0,0.5,0.5673652694610778,1,12,183,6017
A3ISA8LBB5P34E,0.26183511052222497,0.06664597718985181,0.0,0.5,0.5673652694610778,1,12,183,6018
A2ZDADVIBD50VB,0.26183511052222497,0.06664597718985181,0.0,0.5,0.5673652694610778,1,12,183,6019
A8UY3MKZ9OHDF,0.26183511052222497,0.06664597718985181,0.0,0.5,0.5673652694610778,1,12,183,6020
A2BV8E2VPVORN3,0.26183511052222497,0.06664597718985181,0.0,0.5,0.5673652694610778,1,12,183,6021
A3ER6ARJ23CIN8,0.26183511052222497,0.06664597718985181,0.0,0.5,0.5673652694610778,1,12,183,6022
AC4BQYY52RRRQ,0.26183511052222497,0.06664597718985181,0.0,0.5,0.5673652694610778,1,12,183,6023
A2BBN72TP5QOPK,0.26183511052222497,0.06664597718985181,0.0,0.5,0.5673652694610778,1,12,183,6024
A2BUXQ05X8GB58,0.26183511052222497,0.06664597718985181,0.0,0.5,0.5673652694610778,1,12,183,6025
A1ZP77LMY0DTIM,0.26183511052222497,0.06664597718985181,0.0,0.5,0.5673652694610778,1,12,183,6026
A2909VBH8409LU,0.26183511052222497,0.06664597718985181,0.0,0.5,0.5673652694610778,1,12,183,6027
A28GT8K15D0LIS,0.26183511052222497,0.06664597718985181,0.0,0.5,0.5673652694610778,1,12,183,6028
AD3VW9VRW7MMB,0.26183511052222497,0.06664597718985181,0.0,0.5,0.5673652694610778,1,12,183,6029
A339ZN69W7N8PW,0.26183511052222497,0.06664597718985181,0.0,0.5,0.5673652694610778,1,12,183,6030
A2RHF1DLWK3MO4,0.26183511052222497,0.06664597718985181,0.0,0.5,0.5673652694610778,1,12,183,6031
A1KJAMZ82D1Z44,0.26183511052222497,0.06664597718985181,0.0,0.5,0.5673652694610778,1,12,183,6032
AZDBSC1VRMVY8,0.26183511052222497,0.06664597718985181,0.0,0.5,0.5673652694610778,1,12,183,6033
A3PUAZ6L97FT78,0.26183511052222497,0.06664597718985181,0.0,0.5,0.5673652694610778,1,12,183,6034
A3DYB4VNXP9RBE,0.26183511052222497,0.06664597718985181,0.0,0.5,0.5673652694610778,1,12,183,6035
A3PSL549ERGXLD,0.26183511052222497,0.06664597718985181,0.0,0.5,0.5673652694610778,1,12,183,6036
A16U2XUA72CHR8,0.26183511052222497,0.06664597718985181,0.0,0.5,0.5673652694610778,1,12,183,6037
A3S66WJLBU17YW,0.26183511052222497,0.06664597718985181,0.0,0.5,0.5673652694610778,1,12,183,6038
A2R035SIYEQN2O,0.26183511052222497,0.06664597718985181,0.0,0.5,0.5673652694610778,1,12,183,6039
A10TI75YHEDJ55,0.26183511052222497,0.06664597718985181,0.0,0.5,0.5673652694610778,1,12,183,6040
A3T8ISGIQ27V3X,0.26183511052222497,0.06664597718985181,0.0,0.5,0.5673652694610778,1,12,183,6041
A2NF9AB5M72QTE,0.26183511052222497,0.06664597718985181,0.0,0.5,0.5673652694610778,1,12,183,6042
AQCJ6YL20AICG,0.26183511052222497,0.06664597718985181,0.0,0.5,0.5673652694610778,1,12,183,6043
A3923W0OJNGUHN,0.26183511052222497,0.06664597718985181,0.0,0.5,0.5673652694610778,1,12,183,6044
A2M83KG7MS2VSR,0.26183511052222497,0.06664597718985181,0.0,0.5,0.5673652694610778,1,12,183,6045
A3DDKMEJPK9XQS,0.26183511052222497,0.06664597718985181,0.0,0.5,0.5673652694610778,1,12,183,6046
A7V2BYVR7KUF0,0.26183511052222497,0.06664597718985181,0.0,0.5,0.5673652694610778,1,12,183,6047
A19J2S0JHH69F2,0.26183511052222497,0.06664597718985181,0.0,0.5,0.5673652694610778,1,12,183,6048
A2GTJW5WTDX7H2,0.26183511052222497,0.06664597718985181,0.0,0.5,0.5673652694610778,1,12,183,6049
A5ESSBL2PIQBD,0.26183511052222497,0.06664597718985181,0.0,0.5,0.5673652694610778,1,12,183,6050
A2HUXYU0IQOMOB,0.26183511052222497,0.06664597718985181,0.0,0.5,0.5673652694610778,1,12,183,6051
A34NPP4LLJL4HU,0.26183511052222497,0.06664597718985181,0.0,0.5,0.5673652694610778,1,12,183,6052
A2HMD9LSALP7N1,0.26183511052222497,0.06664597718985181,0.0,0.5,0.5673652694610778,1,12,183,6053
A14NF0ZJXRYNO3,0.26183511052222497,0.06664597718985181,0.0,0.5,0.5673652694610778,1,12,183,6054
A17WKG6ZXE7Y3O,0.26183511052222497,0.06664597718985181,0.0,0.5,0.5673652694610778,1,12,183,6055
A1M2MPPL6OK3QJ,0.26183511052222497,0.06664597718985181,0.0,0.5,0.5673652694610778,1,12,183,6056
AO7W7WGOU6UIW,0.26183511052222497,0.06664597718985181,0.0,0.5,0.5673652694610778,1,12,183,6057
A42PJ9K10RLMT,0.26183511052222497,0.06664597718985181,0.0,0.5,0.5673652694610778,1,12,183,6058
A2J753YWOBIOSR,0.26183511052222497,0.06664597718985181,0.0,0.5,0.5673652694610778,1,12,183,6059
A4DZ12AFVZ6LT,0.26183511052222497,0.06664597718985181,0.0,0.5,0.5673652694610778,1,12,183,6060
ANRS196NKFVUU,0.26183511052222497,0.06664597718985181,0.0,0.5,0.5673652694610778,1,12,183,6061
A2V0V7KOZ857NX,0.26183511052222497,0.06664597718985181,0.0,0.5,0.5673652694610778,1,12,183,6062
A3DH53FPYSP9E,0.26183511052222497,0.06664597718985181,0.0,0.5,0.5673652694610778,1,12,183,6063
A7JDRR7KJA6HG,0.26183511052222497,0.06664597718985181,0.0,0.5,0.5673652694610778,1,12,183,6064
A2EU2DD8LJT35E,0.26183511052222497,0.06664597718985181,0.0,0.5,0.5673652694610778,1,12,183,6065
A2GARLO234WK85,0.26183511052222497,0.06664597718985181,0.0,0.5,0.5673652694610778,1,12,183,6066
AU9LWFAOXCZOV,0.26183511052222497,0.06664597718985181,0.0,0.5,0.5673652694610778,1,12,183,6067
A1W6G74P9FYOQG,0.26183511052222497,0.06664597718985181,0.0,0.5,0.5673652694610778,1,12,183,6068
A3552ZMW6AKTR3,0.26183511052222497,0.06664597718985181,0.0,0.5,0.5673652694610778,1,12,183,6069
A27KTLDSBWXNED,0.26183511052222497,0.06664597718985181,0.0,0.5,0.5673652694610778,1,12,183,6070
ACQS5S0Q65SHV,0.26183511052222497,0.06664597718985181,0.0,0.5,0.5673652694610778,1,12,183,6071
A1HML2C0J5JKG,0.26183511052222497,0.06664597718985181,0.0,0.5,0.5673652694610778,1,12,183,6072
A13831TMEGELTX,0.26183511052222497,0.06664597718985181,0.0,0.5,0.5673652694610778,1,12,183,6073
A225F6Y9DTUEDM,0.26183511052222497,0.06664597718985181,0.0,0.5,0.5673652694610778,1,12,183,6074
A1ENHG9CYI17HW,0.26183511052222497,0.06664597718985181,0.0,0.5,0.5673652694610778,1,12,183,6075
AH84JM3TLWA43,0.26183511052222497,0.06664597718985181,0.0,0.5,0.5673652694610778,1,12,183,6076
A196U4AE2M1G44,0.26183511052222497,0.06664597718985181,0.0,0.5,0.5673652694610778,1,12,183,6077
A1CEGZTK2CO8FF,0.26183511052222497,0.06664597718985181,0.0,0.5,0.5673652694610778,1,12,183,6078
A2MGCK4TVZQHIC,0.26183511052222497,0.06664597718985181,0.0,0.5,0.5673652694610778,1,12,183,6079
A31EMKD6ZGNC9W,0.26183511052222497,0.06664597718985181,0.0,0.5,0.5673652694610778,1,12,183,6080
A2Y12EX2K0HH8O,0.26183511052222497,0.06664597718985181,0.0,0.5,0.5673652694610778,1,12,183,6081
A1SYGY98J1RWIY,0.26183511052222497,0.06664597718985181,0.0,0.5,0.5673652694610778,1,12,183,6082
ATEQ0KDIJ7K89,0.26183511052222497,0.06664597718985181,0.0,0.5,0.5673652694610778,1,12,183,6083
A2O8BAXJPDSV0M,0.26183511052222497,0.06664597718985181,0.0,0.5,0.5673652694610778,1,12,183,6084
A1QR3OYDFRFNE5,0.26183511052222497,0.06664597718985181,0.0,0.5,0.5673652694610778,1,12,183,6085
A2H5LR3VHM0TIY,0.26183511052222497,0.06664597718985181,0.0,0.5,0.5673652694610778,1,12,183,6086
AMZREEUVCV998,0.26183511052222497,0.06664597718985181,0.0,0.5,0.5673652694610778,1,12,183,6087
A2JAOZ2CINPUTT,0.26183511052222497,0.06664597718985181,0.0,0.5,0.5673652694610778,1,12,183,6088
A2I16SKF3RHED6,0.261543102526811,4.8924288626266165e-05,0.0501677184392733,0.5143652481887981,0.5844537839705807,2,3,543,6089
A17KYU38U9WRVW,0.261366086922587,2.155766965416973e-05,0.01380336584668928,0.5143652481887981,0.6201429140890352,2,6,414,6090
A37RCN295YXNKD,0.2610618657118695,0.00014553105638726762,0.012611346695875218,1.0,0.23146147888393803,2,2,56,6091
A8L8U91R992XJ,0.26089948177971,0.06664597718985181,0.0,0.5,0.563622754491018,1,1,173,6092
AJMZSJU3VIJVW,0.26089948177971,0.06664597718985181,0.0,0.5,0.563622754491018,1,1,173,6093
A1PLDDS2NHUD76,0.26089948177971,0.06664597718985181,0.0,0.5,0.563622754491018,1,1,173,6094
A3ONGNBZHTJ12H,0.26089948177971,0.06664597718985181,0.0,0.5,0.563622754491018,1,1,173,6095
A2PYL7WLGVIBT7,0.26089948177971,0.06664597718985181,0.0,0.5,0.563622754491018,1,1,173,6096
A10VE1GY2DIMOZ,0.26089948177971,0.06664597718985181,0.0,0.5,0.563622754491018,1,1,173,6097
A18Q0YU1FMO7TE,0.26089948177971,0.06664597718985181,0.0,0.5,0.563622754491018,1,1,173,6098
A1B4RFR5BLLQI5,0.26089948177971,0.06664597718985181,0.0,0.5,0.563622754491018,1,1,173,6099
AM3R8PW5WQ7UB,0.26089948177971,0.06664597718985181,0.0,0.5,0.563622754491018,1,1,173,6100
A31YMI20E4F0RI,0.26089948177971,0.06664597718985181,0.0,0.5,0.563622754491018,1,1,173,6101
AMFXT0836BF87,0.26089948177971,0.06664597718985181,0.0,0.5,0.563622754491018,1,1,173,6102
A1VUHTQ6GC4LH,0.26089948177971,0.06664597718985181,0.0,0.5,0.563622754491018,1,1,173,6103
A3NZEQJJZEZROW,0.26089948177971,0.06664597718985181,0.0,0.5,0.563622754491018,1,1,173,6104
A3OSY1QRGCQRAI,0.26089948177971,0.06664597718985181,0.0,0.5,0.563622754491018,1,1,173,6105
A1K1I1LQE8DFFN,0.26089948177971,0.06664597718985181,0.0,0.5,0.563622754491018,1,1,173,6106
A3K67UNIBXO76V,0.26089948177971,0.06664597718985181,0.0,0.5,0.563622754491018,1,1,173,6107
A3NKRADYHW2CIP,0.26089948177971,0.06664597718985181,0.0,0.5,0.563622754491018,1,1,173,6108
A37FULV9NLQYXU,0.26089948177971,0.06664597718985181,0.0,0.5,0.563622754491018,1,1,173,6109
AB0WO69IUZAYV,0.26089948177971,0.06664597718985181,0.0,0.5,0.563622754491018,1,1,173,6110
A1ZNLNA7BEZJCP,0.26089948177971,0.06664597718985181,0.0,0.5,0.563622754491018,1,1,173,6111
A3DUWI8P66G61C,0.26089948177971,0.06664597718985181,0.0,0.5,0.563622754491018,1,1,173,6112
AIT3KLQ2691DL,0.26089948177971,0.06664597718985181,0.0,0.5,0.563622754491018,1,1,173,6113
AE5UGQ696VKHE,0.26089948177971,0.06664597718985181,0.0,0.5,0.563622754491018,1,1,173,6114
AGJEFBYEYM9LA,0.26089948177971,0.06664597718985181,0.0,0.5,0.563622754491018,1,1,173,6115
A24CLCP2DPE9ML,0.26089948177971,0.06664597718985181,0.0,0.5,0.563622754491018,1,1,173,6116
A105TOJ6LTVMBG,0.26089948177971,0.06664597718985181,0.0,0.5,0.563622754491018,1,1,173,6117
AGL4FKIL9IYXA,0.26089948177971,0.06664597718985181,0.0,0.5,0.563622754491018,1,1,173,6118
A12SBVZP1QK9GM,0.26089948177971,0.06664597718985181,0.0,0.5,0.563622754491018,1,1,173,6119
A13WREJ05GMRA6,0.26089948177971,0.06664597718985181,0.0,0.5,0.563622754491018,1,1,173,6120
A1LPDIAKNVQNQ2,0.26089948177971,0.06664597718985181,0.0,0.5,0.563622754491018,1,1,173,6121
A36KQQ89928GK2,0.26089948177971,0.06664597718985181,0.0,0.5,0.563622754491018,1,1,173,6122
A3I87TP2N3GXK6,0.26089948177971,0.06664597718985181,0.0,0.5,0.563622754491018,1,1,173,6123
A2IUAT0NF7OVTC,0.26089948177971,0.06664597718985181,0.0,0.5,0.563622754491018,1,1,173,6124
A4BLZ3ZNJ0YV2,0.26089948177971,0.06664597718985181,0.0,0.5,0.563622754491018,1,1,173,6125
A2M5GKAGV88LWD,0.2608835880466765,0.001979306245285803,0.26704878531145754,0.6838346804932149,0.22704265498633355,4,0,64,6126
A2TH825DJHB3P1,0.26076169471669264,0.16336987343291368,0.15115053586772387,0.2931944211791752,0.4612968579362102,3,0,256,6127
AMGUWDM3XPEEB,0.26038772575692604,0.0006214375620966775,0.06456535489911502,0.5143652481887981,0.5647476245030347,2,4,951,6128
AUITG1DJ3QUGK,0.26014587724375715,0.16338545217639858,0.025754843395667193,0.45028425571997643,0.45853871839170185,3,0,282,6129
AVE2J7PNE0L9C,0.25989942715606673,7.676284208179607e-05,0.2869729551030198,0.2931944211791752,0.5179771011674087,3,2,476,6130
A1SCWY8O0IL2HU,0.25988032331121147,0.1775872703572832,0.06322072835456867,0.6169509223866431,0.26963510255222295,3,0,77,6131
A3KYYFT538CZ0O,0.25985250314918873,0.28763656831076223,0.09550880850962333,0.5712102976547352,0.1417690839904288,5,0,83,6132
A3EO7H0UOYYVJ,0.25940247579168607,0.06664597718985181,0.0,0.5,0.5576347305389222,1,11,157,6133
A2620FU6M0WOXM,0.25940247579168607,0.06664597718985181,0.0,0.5,0.5576347305389222,1,11,157,6134
A1AP9NRICWMME4,0.25940247579168607,0.06664597718985181,0.0,0.5,0.5576347305389222,1,11,157,6135
A23BXVNBGXQ33Y,0.25940247579168607,0.06664597718985181,0.0,0.5,0.5576347305389222,1,11,157,6136
A132UAXQEMO52E,0.25940247579168607,0.06664597718985181,0.0,0.5,0.5576347305389222,1,11,157,6137
A1HZXIWZ2BFEI9,0.25940247579168607,0.06664597718985181,0.0,0.5,0.5576347305389222,1,11,157,6138
A37OY0QXW9R2ES,0.25940247579168607,0.06664597718985181,0.0,0.5,0.5576347305389222,1,11,157,6139
A21TU2TDCOCDI,0.25940247579168607,0.06664597718985181,0.0,0.5,0.5576347305389222,1,11,157,6140
A2WJ5XSE4I9F55,0.25940247579168607,0.06664597718985181,0.0,0.5,0.5576347305389222,1,11,157,6141
A3D550GH0U6T5C,0.25940247579168607,0.06664597718985181,0.0,0.5,0.5576347305389222,1,11,157,6142
A1Y1J6BKWVU4C0,0.25940247579168607,0.06664597718985181,0.0,0.5,0.5576347305389222,1,11,157,6143
A2CJIF5L72V65I,0.25940247579168607,0.06664597718985181,0.0,0.5,0.5576347305389222,1,11,157,6144
A8ZVKQT47JSH5,0.25940247579168607,0.06664597718985181,0.0,0.5,0.5576347305389222,1,11,157,6145
A1YXEYOWESHVLJ,0.25940247579168607,0.06664597718985181,0.0,0.5,0.5576347305389222,1,11,157,6146
A2BQWD54CXBX6R,0.25940247579168607,0.06664597718985181,0.0,0.5,0.5576347305389222,1,11,157,6147
A13YCUYVQ1S2WP,0.25940247579168607,0.06664597718985181,0.0,0.5,0.5576347305389222,1,11,157,6148
A3IC02PU1BELQ1,0.25940247579168607,0.06664597718985181,0.0,0.5,0.5576347305389222,1,11,157,6149
A2BRXREMT5WZJ0,0.25940247579168607,0.06664597718985181,0.0,0.5,0.5576347305389222,1,11,157,6150
AA7P2NEC94K79,0.25940247579168607,0.06664597718985181,0.0,0.5,0.5576347305389222,1,11,157,6151
A2BF3B582JCRZ4,0.25940247579168607,0.06664597718985181,0.0,0.5,0.5576347305389222,1,11,157,6152
A1I7UZEKGFIYP,0.25940247579168607,0.06664597718985181,0.0,0.5,0.5576347305389222,1,11,157,6153
ADWC6B49QR30H,0.25940247579168607,0.06664597718985181,0.0,0.5,0.5576347305389222,1,11,157,6154
AIZWYEWMY94L9,0.25940247579168607,0.06664597718985181,0.0,0.5,0.5576347305389222,1,11,157,6155
A2AAN5OO6QZ905,0.25940247579168607,0.06664597718985181,0.0,0.5,0.5576347305389222,1,11,157,6156
AUVCTHRJWGFXN,0.25940247579168607,0.06664597718985181,0.0,0.5,0.5576347305389222,1,11,157,6157
ACGEI811KV9OY,0.25940247579168607,0.06664597718985181,0.0,0.5,0.5576347305389222,1,11,157,6158
A3E6HFD7U91DY,0.25940247579168607,0.06664597718985181,0.0,0.5,0.5576347305389222,1,11,157,6159
AULAFZN0HMQG0,0.25940247579168607,0.06664597718985181,0.0,0.5,0.5576347305389222,1,11,157,6160
A1WVIO1Z0N8JG2,0.25940247579168607,0.06664597718985181,0.0,0.5,0.5576347305389222,1,11,157,6161
A31Y54OKMYME6G,0.25940247579168607,0.06664597718985181,0.0,0.5,0.5576347305389222,1,11,157,6162
A7HEVWKSWUSI4,0.25940247579168607,0.06664597718985181,0.0,0.5,0.5576347305389222,1,11,157,6163
A1UN8HF1AY2KJF,0.25940247579168607,0.06664597718985181,0.0,0.5,0.5576347305389222,1,11,157,6164
A3FSH1DQMR9M0M,0.25940247579168607,0.06664597718985181,0.0,0.5,0.5576347305389222,1,11,157,6165
A5II29J0V20A1,0.25940247579168607,0.06664597718985181,0.0,0.5,0.5576347305389222,1,11,157,6166
A5JXRY7KNM1QK,0.25940247579168607,0.06664597718985181,0.0,0.5,0.5576347305389222,1,11,157,6167
A3D822N1K2IAQD,0.25940247579168607,0.06664597718985181,0.0,0.5,0.5576347305389222,1,11,157,6168
A6NZ93XM5N1DJ,0.25940247579168607,0.06664597718985181,0.0,0.5,0.5576347305389222,1,11,157,6169
A1J98WSXXXWGY2,0.25940247579168607,0.06664597718985181,0.0,0.5,0.5576347305389222,1,11,157,6170
A1WF4CS5PX9N73,0.25940247579168607,0.06664597718985181,0.0,0.5,0.5576347305389222,1,11,157,6171
A1D45GKC02247Y,0.25940247579168607,0.06664597718985181,0.0,0.5,0.5576347305389222,1,11,157,6172
A1VUUO6EEBON7Y,0.25940247579168607,0.06664597718985181,0.0,0.5,0.5576347305389222,1,11,157,6173
A3VNAKMYO27RFX,0.25940247579168607,0.06664597718985181,0.0,0.5,0.5576347305389222,1,11,157,6174
A2U68XR09T58BG,0.25940247579168607,0.06664597718985181,0.0,0.5,0.5576347305389222,1,11,157,6175
ATOKT8QYK967L,0.25940247579168607,0.06664597718985181,0.0,0.5,0.5576347305389222,1,11,157,6176
AXDI7SSVP9VMZ,0.25940247579168607,0.06664597718985181,0.0,0.5,0.5576347305389222,1,11,157,6177
A1JERSJES55IBU,0.25940247579168607,0.06664597718985181,0.0,0.5,0.5576347305389222,1,11,157,6178
A3CRIG5P35VKUB,0.25940247579168607,0.06664597718985181,0.0,0.5,0.5576347305389222,1,11,157,6179
A2Y8QYR1IOIA06,0.25940247579168607,0.06664597718985181,0.0,0.5,0.5576347305389222,1,11,157,6180
A3T9DOOJ5B1U7O,0.25940247579168607,0.06664597718985181,0.0,0.5,0.5576347305389222,1,11,157,6181
A2MG5RDEK195A8,0.25940247579168607,0.06664597718985181,0.0,0.5,0.5576347305389222,1,11,157,6182
A3479FS9K87E6O,0.25940247579168607,0.06664597718985181,0.0,0.5,0.5576347305389222,1,11,157,6183
A340RN4767K964,0.25940247579168607,0.06664597718985181,0.0,0.5,0.5576347305389222,1,11,157,6184
A2NRAA6WNNQ4O5,0.25940247579168607,0.06664597718985181,0.0,0.5,0.5576347305389222,1,11,157,6185
A2NBQ9E181AC8O,0.25940247579168607,0.06664597718985181,0.0,0.5,0.5576347305389222,1,11,157,6186
A3L6A3G6T6IXXF,0.25940247579168607,0.06664597718985181,0.0,0.5,0.5576347305389222,1,11,157,6187
AP6M728REMY04,0.25940247579168607,0.06664597718985181,0.0,0.5,0.5576347305389222,1,11,157,6188
AWUQ43W80B8ED,0.25940247579168607,0.06664597718985181,0.0,0.5,0.5576347305389222,1,11,157,6189
A1O7IMK0R5L0S0,0.25940247579168607,0.06664597718985181,0.0,0.5,0.5576347305389222,1,11,157,6190
AS5TFE8EY77WU,0.25940247579168607,0.06664597718985181,0.0,0.5,0.5576347305389222,1,11,157,6191
A1OOCC4V3H670F,0.25940247579168607,0.06664597718985181,0.0,0.5,0.5576347305389222,1,11,157,6192
A3P02QITTUA6VH,0.25940247579168607,0.06664597718985181,0.0,0.5,0.5576347305389222,1,11,157,6193
A3346F1Q4PT8Q1,0.25940247579168607,0.06664597718985181,0.0,0.5,0.5576347305389222,1,11,157,6194
A2QKYGD9QERARX,0.25940247579168607,0.06664597718985181,0.0,0.5,0.5576347305389222,1,11,157,6195
A2ONNRUVWQN0HU,0.25940247579168607,0.06664597718985181,0.0,0.5,0.5576347305389222,1,11,157,6196
A3BSYRSX8N8FQ8,0.25940247579168607,0.06664597718985181,0.0,0.5,0.5576347305389222,1,11,157,6197
A2PL7ZNZNA1S68,0.25940247579168607,0.06664597718985181,0.0,0.5,0.5576347305389222,1,11,157,6198
A3SC8ZUDU3TR2H,0.25940247579168607,0.06664597718985181,0.0,0.5,0.5576347305389222,1,11,157,6199
A3BKOOED6SA0G9,0.25940247579168607,0.06664597718985181,0.0,0.5,0.5576347305389222,1,11,157,6200
A3BL333OWK3I4J,0.25940247579168607,0.06664597718985181,0.0,0.5,0.5576347305389222,1,11,157,6201
A39JC4OBLTFWYG,0.25940247579168607,0.06664597718985181,0.0,0.5,0.5576347305389222,1,11,157,6202
A1BIPJK03QKFQA,0.25940247579168607,0.06664597718985181,0.0,0.5,0.5576347305389222,1,11,157,6203
A3POU7ZIEKZ0Y8,0.25940247579168607,0.06664597718985181,0.0,0.5,0.5576347305389222,1,11,157,6204
A1NI8QXW52SARP,0.25940247579168607,0.06664597718985181,0.0,0.5,0.5576347305389222,1,11,157,6205
A1JSO7PPEA0W72,0.25924374626725194,0.13940290506229064,0.3074076026922775,0.5712102976547352,0.10531565817819342,5,0,58,6206
A36LDA9339NE8Q,0.2590396838096517,1.5280911794371877e-05,0.01119178273813523,0.5143652481887981,0.6134564168552799,2,6,417,6207
A2ZB6BETR6IC27,0.25894551919561076,0.0003934578963453958,0.15579658301061633,0.5143652481887981,0.4680211457451737,2,0,44,6208
AZ5A2S8UZ7RTL,0.25870862262267935,0.0003486990474413771,0.008008498603508673,1.0,0.22640755303027896,2,2,79,6209
A3UIQ1DG8MOREB,0.25859862175295395,0.0005943413078034811,0.008137449794842183,1.0,0.2255438276476093,2,2,66,6210
A1MML2MUXAA8AM,0.2585604099234226,0.06664597718985181,0.0,0.5,0.5542664670658682,1,1,148,6211
A3V8K9BG9DSC11,0.2585604099234226,0.06664597718985181,0.0,0.5,0.5542664670658682,1,1,148,6212
A3MW8B6I2LXVWR,0.2585604099234226,0.06664597718985181,0.0,0.5,0.5542664670658682,1,1,148,6213
A1VNONWPXHI3LT,0.2585604099234226,0.06664597718985181,0.0,0.5,0.5542664670658682,1,1,148,6214
A10CY1HLD2P2Y0,0.2585604099234226,0.06664597718985181,0.0,0.5,0.5542664670658682,1,1,148,6215
A18EQZ8EIR31YU,0.2585604099234226,0.06664597718985181,0.0,0.5,0.5542664670658682,1,1,148,6216
A4KNTF8EEFAKK,0.2585604099234226,0.06664597718985181,0.0,0.5,0.5542664670658682,1,1,148,6217
A337UU54VPYJLP,0.2585604099234226,0.06664597718985181,0.0,0.5,0.5542664670658682,1,1,148,6218
A1P7GKSA09Z20U,0.2585604099234226,0.06664597718985181,0.0,0.5,0.5542664670658682,1,1,148,6219
A2D77G2B5FTSKM,0.2585604099234226,0.06664597718985181,0.0,0.5,0.5542664670658682,1,1,148,6220
A1K2Q0OI20VB24,0.2585604099234226,0.06664597718985181,0.0,0.5,0.5542664670658682,1,1,148,6221
AT4KBG3R728L8,0.2585604099234226,0.06664597718985181,0.0,0.5,0.5542664670658682,1,1,148,6222
A32IJ34W2PUHT7,0.2585604099234226,0.06664597718985181,0.0,0.5,0.5542664670658682,1,1,148,6223
AY6A8KPYCE6B0,0.2585604099234226,0.06664597718985181,0.0,0.5,0.5542664670658682,1,1,148,6224
A3U7I2H2SLL8C8,0.2585604099234226,0.06664597718985181,0.0,0.5,0.5542664670658682,1,1,148,6225
AHZ0OA3U26THX,0.2585604099234226,0.06664597718985181,0.0,0.5,0.5542664670658682,1,1,148,6226
A1SF0589DRG9AD,0.2585604099234226,0.06664597718985181,0.0,0.5,0.5542664670658682,1,1,148,6227
A2MGM6AJYYLSAG,0.2585604099234226,0.06664597718985181,0.0,0.5,0.5542664670658682,1,1,148,6228
A3UP19I6HSILR9,0.2585604099234226,0.06664597718985181,0.0,0.5,0.5542664670658682,1,1,148,6229
A3R3W0GZUR17TK,0.2585604099234226,0.06664597718985181,0.0,0.5,0.5542664670658682,1,1,148,6230
A2LKEE1EP7KLD2,0.2585604099234226,0.06664597718985181,0.0,0.5,0.5542664670658682,1,1,148,6231
A3QMZJARX8M858,0.2585604099234226,0.06664597718985181,0.0,0.5,0.5542664670658682,1,1,148,6232
ASRMT0X0G4UU2,0.2585604099234226,0.06664597718985181,0.0,0.5,0.5542664670658682,1,1,148,6233
A1WPDGKWL4ANIS,0.2585604099234226,0.06664597718985181,0.0,0.5,0.5542664670658682,1,1,148,6234
A1QNOY9QHX1YS9,0.2585604099234226,0.06664597718985181,0.0,0.5,0.5542664670658682,1,1,148,6235
A1MIXY59EXC90L,0.2585288305277628,0.0012088018398308824,0.20796757799276605,0.5,0.42469718191048805,2,3,83,6236
AWBZAHKAN64CO,0.2584057114718802,0.0001120323401983296,0.0,1.0,0.2334884070792826,2,1,27,6237
A3CWLHT8Y2BZB6,0.25825969826732065,0.19187409300782687,0.22553269897044514,0.28361758905330975,0.3503631112467973,3,0,51,6238
A2MTU2IXXZ35ZF,0.25804795403828346,0.00016572389833738053,0.24454214198017565,0.26436524818879814,0.5759586069439148,2,2,548,6239
A3V0PEIMOBU8H5,0.25773160383016225,4.652885868921662e-05,0.0,0.5143652481887981,0.6193783821391833,2,3,514,6240
A31Y28UEDXQ0HB,0.2576728798416638,0.0007361020286770926,0.0,1.0,0.2298081969322428,2,9,84,6241
AYEXT1RVLWRXW,0.25759906297290686,0.13331781622572217,0.1022568992837912,0.5143652481887981,0.3566657745859312,2,1,348,6242
A2GHFM7D00AMGW,0.25746032045882516,0.13331781622572217,0.1318951683361485,0.26436524818879814,0.5264725354772471,2,0,259,6243
AB3FHZTL3VGFU,0.25734409255815316,0.06664597718985181,0.0,0.5,0.5494011976047904,1,15,135,6244
A3A5JAWFOSZ5Y5,0.25734409255815316,0.06664597718985181,0.0,0.5,0.5494011976047904,1,15,135,6245
A1FFGVSTLEIXVR,0.25734409255815316,0.06664597718985181,0.0,0.5,0.5494011976047904,1,15,135,6246
A1FAOBCBBLQLHE,0.25734409255815316,0.06664597718985181,0.0,0.5,0.5494011976047904,1,15,135,6247
A2T82KTPTGW2RE,0.25734409255815316,0.06664597718985181,0.0,0.5,0.5494011976047904,1,15,135,6248
A27NNZQQWWXW4P,0.25734409255815316,0.06664597718985181,0.0,0.5,0.5494011976047904,1,15,135,6249
A3UYRYH15P17R1,0.25734409255815316,0.06664597718985181,0.0,0.5,0.5494011976047904,1,15,135,6250
A3P2N9P842C3UB,0.25734409255815316,0.06664597718985181,0.0,0.5,0.5494011976047904,1,15,135,6251
A1KZMSXC9JOI7Q,0.25734409255815316,0.06664597718985181,0.0,0.5,0.5494011976047904,1,15,135,6252
A388UKVL7CLB2K,0.25734409255815316,0.06664597718985181,0.0,0.5,0.5494011976047904,1,15,135,6253
AM6ZNP09P201W,0.25734409255815316,0.06664597718985181,0.0,0.5,0.5494011976047904,1,15,135,6254
A52CNGFJTZZM4,0.25734409255815316,0.06664597718985181,0.0,0.5,0.5494011976047904,1,15,135,6255
A129AN1EZZVG61,0.25734409255815316,0.06664597718985181,0.0,0.5,0.5494011976047904,1,15,135,6256
A1GFES7JBA2TNR,0.25734409255815316,0.06664597718985181,0.0,0.5,0.5494011976047904,1,15,135,6257
A19HUD2T33F945,0.25734409255815316,0.06664597718985181,0.0,0.5,0.5494011976047904,1,15,135,6258
A24ZVABN47L98A,0.25734409255815316,0.06664597718985181,0.0,0.5,0.5494011976047904,1,15,135,6259
A1D82T9H3X8AB4,0.25734409255815316,0.06664597718985181,0.0,0.5,0.5494011976047904,1,15,135,6260
A1U57C8E45X01Z,0.25734409255815316,0.06664597718985181,0.0,0.5,0.5494011976047904,1,15,135,6261
A1CSFRO37ZRVTW,0.25734409255815316,0.06664597718985181,0.0,0.5,0.5494011976047904,1,15,135,6262
A10K41QA6YVOXR,0.25734409255815316,0.06664597718985181,0.0,0.5,0.5494011976047904,1,15,135,6263
A52EFRFBDWU1F,0.25734409255815316,0.06664597718985181,0.0,0.5,0.5494011976047904,1,15,135,6264
AO49H7W3JR6RL,0.25734409255815316,0.06664597718985181,0.0,0.5,0.5494011976047904,1,15,135,6265
A2F0XN0L5K7N0T,0.25734409255815316,0.06664597718985181,0.0,0.5,0.5494011976047904,1,15,135,6266
A27VKG07JIMZVT,0.25734409255815316,0.06664597718985181,0.0,0.5,0.5494011976047904,1,15,135,6267
A2QGPKUCZ60X24,0.25734409255815316,0.06664597718985181,0.0,0.5,0.5494011976047904,1,15,135,6268
A1SBTS8FHR10EZ,0.25734409255815316,0.06664597718985181,0.0,0.5,0.5494011976047904,1,15,135,6269
AKVYS10ZVTW9H,0.25734409255815316,0.06664597718985181,0.0,0.5,0.5494011976047904,1,15,135,6270
A15P0849E4NHIG,0.25734409255815316,0.06664597718985181,0.0,0.5,0.5494011976047904,1,15,135,6271
A1LXFDHH2V42BC,0.25734409255815316,0.06664597718985181,0.0,0.5,0.5494011976047904,1,15,135,6272
A1REOLG5QU1EFV,0.25734409255815316,0.06664597718985181,0.0,0.5,0.5494011976047904,1,15,135,6273
A2OR94VN7XQCUO,0.25734409255815316,0.06664597718985181,0.0,0.5,0.5494011976047904,1,15,135,6274
A36I8TB372U04R,0.25734409255815316,0.06664597718985181,0.0,0.5,0.5494011976047904,1,15,135,6275
A1Z6X34Q50T7BU,0.25734409255815316,0.06664597718985181,0.0,0.5,0.5494011976047904,1,15,135,6276
A1B8EJQU73YGL9,0.25734409255815316,0.06664597718985181,0.0,0.5,0.5494011976047904,1,15,135,6277
A1RMI9FN0HUR60,0.25734409255815316,0.06664597718985181,0.0,0.5,0.5494011976047904,1,15,135,6278
AZX2RDN9YXZAE,0.25734409255815316,0.06664597718985181,0.0,0.5,0.5494011976047904,1,15,135,6279
A2XF8X3W4OXI06,0.25734409255815316,0.06664597718985181,0.0,0.5,0.5494011976047904,1,15,135,6280
AT8TIN5JKHO2V,0.25718666707212895,0.2501156199355971,0.5036067851439836,0.24138085108672105,0.03189645835243892,5,0,33,6281
A29G75YOG3SOW2,0.2569802977834583,5.346217425016454e-05,0.2553004070438677,0.5143652481887981,0.3610644309298269,2,0,66,6282
A2RL9JHYNEJ1QR,0.2568981149158065,0.13331781622572217,0.28836756864162316,0.26436524818879814,0.36775131299969777,2,0,61,6283
A1Y57JQKN4ICD0,0.25668915243839263,0.06664597718985181,0.0,0.5,0.5467814371257484,1,5,128,6284
A1IHCWDL071ZZP,0.25668915243839263,0.06664597718985181,0.0,0.5,0.5467814371257484,1,5,128,6285
AZCE11PSTCH1L,0.25668915243839263,0.06664597718985181,0.0,0.5,0.5467814371257484,1,5,128,6286
AR7DDYZNJSSSK,0.25668915243839263,0.06664597718985181,0.0,0.5,0.5467814371257484,1,5,128,6287
A2CNBO4DZDFT0J,0.25668915243839263,0.06664597718985181,0.0,0.5,0.5467814371257484,1,5,128,6288
A2TKM1UFHSTM8R,0.25668915243839263,0.06664597718985181,0.0,0.5,0.5467814371257484,1,5,128,6289
AQRLZFCJVR2EP,0.25668915243839263,0.06664597718985181,0.0,0.5,0.5467814371257484,1,5,128,6290
A1YDTDW310M6TZ,0.25668915243839263,0.06664597718985181,0.0,0.5,0.5467814371257484,1,5,128,6291
A1G1CPDNPRIHD4,0.25668915243839263,0.06664597718985181,0.0,0.5,0.5467814371257484,1,5,128,6292
AYIMQYSNJ96YS,0.25668915243839263,0.06664597718985181,0.0,0.5,0.5467814371257484,1,5,128,6293
A2PVP1JIIURX7N,0.25668915243839263,0.06664597718985181,0.0,0.5,0.5467814371257484,1,5,128,6294
A28J56XSN1YQL4,0.25668915243839263,0.06664597718985181,0.0,0.5,0.5467814371257484,1,5,128,6295
AI28N2NCAZS50,0.25668915243839263,0.06664597718985181,0.0,0.5,0.5467814371257484,1,5,128,6296
AIFPBXU0480FB,0.25668915243839263,0.06664597718985181,0.0,0.5,0.5467814371257484,1,5,128,6297
A1CTZDO3P9V6N0,0.25668915243839263,0.06664597718985181,0.0,0.5,0.5467814371257484,1,5,128,6298
A2KKWNUX1E3HPL,0.25668915243839263,0.06664597718985181,0.0,0.5,0.5467814371257484,1,5,128,6299
A2YOA3UYNZWZL0,0.25668915243839263,0.06664597718985181,0.0,0.5,0.5467814371257484,1,5,128,6300
A2I4KBEA963U0F,0.25668915243839263,0.06664597718985181,0.0,0.5,0.5467814371257484,1,5,128,6301
A24YVSD40AOB0U,0.25668915243839263,0.06664597718985181,0.0,0.5,0.5467814371257484,1,5,128,6302
A25GCAD2QGXD55,0.25668915243839263,0.06664597718985181,0.0,0.5,0.5467814371257484,1,5,128,6303
A3QJS46YEWWSX4,0.25668915243839263,0.06664597718985181,0.0,0.5,0.5467814371257484,1,5,128,6304
A2KWHJ272EKLO2,0.25668915243839263,0.06664597718985181,0.0,0.5,0.5467814371257484,1,5,128,6305
AHJPP16N19JGN,0.25668915243839263,0.06664597718985181,0.0,0.5,0.5467814371257484,1,5,128,6306
A6F8NBS48AKJ9,0.25668915243839263,0.06664597718985181,0.0,0.5,0.5467814371257484,1,5,128,6307
AXIFW4FX85291,0.25668915243839263,0.06664597718985181,0.0,0.5,0.5467814371257484,1,5,128,6308
A3EIVEAH4J9KIR,0.25668915243839263,0.06664597718985181,0.0,0.5,0.5467814371257484,1,5,128,6309
A15TN4GCH7DBXR,0.25668915243839263,0.06664597718985181,0.0,0.5,0.5467814371257484,1,5,128,6310
A3R822YHA22Q3P,0.25668915243839263,0.06664597718985181,0.0,0.5,0.5467814371257484,1,5,128,6311
A3N7GQZVV7L78W,0.25668915243839263,0.06664597718985181,0.0,0.5,0.5467814371257484,1,5,128,6312
A7HY1CEDK0204,0.25668915243839263,0.06664597718985181,0.0,0.5,0.5467814371257484,1,5,128,6313
A3G1G50QNGX721,0.25668915243839263,0.06664597718985181,0.0,0.5,0.5467814371257484,1,5,128,6314
AN7PYDVNOVQOA,0.25668915243839263,0.06664597718985181,0.0,0.5,0.5467814371257484,1,5,128,6315
A3JRAKUG0TB81C,0.25666168011047086,0.150616252485891,0.08066452493140806,0.3965478722831972,0.4480043947008485,4,0,287,6316
A1ONY0WZAL2I3U,0.25664190418900573,0.0004555232733739971,0.0,1.0,0.22602098882797406,2,2,74,6317
A1BAT4NZAP6B07,0.25615167970232244,0.1386538174789617,0.08858731833147324,0.7298886525356826,0.18572389747451637,5,0,65,6318
A3A276HARIYM4Y,0.2561178689803962,0.019023235021372965,0.07948999944550234,0.5143652481887981,0.5106613958993963,2,0,264,6319
AZ0SIZRQWN7RC,0.2560362931084225,0.00199449691264417,0.07536997726371777,0.5143652481887981,0.5348896003237608,2,3,877,6320
A391RJ8646SYY1,0.25600750685195306,1.5472214140061315e-05,0.11961673486083636,0.26436524818879814,0.6929025273389694,2,4,558,6321
A2VW6E1M1JP8JI,0.2548178949533627,0.06664597718985181,0.0,0.5,0.5392964071856288,1,7,108,6322
A2LHZKX1R0HW2M,0.2548178949533627,0.06664597718985181,0.0,0.5,0.5392964071856288,1,7,108,6323
A1GWS2NJ324IY1,0.2548178949533627,0.06664597718985181,0.0,0.5,0.5392964071856288,1,7,108,6324
A326VH8IUJ7JSV,0.2548178949533627,0.06664597718985181,0.0,0.5,0.5392964071856288,1,7,108,6325
A3N5630QP9J06Q,0.2548178949533627,0.06664597718985181,0.0,0.5,0.5392964071856288,1,7,108,6326
A384P5XYDRGBCF,0.2548178949533627,0.06664597718985181,0.0,0.5,0.5392964071856288,1,7,108,6327
ADX81OJF8C5CF,0.2548178949533627,0.06664597718985181,0.0,0.5,0.5392964071856288,1,7,108,6328
A2YM85TO0H2JET,0.2548178949533627,0.06664597718985181,0.0,0.5,0.5392964071856288,1,7,108,6329
A102RLOGIBBDMW,0.2548178949533627,0.06664597718985181,0.0,0.5,0.5392964071856288,1,7,108,6330
A23C0R77ZP9Z84,0.2548178949533627,0.06664597718985181,0.0,0.5,0.5392964071856288,1,7,108,6331
A1FNHDWSN2KA0G,0.2548178949533627,0.06664597718985181,0.0,0.5,0.5392964071856288,1,7,108,6332
A3HPCRD9RX351S,0.2548178949533627,0.06664597718985181,0.0,0.5,0.5392964071856288,1,7,108,6333
A2NSS0L3NIU6CN,0.2548178949533627,0.06664597718985181,0.0,0.5,0.5392964071856288,1,7,108,6334
A33Z318TMDAFDM,0.2548178949533627,0.06664597718985181,0.0,0.5,0.5392964071856288,1,7,108,6335
A13VF2IKG8W3K8,0.2548178949533627,0.06664597718985181,0.0,0.5,0.5392964071856288,1,7,108,6336
ATLYYBE1OCCTO,0.2548178949533627,0.06664597718985181,0.0,0.5,0.5392964071856288,1,7,108,6337
A33TA4K8TO0MJH,0.2548178949533627,0.06664597718985181,0.0,0.5,0.5392964071856288,1,7,108,6338
A1B5Z5OG2NPFDT,0.2548178949533627,0.06664597718985181,0.0,0.5,0.5392964071856288,1,7,108,6339
A3JNLLJNREA367,0.2548178949533627,0.06664597718985181,0.0,0.5,0.5392964071856288,1,7,108,6340
A36CLMUHL8OBHJ,0.2548178949533627,0.06664597718985181,0.0,0.5,0.5392964071856288,1,7,108,6341
A2ZWPLINHIK3DS,0.2548178949533627,0.06664597718985181,0.0,0.5,0.5392964071856288,1,7,108,6342
A39DQIQ1GO2J4Y,0.2548178949533627,0.06664597718985181,0.0,0.5,0.5392964071856288,1,7,108,6343
AWYOVVOCJIGBK,0.2548178949533627,0.06664597718985181,0.0,0.5,0.5392964071856288,1,7,108,6344
A3JZ898Q8XXL6K,0.2548178949533627,0.06664597718985181,0.0,0.5,0.5392964071856288,1,7,108,6345
A1XG38WOY3LY4V,0.2548178949533627,0.06664597718985181,0.0,0.5,0.5392964071856288,1,7,108,6346
A2AGGWPJZODA0A,0.2548178949533627,0.06664597718985181,0.0,0.5,0.5392964071856288,1,7,108,6347
A3UNGV1J26QVPE,0.2548178949533627,0.06664597718985181,0.0,0.5,0.5392964071856288,1,7,108,6348
A2DXXJR0N8BXOK,0.2548178949533627,0.06664597718985181,0.0,0.5,0.5392964071856288,1,7,108,6349
ADE5RJ2I12LZ6,0.2548178949533627,0.06664597718985181,0.0,0.5,0.5392964071856288,1,7,108,6350
A2Q7QOQTWLLQMA,0.2548178949533627,0.06664597718985181,0.0,0.5,0.5392964071856288,1,7,108,6351
A2XNOB1T796Y6B,0.2548178949533627,0.06664597718985181,0.0,0.5,0.5392964071856288,1,7,108,6352
A2A2M8EGBY2FV0,0.2548178949533627,0.06664597718985181,0.0,0.5,0.5392964071856288,1,7,108,6353
A1R1B3C8CFK4CZ,0.2548178949533627,0.06664597718985181,0.0,0.5,0.5392964071856288,1,7,108,6354
A3V1YKHR8W22X2,0.2548178949533627,0.06664597718985181,0.0,0.5,0.5392964071856288,1,7,108,6355
ALA8RE2HDEVIK,0.2548178949533627,0.06664597718985181,0.0,0.5,0.5392964071856288,1,7,108,6356
A3S1YIQQW7AZO,0.2548178949533627,0.06664597718985181,0.0,0.5,0.5392964071856288,1,7,108,6357
A3IWSCI3KCL041,0.2548178949533627,0.06664597718985181,0.0,0.5,0.5392964071856288,1,7,108,6358
A3RZ3PXOHNYC8S,0.2548178949533627,0.06664597718985181,0.0,0.5,0.5392964071856288,1,7,108,6359
A13OA6RAGTF183,0.2548178949533627,0.06664597718985181,0.0,0.5,0.5392964071856288,1,7,108,6360
AKLVJGUVQ0ZP1,0.2548178949533627,0.06664597718985181,0.0,0.5,0.5392964071856288,1,7,108,6361
A6JEVJCN12Z44,0.2548178949533627,0.06664597718985181,0.0,0.5,0.5392964071856288,1,7,108,6362
A1OPS8Q346ZPRV,0.2548178949533627,0.06664597718985181,0.0,0.5,0.5392964071856288,1,7,108,6363
A1D3X5TOQV6FQ7,0.2548178949533627,0.06664597718985181,0.0,0.5,0.5392964071856288,1,7,108,6364
A3MNFT5VFJ2V0V,0.2548178949533627,0.06664597718985181,0.0,0.5,0.5392964071856288,1,7,108,6365
A2VDIU6H955TJK,0.2548178949533627,0.06664597718985181,0.0,0.5,0.5392964071856288,1,7,108,6366
A4ABNXMETDFGW,0.2548178949533627,0.06664597718985181,0.0,0.5,0.5392964071856288,1,7,108,6367
A25UWYG38UIHF6,0.2548178949533627,0.06664597718985181,0.0,0.5,0.5392964071856288,1,7,108,6368
A3FPR82M4TB5S,0.2548178949533627,0.06664597718985181,0.0,0.5,0.5392964071856288,1,7,108,6369
A6K6N2LXDS32B,0.2548178949533627,0.06664597718985181,0.0,0.5,0.5392964071856288,1,7,108,6370
A37E5KVAKOZFVS,0.2548178949533627,0.06664597718985181,0.0,0.5,0.5392964071856288,1,7,108,6371
AEYGX6L1KJQX,0.2548178949533627,0.06664597718985181,0.0,0.5,0.5392964071856288,1,7,108,6372
A22RY8N8CNDF3A,0.2548178949533627,0.06664597718985181,0.0,0.5,0.5392964071856288,1,7,108,6373
A4YAXWNMWYY0K,0.2548178949533627,0.06664597718985181,0.0,0.5,0.5392964071856288,1,7,108,6374
ANSB7OILD0L3C,0.2548178949533627,0.06664597718985181,0.0,0.5,0.5392964071856288,1,7,108,6375
AZPYIAOEAV3OZ,0.25472433207911127,0.06664597718985181,0.0,0.5,0.5389221556886228,1,9,107,6376
A1HEFVTXHT1AL1,0.25472433207911127,0.06664597718985181,0.0,0.5,0.5389221556886228,1,14,107,6377
A25KDAMREZ38KJ,0.25472433207911127,0.06664597718985181,0.0,0.5,0.5389221556886228,1,14,107,6378
A25PBJDH4ZRJFQ,0.25472433207911127,0.06664597718985181,0.0,0.5,0.5389221556886228,1,9,107,6379
A3LXBD5R25MX7P,0.25472433207911127,0.06664597718985181,0.0,0.5,0.5389221556886228,1,9,107,6380
AW4ZR3T63NCP0,0.25472433207911127,0.06664597718985181,0.0,0.5,0.5389221556886228,1,14,107,6381
A31PZ5TL8HYZ84,0.25472433207911127,0.06664597718985181,0.0,0.5,0.5389221556886228,1,9,107,6382
A1UWY9OB9080JS,0.25472433207911127,0.06664597718985181,0.0,0.5,0.5389221556886228,1,9,107,6383
A3G2FOJL92215L,0.25472433207911127,0.06664597718985181,0.0,0.5,0.5389221556886228,1,9,107,6384
A4RASGC2BYMD5,0.25472433207911127,0.06664597718985181,0.0,0.5,0.5389221556886228,1,9,107,6385
A1UIUV0YRYPAAV,0.25472433207911127,0.06664597718985181,0.0,0.5,0.5389221556886228,1,14,107,6386
A6CT51FUL6UT8,0.25472433207911127,0.06664597718985181,0.0,0.5,0.5389221556886228,1,14,107,6387
A5QVPEDG62HV2,0.25472433207911127,0.06664597718985181,0.0,0.5,0.5389221556886228,1,9,107,6388
A2H7ICQGFXDI4S,0.25472433207911127,0.06664597718985181,0.0,0.5,0.5389221556886228,1,14,107,6389
ASOQKF9ZNJ1YO,0.25472433207911127,0.06664597718985181,0.0,0.5,0.5389221556886228,1,14,107,6390
AODQI51IBW7WN,0.25472433207911127,0.06664597718985181,0.0,0.5,0.5389221556886228,1,14,107,6391
A2JNIVIFZNKF61,0.25472433207911127,0.06664597718985181,0.0,0.5,0.5389221556886228,1,9,107,6392
A127GZ51PD786F,0.25472433207911127,0.06664597718985181,0.0,0.5,0.5389221556886228,1,9,107,6393
A2XFN1TTYLQHYM,0.25472433207911127,0.06664597718985181,0.0,0.5,0.5389221556886228,1,9,107,6394
A3V5NOBJ1294FS,0.25472433207911127,0.06664597718985181,0.0,0.5,0.5389221556886228,1,9,107,6395
A3V2PI7YM6U7YI,0.25472433207911127,0.06664597718985181,0.0,0.5,0.5389221556886228,1,14,107,6396
A20RIYQIMFLVM5,0.25472433207911127,0.06664597718985181,0.0,0.5,0.5389221556886228,1,14,107,6397
AOVTLYTHVDNUX,0.25472433207911127,0.06664597718985181,0.0,0.5,0.5389221556886228,1,14,107,6398
A275POKNNSDTC4,0.25472433207911127,0.06664597718985181,0.0,0.5,0.5389221556886228,1,14,107,6399
A379VJJGXWIZFE,0.25472433207911127,0.06664597718985181,0.0,0.5,0.5389221556886228,1,14,107,6400
A3RAESXA4SR1YL,0.25472433207911127,0.06664597718985181,0.0,0.5,0.5389221556886228,1,14,107,6401
A37AQ1M5701JCG,0.25472433207911127,0.06664597718985181,0.0,0.5,0.5389221556886228,1,9,107,6402
A132Q9YLCIRHDN,0.25472433207911127,0.06664597718985181,0.0,0.5,0.5389221556886228,1,14,107,6403
A2VC9CVEP6M5NA,0.25472433207911127,0.06664597718985181,0.0,0.5,0.5389221556886228,1,14,107,6404
A74HK3XXFGZ9G,0.25472433207911127,0.06664597718985181,0.0,0.5,0.5389221556886228,1,14,107,6405
A2W8L7O2RC73OX,0.25472433207911127,0.06664597718985181,0.0,0.5,0.5389221556886228,1,14,107,6406
A1AHL90POX6J9K,0.25472433207911127,0.06664597718985181,0.0,0.5,0.5389221556886228,1,14,107,6407
AOTY596BG2YX7,0.25472433207911127,0.06664597718985181,0.0,0.5,0.5389221556886228,1,9,107,6408
A1JRAJNQP2Y4DU,0.25472433207911127,0.06664597718985181,0.0,0.5,0.5389221556886228,1,14,107,6409
A210UZTIFQ6FLD,0.25472433207911127,0.06664597718985181,0.0,0.5,0.5389221556886228,1,14,107,6410
A2F0AE8YOO8Q9U,0.25472433207911127,0.06664597718985181,0.0,0.5,0.5389221556886228,1,9,107,6411
A13KTNVB5IG8SB,0.25472433207911127,0.06664597718985181,0.0,0.5,0.5389221556886228,1,14,107,6412
AS19IWGORT8IT,0.25472433207911127,0.06664597718985181,0.0,0.5,0.5389221556886228,1,14,107,6413
ADR6157NMQOTV,0.25472433207911127,0.06664597718985181,0.0,0.5,0.5389221556886228,1,14,107,6414
A1LAT21BT7FUXX,0.25472433207911127,0.06664597718985181,0.0,0.5,0.5389221556886228,1,9,107,6415
A3MJIXDIQT5S16,0.25472433207911127,0.06664597718985181,0.0,0.5,0.5389221556886228,1,14,107,6416
A13MPH77KVE9NH,0.25472433207911127,0.06664597718985181,0.0,0.5,0.5389221556886228,1,9,107,6417
A14DNCG5WHM86Z,0.25472433207911127,0.06664597718985181,0.0,0.5,0.5389221556886228,1,9,107,6418
A2LQN25HW5IGSB,0.25472433207911127,0.06664597718985181,0.0,0.5,0.5389221556886228,1,14,107,6419
ACJWRLQLI9EYZ,0.25472433207911127,0.06664597718985181,0.0,0.5,0.5389221556886228,1,14,107,6420
A3JNVOV0L3UI0J,0.25472433207911127,0.06664597718985181,0.0,0.5,0.5389221556886228,1,14,107,6421
ACDMTFO375XVZ,0.25472433207911127,0.06664597718985181,0.0,0.5,0.5389221556886228,1,14,107,6422
A2DXC3PKBFPQDS,0.25472433207911127,0.06664597718985181,0.0,0.5,0.5389221556886228,1,14,107,6423
A2MG743ZMA5Y6N,0.25472433207911127,0.06664597718985181,0.0,0.5,0.5389221556886228,1,9,107,6424
A3DB5AX3HWU2UN,0.25472433207911127,0.06664597718985181,0.0,0.5,0.5389221556886228,1,9,107,6425
A2PECP2HBQG4AS,0.25472433207911127,0.06664597718985181,0.0,0.5,0.5389221556886228,1,14,107,6426
A2PLKZ6IW9MXRZ,0.25472433207911127,0.06664597718985181,0.0,0.5,0.5389221556886228,1,14,107,6427
A1PLCSMLPR3ZQ9,0.25472433207911127,0.06664597718985181,0.0,0.5,0.5389221556886228,1,9,107,6428
A2P38D8T3HQ14T,0.25472433207911127,0.06664597718985181,0.0,0.5,0.5389221556886228,1,14,107,6429
A1ISGQPXW3BOHN,0.25472433207911127,0.06664597718985181,0.0,0.5,0.5389221556886228,1,9,107,6430
A3S5KSCNM13MSB,0.25472433207911127,0.06664597718985181,0.0,0.5,0.5389221556886228,1,14,107,6431
A3UE78V8Z8G1YP,0.25472433207911127,0.06664597718985181,0.0,0.5,0.5389221556886228,1,9,107,6432
A12EO7KLFN2JLU,0.25472433207911127,0.06664597718985181,0.0,0.5,0.5389221556886228,1,9,107,6433
A35ST2XPLHG2BR,0.25472433207911127,0.06664597718985181,0.0,0.5,0.5389221556886228,1,14,107,6434
ACHMAK6A8MHH,0.25472433207911127,0.06664597718985181,0.0,0.5,0.5389221556886228,1,9,107,6435
A2CTBK9W1K01W7,0.25472433207911127,0.06664597718985181,0.0,0.5,0.5389221556886228,1,14,107,6436
A11DJX3UKJD737,0.25472433207911127,0.06664597718985181,0.0,0.5,0.5389221556886228,1,14,107,6437
ABGD4FXC1AJPJ,0.25472433207911127,0.06664597718985181,0.0,0.5,0.5389221556886228,1,9,107,6438
A36LUBBXFGA2Q2,0.25472433207911127,0.06664597718985181,0.0,0.5,0.5389221556886228,1,14,107,6439
A95PWI4S6WHGL,0.25472433207911127,0.06664597718985181,0.0,0.5,0.5389221556886228,1,14,107,6440
AQZ64R6S3R1VF,0.25472433207911127,0.06664597718985181,0.0,0.5,0.5389221556886228,1,9,107,6441
A1YIBJJC910PCQ,0.25472433207911127,0.06664597718985181,0.0,0.5,0.5389221556886228,1,14,107,6442
A3THKM5QX5XBKQ,0.25472433207911127,0.06664597718985181,0.0,0.5,0.5389221556886228,1,9,107,6443
A2CC9R0KDGDFQP,0.25472433207911127,0.06664597718985181,0.0,0.5,0.5389221556886228,1,14,107,6444
A390Y4PZY8XTYL,0.25472433207911127,0.06664597718985181,0.0,0.5,0.5389221556886228,1,14,107,6445
A1F6ASVUPBDSKJ,0.25472433207911127,0.06664597718985181,0.0,0.5,0.5389221556886228,1,9,107,6446
A1FZ5XWQ2NNT62,0.25472433207911127,0.06664597718985181,0.0,0.5,0.5389221556886228,1,14,107,6447
A1Z27AHFNIFBG6,0.25472433207911127,0.06664597718985181,0.0,0.5,0.5389221556886228,1,9,107,6448
A1G0E1SQB3SGSZ,0.25472433207911127,0.06664597718985181,0.0,0.5,0.5389221556886228,1,9,107,6449
ATIESTXNUFNSW,0.25472433207911127,0.06664597718985181,0.0,0.5,0.5389221556886228,1,14,107,6450
A13ZT5G31M5WJ5,0.25472433207911127,0.06664597718985181,0.0,0.5,0.5389221556886228,1,14,107,6451
A15GJXWN6IKKLS,0.25472433207911127,0.06664597718985181,0.0,0.5,0.5389221556886228,1,14,107,6452
A1B52QAAMM1OUJ,0.25472433207911127,0.06664597718985181,0.0,0.5,0.5389221556886228,1,14,107,6453
A3O75UULU0XR60,0.25472433207911127,0.06664597718985181,0.0,0.5,0.5389221556886228,1,9,107,6454
A1GIRH2N6B2VZL,0.25472433207911127,0.06664597718985181,0.0,0.5,0.5389221556886228,1,14,107,6455
A243GF4FL8TW1X,0.25472433207911127,0.06664597718985181,0.0,0.5,0.5389221556886228,1,14,107,6456
AFQHIL1EROP1F,0.25472433207911127,0.06664597718985181,0.0,0.5,0.5389221556886228,1,14,107,6457
AGVB3UZIPFHEF,0.25468880084086754,0.13905349540498868,0.23215667568325102,0.5712102976547352,0.16276609507044462,5,0,65,6458
A9LJG3K5TEVPB,0.2545372063306083,0.06664597718985181,0.0,0.5,0.5381736526946108,1,5,105,6459
A39OM6SPWHS3FK,0.2545372063306083,0.06664597718985181,0.0,0.5,0.5381736526946108,1,5,105,6460
A1BK60GZ4QME6I,0.2545372063306083,0.06664597718985181,0.0,0.5,0.5381736526946108,1,5,105,6461
A3I0RAZR4RKO4Z,0.2545372063306083,0.06664597718985181,0.0,0.5,0.5381736526946108,1,5,105,6462
A1ZJ8BWVM5L5GW,0.2545372063306083,0.06664597718985181,0.0,0.5,0.5381736526946108,1,5,105,6463
A11ZMOBS6NWMB,0.2545372063306083,0.06664597718985181,0.0,0.5,0.5381736526946108,1,5,105,6464
AODOIMDU38S2I,0.2545372063306083,0.06664597718985181,0.0,0.5,0.5381736526946108,1,5,105,6465
A3VRJPCW5CR6HX,0.2545372063306083,0.06664597718985181,0.0,0.5,0.5381736526946108,1,5,105,6466
AAUXZRNDAPH2D,0.2545372063306083,0.06664597718985181,0.0,0.5,0.5381736526946108,1,5,105,6467
AAJOV2S9O7OO,0.2545372063306083,0.06664597718985181,0.0,0.5,0.5381736526946108,1,5,105,6468
A21NS06GDEA3V0,0.2545372063306083,0.06664597718985181,0.0,0.5,0.5381736526946108,1,5,105,6469
A1G25CG7UWQ3XO,0.2545372063306083,0.06664597718985181,0.0,0.5,0.5381736526946108,1,5,105,6470
A2TVR5J3BNQBX3,0.2545372063306083,0.06664597718985181,0.0,0.5,0.5381736526946108,1,5,105,6471
A3B5E90IEV2PW5,0.2545372063306083,0.06664597718985181,0.0,0.5,0.5381736526946108,1,5,105,6472
A3V6RC2YMSLT4S,0.2545372063306083,0.06664597718985181,0.0,0.5,0.5381736526946108,1,5,105,6473
A37FRCTCXFL6CU,0.2545372063306083,0.06664597718985181,0.0,0.5,0.5381736526946108,1,5,105,6474
A3CJHIIROCDAEJ,0.2545372063306083,0.06664597718985181,0.0,0.5,0.5381736526946108,1,5,105,6475
A187PAE50KMV5M,0.2545372063306083,0.06664597718985181,0.0,0.5,0.5381736526946108,1,5,105,6476
AB42YRI44M2YH,0.2545372063306083,0.06664597718985181,0.0,0.5,0.5381736526946108,1,5,105,6477
A15O34J5ECY8TR,0.2545372063306083,0.06664597718985181,0.0,0.5,0.5381736526946108,1,5,105,6478
A3PK8RJRO4GNVZ,0.2545372063306083,0.06664597718985181,0.0,0.5,0.5381736526946108,1,5,105,6479
A6Y8G4A9DM7VK,0.2545372063306083,0.06664597718985181,0.0,0.5,0.5381736526946108,1,5,105,6480
A36DSZZST9T1RQ,0.2545372063306083,0.06664597718985181,0.0,0.5,0.5381736526946108,1,5,105,6481
A2FU6ITLPMNK9W,0.2545372063306083,0.06664597718985181,0.0,0.5,0.5381736526946108,1,5,105,6482
AHNTN7C4AI4W6,0.2545372063306083,0.06664597718985181,0.0,0.5,0.5381736526946108,1,5,105,6483
A306DZDPR77BIG,0.2545372063306083,0.06664597718985181,0.0,0.5,0.5381736526946108,1,5,105,6484
A2SPVQNKOW9YNN,0.2545372063306083,0.06664597718985181,0.0,0.5,0.5381736526946108,1,5,105,6485
A2YW90U088SMQB,0.2545372063306083,0.06664597718985181,0.0,0.5,0.5381736526946108,1,5,105,6486
AT99SIDKSIFI7,0.2545372063306083,0.06664597718985181,0.0,0.5,0.5381736526946108,1,5,105,6487
AVA8EWZIPA3N5,0.2545372063306083,0.06664597718985181,0.0,0.5,0.5381736526946108,1,5,105,6488
A1813WUXSSZUMT,0.2545372063306083,0.06664597718985181,0.0,0.5,0.5381736526946108,1,5,105,6489
A2LURQYS40HDPR,0.2545372063306083,0.06664597718985181,0.0,0.5,0.5381736526946108,1,5,105,6490
A331TXDQ3NFCHG,0.2545372063306083,0.06664597718985181,0.0,0.5,0.5381736526946108,1,5,105,6491
A2X8KN82L07RSK,0.25444523264203367,0.00010551123582551074,0.04543407114538569,0.5,0.5722202459397583,2,0,247,6492
AOYKD7G6QJ52K,0.25402499201935314,0.00042160016093358135,0.02522628797147728,0.5,0.590367759912815,2,4,1020,6493
A3IOXFF191DDTQ,0.25341445183959027,0.06664597718985181,0.0,0.5,0.5336826347305389,1,16,93,6494
A1VHDGG2CXBQ6T,0.25341445183959027,0.06664597718985181,0.0,0.5,0.5336826347305389,1,16,93,6495
A1A13SOBLDFVNX,0.25341445183959027,0.06664597718985181,0.0,0.5,0.5336826347305389,1,16,93,6496
A3PA7TV6E4NAE6,0.25341445183959027,0.06664597718985181,0.0,0.5,0.5336826347305389,1,16,93,6497
A2C1XRZGFO8WK9,0.25341445183959027,0.06664597718985181,0.0,0.5,0.5336826347305389,1,16,93,6498
A3BGPW4WNBZTWS,0.25341445183959027,0.06664597718985181,0.0,0.5,0.5336826347305389,1,16,93,6499
A2I7KTCQGLOI50,0.25341445183959027,0.06664597718985181,0.0,0.5,0.5336826347305389,1,16,93,6500
A40IV5Z4RILSC,0.25341445183959027,0.06664597718985181,0.0,0.5,0.5336826347305389,1,16,93,6501
A3QF8N5GBYCZUQ,0.25341445183959027,0.06664597718985181,0.0,0.5,0.5336826347305389,1,16,93,6502
A3MUO47CT6EQF8,0.25341445183959027,0.06664597718985181,0.0,0.5,0.5336826347305389,1,16,93,6503
A3V0NS2UB8H0BB,0.25341445183959027,0.06664597718985181,0.0,0.5,0.5336826347305389,1,16,93,6504
A183L9ZWVA5KLQ,0.25341445183959027,0.06664597718985181,0.0,0.5,0.5336826347305389,1,16,93,6505
A1YMK7AK1WQEOB,0.25341445183959027,0.06664597718985181,0.0,0.5,0.5336826347305389,1,16,93,6506
A33O79GQ8QW4TU,0.25341445183959027,0.06664597718985181,0.0,0.5,0.5336826347305389,1,16,93,6507
A2ND0D2JVW04KS,0.25341445183959027,0.06664597718985181,0.0,0.5,0.5336826347305389,1,16,93,6508
A26XK9WTQOWCV,0.25341445183959027,0.06664597718985181,0.0,0.5,0.5336826347305389,1,16,93,6509
A33U104WVD0P0S,0.25341445183959027,0.06664597718985181,0.0,0.5,0.5336826347305389,1,16,93,6510
A1U0RNXMUOP9XI,0.25341445183959027,0.06664597718985181,0.0,0.5,0.5336826347305389,1,16,93,6511
A2BYYFGBZHELAF,0.25341445183959027,0.06664597718985181,0.0,0.5,0.5336826347305389,1,16,93,6512
AHK4UKGQZYB1H,0.25341445183959027,0.06664597718985181,0.0,0.5,0.5336826347305389,1,16,93,6513
A2S4UO73LBY2EZ,0.25341445183959027,0.06664597718985181,0.0,0.5,0.5336826347305389,1,16,93,6514
A2641PDNZ2GV33,0.25341445183959027,0.06664597718985181,0.0,0.5,0.5336826347305389,1,16,93,6515
A2J9469C2BM1P1,0.25341445183959027,0.06664597718985181,0.0,0.5,0.5336826347305389,1,16,93,6516
A1LYFA5SR8916Y,0.25341445183959027,0.06664597718985181,0.0,0.5,0.5336826347305389,1,16,93,6517
A3VVOQ5K6C4Y7C,0.25341445183959027,0.06664597718985181,0.0,0.5,0.5336826347305389,1,16,93,6518
A1ISK0X92M83I8,0.25341445183959027,0.06664597718985181,0.0,0.5,0.5336826347305389,1,16,93,6519
A1PB3G548WPFBV,0.25341445183959027,0.06664597718985181,0.0,0.5,0.5336826347305389,1,16,93,6520
A7GHK7TAXIH1W,0.25341445183959027,0.06664597718985181,0.0,0.5,0.5336826347305389,1,16,93,6521
A1X36T6G2PEYIT,0.25341445183959027,0.06664597718985181,0.0,0.5,0.5336826347305389,1,16,93,6522
A3R7FGWO8PIMUD,0.25341445183959027,0.06664597718985181,0.0,0.5,0.5336826347305389,1,16,93,6523
A1LLTZ2I28D3MV,0.25341445183959027,0.06664597718985181,0.0,0.5,0.5336826347305389,1,16,93,6524
A2MVO3996P4E4Y,0.25341445183959027,0.06664597718985181,0.0,0.5,0.5336826347305389,1,16,93,6525
A2Z7ZRN6NMASI0,0.25341445183959027,0.06664597718985181,0.0,0.5,0.5336826347305389,1,16,93,6526
ABC68JUCPTVOE,0.25341445183959027,0.06664597718985181,0.0,0.5,0.5336826347305389,1,16,93,6527
A2AM9IPXQKNO8L,0.25341445183959027,0.06664597718985181,0.0,0.5,0.5336826347305389,1,16,93,6528
A2PIXJPHL8RSRW,0.25341445183959027,0.06664597718985181,0.0,0.5,0.5336826347305389,1,16,93,6529
A1HACP80YXJRPP,0.25341445183959027,0.06664597718985181,0.0,0.5,0.5336826347305389,1,16,93,6530
ATW8R44NDYHSM,0.25341445183959027,0.06664597718985181,0.0,0.5,0.5336826347305389,1,16,93,6531
A18L768JGNLTJC,0.25341445183959027,0.06664597718985181,0.0,0.5,0.5336826347305389,1,16,93,6532
A3B20R4ZAH0Y2Y,0.25341445183959027,0.06664597718985181,0.0,0.5,0.5336826347305389,1,16,93,6533
A2WR5U7RS4IIBY,0.25341445183959027,0.06664597718985181,0.0,0.5,0.5336826347305389,1,16,93,6534
A2QVSQFCJRDRX5,0.25292956784169995,6.712537718348194e-05,0.03201586069558986,0.5143652481887981,0.5681296616675513,2,0,248,6535
A3T767O02CHFN1,0.25257475346033487,0.19998965526159254,0.31483183396783543,0.2931944211791752,0.22092405661625275,3,2,130,6536
A3QBHMMDRSC5VY,0.2525331971277625,0.0006686364772717475,0.004561174555343829,1.0,0.20476925018298014,2,0,20,6537
ALO7PEIIIGXA9,0.2524788230970753,0.06664597718985181,0.0,0.5,0.5299401197604791,1,8,83,6538
A1HIOG0DOWHGM2,0.2524788230970753,0.06664597718985181,0.0,0.5,0.5299401197604791,1,8,83,6539
A3O4OL81Z48AVF,0.2524788230970753,0.06664597718985181,0.0,0.5,0.5299401197604791,1,8,83,6540
A1AVDAS4VK9FCL,0.2524788230970753,0.06664597718985181,0.0,0.5,0.5299401197604791,1,8,83,6541
A2WYFLTDS19XQY,0.2524788230970753,0.06664597718985181,0.0,0.5,0.5299401197604791,1,8,83,6542
A2SLS2NDPLQYP,0.2524788230970753,0.06664597718985181,0.0,0.5,0.5299401197604791,1,8,83,6543
A25RR4OLL774IK,0.2524788230970753,0.06664597718985181,0.0,0.5,0.5299401197604791,1,8,83,6544
A2HRL1T8QRAXU7,0.2524788230970753,0.06664597718985181,0.0,0.5,0.5299401197604791,1,8,83,6545
A3BJOJLK4FN1JC,0.2524788230970753,0.06664597718985181,0.0,0.5,0.5299401197604791,1,8,83,6546
A1VHCO8RQFIGQJ,0.2524788230970753,0.06664597718985181,0.0,0.5,0.5299401197604791,1,8,83,6547
A1KFS7EKT2OYL2,0.2524788230970753,0.06664597718985181,0.0,0.5,0.5299401197604791,1,8,83,6548
A2KWOC600DMC0W,0.2524788230970753,0.06664597718985181,0.0,0.5,0.5299401197604791,1,8,83,6549
A2TZJGHNHCFRA2,0.2524788230970753,0.06664597718985181,0.0,0.5,0.5299401197604791,1,8,83,6550
A1MASM2C2VL2R,0.2524788230970753,0.06664597718985181,0.0,0.5,0.5299401197604791,1,8,83,6551
A3V7G0CQ3P1I1B,0.2524788230970753,0.06664597718985181,0.0,0.5,0.5299401197604791,1,8,83,6552
AX802DK9MMMYD,0.25247531226480013,3.295759733023612e-05,0.054089135515825795,0.5143652481887981,0.5442803658755399,2,0,254,6553
AOBGKBBDODKIP,0.2522916973485723,0.06664597718985181,0.0,0.5,0.5291916167664671,1,18,81,6554
A16ISYMCYGT0NB,0.2522916973485723,0.06664597718985181,0.0,0.5,0.5291916167664671,1,18,81,6555
A38BUEXQR3ERCX,0.2522916973485723,0.06664597718985181,0.0,0.5,0.5291916167664671,1,18,81,6556
ARFRKSZXZF0PS,0.2522916973485723,0.06664597718985181,0.0,0.5,0.5291916167664671,1,18,81,6557
A3LQUEB84IR3VO,0.2522916973485723,0.06664597718985181,0.0,0.5,0.5291916167664671,1,18,81,6558
A1WREU7PGTX98P,0.2522916973485723,0.06664597718985181,0.0,0.5,0.5291916167664671,1,18,81,6559
AM9OC1FTXJICQ,0.2522916973485723,0.06664597718985181,0.0,0.5,0.5291916167664671,1,18,81,6560
AKDY7BC9798XP,0.2522916973485723,0.06664597718985181,0.0,0.5,0.5291916167664671,1,18,81,6561
A11B7E8ERAX3KD,0.2522916973485723,0.06664597718985181,0.0,0.5,0.5291916167664671,1,18,81,6562
A3LMUTT4V5P0QG,0.2522916973485723,0.06664597718985181,0.0,0.5,0.5291916167664671,1,18,81,6563
A2CPG57XFTOBDL,0.2522916973485723,0.06664597718985181,0.0,0.5,0.5291916167664671,1,18,81,6564
A1EUVBIPRTHTCX,0.2522916973485723,0.06664597718985181,0.0,0.5,0.5291916167664671,1,18,81,6565
A2V69PY52MG7PO,0.2522916973485723,0.06664597718985181,0.0,0.5,0.5291916167664671,1,18,81,6566
A39I7G8W0SSL9V,0.2522916973485723,0.06664597718985181,0.0,0.5,0.5291916167664671,1,18,81,6567
A29N9FVO6L2IGO,0.2522916973485723,0.06664597718985181,0.0,0.5,0.5291916167664671,1,18,81,6568
A14NSELR34WBZE,0.2522916973485723,0.06664597718985181,0.0,0.5,0.5291916167664671,1,18,81,6569
A3BRJW85SMKZF,0.2522916973485723,0.06664597718985181,0.0,0.5,0.5291916167664671,1,18,81,6570
A3D20C3LM506B2,0.2522916973485723,0.06664597718985181,0.0,0.5,0.5291916167664671,1,18,81,6571
AKSTTBUJN6ES8,0.2522916973485723,0.06664597718985181,0.0,0.5,0.5291916167664671,1,18,81,6572
A38ZPLOD8GA3VJ,0.2522916973485723,0.06664597718985181,0.0,0.5,0.5291916167664671,1,18,81,6573
A2KYC21WDNY5L,0.2522916973485723,0.06664597718985181,0.0,0.5,0.5291916167664671,1,18,81,6574
A1W98MNHYOZR3,0.2522916973485723,0.06664597718985181,0.0,0.5,0.5291916167664671,1,18,81,6575
A2SXL0NDPTP9X9,0.2522916973485723,0.06664597718985181,0.0,0.5,0.5291916167664671,1,18,81,6576
AXMV0OS9TZN0I,0.2522916973485723,0.06664597718985181,0.0,0.5,0.5291916167664671,1,18,81,6577
A1EB8F8AYQAR5A,0.2522916973485723,0.06664597718985181,0.0,0.5,0.5291916167664671,1,18,81,6578
A127KI9JEAESJ1,0.2522916973485723,0.06664597718985181,0.0,0.5,0.5291916167664671,1,18,81,6579
A9BKIPTBOUDSV,0.2522916973485723,0.06664597718985181,0.0,0.5,0.5291916167664671,1,18,81,6580
A47HWSPR8430B,0.2522916973485723,0.06664597718985181,0.0,0.5,0.5291916167664671,1,18,81,6581
AA70BU7RTBOMM,0.2522916973485723,0.06664597718985181,0.0,0.5,0.5291916167664671,1,18,81,6582
A3LX8CS6G6RQSZ,0.2522916973485723,0.06664597718985181,0.0,0.5,0.5291916167664671,1,18,81,6583
A38LAEUSCK6Z7Z,0.2522916973485723,0.06664597718985181,0.0,0.5,0.5291916167664671,1,18,81,6584
A2BBUA32IHWXB1,0.2522916973485723,0.06664597718985181,0.0,0.5,0.5291916167664671,1,18,81,6585
A18LW76H2OQ1KE,0.2522916973485723,0.06664597718985181,0.0,0.5,0.5291916167664671,1,18,81,6586
A1ESVSG3FBJFH7,0.2522916973485723,0.06664597718985181,0.0,0.5,0.5291916167664671,1,18,81,6587
A1VLZAAASQE9DH,0.2522916973485723,0.06664597718985181,0.0,0.5,0.5291916167664671,1,18,81,6588
A5V88D7KFLRRP,0.2522916973485723,0.06664597718985181,0.0,0.5,0.5291916167664671,1,18,81,6589
A38QEATH3NODFM,0.25227757790277633,0.0006375395374229275,0.02601198285314258,1.0,0.18233328131305523,2,0,13,6590
A1ERWR5A8OVLDH,0.25210456003638154,0.0005914699969061569,0.027733627953032226,0.6169509223866431,0.4864141102868921,3,0,272,6591
A3T643FOKZCYEC,0.25201100872581783,0.06664597718985181,0.0,0.5,0.5280688622754491,1,9,78,6592
AAPW9O14YB64T,0.25201100872581783,0.06664597718985181,0.0,0.5,0.5280688622754491,1,9,78,6593
A1OO228VP8O47W,0.25201100872581783,0.06664597718985181,0.0,0.5,0.5280688622754491,1,9,78,6594
A3LQI6DLFEXOVJ,0.25201100872581783,0.06664597718985181,0.0,0.5,0.5280688622754491,1,9,78,6595
AQJSM4LO7M7G5,0.25201100872581783,0.06664597718985181,0.0,0.5,0.5280688622754491,1,9,78,6596
A3EMZ433QPZU0O,0.25201100872581783,0.06664597718985181,0.0,0.5,0.5280688622754491,1,9,78,6597
AHRWSHIMCV963,0.25201100872581783,0.06664597718985181,0.0,0.5,0.5280688622754491,1,9,78,6598
ADZCA4OI2ZKUX,0.25201100872581783,0.06664597718985181,0.0,0.5,0.5280688622754491,1,9,78,6599
A38D9RSMAYZSCM,0.25201100872581783,0.06664597718985181,0.0,0.5,0.5280688622754491,1,9,78,6600
A2BYV7S1QP2YIG,0.25201100872581783,0.06664597718985181,0.0,0.5,0.5280688622754491,1,9,78,6601
ASAE723AV7MYO,0.25201100872581783,0.06664597718985181,0.0,0.5,0.5280688622754491,1,9,78,6602
A3QZV5S4BD1XPJ,0.25201100872581783,0.06664597718985181,0.0,0.5,0.5280688622754491,1,9,78,6603
A1YOQKB992308L,0.25201100872581783,0.06664597718985181,0.0,0.5,0.5280688622754491,1,9,78,6604
A1PQU7KH22ZPBM,0.25201100872581783,0.06664597718985181,0.0,0.5,0.5280688622754491,1,9,78,6605
APRFTIZ7PB4S8,0.25201100872581783,0.06664597718985181,0.0,0.5,0.5280688622754491,1,9,78,6606
A1GZTVDFGF71XM,0.25201100872581783,0.06664597718985181,0.0,0.5,0.5280688622754491,1,9,78,6607
A3M5OYNZ2A5E0O,0.25201100872581783,0.06664597718985181,0.0,0.5,0.5280688622754491,1,9,78,6608
A1DDNUNC9JNZEV,0.25201100872581783,0.06664597718985181,0.0,0.5,0.5280688622754491,1,9,78,6609
AFTOBK4M64RVV,0.25201100872581783,0.06664597718985181,0.0,0.5,0.5280688622754491,1,9,78,6610
A2Q12G0CRKK0KP,0.25201100872581783,0.06664597718985181,0.0,0.5,0.5280688622754491,1,9,78,6611
A1PGUHJ9ZN499P,0.25201100872581783,0.06664597718985181,0.0,0.5,0.5280688622754491,1,9,78,6612
A35Z26M69ZK7EJ,0.25201100872581783,0.06664597718985181,0.0,0.5,0.5280688622754491,1,9,78,6613
A3F5EZF0JJ207G,0.25201100872581783,0.06664597718985181,0.0,0.5,0.5280688622754491,1,9,78,6614
A2VIZ3GQZ0O6F6,0.25201100872581783,0.06664597718985181,0.0,0.5,0.5280688622754491,1,9,78,6615
A35OQ29USFZHDN,0.25201100872581783,0.06664597718985181,0.0,0.5,0.5280688622754491,1,9,78,6616
A2NEMZPEE1NIWE,0.25201100872581783,0.06664597718985181,0.0,0.5,0.5280688622754491,1,9,78,6617
A31GOE0Y2JM17C,0.25201100872581783,0.06664597718985181,0.0,0.5,0.5280688622754491,1,9,78,6618
A1A9BAB8AO2GK4,0.25201100872581783,0.06664597718985181,0.0,0.5,0.5280688622754491,1,9,78,6619
A4OGL6HINEZVL,0.25201100872581783,0.06664597718985181,0.0,0.5,0.5280688622754491,1,9,78,6620
A10MVOFKTZVNN4,0.25191744585156634,0.06664597718985181,0.0,0.5,0.5276946107784432,1,0,77,6621
A1S1KROAK7QNGT,0.25191744585156634,0.06664597718985181,0.0,0.5,0.5276946107784432,1,0,77,6622
AVAM30BI2NOOR,0.25191744585156634,0.06664597718985181,0.0,0.5,0.5276946107784432,1,0,77,6623
A2LZHJH0LL0FM6,0.25191744585156634,0.06664597718985181,0.0,0.5,0.5276946107784432,1,0,77,6624
A3HC7NWLKCPX4X,0.25191744585156634,0.06664597718985181,0.0,0.5,0.5276946107784432,1,0,77,6625
A1C92FV1I5FM4T,0.25191744585156634,0.06664597718985181,0.0,0.5,0.5276946107784432,1,0,77,6626
A2KWADO4SA275J,0.25191744585156634,0.06664597718985181,0.0,0.5,0.5276946107784432,1,0,77,6627
A720S06Y6KV49,0.25191744585156634,0.06664597718985181,0.0,0.5,0.5276946107784432,1,0,77,6628
A2CMDNV9KR1OCF,0.25191744585156634,0.06664597718985181,0.0,0.5,0.5276946107784432,1,0,77,6629
A2AO270D2JMUK9,0.25191744585156634,0.06664597718985181,0.0,0.5,0.5276946107784432,1,0,77,6630
A2BXDDRQGI34PW,0.25191744585156634,0.06664597718985181,0.0,0.5,0.5276946107784432,1,0,77,6631
AHABEDNSQKM6H,0.25191744585156634,0.06664597718985181,0.0,0.5,0.5276946107784432,1,0,77,6632
AK9MBNYNX20W5,0.25191744585156634,0.06664597718985181,0.0,0.5,0.5276946107784432,1,0,77,6633
A1LDJW4JY58DGO,0.25191744585156634,0.06664597718985181,0.0,0.5,0.5276946107784432,1,0,77,6634
A3GCSH7EUZRSQM,0.25191744585156634,0.06664597718985181,0.0,0.5,0.5276946107784432,1,0,77,6635
A2PZKHQ3CDLU8Y,0.25191744585156634,0.06664597718985181,0.0,0.5,0.5276946107784432,1,0,77,6636
AE55ZYNOXOERC,0.25191744585156634,0.06664597718985181,0.0,0.5,0.5276946107784432,1,0,77,6637
A2GR90IHQAO1HL,0.25191744585156634,0.06664597718985181,0.0,0.5,0.5276946107784432,1,0,77,6638
AFEB0MKOWW2N7,0.25191744585156634,0.06664597718985181,0.0,0.5,0.5276946107784432,1,0,77,6639
AH9KZ2GSWIRQZ,0.25191744585156634,0.06664597718985181,0.0,0.5,0.5276946107784432,1,0,77,6640
A1TRLPG01CL8V9,0.25191744585156634,0.06664597718985181,0.0,0.5,0.5276946107784432,1,0,77,6641
A13KJO7XGQGBD0,0.25191744585156634,0.06664597718985181,0.0,0.5,0.5276946107784432,1,0,77,6642
AQQVPOL6VPVVN,0.2517917461712194,0.00013596300601024277,0.0,1.0,0.20700382907766526,2,0,35,6643
A3F0FKIHTLD4BP,0.25173032010306334,0.06664597718985181,0.0,0.5,0.5269461077844312,1,3,75,6644
A185LIJJXANIWM,0.25173032010306334,0.06664597718985181,0.0,0.5,0.5269461077844312,1,3,75,6645
A17CLCMTRBDKEZ,0.25173032010306334,0.06664597718985181,0.0,0.5,0.5269461077844312,1,3,75,6646
AVR7XAXTFT3K9,0.25173032010306334,0.06664597718985181,0.0,0.5,0.5269461077844312,1,3,75,6647
A1JK8EE51BF3RE,0.25173032010306334,0.06664597718985181,0.0,0.5,0.5269461077844312,1,3,75,6648
A2H856C9T0XWL5,0.25173032010306334,0.06664597718985181,0.0,0.5,0.5269461077844312,1,3,75,6649
A39LPV21N28L0D,0.25173032010306334,0.06664597718985181,0.0,0.5,0.5269461077844312,1,3,75,6650
A1IE3DQMCUAKBT,0.25173032010306334,0.06664597718985181,0.0,0.5,0.5269461077844312,1,3,75,6651
A1ZGQVTLT3PCE9,0.25173032010306334,0.06664597718985181,0.0,0.5,0.5269461077844312,1,3,75,6652
A2M8QP8TSNRK5P,0.25173032010306334,0.06664597718985181,0.0,0.5,0.5269461077844312,1,3,75,6653
AY089FCEGRV2G,0.25173032010306334,0.06664597718985181,0.0,0.5,0.5269461077844312,1,3,75,6654
A1PW7TQL858WPS,0.25173032010306334,0.06664597718985181,0.0,0.5,0.5269461077844312,1,3,75,6655
A2TUQMWV186OQ6,0.25173032010306334,0.06664597718985181,0.0,0.5,0.5269461077844312,1,3,75,6656
AV5OYCF0TNUZZ,0.25173032010306334,0.06664597718985181,0.0,0.5,0.5269461077844312,1,3,75,6657
A2VJTJTQPCS6GO,0.25173032010306334,0.06664597718985181,0.0,0.5,0.5269461077844312,1,3,75,6658
A24IS1LEMFQF8C,0.25173032010306334,0.06664597718985181,0.0,0.5,0.5269461077844312,1,3,75,6659
ATWVJUHW78DQL,0.25173032010306334,0.06664597718985181,0.0,0.5,0.5269461077844312,1,3,75,6660
A2ED2S3APUJCWD,0.25173032010306334,0.06664597718985181,0.0,0.5,0.5269461077844312,1,3,75,6661
AI8IWYR71IOQS,0.25173032010306334,0.06664597718985181,0.0,0.5,0.5269461077844312,1,3,75,6662
A3LMH1951IZZNV,0.25173032010306334,0.06664597718985181,0.0,0.5,0.5269461077844312,1,3,75,6663
A3VIQIGCO4AHR6,0.25173032010306334,0.06664597718985181,0.0,0.5,0.5269461077844312,1,3,75,6664
A1VNJIS05GETA4,0.25173032010306334,0.06664597718985181,0.0,0.5,0.5269461077844312,1,3,75,6665
AOCHZNFYJ4AWE,0.25173032010306334,0.06664597718985181,0.0,0.5,0.5269461077844312,1,3,75,6666
A1UGRZN0EE60FN,0.25173032010306334,0.06664597718985181,0.0,0.5,0.5269461077844312,1,3,75,6667
A1CV19Z3EDXMJ6,0.251699908877646,0.00738212026907814,0.07912528697401096,0.5143652481887981,0.5073236056626407,2,10,242,6668
AM4ZQJ0IORVWG,0.2513797579047712,0.007221077179619516,0.37514597192510185,0.5712102976547352,0.1647395289546512,5,0,107,6669
A26Y3GDR2X0V6V,0.25128681647253875,0.00029390716614387897,0.03432987589507619,0.5143652481887981,0.5589725028446676,2,10,229,6670
A34GH8QDLI43CL,0.25126250573180586,0.06664597718985181,0.0,0.5,0.5250748502994012,1,7,70,6671
A1K9FIA48K45PD,0.25126250573180586,0.06664597718985181,0.0,0.5,0.5250748502994012,1,7,70,6672
A35O0DIWXOOS1V,0.25126250573180586,0.06664597718985181,0.0,0.5,0.5250748502994012,1,7,70,6673
A155WK4J425WSQ,0.25126250573180586,0.06664597718985181,0.0,0.5,0.5250748502994012,1,7,70,6674
A2PNZBN5CNAHTR,0.25126250573180586,0.06664597718985181,0.0,0.5,0.5250748502994012,1,7,70,6675
APFT40B3WKARC,0.25126250573180586,0.06664597718985181,0.0,0.5,0.5250748502994012,1,7,70,6676
A30HAGYXB3WZ1E,0.25126250573180586,0.06664597718985181,0.0,0.5,0.5250748502994012,1,7,70,6677
A3OMBQCLXIYH82,0.25126250573180586,0.06664597718985181,0.0,0.5,0.5250748502994012,1,7,70,6678
A168SAOQWU7A63,0.25126250573180586,0.06664597718985181,0.0,0.5,0.5250748502994012,1,7,70,6679
A2A3HDJXDN8W47,0.25126250573180586,0.06664597718985181,0.0,0.5,0.5250748502994012,1,7,70,6680
A3G636N0YXQA7A,0.25126250573180586,0.06664597718985181,0.0,0.5,0.5250748502994012,1,7,70,6681
A1A8YLNAO5G16U,0.25126250573180586,0.06664597718985181,0.0,0.5,0.5250748502994012,1,7,70,6682
A3GBTXO71DJ6GO,0.25126250573180586,0.06664597718985181,0.0,0.5,0.5250748502994012,1,7,70,6683
A1KCTFZ4OUC6S4,0.25126250573180586,0.06664597718985181,0.0,0.5,0.5250748502994012,1,7,70,6684
A14UXJ0TN7VIST,0.25126250573180586,0.06664597718985181,0.0,0.5,0.5250748502994012,1,7,70,6685
AJGIN15VFGXBG,0.25126250573180586,0.06664597718985181,0.0,0.5,0.5250748502994012,1,7,70,6686
AHKT9ALJ3T2Y3,0.25126250573180586,0.06664597718985181,0.0,0.5,0.5250748502994012,1,7,70,6687
A18NLG35HLRE41,0.25126250573180586,0.06664597718985181,0.0,0.5,0.5250748502994012,1,7,70,6688
A2YKN8E68KVMZL,0.25126250573180586,0.06664597718985181,0.0,0.5,0.5250748502994012,1,7,70,6689
A2VXVM93S96FHS,0.25126250573180586,0.06664597718985181,0.0,0.5,0.5250748502994012,1,7,70,6690
A182U5XEA20G3G,0.25126250573180586,0.06664597718985181,0.0,0.5,0.5250748502994012,1,7,70,6691
A3Q5IRZ3ZJV4P3,0.25126250573180586,0.06664597718985181,0.0,0.5,0.5250748502994012,1,7,70,6692
A5X3DVSN6XRJ1,0.25126250573180586,0.06664597718985181,0.0,0.5,0.5250748502994012,1,7,70,6693
AFBHZ8QV4S61,0.25126250573180586,0.06664597718985181,0.0,0.5,0.5250748502994012,1,7,70,6694
A39W1MVZ5BYPSR,0.25126250573180586,0.06664597718985181,0.0,0.5,0.5250748502994012,1,7,70,6695
A2QARZA980DE7S,0.25126250573180586,0.06664597718985181,0.0,0.5,0.5250748502994012,1,7,70,6696
A20UU20K7M9ZPF,0.25126250573180586,0.06664597718985181,0.0,0.5,0.5250748502994012,1,7,70,6697
A3202C86H3AD1V,0.25126250573180586,0.06664597718985181,0.0,0.5,0.5250748502994012,1,7,70,6698
A2ZOEOGAKDKF0U,0.25126250573180586,0.06664597718985181,0.0,0.5,0.5250748502994012,1,7,70,6699
A1XJCT8CHG2G2J,0.2511689428575543,0.06664597718985181,0.0,0.5,0.5247005988023952,1,19,69,6700
A3ES51FL3H0QCR,0.2511689428575543,0.06664597718985181,0.0,0.5,0.5247005988023952,1,21,69,6701
A290XSFY4NQDJQ,0.2511689428575543,0.06664597718985181,0.0,0.5,0.5247005988023952,1,21,69,6702
A20ICEO8M18VHR,0.2511689428575543,0.06664597718985181,0.0,0.5,0.5247005988023952,1,21,69,6703
AI615OWXFM0H,0.2511689428575543,0.06664597718985181,0.0,0.5,0.5247005988023952,1,19,69,6704
AR6VJYNAOOY0X,0.2511689428575543,0.06664597718985181,0.0,0.5,0.5247005988023952,1,19,69,6705
A1KRFQ0HKNHZ7,0.2511689428575543,0.06664597718985181,0.0,0.5,0.5247005988023952,1,21,69,6706
AC2SMT7WEOBQM,0.2511689428575543,0.06664597718985181,0.0,0.5,0.5247005988023952,1,21,69,6707
A1X9MCVB19GEPM,0.2511689428575543,0.06664597718985181,0.0,0.5,0.5247005988023952,1,19,69,6708
A201DLHZ2NJ3CD,0.2511689428575543,0.06664597718985181,0.0,0.5,0.5247005988023952,1,19,69,6709
AYEDD0H73HY09,0.2511689428575543,0.06664597718985181,0.0,0.5,0.5247005988023952,1,19,69,6710
A2DCBGK8J5E6PC,0.2511689428575543,0.06664597718985181,0.0,0.5,0.5247005988023952,1,19,69,6711
A3SFYMAGMJYXHC,0.2511689428575543,0.06664597718985181,0.0,0.5,0.5247005988023952,1,19,69,6712
A11N54DYZ6NT3K,0.2511689428575543,0.06664597718985181,0.0,0.5,0.5247005988023952,1,21,69,6713
A3TTASCT75RNSF,0.2511689428575543,0.06664597718985181,0.0,0.5,0.5247005988023952,1,19,69,6714
A1XH86OU75RY6Y,0.2511689428575543,0.06664597718985181,0.0,0.5,0.5247005988023952,1,21,69,6715
A3AZUX1EW379D0,0.2511689428575543,0.06664597718985181,0.0,0.5,0.5247005988023952,1,19,69,6716
A22MHWKRGV89RZ,0.2511689428575543,0.06664597718985181,0.0,0.5,0.5247005988023952,1,21,69,6717
A30ISDN6ZV58L4,0.2511689428575543,0.06664597718985181,0.0,0.5,0.5247005988023952,1,19,69,6718
A3FUXDNOST7H2Q,0.2511689428575543,0.06664597718985181,0.0,0.5,0.5247005988023952,1,19,69,6719
A1HHEF51V3BA0D,0.2511689428575543,0.06664597718985181,0.0,0.5,0.5247005988023952,1,21,69,6720
AERMWZDGNY8KC,0.2511689428575543,0.06664597718985181,0.0,0.5,0.5247005988023952,1,19,69,6721
A1365J9VYWUHXB,0.2511689428575543,0.06664597718985181,0.0,0.5,0.5247005988023952,1,19,69,6722
A4AM8XJSK710E,0.2511689428575543,0.06664597718985181,0.0,0.5,0.5247005988023952,1,19,69,6723
A2IQMBBNQQREPT,0.2511689428575543,0.06664597718985181,0.0,0.5,0.5247005988023952,1,21,69,6724
A8PW0WUVGYF9P,0.2511689428575543,0.06664597718985181,0.0,0.5,0.5247005988023952,1,21,69,6725
A2ZTI6CV56ESV3,0.2511689428575543,0.06664597718985181,0.0,0.5,0.5247005988023952,1,19,69,6726
A2PGQ584ZF9B3F,0.2511689428575543,0.06664597718985181,0.0,0.5,0.5247005988023952,1,21,69,6727
A3H8R9RBN7MYD,0.2511689428575543,0.06664597718985181,0.0,0.5,0.5247005988023952,1,21,69,6728
A1AU09HM08FADZ,0.2511689428575543,0.06664597718985181,0.0,0.5,0.5247005988023952,1,19,69,6729
A3QT60TL8CF94W,0.2511689428575543,0.06664597718985181,0.0,0.5,0.5247005988023952,1,21,69,6730
A3H6NNGCINPLEC,0.2511689428575543,0.06664597718985181,0.0,0.5,0.5247005988023952,1,19,69,6731
A2N1DWN3DCXNAI,0.2511689428575543,0.06664597718985181,0.0,0.5,0.5247005988023952,1,19,69,6732
A3OEWQXYMIXYVI,0.2511689428575543,0.06664597718985181,0.0,0.5,0.5247005988023952,1,21,69,6733
A3OCVR5HUT1QAO,0.2511689428575543,0.06664597718985181,0.0,0.5,0.5247005988023952,1,19,69,6734
A2GLM2NA1SLN43,0.2511689428575543,0.06664597718985181,0.0,0.5,0.5247005988023952,1,19,69,6735
A14PTBE6AR7MTA,0.2511689428575543,0.06664597718985181,0.0,0.5,0.5247005988023952,1,21,69,6736
A3OJGB9EJQSXXF,0.2511689428575543,0.06664597718985181,0.0,0.5,0.5247005988023952,1,19,69,6737
A2RZGU7NDOEN8S,0.2511689428575543,0.06664597718985181,0.0,0.5,0.5247005988023952,1,19,69,6738
A6J4ESHKQ1H3,0.2511689428575543,0.06664597718985181,0.0,0.5,0.5247005988023952,1,21,69,6739
A2K64Z8VT8T43Z,0.2511689428575543,0.06664597718985181,0.0,0.5,0.5247005988023952,1,19,69,6740
A2RKKWRIGGMOWU,0.2511689428575543,0.06664597718985181,0.0,0.5,0.5247005988023952,1,19,69,6741
A1OPKNO7IXWV27,0.2511689428575543,0.06664597718985181,0.0,0.5,0.5247005988023952,1,19,69,6742
A12UB0W1MAK18U,0.2511689428575543,0.06664597718985181,0.0,0.5,0.5247005988023952,1,19,69,6743
A9A673ZJS3ZGI,0.2511689428575543,0.06664597718985181,0.0,0.5,0.5247005988023952,1,21,69,6744
A2NCSPA53VB4OK,0.2511689428575543,0.06664597718985181,0.0,0.5,0.5247005988023952,1,19,69,6745
A2NB8QWHLQ60UU,0.2511689428575543,0.06664597718985181,0.0,0.5,0.5247005988023952,1,19,69,6746
A2N09FAU09DKYD,0.2511689428575543,0.06664597718985181,0.0,0.5,0.5247005988023952,1,19,69,6747
A1BHU6FHSC0BJF,0.2511689428575543,0.06664597718985181,0.0,0.5,0.5247005988023952,1,19,69,6748
A39PXL8TQKMNRY,0.2511689428575543,0.06664597718985181,0.0,0.5,0.5247005988023952,1,21,69,6749
A25ZRQBJFOIQNA,0.2511689428575543,0.06664597718985181,0.0,0.5,0.5247005988023952,1,19,69,6750
AHJ67NJKYWK7W,0.2511689428575543,0.06664597718985181,0.0,0.5,0.5247005988023952,1,21,69,6751
A5ZX2K585HWOB,0.2511689428575543,0.06664597718985181,0.0,0.5,0.5247005988023952,1,21,69,6752
A2FS1U06RM7LCG,0.2511689428575543,0.06664597718985181,0.0,0.5,0.5247005988023952,1,19,69,6753
A21LAY2T4KERFL,0.2511689428575543,0.06664597718985181,0.0,0.5,0.5247005988023952,1,21,69,6754
A2NXNDJVTMANZM,0.2511689428575543,0.06664597718985181,0.0,0.5,0.5247005988023952,1,21,69,6755
A222VKIXTH31TZ,0.2511689428575543,0.06664597718985181,0.0,0.5,0.5247005988023952,1,21,69,6756
A2B7R69TZSJA8C,0.2511689428575543,0.06664597718985181,0.0,0.5,0.5247005988023952,1,21,69,6757
A30EV1UN18OKR6,0.2511689428575543,0.06664597718985181,0.0,0.5,0.5247005988023952,1,19,69,6758
A2IYECKOTKGOMA,0.2511689428575543,0.06664597718985181,0.0,0.5,0.5247005988023952,1,21,69,6759
A2I4J1INDYAIZL,0.2511689428575543,0.06664597718985181,0.0,0.5,0.5247005988023952,1,19,69,6760
A34VKO642QP76Z,0.2511689428575543,0.06664597718985181,0.0,0.5,0.5247005988023952,1,21,69,6761
A34XU2SMQ7LRQO,0.2511689428575543,0.06664597718985181,0.0,0.5,0.5247005988023952,1,21,69,6762
AGCJIYX1XCW29,0.2511689428575543,0.06664597718985181,0.0,0.5,0.5247005988023952,1,21,69,6763
A18MN3B52HHBH1,0.2511689428575543,0.06664597718985181,0.0,0.5,0.5247005988023952,1,21,69,6764
A369AXZV1Q2LDC,0.25107537998330287,0.06664597718985181,0.0,0.5,0.5243263473053892,1,2,68,6765
A33SG2UA24DJ9P,0.25107537998330287,0.06664597718985181,0.0,0.5,0.5243263473053892,1,2,68,6766
A17YNSMOWM7U3I,0.25107537998330287,0.06664597718985181,0.0,0.5,0.5243263473053892,1,2,68,6767
ALBRW4Q4GOTJ2,0.25107537998330287,0.06664597718985181,0.0,0.5,0.5243263473053892,1,2,68,6768
A314ZLRAHHWEPZ,0.25107537998330287,0.06664597718985181,0.0,0.5,0.5243263473053892,1,2,68,6769
A1QE936PWGY7BE,0.25107537998330287,0.06664597718985181,0.0,0.5,0.5243263473053892,1,2,68,6770
A3SOURAY5OD6Z5,0.25107537998330287,0.06664597718985181,0.0,0.5,0.5243263473053892,1,2,68,6771
AMHE73T0KPO2H,0.25107537998330287,0.06664597718985181,0.0,0.5,0.5243263473053892,1,2,68,6772
A1BMA0RHTVO7X5,0.25107537998330287,0.06664597718985181,0.0,0.5,0.5243263473053892,1,2,68,6773
A1L4X5WXISICFR,0.25107537998330287,0.06664597718985181,0.0,0.5,0.5243263473053892,1,2,68,6774
AQGDI4H921BOU,0.25107537998330287,0.06664597718985181,0.0,0.5,0.5243263473053892,1,2,68,6775
A1644SQ9ZZX25B,0.25107537998330287,0.06664597718985181,0.0,0.5,0.5243263473053892,1,2,68,6776
A3IPDGNMA9GXJ6,0.25107537998330287,0.06664597718985181,0.0,0.5,0.5243263473053892,1,2,68,6777
A1PMOO5BRBUCJP,0.25107537998330287,0.06664597718985181,0.0,0.5,0.5243263473053892,1,2,68,6778
A1DUC23R0YP9F7,0.25107537998330287,0.06664597718985181,0.0,0.5,0.5243263473053892,1,2,68,6779
A1KXYKTOZEWDTL,0.2509818171090513,0.06664597718985181,0.0,0.5,0.5239520958083832,1,0,67,6780
A1WE2JDDCUG2L0,0.2509818171090513,0.06664597718985181,0.0,0.5,0.5239520958083832,1,0,67,6781
A2R9M9ALI356JU,0.2509818171090513,0.06664597718985181,0.0,0.5,0.5239520958083832,1,0,67,6782
A2LCJASTNJO98K,0.2509818171090513,0.06664597718985181,0.0,0.5,0.5239520958083832,1,0,67,6783
A1UIISX5YBC7ML,0.2509818171090513,0.06664597718985181,0.0,0.5,0.5239520958083832,1,0,67,6784
A18RZ493P29JW5,0.2509818171090513,0.06664597718985181,0.0,0.5,0.5239520958083832,1,0,67,6785
A1PJPFFTRMO8M3,0.2509818171090513,0.06664597718985181,0.0,0.5,0.5239520958083832,1,0,67,6786
A29UH663BZ88D9,0.2509818171090513,0.06664597718985181,0.0,0.5,0.5239520958083832,1,0,67,6787
A2IGYAKJZAIK7M,0.2509818171090513,0.06664597718985181,0.0,0.5,0.5239520958083832,1,0,67,6788
A1VJ0V58N0698J,0.2509818171090513,0.06664597718985181,0.0,0.5,0.5239520958083832,1,0,67,6789
A197BQFMF77D24,0.2509818171090513,0.06664597718985181,0.0,0.5,0.5239520958083832,1,0,67,6790
A1D3CJ9QKBXC1Y,0.25091549563209614,0.0033932068224876047,0.17770805912860266,0.5143652481887981,0.4103898766617581,2,10,281,6791
A2XCE6WWTX57R4,0.2508318605033462,0.0001140580680126387,0.019320949904102887,0.5143652481887981,0.5723774238766283,2,0,247,6792
A1G18MU8RQQ4GY,0.25050882459086316,0.0004099018078106494,0.26876436280717275,0.6169509223866431,0.23921831547759273,3,0,34,6793
A1KDA0U9H4I3XY,0.2503268769892909,0.06664597718985181,0.0,0.5,0.5213323353293413,1,10,60,6794
A1XTM47DUD1K7D,0.2503268769892909,0.06664597718985181,0.0,0.5,0.5213323353293413,1,10,60,6795
A10VGVCS9EFVGZ,0.2503268769892909,0.06664597718985181,0.0,0.5,0.5213323353293413,1,10,60,6796
A1PBRDRW4WUCYM,0.2503268769892909,0.06664597718985181,0.0,0.5,0.5213323353293413,1,10,60,6797
A2VQLV2GUC4H8J,0.2503268769892909,0.06664597718985181,0.0,0.5,0.5213323353293413,1,10,60,6798
A208F20NUCU1T4,0.2503268769892909,0.06664597718985181,0.0,0.5,0.5213323353293413,1,10,60,6799
A2LMF5Q6FO9TOI,0.2503268769892909,0.06664597718985181,0.0,0.5,0.5213323353293413,1,10,60,6800
A3SUZ5RKR6CNKT,0.2503268769892909,0.06664597718985181,0.0,0.5,0.5213323353293413,1,10,60,6801
A4DO6F431LOO2,0.2503268769892909,0.06664597718985181,0.0,0.5,0.5213323353293413,1,10,60,6802
A1IICUMRPXC4AL,0.2503268769892909,0.06664597718985181,0.0,0.5,0.5213323353293413,1,10,60,6803
A2XBFJZRMF9BJX,0.2503268769892909,0.06664597718985181,0.0,0.5,0.5213323353293413,1,10,60,6804
A3992SE2YUH0B9,0.2503268769892909,0.06664597718985181,0.0,0.5,0.5213323353293413,1,10,60,6805
ARZX1CBWP7M2W,0.2503268769892909,0.06664597718985181,0.0,0.5,0.5213323353293413,1,10,60,6806
ARYHWHSUK58LO,0.2503268769892909,0.06664597718985181,0.0,0.5,0.5213323353293413,1,10,60,6807
A4902TQB4NGRJ,0.2503268769892909,0.06664597718985181,0.0,0.5,0.5213323353293413,1,10,60,6808
A1Q3WWX7DN2XZ3,0.2503268769892909,0.06664597718985181,0.0,0.5,0.5213323353293413,1,10,60,6809
A2PC6KJ50P32KE,0.2503268769892909,0.06664597718985181,0.0,0.5,0.5213323353293413,1,10,60,6810
A3GCU32XBIEDMB,0.2503268769892909,0.06664597718985181,0.0,0.5,0.5213323353293413,1,10,60,6811
A310AKTMTWOZ17,0.2503268769892909,0.06664597718985181,0.0,0.5,0.5213323353293413,1,10,60,6812
A3MRKZ1RR1G9K3,0.2503268769892909,0.06664597718985181,0.0,0.5,0.5213323353293413,1,10,60,6813
AG50Y7KCLNM3W,0.2503268769892909,0.06664597718985181,0.0,0.5,0.5213323353293413,1,10,60,6814
A18XYVCNR720UC,0.2503268769892909,0.06664597718985181,0.0,0.5,0.5213323353293413,1,10,60,6815
A6G5VWEJWRTQ9,0.2503268769892909,0.06664597718985181,0.0,0.5,0.5213323353293413,1,10,60,6816
AI0BCEWRE04G0,0.2503268769892909,0.06664597718985181,0.0,0.5,0.5213323353293413,1,10,60,6817
A1BM3ER2HHHR7T,0.2503268769892909,0.06664597718985181,0.0,0.5,0.5213323353293413,1,10,60,6818
A1NVD0TKNS1GT5,0.25017350386718235,0.20595249101272475,0.1979554692950222,0.3536186873170727,0.27270060710477934,14,0,605,6819
A3EZHN2I12T5XF,0.25004618836653636,0.06664597718985181,0.0,0.5,0.5202095808383234,1,8,57,6820
A1K2RV81XU6XUC,0.25004618836653636,0.06664597718985181,0.0,0.5,0.5202095808383234,1,22,57,6821
AGZP8G6JTKQJC,0.25004618836653636,0.06664597718985181,0.0,0.5,0.5202095808383234,1,22,57,6822
ALKGI0EM6E5QA,0.25004618836653636,0.06664597718985181,0.0,0.5,0.5202095808383234,1,22,57,6823
A31B95W75QU2MJ,0.25004618836653636,0.06664597718985181,0.0,0.5,0.5202095808383234,1,22,57,6824
AHBZAMNRZ1NVY,0.25004618836653636,0.06664597718985181,0.0,0.5,0.5202095808383234,1,22,57,6825
A25UNN91ZTFZX7,0.25004618836653636,0.06664597718985181,0.0,0.5,0.5202095808383234,1,22,57,6826
A31IRISM6DRTG7,0.25004618836653636,0.06664597718985181,0.0,0.5,0.5202095808383234,1,22,57,6827
A350VVPCU2J3EH,0.25004618836653636,0.06664597718985181,0.0,0.5,0.5202095808383234,1,22,57,6828
A3Q3Y39W2F0E3J,0.25004618836653636,0.06664597718985181,0.0,0.5,0.5202095808383234,1,22,57,6829
A20GQ8NXD8TQUG,0.25004618836653636,0.06664597718985181,0.0,0.5,0.5202095808383234,1,8,57,6830
A2DA3JJXKSWW3K,0.25004618836653636,0.06664597718985181,0.0,0.5,0.5202095808383234,1,22,57,6831
A1QHJJSS7YNUYW,0.25004618836653636,0.06664597718985181,0.0,0.5,0.5202095808383234,1,8,57,6832
A50ZGWCM3RXW1,0.25004618836653636,0.06664597718985181,0.0,0.5,0.5202095808383234,1,8,57,6833
A3PVOKGXUM0QUJ,0.25004618836653636,0.06664597718985181,0.0,0.5,0.5202095808383234,1,8,57,6834
A1M3TSM595RANO,0.25004618836653636,0.06664597718985181,0.0,0.5,0.5202095808383234,1,22,57,6835
A4PYOAQ2GH8FQ,0.25004618836653636,0.06664597718985181,0.0,0.5,0.5202095808383234,1,22,57,6836
AJPKDAFL8B7MO,0.25004618836653636,0.06664597718985181,0.0,0.5,0.5202095808383234,1,8,57,6837
A2NOSUGEJQ3GI3,0.25004618836653636,0.06664597718985181,0.0,0.5,0.5202095808383234,1,22,57,6838
A1QRRMR2MQCN5,0.25004618836653636,0.06664597718985181,0.0,0.5,0.5202095808383234,1,22,57,6839
A2K71J7YK6K91A,0.25004618836653636,0.06664597718985181,0.0,0.5,0.5202095808383234,1,22,57,6840
A1QK91G8NM5XI1,0.25004618836653636,0.06664597718985181,0.0,0.5,0.5202095808383234,1,8,57,6841
A3R10ZQFP45LYT,0.25004618836653636,0.06664597718985181,0.0,0.5,0.5202095808383234,1,8,57,6842
A3W152L0OZZER6,0.25004618836653636,0.06664597718985181,0.0,0.5,0.5202095808383234,1,22,57,6843
A3NPZ24PG7U7VU,0.25004618836653636,0.06664597718985181,0.0,0.5,0.5202095808383234,1,22,57,6844
A2Y3J7LJSOSN9G,0.25004618836653636,0.06664597718985181,0.0,0.5,0.5202095808383234,1,8,57,6845
A2AZWCITJKQMWA,0.25004618836653636,0.06664597718985181,0.0,0.5,0.5202095808383234,1,22,57,6846
A2Z93Q5OYD39G9,0.25004618836653636,0.06664597718985181,0.0,0.5,0.5202095808383234,1,22,57,6847
A2Z8UCDJZF6YLG,0.25004618836653636,0.06664597718985181,0.0,0.5,0.5202095808383234,1,22,57,6848
AMKQMWRWLZWIL,0.25004618836653636,0.06664597718985181,0.0,0.5,0.5202095808383234,1,22,57,6849
A12EPLIQ9BBXIZ,0.25004618836653636,0.06664597718985181,0.0,0.5,0.5202095808383234,1,22,57,6850
A2EAFOKLI536FJ,0.25004618836653636,0.06664597718985181,0.0,0.5,0.5202095808383234,1,8,57,6851
A2ITWFZOOOR7PQ,0.25004618836653636,0.06664597718985181,0.0,0.5,0.5202095808383234,1,22,57,6852
A2IWFH4JINUQC3,0.25004618836653636,0.06664597718985181,0.0,0.5,0.5202095808383234,1,8,57,6853
A3DODUI5D91JKN,0.25004618836653636,0.06664597718985181,0.0,0.5,0.5202095808383234,1,22,57,6854
A313DADVI76HKM,0.25004618836653636,0.06664597718985181,0.0,0.5,0.5202095808383234,1,8,57,6855
A1FM50L5NH0OWE,0.25004618836653636,0.06664597718985181,0.0,0.5,0.5202095808383234,1,8,57,6856
AN9TUUCDXX6SO,0.25004618836653636,0.06664597718985181,0.0,0.5,0.5202095808383234,1,8,57,6857
A34II2YYFYNFI9,0.25004618836653636,0.06664597718985181,0.0,0.5,0.5202095808383234,1,22,57,6858
A2HOI48JK8838M,0.25004618836653636,0.06664597718985181,0.0,0.5,0.5202095808383234,1,8,57,6859
A3DQ3Q2GPZRLT7,0.25004618836653636,0.06664597718985181,0.0,0.5,0.5202095808383234,1,22,57,6860
AUCISQA1YXX86,0.25004618836653636,0.06664597718985181,0.0,0.5,0.5202095808383234,1,22,57,6861
A2U1Y4U4HXJ9QP,0.25004618836653636,0.06664597718985181,0.0,0.5,0.5202095808383234,1,8,57,6862
AX27RYM65B3GI,0.25004618836653636,0.06664597718985181,0.0,0.5,0.5202095808383234,1,22,57,6863
ACPQTJE7LY531,0.25004618836653636,0.06664597718985181,0.0,0.5,0.5202095808383234,1,22,57,6864
A2WER72RHDWH0I,0.25004618836653636,0.06664597718985181,0.0,0.5,0.5202095808383234,1,8,57,6865
ATOGPZKOA5QKQ,0.25004618836653636,0.06664597718985181,0.0,0.5,0.5202095808383234,1,8,57,6866
A3NX8Q9S7XV8NS,0.25004618836653636,0.06664597718985181,0.0,0.5,0.5202095808383234,1,22,57,6867
A3QDY5F9BA5V0B,0.25004618836653636,0.06664597718985181,0.0,0.5,0.5202095808383234,1,22,57,6868
A2F0L17JPRRIF7,0.25004618836653636,0.06664597718985181,0.0,0.5,0.5202095808383234,1,22,57,6869
ARNWCLQZFQECA,0.2498590626180334,0.06664597718985181,0.0,0.5,0.5194610778443114,1,0,55,6870
A2EJZ5ZIGVNYSE,0.2498590626180334,0.06664597718985181,0.0,0.5,0.5194610778443114,1,2,55,6871
A2B1OJ22IYM3NR,0.2498590626180334,0.06664597718985181,0.0,0.5,0.5194610778443114,1,2,55,6872
AXCWZ8HUF332W,0.2498590626180334,0.06664597718985181,0.0,0.5,0.5194610778443114,1,0,55,6873
A4SD1MX7QMD8,0.2498590626180334,0.06664597718985181,0.0,0.5,0.5194610778443114,1,2,55,6874
AW8UBYMNJ894V,0.2498590626180334,0.06664597718985181,0.0,0.5,0.5194610778443114,1,0,55,6875
A1MD9AEU9C4WJN,0.2498590626180334,0.06664597718985181,0.0,0.5,0.5194610778443114,1,0,55,6876
A1V7XAW40AHFQF,0.2498590626180334,0.06664597718985181,0.0,0.5,0.5194610778443114,1,2,55,6877
A2GKTKX1U5HW5J,0.2498590626180334,0.06664597718985181,0.0,0.5,0.5194610778443114,1,2,55,6878
AOA9M17LG2JQE,0.2498590626180334,0.06664597718985181,0.0,0.5,0.5194610778443114,1,2,55,6879
A32UKJ89I78SH5,0.2498590626180334,0.06664597718985181,0.0,0.5,0.5194610778443114,1,2,55,6880
A3NSPDT7PQAUA5,0.2498590626180334,0.06664597718985181,0.0,0.5,0.5194610778443114,1,0,55,6881
A2Y6MZHG0MPCTN,0.2498590626180334,0.06664597718985181,0.0,0.5,0.5194610778443114,1,2,55,6882
A1E8PWW106DRBE,0.2498590626180334,0.06664597718985181,0.0,0.5,0.5194610778443114,1,0,55,6883
A17MH3UHMGOOC5,0.2498590626180334,0.06664597718985181,0.0,0.5,0.5194610778443114,1,2,55,6884
A211A51H4XNPUF,0.2498590626180334,0.06664597718985181,0.0,0.5,0.5194610778443114,1,2,55,6885
A1W3D42N13EYZ7,0.2498590626180334,0.06664597718985181,0.0,0.5,0.5194610778443114,1,0,55,6886
A6VPIOPMDJ8H7,0.2498590626180334,0.06664597718985181,0.0,0.5,0.5194610778443114,1,0,55,6887
A3N176NMT960UW,0.2498590626180334,0.06664597718985181,0.0,0.5,0.5194610778443114,1,0,55,6888
A2KNQ0P1G1ZIE6,0.2498590626180334,0.06664597718985181,0.0,0.5,0.5194610778443114,1,0,55,6889
A3L3EEJYMUPM02,0.2498590626180334,0.06664597718985181,0.0,0.5,0.5194610778443114,1,2,55,6890
A3N0P5AAMP6XD2,0.2498590626180334,0.06664597718985181,0.0,0.5,0.5194610778443114,1,2,55,6891
A3E6ZJMPO9SQWO,0.2498590626180334,0.06664597718985181,0.0,0.5,0.5194610778443114,1,2,55,6892
A19GDOQK033YCM,0.2498590626180334,0.06664597718985181,0.0,0.5,0.5194610778443114,1,2,55,6893
A384UZZIZDHSNJ,0.2498590626180334,0.06664597718985181,0.0,0.5,0.5194610778443114,1,0,55,6894
A1CBVD5P2MTW3S,0.2498590626180334,0.06664597718985181,0.0,0.5,0.5194610778443114,1,2,55,6895
A1QTIQP307ERN3,0.2498590626180334,0.06664597718985181,0.0,0.5,0.5194610778443114,1,0,55,6896
A3TLPFNP3V2BWK,0.2498590626180334,0.06664597718985181,0.0,0.5,0.5194610778443114,1,0,55,6897
A119IU67AHNE2W,0.2498590626180334,0.06664597718985181,0.0,0.5,0.5194610778443114,1,2,55,6898
A3AX4XM1LHS0GU,0.2498590626180334,0.06664597718985181,0.0,0.5,0.5194610778443114,1,2,55,6899
A3E4QDD0JTGT2T,0.2497654997437819,0.06664597718985181,0.0,0.5,0.5190868263473054,1,14,54,6900
A1YLBWLRPCN0A8,0.2497654997437819,0.06664597718985181,0.0,0.5,0.5190868263473054,1,14,54,6901
A32B832WK76HYN,0.2497654997437819,0.06664597718985181,0.0,0.5,0.5190868263473054,1,14,54,6902
A2VG364UUGYFHI,0.2497654997437819,0.06664597718985181,0.0,0.5,0.5190868263473054,1,14,54,6903
A3EAA602DJCZQ4,0.2497654997437819,0.06664597718985181,0.0,0.5,0.5190868263473054,1,14,54,6904
A3VAJFVJMB8RI4,0.2497654997437819,0.06664597718985181,0.0,0.5,0.5190868263473054,1,14,54,6905
AXPQHTRIH7TPK,0.2497654997437819,0.06664597718985181,0.0,0.5,0.5190868263473054,1,14,54,6906
A3KJME3TOKVZ4J,0.2497654997437819,0.06664597718985181,0.0,0.5,0.5190868263473054,1,14,54,6907
A3BAEV1COL0XKT,0.2497654997437819,0.06664597718985181,0.0,0.5,0.5190868263473054,1,14,54,6908
A2SRMKY38HBNS6,0.2497654997437819,0.06664597718985181,0.0,0.5,0.5190868263473054,1,14,54,6909
A2V4T35IYF9G0V,0.2497654997437819,0.06664597718985181,0.0,0.5,0.5190868263473054,1,14,54,6910
AKM19L55URK6R,0.2497654997437819,0.06664597718985181,0.0,0.5,0.5190868263473054,1,14,54,6911
A2YAVWHYO1PZMK,0.2497654997437819,0.06664597718985181,0.0,0.5,0.5190868263473054,1,14,54,6912
A2RWBBQ4TLBQTY,0.2497654997437819,0.06664597718985181,0.0,0.5,0.5190868263473054,1,14,54,6913
AE88D7OM7YU99,0.2497654997437819,0.06664597718985181,0.0,0.5,0.5190868263473054,1,14,54,6914
A1KSTH3S1COKUU,0.2497654997437819,0.06664597718985181,0.0,0.5,0.5190868263473054,1,14,54,6915
AB76THS0IXKAQ,0.2497654997437819,0.06664597718985181,0.0,0.5,0.5190868263473054,1,14,54,6916
AYEVRJCDITQ8T,0.2497654997437819,0.06664597718985181,0.0,0.5,0.5190868263473054,1,14,54,6917
A2EF8N7ZE7ONWX,0.2497654997437819,0.06664597718985181,0.0,0.5,0.5190868263473054,1,14,54,6918
ABOBJFJKCAKYH,0.2497654997437819,0.06664597718985181,0.0,0.5,0.5190868263473054,1,14,54,6919
A2ZQ8RJULU5ON3,0.2497654997437819,0.06664597718985181,0.0,0.5,0.5190868263473054,1,14,54,6920
A2LCO1J0MNWB43,0.2497654997437819,0.06664597718985181,0.0,0.5,0.5190868263473054,1,14,54,6921
ARI60NK07Q9D,0.2497654997437819,0.06664597718985181,0.0,0.5,0.5190868263473054,1,14,54,6922
A12VYWCG0OBMM9,0.2497654997437819,0.06664597718985181,0.0,0.5,0.5190868263473054,1,14,54,6923
A1VIG5MS365HSE,0.2497654997437819,0.06664597718985181,0.0,0.5,0.5190868263473054,1,14,54,6924
A2HS0J5LRYD1WF,0.2497654997437819,0.06664597718985181,0.0,0.5,0.5190868263473054,1,14,54,6925
A22CGPNH63WDJZ,0.2497654997437819,0.06664597718985181,0.0,0.5,0.5190868263473054,1,14,54,6926
A4Y8MPXJ35Y7R,0.2497654997437819,0.06664597718985181,0.0,0.5,0.5190868263473054,1,14,54,6927
A3OMJNYBG168ZU,0.2497654997437819,0.06664597718985181,0.0,0.5,0.5190868263473054,1,14,54,6928
A1028XZRNI0NRP,0.2497654997437819,0.06664597718985181,0.0,0.5,0.5190868263473054,1,14,54,6929
A3L8YH446HUCVM,0.2496719368695304,0.06664597718985181,0.0,0.5,0.5187125748502994,1,17,53,6930
A1CQJYMTE8C6WJ,0.2496719368695304,0.06664597718985181,0.0,0.5,0.5187125748502994,1,17,53,6931
AN8W0XP8GCN1O,0.2496719368695304,0.06664597718985181,0.0,0.5,0.5187125748502994,1,17,53,6932
ABMF4UC4Z00NT,0.2496719368695304,0.06664597718985181,0.0,0.5,0.5187125748502994,1,17,53,6933
A19Q4XJNQ1J97K,0.2496719368695304,0.06664597718985181,0.0,0.5,0.5187125748502994,1,17,53,6934
A2H2I5FY1PUHP1,0.2496719368695304,0.06664597718985181,0.0,0.5,0.5187125748502994,1,17,53,6935
A2H781SEVV7GNT,0.2496719368695304,0.06664597718985181,0.0,0.5,0.5187125748502994,1,17,53,6936
A34MAO138NIMQ4,0.2496719368695304,0.06664597718985181,0.0,0.5,0.5187125748502994,1,17,53,6937
A3QSBA4YOYLAP5,0.2496719368695304,0.06664597718985181,0.0,0.5,0.5187125748502994,1,17,53,6938
A1KBE34UO4E73Z,0.2496719368695304,0.06664597718985181,0.0,0.5,0.5187125748502994,1,17,53,6939
A2XM50BCI5A9ZT,0.2496719368695304,0.06664597718985181,0.0,0.5,0.5187125748502994,1,17,53,6940
A3HTMF9ROZGCPK,0.2496719368695304,0.06664597718985181,0.0,0.5,0.5187125748502994,1,17,53,6941
A2IIZ25SZSQGCC,0.2496719368695304,0.06664597718985181,0.0,0.5,0.5187125748502994,1,17,53,6942
A23Q32B7VTOXE9,0.24962877799471073,0.0016727837345131603,0.02374621522460776,1.0,0.17276155627281936,4,0,141,6943
A1IV22RC7DF26R,0.24940821319198558,0.0031489876318800208,0.0,0.5143652481887981,0.5823618690586477,2,4,658,6944
A2S081Y72FI34Z,0.24939124824677592,0.06664597718985181,0.0,0.5,0.5175898203592815,1,20,50,6945
AII45TUQ5UKPS,0.24939124824677592,0.06664597718985181,0.0,0.5,0.5175898203592815,1,5,50,6946
A1ZXMMQPYC3Z9I,0.24939124824677592,0.06664597718985181,0.0,0.5,0.5175898203592815,1,5,50,6947
A2J2YV329EVMNA,0.24939124824677592,0.06664597718985181,0.0,0.5,0.5175898203592815,1,5,50,6948
A1WFDJHDWDVGW8,0.24939124824677592,0.06664597718985181,0.0,0.5,0.5175898203592815,1,20,50,6949
A1I1ZGZUDM326L,0.24939124824677592,0.06664597718985181,0.0,0.5,0.5175898203592815,1,5,50,6950
A10N9KVV3DIUWD,0.24939124824677592,0.06664597718985181,0.0,0.5,0.5175898203592815,1,20,50,6951
A1EA08F54PPH4O,0.24939124824677592,0.06664597718985181,0.0,0.5,0.5175898203592815,1,20,50,6952
A2Y23OZSZPO2D1,0.24939124824677592,0.06664597718985181,0.0,0.5,0.5175898203592815,1,20,50,6953
A14G7W2YFFNM43,0.24939124824677592,0.06664597718985181,0.0,0.5,0.5175898203592815,1,5,50,6954
A4Q1AC81B9TO4,0.24939124824677592,0.06664597718985181,0.0,0.5,0.5175898203592815,1,5,50,6955
AE68I04K30VHS,0.24939124824677592,0.06664597718985181,0.0,0.5,0.5175898203592815,1,5,50,6956
A12Q2PV6TZ6XX9,0.24939124824677592,0.06664597718985181,0.0,0.5,0.5175898203592815,1,20,50,6957
A21UD8A89984GP,0.24939124824677592,0.06664597718985181,0.0,0.5,0.5175898203592815,1,20,50,6958
A2CVWNQMZYG1E,0.24939124824677592,0.06664597718985181,0.0,0.5,0.5175898203592815,1,5,50,6959
AAK7M9P1GEYWV,0.24939124824677592,0.06664597718985181,0.0,0.5,0.5175898203592815,1,20,50,6960
A2CSUA388LZ26O,0.24939124824677592,0.06664597718985181,0.0,0.5,0.5175898203592815,1,5,50,6961
A3JUAIWL571I2R,0.24939124824677592,0.06664597718985181,0.0,0.5,0.5175898203592815,1,20,50,6962
A3JVD6IJPRCXT1,0.24939124824677592,0.06664597718985181,0.0,0.5,0.5175898203592815,1,20,50,6963
A2TLISI5OZ83UK,0.24939124824677592,0.06664597718985181,0.0,0.5,0.5175898203592815,1,5,50,6964
A3PVE6QACV6WRK,0.24939124824677592,0.06664597718985181,0.0,0.5,0.5175898203592815,1,15,50,6965
A1XWGTKBH3GGXP,0.24939124824677592,0.06664597718985181,0.0,0.5,0.5175898203592815,1,5,50,6966
AYTGG6XTVUG7G,0.24939124824677592,0.06664597718985181,0.0,0.5,0.5175898203592815,1,15,50,6967
A22HBQKBPEL4MF,0.24939124824677592,0.06664597718985181,0.0,0.5,0.5175898203592815,1,15,50,6968
A1UHTJ2NZ0IYJH,0.24939124824677592,0.06664597718985181,0.0,0.5,0.5175898203592815,1,5,50,6969
A51JHQZ0NEWA4,0.24939124824677592,0.06664597718985181,0.0,0.5,0.5175898203592815,1,5,50,6970
A38X3FR7G0B6EN,0.24939124824677592,0.06664597718985181,0.0,0.5,0.5175898203592815,1,5,50,6971
A2S3I1ELT364CQ,0.24939124824677592,0.06664597718985181,0.0,0.5,0.5175898203592815,1,5,50,6972
A1X0QMZ0M21J9U,0.24939124824677592,0.06664597718985181,0.0,0.5,0.5175898203592815,1,5,50,6973
A2A039TZMZHH9Y,0.24939124824677592,0.06664597718985181,0.0,0.5,0.5175898203592815,1,20,50,6974
A196D02N89FEK,0.24939124824677592,0.06664597718985181,0.0,0.5,0.5175898203592815,1,15,50,6975
A2WTKMK08CVXB0,0.24939124824677592,0.06664597718985181,0.0,0.5,0.5175898203592815,1,5,50,6976
A2WBEJH71SND3T,0.24939124824677592,0.06664597718985181,0.0,0.5,0.5175898203592815,1,15,50,6977
A15PL3C9OFSM1B,0.24939124824677592,0.06664597718985181,0.0,0.5,0.5175898203592815,1,15,50,6978
A2QHNWXQ4CU2J3,0.24939124824677592,0.06664597718985181,0.0,0.5,0.5175898203592815,1,5,50,6979
AHSBR2WTM4P1G,0.24939124824677592,0.06664597718985181,0.0,0.5,0.5175898203592815,1,20,50,6980
A1EN3TU8BPYH2B,0.24939124824677592,0.06664597718985181,0.0,0.5,0.5175898203592815,1,15,50,6981
A2ZPDPOF7M2PKN,0.24939124824677592,0.06664597718985181,0.0,0.5,0.5175898203592815,1,5,50,6982
A2LT6YBLXOV3YD,0.24939124824677592,0.06664597718985181,0.0,0.5,0.5175898203592815,1,5,50,6983
AOHNLSWSOLK8N,0.24929768537252442,0.06664597718985181,0.0,0.5,0.5172155688622755,1,0,49,6984
A24QH83RNAKZGR,0.24929768537252442,0.06664597718985181,0.0,0.5,0.5172155688622755,1,0,49,6985
ADD6H83G26BIW,0.24929768537252442,0.06664597718985181,0.0,0.5,0.5172155688622755,1,0,49,6986
A3TO0B7DNASJX7,0.24929768537252442,0.06664597718985181,0.0,0.5,0.5172155688622755,1,0,49,6987
A2EXIALPK106OW,0.24929768537252442,0.06664597718985181,0.0,0.5,0.5172155688622755,1,0,49,6988
A2ZL2WDFMDCJB7,0.24929768537252442,0.06664597718985181,0.0,0.5,0.5172155688622755,1,0,49,6989
A1BJQJZUQI20FC,0.24929768537252442,0.06664597718985181,0.0,0.5,0.5172155688622755,1,0,49,6990
A1CLCC5UY1S149,0.24929768537252442,0.06664597718985181,0.0,0.5,0.5172155688622755,1,0,49,6991
A7ED6BJO320TG,0.24929768537252442,0.06664597718985181,0.0,0.5,0.5172155688622755,1,0,49,6992
A1VGFVLWGGR4YX,0.24929768537252442,0.06664597718985181,0.0,0.5,0.5172155688622755,1,0,49,6993
A2TNTY0JVQGGBJ,0.24929768537252442,0.06664597718985181,0.0,0.5,0.5172155688622755,1,0,49,6994
A3K7A4GPMV3C22,0.24929768537252442,0.06664597718985181,0.0,0.5,0.5172155688622755,1,0,49,6995
A2R0PC25CYTJUW,0.24911110841851264,0.0005667767231891679,0.024203775484582454,0.5143652481887981,0.5600683275706027,2,0,250,6996
A37FCNU3EY6LZM,0.24911055962402143,0.06664597718985181,0.0,0.5,0.5164670658682635,1,23,47,6997
A3HDSPFMOCEUTA,0.24911055962402143,0.06664597718985181,0.0,0.5,0.5164670658682635,1,23,47,6998
A1H1WE211BQL7F,0.24911055962402143,0.06664597718985181,0.0,0.5,0.5164670658682635,1,23,47,6999
A3OYXL97N0ATAT,0.24911055962402143,0.06664597718985181,0.0,0.5,0.5164670658682635,1,23,47,7000
A2E8OEDYD88CN0,0.24911055962402143,0.06664597718985181,0.0,0.5,0.5164670658682635,1,23,47,7001
A13SAVYJLEH4D1,0.24911055962402143,0.06664597718985181,0.0,0.5,0.5164670658682635,1,23,47,7002
A1FLK39UE4Q0UW,0.24911055962402143,0.06664597718985181,0.0,0.5,0.5164670658682635,1,23,47,7003
A6MB1MKAGJ3G4,0.24911055962402143,0.06664597718985181,0.0,0.5,0.5164670658682635,1,23,47,7004
A3NNNU01JEZDUC,0.24911055962402143,0.06664597718985181,0.0,0.5,0.5164670658682635,1,23,47,7005
A20OQMLRFNZADL,0.24911055962402143,0.06664597718985181,0.0,0.5,0.5164670658682635,1,23,47,7006
A2XLEVG4HE14CQ,0.24911055962402143,0.06664597718985181,0.0,0.5,0.5164670658682635,1,23,47,7007
A3CW2UZMZ4I0MI,0.24911055962402143,0.06664597718985181,0.0,0.5,0.5164670658682635,1,23,47,7008
A10M0GF5ZFODYU,0.24911055962402143,0.06664597718985181,0.0,0.5,0.5164670658682635,1,23,47,7009
A1SUJD55AUD0S7,0.24911055962402143,0.06664597718985181,0.0,0.5,0.5164670658682635,1,23,47,7010
A3C25PH9AWIHKO,0.24911055962402143,0.06664597718985181,0.0,0.5,0.5164670658682635,1,23,47,7011
A1RLSO6B5APQH4,0.24911055962402143,0.06664597718985181,0.0,0.5,0.5164670658682635,1,23,47,7012
A1MFVAHTT2BHM0,0.24911055962402143,0.06664597718985181,0.0,0.5,0.5164670658682635,1,23,47,7013
A32LY2NXFZD2J7,0.24911055962402143,0.06664597718985181,0.0,0.5,0.5164670658682635,1,23,47,7014
A974M938BZ9HE,0.24911055962402143,0.06664597718985181,0.0,0.5,0.5164670658682635,1,23,47,7015
A3YJX1TWOHVDA,0.24911055962402143,0.06664597718985181,0.0,0.5,0.5164670658682635,1,23,47,7016
A2CI4FAG7AVRVA,0.24911055962402143,0.06664597718985181,0.0,0.5,0.5164670658682635,1,23,47,7017
A10MVAVRS0Y91,0.24911055962402143,0.06664597718985181,0.0,0.5,0.5164670658682635,1,23,47,7018
A16II8I82LUNW,0.24911055962402143,0.06664597718985181,0.0,0.5,0.5164670658682635,1,23,47,7019
A1LCLRSPWAMYLE,0.24911055962402143,0.06664597718985181,0.0,0.5,0.5164670658682635,1,23,47,7020
A2OYSRFTFIJSE,0.24911055962402143,0.06664597718985181,0.0,0.5,0.5164670658682635,1,23,47,7021
A3P8ZDHC7XSKSE,0.24911055962402143,0.06664597718985181,0.0,0.5,0.5164670658682635,1,23,47,7022
A3IULQ4N5W3G93,0.24911055962402143,0.06664597718985181,0.0,0.5,0.5164670658682635,1,23,47,7023
A204ETWOV23HO4,0.2490790337634145,0.12173980566526295,0.1486062002392396,0.4821317269738704,0.31591678643700655,7,0,484,7024
A3M2OUAMHNVUGQ,0.24892343387551844,0.06664597718985181,0.0,0.5,0.5157185628742516,1,9,45,7025
A18BVW63F1Y9QX,0.24892343387551844,0.06664597718985181,0.0,0.5,0.5157185628742516,1,12,45,7026
AGXMC3ITWZASE,0.24892343387551844,0.06664597718985181,0.0,0.5,0.5157185628742516,1,9,45,7027
A1RQEQ9N5YLNLU,0.24892343387551844,0.06664597718985181,0.0,0.5,0.5157185628742516,1,9,45,7028
A3KTWXWO9MYIYB,0.24892343387551844,0.06664597718985181,0.0,0.5,0.5157185628742516,1,9,45,7029
ASV6KRCHWHOU2,0.24892343387551844,0.06664597718985181,0.0,0.5,0.5157185628742516,1,9,45,7030
A1Y9VZ0TXTSWWD,0.24892343387551844,0.06664597718985181,0.0,0.5,0.5157185628742516,1,12,45,7031
AOWOA4AKT3AST,0.24892343387551844,0.06664597718985181,0.0,0.5,0.5157185628742516,1,9,45,7032
A2T0WZOJ59N7AD,0.24892343387551844,0.06664597718985181,0.0,0.5,0.5157185628742516,1,9,45,7033
A3K8QGDWJ22EOX,0.24892343387551844,0.06664597718985181,0.0,0.5,0.5157185628742516,1,9,45,7034
A3M3CZ0MVUOED0,0.24892343387551844,0.06664597718985181,0.0,0.5,0.5157185628742516,1,12,45,7035
A2QLAROSHRF0W3,0.24892343387551844,0.06664597718985181,0.0,0.5,0.5157185628742516,1,12,45,7036
AMTY878WRNJR,0.24892343387551844,0.06664597718985181,0.0,0.5,0.5157185628742516,1,9,45,7037
A2YDNC4J5GUZL9,0.24892343387551844,0.06664597718985181,0.0,0.5,0.5157185628742516,1,9,45,7038
A1QGK864IJ2PQ8,0.24892343387551844,0.06664597718985181,0.0,0.5,0.5157185628742516,1,9,45,7039
A7JQDI5K9XZY8,0.24892343387551844,0.06664597718985181,0.0,0.5,0.5157185628742516,1,9,45,7040
A920ZPU0N924N,0.2488298710012669,0.06664597718985181,0.0,0.5,0.5153443113772455,1,5,44,7041
A1NJU0V7QHV2LT,0.2488298710012669,0.06664597718985181,0.0,0.5,0.5153443113772455,1,5,44,7042
A3PG25TW442I33,0.2488298710012669,0.06664597718985181,0.0,0.5,0.5153443113772455,1,5,44,7043
A22W70BE1TM55T,0.2488298710012669,0.06664597718985181,0.0,0.5,0.5153443113772455,1,5,44,7044
A3AWPDBQLK3SZ8,0.2488298710012669,0.06664597718985181,0.0,0.5,0.5153443113772455,1,5,44,7045
A1FLNRFSXRF3QQ,0.2488298710012669,0.06664597718985181,0.0,0.5,0.5153443113772455,1,5,44,7046
A2D5UR2N8TYK17,0.2488298710012669,0.06664597718985181,0.0,0.5,0.5153443113772455,1,5,44,7047
A27WE8BLO92HGW,0.2488298710012669,0.06664597718985181,0.0,0.5,0.5153443113772455,1,5,44,7048
A2R6SB61DQ1VXU,0.2488298710012669,0.06664597718985181,0.0,0.5,0.5153443113772455,1,5,44,7049
A24SDFQWN8HVAK,0.2488298710012669,0.06664597718985181,0.0,0.5,0.5153443113772455,1,5,44,7050
A2TCM8INS6BA74,0.2488298710012669,0.06664597718985181,0.0,0.5,0.5153443113772455,1,5,44,7051
A3DGJMO6VPG6FJ,0.2488298710012669,0.06664597718985181,0.0,0.5,0.5153443113772455,1,5,44,7052
A2VK5XXNEQTXLC,0.2488298710012669,0.06664597718985181,0.0,0.5,0.5153443113772455,1,5,44,7053
A2MPLELJPDNTUQ,0.2488298710012669,0.06664597718985181,0.0,0.5,0.5153443113772455,1,5,44,7054
A3DHCTLD4XJJIG,0.2488298710012669,0.06664597718985181,0.0,0.5,0.5153443113772455,1,5,44,7055
A1ZE020J0M1603,0.2488298710012669,0.06664597718985181,0.0,0.5,0.5153443113772455,1,5,44,7056
A3PY3AMUYBA2RZ,0.2488298710012669,0.06664597718985181,0.0,0.5,0.5153443113772455,1,5,44,7057
A3G01RI3MUWWQ6,0.2488298710012669,0.06664597718985181,0.0,0.5,0.5153443113772455,1,5,44,7058
A3PZR1PPVVQC6C,0.2488298710012669,0.06664597718985181,0.0,0.5,0.5153443113772455,1,5,44,7059
A2S6QXXEDVCZHY,0.2488298710012669,0.06664597718985181,0.0,0.5,0.5153443113772455,1,5,44,7060
A1M0M3TOS6CD1A,0.24873630812701542,0.06664597718985181,0.0,0.5,0.5149700598802395,1,2,43,7061
AI19J9P1TH9UD,0.24873630812701542,0.06664597718985181,0.0,0.5,0.5149700598802395,1,2,43,7062
A34N4IZ2X6V08N,0.24873630812701542,0.06664597718985181,0.0,0.5,0.5149700598802395,1,2,43,7063
A2RA2SK1H0WLQG,0.24873630812701542,0.06664597718985181,0.0,0.5,0.5149700598802395,1,2,43,7064
A1PEITQQFYXYLM,0.24873630812701542,0.06664597718985181,0.0,0.5,0.5149700598802395,1,2,43,7065
AB5E23ZV79CVZ,0.24873630812701542,0.06664597718985181,0.0,0.5,0.5149700598802395,1,2,43,7066
A2V8WQ7E1OD7XL,0.24873630812701542,0.06664597718985181,0.0,0.5,0.5149700598802395,1,2,43,7067
A3W4D8XOGLWUN5,0.24873630812701542,0.06664597718985181,0.0,0.5,0.5149700598802395,1,2,43,7068
A2OLJ3NHHOHCHQ,0.24873630812701542,0.06664597718985181,0.0,0.5,0.5149700598802395,1,2,43,7069
A14344GE7UZNTJ,0.24873630812701542,0.06664597718985181,0.0,0.5,0.5149700598802395,1,2,43,7070
A2OZ96KRM10ST1,0.24873630812701542,0.06664597718985181,0.0,0.5,0.5149700598802395,1,2,43,7071
A1XJF5OXN7NWGG,0.24873630812701542,0.06664597718985181,0.0,0.5,0.5149700598802395,1,2,43,7072
A1XMNRX9WW7JXR,0.24873630812701542,0.06664597718985181,0.0,0.5,0.5149700598802395,1,2,43,7073
AF9WWJL5J3NIU,0.24873630812701542,0.06664597718985181,0.0,0.5,0.5149700598802395,1,2,43,7074
A3K129H6GAF9E8,0.24873630812701542,0.06664597718985181,0.0,0.5,0.5149700598802395,1,2,43,7075
A5135DZW9GC8X,0.24873630812701542,0.06664597718985181,0.0,0.5,0.5149700598802395,1,2,43,7076
A551XNTLYOHAS,0.24873630812701542,0.06664597718985181,0.0,0.5,0.5149700598802395,1,2,43,7077
A2IQTGLZ3PIWAM,0.24873630812701542,0.06664597718985181,0.0,0.5,0.5149700598802395,1,2,43,7078
AUPCERMZ6ASML,0.24873630812701542,0.06664597718985181,0.0,0.5,0.5149700598802395,1,2,43,7079
A1K1YV2K1958SE,0.24873630812701542,0.06664597718985181,0.0,0.5,0.5149700598802395,1,2,43,7080
A30UHM6OOPVHNA,0.24873630812701542,0.06664597718985181,0.0,0.5,0.5149700598802395,1,2,43,7081
A1GLMR6A34M0VV,0.24873630812701542,0.06664597718985181,0.0,0.5,0.5149700598802395,1,2,43,7082
A187S6RMLW86N,0.24873630812701542,0.06664597718985181,0.0,0.5,0.5149700598802395,1,2,43,7083
A2886U6R12OVNQ,0.24870996628861508,0.002025579355085135,0.028283665467760837,0.5143652481887981,0.5526333059095588,2,3,573,7084
A25X6171VCSJQH,0.24864274525276392,0.06664597718985181,0.0,0.5,0.5145958083832335,1,0,42,7085
A1EUNXD1YH4P25,0.24864274525276392,0.06664597718985181,0.0,0.5,0.5145958083832335,1,0,42,7086
A87W2NKSYDMD6,0.24864274525276392,0.06664597718985181,0.0,0.5,0.5145958083832335,1,0,42,7087
AJSEA417DJA2U,0.24864274525276392,0.06664597718985181,0.0,0.5,0.5145958083832335,1,0,42,7088
A1AQ8JT2A3UWMY,0.24864274525276392,0.06664597718985181,0.0,0.5,0.5145958083832335,1,0,42,7089
A3PIPAS3M7YLQC,0.24864274525276392,0.06664597718985181,0.0,0.5,0.5145958083832335,1,7,42,7090
A2749BTS2KRMVH,0.24864274525276392,0.06664597718985181,0.0,0.5,0.5145958083832335,1,7,42,7091
A2QYH0JNDSB7CT,0.24864274525276392,0.06664597718985181,0.0,0.5,0.5145958083832335,1,7,42,7092
A9HYSJ3D0D6I2,0.24864274525276392,0.06664597718985181,0.0,0.5,0.5145958083832335,1,7,42,7093
A1HO6RWO0CRWBB,0.24864274525276392,0.06664597718985181,0.0,0.5,0.5145958083832335,1,0,42,7094
AHU88DJO03XZ7,0.24864274525276392,0.06664597718985181,0.0,0.5,0.5145958083832335,1,7,42,7095
A2BD5KVPI6CSPU,0.24864274525276392,0.06664597718985181,0.0,0.5,0.5145958083832335,1,7,42,7096
A6VFSC0BW75Y0,0.24864274525276392,0.06664597718985181,0.0,0.5,0.5145958083832335,1,7,42,7097
A1I0MV8SWXSWDQ,0.24864274525276392,0.06664597718985181,0.0,0.5,0.5145958083832335,1,7,42,7098
AOK5FZT22IF3W,0.24864274525276392,0.06664597718985181,0.0,0.5,0.5145958083832335,1,0,42,7099
AL2XB3XNNUV9J,0.24864274525276392,0.06664597718985181,0.0,0.5,0.5145958083832335,1,7,42,7100
A2XIOXRRYX0KZY,0.24864274525276392,0.06664597718985181,0.0,0.5,0.5145958083832335,1,7,42,7101
AQNEQQ96MKX3Y,0.24864274525276392,0.06664597718985181,0.0,0.5,0.5145958083832335,1,7,42,7102
A1A5KUIIIHFF4U,0.24864274525276392,0.06664597718985181,0.0,0.5,0.5145958083832335,1,7,42,7103
A1ZJF8YB4LZ356,0.24864274525276392,0.06664597718985181,0.0,0.5,0.5145958083832335,1,7,42,7104
A1E3OB6QMBKRYZ,0.24864274525276392,0.06664597718985181,0.0,0.5,0.5145958083832335,1,7,42,7105
A1SA2FGQE2INBK,0.24864274525276392,0.06664597718985181,0.0,0.5,0.5145958083832335,1,0,42,7106
A2ILMCJBXWF5TS,0.24864274525276392,0.06664597718985181,0.0,0.5,0.5145958083832335,1,7,42,7107
A1H2KQF6MKA1DJ,0.24864274525276392,0.06664597718985181,0.0,0.5,0.5145958083832335,1,0,42,7108
AGCWHENEQYV5N,0.24854918237851242,0.06664597718985181,0.0,0.5,0.5142215568862275,1,0,41,7109
AZOTUFIYPVNDT,0.24854918237851242,0.06664597718985181,0.0,0.5,0.5142215568862275,1,0,41,7110
AI0NMYA3LKXW1,0.24854918237851242,0.06664597718985181,0.0,0.5,0.5142215568862275,1,0,41,7111
A3C85GXT2Q6IG1,0.24854918237851242,0.06664597718985181,0.0,0.5,0.5142215568862275,1,0,41,7112
A3L61G6N7AT8N2,0.24854918237851242,0.06664597718985181,0.0,0.5,0.5142215568862275,1,0,41,7113
A2UHIN9H9DDZMX,0.24845561950426093,0.06664597718985181,0.0,0.5,0.5138473053892215,1,7,40,7114
A1E7VTRDMI4XMV,0.24845561950426093,0.06664597718985181,0.0,0.5,0.5138473053892215,1,2,40,7115
A1IK1ZTDHJS6WW,0.24845561950426093,0.06664597718985181,0.0,0.5,0.5138473053892215,1,7,40,7116
A2ZY49IDE6TY5I,0.24845561950426093,0.06664597718985181,0.0,0.5,0.5138473053892215,1,2,40,7117
A2YCEKVUN1W5F1,0.24845561950426093,0.06664597718985181,0.0,0.5,0.5138473053892215,1,7,40,7118
A2KV9CT1CGLC1E,0.24845561950426093,0.06664597718985181,0.0,0.5,0.5138473053892215,1,7,40,7119
A2YQN0Z573XRC1,0.24845561950426093,0.06664597718985181,0.0,0.5,0.5138473053892215,1,7,40,7120
A20Y7REXQZ1REW,0.24845561950426093,0.06664597718985181,0.0,0.5,0.5138473053892215,1,7,40,7121
A343QC2O211PHA,0.24845561950426093,0.06664597718985181,0.0,0.5,0.5138473053892215,1,7,40,7122
A1MYO26LV8X7JI,0.24845561950426093,0.06664597718985181,0.0,0.5,0.5138473053892215,1,7,40,7123
APB1VAE7P1CAV,0.24845561950426093,0.06664597718985181,0.0,0.5,0.5138473053892215,1,2,40,7124
A2OXV9Q03XSKV6,0.24845561950426093,0.06664597718985181,0.0,0.5,0.5138473053892215,1,2,40,7125
A35SXNALXC54WU,0.24845561950426093,0.06664597718985181,0.0,0.5,0.5138473053892215,1,2,40,7126
A2ICT9A9NFH6X8,0.24845561950426093,0.06664597718985181,0.0,0.5,0.5138473053892215,1,7,40,7127
A2ICKE6A3MJMM5,0.24845561950426093,0.06664597718985181,0.0,0.5,0.5138473053892215,1,7,40,7128
A4WCZVA328QB4,0.24845561950426093,0.06664597718985181,0.0,0.5,0.5138473053892215,1,7,40,7129
A1LHCUV1YEFCDV,0.24845561950426093,0.06664597718985181,0.0,0.5,0.5138473053892215,1,7,40,7130
AUWG3HK4IAG92,0.24845561950426093,0.06664597718985181,0.0,0.5,0.5138473053892215,1,7,40,7131
A1RR8ZVMBHQFIJ,0.24845561950426093,0.06664597718985181,0.0,0.5,0.5138473053892215,1,7,40,7132
APWARS0L4QGPC,0.24845561950426093,0.06664597718985181,0.0,0.5,0.5138473053892215,1,7,40,7133
A20X3J5AMM7FHE,0.24845561950426093,0.06664597718985181,0.0,0.5,0.5138473053892215,1,7,40,7134
A3IROM8JD6KAVG,0.24845561950426093,0.06664597718985181,0.0,0.5,0.5138473053892215,1,7,40,7135
A28MT6UWXNPW8P,0.24845561950426093,0.06664597718985181,0.0,0.5,0.5138473053892215,1,7,40,7136
A3JO38KMWIUHX8,0.24845561950426093,0.06664597718985181,0.0,0.5,0.5138473053892215,1,2,40,7137
A1561RLF0OTK39,0.24845561950426093,0.06664597718985181,0.0,0.5,0.5138473053892215,1,2,40,7138
A1BDZE0TP6L492,0.24845561950426093,0.06664597718985181,0.0,0.5,0.5138473053892215,1,7,40,7139
AES2AZFVTXKBZ,0.24845561950426093,0.06664597718985181,0.0,0.5,0.5138473053892215,1,7,40,7140
A3G7BEJJCPD6DS,0.24845561950426093,0.06664597718985181,0.0,0.5,0.5138473053892215,1,7,40,7141
A9J3LMY955WKJ,0.24845561950426093,0.06664597718985181,0.0,0.5,0.5138473053892215,1,7,40,7142
AJQRYTPV3JK3C,0.24845561950426093,0.06664597718985181,0.0,0.5,0.5138473053892215,1,7,40,7143
A2TDEHV2JAV4VS,0.24845561950426093,0.06664597718985181,0.0,0.5,0.5138473053892215,1,7,40,7144
A2JWDEMXQ8SQTI,0.24845561950426093,0.06664597718985181,0.0,0.5,0.5138473053892215,1,7,40,7145
A1K4G5YJDJQI6Q,0.24845561950426093,0.06664597718985181,0.0,0.5,0.5138473053892215,1,7,40,7146
AQGUDK0MSQ95L,0.24845561950426093,0.06664597718985181,0.0,0.5,0.5138473053892215,1,7,40,7147
A1O3FYVHHWC8CJ,0.24845561950426093,0.06664597718985181,0.0,0.5,0.5138473053892215,1,2,40,7148
AMGGZCWY3VNZC,0.24845561950426093,0.06664597718985181,0.0,0.5,0.5138473053892215,1,7,40,7149
AV90JD8C9IUD0,0.24845561950426093,0.06664597718985181,0.0,0.5,0.5138473053892215,1,7,40,7150
A23ZWJ9CS8OG30,0.24845561950426093,0.06664597718985181,0.0,0.5,0.5138473053892215,1,7,40,7151
A240MCV0HMI7VP,0.24845561950426093,0.06664597718985181,0.0,0.5,0.5138473053892215,1,2,40,7152
A2IAD8XA81CQWQ,0.24845561950426093,0.06664597718985181,0.0,0.5,0.5138473053892215,1,7,40,7153
A1HZWHI3JLGZ5N,0.24845561950426093,0.06664597718985181,0.0,0.5,0.5138473053892215,1,7,40,7154
ARBCOEQNK389G,0.24845561950426093,0.06664597718985181,0.0,0.5,0.5138473053892215,1,2,40,7155
A3FV80G5TGF2YN,0.24845561950426093,0.06664597718985181,0.0,0.5,0.5138473053892215,1,7,40,7156
A1423HNZ15ZCQZ,0.24841822695542745,0.00011955110716762613,0.05759701635260005,0.5143652481887981,0.5244402315894701,2,7,472,7157
A3TPEPYMO2GFN7,0.24836205663000943,0.06664597718985181,0.0,0.5,0.5134730538922155,1,9,39,7158
A3QA0BBQW08DLZ,0.24836205663000943,0.06664597718985181,0.0,0.5,0.5134730538922155,1,9,39,7159
A2GZBRT6DBCCZY,0.24836205663000943,0.06664597718985181,0.0,0.5,0.5134730538922155,1,9,39,7160
A21VM9WVF8EOSJ,0.24836205663000943,0.06664597718985181,0.0,0.5,0.5134730538922155,1,9,39,7161
AKXT3E60ZZQCY,0.24836205663000943,0.06664597718985181,0.0,0.5,0.5134730538922155,1,9,39,7162
A2LH14QP9ZKF3G,0.24836205663000943,0.06664597718985181,0.0,0.5,0.5134730538922155,1,9,39,7163
A2PMSS7I2J8ZBE,0.24836205663000943,0.06664597718985181,0.0,0.5,0.5134730538922155,1,9,39,7164
A1T7TGDFADVX6Q,0.24836205663000943,0.06664597718985181,0.0,0.5,0.5134730538922155,1,9,39,7165
AFFQ5K0IT2H0L,0.24826849375575794,0.06664597718985181,0.0,0.5,0.5130988023952096,1,0,38,7166
ALUV2YKWZENKK,0.24826849375575794,0.06664597718985181,0.0,0.5,0.5130988023952096,1,0,38,7167
A11D3W4CFYZNHM,0.24826849375575794,0.06664597718985181,0.0,0.5,0.5130988023952096,1,0,38,7168
A2R6F8XP2DL6RC,0.24826849375575794,0.06664597718985181,0.0,0.5,0.5130988023952096,1,0,38,7169
AH8NYD41MAT61,0.24826849375575794,0.06664597718985181,0.0,0.5,0.5130988023952096,1,0,38,7170
A268WAQS5WNMGJ,0.24826849375575794,0.06664597718985181,0.0,0.5,0.5130988023952096,1,0,38,7171
A2H2VSTCFJMMTP,0.24826849375575794,0.06664597718985181,0.0,0.5,0.5130988023952096,1,0,38,7172
A3EJDV2RTFROU4,0.24826849375575794,0.06664597718985181,0.0,0.5,0.5130988023952096,1,0,38,7173
A11HV501OX9MNV,0.24826849375575794,0.06664597718985181,0.0,0.5,0.5130988023952096,1,0,38,7174
A2J0SM6KGZKSS8,0.24817493088150644,0.06664597718985181,0.0,0.5,0.5127245508982036,1,1,37,7175
AEF4USLDQB9WG,0.24817493088150644,0.06664597718985181,0.0,0.5,0.5127245508982036,1,2,37,7176
A3KOJO1L2VCAV,0.24817493088150644,0.06664597718985181,0.0,0.5,0.5127245508982036,1,2,37,7177
A14RFF9JUIM34U,0.24817493088150644,0.06664597718985181,0.0,0.5,0.5127245508982036,1,1,37,7178
A9PYOVIOGN5JL,0.24817493088150644,0.06664597718985181,0.0,0.5,0.5127245508982036,1,2,37,7179
A124ZQ5I18IAB,0.24817493088150644,0.06664597718985181,0.0,0.5,0.5127245508982036,1,2,37,7180
A337NTGIG1VMB5,0.24817493088150644,0.06664597718985181,0.0,0.5,0.5127245508982036,1,2,37,7181
A110PC8C5Y7MQD,0.24817493088150644,0.06664597718985181,0.0,0.5,0.5127245508982036,1,2,37,7182
A32DT10X9WS4D0,0.24817493088150644,0.06664597718985181,0.0,0.5,0.5127245508982036,1,2,37,7183
A33AQU9PASHWOZ,0.24817493088150644,0.06664597718985181,0.0,0.5,0.5127245508982036,1,2,37,7184
A3GOSA8HXJ6IHZ,0.24817493088150644,0.06664597718985181,0.0,0.5,0.5127245508982036,1,2,37,7185
A29GWIJL72GXXZ,0.24817493088150644,0.06664597718985181,0.0,0.5,0.5127245508982036,1,1,37,7186
APJB1OLRJC53N,0.24817493088150644,0.06664597718985181,0.0,0.5,0.5127245508982036,1,2,37,7187
A2E2BMXO5WCNNJ,0.24817493088150644,0.06664597718985181,0.0,0.5,0.5127245508982036,1,1,37,7188
A6Z5D6RNFVHEP,0.24817493088150644,0.06664597718985181,0.0,0.5,0.5127245508982036,1,1,37,7189
AU7L8ZYYMSNRQ,0.24817493088150644,0.06664597718985181,0.0,0.5,0.5127245508982036,1,2,37,7190
ATGYH0TKHY9A1,0.24817493088150644,0.06664597718985181,0.0,0.5,0.5127245508982036,1,2,37,7191
A3KKULCHWGLL5Q,0.24817493088150644,0.06664597718985181,0.0,0.5,0.5127245508982036,1,1,37,7192
A96AON1A885W9,0.24817493088150644,0.06664597718985181,0.0,0.5,0.5127245508982036,1,2,37,7193
AYMBN5CC7IUK7,0.24817493088150644,0.06664597718985181,0.0,0.5,0.5127245508982036,1,2,37,7194
A1YQLAR46BS347,0.24808136800725494,0.06664597718985181,0.0,0.5,0.5123502994011976,1,0,36,7195
A38R4BGASLLTE1,0.24808136800725494,0.06664597718985181,0.0,0.5,0.5123502994011976,1,0,36,7196
A26X7W5UM5QFT4,0.24808136800725494,0.06664597718985181,0.0,0.5,0.5123502994011976,1,0,36,7197
AOUB4XH2J80FN,0.24808136800725494,0.06664597718985181,0.0,0.5,0.5123502994011976,1,0,36,7198
AOI57C0MJUT6J,0.24808136800725494,0.06664597718985181,0.0,0.5,0.5123502994011976,1,0,36,7199
A3SY619VFSOOZY,0.24808136800725494,0.06664597718985181,0.0,0.5,0.5123502994011976,1,0,36,7200
A11KZ906QD08C5,0.24808136800725494,0.06664597718985181,0.0,0.5,0.5123502994011976,1,0,36,7201
A1PRYEYET17MPW,0.24808136800725494,0.06664597718985181,0.0,0.5,0.5123502994011976,1,0,36,7202
A2QDZ4P82VRC00,0.24808136800725494,0.06664597718985181,0.0,0.5,0.5123502994011976,1,0,36,7203
A1X3T9VBU5GQX4,0.24808136800725494,0.06664597718985181,0.0,0.5,0.5123502994011976,1,0,36,7204
A1P3LH0J7QS8DO,0.24808136800725494,0.06664597718985181,0.0,0.5,0.5123502994011976,1,0,36,7205
A3IJMGVOWPBCPJ,0.24808136800725494,0.06664597718985181,0.0,0.5,0.5123502994011976,1,0,36,7206
AC5OU76YOTP4F,0.24808136800725494,0.06664597718985181,0.0,0.5,0.5123502994011976,1,0,36,7207
A2U3HFFK3XQZOG,0.24808136800725494,0.06664597718985181,0.0,0.5,0.5123502994011976,1,0,36,7208
AAVSIY28BPKGV,0.24808136800725494,0.06664597718985181,0.0,0.5,0.5123502994011976,1,0,36,7209
A370ZOS3HOG1JH,0.24808136800725494,0.06664597718985181,0.0,0.5,0.5123502994011976,1,0,36,7210
A3SL7UWG7Z4H4T,0.24808136800725494,0.06664597718985181,0.0,0.5,0.5123502994011976,1,0,36,7211
A1LC6X68UIRTSN,0.24808136800725494,0.06664597718985181,0.0,0.5,0.5123502994011976,1,0,36,7212
A19RE9LBQIX90B,0.24808136800725494,0.06664597718985181,0.0,0.5,0.5123502994011976,1,0,36,7213
AZRJH4JFB59VC,0.24801603928390953,0.004912792897379237,0.06895512446360796,0.5143652481887981,0.5057214826441365,2,0,266,7214
A3J5E2VJRG6KO6,0.24798780513300345,0.06664597718985181,0.0,0.5,0.5119760479041916,1,0,35,7215
A1A14CF173OQJ4,0.24798780513300345,0.06664597718985181,0.0,0.5,0.5119760479041916,1,0,35,7216
A1CKJBI0HE140F,0.24798780513300345,0.06664597718985181,0.0,0.5,0.5119760479041916,1,5,35,7217
A3C4ZHX8UM3FGA,0.24798780513300345,0.06664597718985181,0.0,0.5,0.5119760479041916,1,5,35,7218
A1RN6WJRZDOTZL,0.24798780513300345,0.06664597718985181,0.0,0.5,0.5119760479041916,1,0,35,7219
A2D9GMF2DUV4S0,0.24798780513300345,0.06664597718985181,0.0,0.5,0.5119760479041916,1,5,35,7220
A1TNB51HOW0V8Q,0.24798780513300345,0.06664597718985181,0.0,0.5,0.5119760479041916,1,5,35,7221
A333CVW40B69M4,0.24798780513300345,0.06664597718985181,0.0,0.5,0.5119760479041916,1,5,35,7222
A2X34LIRHZ7OIN,0.24798780513300345,0.06664597718985181,0.0,0.5,0.5119760479041916,1,5,35,7223
APDDHVTJHY2JL,0.24798780513300345,0.06664597718985181,0.0,0.5,0.5119760479041916,1,5,35,7224
AUFX5ZHXKCQ8V,0.24798780513300345,0.06664597718985181,0.0,0.5,0.5119760479041916,1,0,35,7225
A2ZG7SSHO1VKI4,0.24798780513300345,0.06664597718985181,0.0,0.5,0.5119760479041916,1,0,35,7226
A24QX6M2GAHF0T,0.24798780513300345,0.06664597718985181,0.0,0.5,0.5119760479041916,1,0,35,7227
A3HCGSOLAHATVQ,0.24798780513300345,0.06664597718985181,0.0,0.5,0.5119760479041916,1,5,35,7228
A2VCW0573Q0GW0,0.24798780513300345,0.06664597718985181,0.0,0.5,0.5119760479041916,1,0,35,7229
A3QU3O79AGNWCY,0.24798780513300345,0.06664597718985181,0.0,0.5,0.5119760479041916,1,5,35,7230
AGIBNCDLA1IS2,0.24798780513300345,0.06664597718985181,0.0,0.5,0.5119760479041916,1,5,35,7231
A1ESBJOHHB8LFN,0.24798780513300345,0.06664597718985181,0.0,0.5,0.5119760479041916,1,5,35,7232
A200J986WKWH08,0.24797561857520356,0.013308505961155506,0.0,0.5143652481887981,0.5644400685963892,2,0,249,7233
A29S1MTFU2DJMW,0.24789424225875195,0.06664597718985181,0.0,0.5,0.5116017964071856,1,0,34,7234
AIGZW643OAYGT,0.24789424225875195,0.06664597718985181,0.0,0.5,0.5116017964071856,1,2,34,7235
A1VK452U9ILPCZ,0.24789424225875195,0.06664597718985181,0.0,0.5,0.5116017964071856,1,0,34,7236
A2ZT1CSHU62UOL,0.24789424225875195,0.06664597718985181,0.0,0.5,0.5116017964071856,1,2,34,7237
A2SD0UPTBP3T0F,0.24789424225875195,0.06664597718985181,0.0,0.5,0.5116017964071856,1,9,34,7238
A4MQ4HZF3Q7JV,0.24789424225875195,0.06664597718985181,0.0,0.5,0.5116017964071856,1,2,34,7239
A25KZDHFZKWC4V,0.24789424225875195,0.06664597718985181,0.0,0.5,0.5116017964071856,1,2,34,7240
A3HCPK54FATFO4,0.24789424225875195,0.06664597718985181,0.0,0.5,0.5116017964071856,1,0,34,7241
A1Y4EWMUTW73GD,0.24789424225875195,0.06664597718985181,0.0,0.5,0.5116017964071856,1,9,34,7242
AN92U23LYTQBR,0.24789424225875195,0.06664597718985181,0.0,0.5,0.5116017964071856,1,2,34,7243
A2IBK009X2XXDH,0.24789424225875195,0.06664597718985181,0.0,0.5,0.5116017964071856,1,2,34,7244
A2IN1WZFQAC298,0.24789424225875195,0.06664597718985181,0.0,0.5,0.5116017964071856,1,2,34,7245
A34WISS43CVLDP,0.24789424225875195,0.06664597718985181,0.0,0.5,0.5116017964071856,1,2,34,7246
A3O1TDMJJOJFKG,0.24789424225875195,0.06664597718985181,0.0,0.5,0.5116017964071856,1,9,34,7247
A20ORTSQTEQX0Y,0.24789424225875195,0.06664597718985181,0.0,0.5,0.5116017964071856,1,2,34,7248
A1FQUFDI4Y67I2,0.24789424225875195,0.06664597718985181,0.0,0.5,0.5116017964071856,1,2,34,7249
A12Q2ZZJFKNQ4S,0.24789424225875195,0.06664597718985181,0.0,0.5,0.5116017964071856,1,9,34,7250
A2P0SF8FSBIOKM,0.24789424225875195,0.06664597718985181,0.0,0.5,0.5116017964071856,1,0,34,7251
A3QHAJV442WLZ2,0.24789424225875195,0.06664597718985181,0.0,0.5,0.5116017964071856,1,2,34,7252
A21YQTAQRSGPNN,0.24789424225875195,0.06664597718985181,0.0,0.5,0.5116017964071856,1,2,34,7253
A1L7I7J1A2GBL6,0.24789424225875195,0.06664597718985181,0.0,0.5,0.5116017964071856,1,0,34,7254
A21RO7OWHHHUOK,0.24789424225875195,0.06664597718985181,0.0,0.5,0.5116017964071856,1,2,34,7255
A1VDWRJEBBIGWH,0.24789424225875195,0.06664597718985181,0.0,0.5,0.5116017964071856,1,0,34,7256
AQQA2GTK78VI2,0.24789424225875195,0.06664597718985181,0.0,0.5,0.5116017964071856,1,2,34,7257
A9IP685WQXGQ2,0.24789424225875195,0.06664597718985181,0.0,0.5,0.5116017964071856,1,2,34,7258
ALKT8NT9YS9MR,0.24789424225875195,0.06664597718985181,0.0,0.5,0.5116017964071856,1,2,34,7259
AHYETNMIB00GK,0.24789424225875195,0.06664597718985181,0.0,0.5,0.5116017964071856,1,0,34,7260
A1RQWM3PIX7XS4,0.24789424225875195,0.06664597718985181,0.0,0.5,0.5116017964071856,1,9,34,7261
A2CX79FL19TP46,0.24789424225875195,0.06664597718985181,0.0,0.5,0.5116017964071856,1,2,34,7262
A31E19FNC235UQ,0.24789424225875195,0.06664597718985181,0.0,0.5,0.5116017964071856,1,9,34,7263
A16EQGG2OZD7AE,0.24789424225875195,0.06664597718985181,0.0,0.5,0.5116017964071856,1,0,34,7264
A2QJ3GNQ3SYKCQ,0.24789424225875195,0.06664597718985181,0.0,0.5,0.5116017964071856,1,2,34,7265
ACSCECQJQNT5I,0.24789424225875195,0.06664597718985181,0.0,0.5,0.5116017964071856,1,2,34,7266
A2U0ZD08F7EJ87,0.24789424225875195,0.06664597718985181,0.0,0.5,0.5116017964071856,1,2,34,7267
A3SZ4CWC3X19SI,0.24789424225875195,0.06664597718985181,0.0,0.5,0.5116017964071856,1,2,34,7268
A9WFV9DEWY4S0,0.24789424225875195,0.06664597718985181,0.0,0.5,0.5116017964071856,1,2,34,7269
A2KHUQBX39VZC3,0.24789424225875195,0.06664597718985181,0.0,0.5,0.5116017964071856,1,0,34,7270
A20Y4QKFFH7A2X,0.24789424225875195,0.06664597718985181,0.0,0.5,0.5116017964071856,1,0,34,7271
A3JHBKWQWS36YL,0.24789424225875195,0.06664597718985181,0.0,0.5,0.5116017964071856,1,2,34,7272
A1FRPICT2SH2LH,0.24789424225875195,0.06664597718985181,0.0,0.5,0.5116017964071856,1,0,34,7273
A3SNB53I64J9N5,0.24789424225875195,0.06664597718985181,0.0,0.5,0.5116017964071856,1,0,34,7274
AKQU6FNNO6MWR,0.24789424225875195,0.06664597718985181,0.0,0.5,0.5116017964071856,1,9,34,7275
A1S2BTVDZV4PYD,0.2478252357830426,0.13331781622572217,0.10846774038973908,0.5143652481887981,0.31135962472052614,2,7,54,7276
A3D1I68IHM51XJ,0.24780067938450046,0.06664597718985181,0.0,0.5,0.5112275449101796,1,24,33,7277
A3KOAIRG0CC0NR,0.24780067938450046,0.06664597718985181,0.0,0.5,0.5112275449101796,1,11,33,7278
A1O0TOFN85RIPH,0.24780067938450046,0.06664597718985181,0.0,0.5,0.5112275449101796,1,11,33,7279
ADQEM4CCLH7FB,0.24780067938450046,0.06664597718985181,0.0,0.5,0.5112275449101796,1,11,33,7280
A3APPU8QXY4DFI,0.24780067938450046,0.06664597718985181,0.0,0.5,0.5112275449101796,1,11,33,7281
A1G8GOK1OYID5X,0.24780067938450046,0.06664597718985181,0.0,0.5,0.5112275449101796,1,11,33,7282
A209J4NK7GR9S3,0.24780067938450046,0.06664597718985181,0.0,0.5,0.5112275449101796,1,24,33,7283
A12UGBVBI2NI7X,0.24780067938450046,0.06664597718985181,0.0,0.5,0.5112275449101796,1,24,33,7284
A15DIP9QPUR6IR,0.24780067938450046,0.06664597718985181,0.0,0.5,0.5112275449101796,1,24,33,7285
A1B0RTVS4SE88W,0.24780067938450046,0.06664597718985181,0.0,0.5,0.5112275449101796,1,11,33,7286
A69HUWNHTPGA7,0.24780067938450046,0.06664597718985181,0.0,0.5,0.5112275449101796,1,24,33,7287
A3TTG579DHLYZW,0.24780067938450046,0.06664597718985181,0.0,0.5,0.5112275449101796,1,11,33,7288
A26YO5A2Y8EBEG,0.24780067938450046,0.06664597718985181,0.0,0.5,0.5112275449101796,1,11,33,7289
A2TXR85WQLE32N,0.24780067938450046,0.06664597718985181,0.0,0.5,0.5112275449101796,1,24,33,7290
A2ZR2K4JOGBYAG,0.24780067938450046,0.06664597718985181,0.0,0.5,0.5112275449101796,1,11,33,7291
A3JSJUGQ3WI8MY,0.24780067938450046,0.06664597718985181,0.0,0.5,0.5112275449101796,1,24,33,7292
A20N7Y8YFR0MPE,0.24780067938450046,0.06664597718985181,0.0,0.5,0.5112275449101796,1,24,33,7293
A7MKO11ZX97G4,0.24780067938450046,0.06664597718985181,0.0,0.5,0.5112275449101796,1,11,33,7294
A1SCE1YMBH86WE,0.24780067938450046,0.06664597718985181,0.0,0.5,0.5112275449101796,1,24,33,7295
A1J2E7CBMOLNKX,0.24780067938450046,0.06664597718985181,0.0,0.5,0.5112275449101796,1,11,33,7296
AANSPH7B2AT7X,0.24780067938450046,0.06664597718985181,0.0,0.5,0.5112275449101796,1,11,33,7297
A38BJJO4VGJIQ5,0.24780067938450046,0.06664597718985181,0.0,0.5,0.5112275449101796,1,24,33,7298
AJCICNS67U8BD,0.24780067938450046,0.06664597718985181,0.0,0.5,0.5112275449101796,1,24,33,7299
A14399DQBS4QD1,0.24780067938450046,0.06664597718985181,0.0,0.5,0.5112275449101796,1,11,33,7300
A1WI9IDBAP8NDM,0.24780067938450046,0.06664597718985181,0.0,0.5,0.5112275449101796,1,24,33,7301
AG0UP5II9OSP2,0.24780067938450046,0.06664597718985181,0.0,0.5,0.5112275449101796,1,24,33,7302
AGBVM3I9RFV89,0.24780067938450046,0.06664597718985181,0.0,0.5,0.5112275449101796,1,24,33,7303
A24FAKTJVQKSA0,0.24780067938450046,0.06664597718985181,0.0,0.5,0.5112275449101796,1,24,33,7304
A1AAOEN7K6SI3U,0.24780067938450046,0.06664597718985181,0.0,0.5,0.5112275449101796,1,24,33,7305
A30HU780JBS1GS,0.24780067938450046,0.06664597718985181,0.0,0.5,0.5112275449101796,1,24,33,7306
ACSNZDXNUXSDB,0.2477084944528023,0.00023766320945917967,0.3115738716853871,0.5143652481887981,0.2674827117234326,2,0,25,7307
A2V5UR27QR2L7W,0.24770711651024896,0.06664597718985181,0.0,0.5,0.5108532934131736,1,0,32,7308
A3VAX5C42A9QW4,0.24770711651024896,0.06664597718985181,0.0,0.5,0.5108532934131736,1,0,32,7309
A1I002WK1LELAO,0.24770711651024896,0.06664597718985181,0.0,0.5,0.5108532934131736,1,0,32,7310
A31QWIVYZ7XU53,0.24770711651024896,0.06664597718985181,0.0,0.5,0.5108532934131736,1,5,32,7311
APLAYRDGF11H2,0.24770711651024896,0.06664597718985181,0.0,0.5,0.5108532934131736,1,0,32,7312
ADMG20HK1BEO7,0.24770711651024896,0.06664597718985181,0.0,0.5,0.5108532934131736,1,5,32,7313
A3QQ1Q4A02OWJT,0.24770711651024896,0.06664597718985181,0.0,0.5,0.5108532934131736,1,0,32,7314
A3RZX5KZX4HYG6,0.24770711651024896,0.06664597718985181,0.0,0.5,0.5108532934131736,1,5,32,7315
ADX6KUX4WWSJD,0.24770711651024896,0.06664597718985181,0.0,0.5,0.5108532934131736,1,0,32,7316
A1BJ26WC90V5KV,0.24770711651024896,0.06664597718985181,0.0,0.5,0.5108532934131736,1,5,32,7317
A11T76EZ8AG96E,0.24770711651024896,0.06664597718985181,0.0,0.5,0.5108532934131736,1,5,32,7318
A1Y7B873VOTAHM,0.24770711651024896,0.06664597718985181,0.0,0.5,0.5108532934131736,1,0,32,7319
A1ZWKX2XRUHGYO,0.24770711651024896,0.06664597718985181,0.0,0.5,0.5108532934131736,1,5,32,7320
AIU13IFGH0EVF,0.24770711651024896,0.06664597718985181,0.0,0.5,0.5108532934131736,1,0,32,7321
A1DPYRDSP17UT0,0.24770711651024896,0.06664597718985181,0.0,0.5,0.5108532934131736,1,5,32,7322
A2NVQZ4Y7Y0J1R,0.24770711651024896,0.06664597718985181,0.0,0.5,0.5108532934131736,1,0,32,7323
A10GWHRIUD964P,0.24751999076174597,0.06664597718985181,0.0,0.5,0.5101047904191617,1,9,30,7324
ACQL06Y00GI08,0.24751999076174597,0.06664597718985181,0.0,0.5,0.5101047904191617,1,9,30,7325
A3QJ8RQEQHRU2B,0.24751999076174597,0.06664597718985181,0.0,0.5,0.5101047904191617,1,0,30,7326
A33YNEPUTEG8I0,0.24751999076174597,0.06664597718985181,0.0,0.5,0.5101047904191617,1,9,30,7327
A2R5SM2C87PDOQ,0.24751999076174597,0.06664597718985181,0.0,0.5,0.5101047904191617,1,0,30,7328
A277VC5WJ818NY,0.24751999076174597,0.06664597718985181,0.0,0.5,0.5101047904191617,1,9,30,7329
A1LTZ8LRRWIE9N,0.24751999076174597,0.06664597718985181,0.0,0.5,0.5101047904191617,1,0,30,7330
A3II7EVHKX41Z9,0.24751999076174597,0.06664597718985181,0.0,0.5,0.5101047904191617,1,0,30,7331
A1YZEEDWCHXZUU,0.24751999076174597,0.06664597718985181,0.0,0.5,0.5101047904191617,1,9,30,7332
A1G74Z2NYIIVCM,0.24751999076174597,0.06664597718985181,0.0,0.5,0.5101047904191617,1,9,30,7333
AF0QD2FT1ZFVH,0.24751999076174597,0.06664597718985181,0.0,0.5,0.5101047904191617,1,0,30,7334
A3AVNLTWWNIEO9,0.24751999076174597,0.06664597718985181,0.0,0.5,0.5101047904191617,1,0,30,7335
A3CK1XNRHTN402,0.24751999076174597,0.06664597718985181,0.0,0.5,0.5101047904191617,1,0,30,7336
A36WEPNLF8S8P3,0.24751999076174597,0.06664597718985181,0.0,0.5,0.5101047904191617,1,0,30,7337
ABZLC33PJO47S,0.24751999076174597,0.06664597718985181,0.0,0.5,0.5101047904191617,1,0,30,7338
A10QQWAYZVX2QS,0.24742642788749447,0.06664597718985181,0.0,0.5,0.5097305389221557,1,2,29,7339
A19JDXB5R33C7R,0.24742642788749447,0.06664597718985181,0.0,0.5,0.5097305389221557,1,2,29,7340
A2VDJCGMWDY43P,0.24742642788749447,0.06664597718985181,0.0,0.5,0.5097305389221557,1,11,29,7341
A24XFCZJKMAONS,0.24742642788749447,0.06664597718985181,0.0,0.5,0.5097305389221557,1,0,29,7342
A6X2M9YBL9OYY,0.24742642788749447,0.06664597718985181,0.0,0.5,0.5097305389221557,1,11,29,7343
A1W9Z0FT00LC06,0.24742642788749447,0.06664597718985181,0.0,0.5,0.5097305389221557,1,11,29,7344
A3E68EBGXTWDNP,0.24742642788749447,0.06664597718985181,0.0,0.5,0.5097305389221557,1,9,29,7345
A2J5ZIUR1C1KKE,0.24742642788749447,0.06664597718985181,0.0,0.5,0.5097305389221557,1,2,29,7346
A9ELHLPXF7JKD,0.24742642788749447,0.06664597718985181,0.0,0.5,0.5097305389221557,1,0,29,7347
AQIEN3BHQFFQ,0.24742642788749447,0.06664597718985181,0.0,0.5,0.5097305389221557,1,11,29,7348
A601TLJMZ9CZN,0.24742642788749447,0.06664597718985181,0.0,0.5,0.5097305389221557,1,0,29,7349
A10P8UG177H2XR,0.24742642788749447,0.06664597718985181,0.0,0.5,0.5097305389221557,1,0,29,7350
AUJWP901VCRQ9,0.24742642788749447,0.06664597718985181,0.0,0.5,0.5097305389221557,1,11,29,7351
A1O229NVVDJUX2,0.24742642788749447,0.06664597718985181,0.0,0.5,0.5097305389221557,1,9,29,7352
A33GQ5EG104KN7,0.24742642788749447,0.06664597718985181,0.0,0.5,0.5097305389221557,1,2,29,7353
AV27WAAYOTH0U,0.24742642788749447,0.06664597718985181,0.0,0.5,0.5097305389221557,1,0,29,7354
A25QM6LQRU4BO,0.24742642788749447,0.06664597718985181,0.0,0.5,0.5097305389221557,1,11,29,7355
A3IYASOMZQO5PI,0.24742642788749447,0.06664597718985181,0.0,0.5,0.5097305389221557,1,11,29,7356
A2CGLPWEC9NL0E,0.24742642788749447,0.06664597718985181,0.0,0.5,0.5097305389221557,1,2,29,7357
ALIE0DVM3I2R1,0.24742642788749447,0.06664597718985181,0.0,0.5,0.5097305389221557,1,9,29,7358
A3TWHKALXTJ4EF,0.24742642788749447,0.06664597718985181,0.0,0.5,0.5097305389221557,1,9,29,7359
A2MLKJWU2K5SGP,0.24742642788749447,0.06664597718985181,0.0,0.5,0.5097305389221557,1,11,29,7360
A2SPHO9F2ZL98F,0.24742642788749447,0.06664597718985181,0.0,0.5,0.5097305389221557,1,2,29,7361
ADOBXF9W3UUKN,0.24742642788749447,0.06664597718985181,0.0,0.5,0.5097305389221557,1,9,29,7362
A31XREIO9ZOYH4,0.24742642788749447,0.06664597718985181,0.0,0.5,0.5097305389221557,1,0,29,7363
A3RTSHT0J64TY4,0.24742642788749447,0.06664597718985181,0.0,0.5,0.5097305389221557,1,2,29,7364
A34HEHB3Z0YHO3,0.24742642788749447,0.06664597718985181,0.0,0.5,0.5097305389221557,1,11,29,7365
ALPK1S8OWXZST,0.24742642788749447,0.06664597718985181,0.0,0.5,0.5097305389221557,1,9,29,7366
A377WOEALNCQY4,0.24742642788749447,0.06664597718985181,0.0,0.5,0.5097305389221557,1,11,29,7367
AGTDTFUBMK88S,0.24742642788749447,0.06664597718985181,0.0,0.5,0.5097305389221557,1,9,29,7368
A2UKE398XW8Z6J,0.24742642788749447,0.06664597718985181,0.0,0.5,0.5097305389221557,1,2,29,7369
A2Y9CTL628GL7K,0.24742642788749447,0.06664597718985181,0.0,0.5,0.5097305389221557,1,9,29,7370
A1I0ET8C0DHJ8G,0.24742642788749447,0.06664597718985181,0.0,0.5,0.5097305389221557,1,9,29,7371
A2MTPVXL6HD5VP,0.24742642788749447,0.06664597718985181,0.0,0.5,0.5097305389221557,1,9,29,7372
A21C8Y7YS25NI9,0.24742642788749447,0.06664597718985181,0.0,0.5,0.5097305389221557,1,2,29,7373
A2BH42X4GDFUAY,0.24742642788749447,0.06664597718985181,0.0,0.5,0.5097305389221557,1,9,29,7374
A28A0A6EDMP5P8,0.24742642788749447,0.06664597718985181,0.0,0.5,0.5097305389221557,1,2,29,7375
A1GNSLNCXXG2HE,0.24723930213899148,0.06664597718985181,0.0,0.5,0.5089820359281437,1,0,27,7376
ACISLJANCZZ6L,0.24723930213899148,0.06664597718985181,0.0,0.5,0.5089820359281437,1,0,27,7377
A197KHD1GQ96ZH,0.24723930213899148,0.06664597718985181,0.0,0.5,0.5089820359281437,1,0,27,7378
A2WQNHK82VTJWT,0.24723930213899148,0.06664597718985181,0.0,0.5,0.5089820359281437,1,0,27,7379
A1KL1YVYYMQE2E,0.24723930213899148,0.06664597718985181,0.0,0.5,0.5089820359281437,1,2,27,7380
A35WP5LHJSZ4HC,0.24723930213899148,0.06664597718985181,0.0,0.5,0.5089820359281437,1,0,27,7381
A2MG95DI29NJTJ,0.24723930213899148,0.06664597718985181,0.0,0.5,0.5089820359281437,1,0,27,7382
A1CIUI32P2UOED,0.24723930213899148,0.06664597718985181,0.0,0.5,0.5089820359281437,1,0,27,7383
AQRN2I355LZ3F,0.24723930213899148,0.06664597718985181,0.0,0.5,0.5089820359281437,1,0,27,7384
A1RTAG101IYPX6,0.24723930213899148,0.06664597718985181,0.0,0.5,0.5089820359281437,1,7,27,7385
AIMV33HXTEZOI,0.24723930213899148,0.06664597718985181,0.0,0.5,0.5089820359281437,1,0,27,7386
A49UG6ANGV6M1,0.24723930213899148,0.06664597718985181,0.0,0.5,0.5089820359281437,1,0,27,7387
A2ZWLZHPWI6JGG,0.24723930213899148,0.06664597718985181,0.0,0.5,0.5089820359281437,1,2,27,7388
A1KFSMS14CY4ON,0.24723930213899148,0.06664597718985181,0.0,0.5,0.5089820359281437,1,2,27,7389
A22B72SJ9IDUQW,0.24723930213899148,0.06664597718985181,0.0,0.5,0.5089820359281437,1,0,27,7390
A2XF4BFQ1WPR2E,0.24723930213899148,0.06664597718985181,0.0,0.5,0.5089820359281437,1,2,27,7391
AFWPH07F1FTXE,0.24723930213899148,0.06664597718985181,0.0,0.5,0.5089820359281437,1,7,27,7392
AZBXKUH4AIW3X,0.24723930213899148,0.06664597718985181,0.0,0.5,0.5089820359281437,1,2,27,7393
A34ZFS8Z5ISLQR,0.24723930213899148,0.06664597718985181,0.0,0.5,0.5089820359281437,1,7,27,7394
A3HD4V3W6ZLV4N,0.24723930213899148,0.06664597718985181,0.0,0.5,0.5089820359281437,1,2,27,7395
A8M0HF1XBZLH7,0.24723930213899148,0.06664597718985181,0.0,0.5,0.5089820359281437,1,0,27,7396
A23EMFB4JBX0P9,0.24723930213899148,0.06664597718985181,0.0,0.5,0.5089820359281437,1,0,27,7397
A1DQEJN9C8AM5K,0.24723930213899148,0.06664597718985181,0.0,0.5,0.5089820359281437,1,0,27,7398
A3NAJLO81N0SEY,0.24723930213899148,0.06664597718985181,0.0,0.5,0.5089820359281437,1,7,27,7399
A3RUY1Y0ZPNUJ4,0.24723930213899148,0.06664597718985181,0.0,0.5,0.5089820359281437,1,0,27,7400
A2GDYTF1TU1GJT,0.24723930213899148,0.06664597718985181,0.0,0.5,0.5089820359281437,1,0,27,7401
AV8NTE7E9QGJX,0.24723930213899148,0.06664597718985181,0.0,0.5,0.5089820359281437,1,0,27,7402
A3OLLN3VV2SF0L,0.24723930213899148,0.06664597718985181,0.0,0.5,0.5089820359281437,1,7,27,7403
AA4O1ZUMQ6IGG,0.24723930213899148,0.06664597718985181,0.0,0.5,0.5089820359281437,1,0,27,7404
A1XFI340SHOS5K,0.24723930213899148,0.06664597718985181,0.0,0.5,0.5089820359281437,1,2,27,7405
AAC2WU7ESKOC2,0.24723930213899148,0.06664597718985181,0.0,0.5,0.5089820359281437,1,0,27,7406
A16HZ3PVXRYR4A,0.24723930213899148,0.06664597718985181,0.0,0.5,0.5089820359281437,1,2,27,7407
ADDWD385E3MD5,0.24723930213899148,0.06664597718985181,0.0,0.5,0.5089820359281437,1,0,27,7408
A3AAP038P5FGSN,0.24723930213899148,0.06664597718985181,0.0,0.5,0.5089820359281437,1,0,27,7409
A11L90R7RWJA8H,0.24723930213899148,0.06664597718985181,0.0,0.5,0.5089820359281437,1,0,27,7410
A1HTUOY4NOVZSK,0.24723930213899148,0.06664597718985181,0.0,0.5,0.5089820359281437,1,0,27,7411
A382YHBEX6MPS9,0.24723930213899148,0.06664597718985181,0.0,0.5,0.5089820359281437,1,0,27,7412
A1VY688L9N9QXD,0.24723930213899148,0.06664597718985181,0.0,0.5,0.5089820359281437,1,0,27,7413
A1S8FVNG0D97AM,0.24723930213899148,0.06664597718985181,0.0,0.5,0.5089820359281437,1,7,27,7414
A2FF7EUEB7NB74,0.24723930213899148,0.06664597718985181,0.0,0.5,0.5089820359281437,1,0,27,7415
A7LVTP7N6Q9Q1,0.24723930213899148,0.06664597718985181,0.0,0.5,0.5089820359281437,1,0,27,7416
A20GQIUFA2LJ9C,0.24723930213899148,0.06664597718985181,0.0,0.5,0.5089820359281437,1,0,27,7417
AN752U9MHN5P5,0.24723930213899148,0.06664597718985181,0.0,0.5,0.5089820359281437,1,0,27,7418
A2ZZAM4LFM4IE1,0.24723930213899148,0.06664597718985181,0.0,0.5,0.5089820359281437,1,7,27,7419
A14QXPTYZ90Q7M,0.24723930213899148,0.06664597718985181,0.0,0.5,0.5089820359281437,1,2,27,7420
A2OTT4J4JLCL1G,0.24723930213899148,0.06664597718985181,0.0,0.5,0.5089820359281437,1,2,27,7421
A2SEHOBX4M0OZ0,0.24723930213899148,0.06664597718985181,0.0,0.5,0.5089820359281437,1,0,27,7422
A2NFWBJGGT9BM5,0.24723930213899148,0.06664597718985181,0.0,0.5,0.5089820359281437,1,0,27,7423
A1XPRBIGV1SR9,0.24723930213899148,0.06664597718985181,0.0,0.5,0.5089820359281437,1,0,27,7424
A3NRMHM2N9GQ3N,0.24723930213899148,0.06664597718985181,0.0,0.5,0.5089820359281437,1,7,27,7425
A3QMJMTLJC34QC,0.24723930213899148,0.06664597718985181,0.0,0.5,0.5089820359281437,1,0,27,7426
AS8C336DDLSO4,0.24719768735560738,0.0011138277101501554,0.3780463059860565,0.5,0.20940785018419286,2,0,24,7427
A1G6M86XS35YS3,0.24714573926473998,0.06664597718985181,0.0,0.5,0.5086077844311377,1,2,26,7428
AQDJP0D7EALAD,0.24714573926473998,0.06664597718985181,0.0,0.5,0.5086077844311377,1,2,26,7429
A1HUCUAIH6U5W2,0.24714573926473998,0.06664597718985181,0.0,0.5,0.5086077844311377,1,2,26,7430
A2HFOS6ULS3BQJ,0.24714573926473998,0.06664597718985181,0.0,0.5,0.5086077844311377,1,2,26,7431
A1579YT6JXUHUF,0.24714573926473998,0.06664597718985181,0.0,0.5,0.5086077844311377,1,2,26,7432
A27K80SBJQQQDS,0.24714573926473998,0.06664597718985181,0.0,0.5,0.5086077844311377,1,2,26,7433
A2FKYKDGHWSOIQ,0.24714573926473998,0.06664597718985181,0.0,0.5,0.5086077844311377,1,2,26,7434
A7MN8VRWL2JOK,0.24714573926473998,0.06664597718985181,0.0,0.5,0.5086077844311377,1,2,26,7435
A2VYE9EF6VA5CJ,0.24714573926473998,0.06664597718985181,0.0,0.5,0.5086077844311377,1,2,26,7436
A19TDF7NK6BZHZ,0.24714573926473998,0.06664597718985181,0.0,0.5,0.5086077844311377,1,2,26,7437
AASSDFY9K6G2T,0.24707302411742343,8.67595037041852e-05,0.14700714716389374,0.5143652481887981,0.42968863935031637,2,5,282,7438
A1Z5LG7YZ0GWIU,0.2470521763904885,0.06664597718985181,0.0,0.5,0.5082335329341318,1,26,25,7439
AK087HW5YS5QZ,0.2470521763904885,0.06664597718985181,0.0,0.5,0.5082335329341318,1,26,25,7440
A80SFDVGOCBU8,0.2470521763904885,0.06664597718985181,0.0,0.5,0.5082335329341318,1,26,25,7441
ATZ1E69I6MF0N,0.2470521763904885,0.06664597718985181,0.0,0.5,0.5082335329341318,1,26,25,7442
ASB7THP27C5SN,0.2470521763904885,0.06664597718985181,0.0,0.5,0.5082335329341318,1,26,25,7443
A3FMMV53JHL6TU,0.2470521763904885,0.06664597718985181,0.0,0.5,0.5082335329341318,1,26,25,7444
AS0RNYRU3YTWW,0.246958613516237,0.06664597718985181,0.0,0.5,0.5078592814371258,1,7,24,7445
A2LHANCVBGV36U,0.246958613516237,0.06664597718985181,0.0,0.5,0.5078592814371258,1,7,24,7446
A3VIFJZC7SHX1T,0.246958613516237,0.06664597718985181,0.0,0.5,0.5078592814371258,1,7,24,7447
A2I0X163CQDBFA,0.246958613516237,0.06664597718985181,0.0,0.5,0.5078592814371258,1,7,24,7448
A2KS0FVY2CNJ8M,0.246958613516237,0.06664597718985181,0.0,0.5,0.5078592814371258,1,7,24,7449
A3M6ZX4D8MKR1O,0.246958613516237,0.06664597718985181,0.0,0.5,0.5078592814371258,1,7,24,7450
A3S76NP1H3R0XH,0.246958613516237,0.06664597718985181,0.0,0.5,0.5078592814371258,1,7,24,7451
AAEVGE52KL0DJ,0.246958613516237,0.06664597718985181,0.0,0.5,0.5078592814371258,1,7,24,7452
AKGGVHCCW4RKA,0.246958613516237,0.06664597718985181,0.0,0.5,0.5078592814371258,1,7,24,7453
A3BSSJ6SJ5NVWJ,0.246958613516237,0.06664597718985181,0.0,0.5,0.5078592814371258,1,7,24,7454
A1KGKPWWG61U42,0.2468650506419855,0.06664597718985181,0.0,0.5,0.5074850299401198,1,0,23,7455
A338WMJ8QUF79,0.2468650506419855,0.06664597718985181,0.0,0.5,0.5074850299401198,1,0,23,7456
A37Q5MOP4E2YLZ,0.2468650506419855,0.06664597718985181,0.0,0.5,0.5074850299401198,1,0,23,7457
AP0ZL2WX8J0JD,0.2468650506419855,0.06664597718985181,0.0,0.5,0.5074850299401198,1,0,23,7458
A17HMM1M7T9PJ1,0.2468650506419855,0.06664597718985181,0.0,0.5,0.5074850299401198,1,0,23,7459
AJ4R2PH6G98ND,0.2468650506419855,0.06664597718985181,0.0,0.5,0.5074850299401198,1,0,23,7460
APWY5SPO12LJQ,0.2468650506419855,0.06664597718985181,0.0,0.5,0.5074850299401198,1,0,23,7461
A2ZYFIRTB2V11J,0.2468650506419855,0.06664597718985181,0.0,0.5,0.5074850299401198,1,0,23,7462
A1N0GWQ9B9POKD,0.2468650506419855,0.06664597718985181,0.0,0.5,0.5074850299401198,1,0,23,7463
A3OKFXYJYS3NF5,0.2468650506419855,0.06664597718985181,0.0,0.5,0.5074850299401198,1,0,23,7464
A3V8S5VKPG1B79,0.2468650506419855,0.06664597718985181,0.0,0.5,0.5074850299401198,1,0,23,7465
A20HM81911V9KD,0.2468650506419855,0.06664597718985181,0.0,0.5,0.5074850299401198,1,0,23,7466
A20DHSLIR6QPO0,0.2468650506419855,0.06664597718985181,0.0,0.5,0.5074850299401198,1,0,23,7467
A312JTRQVEA4G7,0.2468650506419855,0.06664597718985181,0.0,0.5,0.5074850299401198,1,0,23,7468
A1M6X8CH3J2K4J,0.2468650506419855,0.06664597718985181,0.0,0.5,0.5074850299401198,1,0,23,7469
A2HG4AFBEP9084,0.2468650506419855,0.06664597718985181,0.0,0.5,0.5074850299401198,1,0,23,7470
A1FIGM5NXX9J3Q,0.2468650506419855,0.06664597718985181,0.0,0.5,0.5074850299401198,1,0,23,7471
A29Q4R53TBNAYR,0.2468650506419855,0.06664597718985181,0.0,0.5,0.5074850299401198,1,0,23,7472
A2SEEDV7NNPIBG,0.2468650506419855,0.06664597718985181,0.0,0.5,0.5074850299401198,1,0,23,7473
A22WMZMHRAR43Z,0.246771487767734,0.06664597718985181,0.0,0.5,0.5071107784431138,1,17,22,7474
A2ZHSHIVYKUFQQ,0.246771487767734,0.06664597718985181,0.0,0.5,0.5071107784431138,1,2,22,7475
A2NUN3UYLJYKFN,0.246771487767734,0.06664597718985181,0.0,0.5,0.5071107784431138,1,25,22,7476
AYQ6GWCSVVYW8,0.246771487767734,0.06664597718985181,0.0,0.5,0.5071107784431138,1,0,22,7477
A2L9O39O92M77C,0.246771487767734,0.06664597718985181,0.0,0.5,0.5071107784431138,1,0,22,7478
ABXXPF8FFZKVI,0.246771487767734,0.06664597718985181,0.0,0.5,0.5071107784431138,1,25,22,7479
A30OCGX9SUDKUE,0.246771487767734,0.06664597718985181,0.0,0.5,0.5071107784431138,1,2,22,7480
AZXKUK895VGSM,0.246771487767734,0.06664597718985181,0.0,0.5,0.5071107784431138,1,2,22,7481
AXF1G21IMHCU6,0.246771487767734,0.06664597718985181,0.0,0.5,0.5071107784431138,1,17,22,7482
A3MMVTD7DA3PJ8,0.246771487767734,0.06664597718985181,0.0,0.5,0.5071107784431138,1,17,22,7483
A34LK05I5S49LP,0.246771487767734,0.06664597718985181,0.0,0.5,0.5071107784431138,1,17,22,7484
A3ESX9NVYHRQD9,0.246771487767734,0.06664597718985181,0.0,0.5,0.5071107784431138,1,0,22,7485
A2WXLG4AYEDOQI,0.246771487767734,0.06664597718985181,0.0,0.5,0.5071107784431138,1,25,22,7486
A13ZRACMTM4ENB,0.246771487767734,0.06664597718985181,0.0,0.5,0.5071107784431138,1,25,22,7487
A1KD8MR1V4JVK0,0.246771487767734,0.06664597718985181,0.0,0.5,0.5071107784431138,1,25,22,7488
A12L8U16SFK06N,0.246771487767734,0.06664597718985181,0.0,0.5,0.5071107784431138,1,25,22,7489
A3DKP8M0GSP8UK,0.246771487767734,0.06664597718985181,0.0,0.5,0.5071107784431138,1,25,22,7490
AJ093IH3TA4HU,0.246771487767734,0.06664597718985181,0.0,0.5,0.5071107784431138,1,17,22,7491
A2XYGJ7FAK0QR7,0.246771487767734,0.06664597718985181,0.0,0.5,0.5071107784431138,1,0,22,7492
A2A3BLPBHISRZ4,0.246771487767734,0.06664597718985181,0.0,0.5,0.5071107784431138,1,25,22,7493
A1ZWKAFL352WRK,0.246771487767734,0.06664597718985181,0.0,0.5,0.5071107784431138,1,17,22,7494
A14ME4FQBNFYWH,0.24670332350531354,0.000919837998461862,0.06984955697416298,0.5,0.5158599314489369,2,0,263,7495
AEC0I4XOMJJ72,0.2466779248934825,0.06664597718985181,0.0,0.5,0.5067365269461078,1,14,21,7496
A1N0CTKU6VZPIT,0.2466779248934825,0.06664597718985181,0.0,0.5,0.5067365269461078,1,14,21,7497
A16WC792GYEGGD,0.2466779248934825,0.06664597718985181,0.0,0.5,0.5067365269461078,1,5,21,7498
A10U7PLPODFA0M,0.2466779248934825,0.06664597718985181,0.0,0.5,0.5067365269461078,1,5,21,7499
AO8F2P769YIA9,0.2466779248934825,0.06664597718985181,0.0,0.5,0.5067365269461078,1,5,21,7500
A1BJUMKKRLK9XX,0.2466779248934825,0.06664597718985181,0.0,0.5,0.5067365269461078,1,14,21,7501
A2L5NKHS28Z6D9,0.2466779248934825,0.06664597718985181,0.0,0.5,0.5067365269461078,1,14,21,7502
A2F1P10GGZ7K2T,0.2466779248934825,0.06664597718985181,0.0,0.5,0.5067365269461078,1,5,21,7503
AE3PQYXY49FJB,0.2466779248934825,0.06664597718985181,0.0,0.5,0.5067365269461078,1,27,21,7504
A1415PRQTR4HMY,0.2466779248934825,0.06664597718985181,0.0,0.5,0.5067365269461078,1,5,21,7505
A283A424XAZCGX,0.2466779248934825,0.06664597718985181,0.0,0.5,0.5067365269461078,1,5,21,7506
A3N3HVST9WIHZR,0.2466779248934825,0.06664597718985181,0.0,0.5,0.5067365269461078,1,14,21,7507
A3K8IBV8V35G1H,0.2466779248934825,0.06664597718985181,0.0,0.5,0.5067365269461078,1,27,21,7508
AOEAD7DPLZE53,0.2466779248934825,0.06664597718985181,0.0,0.5,0.5067365269461078,1,5,21,7509
A21T321YCLK17C,0.2466779248934825,0.06664597718985181,0.0,0.5,0.5067365269461078,1,5,21,7510
AS02U020MGBSV,0.2466779248934825,0.06664597718985181,0.0,0.5,0.5067365269461078,1,27,21,7511
A11QDRK8G3TVP7,0.2466779248934825,0.06664597718985181,0.0,0.5,0.5067365269461078,1,27,21,7512
ASHA8TXSJ1GRF,0.2466779248934825,0.06664597718985181,0.0,0.5,0.5067365269461078,1,27,21,7513
AS5IJXFUJQX5G,0.2466779248934825,0.06664597718985181,0.0,0.5,0.5067365269461078,1,27,21,7514
A309WRQUO9GY7T,0.2466779248934825,0.06664597718985181,0.0,0.5,0.5067365269461078,1,5,21,7515
AROTQNRZ51CUU,0.2466779248934825,0.06664597718985181,0.0,0.5,0.5067365269461078,1,5,21,7516
A18BX7HMYDZ7IP,0.2466779248934825,0.06664597718985181,0.0,0.5,0.5067365269461078,1,5,21,7517
A238WA18BQAU8A,0.2466779248934825,0.06664597718985181,0.0,0.5,0.5067365269461078,1,5,21,7518
A105R38CAPDBGU,0.2466779248934825,0.06664597718985181,0.0,0.5,0.5067365269461078,1,5,21,7519
A3LIQUWLYJKN3N,0.2466779248934825,0.06664597718985181,0.0,0.5,0.5067365269461078,1,14,21,7520
AAYHXW1N151V4,0.2466779248934825,0.06664597718985181,0.0,0.5,0.5067365269461078,1,27,21,7521
A3LBEV0UWH9V2G,0.2466779248934825,0.06664597718985181,0.0,0.5,0.5067365269461078,1,14,21,7522
AA8RBTN3J2F5H,0.2466779248934825,0.06664597718985181,0.0,0.5,0.5067365269461078,1,27,21,7523
A2YKIR73T6AE2O,0.2466779248934825,0.06664597718985181,0.0,0.5,0.5067365269461078,1,5,21,7524
A1XTMFRRN9DPK2,0.2466779248934825,0.06664597718985181,0.0,0.5,0.5067365269461078,1,14,21,7525
ATC79W2A44517,0.2466779248934825,0.06664597718985181,0.0,0.5,0.5067365269461078,1,27,21,7526
A3O9CEWSECCH78,0.2466779248934825,0.06664597718985181,0.0,0.5,0.5067365269461078,1,14,21,7527
A1H5P52BNEMM2P,0.246584362019231,0.06664597718985181,0.0,0.5,0.5063622754491018,1,5,20,7528
AI1FBBRXK8DL3,0.246584362019231,0.06664597718985181,0.0,0.5,0.5063622754491018,1,28,20,7529
ABKHKGA3OVZ05,0.246584362019231,0.06664597718985181,0.0,0.5,0.5063622754491018,1,0,20,7530
A2X7OZLHUKAAAT,0.246584362019231,0.06664597718985181,0.0,0.5,0.5063622754491018,1,5,20,7531
A3LO4IG4O4REVD,0.246584362019231,0.06664597718985181,0.0,0.5,0.5063622754491018,1,28,20,7532
AH596GQANP9CU,0.246584362019231,0.06664597718985181,0.0,0.5,0.5063622754491018,1,28,20,7533
A32J6G16FFL8OC,0.246584362019231,0.06664597718985181,0.0,0.5,0.5063622754491018,1,28,20,7534
AE9LKENEJLL79,0.246584362019231,0.06664597718985181,0.0,0.5,0.5063622754491018,1,28,20,7535
A3G15U1ZTHYX56,0.246584362019231,0.06664597718985181,0.0,0.5,0.5063622754491018,1,28,20,7536
A18011LY5SHJSV,0.246584362019231,0.06664597718985181,0.0,0.5,0.5063622754491018,1,28,20,7537
AVB1BHAHK1YH0,0.246584362019231,0.06664597718985181,0.0,0.5,0.5063622754491018,1,0,20,7538
A26U6HU35KBSWV,0.246584362019231,0.06664597718985181,0.0,0.5,0.5063622754491018,1,28,20,7539
A3B3HBKN6PR2N7,0.246584362019231,0.06664597718985181,0.0,0.5,0.5063622754491018,1,28,20,7540
A22NZFCXVF7Y51,0.246584362019231,0.06664597718985181,0.0,0.5,0.5063622754491018,1,28,20,7541
A22A28CW42M1M9,0.246584362019231,0.06664597718985181,0.0,0.5,0.5063622754491018,1,28,20,7542
AR3ECVXFV9VRJ,0.246584362019231,0.06664597718985181,0.0,0.5,0.5063622754491018,1,0,20,7543
AQA9PLI2LH3MK,0.246584362019231,0.06664597718985181,0.0,0.5,0.5063622754491018,1,5,20,7544
A2OCFY81BELYVJ,0.246584362019231,0.06664597718985181,0.0,0.5,0.5063622754491018,1,5,20,7545
A3TZI7G52WTQGD,0.246584362019231,0.06664597718985181,0.0,0.5,0.5063622754491018,1,28,20,7546
A1JUJGHMNIUSWR,0.246584362019231,0.06664597718985181,0.0,0.5,0.5063622754491018,1,0,20,7547
A1GPS3ULIPNN4R,0.246584362019231,0.06664597718985181,0.0,0.5,0.5063622754491018,1,28,20,7548
A18S2VGUH9SCV5,0.2464907991449795,0.06664597718985181,0.0,0.5,0.5059880239520959,1,7,19,7549
A3LZQZMCIZDXK3,0.2464907991449795,0.06664597718985181,0.0,0.5,0.5059880239520959,1,7,19,7550
A298COFUERZQWL,0.2464907991449795,0.06664597718985181,0.0,0.5,0.5059880239520959,1,0,19,7551
A3LJOSAYINSWU3,0.2464907991449795,0.06664597718985181,0.0,0.5,0.5059880239520959,1,10,19,7552
A2EP0WOZE8HCJX,0.2464907991449795,0.06664597718985181,0.0,0.5,0.5059880239520959,1,10,19,7553
A2H0U8LGLEXHXV,0.2464907991449795,0.06664597718985181,0.0,0.5,0.5059880239520959,1,10,19,7554
A35JCASWZL0XBH,0.2464907991449795,0.06664597718985181,0.0,0.5,0.5059880239520959,1,7,19,7555
A3NS3XXZCQ5ATQ,0.2464907991449795,0.06664597718985181,0.0,0.5,0.5059880239520959,1,7,19,7556
A1U7RWHQX3W141,0.2464907991449795,0.06664597718985181,0.0,0.5,0.5059880239520959,1,10,19,7557
A1GXOJYENYFP6W,0.2464907991449795,0.06664597718985181,0.0,0.5,0.5059880239520959,1,7,19,7558
A260ZC4PRM3Z7V,0.2464907991449795,0.06664597718985181,0.0,0.5,0.5059880239520959,1,0,19,7559
A1FIR4LBQA39YR,0.2464907991449795,0.06664597718985181,0.0,0.5,0.5059880239520959,1,7,19,7560
AOMQZAS76F3V3,0.2464907991449795,0.06664597718985181,0.0,0.5,0.5059880239520959,1,7,19,7561
A1RJUXDK64O91A,0.2464907991449795,0.06664597718985181,0.0,0.5,0.5059880239520959,1,10,19,7562
A1BN36SAWCLCIK,0.2464907991449795,0.06664597718985181,0.0,0.5,0.5059880239520959,1,7,19,7563
AR0TID0Y19R2X,0.2464907991449795,0.06664597718985181,0.0,0.5,0.5059880239520959,1,10,19,7564
A1QOF415R8PIJO,0.2464907991449795,0.06664597718985181,0.0,0.5,0.5059880239520959,1,10,19,7565
A15KCEKCUCYF0O,0.2464907991449795,0.06664597718985181,0.0,0.5,0.5059880239520959,1,7,19,7566
A1889S56VFLVMZ,0.2464907991449795,0.06664597718985181,0.0,0.5,0.5059880239520959,1,7,19,7567
A3S58J9HNVKP32,0.2464907991449795,0.06664597718985181,0.0,0.5,0.5059880239520959,1,7,19,7568
A32R6DMRW8JBNT,0.2464907991449795,0.06664597718985181,0.0,0.5,0.5059880239520959,1,10,19,7569
A19XMHRB3G4DIR,0.2464907991449795,0.06664597718985181,0.0,0.5,0.5059880239520959,1,10,19,7570
A3JOGUHYHZV8LD,0.2464907991449795,0.06664597718985181,0.0,0.5,0.5059880239520959,1,7,19,7571
A1MZVETF38AMZ6,0.2464907991449795,0.06664597718985181,0.0,0.5,0.5059880239520959,1,7,19,7572
A3PDGWYC08DXF4,0.2464907991449795,0.06664597718985181,0.0,0.5,0.5059880239520959,1,7,19,7573
ATF9GIT9E3X5S,0.2464907991449795,0.06664597718985181,0.0,0.5,0.5059880239520959,1,7,19,7574
ALVYD6HBLYI0W,0.2464907991449795,0.06664597718985181,0.0,0.5,0.5059880239520959,1,10,19,7575
A213ELP74FH0SJ,0.24639723627072802,0.06664597718985181,0.0,0.5,0.5056137724550899,1,30,18,7576
A3GMRYV7VAYK5Q,0.24639723627072802,0.06664597718985181,0.0,0.5,0.5056137724550899,1,0,18,7577
A2JFF23K5FUHE3,0.24639723627072802,0.06664597718985181,0.0,0.5,0.5056137724550899,1,2,18,7578
AM9Z8Y09D2KHG,0.24639723627072802,0.06664597718985181,0.0,0.5,0.5056137724550899,1,0,18,7579
A1L4BY5GG3U3LX,0.24639723627072802,0.06664597718985181,0.0,0.5,0.5056137724550899,1,0,18,7580
A1JT0IN757D4J2,0.24639723627072802,0.06664597718985181,0.0,0.5,0.5056137724550899,1,0,18,7581
AK2XW27R76ZTC,0.24639723627072802,0.06664597718985181,0.0,0.5,0.5056137724550899,1,30,18,7582
A27POUEZJP2IDM,0.24639723627072802,0.06664597718985181,0.0,0.5,0.5056137724550899,1,30,18,7583
A3JMVQ5G2G522W,0.24630367339647652,0.06664597718985181,0.0,0.5,0.5052395209580839,1,32,17,7584
A3IZ2M44IH6JVV,0.24630367339647652,0.06664597718985181,0.0,0.5,0.5052395209580839,1,5,17,7585
A2LOZRM8IWNT7Z,0.24630367339647652,0.06664597718985181,0.0,0.5,0.5052395209580839,1,0,17,7586
A2SOKOONUQ850N,0.24630367339647652,0.06664597718985181,0.0,0.5,0.5052395209580839,1,32,17,7587
A3QDY9I0CNMD2W,0.24630367339647652,0.06664597718985181,0.0,0.5,0.5052395209580839,1,0,17,7588
A24N1BAS3CU27H,0.24630367339647652,0.06664597718985181,0.0,0.5,0.5052395209580839,1,6,17,7589
A2Q8J8IL6V9M5T,0.24630367339647652,0.06664597718985181,0.0,0.5,0.5052395209580839,1,0,17,7590
A2PK64OVZA1U8Z,0.24630367339647652,0.06664597718985181,0.0,0.5,0.5052395209580839,1,0,17,7591
A1POGSPD4HN8Y1,0.24630367339647652,0.06664597718985181,0.0,0.5,0.5052395209580839,1,29,17,7592
A118PJ95C6GDJI,0.24630367339647652,0.06664597718985181,0.0,0.5,0.5052395209580839,1,5,17,7593
A2QS3VN107MRZH,0.24630367339647652,0.06664597718985181,0.0,0.5,0.5052395209580839,1,5,17,7594
A3SGQEPU02VKV,0.24630367339647652,0.06664597718985181,0.0,0.5,0.5052395209580839,1,0,17,7595
A91K91GJRE6OU,0.24630367339647652,0.06664597718985181,0.0,0.5,0.5052395209580839,1,0,17,7596
A165EVALNKOZB9,0.24630367339647652,0.06664597718985181,0.0,0.5,0.5052395209580839,1,6,17,7597
A3OQ96W3N91MDS,0.24630367339647652,0.06664597718985181,0.0,0.5,0.5052395209580839,1,32,17,7598
A47K229NJH9J6,0.24630367339647652,0.06664597718985181,0.0,0.5,0.5052395209580839,1,29,17,7599
A4KQW4S2PAXIT,0.24630367339647652,0.06664597718985181,0.0,0.5,0.5052395209580839,1,32,17,7600
A311UKPJDYZOVL,0.24630367339647652,0.06664597718985181,0.0,0.5,0.5052395209580839,1,29,17,7601
A14NAUYC6CGPDG,0.24630367339647652,0.06664597718985181,0.0,0.5,0.5052395209580839,1,29,17,7602
A21IMS76KY1VPC,0.24630367339647652,0.06664597718985181,0.0,0.5,0.5052395209580839,1,29,17,7603
A2JAGOIH2DZAN,0.24630367339647652,0.06664597718985181,0.0,0.5,0.5052395209580839,1,32,17,7604
AUS81YHTM2MPY,0.24630367339647652,0.06664597718985181,0.0,0.5,0.5052395209580839,1,29,17,7605
A3NNOT58HV18UW,0.24630367339647652,0.06664597718985181,0.0,0.5,0.5052395209580839,1,29,17,7606
ATY86XH2DJ4ZH,0.24630367339647652,0.06664597718985181,0.0,0.5,0.5052395209580839,1,29,17,7607
AHLF5V8B3Z8C7,0.24630367339647652,0.06664597718985181,0.0,0.5,0.5052395209580839,1,5,17,7608
A1LEREL38EC0AI,0.24630367339647652,0.06664597718985181,0.0,0.5,0.5052395209580839,1,6,17,7609
A1VDK3E3HBWUCF,0.24630367339647652,0.06664597718985181,0.0,0.5,0.5052395209580839,1,6,17,7610
A3FZI1RHDOZEJO,0.24630367339647652,0.06664597718985181,0.0,0.5,0.5052395209580839,1,32,17,7611
A1WPXG000113YQ,0.24630367339647652,0.06664597718985181,0.0,0.5,0.5052395209580839,1,29,17,7612
A1YRPXMYDV2QE3,0.24630367339647652,0.06664597718985181,0.0,0.5,0.5052395209580839,1,5,17,7613
A1HCVRIFI6V6T7,0.24630367339647652,0.06664597718985181,0.0,0.5,0.5052395209580839,1,6,17,7614
A1H4P50KI3ZR78,0.24630367339647652,0.06664597718985181,0.0,0.5,0.5052395209580839,1,6,17,7615
A294CSQXGL76CV,0.24630367339647652,0.06664597718985181,0.0,0.5,0.5052395209580839,1,29,17,7616
A16GBXDS51J019,0.24630367339647652,0.06664597718985181,0.0,0.5,0.5052395209580839,1,0,17,7617
A3FF3RNKGCE8YV,0.24630367339647652,0.06664597718985181,0.0,0.5,0.5052395209580839,1,5,17,7618
A1X0990QXMJIY7,0.24630367339647652,0.06664597718985181,0.0,0.5,0.5052395209580839,1,29,17,7619
A2Y6IDYSDC9QTY,0.24630367339647652,0.06664597718985181,0.0,0.5,0.5052395209580839,1,20,17,7620
A3AFDN9UFIHVN1,0.24630367339647652,0.06664597718985181,0.0,0.5,0.5052395209580839,1,29,17,7621
A16RGMORD80K9V,0.24630367339647652,0.06664597718985181,0.0,0.5,0.5052395209580839,1,29,17,7622
A20TZ1MQ0KMJRR,0.24630367339647652,0.06664597718985181,0.0,0.5,0.5052395209580839,1,29,17,7623
A1XSZF2A3ZV2MW,0.24630367339647652,0.06664597718985181,0.0,0.5,0.5052395209580839,1,10,17,7624
A1K599CFNJ1AU1,0.24630367339647652,0.06664597718985181,0.0,0.5,0.5052395209580839,1,5,17,7625
A2XJD20SEKWFCK,0.24630367339647652,0.06664597718985181,0.0,0.5,0.5052395209580839,1,29,17,7626
AI0XJPAL2UJM6,0.24630367339647652,0.06664597718985181,0.0,0.5,0.5052395209580839,1,6,17,7627
A3Q00YPS9TU3Z0,0.246210110522225,0.06664597718985181,0.0,0.5,0.5048652694610778,1,0,16,7628
A1B29I661YGZEU,0.246210110522225,0.06664597718985181,0.0,0.5,0.5048652694610778,1,0,16,7629
AUKMX8TAFE3BA,0.246210110522225,0.06664597718985181,0.0,0.5,0.5048652694610778,1,11,16,7630
A2FKY5R4NSHJ93,0.246210110522225,0.06664597718985181,0.0,0.5,0.5048652694610778,1,0,16,7631
A4J496S0ASF2I,0.246210110522225,0.06664597718985181,0.0,0.5,0.5048652694610778,1,2,16,7632
A16WND1BVJCQJV,0.246210110522225,0.06664597718985181,0.0,0.5,0.5048652694610778,1,2,16,7633
A2Z7MIEHHW9AIT,0.246210110522225,0.06664597718985181,0.0,0.5,0.5048652694610778,1,2,16,7634
A2ZAIKFQ0LQ0WV,0.246210110522225,0.06664597718985181,0.0,0.5,0.5048652694610778,1,0,16,7635
A382XPXKY11IIN,0.246210110522225,0.06664597718985181,0.0,0.5,0.5048652694610778,1,0,16,7636
A1GWQIOSUI37T4,0.246210110522225,0.06664597718985181,0.0,0.5,0.5048652694610778,1,0,16,7637
A2B3QTNPR6EFDO,0.246210110522225,0.06664597718985181,0.0,0.5,0.5048652694610778,1,0,16,7638
A36GB0BMOGXTM0,0.246210110522225,0.06664597718985181,0.0,0.5,0.5048652694610778,1,0,16,7639
A1ZBG4HKXZTVBF,0.246210110522225,0.06664597718985181,0.0,0.5,0.5048652694610778,1,11,16,7640
ACH055GTTIGC9,0.246210110522225,0.06664597718985181,0.0,0.5,0.5048652694610778,1,2,16,7641
A29VR9CPO02WV3,0.246210110522225,0.06664597718985181,0.0,0.5,0.5048652694610778,1,0,16,7642
A30UM9C69L5W5G,0.246210110522225,0.06664597718985181,0.0,0.5,0.5048652694610778,1,0,16,7643
AZTAC5WZ4QDRN,0.246210110522225,0.06664597718985181,0.0,0.5,0.5048652694610778,1,0,16,7644
A102ZABPUPNYCT,0.2461165476479735,0.06664597718985181,0.0,0.5,0.5044910179640718,1,0,15,7645
A3NEAETOSXDBOM,0.2461165476479735,0.06664597718985181,0.0,0.5,0.5044910179640718,1,0,15,7646
A1GX2E4VJH1NAD,0.2461165476479735,0.06664597718985181,0.0,0.5,0.5044910179640718,1,0,15,7647
A38W29I8J03QW8,0.2461165476479735,0.06664597718985181,0.0,0.5,0.5044910179640718,1,33,15,7648
A38WJKB6YULQ6J,0.2461165476479735,0.06664597718985181,0.0,0.5,0.5044910179640718,1,33,15,7649
A14OG85Y77RQVY,0.2461165476479735,0.06664597718985181,0.0,0.5,0.5044910179640718,1,33,15,7650
A3S84AU8UJ9P9D,0.2461165476479735,0.06664597718985181,0.0,0.5,0.5044910179640718,1,0,15,7651
A1M5LJSCJ19S6F,0.2461165476479735,0.06664597718985181,0.0,0.5,0.5044910179640718,1,0,15,7652
AEH6EQL2LG02J,0.2461165476479735,0.06664597718985181,0.0,0.5,0.5044910179640718,1,0,15,7653
A2JIQ6SZ1PQ6P9,0.2461165476479735,0.06664597718985181,0.0,0.5,0.5044910179640718,1,0,15,7654
A2SU3YFX8T4UJ7,0.2461165476479735,0.06664597718985181,0.0,0.5,0.5044910179640718,1,0,15,7655
A2JVIA9P648H6Y,0.2461165476479735,0.06664597718985181,0.0,0.5,0.5044910179640718,1,0,15,7656
AQNQHPRR3WQU1,0.2461165476479735,0.06664597718985181,0.0,0.5,0.5044910179640718,1,33,15,7657
A1TUUSQODOPXOE,0.2461165476479735,0.06664597718985181,0.0,0.5,0.5044910179640718,1,0,15,7658
AQT8N7YPGVWCM,0.2461165476479735,0.06664597718985181,0.0,0.5,0.5044910179640718,1,33,15,7659
A2UTU1T0P7YTSG,0.2461165476479735,0.06664597718985181,0.0,0.5,0.5044910179640718,1,37,15,7660
ATYQBGM6Q5UMD,0.2461165476479735,0.06664597718985181,0.0,0.5,0.5044910179640718,1,0,15,7661
AWO7V8RR26RMX,0.2461165476479735,0.06664597718985181,0.0,0.5,0.5044910179640718,1,33,15,7662
A1N3GNCJWXQ1ZP,0.2461165476479735,0.06664597718985181,0.0,0.5,0.5044910179640718,1,0,15,7663
A24UIMLT48Z09O,0.2461165476479735,0.06664597718985181,0.0,0.5,0.5044910179640718,1,33,15,7664
AB6KW0XLW1MR7,0.2461165476479735,0.06664597718985181,0.0,0.5,0.5044910179640718,1,0,15,7665
AAXR90I3IASEE,0.2461165476479735,0.06664597718985181,0.0,0.5,0.5044910179640718,1,0,15,7666
A2V1J3JT5OOZFO,0.2461165476479735,0.06664597718985181,0.0,0.5,0.5044910179640718,1,33,15,7667
AMMJH39YLUV8B,0.2461165476479735,0.06664597718985181,0.0,0.5,0.5044910179640718,1,0,15,7668
A3SZOSH24K83K6,0.2461165476479735,0.06664597718985181,0.0,0.5,0.5044910179640718,1,0,15,7669
ADBVNJLWZ4IT0,0.2461165476479735,0.06664597718985181,0.0,0.5,0.5044910179640718,1,0,15,7670
A9TQQPUD6IW4R,0.2461165476479735,0.06664597718985181,0.0,0.5,0.5044910179640718,1,0,15,7671
A1YOGD8K6EV6VI,0.2461165476479735,0.06664597718985181,0.0,0.5,0.5044910179640718,1,33,15,7672
A1FERFOI1OU1OF,0.2461165476479735,0.06664597718985181,0.0,0.5,0.5044910179640718,1,37,15,7673
A3097DNGRCNJEV,0.2461165476479735,0.06664597718985181,0.0,0.5,0.5044910179640718,1,0,15,7674
AFJ6LHAGTA6LS,0.2461165476479735,0.06664597718985181,0.0,0.5,0.5044910179640718,1,37,15,7675
A2BH04B9G9LOYA,0.2461165476479735,0.06664597718985181,0.0,0.5,0.5044910179640718,1,0,15,7676
AP6SQ9NLF1QYZ,0.2461165476479735,0.06664597718985181,0.0,0.5,0.5044910179640718,1,0,15,7677
A17INU4IPI2F8M,0.2461165476479735,0.06664597718985181,0.0,0.5,0.5044910179640718,1,0,15,7678
A2DCWFE9TAMT6P,0.2461165476479735,0.06664597718985181,0.0,0.5,0.5044910179640718,1,0,15,7679
A3J034YH7UG4KT,0.2461165476479735,0.06664597718985181,0.0,0.5,0.5044910179640718,1,33,15,7680
ALDA72MNSJVOK,0.2461165476479735,0.06664597718985181,0.0,0.5,0.5044910179640718,1,0,15,7681
A1IQ0A8IBIVF7R,0.2461165476479735,0.06664597718985181,0.0,0.5,0.5044910179640718,1,0,15,7682
AIUWBR79VSZ8J,0.2461165476479735,0.06664597718985181,0.0,0.5,0.5044910179640718,1,0,15,7683
A1XN1D2FGCQC8E,0.2461165476479735,0.06664597718985181,0.0,0.5,0.5044910179640718,1,0,15,7684
A1HSX3ZEQI9QAB,0.246022984773722,0.06664597718985181,0.0,0.5,0.5041167664670658,1,3,14,7685
A1NRSZN52JUEM3,0.246022984773722,0.06664597718985181,0.0,0.5,0.5041167664670658,1,3,14,7686
AFFAPZZMQI5GW,0.246022984773722,0.06664597718985181,0.0,0.5,0.5041167664670658,1,1,14,7687
AFERF0ZNBKAUS,0.246022984773722,0.06664597718985181,0.0,0.5,0.5041167664670658,1,2,14,7688
A1NI52A6BBZSZO,0.246022984773722,0.06664597718985181,0.0,0.5,0.5041167664670658,1,34,14,7689
AVFB9B931P1CJ,0.246022984773722,0.06664597718985181,0.0,0.5,0.5041167664670658,1,34,14,7690
A27HLTDITCL1O8,0.246022984773722,0.06664597718985181,0.0,0.5,0.5041167664670658,1,5,14,7691
A99C0X6M72RM3,0.246022984773722,0.06664597718985181,0.0,0.5,0.5041167664670658,1,34,14,7692
A1CC0801G6N9GO,0.246022984773722,0.06664597718985181,0.0,0.5,0.5041167664670658,1,3,14,7693
A1QYFJP4PJMXGC,0.246022984773722,0.06664597718985181,0.0,0.5,0.5041167664670658,1,5,14,7694
AWKQGHK4122WI,0.246022984773722,0.06664597718985181,0.0,0.5,0.5041167664670658,1,0,14,7695
A35IK5PV6GLP31,0.246022984773722,0.06664597718985181,0.0,0.5,0.5041167664670658,1,2,14,7696
A7HPQEWKPSFJ6,0.246022984773722,0.06664597718985181,0.0,0.5,0.5041167664670658,1,2,14,7697
A387C579TCK3BG,0.246022984773722,0.06664597718985181,0.0,0.5,0.5041167664670658,1,34,14,7698
A2M67X3IJ1EMIH,0.246022984773722,0.06664597718985181,0.0,0.5,0.5041167664670658,1,3,14,7699
A20BB7TPL5F7G2,0.246022984773722,0.06664597718985181,0.0,0.5,0.5041167664670658,1,2,14,7700
A13CEEFTSM9ZAZ,0.246022984773722,0.06664597718985181,0.0,0.5,0.5041167664670658,1,1,14,7701
A9Y5O2R4D6EH5,0.246022984773722,0.06664597718985181,0.0,0.5,0.5041167664670658,1,34,14,7702
A3QSMCAGMZWMK3,0.246022984773722,0.06664597718985181,0.0,0.5,0.5041167664670658,1,5,14,7703
A3GM3KMDA3MWIR,0.246022984773722,0.06664597718985181,0.0,0.5,0.5041167664670658,1,2,14,7704
ADIIDEMF3LB1,0.246022984773722,0.06664597718985181,0.0,0.5,0.5041167664670658,1,3,14,7705
A296QHS9BLVFLH,0.246022984773722,0.06664597718985181,0.0,0.5,0.5041167664670658,1,2,14,7706
A321QMD4CPT21S,0.246022984773722,0.06664597718985181,0.0,0.5,0.5041167664670658,1,34,14,7707
A1C47EO3P9UKXJ,0.24598423931440172,0.0009265929973510078,0.0290937401574163,0.5143652481887981,0.5422391069523309,2,0,794,7708
ANTGGAQYPSWHF,0.2459294218994705,0.06664597718985181,0.0,0.5,0.5037425149700598,1,0,13,7709
A3O3BZP8IM8SP0,0.2459294218994705,0.06664597718985181,0.0,0.5,0.5037425149700598,1,2,13,7710
A3CTI2ARGG2T7X,0.2459294218994705,0.06664597718985181,0.0,0.5,0.5037425149700598,1,0,13,7711
A2LELPJEN3H7A2,0.2459294218994705,0.06664597718985181,0.0,0.5,0.5037425149700598,1,36,13,7712
A353UAPCDFKIYD,0.2459294218994705,0.06664597718985181,0.0,0.5,0.5037425149700598,1,36,13,7713
A5R13YQNSP42J,0.2459294218994705,0.06664597718985181,0.0,0.5,0.5037425149700598,1,31,13,7714
A1VL6XFRL2NALY,0.2459294218994705,0.06664597718985181,0.0,0.5,0.5037425149700598,1,38,13,7715
A1N3DFHTSVCORA,0.2459294218994705,0.06664597718985181,0.0,0.5,0.5037425149700598,1,31,13,7716
A3PTG5V447NJNW,0.2459294218994705,0.06664597718985181,0.0,0.5,0.5037425149700598,1,0,13,7717
A193Z1VJBI7TRC,0.2459294218994705,0.06664597718985181,0.0,0.5,0.5037425149700598,1,38,13,7718
A1CXVAOCM2IN5Q,0.2459294218994705,0.06664597718985181,0.0,0.5,0.5037425149700598,1,0,13,7719
A35CLCBHMOLSIN,0.2459294218994705,0.06664597718985181,0.0,0.5,0.5037425149700598,1,36,13,7720
AN4ALUMJTDX3Z,0.2459294218994705,0.06664597718985181,0.0,0.5,0.5037425149700598,1,0,13,7721
A3OA4DV4L81N1D,0.2459294218994705,0.06664597718985181,0.0,0.5,0.5037425149700598,1,9,13,7722
A2HXOW9NN7XRNT,0.2459294218994705,0.06664597718985181,0.0,0.5,0.5037425149700598,1,9,13,7723
ASDFYMJ1MTPE7,0.2459294218994705,0.06664597718985181,0.0,0.5,0.5037425149700598,1,11,13,7724
A4UMQLZ0O489D,0.2459294218994705,0.06664597718985181,0.0,0.5,0.5037425149700598,1,0,13,7725
A26624KSJ3FBMZ,0.2459294218994705,0.06664597718985181,0.0,0.5,0.5037425149700598,1,0,13,7726
A1E6GEYZYQF84I,0.2459294218994705,0.06664597718985181,0.0,0.5,0.5037425149700598,1,36,13,7727
A29WPOE56CCG1X,0.2459294218994705,0.06664597718985181,0.0,0.5,0.5037425149700598,1,1,13,7728
A2P9KNX5JRKPKH,0.2459294218994705,0.06664597718985181,0.0,0.5,0.5037425149700598,1,31,13,7729
A1JIPRN4LLM20G,0.2459294218994705,0.06664597718985181,0.0,0.5,0.5037425149700598,1,36,13,7730
A305EHGTB1OGTA,0.2459294218994705,0.06664597718985181,0.0,0.5,0.5037425149700598,1,35,13,7731
A3KCFRTFNBGV3L,0.2459294218994705,0.06664597718985181,0.0,0.5,0.5037425149700598,1,9,13,7732
AEOAMS0G96E8B,0.2459294218994705,0.06664597718985181,0.0,0.5,0.5037425149700598,1,0,13,7733
A2JBLIOT433R9L,0.2459294218994705,0.06664597718985181,0.0,0.5,0.5037425149700598,1,36,13,7734
A1TX6FWFGA1QVO,0.2459294218994705,0.06664597718985181,0.0,0.5,0.5037425149700598,1,11,13,7735
A21PJEIX2MIM1X,0.2459294218994705,0.06664597718985181,0.0,0.5,0.5037425149700598,1,31,13,7736
ACBBEVVSNJ32F,0.2459294218994705,0.06664597718985181,0.0,0.5,0.5037425149700598,1,0,13,7737
ANUPOX03HUN1C,0.2459294218994705,0.06664597718985181,0.0,0.5,0.5037425149700598,1,0,13,7738
A2I7955ZFHEGUB,0.2459294218994705,0.06664597718985181,0.0,0.5,0.5037425149700598,1,35,13,7739
A16SONX6KV5EIY,0.2459294218994705,0.06664597718985181,0.0,0.5,0.5037425149700598,1,31,13,7740
A1SMIJLAMGWXCJ,0.2459294218994705,0.06664597718985181,0.0,0.5,0.5037425149700598,1,11,13,7741
A3DWLI9VIYXI16,0.2459294218994705,0.06664597718985181,0.0,0.5,0.5037425149700598,1,2,13,7742
A1NKE9ESVFDJ8M,0.2459294218994705,0.06664597718985181,0.0,0.5,0.5037425149700598,1,0,13,7743
ADHABLMCBV9CG,0.2459294218994705,0.06664597718985181,0.0,0.5,0.5037425149700598,1,36,13,7744
A1L3U9ZRIBJEHJ,0.2459294218994705,0.06664597718985181,0.0,0.5,0.5037425149700598,1,0,13,7745
AK10GGT97M7QK,0.2459294218994705,0.06664597718985181,0.0,0.5,0.5037425149700598,1,11,13,7746
A1G0N4WP7EDQ1H,0.2459294218994705,0.06664597718985181,0.0,0.5,0.5037425149700598,1,31,13,7747
A182GCZ1JR1TWH,0.2459294218994705,0.06664597718985181,0.0,0.5,0.5037425149700598,1,31,13,7748
A1FR0HJ5QMXV8O,0.2459294218994705,0.06664597718985181,0.0,0.5,0.5037425149700598,1,0,13,7749
AHSB4CWEHOOP2,0.2459294218994705,0.06664597718985181,0.0,0.5,0.5037425149700598,1,38,13,7750
A83N14T7FQV82,0.2459294218994705,0.06664597718985181,0.0,0.5,0.5037425149700598,1,11,13,7751
APZA8SXX9DMT8,0.2459294218994705,0.06664597718985181,0.0,0.5,0.5037425149700598,1,0,13,7752
A2SKDXM0SLR2FN,0.2459294218994705,0.06664597718985181,0.0,0.5,0.5037425149700598,1,9,13,7753
A1RMT8M3X6SYFN,0.2459294218994705,0.06664597718985181,0.0,0.5,0.5037425149700598,1,0,13,7754
A2YRMTUDRXBMYR,0.2459294218994705,0.06664597718985181,0.0,0.5,0.5037425149700598,1,0,13,7755
A1O3LAET0L3BHU,0.2459294218994705,0.06664597718985181,0.0,0.5,0.5037425149700598,1,38,13,7756
A1XK4VP74IB9TQ,0.2459294218994705,0.06664597718985181,0.0,0.5,0.5037425149700598,1,38,13,7757
A88WV7924NGXQ,0.2459294218994705,0.06664597718985181,0.0,0.5,0.5037425149700598,1,36,13,7758
A1BFNBD9CPHHSW,0.2459294218994705,0.06664597718985181,0.0,0.5,0.5037425149700598,1,35,13,7759
A1NTD0TGF56T85,0.2459294218994705,0.06664597718985181,0.0,0.5,0.5037425149700598,1,35,13,7760
A32QUS5HTNB6GO,0.2459294218994705,0.06664597718985181,0.0,0.5,0.5037425149700598,1,0,13,7761
A1RMJZO6G0LJYH,0.2459294218994705,0.06664597718985181,0.0,0.5,0.5037425149700598,1,36,13,7762
A1RMPGNNAEJCVI,0.2459294218994705,0.06664597718985181,0.0,0.5,0.5037425149700598,1,38,13,7763
A83BIO3AO15LQ,0.2459294218994705,0.06664597718985181,0.0,0.5,0.5037425149700598,1,11,13,7764
A14XUCN5OC998O,0.2459294218994705,0.06664597718985181,0.0,0.5,0.5037425149700598,1,0,13,7765
AQ0RLBBIWUZ5Z,0.2459294218994705,0.06664597718985181,0.0,0.5,0.5037425149700598,1,36,13,7766
A3J60ZQRDBBJ4S,0.2459294218994705,0.06664597718985181,0.0,0.5,0.5037425149700598,1,36,13,7767
A155DQ97UZVJSR,0.2459294218994705,0.06664597718985181,0.0,0.5,0.5037425149700598,1,36,13,7768
A2PRAB4P64SXLK,0.2459294218994705,0.06664597718985181,0.0,0.5,0.5037425149700598,1,0,13,7769
A1GYJC4UO4YCQQ,0.2459294218994705,0.06664597718985181,0.0,0.5,0.5037425149700598,1,31,13,7770
A3RYW3OSMMU6SF,0.2459294218994705,0.06664597718985181,0.0,0.5,0.5037425149700598,1,0,13,7771
A3KTU2HKCBMFVR,0.2459294218994705,0.06664597718985181,0.0,0.5,0.5037425149700598,1,11,13,7772
AIEOH19T22OQC,0.2459294218994705,0.06664597718985181,0.0,0.5,0.5037425149700598,1,0,13,7773
A104VHQ06KFLDT,0.245835859025219,0.06664597718985181,0.0,0.5,0.5033682634730539,1,40,12,7774
A2QO4JQX6MTS75,0.245835859025219,0.06664597718985181,0.0,0.5,0.5033682634730539,1,2,12,7775
A2ZY199QQQY3FB,0.245835859025219,0.06664597718985181,0.0,0.5,0.5033682634730539,1,0,12,7776
A3EWNB6RL13T9G,0.245835859025219,0.06664597718985181,0.0,0.5,0.5033682634730539,1,10,12,7777
A39KGML5OYIU00,0.245835859025219,0.06664597718985181,0.0,0.5,0.5033682634730539,1,0,12,7778
A2AOB5EFWI6SI7,0.245835859025219,0.06664597718985181,0.0,0.5,0.5033682634730539,1,10,12,7779
A2QAH6UNUXCSP1,0.245835859025219,0.06664597718985181,0.0,0.5,0.5033682634730539,1,1,12,7780
A1F0J7IHM0KX5G,0.245835859025219,0.06664597718985181,0.0,0.5,0.5033682634730539,1,0,12,7781
A2PWNYM29NJ2J4,0.245835859025219,0.06664597718985181,0.0,0.5,0.5033682634730539,1,0,12,7782
A2MPKE7P1DFYTK,0.245835859025219,0.06664597718985181,0.0,0.5,0.5033682634730539,1,0,12,7783
A37BPVPTAM7JWP,0.245835859025219,0.06664597718985181,0.0,0.5,0.5033682634730539,1,0,12,7784
ALQNOSMQR8AFR,0.245835859025219,0.06664597718985181,0.0,0.5,0.5033682634730539,1,39,12,7785
A1WYKNREHQ30KE,0.245835859025219,0.06664597718985181,0.0,0.5,0.5033682634730539,1,40,12,7786
A3N4TZ3SX3XW12,0.245835859025219,0.06664597718985181,0.0,0.5,0.5033682634730539,1,0,12,7787
A2VTMCHYNBZC07,0.245835859025219,0.06664597718985181,0.0,0.5,0.5033682634730539,1,39,12,7788
A1W8308SYXBSAL,0.245835859025219,0.06664597718985181,0.0,0.5,0.5033682634730539,1,1,12,7789
A1WMEVP3FN3F8J,0.245835859025219,0.06664597718985181,0.0,0.5,0.5033682634730539,1,2,12,7790
A1WNJ4AP6KWDJP,0.245835859025219,0.06664597718985181,0.0,0.5,0.5033682634730539,1,10,12,7791
A3EPT8ENSU0TU,0.245835859025219,0.06664597718985181,0.0,0.5,0.5033682634730539,1,39,12,7792
A2LYF3DJN9X5JN,0.245835859025219,0.06664597718985181,0.0,0.5,0.5033682634730539,1,0,12,7793
A1CGUQU1YQNJFX,0.245835859025219,0.06664597718985181,0.0,0.5,0.5033682634730539,1,0,12,7794
A27DHWJ275D678,0.245835859025219,0.06664597718985181,0.0,0.5,0.5033682634730539,1,39,12,7795
A1NEHV50RHWYE7,0.245835859025219,0.06664597718985181,0.0,0.5,0.5033682634730539,1,0,12,7796
A2NQ5LLFYUKUFL,0.245835859025219,0.06664597718985181,0.0,0.5,0.5033682634730539,1,0,12,7797
A39KC1FTFJ6WE7,0.245835859025219,0.06664597718985181,0.0,0.5,0.5033682634730539,1,40,12,7798
A1XHC34F2MFZ4I,0.245835859025219,0.06664597718985181,0.0,0.5,0.5033682634730539,1,0,12,7799
A1BDMSJDPX5MDF,0.245835859025219,0.06664597718985181,0.0,0.5,0.5033682634730539,1,40,12,7800
A3M7JG967UXPE1,0.245835859025219,0.06664597718985181,0.0,0.5,0.5033682634730539,1,7,12,7801
A3M73KV733HBG3,0.245835859025219,0.06664597718985181,0.0,0.5,0.5033682634730539,1,7,12,7802
A2NIT6BKW11XJQ,0.245835859025219,0.06664597718985181,0.0,0.5,0.5033682634730539,1,40,12,7803
AVLWZUZ594UT4,0.245835859025219,0.06664597718985181,0.0,0.5,0.5033682634730539,1,2,12,7804
A2DCXXNQCZERQ8,0.245835859025219,0.06664597718985181,0.0,0.5,0.5033682634730539,1,0,12,7805
A2DE1BPU8QCNSD,0.245835859025219,0.06664597718985181,0.0,0.5,0.5033682634730539,1,0,12,7806
A3JRQ6I2XZ710D,0.245835859025219,0.06664597718985181,0.0,0.5,0.5033682634730539,1,0,12,7807
A2ZOBJMDF6EZTH,0.245835859025219,0.06664597718985181,0.0,0.5,0.5033682634730539,1,2,12,7808
A1OG22AV0FS7F1,0.245835859025219,0.06664597718985181,0.0,0.5,0.5033682634730539,1,0,12,7809
A3FJXFLTQZU978,0.245835859025219,0.06664597718985181,0.0,0.5,0.5033682634730539,1,0,12,7810
A1FUBPW8U2RYUY,0.245835859025219,0.06664597718985181,0.0,0.5,0.5033682634730539,1,10,12,7811
A2T463WX091RTX,0.245835859025219,0.06664597718985181,0.0,0.5,0.5033682634730539,1,0,12,7812
A14QFQFF3ZX575,0.245835859025219,0.06664597718985181,0.0,0.5,0.5033682634730539,1,7,12,7813
A2KK14LTLA9DPK,0.245835859025219,0.06664597718985181,0.0,0.5,0.5033682634730539,1,2,12,7814
A3FTWBJH7BFDJQ,0.245835859025219,0.06664597718985181,0.0,0.5,0.5033682634730539,1,0,12,7815
A3A0KPQ1458501,0.245835859025219,0.06664597718985181,0.0,0.5,0.5033682634730539,1,0,12,7816
A3703H5T2Y0R0K,0.245835859025219,0.06664597718985181,0.0,0.5,0.5033682634730539,1,39,12,7817
AS4A8GH1B5QBP,0.245835859025219,0.06664597718985181,0.0,0.5,0.5033682634730539,1,39,12,7818
A1OLG8WQ4EAPMF,0.245835859025219,0.06664597718985181,0.0,0.5,0.5033682634730539,1,7,12,7819
A2ATP6ZTCPX1QX,0.245835859025219,0.06664597718985181,0.0,0.5,0.5033682634730539,1,0,12,7820
A1VJGPW4W8FBFV,0.245835859025219,0.06664597718985181,0.0,0.5,0.5033682634730539,1,40,12,7821
A1V427MUP6WWFE,0.245835859025219,0.06664597718985181,0.0,0.5,0.5033682634730539,1,1,12,7822
A1TDXHM6S7HOET,0.245835859025219,0.06664597718985181,0.0,0.5,0.5033682634730539,1,2,12,7823
AXL5F6RXDQMEW,0.245835859025219,0.06664597718985181,0.0,0.5,0.5033682634730539,1,7,12,7824
A3NR9E16US91MM,0.245835859025219,0.06664597718985181,0.0,0.5,0.5033682634730539,1,2,12,7825
A3UW7WC3KDQUPP,0.245835859025219,0.06664597718985181,0.0,0.5,0.5033682634730539,1,10,12,7826
A2BB4DGBRVGKWW,0.245835859025219,0.06664597718985181,0.0,0.5,0.5033682634730539,1,0,12,7827
A2BZNMPV1FDG9T,0.245835859025219,0.06664597718985181,0.0,0.5,0.5033682634730539,1,2,12,7828
A38IFC31823UST,0.245835859025219,0.06664597718985181,0.0,0.5,0.5033682634730539,1,0,12,7829
A1B3GNO9C8YX0N,0.245835859025219,0.06664597718985181,0.0,0.5,0.5033682634730539,1,0,12,7830
AE5HGZPR0FLGF,0.245835859025219,0.06664597718985181,0.0,0.5,0.5033682634730539,1,0,12,7831
A3HS9IAJG1X3WK,0.245835859025219,0.06664597718985181,0.0,0.5,0.5033682634730539,1,0,12,7832
A28JDCKBEDSI1D,0.245835859025219,0.06664597718985181,0.0,0.5,0.5033682634730539,1,10,12,7833
A4DZOJ79D9BXE,0.245835859025219,0.06664597718985181,0.0,0.5,0.5033682634730539,1,40,12,7834
AO5PXGAR6RSYV,0.245835859025219,0.06664597718985181,0.0,0.5,0.5033682634730539,1,0,12,7835
A3RBVD0DCH8CUZ,0.245835859025219,0.06664597718985181,0.0,0.5,0.5033682634730539,1,0,12,7836
AO4ZALF33HP0,0.245835859025219,0.06664597718985181,0.0,0.5,0.5033682634730539,1,0,12,7837
A1JZHU0WUCTO4C,0.245835859025219,0.06664597718985181,0.0,0.5,0.5033682634730539,1,2,12,7838
AEELSV9OP31KG,0.245835859025219,0.06664597718985181,0.0,0.5,0.5033682634730539,1,0,12,7839
A12LIH1OJZIDKZ,0.245835859025219,0.06664597718985181,0.0,0.5,0.5033682634730539,1,2,12,7840
A24PTVSZSM8968,0.245835859025219,0.06664597718985181,0.0,0.5,0.5033682634730539,1,40,12,7841
AGSC327PXS3W6,0.245835859025219,0.06664597718985181,0.0,0.5,0.5033682634730539,1,1,12,7842
APBICPEUMXUVO,0.245835859025219,0.06664597718985181,0.0,0.5,0.5033682634730539,1,0,12,7843
A2LRJOFOXNCIU6,0.245835859025219,0.06664597718985181,0.0,0.5,0.5033682634730539,1,0,12,7844
AV1GL5WEA5MRW,0.245835859025219,0.06664597718985181,0.0,0.5,0.5033682634730539,1,0,12,7845
A1D7WKS43Y6AVY,0.245835859025219,0.06664597718985181,0.0,0.5,0.5033682634730539,1,0,12,7846
A1CIU572HUUE5A,0.24574229615096752,0.06664597718985181,0.0,0.5,0.5029940119760479,1,0,11,7847
A19W821ER7GWHZ,0.24574229615096752,0.06664597718985181,0.0,0.5,0.5029940119760479,1,0,11,7848
A9B2MKOXU1GSD,0.24574229615096752,0.06664597718985181,0.0,0.5,0.5029940119760479,1,0,11,7849
A393VR8USGJSEO,0.24574229615096752,0.06664597718985181,0.0,0.5,0.5029940119760479,1,9,11,7850
AE0BMVEVVU6DQ,0.24574229615096752,0.06664597718985181,0.0,0.5,0.5029940119760479,1,0,11,7851
AQDP0LRIFC9UU,0.24574229615096752,0.06664597718985181,0.0,0.5,0.5029940119760479,1,2,11,7852
A3D5B2CBFNJB0K,0.24574229615096752,0.06664597718985181,0.0,0.5,0.5029940119760479,1,44,11,7853
A3Q4E2FTXYOQEW,0.24574229615096752,0.06664597718985181,0.0,0.5,0.5029940119760479,1,0,11,7854
A1KT19TDP9VE63,0.24574229615096752,0.06664597718985181,0.0,0.5,0.5029940119760479,1,0,11,7855
A3U78DTRGJZFCL,0.24574229615096752,0.06664597718985181,0.0,0.5,0.5029940119760479,1,0,11,7856
A2QKEU7GJSD6FN,0.24574229615096752,0.06664597718985181,0.0,0.5,0.5029940119760479,1,0,11,7857
ARQ945F4OIWVI,0.24574229615096752,0.06664597718985181,0.0,0.5,0.5029940119760479,1,0,11,7858
A1PN2U0AWXGVML,0.24574229615096752,0.06664597718985181,0.0,0.5,0.5029940119760479,1,0,11,7859
A2265X68RLA8AD,0.24574229615096752,0.06664597718985181,0.0,0.5,0.5029940119760479,1,0,11,7860
A3ORB4W3GI1YFG,0.24574229615096752,0.06664597718985181,0.0,0.5,0.5029940119760479,1,0,11,7861
A1210QJT54O8T0,0.24574229615096752,0.06664597718985181,0.0,0.5,0.5029940119760479,1,41,11,7862
A18VP6LYBOEW6X,0.24574229615096752,0.06664597718985181,0.0,0.5,0.5029940119760479,1,0,11,7863
A2OPFKDHSH8T31,0.24574229615096752,0.06664597718985181,0.0,0.5,0.5029940119760479,1,2,11,7864
AW0SOAPEY2I7,0.24574229615096752,0.06664597718985181,0.0,0.5,0.5029940119760479,1,0,11,7865
A2WVD0V1MKJ638,0.24574229615096752,0.06664597718985181,0.0,0.5,0.5029940119760479,1,0,11,7866
A170EFO2P2A4FJ,0.24574229615096752,0.06664597718985181,0.0,0.5,0.5029940119760479,1,44,11,7867
A2SBFXPN5V6A6X,0.24574229615096752,0.06664597718985181,0.0,0.5,0.5029940119760479,1,9,11,7868
A2X8NZUNAWX9SO,0.24574229615096752,0.06664597718985181,0.0,0.5,0.5029940119760479,1,44,11,7869
A2WYV6E1ZFMLL5,0.24574229615096752,0.06664597718985181,0.0,0.5,0.5029940119760479,1,0,11,7870
A3TTE29M158WP5,0.24574229615096752,0.06664597718985181,0.0,0.5,0.5029940119760479,1,0,11,7871
A392YS0W837HFU,0.24574229615096752,0.06664597718985181,0.0,0.5,0.5029940119760479,1,0,11,7872
A19D2SBM4FLBT7,0.24574229615096752,0.06664597718985181,0.0,0.5,0.5029940119760479,1,0,11,7873
A2FNQOFEMCUKW6,0.24574229615096752,0.06664597718985181,0.0,0.5,0.5029940119760479,1,0,11,7874
A3SRZ0L60PNCVE,0.24574229615096752,0.06664597718985181,0.0,0.5,0.5029940119760479,1,0,11,7875
ADIA0K5LUGSYF,0.24574229615096752,0.06664597718985181,0.0,0.5,0.5029940119760479,1,44,11,7876
A1UNJ46NSB352E,0.24574229615096752,0.06664597718985181,0.0,0.5,0.5029940119760479,1,0,11,7877
A1FPU7R5Q7HIDS,0.24574229615096752,0.06664597718985181,0.0,0.5,0.5029940119760479,1,2,11,7878
A10K1AI4CC0588,0.24574229615096752,0.06664597718985181,0.0,0.5,0.5029940119760479,1,0,11,7879
AXJ1QYBUL86ON,0.24574229615096752,0.06664597718985181,0.0,0.5,0.5029940119760479,1,9,11,7880
A3JBGEOQG8PFBH,0.24574229615096752,0.06664597718985181,0.0,0.5,0.5029940119760479,1,44,11,7881
AGG9653C0BX5Y,0.24574229615096752,0.06664597718985181,0.0,0.5,0.5029940119760479,1,0,11,7882
A25D7KKZFL2PH0,0.24574229615096752,0.06664597718985181,0.0,0.5,0.5029940119760479,1,0,11,7883
AJYDC7UP4K4KE,0.24574229615096752,0.06664597718985181,0.0,0.5,0.5029940119760479,1,0,11,7884
A1CA960UP1AYXE,0.24574229615096752,0.06664597718985181,0.0,0.5,0.5029940119760479,1,0,11,7885
AEBAUPOM4TF9S,0.24574229615096752,0.06664597718985181,0.0,0.5,0.5029940119760479,1,41,11,7886
A2USR6TZWUFN7B,0.24574229615096752,0.06664597718985181,0.0,0.5,0.5029940119760479,1,0,11,7887
A18EUQFB1I3CGA,0.24574229615096752,0.06664597718985181,0.0,0.5,0.5029940119760479,1,0,11,7888
A1D07L5D2CF59L,0.24574229615096752,0.06664597718985181,0.0,0.5,0.5029940119760479,1,0,11,7889
A1JJOV69MAU2J2,0.24568765266472295,0.13254344503638374,0.45002423438217853,0.2884060051162424,0.14294943814005878,6,0,100,7890
A3GQKB1KF0CRPE,0.2456748769520003,0.00017052059591330269,0.011106955389338034,0.5143652481887981,0.5598957291525287,2,0,250,7891
A1U58436RQI0GI,0.24564873327671602,0.06664597718985181,0.0,0.5,0.5026197604790419,1,42,10,7892
A256S0SNCGFKGC,0.24564873327671602,0.06664597718985181,0.0,0.5,0.5026197604790419,1,2,10,7893
A16DISUEZB83W6,0.24564873327671602,0.06664597718985181,0.0,0.5,0.5026197604790419,1,43,10,7894
A28ICNCNINMC7Q,0.24564873327671602,0.06664597718985181,0.0,0.5,0.5026197604790419,1,43,10,7895
A200RY2ELZL2Q3,0.24564873327671602,0.06664597718985181,0.0,0.5,0.5026197604790419,1,0,10,7896
AUDSB403UNG6L,0.24564873327671602,0.06664597718985181,0.0,0.5,0.5026197604790419,1,2,10,7897
A2UCQH27E2E312,0.24564873327671602,0.06664597718985181,0.0,0.5,0.5026197604790419,1,42,10,7898
A3OB4235TKCL8K,0.24564873327671602,0.06664597718985181,0.0,0.5,0.5026197604790419,1,2,10,7899
A36QDG8RP3T5AM,0.24564873327671602,0.06664597718985181,0.0,0.5,0.5026197604790419,1,0,10,7900
A3QYIBMXQVLVE7,0.24564873327671602,0.06664597718985181,0.0,0.5,0.5026197604790419,1,0,10,7901
A14SPNJ9UVG42,0.24564873327671602,0.06664597718985181,0.0,0.5,0.5026197604790419,1,0,10,7902
A3H12QDPX7QOKZ,0.24564873327671602,0.06664597718985181,0.0,0.5,0.5026197604790419,1,14,10,7903
A1BQ9NX14RQZVX,0.24564873327671602,0.06664597718985181,0.0,0.5,0.5026197604790419,1,2,10,7904
A3RRAIE5VGNS0S,0.24564873327671602,0.06664597718985181,0.0,0.5,0.5026197604790419,1,2,10,7905
A1179AOJ8WJL5U,0.24564873327671602,0.06664597718985181,0.0,0.5,0.5026197604790419,1,0,10,7906
A24RBKSMOOSPAB,0.24564873327671602,0.06664597718985181,0.0,0.5,0.5026197604790419,1,42,10,7907
A8BGFC6VK46OW,0.24564873327671602,0.06664597718985181,0.0,0.5,0.5026197604790419,1,43,10,7908
A179EHWXB6NSIQ,0.24564873327671602,0.06664597718985181,0.0,0.5,0.5026197604790419,1,2,10,7909
A3F68N9OI8Y67,0.24564873327671602,0.06664597718985181,0.0,0.5,0.5026197604790419,1,2,10,7910
A3U8GAX8OEQATQ,0.24564873327671602,0.06664597718985181,0.0,0.5,0.5026197604790419,1,14,10,7911
A2WL349JI5LCWX,0.24564873327671602,0.06664597718985181,0.0,0.5,0.5026197604790419,1,2,10,7912
A1GZWPGIYCQLVP,0.24564873327671602,0.06664597718985181,0.0,0.5,0.5026197604790419,1,42,10,7913
A12C1TVFHW1JX2,0.24564873327671602,0.06664597718985181,0.0,0.5,0.5026197604790419,1,0,10,7914
A1S3FOP19D8W1X,0.24564873327671602,0.06664597718985181,0.0,0.5,0.5026197604790419,1,43,10,7915
A344VCIOO3EG21,0.24564873327671602,0.06664597718985181,0.0,0.5,0.5026197604790419,1,0,10,7916
AFQBS241UKPAZ,0.24564873327671602,0.06664597718985181,0.0,0.5,0.5026197604790419,1,2,10,7917
A59BC7H4T874H,0.24564873327671602,0.06664597718985181,0.0,0.5,0.5026197604790419,1,43,10,7918
ANQ122AO9P5BI,0.24564873327671602,0.06664597718985181,0.0,0.5,0.5026197604790419,1,0,10,7919
A3HSJ2H5Q075JP,0.24564873327671602,0.06664597718985181,0.0,0.5,0.5026197604790419,1,0,10,7920
A16J5TH0JAVRZ3,0.24564873327671602,0.06664597718985181,0.0,0.5,0.5026197604790419,1,42,10,7921
AOXDZSY5AGHEA,0.24564873327671602,0.06664597718985181,0.0,0.5,0.5026197604790419,1,2,10,7922
AE4MCV22JSE2X,0.24564873327671602,0.06664597718985181,0.0,0.5,0.5026197604790419,1,42,10,7923
AGG6OMGC18HF1,0.24564873327671602,0.06664597718985181,0.0,0.5,0.5026197604790419,1,2,10,7924
A13WNGIMC3PSXM,0.24564873327671602,0.06664597718985181,0.0,0.5,0.5026197604790419,1,2,10,7925
AKCE2SHQ736GH,0.24564873327671602,0.06664597718985181,0.0,0.5,0.5026197604790419,1,43,10,7926
A171JOM1WWO69U,0.24564873327671602,0.06664597718985181,0.0,0.5,0.5026197604790419,1,43,10,7927
AYR1AP117UBVQ,0.24555517040246452,0.06664597718985181,0.0,0.5,0.5022455089820359,1,3,9,7928
ARHH1P2PLAFSJ,0.24555517040246452,0.06664597718985181,0.0,0.5,0.5022455089820359,1,8,9,7929
A23PCEL26412R1,0.24555517040246452,0.06664597718985181,0.0,0.5,0.5022455089820359,1,0,9,7930
A969VLBBX8LQ7,0.24555517040246452,0.06664597718985181,0.0,0.5,0.5022455089820359,1,0,9,7931
A36890902KUCK5,0.24555517040246452,0.06664597718985181,0.0,0.5,0.5022455089820359,1,1,9,7932
A393ITXMCJFQFF,0.24555517040246452,0.06664597718985181,0.0,0.5,0.5022455089820359,1,0,9,7933
A2PNCASV102XS4,0.24555517040246452,0.06664597718985181,0.0,0.5,0.5022455089820359,1,0,9,7934
A3S5XXLY0HSRAR,0.24555517040246452,0.06664597718985181,0.0,0.5,0.5022455089820359,1,0,9,7935
A3S66LKKKGTI30,0.24555517040246452,0.06664597718985181,0.0,0.5,0.5022455089820359,1,46,9,7936
A3UNITKTFPNT9W,0.24555517040246452,0.06664597718985181,0.0,0.5,0.5022455089820359,1,2,9,7937
A1NMV4MGCEHLZS,0.24555517040246452,0.06664597718985181,0.0,0.5,0.5022455089820359,1,8,9,7938
AVDW3OAVWWE05,0.24555517040246452,0.06664597718985181,0.0,0.5,0.5022455089820359,1,8,9,7939
A277GN3987433U,0.24555517040246452,0.06664597718985181,0.0,0.5,0.5022455089820359,1,0,9,7940
A13LRIL8P0TYK0,0.24555517040246452,0.06664597718985181,0.0,0.5,0.5022455089820359,1,0,9,7941
AA91O96C1Z18W,0.24555517040246452,0.06664597718985181,0.0,0.5,0.5022455089820359,1,3,9,7942
A9LLNBBOASWCS,0.24555517040246452,0.06664597718985181,0.0,0.5,0.5022455089820359,1,3,9,7943
A3KE44SZHUFBP1,0.24555517040246452,0.06664597718985181,0.0,0.5,0.5022455089820359,1,1,9,7944
A1RYHZGUQ705BR,0.24555517040246452,0.06664597718985181,0.0,0.5,0.5022455089820359,1,2,9,7945
A2M8GFU93TXKCN,0.24555517040246452,0.06664597718985181,0.0,0.5,0.5022455089820359,1,0,9,7946
AVM0RJ1L4FBJW,0.24555517040246452,0.06664597718985181,0.0,0.5,0.5022455089820359,1,3,9,7947
AVUAK0N5NI9X2,0.24555517040246452,0.06664597718985181,0.0,0.5,0.5022455089820359,1,0,9,7948
A3DJ8DG0WPNXQA,0.24555517040246452,0.06664597718985181,0.0,0.5,0.5022455089820359,1,1,9,7949
A2DVQ6P0I1UUYH,0.24555517040246452,0.06664597718985181,0.0,0.5,0.5022455089820359,1,2,9,7950
A1DIZO95XRBLPO,0.24555517040246452,0.06664597718985181,0.0,0.5,0.5022455089820359,1,0,9,7951
A98VFCJP80FD5,0.24555517040246452,0.06664597718985181,0.0,0.5,0.5022455089820359,1,45,9,7952
A1XD710QD1HCI1,0.24555517040246452,0.06664597718985181,0.0,0.5,0.5022455089820359,1,0,9,7953
A1PC3H8P4MZ3BV,0.24555517040246452,0.06664597718985181,0.0,0.5,0.5022455089820359,1,2,9,7954
A2MZRCGX947V40,0.24555517040246452,0.06664597718985181,0.0,0.5,0.5022455089820359,1,0,9,7955
A2N2GPFRRUPP1J,0.24555517040246452,0.06664597718985181,0.0,0.5,0.5022455089820359,1,0,9,7956
AJX0Q5B0QEP57,0.24555517040246452,0.06664597718985181,0.0,0.5,0.5022455089820359,1,0,9,7957
AGOL1UIZVLC75,0.24555517040246452,0.06664597718985181,0.0,0.5,0.5022455089820359,1,0,9,7958
A22KW5YWAI5YDO,0.24555517040246452,0.06664597718985181,0.0,0.5,0.5022455089820359,1,7,9,7959
A37NP1T8KCEMOW,0.24555517040246452,0.06664597718985181,0.0,0.5,0.5022455089820359,1,7,9,7960
A1SM9R4UGRNV4V,0.24555517040246452,0.06664597718985181,0.0,0.5,0.5022455089820359,1,46,9,7961
A1KCI96DKAK1JA,0.24555517040246452,0.06664597718985181,0.0,0.5,0.5022455089820359,1,0,9,7962
A3I05EBYT0I4XR,0.24555517040246452,0.06664597718985181,0.0,0.5,0.5022455089820359,1,0,9,7963
AF55QHQTEOPF3,0.24555517040246452,0.06664597718985181,0.0,0.5,0.5022455089820359,1,0,9,7964
A37OTRJO1NM63H,0.24555517040246452,0.06664597718985181,0.0,0.5,0.5022455089820359,1,0,9,7965
A1WR0KA61A2CTW,0.24555517040246452,0.06664597718985181,0.0,0.5,0.5022455089820359,1,3,9,7966
A329TQLDBZDAAF,0.24555517040246452,0.06664597718985181,0.0,0.5,0.5022455089820359,1,0,9,7967
AUMJC6WY81CEI,0.24555517040246452,0.06664597718985181,0.0,0.5,0.5022455089820359,1,46,9,7968
A2XOAT7IP6NYCN,0.24555517040246452,0.06664597718985181,0.0,0.5,0.5022455089820359,1,3,9,7969
A18DON5KI1ERFX,0.24555517040246452,0.06664597718985181,0.0,0.5,0.5022455089820359,1,0,9,7970
A3VD9J3FIVJTF2,0.24555517040246452,0.06664597718985181,0.0,0.5,0.5022455089820359,1,1,9,7971
A3HIWWY0ZDLOJG,0.24555517040246452,0.06664597718985181,0.0,0.5,0.5022455089820359,1,2,9,7972
A3AD2Z84TP6P2S,0.24555517040246452,0.06664597718985181,0.0,0.5,0.5022455089820359,1,0,9,7973
A38K3YPGRNGXGW,0.24555517040246452,0.06664597718985181,0.0,0.5,0.5022455089820359,1,0,9,7974
A12SQEAX4EOM13,0.24555517040246452,0.06664597718985181,0.0,0.5,0.5022455089820359,1,0,9,7975
A12TAFRBBG9EI6,0.24555517040246452,0.06664597718985181,0.0,0.5,0.5022455089820359,1,1,9,7976
A1ES9YOD55CMER,0.24555517040246452,0.06664597718985181,0.0,0.5,0.5022455089820359,1,3,9,7977
A2FQIOU39ZHLM5,0.24555517040246452,0.06664597718985181,0.0,0.5,0.5022455089820359,1,46,9,7978
A1LSNQQ37FA5J9,0.24555517040246452,0.06664597718985181,0.0,0.5,0.5022455089820359,1,0,9,7979
AULFLNWJP1QXY,0.24555517040246452,0.06664597718985181,0.0,0.5,0.5022455089820359,1,8,9,7980
A38EHG0M5YL5YQ,0.24555517040246452,0.06664597718985181,0.0,0.5,0.5022455089820359,1,45,9,7981
A12U739X0STRAO,0.24555517040246452,0.06664597718985181,0.0,0.5,0.5022455089820359,1,0,9,7982
AXW14DXA684N4,0.24555517040246452,0.06664597718985181,0.0,0.5,0.5022455089820359,1,3,9,7983
A2TCXL888UE26K,0.24555517040246452,0.06664597718985181,0.0,0.5,0.5022455089820359,1,0,9,7984
AS0NL4FNH6XGS,0.24555517040246452,0.06664597718985181,0.0,0.5,0.5022455089820359,1,0,9,7985
A1UK24C5XO8UKI,0.24555517040246452,0.06664597718985181,0.0,0.5,0.5022455089820359,1,0,9,7986
AD3EX5UG7UZPB,0.24555517040246452,0.06664597718985181,0.0,0.5,0.5022455089820359,1,2,9,7987
A1OA1WF8AOR39T,0.24555517040246452,0.06664597718985181,0.0,0.5,0.5022455089820359,1,1,9,7988
ASL99TDING270,0.24555517040246452,0.06664597718985181,0.0,0.5,0.5022455089820359,1,0,9,7989
A6EFPNEQVKUUJ,0.24555517040246452,0.06664597718985181,0.0,0.5,0.5022455089820359,1,1,9,7990
AAKI8WZID60DS,0.24555517040246452,0.06664597718985181,0.0,0.5,0.5022455089820359,1,8,9,7991
A1U2SXPJT1WQIX,0.24555517040246452,0.06664597718985181,0.0,0.5,0.5022455089820359,1,0,9,7992
A1M4WV5THDIYYF,0.24555517040246452,0.06664597718985181,0.0,0.5,0.5022455089820359,1,0,9,7993
ARVIOWMXTTQ50,0.24555517040246452,0.06664597718985181,0.0,0.5,0.5022455089820359,1,0,9,7994
AAM84K1RZPF1B,0.24555517040246452,0.06664597718985181,0.0,0.5,0.5022455089820359,1,0,9,7995
A1JB0SYY10KNOJ,0.24555517040246452,0.06664597718985181,0.0,0.5,0.5022455089820359,1,46,9,7996
A3OLAZKM77XR6P,0.24555517040246452,0.06664597718985181,0.0,0.5,0.5022455089820359,1,7,9,7997
A2ZRD6US50VB2E,0.24555517040246452,0.06664597718985181,0.0,0.5,0.5022455089820359,1,0,9,7998
A34P7YFJQPS07T,0.24555517040246452,0.06664597718985181,0.0,0.5,0.5022455089820359,1,0,9,7999
A1HH1DPK1ASVDN,0.24555517040246452,0.06664597718985181,0.0,0.5,0.5022455089820359,1,0,9,8000
A2CNZUBFWM361Q,0.24548686226730793,0.0003222939714011199,0.04490630234056145,0.5143652481887981,0.5251621954119504,2,1,221,8001
AFTMJLMVGC26P,0.24546160752821303,0.06664597718985181,0.0,0.5,0.5018712574850299,1,0,8,8002
AR3HUTA2RFUL5,0.24546160752821303,0.06664597718985181,0.0,0.5,0.5018712574850299,1,48,8,8003
A32VHSD0V87NOU,0.24546160752821303,0.06664597718985181,0.0,0.5,0.5018712574850299,1,0,8,8004
A1PWQRQY0K6GWP,0.24546160752821303,0.06664597718985181,0.0,0.5,0.5018712574850299,1,0,8,8005
AEQ1DS61RJLXS,0.24546160752821303,0.06664597718985181,0.0,0.5,0.5018712574850299,1,0,8,8006
A3CKHLERBVJ86H,0.24546160752821303,0.06664597718985181,0.0,0.5,0.5018712574850299,1,3,8,8007
A1UWT5AETD0NY2,0.24546160752821303,0.06664597718985181,0.0,0.5,0.5018712574850299,1,48,8,8008
A5104FF4P1R9A,0.24546160752821303,0.06664597718985181,0.0,0.5,0.5018712574850299,1,2,8,8009
A1TAFEUKHIFV6L,0.24546160752821303,0.06664597718985181,0.0,0.5,0.5018712574850299,1,0,8,8010
A1VBFJXCQ3AK30,0.24546160752821303,0.06664597718985181,0.0,0.5,0.5018712574850299,1,0,8,8011
ATOFTVML8LX4D,0.24546160752821303,0.06664597718985181,0.0,0.5,0.5018712574850299,1,0,8,8012
A2U3OEIK1CUPIK,0.24546160752821303,0.06664597718985181,0.0,0.5,0.5018712574850299,1,2,8,8013
A2UBS120XE605X,0.24546160752821303,0.06664597718985181,0.0,0.5,0.5018712574850299,1,3,8,8014
A261321MIS0YPB,0.24546160752821303,0.06664597718985181,0.0,0.5,0.5018712574850299,1,8,8,8015
A10X9ME6R66JDX,0.24546160752821303,0.06664597718985181,0.0,0.5,0.5018712574850299,1,51,8,8016
A32NKAW0Q7A9IQ,0.24546160752821303,0.06664597718985181,0.0,0.5,0.5018712574850299,1,8,8,8017
ANWZYGU6HFYM9,0.24546160752821303,0.06664597718985181,0.0,0.5,0.5018712574850299,1,0,8,8018
A1I43PYV1DMIIF,0.24546160752821303,0.06664597718985181,0.0,0.5,0.5018712574850299,1,51,8,8019
AWWBZZXN32I6H,0.24546160752821303,0.06664597718985181,0.0,0.5,0.5018712574850299,1,0,8,8020
A1C7E59Y13WKBL,0.24546160752821303,0.06664597718985181,0.0,0.5,0.5018712574850299,1,0,8,8021
A12TECTYSRJ3UR,0.24546160752821303,0.06664597718985181,0.0,0.5,0.5018712574850299,1,47,8,8022
AGX4R68F1QS36,0.24546160752821303,0.06664597718985181,0.0,0.5,0.5018712574850299,1,3,8,8023
A2DGF0LAMJQHQF,0.24546160752821303,0.06664597718985181,0.0,0.5,0.5018712574850299,1,0,8,8024
A1RIVGXTRWO8EE,0.24546160752821303,0.06664597718985181,0.0,0.5,0.5018712574850299,1,51,8,8025
A3HJGWV3E5U502,0.24546160752821303,0.06664597718985181,0.0,0.5,0.5018712574850299,1,0,8,8026
AQM9CPBRYW3PL,0.24546160752821303,0.06664597718985181,0.0,0.5,0.5018712574850299,1,0,8,8027
A3BO1VM9CSCWW1,0.24546160752821303,0.06664597718985181,0.0,0.5,0.5018712574850299,1,0,8,8028
A1XT816XMPYPZ9,0.24546160752821303,0.06664597718985181,0.0,0.5,0.5018712574850299,1,0,8,8029
A1L21TBR5TJ21T,0.24546160752821303,0.06664597718985181,0.0,0.5,0.5018712574850299,1,0,8,8030
A1E9RGETV1X5LK,0.24546160752821303,0.06664597718985181,0.0,0.5,0.5018712574850299,1,0,8,8031
A3MN5FMEN5Y4R9,0.24546160752821303,0.06664597718985181,0.0,0.5,0.5018712574850299,1,2,8,8032
A1ZDP5PMM6RTSO,0.24546160752821303,0.06664597718985181,0.0,0.5,0.5018712574850299,1,51,8,8033
A21BPMOV9NV2DJ,0.24546160752821303,0.06664597718985181,0.0,0.5,0.5018712574850299,1,48,8,8034
AHXO4X437S8CQ,0.24546160752821303,0.06664597718985181,0.0,0.5,0.5018712574850299,1,3,8,8035
A3CVMCBTBQ7R79,0.24546160752821303,0.06664597718985181,0.0,0.5,0.5018712574850299,1,0,8,8036
A2VWE41ZS0TYEN,0.24546160752821303,0.06664597718985181,0.0,0.5,0.5018712574850299,1,3,8,8037
A7PO38C64X6HB,0.24546160752821303,0.06664597718985181,0.0,0.5,0.5018712574850299,1,14,8,8038
A1L6PBIR22S3FA,0.24546160752821303,0.06664597718985181,0.0,0.5,0.5018712574850299,1,3,8,8039
A1WBEIH7Z37LN9,0.24546160752821303,0.06664597718985181,0.0,0.5,0.5018712574850299,1,0,8,8040
AM1OWOLQ092EZ,0.24546160752821303,0.06664597718985181,0.0,0.5,0.5018712574850299,1,0,8,8041
A3HTOR3A84JAM0,0.24546160752821303,0.06664597718985181,0.0,0.5,0.5018712574850299,1,0,8,8042
A1N2D7LLBAY25B,0.24546160752821303,0.06664597718985181,0.0,0.5,0.5018712574850299,1,0,8,8043
A2R4W72HCKFQHZ,0.24546160752821303,0.06664597718985181,0.0,0.5,0.5018712574850299,1,2,8,8044
AOZB4GES5J7FK,0.24546160752821303,0.06664597718985181,0.0,0.5,0.5018712574850299,1,0,8,8045
A3HGKWTC8QAI60,0.24546160752821303,0.06664597718985181,0.0,0.5,0.5018712574850299,1,0,8,8046
AXVORKGHPNFN5,0.24546160752821303,0.06664597718985181,0.0,0.5,0.5018712574850299,1,0,8,8047
A39UWP91J5MQGE,0.24546160752821303,0.06664597718985181,0.0,0.5,0.5018712574850299,1,3,8,8048
A3K8OOB88ICB2E,0.24546160752821303,0.06664597718985181,0.0,0.5,0.5018712574850299,1,48,8,8049
A18H2E8QLI8XGZ,0.24546160752821303,0.06664597718985181,0.0,0.5,0.5018712574850299,1,0,8,8050
A1IMK99FD7RPOL,0.24546160752821303,0.06664597718985181,0.0,0.5,0.5018712574850299,1,0,8,8051
A2IKA32YQXLDUF,0.24546160752821303,0.06664597718985181,0.0,0.5,0.5018712574850299,1,14,8,8052
A9AVOPGTAWJ1K,0.24546160752821303,0.06664597718985181,0.0,0.5,0.5018712574850299,1,0,8,8053
A15U38AWJ3JDN5,0.24546160752821303,0.06664597718985181,0.0,0.5,0.5018712574850299,1,0,8,8054
APTTY8AYIJRXG,0.24546160752821303,0.06664597718985181,0.0,0.5,0.5018712574850299,1,0,8,8055
A3A95AGMVFVNAH,0.24546160752821303,0.06664597718985181,0.0,0.5,0.5018712574850299,1,0,8,8056
AL8JMMSDHTQLJ,0.24546160752821303,0.06664597718985181,0.0,0.5,0.5018712574850299,1,0,8,8057
A230OZ6DNS1SWC,0.24546160752821303,0.06664597718985181,0.0,0.5,0.5018712574850299,1,0,8,8058
A101OAAMZYWQ3U,0.24546160752821303,0.06664597718985181,0.0,0.5,0.5018712574850299,1,47,8,8059
AI7FG0JAGX77B,0.24546160752821303,0.06664597718985181,0.0,0.5,0.5018712574850299,1,0,8,8060
A18PDUB7HSEP10,0.24546160752821303,0.06664597718985181,0.0,0.5,0.5018712574850299,1,0,8,8061
A37YBFELWPSCLB,0.24546160752821303,0.06664597718985181,0.0,0.5,0.5018712574850299,1,0,8,8062
A3E44J6UX651BC,0.24546160752821303,0.06664597718985181,0.0,0.5,0.5018712574850299,1,47,8,8063
A1U9EJYPPU0VA4,0.24546160752821303,0.06664597718985181,0.0,0.5,0.5018712574850299,1,0,8,8064
A18759AMQBHXCW,0.24546160752821303,0.06664597718985181,0.0,0.5,0.5018712574850299,1,2,8,8065
A3KSDF3A05PXJ7,0.24546160752821303,0.06664597718985181,0.0,0.5,0.5018712574850299,1,3,8,8066
A1OZ926T4SI75C,0.24536804465396153,0.06664597718985181,0.0,0.5,0.5014970059880239,1,0,7,8067
AH5NDKZ3YK0AE,0.24536804465396153,0.06664597718985181,0.0,0.5,0.5014970059880239,1,0,7,8068
A21QMWC2TEC3N4,0.24536804465396153,0.06664597718985181,0.0,0.5,0.5014970059880239,1,0,7,8069
A2IA23HHLMUXA6,0.24536804465396153,0.06664597718985181,0.0,0.5,0.5014970059880239,1,9,7,8070
A3H3P7EN3GFW6W,0.24536804465396153,0.06664597718985181,0.0,0.5,0.5014970059880239,1,0,7,8071
A3GR935UY6LX03,0.24536804465396153,0.06664597718985181,0.0,0.5,0.5014970059880239,1,0,7,8072
A20535WAMJUP3U,0.24536804465396153,0.06664597718985181,0.0,0.5,0.5014970059880239,1,0,7,8073
A1I3GL5GLBEQ7X,0.24536804465396153,0.06664597718985181,0.0,0.5,0.5014970059880239,1,0,7,8074
A1A8Q7LYKJ7B9Z,0.24536804465396153,0.06664597718985181,0.0,0.5,0.5014970059880239,1,2,7,8075
A34NP9Q7KBGH63,0.24536804465396153,0.06664597718985181,0.0,0.5,0.5014970059880239,1,0,7,8076
A3W46MLZN82PTZ,0.24536804465396153,0.06664597718985181,0.0,0.5,0.5014970059880239,1,0,7,8077
A1CQRJFY5EEMDZ,0.24536804465396153,0.06664597718985181,0.0,0.5,0.5014970059880239,1,0,7,8078
A3PAIUYIUNSP57,0.24536804465396153,0.06664597718985181,0.0,0.5,0.5014970059880239,1,12,7,8079
A1M31HB05OCA8X,0.24536804465396153,0.06664597718985181,0.0,0.5,0.5014970059880239,1,0,7,8080
A1UZ2MQ5FBH7GA,0.24536804465396153,0.06664597718985181,0.0,0.5,0.5014970059880239,1,0,7,8081
A3CZV7DEX2ARGE,0.24536804465396153,0.06664597718985181,0.0,0.5,0.5014970059880239,1,0,7,8082
A2HPJKM7L4EOQB,0.24536804465396153,0.06664597718985181,0.0,0.5,0.5014970059880239,1,12,7,8083
AZZ1KF8RAO1BR,0.24536804465396153,0.06664597718985181,0.0,0.5,0.5014970059880239,1,0,7,8084
A2J11LO19PHVDC,0.24536804465396153,0.06664597718985181,0.0,0.5,0.5014970059880239,1,0,7,8085
A2QBZA4S1ROX9Q,0.24536804465396153,0.06664597718985181,0.0,0.5,0.5014970059880239,1,50,7,8086
A2ZYC0DMBEHKM9,0.24536804465396153,0.06664597718985181,0.0,0.5,0.5014970059880239,1,0,7,8087
A1O7E72EQTCHHB,0.24536804465396153,0.06664597718985181,0.0,0.5,0.5014970059880239,1,0,7,8088
A3DXZIHCHTFM85,0.24536804465396153,0.06664597718985181,0.0,0.5,0.5014970059880239,1,0,7,8089
A2CQC1UQ7E2YPU,0.24536804465396153,0.06664597718985181,0.0,0.5,0.5014970059880239,1,2,7,8090
AVQLDV5MMCDVM,0.24536804465396153,0.06664597718985181,0.0,0.5,0.5014970059880239,1,0,7,8091
A8Y4678B5ULS9,0.24536804465396153,0.06664597718985181,0.0,0.5,0.5014970059880239,1,0,7,8092
AGAKHE014LQFU,0.24536804465396153,0.06664597718985181,0.0,0.5,0.5014970059880239,1,50,7,8093
A3D296RVX0JVKB,0.24536804465396153,0.06664597718985181,0.0,0.5,0.5014970059880239,1,0,7,8094
AQ3IN3MRXQ5KH,0.24536804465396153,0.06664597718985181,0.0,0.5,0.5014970059880239,1,4,7,8095
A39KOJG83K8F1U,0.24536804465396153,0.06664597718985181,0.0,0.5,0.5014970059880239,1,0,7,8096
A1F5IRG9LIKM2H,0.24536804465396153,0.06664597718985181,0.0,0.5,0.5014970059880239,1,2,7,8097
A2B40QQALLN0I2,0.24536804465396153,0.06664597718985181,0.0,0.5,0.5014970059880239,1,0,7,8098
ADQBX8UHKX7AJ,0.24536804465396153,0.06664597718985181,0.0,0.5,0.5014970059880239,1,49,7,8099
A1S6B5QFWGVL5U,0.24536804465396153,0.06664597718985181,0.0,0.5,0.5014970059880239,1,50,7,8100
A1DIK3X5W8SX51,0.24536804465396153,0.06664597718985181,0.0,0.5,0.5014970059880239,1,0,7,8101
AT09WGFUM934H,0.24536804465396153,0.06664597718985181,0.0,0.5,0.5014970059880239,1,50,7,8102
A1NOM79RDZRLHM,0.24536804465396153,0.06664597718985181,0.0,0.5,0.5014970059880239,1,0,7,8103
A1CCPHN8WYSN8O,0.24536804465396153,0.06664597718985181,0.0,0.5,0.5014970059880239,1,9,7,8104
AWB00UIW85BNV,0.24536804465396153,0.06664597718985181,0.0,0.5,0.5014970059880239,1,0,7,8105
A1L0D739FY7T6G,0.24536804465396153,0.06664597718985181,0.0,0.5,0.5014970059880239,1,0,7,8106
A3A4XDZBCJKIS9,0.24536804465396153,0.06664597718985181,0.0,0.5,0.5014970059880239,1,0,7,8107
AGMVC6FTM7UPR,0.24536804465396153,0.06664597718985181,0.0,0.5,0.5014970059880239,1,12,7,8108
A1VKA5J3NF7OU9,0.24536804465396153,0.06664597718985181,0.0,0.5,0.5014970059880239,1,0,7,8109
AE1A7BHJQ9LW2,0.24536804465396153,0.06664597718985181,0.0,0.5,0.5014970059880239,1,0,7,8110
A2LIZECHRMJAEI,0.24536804465396153,0.06664597718985181,0.0,0.5,0.5014970059880239,1,0,7,8111
A1VQ61UT9WKCV2,0.24536804465396153,0.06664597718985181,0.0,0.5,0.5014970059880239,1,0,7,8112
A2OH11RXZJDOEV,0.24536804465396153,0.06664597718985181,0.0,0.5,0.5014970059880239,1,0,7,8113
A3OZZ0IQTIPZNW,0.24536804465396153,0.06664597718985181,0.0,0.5,0.5014970059880239,1,0,7,8114
A2F0TTEP4W354Y,0.24536804465396153,0.06664597718985181,0.0,0.5,0.5014970059880239,1,0,7,8115
A36GTKCSONG3YQ,0.24536804465396153,0.06664597718985181,0.0,0.5,0.5014970059880239,1,0,7,8116
A2R5QQBR79XURA,0.24536804465396153,0.06664597718985181,0.0,0.5,0.5014970059880239,1,4,7,8117
A1DE6049MCZ3CE,0.24536804465396153,0.06664597718985181,0.0,0.5,0.5014970059880239,1,0,7,8118
A3IXXABPCLE3UX,0.24536804465396153,0.06664597718985181,0.0,0.5,0.5014970059880239,1,0,7,8119
A3TNM3C9ENUCFW,0.24536804465396153,0.06664597718985181,0.0,0.5,0.5014970059880239,1,0,7,8120
AFISR38PWJE3R,0.24536804465396153,0.06664597718985181,0.0,0.5,0.5014970059880239,1,0,7,8121
A7S2B0I67WNWB,0.24536804465396153,0.06664597718985181,0.0,0.5,0.5014970059880239,1,50,7,8122
A28M7EFC3YLY3F,0.2452789481198408,0.13331781622572217,0.11149768236629894,0.5143652481887981,0.29814453209115915,2,5,58,8123
A1I4CSPYVVDOR3,0.24527448177971004,0.06664597718985181,0.0,0.5,0.501122754491018,1,0,6,8124
A3B0PPZOUA6U9I,0.24527448177971004,0.06664597718985181,0.0,0.5,0.501122754491018,1,0,6,8125
ABUPXRSDJLOCP,0.24527448177971004,0.06664597718985181,0.0,0.5,0.501122754491018,1,0,6,8126
A3KTWUXXB8KKC7,0.24527448177971004,0.06664597718985181,0.0,0.5,0.501122754491018,1,0,6,8127
AR1SVEHMOGP44,0.24527448177971004,0.06664597718985181,0.0,0.5,0.501122754491018,1,0,6,8128
A33GO0KKMW20BK,0.24527448177971004,0.06664597718985181,0.0,0.5,0.501122754491018,1,0,6,8129
AE95Z3K6GVIC3,0.24527448177971004,0.06664597718985181,0.0,0.5,0.501122754491018,1,5,6,8130
A26BM4G76GAPCM,0.24527448177971004,0.06664597718985181,0.0,0.5,0.501122754491018,1,5,6,8131
A1GGWEX2RW0IRW,0.24527448177971004,0.06664597718985181,0.0,0.5,0.501122754491018,1,55,6,8132
A1TR3G8YUR8QMG,0.24527448177971004,0.06664597718985181,0.0,0.5,0.501122754491018,1,14,6,8133
A1VMCMYWVQ6YBG,0.24527448177971004,0.06664597718985181,0.0,0.5,0.501122754491018,1,0,6,8134
A3CJGCQI6RKRNJ,0.24527448177971004,0.06664597718985181,0.0,0.5,0.501122754491018,1,0,6,8135
ANVS33BKKSZCI,0.24527448177971004,0.06664597718985181,0.0,0.5,0.501122754491018,1,0,6,8136
A264DG2U0C0BYH,0.24527448177971004,0.06664597718985181,0.0,0.5,0.501122754491018,1,0,6,8137
AY4B9XKR85TTK,0.24527448177971004,0.06664597718985181,0.0,0.5,0.501122754491018,1,0,6,8138
A3VYKXHQDICC6,0.24527448177971004,0.06664597718985181,0.0,0.5,0.501122754491018,1,0,6,8139
A12NAEUGYXUIRD,0.24527448177971004,0.06664597718985181,0.0,0.5,0.501122754491018,1,0,6,8140
A3DKWGWZSZC7PN,0.24527448177971004,0.06664597718985181,0.0,0.5,0.501122754491018,1,0,6,8141
A1Q5M90ZZEEAL1,0.24527448177971004,0.06664597718985181,0.0,0.5,0.501122754491018,1,52,6,8142
AS0QMBY6C5US9,0.24527448177971004,0.06664597718985181,0.0,0.5,0.501122754491018,1,4,6,8143
A28YEO2J0XTA41,0.24527448177971004,0.06664597718985181,0.0,0.5,0.501122754491018,1,0,6,8144
A204N1U3TI06GO,0.24527448177971004,0.06664597718985181,0.0,0.5,0.501122754491018,1,58,6,8145
A3POK7TFSW520G,0.24527448177971004,0.06664597718985181,0.0,0.5,0.501122754491018,1,0,6,8146
A19MDKEDNOK76X,0.24527448177971004,0.06664597718985181,0.0,0.5,0.501122754491018,1,0,6,8147
A1E9ZB5LT45ON1,0.24527448177971004,0.06664597718985181,0.0,0.5,0.501122754491018,1,4,6,8148
A3UFCX1AE4TKZE,0.24527448177971004,0.06664597718985181,0.0,0.5,0.501122754491018,1,52,6,8149
A1X8YM80GSTO66,0.24527448177971004,0.06664597718985181,0.0,0.5,0.501122754491018,1,0,6,8150
A2WO3HF88DF4PW,0.24527448177971004,0.06664597718985181,0.0,0.5,0.501122754491018,1,53,6,8151
A12AT4IWHODYRP,0.24527448177971004,0.06664597718985181,0.0,0.5,0.501122754491018,1,55,6,8152
A7RJ19XG5PDRU,0.24527448177971004,0.06664597718985181,0.0,0.5,0.501122754491018,1,0,6,8153
AE7SDXRY05RW5,0.24527448177971004,0.06664597718985181,0.0,0.5,0.501122754491018,1,55,6,8154
A3INN916E4VION,0.24527448177971004,0.06664597718985181,0.0,0.5,0.501122754491018,1,0,6,8155
AWBZ0P0P842NG,0.24527448177971004,0.06664597718985181,0.0,0.5,0.501122754491018,1,17,6,8156
ADHS2PU94QURO,0.24527448177971004,0.06664597718985181,0.0,0.5,0.501122754491018,1,0,6,8157
A2YY8BZ30MXT5Y,0.24527448177971004,0.06664597718985181,0.0,0.5,0.501122754491018,1,5,6,8158
A33K8EOQH55J62,0.24527448177971004,0.06664597718985181,0.0,0.5,0.501122754491018,1,25,6,8159
A38X9XX2ZRR0ON,0.24527448177971004,0.06664597718985181,0.0,0.5,0.501122754491018,1,0,6,8160
A3NYY0MCW3F36,0.24527448177971004,0.06664597718985181,0.0,0.5,0.501122754491018,1,0,6,8161
A2BFQZMGDGXC2M,0.24527448177971004,0.06664597718985181,0.0,0.5,0.501122754491018,1,56,6,8162
A1QXM4FWKL7CMW,0.24527448177971004,0.06664597718985181,0.0,0.5,0.501122754491018,1,10,6,8163
A1R9QOPV6HVEKF,0.24527448177971004,0.06664597718985181,0.0,0.5,0.501122754491018,1,0,6,8164
A20P79S3FIDLSD,0.24527448177971004,0.06664597718985181,0.0,0.5,0.501122754491018,1,17,6,8165
A35U66IR43E4U6,0.24527448177971004,0.06664597718985181,0.0,0.5,0.501122754491018,1,17,6,8166
AKMEGQ2D4VS55,0.24527448177971004,0.06664597718985181,0.0,0.5,0.501122754491018,1,58,6,8167
A2ML7WMTUSADPA,0.24527448177971004,0.06664597718985181,0.0,0.5,0.501122754491018,1,0,6,8168
A2C27IQUH9N1Z,0.24527448177971004,0.06664597718985181,0.0,0.5,0.501122754491018,1,0,6,8169
A2CFRF9SRM00HE,0.24527448177971004,0.06664597718985181,0.0,0.5,0.501122754491018,1,10,6,8170
A2NJ72QP6SU0MQ,0.24527448177971004,0.06664597718985181,0.0,0.5,0.501122754491018,1,52,6,8171
A24S76CQYV9ONA,0.24527448177971004,0.06664597718985181,0.0,0.5,0.501122754491018,1,58,6,8172
A1HMZSNXP2MC8L,0.24527448177971004,0.06664597718985181,0.0,0.5,0.501122754491018,1,25,6,8173
A1A87C7E8W4W66,0.24527448177971004,0.06664597718985181,0.0,0.5,0.501122754491018,1,0,6,8174
A2Q6I453ZNXBE2,0.24527448177971004,0.06664597718985181,0.0,0.5,0.501122754491018,1,0,6,8175
A24VMHXIDF3ZTC,0.24527448177971004,0.06664597718985181,0.0,0.5,0.501122754491018,1,55,6,8176
A2IC2FBX0GPV1H,0.24527448177971004,0.06664597718985181,0.0,0.5,0.501122754491018,1,0,6,8177
A37WWMRMNR2KSA,0.24527448177971004,0.06664597718985181,0.0,0.5,0.501122754491018,1,10,6,8178
AFNCXMCX7VZWH,0.24527448177971004,0.06664597718985181,0.0,0.5,0.501122754491018,1,10,6,8179
A13R0XX727WQB8,0.24518091890545854,0.06664597718985181,0.0,0.5,0.500748502994012,1,65,5,8180
A1PL7QILVQV3IF,0.24518091890545854,0.06664597718985181,0.0,0.5,0.500748502994012,1,0,5,8181
ARA94YWRAIAWG,0.24518091890545854,0.06664597718985181,0.0,0.5,0.500748502994012,1,0,5,8182
A1I9B4PSCDDWOO,0.24518091890545854,0.06664597718985181,0.0,0.5,0.500748502994012,1,0,5,8183
A1IKC2YBHXIE1M,0.24518091890545854,0.06664597718985181,0.0,0.5,0.500748502994012,1,67,5,8184
AO5O459IFGVTG,0.24518091890545854,0.06664597718985181,0.0,0.5,0.500748502994012,1,65,5,8185
A3JAH5WW61N2EK,0.24518091890545854,0.06664597718985181,0.0,0.5,0.500748502994012,1,0,5,8186
A24KBB6X5URQ63,0.24518091890545854,0.06664597718985181,0.0,0.5,0.500748502994012,1,64,5,8187
A3B4132NC4T9V5,0.24518091890545854,0.06664597718985181,0.0,0.5,0.500748502994012,1,0,5,8188
A1NZ1PX75H8JK9,0.24518091890545854,0.06664597718985181,0.0,0.5,0.500748502994012,1,10,5,8189
A1QLZMPVXL281Y,0.24518091890545854,0.06664597718985181,0.0,0.5,0.500748502994012,1,11,5,8190
A1YH4N1ILGHXC9,0.24518091890545854,0.06664597718985181,0.0,0.5,0.500748502994012,1,60,5,8191
A2YW6XOID7GV6G,0.24518091890545854,0.06664597718985181,0.0,0.5,0.500748502994012,1,1,5,8192
A2BSW8L2WPWNAT,0.24518091890545854,0.06664597718985181,0.0,0.5,0.500748502994012,1,2,5,8193
A3A73UQRD23GVC,0.24518091890545854,0.06664597718985181,0.0,0.5,0.500748502994012,1,11,5,8194
AL5H32ZBE6FO,0.24518091890545854,0.06664597718985181,0.0,0.5,0.500748502994012,1,67,5,8195
A2MYRMQWSWGR29,0.24518091890545854,0.06664597718985181,0.0,0.5,0.500748502994012,1,0,5,8196
A2N3PTK1ZZGHSJ,0.24518091890545854,0.06664597718985181,0.0,0.5,0.500748502994012,1,12,5,8197
A3CGEKPKOO35B3,0.24518091890545854,0.06664597718985181,0.0,0.5,0.500748502994012,1,2,5,8198
A1Y3ECGECWDCAZ,0.24518091890545854,0.06664597718985181,0.0,0.5,0.500748502994012,1,0,5,8199
A3PZB8KZU22LG1,0.24518091890545854,0.06664597718985181,0.0,0.5,0.500748502994012,1,0,5,8200
A3BOQADZVJB6C3,0.24518091890545854,0.06664597718985181,0.0,0.5,0.500748502994012,1,65,5,8201
A3DH74L21G9QFJ,0.24518091890545854,0.06664597718985181,0.0,0.5,0.500748502994012,1,2,5,8202
A32TSY95CFGCL2,0.24518091890545854,0.06664597718985181,0.0,0.5,0.500748502994012,1,0,5,8203
A2D1N6Z7WS9AQQ,0.24518091890545854,0.06664597718985181,0.0,0.5,0.500748502994012,1,65,5,8204
A94O1XOG5H69F,0.24518091890545854,0.06664597718985181,0.0,0.5,0.500748502994012,1,0,5,8205
ALGDCIFQZYMH9,0.24518091890545854,0.06664597718985181,0.0,0.5,0.500748502994012,1,12,5,8206
A3HYYO8PBJZ0J0,0.24518091890545854,0.06664597718985181,0.0,0.5,0.500748502994012,1,2,5,8207
AF4ILCVBB6V7A,0.24518091890545854,0.06664597718985181,0.0,0.5,0.500748502994012,1,0,5,8208
A1J1XPQP1K4PLL,0.24518091890545854,0.06664597718985181,0.0,0.5,0.500748502994012,1,59,5,8209
AGYQ2ZF0J0K0K,0.24518091890545854,0.06664597718985181,0.0,0.5,0.500748502994012,1,6,5,8210
A3GKEM591MMIRY,0.24518091890545854,0.06664597718985181,0.0,0.5,0.500748502994012,1,60,5,8211
A1NYJPZ6687EUD,0.24518091890545854,0.06664597718985181,0.0,0.5,0.500748502994012,1,0,5,8212
APP45XD85ARYL,0.24518091890545854,0.06664597718985181,0.0,0.5,0.500748502994012,1,0,5,8213
A3GBOCNEQ8AAP4,0.24518091890545854,0.06664597718985181,0.0,0.5,0.500748502994012,1,59,5,8214
A3MQ672FYFNM7B,0.24518091890545854,0.06664597718985181,0.0,0.5,0.500748502994012,1,59,5,8215
A31UM38UFS5OF5,0.24518091890545854,0.06664597718985181,0.0,0.5,0.500748502994012,1,60,5,8216
A10NIIWUHCDI0Q,0.24518091890545854,0.06664597718985181,0.0,0.5,0.500748502994012,1,60,5,8217
A19LF8H78H24KJ,0.24518091890545854,0.06664597718985181,0.0,0.5,0.500748502994012,1,67,5,8218
A34HJQ50HKYUQ3,0.24518091890545854,0.06664597718985181,0.0,0.5,0.500748502994012,1,0,5,8219
A3FHSLWEMH7JD8,0.24518091890545854,0.06664597718985181,0.0,0.5,0.500748502994012,1,61,5,8220
A12DLJESJKM1OQ,0.24518091890545854,0.06664597718985181,0.0,0.5,0.500748502994012,1,2,5,8221
A274MXTX3DYLUV,0.24518091890545854,0.06664597718985181,0.0,0.5,0.500748502994012,1,2,5,8222
ASG60YVY09J6D,0.24518091890545854,0.06664597718985181,0.0,0.5,0.500748502994012,1,61,5,8223
AD8DLOGHAXL,0.24518091890545854,0.06664597718985181,0.0,0.5,0.500748502994012,1,0,5,8224
A178RW5ZI68YR3,0.24518091890545854,0.06664597718985181,0.0,0.5,0.500748502994012,1,0,5,8225
A1GYR0Q9BRCNQ4,0.24518091890545854,0.06664597718985181,0.0,0.5,0.500748502994012,1,0,5,8226
AB7DR7FWLMGZ9,0.24518091890545854,0.06664597718985181,0.0,0.5,0.500748502994012,1,23,5,8227
A31GRJW986YY2E,0.24518091890545854,0.06664597718985181,0.0,0.5,0.500748502994012,1,0,5,8228
AE8HKSVNLQRC7,0.24518091890545854,0.06664597718985181,0.0,0.5,0.500748502994012,1,7,5,8229
A2LVL416FFXCSI,0.24518091890545854,0.06664597718985181,0.0,0.5,0.500748502994012,1,0,5,8230
A2L3ZOXJL8OR9G,0.24518091890545854,0.06664597718985181,0.0,0.5,0.500748502994012,1,0,5,8231
AYPCGRSNA2IL,0.24518091890545854,0.06664597718985181,0.0,0.5,0.500748502994012,1,61,5,8232
A3JTWZNUVOL2K1,0.24518091890545854,0.06664597718985181,0.0,0.5,0.500748502994012,1,2,5,8233
A7NZKPZBCYBV9,0.24518091890545854,0.06664597718985181,0.0,0.5,0.500748502994012,1,0,5,8234
A2GKXXW2731VKS,0.24518091890545854,0.06664597718985181,0.0,0.5,0.500748502994012,1,2,5,8235
A1FA27A4WMCDZL,0.24518091890545854,0.06664597718985181,0.0,0.5,0.500748502994012,1,6,5,8236
A19HP1ACNFQDT,0.24518091890545854,0.06664597718985181,0.0,0.5,0.500748502994012,1,0,5,8237
A3D1YKQZN1YZXM,0.24518091890545854,0.06664597718985181,0.0,0.5,0.500748502994012,1,63,5,8238
A3KANLQLC9LHU3,0.24518091890545854,0.06664597718985181,0.0,0.5,0.500748502994012,1,0,5,8239
AHTGES9QI0TT1,0.24518091890545854,0.06664597718985181,0.0,0.5,0.500748502994012,1,0,5,8240
AHOJEEMOIKMCR,0.24518091890545854,0.06664597718985181,0.0,0.5,0.500748502994012,1,2,5,8241
A2Y7BPLIRE7SHD,0.24518091890545854,0.06664597718985181,0.0,0.5,0.500748502994012,1,0,5,8242
AQU3SRNE1MAZX,0.24518091890545854,0.06664597718985181,0.0,0.5,0.500748502994012,1,0,5,8243
A1OO1DO6DNG0IP,0.24518091890545854,0.06664597718985181,0.0,0.5,0.500748502994012,1,0,5,8244
A28UJ5KGAMD9HH,0.24518091890545854,0.06664597718985181,0.0,0.5,0.500748502994012,1,67,5,8245
A206XQ50UQS1GG,0.24518091890545854,0.06664597718985181,0.0,0.5,0.500748502994012,1,10,5,8246
A3L60UJZQ0O0R5,0.24518091890545854,0.06664597718985181,0.0,0.5,0.500748502994012,1,0,5,8247
A39VG5STMCQBI,0.24518091890545854,0.06664597718985181,0.0,0.5,0.500748502994012,1,65,5,8248
AOLQ22OA3HHHK,0.24518091890545854,0.06664597718985181,0.0,0.5,0.500748502994012,1,2,5,8249
A1GG82ALWJIGE8,0.24518091890545854,0.06664597718985181,0.0,0.5,0.500748502994012,1,23,5,8250
A3FKQQTSMHOCE0,0.24518091890545854,0.06664597718985181,0.0,0.5,0.500748502994012,1,2,5,8251
A1CW4FAG34ENZO,0.24518091890545854,0.06664597718985181,0.0,0.5,0.500748502994012,1,23,5,8252
A1IAFOBW8ZR469,0.24518091890545854,0.06664597718985181,0.0,0.5,0.500748502994012,1,0,5,8253
A2JXT7KS8OU2L,0.24518091890545854,0.06664597718985181,0.0,0.5,0.500748502994012,1,0,5,8254
A2I6MHMAZZDCRX,0.24518091890545854,0.06664597718985181,0.0,0.5,0.500748502994012,1,61,5,8255
A2TLLMXNKFCHJ7,0.24518091890545854,0.06664597718985181,0.0,0.5,0.500748502994012,1,0,5,8256
AE8LCUNRSTTW2,0.24518091890545854,0.06664597718985181,0.0,0.5,0.500748502994012,1,60,5,8257
AJ7GOBURILNOF,0.24518091890545854,0.06664597718985181,0.0,0.5,0.500748502994012,1,10,5,8258
A2OMVQGC33VSNC,0.24518091890545854,0.06664597718985181,0.0,0.5,0.500748502994012,1,2,5,8259
A3H0JGT2GLNX5Y,0.24518091890545854,0.06664597718985181,0.0,0.5,0.500748502994012,1,12,5,8260
A2A9X58G2GTBLP,0.24518091890545854,0.06664597718985181,0.0,0.5,0.500748502994012,1,2,5,8261
A29R3O02O0PON4,0.24518091890545854,0.06664597718985181,0.0,0.5,0.500748502994012,1,6,5,8262
A2A2JYDOR6GJ3E,0.24518091890545854,0.06664597718985181,0.0,0.5,0.500748502994012,1,10,5,8263
A108QN0VQPX1W2,0.24518091890545854,0.06664597718985181,0.0,0.5,0.500748502994012,1,7,5,8264
AZYTIZ4EHOAL8,0.24518091890545854,0.06664597718985181,0.0,0.5,0.500748502994012,1,7,5,8265
AZHOP0V69KO20,0.24508735603120704,0.06664597718985181,0.0,0.5,0.500374251497006,1,72,4,8266
A23YS38RRW4YW6,0.24508735603120704,0.06664597718985181,0.0,0.5,0.500374251497006,1,78,4,8267
A3ASKO4R2SZE3D,0.24508735603120704,0.06664597718985181,0.0,0.5,0.500374251497006,1,0,4,8268
A1ESEP2IGYJDXN,0.24508735603120704,0.06664597718985181,0.0,0.5,0.500374251497006,1,77,4,8269
A25QY9B9W2FQCF,0.24508735603120704,0.06664597718985181,0.0,0.5,0.500374251497006,1,0,4,8270
AEZ3CR6BKIROJ,0.24508735603120704,0.06664597718985181,0.0,0.5,0.500374251497006,1,0,4,8271
AEWYZOB8G3MBQ,0.24508735603120704,0.06664597718985181,0.0,0.5,0.500374251497006,1,0,4,8272
A21Q1LBZP2671X,0.24508735603120704,0.06664597718985181,0.0,0.5,0.500374251497006,1,72,4,8273
A32Z1V9II49XZY,0.24508735603120704,0.06664597718985181,0.0,0.5,0.500374251497006,1,72,4,8274
A1ILWPH1GHUXE2,0.24508735603120704,0.06664597718985181,0.0,0.5,0.500374251497006,1,68,4,8275
A3132X0691CH4V,0.24508735603120704,0.06664597718985181,0.0,0.5,0.500374251497006,1,0,4,8276
AHR3LG5G9KQH,0.24508735603120704,0.06664597718985181,0.0,0.5,0.500374251497006,1,81,4,8277
ADLVFFE4VBT8,0.24508735603120704,0.06664597718985181,0.0,0.5,0.500374251497006,1,76,4,8278
A3EOMRZFU33I6Z,0.24508735603120704,0.06664597718985181,0.0,0.5,0.500374251497006,1,2,4,8279
A1ITCVZ46MUB3A,0.24508735603120704,0.06664597718985181,0.0,0.5,0.500374251497006,1,73,4,8280
A2YSLAI9DJ32I9,0.24508735603120704,0.06664597718985181,0.0,0.5,0.500374251497006,1,7,4,8281
ADALY60T9TBX2,0.24508735603120704,0.06664597718985181,0.0,0.5,0.500374251497006,1,74,4,8282
A28B1DZ3CLMCYI,0.24508735603120704,0.06664597718985181,0.0,0.5,0.500374251497006,1,0,4,8283
A1AIK0Q0EGHR7P,0.24508735603120704,0.06664597718985181,0.0,0.5,0.500374251497006,1,76,4,8284
A1DYHNSD4T1LEH,0.24508735603120704,0.06664597718985181,0.0,0.5,0.500374251497006,1,2,4,8285
A29SZ81DMZAYC5,0.24508735603120704,0.06664597718985181,0.0,0.5,0.500374251497006,1,0,4,8286
AQXL8B1QPVE09,0.24508735603120704,0.06664597718985181,0.0,0.5,0.500374251497006,1,80,4,8287
A1ZU55TM45Y2R8,0.24508735603120704,0.06664597718985181,0.0,0.5,0.500374251497006,1,80,4,8288
A2A28DJDS6LEHP,0.24508735603120704,0.06664597718985181,0.0,0.5,0.500374251497006,1,86,4,8289
A1ZYDU26TKRNAW,0.24508735603120704,0.06664597718985181,0.0,0.5,0.500374251497006,1,0,4,8290
A1JPQUAOR6BU2I,0.24508735603120704,0.06664597718985181,0.0,0.5,0.500374251497006,1,5,4,8291
A1K22IFHM99SVT,0.24508735603120704,0.06664597718985181,0.0,0.5,0.500374251497006,1,0,4,8292
A1DRM3JV6T5O6P,0.24508735603120704,0.06664597718985181,0.0,0.5,0.500374251497006,1,0,4,8293
AB7IX02UYHG2Y,0.24508735603120704,0.06664597718985181,0.0,0.5,0.500374251497006,1,80,4,8294
A2AQC0GK90K9WX,0.24508735603120704,0.06664597718985181,0.0,0.5,0.500374251497006,1,0,4,8295
A1GRYKT7TUE9CE,0.24508735603120704,0.06664597718985181,0.0,0.5,0.500374251497006,1,0,4,8296
AAJIGWE242MSN,0.24508735603120704,0.06664597718985181,0.0,0.5,0.500374251497006,1,0,4,8297
A38B7DTWWL4JE,0.24508735603120704,0.06664597718985181,0.0,0.5,0.500374251497006,1,5,4,8298
A36NE7OSWUC5KS,0.24508735603120704,0.06664597718985181,0.0,0.5,0.500374251497006,1,0,4,8299
A1K77RMH56CQVC,0.24508735603120704,0.06664597718985181,0.0,0.5,0.500374251497006,1,0,4,8300
A2BI702GCWNYJ4,0.24508735603120704,0.06664597718985181,0.0,0.5,0.500374251497006,1,70,4,8301
A33O0L7DTMBKUK,0.24508735603120704,0.06664597718985181,0.0,0.5,0.500374251497006,1,0,4,8302
A3QJX63UDE76OA,0.24508735603120704,0.06664597718985181,0.0,0.5,0.500374251497006,1,69,4,8303
A1QFMC6B2O1QMG,0.24508735603120704,0.06664597718985181,0.0,0.5,0.500374251497006,1,0,4,8304
A1XVBF3IR76QPL,0.24508735603120704,0.06664597718985181,0.0,0.5,0.500374251497006,1,71,4,8305
A91LOU9XGER2N,0.24508735603120704,0.06664597718985181,0.0,0.5,0.500374251497006,1,69,4,8306
A8Z12UC2IMSTR,0.24508735603120704,0.06664597718985181,0.0,0.5,0.500374251497006,1,16,4,8307
A1AM97PWBXRM6D,0.24508735603120704,0.06664597718985181,0.0,0.5,0.500374251497006,1,81,4,8308
AVBJLSSLIQEMP,0.24508735603120704,0.06664597718985181,0.0,0.5,0.500374251497006,1,69,4,8309
A3N7T0DY83Y4IG,0.24508735603120704,0.06664597718985181,0.0,0.5,0.500374251497006,1,84,4,8310
A2VRTT04CKK484,0.24508735603120704,0.06664597718985181,0.0,0.5,0.500374251497006,1,77,4,8311
A35JT7XCQM7D37,0.24508735603120704,0.06664597718985181,0.0,0.5,0.500374251497006,1,71,4,8312
A7OR8OWWGK55W,0.24508735603120704,0.06664597718985181,0.0,0.5,0.500374251497006,1,72,4,8313
A7A01Y50214JY,0.24508735603120704,0.06664597718985181,0.0,0.5,0.500374251497006,1,68,4,8314
A77JQQU1TKPR3,0.24508735603120704,0.06664597718985181,0.0,0.5,0.500374251497006,1,16,4,8315
A1LKXQNNHK1NMO,0.24508735603120704,0.06664597718985181,0.0,0.5,0.500374251497006,1,5,4,8316
A38O4PIHV41EWX,0.24508735603120704,0.06664597718985181,0.0,0.5,0.500374251497006,1,0,4,8317
A3U04KS55VJLSR,0.24508735603120704,0.06664597718985181,0.0,0.5,0.500374251497006,1,0,4,8318
A1G84JVGCWCUEJ,0.24508735603120704,0.06664597718985181,0.0,0.5,0.500374251497006,1,82,4,8319
A2MSQT2P5PH6O3,0.24508735603120704,0.06664597718985181,0.0,0.5,0.500374251497006,1,0,4,8320
A1R494W7UBXL90,0.24508735603120704,0.06664597718985181,0.0,0.5,0.500374251497006,1,86,4,8321
A1R22WL520D4L0,0.24508735603120704,0.06664597718985181,0.0,0.5,0.500374251497006,1,80,4,8322
A1VUCCLEP5OADL,0.24508735603120704,0.06664597718985181,0.0,0.5,0.500374251497006,1,79,4,8323
A1LTG32UR3XK3P,0.24508735603120704,0.06664597718985181,0.0,0.5,0.500374251497006,1,16,4,8324
A2UZOEYWC4H6R4,0.24508735603120704,0.06664597718985181,0.0,0.5,0.500374251497006,1,1,4,8325
AMO214LNFCEI4,0.24508735603120704,0.06664597718985181,0.0,0.5,0.500374251497006,1,84,4,8326
A2ULPJ9UDZCGQ2,0.24508735603120704,0.06664597718985181,0.0,0.5,0.500374251497006,1,0,4,8327
A1UVUFYKDK4N41,0.24508735603120704,0.06664597718985181,0.0,0.5,0.500374251497006,1,85,4,8328
A5BB2IEW4LRGP,0.24508735603120704,0.06664597718985181,0.0,0.5,0.500374251497006,1,73,4,8329
ANU1675O6DO5E,0.24508735603120704,0.06664597718985181,0.0,0.5,0.500374251497006,1,72,4,8330
A2I9X30JGIAG,0.24508735603120704,0.06664597718985181,0.0,0.5,0.500374251497006,1,86,4,8331
A32M7HKY7SQ602,0.24508735603120704,0.06664597718985181,0.0,0.5,0.500374251497006,1,16,4,8332
AOB4X41HYDG3L,0.24508735603120704,0.06664597718985181,0.0,0.5,0.500374251497006,1,0,4,8333
A1U8YBMDRO6YA5,0.24508735603120704,0.06664597718985181,0.0,0.5,0.500374251497006,1,2,4,8334
A2J1DWBCD63Q54,0.24508735603120704,0.06664597718985181,0.0,0.5,0.500374251497006,1,85,4,8335
ATRSE31FLPUOP,0.24508735603120704,0.06664597718985181,0.0,0.5,0.500374251497006,1,74,4,8336
A3OQGX7T9GL0LD,0.24508735603120704,0.06664597718985181,0.0,0.5,0.500374251497006,1,0,4,8337
ASZL6B12IBU69,0.24508735603120704,0.06664597718985181,0.0,0.5,0.500374251497006,1,0,4,8338
A3UNCJ8G4GLHDX,0.24508735603120704,0.06664597718985181,0.0,0.5,0.500374251497006,1,2,4,8339
A1RO3O4905L66T,0.24508735603120704,0.06664597718985181,0.0,0.5,0.500374251497006,1,68,4,8340
A2MPQHYMT258ZV,0.24508735603120704,0.06664597718985181,0.0,0.5,0.500374251497006,1,0,4,8341
A2MJHJ3VYTS7V8,0.24508735603120704,0.06664597718985181,0.0,0.5,0.500374251497006,1,70,4,8342
A39Z1MT92AMF5E,0.24508735603120704,0.06664597718985181,0.0,0.5,0.500374251497006,1,0,4,8343
A3P6OWYSHBXE5T,0.24508735603120704,0.06664597718985181,0.0,0.5,0.500374251497006,1,16,4,8344
A1N3EH28S4DI8L,0.24508735603120704,0.06664597718985181,0.0,0.5,0.500374251497006,1,82,4,8345
A2L8545I1KHY19,0.24508735603120704,0.06664597718985181,0.0,0.5,0.500374251497006,1,0,4,8346
A1SJN10JTU3BON,0.24508735603120704,0.06664597718985181,0.0,0.5,0.500374251497006,1,16,4,8347
AZANOSUQAY5C6,0.24508735603120704,0.06664597718985181,0.0,0.5,0.500374251497006,1,7,4,8348
AG4D06TQLDFMH,0.24508735603120704,0.06664597718985181,0.0,0.5,0.500374251497006,1,87,4,8349
A24EV6RXELQZ63,0.24508735603120704,0.06664597718985181,0.0,0.5,0.500374251497006,1,84,4,8350
A22K8OBJPM3FL5,0.24508735603120704,0.06664597718985181,0.0,0.5,0.500374251497006,1,0,4,8351
A196K5YM49XXAE,0.24508735603120704,0.06664597718985181,0.0,0.5,0.500374251497006,1,0,4,8352
A2P5U7BDKKT7FW,0.24508735603120704,0.06664597718985181,0.0,0.5,0.500374251497006,1,0,4,8353
A3GVTK181RD96Y,0.24508735603120704,0.06664597718985181,0.0,0.5,0.500374251497006,1,0,4,8354
A2QB3BKGDVG6DX,0.24508735603120704,0.06664597718985181,0.0,0.5,0.500374251497006,1,7,4,8355
A1H8PY3QHMQQA0,0.24508735603120704,0.06664597718985181,0.0,0.5,0.500374251497006,1,84,4,8356
A1ABUXDEZODI5T,0.24508735603120704,0.06664597718985181,0.0,0.5,0.500374251497006,1,5,4,8357
A1EC1IGNE6G5UP,0.24499379315695555,0.06664597718985181,0.0,0.5,0.5,1,89,3,8358
A3D4OB8I3HPULA,0.24499379315695555,0.06664597718985181,0.0,0.5,0.5,1,89,3,8359
A19J4IR55H1NZI,0.24499379315695555,0.06664597718985181,0.0,0.5,0.5,1,89,3,8360
A10LWFKVC21F82,0.24499379315695555,0.06664597718985181,0.0,0.5,0.5,1,89,3,8361
A231WM2Z2JL0U3,0.2449240049298772,0.0011740225810745598,0.2663376940684782,0.5682706823501287,0.2573329526736382,23,0,683,8362
A2LFDHTL18INZQ,0.2446512564783967,0.0010158856389169057,0.031004164272087187,0.5143652481887981,0.5348896003237608,2,3,877,8363
A1ZR6RT42KHUIF,0.24440228468438308,0.13866477762052415,0.2691346725060977,0.4769563969302545,0.16051161554260207,5,0,103,8364
A3TPM2VJA0X1Y2,0.2443229728284013,0.13331781622572217,0.0,0.5143652481887981,0.40581831329170004,2,0,30,8365
A1TBH7Z4RK7PRK,0.244317767386817,0.0002250986522343937,0.06246493180436784,0.6169509223866431,0.42097528145090435,3,0,302,8366
AL47H8L17R0GG,0.24320816852329524,0.0005830133963181469,0.0,0.5143652481887981,0.5606408594665607,2,11,704,8367
A2UNPQIED8UO2O,0.2429326088887228,7.766585434768953e-05,0.0,0.5143652481887981,0.5601450379786356,2,0,250,8368
A3SO2AGQXXL8LC,0.2417411299296477,0.0001506743561946802,0.0,1.0,0.16678371049115717,3,0,65,8369
A2CY10DLP6U5MH,0.24138608462504085,0.00024189654368372178,0.1633941041838894,0.26436524818879814,0.590367759912815,2,4,1020,8370
A18X6ZT4AEYVKB,0.24138220901064106,0.0006510096162745313,0.0,0.5,0.5647476245030347,2,4,951,8371
A1ISUNUWG0K02V,0.24055156720596735,0.12925905904883306,0.2430958325322034,0.5535602984024418,0.12115132671111281,7,0,91,8372
A1NAP0D9XV7KA5,0.24004079638928358,0.004418927423039456,0.008478673774687705,0.5143652481887981,0.5348896003237608,2,3,877,8373
A1R19YYR5OR26T,0.239879326419625,0.0005830133963181469,0.0,0.5143652481887981,0.5473254910518797,2,1,216,8374
A3VK2YVHWSVQHB,0.23959665347480774,0.001506824108829026,0.008006112898534742,0.5143652481887981,0.5370801135190628,2,0,256,8375
A2ZH26QW2ZPK2C,0.2391994335239212,3.533304983812727e-05,0.17491531330277016,0.5,0.38184002113310894,2,14,128,8376
A22BPC7LRSGSYQ,0.23870684802149902,0.0003364851052633354,0.3146825252874428,0.5143652481887981,0.22824888612119873,2,2,13,8377
A3M42KV16HOLX3,0.238541936102085,2.155766965416973e-05,0.0,0.5143652481887981,0.5426496766537164,2,1,217,8378
AURW67ORPANXK,0.23827987947519172,0.0003895390202485363,0.011154058055706077,0.5143652481887981,0.5300058144697241,2,0,258,8379
A11D1KHM7DVOQK,0.23822248890112052,0.00017178194558974255,0.1652691893819365,0.12652775451250856,0.686192424277831,3,4,562,8380
A2T70SN2VZHOR4,0.23783528630580802,0.13331781622572217,0.11018153109847076,0.5,0.28117823465389463,2,0,80,8381
A1C82BC5GNABOA,0.23767496078082023,0.04442203084456168,0.058826133586312945,0.5143652481887981,0.4270750739724555,2,8,92,8382
A2GBQVP43UVKTA,0.2375235274374033,0.13331781622572217,0.03344695569281533,0.5,0.3566657745859312,2,1,348,8383
A1PG70NH85K859,0.23740152755126712,0.005771689374491898,0.040725698161099076,0.5143652481887981,0.4904621862435406,2,1,186,8384
AN30G4IKL1BMZ,0.2368363075694675,0.12918884974371062,0.1271138343534569,0.7634987946698404,0.05440574049608802,6,0,76,8385
A80DXXEKX12RI,0.23663257471697513,0.00019976197474579795,0.013147742949595056,0.5143652481887981,0.521650642997572,2,11,631,8386
A3UZ17HANZ9F1E,0.2360958219355482,0.12123785974208519,0.11408606793592947,0.7298886525356826,0.10090086608721506,5,0,86,8387
A3URVWPFJOHT72,0.23587375657609044,0.17019753450355377,0.1393248739636762,0.5,0.19993311093642105,3,0,37,8388
A2CS5VHXSF8ABK,0.2353290589035349,0.004736412370829315,0.03138211910979839,0.5143652481887981,0.49275822310830747,2,1,157,8389
A1KY5G5FP31F2F,0.23520941686403007,4.888236814720516e-05,0.013380030853004987,0.5,0.5273989777613387,2,12,190,8390
A1F2QYMDONSF7I,0.2350487823810012,0.0004754301768075242,0.07248495670373203,0.6169509223866431,0.37357891869878923,3,0,314,8391
AOCH3ON3BIM7O,0.23486958380170875,0.0007742002224118755,0.20781466891373046,0.6169509223866431,0.23717388811689574,3,0,39,8392
A3I5S0G8FMWV03,0.23470382765504472,0.0018007638809915784,0.0,0.5143652481887981,0.5251621954119504,2,1,221,8393
A3DUWATQEKWLTY,0.23436549992221486,0.000680906765669103,0.2026233028052684,0.6169509223866431,0.2404608708554736,3,5,271,8394
ADP9OKUYOSYCW,0.2336369495673032,0.0006510096162745313,0.08782591383946034,0.5,0.4459406728902229,2,0,53,8395
AT7MEX6AWQF8P,0.23346154370153258,0.00010161776972879328,0.0,0.5143652481887981,0.5222320349314172,2,2,191,8396
A41JUIFTT1J4B,0.2328093388022794,0.0010408875785553572,0.08201562173907731,0.5143652481887981,0.4364804698247354,2,0,73,8397
A3SVCU49WCUHHY,0.2328088323259263,0.13331781622572217,0.061514114029501674,0.5143652481887981,0.29824763725229847,2,5,229,8398
A1X3DA7C61WZLQ,0.2327902808313433,0.00024047040046293734,0.2541721049392715,0.45028425571997643,0.3164730493295649,3,0,71,8399
A3UO7TPKCH3D4,0.23244898238656928,0.00011217508780310901,0.14672467034805947,0.5143652481887981,0.3714444505418154,2,0,287,8400
AVKN56YCOTI2W,0.2320199598637117,0.0030751539230916814,0.09191530179551569,0.5143652481887981,0.4209821544005827,2,5,55,8401
A3E9VBNS25Z9FI,0.23201724391266793,5.1215424543131055e-05,0.006576065801317626,0.5143652481887981,0.5099392527888638,2,0,264,8402
A6ZPLVAUQ6695,0.23109756939074463,0.0006049029509149257,0.1676078275115176,0.8394883397040425,0.08446589474712897,10,0,141,8403
AVX4WIV5O4F93,0.23061810238546843,4.087673159491506e-05,0.008578552196331645,0.5,0.5138448052676281,2,3,657,8404
A1TDR7Y90SVCHL,0.23044472448555697,7.482409563261848e-06,0.04664006702426447,0.5143652481887981,0.46363765347544894,2,10,256,8405
AKCDHGUSKVJ72,0.22981348819139283,0.0006183105118159276,0.23994947075207873,0.5143652481887981,0.2670703108482749,2,5,122,8406
A3SS6919NRQ2MF,0.22980807463319053,0.00011289328204775873,0.02011567994759472,0.5143652481887981,0.4874889480956715,2,16,97,8407
A3E2P9J7SMPEXK,0.2297948653261858,0.00014844361551311845,0.10137590519940753,0.5143652481887981,0.4061332252156814,2,0,317,8408
A355B9HM87SFHE,0.22976624042920046,0.004572196018524216,0.034064982198360655,0.5143652481887981,0.4680211457451737,2,0,44,8409
A3NXN2XK3S4HN1,0.22946484830010652,7.710624515652058e-05,0.14960889256926851,0.5143652481887981,0.3566657745859312,2,1,348,8410
A3IIYC4PF1DTG9,0.22926482597236658,0.0006722725941476132,0.10906207299626991,0.5,0.4071905037802193,2,0,30,8411
A1X6VVP8JLFEJ,0.22924862400265253,0.13331781622572217,0.02764316291035248,0.5,0.32936995362939103,2,11,340,8412
A1ORUSHRRG0VWN,0.22921678983407556,0.14104884410075344,0.17324562219584158,0.4712102976547352,0.19739468609576824,5,0,81,8413
AJJV9Z17KV6GR,0.22802784327706885,0.14748945994520934,0.41360516575943274,0.31796783656814603,0.06714458616007465,7,0,81,8414
A2KZOIOFXXMC1H,0.22773190940424098,0.06664597718985181,0.3185441157071366,0.26436524818879814,0.3009161507309666,2,10,76,8415
A1GY1HIA0XKF2G,0.22754820107959717,0.03331005767191662,0.06582807624643416,0.5143652481887981,0.39290046031461606,2,0,26,8416
A243HY69GIAHFI,0.22735212543776448,0.12219292600699892,0.3616112994726484,0.18331940696174498,0.2545101655006148,7,0,205,8417
ALVJCD5NY28G4,0.22659580620758474,1.0255076536073868e-05,0.0,0.5,0.5063709187384956,2,13,235,8418
A3T24RSN7D0TQG,0.226374568109078,3.361347872351004e-05,0.028817758360745602,0.5,0.47664017790109814,2,0,276,8419
A3M5APXHTREGU4,0.22617932354091413,0.13331781622572217,0.0,0.5143652481887981,0.33324371614175147,2,1,356,8420
A3CRQJ402U1G0J,0.22532957392915495,0.0007108435576927059,0.11523221776689645,0.5143652481887981,0.37374086712945365,2,0,15,8421
A2RU2K55M9S25C,0.22520859952390285,0.13331781622572217,0.01704822658651109,0.5,0.32380479203823365,2,0,36,8422
A2U9UL88VXBMJ4,0.22501683624194946,0.13331781622572217,0.08498716972269485,0.5143652481887981,0.2436065972231979,2,0,25,8423
A1GE6AROZ4IEAJ,0.22495628931268488,0.13331781622572217,0.01937150526301018,0.26436524818879814,0.5089800739658242,2,14,110,8424
A2OMVGNP2F5O6T,0.22448762781832968,0.001256288904671246,0.2839076247838579,0.5,0.21253533980385533,2,0,22,8425
A14VXKTBKGZ9SD,0.22356751899503402,0.0010240883750187598,0.056560325514564865,0.5143652481887981,0.42498864586451024,2,0,75,8426
A2TXTCIOBK1NMQ,0.22311706973057205,0.13331781622572217,0.04376700564555731,0.5143652481887981,0.2772276952548259,2,0,35,8427
A1LWYVLGA3N2R4,0.22308308361187051,0.00024189654368372178,0.057257075700669326,0.5,0.4347849828943923,2,0,89,8428
A2JOPUWVV0XQJ3,0.22248505848771538,0.0007317726884799582,0.06986359903498432,0.5143652481887981,0.4077063091386628,2,1,175,8429
A3MI3QBXP5I7FA,0.22209634647536908,8.918878217102633e-05,0.07465407328288912,0.5143652481887981,0.40213208752894347,2,0,62,8430
AT2BYFEVLVITT,0.22197712694846256,0.1493146113379882,0.12378135197686138,0.4769563969302545,0.20338450466719943,5,0,118,8431
A29PQH8RIUG4KZ,0.22140685651761435,0.00015506580401093017,0.05383316230898662,0.3965478722831972,0.5143698869700999,4,11,640,8432
AMLMUYLI6FAQ0,0.22011720799161488,0.13331781622572217,0.28851803369563045,0.26436524818879814,0.22047722024892397,2,0,20,8433
A1LR13XK9SU73G,0.21981670854839513,0.010231344159499951,0.03433351161170485,0.5143652481887981,0.4211635110394373,2,0,121,8434
A3LAPQWMLWTYRK,0.2197572742169173,0.0004171404067114669,0.006055821082396934,0.5143652481887981,0.46098050874617996,2,12,585,8435
A3VYTHBU44KOWE,0.21966387714333452,9.760452256637634e-05,0.017846323484210308,0.5143652481887981,0.44919986111100957,2,2,73,8436
A2Y10VCBFO7YKD,0.21944606877504838,1.0471581248935492e-05,0.025989220134415236,0.5143652481887981,0.44029029051724106,2,16,102,8437
AJ86CFI74O5JI,0.21937898330579875,6.441823392167544e-05,0.18476819813755585,0.5143652481887981,0.28117823465389463,2,0,80,8438
AVJT1MBYL5QZJ,0.21886993277478828,0.004418927423039456,0.13647466231713923,0.5143652481887981,0.32221015732332803,2,0,34,8439
A3ILBM48JP35BG,0.21862964446606098,4.871515514012289e-05,0.0,0.5143652481887981,0.4629679211270372,2,0,282,8440
A1MJMYLRTZ76ZX,0.21857049727421862,0.0016836724882345177,0.3044456414644319,0.6363230695207762,0.058757485029940125,13,0,160,8441
A18HHON17J3LH0,0.2184855779648071,1.54466044373608e-05,0.05423184593572661,0.5143652481887981,0.40819973144713856,2,0,313,8442
A2AEZQ3DGBBLPR,0.21843047187574444,0.1501883292765909,0.09628017027666583,0.14654787228319724,0.47997742426784507,4,10,249,8443
A2VN72NFU33MO8,0.21841602359674422,0.0006579518876826657,0.22385951348588767,0.5143652481887981,0.23752284008483146,2,0,24,8444
A3O4F0C47C2FEY,0.21824373486660692,0.33333333333333326,0.17092542465229865,0.14712695036224036,0.18434795452433678,5,0,89,8445
A14VMJEA22VY1A,0.21817644246198276,0.13331781622572217,0.27081621069750084,0.26436524818879814,0.23041598112852513,2,9,62,8446
A1M24LVM6J1IYY,0.2177548237149235,0.0004889786098568782,0.03612141043416693,0.5143652481887981,0.42281891154266027,2,10,274,8447
AT4AV7XIQDKQP,0.21738844331322305,5.79599279767422e-05,0.10669202975013299,0.4769563969302545,0.3812270740449834,5,0,321,8448
A1RFYCSNNOJ0VW,0.21736522849403947,0.0003529554212306947,0.07404604768423527,0.5,0.39499131978644575,3,0,93,8449
ARXU3FESTWMJJ,0.21726639592238906,0.0001987737302478408,0.5452625931637741,0.05,0.28356446204948466,10,0,559,8450
A3NCIN6TNL0MGA,0.21615188579492142,0.0002235340605994002,0.16906515711771264,0.6169509223866431,0.20171340727993925,3,0,115,8451
A11CH52DG6EF6P,0.21600643226567648,4.793100294199607e-05,0.0,0.5,0.4639682118591755,2,14,115,8452
A1TND9THMFVTQG,0.21572238145038916,3.982469490347097e-05,0.0,0.5,0.46284173616767244,2,11,173,8453
A24SCH81NLQW9A,0.2154293091409594,0.006035214429969647,0.16041083770981646,0.5143652481887981,0.28257194298701904,2,7,177,8454
A3KO6JEVS1FJ8X,0.21526784854389647,8.081309643882379e-05,0.04152761919347385,0.5143652481887981,0.4079546007153469,2,10,50,8455
A2KAU5BF41AKHN,0.21507684560154086,0.13331781622572217,0.04920655957776625,0.5143652481887981,0.23962724480649214,2,0,25,8456
A3A55IAQ5UNIYW,0.21490890465810292,0.002641011715416246,0.05798322688329208,0.26436524818879814,0.5869909791395815,2,3,538,8457
A2WER6C7Y0T4D2,0.21452133552697406,0.0017760797495454952,0.052813614219690996,0.5143652481887981,0.39164823363771206,2,0,89,8458
A15BN1AMRT8FP1,0.2145089172174609,0.004418927423039456,0.028035774051708196,0.5,0.42469718191048805,2,3,83,8459
A3Q7LVUP45XLUZ,0.21393924541960946,0.0063238371097786095,0.0,0.26436524818879814,0.6366761785956649,2,6,407,8460
A2HT87FB90NI27,0.21367135425403544,0.0006386415330764848,0.02943250883832632,0.6169509223866431,0.3309258004288092,3,0,255,8461
A7Y6AVS576M03,0.21302856311655305,4.4511638292039565e-05,0.08321362479111091,0.7298886525356826,0.18493629168060483,5,2,129,8462
A3DM8NDY4EIUP1,0.21227000193208348,0.0016836724882345177,0.09664234702525606,0.5143652481887981,0.3389250551661579,2,7,88,8463
A2YG15FR3JP4JC,0.21209805103767385,0.00037456961966233435,0.20160563773068835,0.5143652481887981,0.23484488432537376,2,2,72,8464
A3L9NGPTBJBQEL,0.21188979600509716,0.0015009741624364779,0.2472123482799104,0.28361758905330975,0.3716515955029067,3,7,304,8465
A250AXLRBVYKB4,0.2117760526601304,0.001244077945140867,0.07117447255201997,0.5143652481887981,0.362944646003294,2,14,64,8466
A3OKH5G69MS8D9,0.21169324604797263,0.00036864607727060504,0.3172369594605822,0.26436524818879814,0.3176014508875451,2,7,148,8467
A2CKNYM4Y87MYC,0.21168900434235666,3.1837711779674704e-05,0.06279577239385203,0.5,0.38392203972143896,2,0,34,8468
ADNV4SOGOMZXP,0.21080105908629695,4.077667375741357e-05,0.0027326825052297766,0.5143652481887981,0.42893042328041064,2,0,60,8469
A2DVPGMT4IU827,0.21004952229937207,4.85071880426363e-05,0.056308910013970266,0.5143652481887981,0.37233877200682836,2,14,130,8470
A2NGUYX6A691YS,0.20944482762861574,1.8306314985651383e-05,0.01889030313161892,0.5143652481887981,0.40737484125382273,2,0,187,8471
A3HE9I4GQ4OXYE,0.20915954909839396,8.06852399356787e-05,0.08182632019062885,0.3965478722831972,0.4374767560884663,4,0,858,8472
A3T9GMK9ZYEAJ4,0.20913184309594346,0.00021570278816936735,0.17002701697042455,0.5,0.2662415120675461,2,2,161,8473
A1PSVZBM894R5H,0.2087903650310366,0.00018955605070476036,0.01874947786584951,0.5143652481887981,0.4046923164464127,2,0,64,8474
A2R9J5LULVKF6T,0.20817224652570043,0.0005139911016403007,0.048103919014624616,0.5143652481887981,0.37247607921517023,2,0,42,8475
A5A4374R8I7NB,0.20779501604039052,0.0016836724882345177,0.007647487169200648,0.5143652481887981,0.4100199714554415,2,17,59,8476
A22QIJY2CB21MV,0.2069712622599162,0.0002462681092298817,0.031789246537419304,0.28361758905330975,0.5689062095285218,3,4,667,8477
A3EQ61ES6HQ090,0.20681657947335458,0.005530124740303962,0.024143054048276442,0.5143652481887981,0.3849949156057386,2,0,336,8478
A2GOWDUXFP5P18,0.20606135937096848,0.00016738986133178012,0.0,0.5143652481887981,0.41255237109923726,2,23,52,8479
A3CFH7IL0GL187,0.20605266710440343,0.002538439655361061,0.1138695695349179,0.5,0.3072949712962625,2,11,106,8480
A1BEMKOWN1TJK4,0.20604740758025356,0.00021746603367438872,0.0907858295319944,0.26436524818879814,0.521650642997572,2,11,631,8481
A2O168CJIAEGL5,0.20593417938082637,0.13331781622572217,0.011056142145636248,0.5143652481887981,0.24120699735576406,2,10,113,8482
A213UFMBOI3IUF,0.2058851006648023,0.0009334451904687746,0.08107292974951222,0.5,0.3413473386811344,2,0,46,8483
A1QPUBF6U5EQM6,0.2058297128258026,0.00013212829387685863,0.04981047002805769,0.5143652481887981,0.361857628771462,2,7,47,8484
A1M4NJYP0WNL8Q,0.20572466892449776,0.000525145088162178,0.17140748236388112,0.5143652481887981,0.23936882067727688,2,0,42,8485
A280Z5W5NYT9B9,0.2056054230397148,0.00029544822162418,0.030306283490577807,0.5143652481887981,0.3802686722512939,2,1,279,8486
AWBUA3QUM6DRY,0.20461793153420496,0.010231344159499951,0.19978027493727485,0.5,0.20641383820814496,2,0,16,8487
A39DZU4YRGKWAG,0.20420699435711204,0.19998965526159254,0.15701236225037601,0.2931944211791752,0.1852724919208208,3,2,73,8488
A1KLBWKUQHSQVW,0.20420015988446766,0.0001560531308869438,0.026867903636655643,0.5,0.3897454721441507,2,0,41,8489
A2JLDER5UES1Q3,0.20416775255702474,1.563838488165206e-06,0.02941474276699906,0.5143652481887981,0.37576219230387553,2,0,96,8490
AV5UHOOAXF5FN,0.20410803250707668,0.0024434655256803336,0.058965973358879875,0.5143652481887981,0.3430417994875719,2,1,345,8491
A3S8HHQBEEGN7P,0.2038950325782642,0.0002572457507367194,0.15956149315701593,0.5143652481887981,0.24421774370411822,2,0,36,8492
A1MDAPKTOTWIKC,0.2036870361400842,0.011086111326626492,0.18585255917854596,0.26436524818879814,0.40410005323880066,2,0,55,8493
A288QFC30VQKN2,0.20350431625397292,0.13331781622572217,0.020925005502749887,0.26436524818879814,0.4216186814912367,2,2,217,8494
A1WM8DNWJ8SCEL,0.2033921442628349,0.013308505961155506,0.3090942154646028,0.26436524818879814,0.27701195588231164,2,31,17,8495
A3W2UTN0BC4ZKD,0.2031337055306424,0.003820590406050876,0.06197588466109996,0.2931944211791752,0.5114186920308683,3,1,224,8496
AJTYN2L8T5FER,0.2031139539347081,0.00041133054110189263,0.07824156186680764,0.6838346804932149,0.1866529128281305,4,0,41,8497
A2II4B6CJ4O47Q,0.20297590365116547,0.13331781622572217,0.06416166596995668,0.26436524818879814,0.3762683706128,2,0,64,8498
A2BLITJITO97N5,0.2027546611430967,0.00043778098455076624,0.33926902716594415,0.34138085108672106,0.19811959935560491,5,0,88,8499
A34PNHKNM05TXD,0.20257770273618142,0.0032264229849994983,0.19749408209086872,0.5,0.20894502127185755,2,0,14,8500
AA8ORMR10LFCQ,0.20248595329120112,5.644906637139463e-05,0.015012451266976711,0.5143652481887981,0.3833714244671435,2,0,90,8501
AIU8YRECU4HZ4,0.20179342054368754,0.00029700420258128775,0.0,0.5143652481887981,0.3953250785806141,2,0,43,8502
AQIYMF4X90D8E,0.20150455633564895,0.13331781622572217,0.0,0.5143652481887981,0.23454464732069072,2,7,67,8503
A1YCDZ4K4G0CN3,0.20121789128330517,0.00034660652848350035,0.04309706961145663,0.5143652481887981,0.34986636913654534,2,0,28,8504
A6FIAB28IS79,0.20104655170720875,0.0001471993844444302,0.1466851031724008,0.2606999286820131,0.4487645214494904,8,2,763,8505
A17QAS8K17V9EC,0.20061906906217444,0.0002325561347406187,0.030521617153318567,0.26436524818879814,0.560183393182652,2,0,250,8506
A30UV3IIH7IJF,0.1999415735554028,0.13331781622572217,0.04002700280765347,0.5,0.1997579119430911,2,1,21,8507
AWPODHOB4GFWL,0.19976762310258372,9.714892711034333e-05,0.019135638179358636,0.5143652481887981,0.3683260769674053,2,3,55,8508
A15VJ6S6HLGYBT,0.19951337232010563,0.13331781622572217,0.0,0.26436524818879814,0.42657991125851735,2,0,76,8509
A2EDFATBY4VNTS,0.19948194877199216,0.00013889558158242883,0.07671333027840185,0.45028425571997643,0.36082038553568674,3,0,201,8510
A2DYPUU188F6BV,0.19900003668711647,0.00010173975979170943,0.0329906011932056,0.26436524818879814,0.5513952592924717,2,4,732,8511
A3I2XB5G02ETXX,0.19860640997553347,0.13331781622572217,0.0825810391786196,0.26436524818879814,0.3403710227016091,2,11,217,8512
A1WV0XTJROAYGK,0.19811699515000394,0.004912792897379237,0.09705796401518302,0.5,0.28951466510797763,2,14,235,8513
A1NOWEOLKMRRXM,0.19811222183194643,0.0001821626127516976,0.20480299558423903,0.26436524818879814,0.37593509805720615,2,0,24,8514
A26FYKG5LAHRUH,0.19676673260148692,0.1641479710843142,0.13657312772577407,0.2931944211791752,0.21896070043565644,3,0,63,8515
A2J9NEE5C5D2AU,0.1967203005511416,0.0004495166854314873,0.12635208452997904,0.5143652481887981,0.24849749910103108,4,0,70,8516
AGS5OEWHBHLJI,0.19640591129322182,0.013308505961155506,0.032796224938089896,0.5143652481887981,0.3253650145303722,2,12,318,8517
A2G0O4Y8QE10AE,0.19629012067019783,1.4631223544668597e-05,0.07316886080925492,0.5,0.3119740644032828,2,0,51,8518
A11JCTWMX14IGZ,0.19570637007973257,0.00015959528620916518,0.027264356750125528,0.26436524818879814,0.5438774106743153,2,4,774,8519
A53GY0OZJZFZE,0.1945783644970231,0.013308505961155506,0.09097370730784922,0.5143652481887981,0.259877344975818,2,0,49,8520
AEZJTA4KDIWY8,0.19449728304251823,0.004912792897379237,0.016125796168090144,0.5143652481887981,0.3444757859740891,2,9,137,8521
A2SKR9O60ZE62D,0.19446548273282097,0.13331781622572217,0.04560444542770073,0.5143652481887981,0.16078390748167806,2,0,8,8522
AE0O1VWSOQTD1,0.19367741576053665,0.002752131447142697,0.0,0.26436524818879814,0.5599149067545369,2,0,250,8523
A1Q0SLK0BVABXZ,0.19337461443915405,0.0009767221996336171,0.0,0.5143652481887981,0.3608341925660173,2,10,331,8524
A2RB7KPCTJEP4Z,0.1931956193751879,0.0034831823137640825,0.05331984259889554,0.5,0.3152828161253391,2,0,60,8525
AC8C9PT59CDW1,0.1928329834201723,0.00023976301069804622,0.030648655936345897,0.5143652481887981,0.32890336358046707,2,2,139,8526
A2G2QNKDL1Y6AC,0.1923676167687744,0.12590584227735382,0.15904382360483416,0.4187825884354056,0.12431356198911422,8,0,160,8527
A9E7XZEMW0K9V,0.19213712797268118,2.319763818736966e-05,0.24335631670203053,0.45028425571997643,0.16493695344688808,3,0,55,8528
A2NICY8I08AZL2,0.19154954561277618,0.13331781622572217,0.024091796839311258,0.5143652481887981,0.17063280758988827,2,0,9,8529
A2RV56C21T320Y,0.19021655938767584,0.010231344159499951,0.033431469728328736,0.26436524818879814,0.5036649562799361,2,10,705,8530
AZSH7IFNZR62F,0.18952087954411154,0.022198084499271558,0.09360569783870154,0.5,0.23784011893861867,2,0,57,8531
AG3XKSY6YWH95,0.18951447262605955,0.0008234609442472957,0.11842806020811061,0.26436524818879814,0.4271494786119923,2,0,21,8532
A30CV4T4I9Y89P,0.18938889818519677,0.0022731670862528234,0.0,0.5143652481887981,0.3433355936862452,2,1,307,8533
A2L7URQ9FR0U92,0.18894670321341345,0.0005139911016403007,0.0,0.5,0.35517002353168536,2,10,407,8534
A10SRJNBFF2BGY,0.18881710870773688,0.0008400061934083192,0.1061639078073918,0.5143652481887981,0.23660432104042717,2,2,73,8535
A3EU21JSI4F2QH,0.1887634490274576,0.00196434230430592,0.0,0.5,0.35269658534466325,2,1,371,8536
A2AFT2VCH2S01B,0.18872061343354138,0.0009881585195459996,0.2989318655944439,0.3965478722831972,0.13752650008970865,4,0,43,8537
A35MUY1T5C335X,0.188698818445575,0.1500754449919314,0.10516174942161492,0.30883468049321494,0.22247524597579543,4,0,115,8538
AQ6XS10RR7CE0,0.18868834858039085,0.0005949187781515464,0.09328789636748203,0.5712102976547352,0.2037833572965113,5,0,124,8539
A2I2DE1DJUVQOO,0.18832212346244023,3.775632100039148e-05,0.015723795592304052,0.5143652481887981,0.3260271921212179,2,3,42,8540
A2V0I904FH7ABY,0.18771251611290388,0.003004676291975539,0.04746294789181553,0.5143652481887981,0.2882893064583908,2,0,46,8541
A1AOK8IY4F9OKZ,0.18760307944073662,0.00048308349013311344,0.0815986449646202,0.5,0.2682339726101665,2,0,17,8542
A3PGVJF37JSHFO,0.18758667603027004,2.2051800431930924e-05,0.045017394197468176,0.26436524818879814,0.4938106492120552,2,11,167,8543
ANTGMXTKB7SQS,0.18758554933834432,0.16955093261635243,0.15776335682142897,0.2931944211791752,0.15456218444898523,3,0,45,8544
A3OXHLG6DIBRW8,0.18719861674678648,0.000851399193927094,0.032948356413666925,0.6169509223866431,0.22126369363145204,3,0,141,8545
A24HNXH032I6ST,0.18701680819937544,0.022198084499271558,0.23359350774516732,0.2931944211791752,0.2532804867098683,3,0,38,8546
ASHQ1JCA241D6,0.18685635801919248,2.011873262685904e-05,0.00852291044296944,0.5143652481887981,0.3273861806036098,2,7,88,8547
A3BY5KCNQZXV5U,0.18670541915536393,1.6456046101945554e-05,0.0387613077422501,0.5143652481887981,0.2965484230728447,2,0,19,8548
A2NAD5DJUIU877,0.18670240287819195,0.0018790478407205845,0.021390142029476707,0.5143652481887981,0.3116724135233878,2,0,201,8549
AVPY9B8NYUMJG,0.18598922004815088,0.008308118033465229,0.16590578521517818,0.45028425571997643,0.20785394876128596,3,0,23,8550
A208OZ5XMMPKGS,0.18571509194036806,0.0016691849091306778,0.02930162229156918,0.6169509223866431,0.2179949856696317,3,0,55,8551
A1RVSPTDB45J2M,0.18559162527875483,0.0010408875785553572,0.04718346373509791,0.5,0.29393397228565493,2,0,50,8552
A1XLLEHKFY3TN2,0.18547823523051904,0.0008572088696883235,0.02273635613818916,0.5143652481887981,0.3066557355892225,2,2,56,8553
A2FD03H5CQG76E,0.18511806275448175,0.15007777556790522,0.2570632896646447,0.1537304963775963,0.18033123356971903,4,0,100,8554
A3KKOBGO2ZQY3P,0.18485369131206902,0.001627158956523672,0.04887428827573498,0.6169509223866431,0.1950271483153982,3,0,56,8555
A2XQD6IU77PC5F,0.18446879126484444,0.0009474496727532614,0.003941145053363073,0.5143652481887981,0.3213048818476723,2,0,88,8556
A1F9Z42CFF9IAY,0.1840212504870876,5.010302944957063e-05,0.05134063036425632,0.28361758905330975,0.4577901767061067,3,0,648,8557
AB2U893HHHG74,0.1839377422044082,0.0006567849700483632,0.07716951230998256,0.6169509223866431,0.1642325766342777,3,0,29,8558
A1D03FD9LVW44O,0.18380528559118614,0.0006375395374229275,0.03213903825685799,0.5143652481887981,0.2908248581119405,2,0,45,8559
A2T049UQONS0OY,0.1824532368574161,4.97298082171119e-05,0.06186417788124889,0.5143652481887981,0.25639689522751646,2,0,37,8560
A25C1PGDWZ5G3V,0.18210089142095384,0.011086111326626492,0.09022920300411467,0.26436524818879814,0.4133788305367104,2,0,42,8561
A36VJLLJTI7TIA,0.18200822460169336,0.00247433211782657,0.07631668550729585,0.6169509223866431,0.1551862764487713,3,0,57,8562
A33H0WC9MI8OVW,0.18185704280894027,0.005102741156740692,0.0,0.5,0.3213048818476723,2,0,88,8563
A75IYBN6J0SQ5,0.18174251662178167,2.8675445626314945e-05,0.044700732941392374,0.5143652481887981,0.27074272445994424,2,0,20,8564
A3SMN4GQEQBCJ5,0.18128766003320684,0.13331781622572217,0.025498820907742456,0.26436524818879814,0.3281782412031798,2,0,23,8565
A1SEHRRSCQTQ42,0.18128252476024842,0.00185221812682285,0.04457879368143573,0.5143652481887981,0.266836445056332,2,0,23,8566
A2E30AV53XVK1D,0.1802473328194925,0.00019900101750881861,0.026945416858088857,0.5,0.29380511319887065,2,5,240,8567
A928NXDJXHVS8,0.18021184029475407,0.0003125738851279813,0.0,0.26436524818879814,0.5089800739658242,2,14,110,8568
A192GMTQ2TVISY,0.1791512524977044,2.1040608456190517e-05,0.028761793547656015,0.5143652481887981,0.2763257691619756,2,5,185,8569
A3CSDS5RW4XUPG,0.17818000916357846,0.0002615167705153552,0.0,0.5143652481887981,0.3009140179786569,2,25,28,8570
A3FTRN2V98QBCP,0.17751859101653972,0.0003486990474413771,0.02410217109526957,0.5143652481887981,0.27406155556292117,2,0,47,8571
A2YC0ADOK1SNMK,0.17698564889266116,0.0002590605430236123,0.03778489077610331,0.5143652481887981,0.2583546335918745,2,0,49,8572
A3PUN31Y8OUO4U,0.17678648049542534,0.0010408875785553572,0.018265302869745315,0.5143652481887981,0.2761393554666511,2,17,75,8573
A1IU7S4HCK1XK0,0.17667992567656204,2.857447126324747e-06,0.06086226855369543,0.26436524818879814,0.43436180666496266,2,0,280,8574
A19VISO9EHD1OM,0.17645664392865504,0.00025967065520571546,0.0884743255084379,0.26436524818879814,0.4055484468688969,2,10,284,8575
A2EPAYUAQ8P78W,0.17640000927499366,0.004572196018524216,0.023625383879417976,0.5143652481887981,0.26499581944728917,2,0,73,8576
AN560AP1HH0U1,0.17626438691748703,0.00029700420258128775,0.014627969761360897,0.5143652481887981,0.27858097431445106,2,9,176,8577
A3F2M27L02YDLM,0.17622937141724024,0.00010057021283579979,0.020592562902285845,0.6169509223866431,0.19064350060195767,3,2,62,8578
A1OPERQ94O8SNS,0.17618926429657608,0.00012196928266407061,0.11078521418301364,0.5143652481887981,0.18233328131305523,2,0,13,8579
A29Y0RIJ23SDQW,0.17607149400614713,0.0003895390202485363,0.0,0.5143652481887981,0.29232633064925173,2,2,46,8580
AW2YZ8GHU8GIV,0.17575999721034846,0.00015680072668244592,0.0,0.5143652481887981,0.29135962941833643,2,14,161,8581
A1UP5CIELABXA7,0.17544386568815384,4.127998584031375e-05,0.0,0.5143652481887981,0.2902337282185684,2,0,162,8582
A2CC2CRU24E44X,0.17536245012989557,0.00035081521068126387,0.052013783630894775,0.5143652481887981,0.23752284008483146,2,0,24,8583
A3AAL5TGOW29X3,0.17447539011411914,0.0005161856258177757,0.0,0.5143652481887981,0.2857899391544567,2,0,17,8584
A1ER23A7CRR5S5,0.17432064921172885,5.569392038616559e-05,0.017042662345775728,0.5143652481887981,0.26868090324563776,2,11,46,8585
A2U4Z76U7DF68,0.1734550078356426,0.00013957696052205247,0.02764688615552599,0.28361758905330975,0.43911158159177016,3,7,276,8586
AVOFGZ70P39BH,0.17287338245070902,0.016642097912949023,0.011726388020268323,0.5143652481887981,0.2483044257359904,2,0,51,8587
A3823WQPK4LXLL,0.17263985134320053,0.0014079411440001488,0.0881107725234532,0.5143652481887981,0.1892669049255103,2,0,14,8588
A1P4XD7IORSEFN,0.1724513248485753,0.00014465436634938613,0.0,0.5,0.289631714154682,2,5,236,8589
A290P12SRG78VQ,0.1723647196320537,0.00022958581312269695,0.0,0.26436524818879814,0.47769117700142905,2,11,170,8590
A2VNAGUP6GD6ZW,0.17225748879864317,0.001506824108829026,0.0,0.5143652481887981,0.27572956771293927,2,9,185,8591
A31BD4RXCON7QO,0.17207292373874106,0.00022541392924224917,0.03182791653411897,0.6169509223866431,0.16263254379644004,3,0,86,8592
A2NEASNMHL1A4O,0.1720633990915218,0.0002590605430236123,0.040492495827271595,0.5143652481887981,0.23595802933614873,2,11,45,8593
A1CNN84Q3V84AC,0.17170909292073128,0.0001685166934446101,0.03329372995328486,0.5143652481887981,0.24184822314646817,2,0,24,8594
A1QS9CHFCEB3WJ,0.17169479582128241,0.0008023597569114978,0.03573427004455855,0.5143652481887981,0.23858988298123876,2,7,64,8595
A2E3CXT3CJDCUC,0.1716579776592069,0.00028666239946207353,0.01671197513509092,0.6169509223866431,0.17601520271306767,3,0,50,8596
A28OZBLQKKYGOR,0.1712765274341153,0.016642097912949023,0.025806790235092955,0.5,0.2393288020058295,2,7,28,8597
AY62TN9VGKI2Z,0.17116191239534279,0.0003882489554464645,0.03757803147096636,0.26436524818879814,0.43511152081283055,2,0,53,8598
A1HRYC60VTMYC0,0.1708427734768702,0.00014619451278367733,0.03169647423194176,0.5143652481887981,0.24000698770916012,2,2,58,8599
A1HSAYB9K98OGX,0.17028385806047713,5.1528564934269705e-05,0.0,0.5,0.28107359796398745,2,0,109,8600
ATELSGYOHCL3E,0.1702750030221878,0.00023731646596513006,0.038634591358446796,0.6169509223866431,0.1486199030618317,3,0,32,8601
A2YHXGPCTENZY3,0.16998319371925225,0.001164706708193402,0.012682633647857839,0.5143652481887981,0.2543602946282805,2,0,15,8602
A7JGEKN140F4S,0.16950726064739982,8.106973222661222e-05,0.0680228110058102,0.5143652481887981,0.19841674935407858,2,0,23,8603
A1AQ8LQW5QQSTD,0.16943260994104203,0.00045207248398767045,0.03853237802839382,0.5143652481887981,0.22716337620395063,2,0,36,8604
A1Y09QLADQYQJG,0.16915438829520396,0.0005830133963181469,0.015784970306126217,0.5143652481887981,0.24864076824806938,2,2,66,8605
A3DWCCNBLNKWAQ,0.16782674516992274,0.0014235259591090477,0.0,0.5,0.26959874952876,2,0,129,8606
A7RV1KU5O0II9,0.16753569068645302,0.0006183105118159276,0.181494679950924,0.5143652481887981,0.0764139116296705,4,0,32,8607
A2QAOP52OEB5EV,0.16721592561804222,2.33243133586871e-05,0.0,0.5143652481887981,0.25734351474509987,2,0,109,8608
A1VQHH85U7PX0,0.16717708825908026,0.0011041693240809289,0.013422772955140109,0.5143652481887981,0.2424683783412453,2,1,20,8609
AUCF61BNJ5ZX7,0.16696884252676353,0.00010284826795029292,0.030353269131104848,0.6838346804932149,0.09033093865983699,4,0,48,8610
A1PAGHECG401K1,0.1669585727427311,0.0013488152475045316,0.018822027200324443,0.5143652481887981,0.235901486922556,2,0,13,8611
A3U8J6HOIYKIFM,0.1669454632794114,8.452199344479274e-05,0.04155824365735081,0.5143652481887981,0.21462998451712248,2,2,53,8612
A28X0LT2100RL1,0.16679374157532922,0.0003895390202485363,0.01603055945743096,0.5143652481887981,0.23918476146854914,2,0,106,8613
A1QRUMZRWUEWEK,0.1664889807943196,8.61916649660873e-05,0.0,0.5143652481887981,0.2543602946282805,2,0,15,8614
AW05BRCRWPZWA,0.16626480097506163,0.0022731670862528234,0.03392354889671979,0.5143652481887981,0.21691565594898482,2,0,18,8615
A3D7BGK0P5QY0X,0.16625804750636916,0.002752131447142697,0.0199318081941368,0.5143652481887981,0.23030562554373007,2,2,82,8616
AAPFN1BADMWMC,0.16615666970352738,0.00022668299881427353,0.039636351469085354,0.5,0.22471830774644708,2,10,18,8617
A3ST3KY96FDE6I,0.1660567536633576,0.00021310531898455082,0.0,0.5143652481887981,0.2524790897196103,2,2,39,8618
A1ZDA6FK1313QJ,0.16600738557208733,0.0024900566081652187,0.0,0.5,0.261041474358551,2,8,140,8619
A1LAAZUR8YFRW8,0.1653216643373436,0.0002672011827105317,0.021224931257884543,0.5143652481887981,0.22824888612119873,2,2,13,8620
A3OHJS5Q9C4IYS,0.16447726020039255,0.00023007611573141345,0.03715572921376854,0.5,0.22047722024892397,2,0,20,8621
A2X61KKXXR6WNP,0.16403750470619197,7.702679446888547e-05,0.044510467999953424,0.5143652481887981,0.20005492012041323,2,10,26,8622
A3C1MJ6AYAJ1PP,0.16389360635860048,0.1663309858447337,0.08496038437252004,0.28361758905330975,0.1441227868055536,3,0,25,8623
A1KAERT0MPBZOO,0.1636873527542315,0.016642097912949023,0.0,0.5143652481887981,0.2232866949703486,2,1,70,8624
A21AOHWYUQ3QEY,0.16296144946272,0.00016655327385407294,0.02442964449666385,0.5,0.22721628942559136,2,0,59,8625
A3R9KRIO25CKZV,0.16291063562260388,0.00016054590524667921,0.05541197105019256,0.45028425571997643,0.23581051177794574,3,0,160,8626
A34VCCL1YO6D0I,0.1627166845290378,0.0011105899557292216,0.08999297301995622,0.45028425571997643,0.1993136525733388,3,0,39,8627
A1Y423LYVSNQCK,0.1625741166843267,0.016642097912949023,0.04142311826333559,0.5143652481887981,0.17741063242739383,2,0,11,8628
ADOR3TR7GDF68,0.1620526138857646,0.004572196018524216,0.043287324489140314,0.26436524818879814,0.38794429728065055,2,5,154,8629
A3D6ITN1HM1FQG,0.16150080538277323,0.00045379167222510294,0.02386435541500711,0.5143652481887981,0.21010211755837715,2,0,31,8630
A3C4JNSTXZEMTL,0.161393340787346,0.00010137448801935176,0.04685732123365969,0.5,0.19859439253010105,2,0,24,8631
A1X696GX2VPV5C,0.16097075738589078,0.00029544822162418,0.0,0.5143652481887981,0.2320362931265756,2,0,44,8632
A2BGZ52M908MJY,0.16063593863246522,0.13457477881900706,0.0737724056360751,0.406174042715453,0.08234238013861489,6,0,63,8633
A32PY9MW5928O5,0.1604421174973,2.9883838794031843e-05,0.0,0.5143652481887981,0.2302404108316086,2,5,52,8634
AIVLKALMERRFT,0.16000442358234487,0.00012955036618625724,0.0231583570861261,0.5143652481887981,0.20521167825279135,2,0,18,8635
AHT97H27XFI1I,0.15990884275945963,0.0003335550760076866,0.019832062199421848,0.5143652481887981,0.2079108441961689,2,0,20,8636
A2EVQ8S7FMLGL,0.15980462973095577,4.879866801935995e-05,0.15997044535110275,0.45028425571997643,0.11896211059511592,3,0,31,8637
A2Y739CRM15WDL,0.15877601819135853,0.0005096549333860125,0.05708185441797707,0.5,0.17741063242739383,2,0,11,8638
ADXAE3X1HES4M,0.1587376099413278,6.542449989144626e-06,0.0,0.5143652481887981,0.22345039027428565,2,0,69,8639
AEE2GJR0VF6R7,0.158460921326164,0.006992226473546734,0.0,0.5143652481887981,0.21396081498536137,2,0,12,8640
A5JLAU2ARJ0BO,0.15745608903474945,7.745195414032125e-05,0.09002162800511268,0.3276291254450524,0.2776064854328747,6,0,497,8641
A3LV8JJF1KK7O8,0.15727200845076936,9.182895545693054e-05,0.0,0.26436524818879814,0.41748564050549064,2,0,184,8642
A2Q89DEW2Y91A7,0.15702714873491613,0.0016203564017806995,0.02284334607327021,0.5143652481887981,0.19182862263321904,2,0,19,8643
ALHX1KDNFZX40,0.15688444228040044,0.13331781622572217,0.0,0.26436524818879814,0.2560641910996967,2,9,135,8644
A3M1BNMWE8A633,0.1567636447123177,4.047829232558082e-05,0.021945506843406216,0.2931944211791752,0.37050496111173375,3,2,283,8645
A2LO26RUD8RCXH,0.15619508953081174,5.170864733322918e-05,0.0,0.5,0.22471830774644708,2,0,18,8646
A15EJW1B60SVCA,0.15613780800118757,0.00023870894380631364,0.0,0.5143652481887981,0.2127725827211442,2,0,19,8647
A2CKQA93KUJUH2,0.1557854843094457,0.0004792278436471159,0.0,0.5143652481887981,0.21107466527436766,2,0,26,8648
AP6X4IJR5H92P,0.15571449921369424,0.001592386674269547,0.08598909768524873,0.5712102976547352,0.07798979703661658,5,0,45,8649
A38HCBJDXTSWKK,0.15475540915594055,0.0009920288262847956,0.020196178853571833,0.5143652481887981,0.18614282462761012,2,0,15,8650
AM583EZIQ9YO5,0.15446491330782386,8.20213886673056e-05,0.02186681043576324,0.26436524818879814,0.384402218578093,2,8,315,8651
A2ZM9BGE3K3SY2,0.15439464750565413,0.002025579355085135,0.012164429599977523,0.5143652481887981,0.19149126664549831,2,0,16,8652
A2YSY26ZVMNNV2,0.15437490184431774,1.190186909662257e-05,0.0,0.5143652481887981,0.20599312658331648,2,0,33,8653
A1EH2S92FHWZRP,0.14819807453010553,0.00018270490800396626,0.08725569919497103,0.2931944211791752,0.2707618160925062,3,0,111,8654
A38Q75AJQ69TDO,0.1464759478247957,0.0031489876318800208,0.0,0.5143652481887981,0.17063280758988827,2,0,9,8655
A2QGQ5KO0RRENL,0.14626761902106494,4.1334121564449114e-05,0.027453572799791142,0.4769563969302545,0.17600218479438764,5,0,167,8656
A39239F78V03U4,0.14535357518475733,0.0008180854835494106,0.18530037925214055,0.28361758905330975,0.16823814766398176,3,0,69,8657
A3H1NI0FSDFMWX,0.14492560430002888,0.00010590068172030545,0.1542212314947817,0.2931944211791752,0.19079856794392924,3,0,102,8658
A2L39O6FW4ES51,0.14482859306096446,0.02664287376832958,0.0223970298932821,0.26436524818879814,0.31345369527754174,2,5,21,8659
A3DCWVLM3XWU2Z,0.14446233144388007,0.02664287376832958,0.09705607933716248,0.26436524818879814,0.2373295993653238,2,0,10,8660
A13X3KB8XPS0ZX,0.1443167472436525,0.00011767279130300357,0.05779826885392332,0.26436524818879814,0.30783531422008453,2,7,95,8661
A26D3NDNGDLIC4,0.14428530606867954,0.04442203084456168,0.1919313350138237,0.26436524818879814,0.12041125369638195,4,0,41,8662
A1AC0ZLC6SVXSD,0.1412133423007816,0.028547783455068736,0.08729309952206861,0.2931944211791752,0.20874739259163516,3,0,54,8663
A1R8R7XKJJ3Q3T,0.14039305787143389,0.0010731245117155581,0.006983288779170833,0.45028425571997643,0.19307378871652486,3,0,55,8664
A2HI35H2BOCV9R,0.14005968919517328,0.0004099018078106494,0.0,0.26436524818879814,0.3482546760602818,2,15,353,8665
A2SKVCKORF8J9Y,0.13952252819635438,0.0010731245117155581,0.10661383866619563,0.2931944211791752,0.21563298776182305,3,0,126,8666
AEUV9916W7NQM,0.13900361970391223,0.0002429762146099408,0.017832851818525917,0.26436524818879814,0.3263978569885526,2,0,45,8667
A1KD8NJPZ01R37,0.13232783552562521,0.0017171927692983039,0.029035017677757027,0.3965478722831972,0.18097739527502812,4,0,133,8668
A3CCYAQRHUTPIQ,0.12898439100257242,0.0011974746500524472,0.08744232290189213,0.26436524818879814,0.21556607297729602,2,0,17,8669
AKKSHEGRQVQRK,0.12863902662087548,0.00033780273054072416,0.1149196415278963,0.2931944211791752,0.16467556473561654,3,5,39,8670
A1K3LZFVAZMPMN,0.12577553938511105,0.00018379802516341353,0.01602330234580613,0.26436524818879814,0.2753660990134034,2,9,200,8671
A3L8CZT6T4K4PC,0.12401769012811871,0.006641322057568469,0.03047759773878451,0.26436524818879814,0.24613137775356964,2,2,74,8672
A3CG6YLYZJXQG4,0.12386445100876181,4.7444189205037985e-05,0.022137391116854456,0.26436524818879814,0.26177128134010824,2,0,38,8673
ALMK0YBTI72RL,0.12316241405712053,0.00029778785803905435,0.05673502093815884,0.26436524818879814,0.2240650913096379,2,0,10,8674
A1SAQB40R8C44A,0.1230044772915283,0.004056087482708188,0.09097686229328221,0.2931944211791752,0.161618204950241,3,0,65,8675
A12RHMNTCAV5Z7,0.11967180247636028,0.0006277836347252584,0.05644667521356356,0.26436524818879814,0.20999499577916875,2,0,32,8676
A15225S9RRISLK,0.11955535149819653,0.0006988320565452394,0.23243067393039818,0.12652775451250856,0.14372992998452683,3,0,30,8677
A1NZLRAZJGD99W,0.11788076336618739,4.168814287289055e-05,0.010936631639740072,0.2931944211791752,0.2259808591102218,3,0,141,8678
AD4XKDR0MD7JO,0.11485790795583542,0.00014641680782088954,0.01390494644423419,0.26436524818879814,0.2338587866586839,2,7,92,8679
AHY2KG32696ES,0.11477006657608912,0.00019976197474579795,0.047455906545372926,0.2715478722831972,0.1941463475627308,4,0,103,8680
A2STLT852H9K75,0.11128571173584556,0.0004680036283212118,0.029294966309255262,0.26436524818879814,0.20379407772910305,2,0,9,8681
A3UWDEBSKQFM7V,0.11078549590912233,0.005379962940673624,0.05166383923219804,0.2931944211791752,0.15046665193214276,3,0,59,8682
A1M9126YPQPS3L,0.10109523672381526,0.0005488953870492792,0.005016631220267785,0.26436524818879814,0.18721344265949566,2,0,9,8683
AYRAJKPKSORP4,0.10085272981816967,0.0003562117301182241,0.0,0.26436524818879814,0.19149126664549831,2,0,16,8684
A1JETHCL85UIBW,0.09846156159137667,1.730541784408602e-05,0.0,0.26436524818879814,0.18233328131305523,2,0,13,8685
A1WVMDRJU19AFD,0.09660696047476525,0.000741583783171306,0.1721461474018226,0.17596521252980468,0.07261962393358908,8,0,114,8686
A301OOJQXCXXO5,0.0948048372169994,0.004822999174772004,0.15263135291664628,0.1537304963775963,0.09781599983954789,4,0,39,8687
